// Auto-generated from Patriots III - BALListics Busters by John Dondzila (2002).vec
#ifndef _GBCART_PATRIOTS_III___BALLISTICS_BUSTERS_BY_JOHN_DONDZILA_2002_H
#define _GBCART_PATRIOTS_III___BALLISTICS_BUSTERS_BY_JOHN_DONDZILA_2002_H

const unsigned char gb_cart_Patriots_III___BALListics_Busters_by_John_Dondzila_2002[] PROGMEM = {
    0x67, 0x20, 0x47, 0x43, 0x45, 0x20, 0x2D, 0x2D, 0x2D, 0x2D, 0x80, 0xFE, 0xE6, 0xF8, 0x41, 0x2C,
    0xB0, 0x20, 0x20, 0x80, 0x00, 0xBD, 0x21, 0xE8, 0xCE, 0x20, 0x17, 0xBD, 0xF2, 0x7D, 0x7E, 0x1B,
    0x42, 0xBD, 0x21, 0xE8, 0xF7, 0xC8, 0xBB, 0xBD, 0x0D, 0xAA, 0xCC, 0x00, 0x00, 0xFD, 0xCA, 0xF0,
    0x8E, 0xCA, 0xF0, 0xBD, 0xF8, 0x4F, 0x86, 0x14, 0xB7, 0xC8, 0x8C, 0xB7, 0xC8, 0x8D, 0x86, 0x3A,
    0xB7, 0xC8, 0x94, 0xB7, 0xC8, 0x95, 0xB7, 0xC8, 0x96, 0xB7, 0xC8, 0x97, 0xB7, 0xC8, 0x98, 0xB7,
    0xC8, 0x99, 0x86, 0x01, 0xB7, 0xC8, 0xB4, 0x86, 0x04, 0xB7, 0xC8, 0x9C, 0x86, 0x80, 0xB7, 0xC8,
    0xA0, 0xB7, 0xC8, 0xA1, 0xCC, 0x02, 0x00, 0xFD, 0xC8, 0xA5, 0xFD, 0xC8, 0xCD, 0x86, 0x00, 0xB7,
    0xC8, 0xA2, 0xB7, 0xC8, 0xA3, 0x86, 0xF0, 0xB7, 0xC8, 0xB1, 0xB7, 0xC8, 0xB2, 0xB6, 0xCA, 0xF1,
    0xB7, 0xC8, 0xD9, 0x7F, 0xC8, 0xDA, 0x7F, 0xC8, 0xDB, 0xB6, 0xC8, 0xB4, 0x81, 0x09, 0x2A, 0x0C,
    0x86, 0x7F, 0xB7, 0xC8, 0xDC, 0x86, 0x01, 0xB7, 0xC8, 0xDD, 0x20, 0x0C, 0x86, 0xFF, 0xB7, 0xC8,
    0xDC, 0x86, 0x02, 0xB7, 0xC8, 0xDD, 0x20, 0x00, 0x86, 0x01, 0xB7, 0xC8, 0x86, 0xB7, 0xC8, 0x87,
    0xB7, 0xC8, 0x88, 0xB7, 0xC8, 0x89, 0xB7, 0xC8, 0x8B, 0xB7, 0xC8, 0x9D, 0xB7, 0xC8, 0x9E, 0xB7,
    0xC8, 0x9F, 0x7F, 0xC8, 0xA4, 0x7F, 0xC8, 0xAD, 0xFC, 0xC8, 0xCD, 0xFD, 0xC8, 0xA5, 0xB6, 0xC8,
    0xB2, 0xB7, 0xC8, 0xB1, 0xB6, 0xC8, 0xA3, 0xB7, 0xC8, 0xA2, 0xBD, 0x10, 0xB7, 0x86, 0x10, 0xB7,
    0xC8, 0xAA, 0xB7, 0xC8, 0xAB, 0xB7, 0xC8, 0xAC, 0x7F, 0xC8, 0xAE, 0x7F, 0xC8, 0xAF, 0x7F, 0xC8,
    0xB0, 0x7F, 0xC8, 0xB3, 0xBD, 0x14, 0x14, 0x7F, 0xC8, 0xD1, 0xCC, 0x00, 0x00, 0xBD, 0xF2, 0x56,
    0xCC, 0x01, 0x00, 0xBD, 0xF2, 0x56, 0xCC, 0x02, 0x00, 0xBD, 0xF2, 0x56, 0xCC, 0x03, 0x00, 0xBD,
    0xF2, 0x56, 0x86, 0x10, 0xB7, 0xC8, 0xD2, 0x86, 0x04, 0xB7, 0xC8, 0xD3, 0x86, 0x00, 0xB7, 0xC8,
    0xD4, 0x86, 0x08, 0xB7, 0xC8, 0xD5, 0x7F, 0xC8, 0xD6, 0x7F, 0xC8, 0xD7, 0xB6, 0xC8, 0xB4, 0x81,
    0x01, 0x27, 0x1C, 0x81, 0x02, 0x27, 0x39, 0x81, 0x03, 0x26, 0x03, 0x20, 0x54, 0x12, 0x81, 0x04,
    0x26, 0x03, 0x20, 0x6D, 0x12, 0x81, 0x05, 0x26, 0x03, 0x7E, 0x01, 0xD1, 0x7E, 0x01, 0xF1, 0xCC,
    0x00, 0x10, 0xFD, 0xC8, 0xBD, 0xCC, 0x00, 0x50, 0xFD, 0xC8, 0xBF, 0xCC, 0x00, 0x80, 0xFD, 0xC8,
    0xC1, 0xCC, 0x01, 0x00, 0xFD, 0xC8, 0xC3, 0xCC, 0x02, 0x00, 0xFD, 0xC8, 0xC5, 0x7E, 0x02, 0x11,
    0xCC, 0x00, 0x20, 0xFD, 0xC8, 0xBD, 0xCC, 0x01, 0x00, 0xFD, 0xC8, 0xBF, 0xCC, 0x01, 0x60, 0xFD,
    0xC8, 0xC1, 0xCC, 0x02, 0x00, 0xFD, 0xC8, 0xC3, 0xCC, 0x04, 0x00, 0xFD, 0xC8, 0xC5, 0x7E, 0x02,
    0x11, 0xCC, 0x00, 0x30, 0xFD, 0xC8, 0xBD, 0xCC, 0x01, 0x50, 0xFD, 0xC8, 0xBF, 0xCC, 0x02, 0x40,
    0xFD, 0xC8, 0xC1, 0xCC, 0x03, 0x00, 0xFD, 0xC8, 0xC3, 0xCC, 0x06, 0x00, 0xFD, 0xC8, 0xC5, 0x20,
    0x60, 0xCC, 0x00, 0x40, 0xFD, 0xC8, 0xBD, 0xCC, 0x02, 0x00, 0xFD, 0xC8, 0xBF, 0xCC, 0x03, 0x20,
    0xFD, 0xC8, 0xC1, 0xCC, 0x04, 0x00, 0xFD, 0xC8, 0xC3, 0xCC, 0x08, 0x00, 0xFD, 0xC8, 0xC5, 0x20,
    0x40, 0xCC, 0x00, 0x50, 0xFD, 0xC8, 0xBD, 0xCC, 0x02, 0x50, 0xFD, 0xC8, 0xBF, 0xCC, 0x04, 0x00,
    0xFD, 0xC8, 0xC1, 0xCC, 0x05, 0x00, 0xFD, 0xC8, 0xC3, 0xCC, 0x10, 0x00, 0xFD, 0xC8, 0xC5, 0x20,
    0x20, 0xCC, 0x00, 0x60, 0xFD, 0xC8, 0xBD, 0xCC, 0x03, 0x00, 0xFD, 0xC8, 0xBF, 0xCC, 0x04, 0x80,
    0xFD, 0xC8, 0xC1, 0xCC, 0x06, 0x00, 0xFD, 0xC8, 0xC3, 0xCC, 0x12, 0x00, 0xFD, 0xC8, 0xC5, 0x20,
    0x00, 0x8E, 0xC9, 0x00, 0x8E, 0xC9, 0xA0, 0x6F, 0x84, 0x30, 0x01, 0x8C, 0xCA, 0x90, 0x26, 0xF7,
    0xBD, 0xF1, 0x92, 0xBD, 0x20, 0x56, 0xBD, 0x15, 0x0A, 0xBD, 0x03, 0xE9, 0xBD, 0x11, 0x1B, 0xBD,
    0x11, 0xF5, 0xBD, 0x06, 0x1D, 0xBD, 0x05, 0x8C, 0xBD, 0x0D, 0xF2, 0xBD, 0x0E, 0x75, 0xBD, 0x04,
    0x40, 0xBD, 0x03, 0xA3, 0xBD, 0x02, 0x72, 0xB6, 0xC8, 0xA4, 0x27, 0xD4, 0xB6, 0xC8, 0xB3, 0x26,
    0xCF, 0xB6, 0xC8, 0xA9, 0x26, 0xCA, 0x7A, 0xC8, 0xA4, 0xB6, 0xC8, 0xA4, 0x26, 0xC2, 0xBD, 0x16,
    0xF4, 0xBD, 0x03, 0xE9, 0xB6, 0xC8, 0xCF, 0x27, 0x06, 0xBD, 0x03, 0x51, 0x7E, 0x00, 0x89, 0x7E,
    0x19, 0x4E, 0xB6, 0xC8, 0xA9, 0x26, 0x01, 0x39, 0x86, 0x48, 0xBD, 0xF2, 0xAB, 0x8E, 0xC8, 0xA7,
    0xBD, 0xF3, 0x0C, 0xC6, 0x20, 0x8E, 0x0A, 0x44, 0xB6, 0xC8, 0xA9, 0x81, 0x01, 0x27, 0x0E, 0x81,
    0x03, 0x27, 0x0A, 0x8E, 0x0A, 0x60, 0x81, 0x02, 0x27, 0x03, 0x8E, 0x0A, 0x7F, 0xBD, 0xF4, 0x0E,
    0xBD, 0xF3, 0x54, 0xC6, 0xFF, 0xB6, 0xC8, 0xA9, 0x81, 0x03, 0x2B, 0x02, 0xC6, 0x01, 0xF7, 0xC8,
    0x82, 0xB6, 0xC8, 0xA8, 0xBB, 0xC8, 0x82, 0x29, 0x05, 0xB7, 0xC8, 0xA8, 0x20, 0x1E, 0x7F, 0xC8,
    0xA9, 0xFC, 0xC8, 0xCD, 0xFD, 0xC8, 0xA5, 0xCC, 0x02, 0x00, 0xBD, 0xF2, 0x56, 0xCC, 0x03, 0x00,
    0xBD, 0xF2, 0x56, 0x7F, 0xC8, 0xD4, 0x86, 0x08, 0xB7, 0xC8, 0xD5, 0x39, 0xB6, 0xC8, 0xA8, 0xBD,
    0xF5, 0x84, 0x81, 0x40, 0x2B, 0x04, 0xBD, 0xF5, 0x11, 0x39, 0xB6, 0xC8, 0xD0, 0x26, 0x05, 0xB6,
    0xC8, 0xA2, 0x26, 0x01, 0x39, 0xBD, 0xF5, 0x11, 0xBD, 0xF5, 0x84, 0x81, 0x10, 0x2B, 0x01, 0x39,
    0x8E, 0xC9, 0x00, 0xA6, 0x07, 0x27, 0x09, 0x30, 0x08, 0x8C, 0xC9, 0x78, 0x26, 0xF5, 0x4F, 0x39,
    0xB6, 0xC8, 0xA7, 0xF6, 0xC8, 0xA8, 0xA7, 0x84, 0xE7, 0x01, 0xCC, 0x00, 0x00, 0xED, 0x02, 0x86,
    0xFE, 0xA7, 0x04, 0xB6, 0xC8, 0xA8, 0x2C, 0x0D, 0xC6, 0x00, 0xBD, 0xF5, 0x11, 0x2A, 0x02, 0xC6,
    0x01, 0xE7, 0x05, 0x20, 0x0B, 0xC6, 0x00, 0xBD, 0xF5, 0x11, 0x2A, 0x02, 0xC6, 0xFF, 0xE7, 0x05,
    0x86, 0x30, 0xA7, 0x07, 0x86, 0x01, 0xA7, 0x06, 0x7A, 0xC8, 0xA2, 0x39, 0x54, 0x45, 0x53, 0x54,
    0x80, 0xB6, 0xC8, 0xA3, 0x81, 0x40, 0x27, 0x02, 0x8B, 0x08, 0xB7, 0xC8, 0xA3, 0xB6, 0xC8, 0x8D,
    0x81, 0x06, 0x27, 0x02, 0x4A, 0x4A, 0xB7, 0xC8, 0x8D, 0xB6, 0xC8, 0xB4, 0x81, 0xFF, 0x27, 0x03,
    0x7C, 0xC8, 0xB4, 0xFC, 0xC8, 0xCD, 0x83, 0x00, 0x40, 0x10, 0x83, 0x00, 0x40, 0x2C, 0x03, 0xCC,
    0x00, 0x40, 0xFD, 0xC8, 0xCD, 0xB6, 0xC8, 0xB2, 0x81, 0x30, 0x27, 0x05, 0x80, 0x20, 0xB7, 0xC8,
    0xB2, 0xB6, 0xC8, 0xB4, 0x81, 0x03, 0x2B, 0x0A, 0xB6, 0xC8, 0xDB, 0x81, 0x05, 0x27, 0x03, 0x7C,
    0xC8, 0xDB, 0x39, 0x86, 0x2A, 0xBD, 0xF2, 0xAB, 0xB6, 0xC8, 0x8B, 0x2B, 0x1E, 0x8E, 0xCA, 0x00,
    0xA6, 0x09, 0x27, 0x0F, 0x34, 0x10, 0xEC, 0x0A, 0xBD, 0xF2, 0xFC, 0xBD, 0xF2, 0xC5, 0xBD, 0xF3,
    0x54, 0x35, 0x10, 0x30, 0x0C, 0x8C, 0xCA, 0x48, 0x26, 0xE6, 0x39, 0x8E, 0xCA, 0x48, 0xA6, 0x09,
    0x27, 0x0F, 0x34, 0x10, 0xEC, 0x0A, 0xBD, 0xF2, 0xFC, 0xBD, 0xF2, 0xC5, 0xBD, 0xF3, 0x54, 0x35,
    0x10, 0x30, 0x0C, 0x8C, 0xCA, 0x90, 0x26, 0xE6, 0x39, 0x7F, 0xC8, 0xCF, 0x8E, 0x04, 0x34, 0x10,
    0x8E, 0xC8, 0x94, 0xBF, 0xC8, 0x84, 0x10, 0xBF, 0xC8, 0x90, 0xA6, 0xA4, 0x27, 0x2B, 0x81, 0x3A,
    0x2B, 0x03, 0x7C, 0xC8, 0xCF, 0xBD, 0xF2, 0xAB, 0xEC, 0x84, 0xBD, 0xF2, 0xFC, 0x8E, 0x0A, 0xB7,
    0xC6, 0x70, 0x86, 0x05, 0xBD, 0xF3, 0xD8, 0xBD, 0xF3, 0x54, 0xBE, 0xC8, 0x84, 0x10, 0xBE, 0xC8,
    0x90, 0xA6, 0xA4, 0x81, 0x3A, 0x27, 0x02, 0x6A, 0xA4, 0x30, 0x02, 0x31, 0x21, 0x10, 0x8C, 0xC8,
    0x9A, 0x26, 0xC0, 0x39, 0x80, 0x98, 0x80, 0xB8, 0x80, 0xD8, 0x80, 0x18, 0x80, 0x38, 0x80, 0x58,
    0x7C, 0xC8, 0x8A, 0x7C, 0xC8, 0x8A, 0xB6, 0xC8, 0x8B, 0x40, 0xB7, 0xC8, 0x8B, 0x7F, 0xC8, 0xD0,
    0xB6, 0xC8, 0x9D, 0x26, 0x14, 0xB6, 0xC8, 0x9E, 0x26, 0x0F, 0xB6, 0xC8, 0x9F, 0x26, 0x0A, 0x86,
    0x01, 0xB7, 0xC8, 0xD0, 0x86, 0x02, 0xB7, 0xC8, 0x8C, 0x7A, 0xC8, 0x8C, 0xB6, 0xC8, 0x8C, 0x26,
    0x06, 0xB6, 0xC8, 0x8D, 0xB7, 0xC8, 0x8C, 0xB6, 0xC8, 0xA2, 0x27, 0x1D, 0x7A, 0xC8, 0xA0, 0xB6,
    0xC8, 0xA0, 0x26, 0x15, 0xB6, 0xC8, 0xA1, 0xB7, 0xC8, 0xA0, 0xB6, 0xC8, 0xD0, 0x26, 0x28, 0xBD,
    0x10, 0xC9, 0x81, 0x01, 0x26, 0x03, 0x7A, 0xC8, 0xA2, 0xB6, 0xC8, 0xA4, 0x26, 0x2D, 0x5F, 0x8E,
    0xC9, 0x00, 0xA6, 0x07, 0x27, 0x01, 0x5C, 0x30, 0x08, 0x8C, 0xC9, 0x78, 0x26, 0xF4, 0xC1, 0x00,
    0x26, 0x05, 0x86, 0xFF, 0xB7, 0xC8, 0xA4, 0xFC, 0xC8, 0xA5, 0x27, 0x0F, 0x83, 0x00, 0x01, 0xFD,
    0xC8, 0xA5, 0x10, 0x83, 0x00, 0x00, 0x26, 0x03, 0xBD, 0x11, 0xBB, 0xB6, 0xC8, 0xAD, 0x8B, 0x18,
    0xB7, 0xC8, 0xAD, 0x81, 0x00, 0x2A, 0x03, 0x7E, 0x05, 0x5D, 0xCC, 0xFD, 0x20, 0xFD, 0xC8, 0x2A,
    0x86, 0x40, 0xBD, 0xF2, 0xAB, 0xB6, 0xC8, 0xAE, 0x27, 0x23, 0xB6, 0xC8, 0x9D, 0x27, 0x1E, 0xCC,
    0x94, 0x84, 0xBD, 0xF2, 0xFC, 0xC6, 0x10, 0x8E, 0x0A, 0x25, 0xBD, 0xF4, 0x0E, 0xBD, 0xF3, 0x54,
    0x7A, 0xC8, 0xAE, 0xB6, 0xC8, 0xAE, 0x26, 0x05, 0x86, 0x10, 0xB7, 0xC8, 0xAA, 0xB6, 0xC8, 0xAF,
    0x27, 0x23, 0xB6, 0xC8, 0x9F, 0x27, 0x1E, 0xCC, 0x94, 0x00, 0xBD, 0xF2, 0xFC, 0xC6, 0x10, 0x8E,
    0x0A, 0x25, 0xBD, 0xF4, 0x0E, 0xBD, 0xF3, 0x54, 0x7A, 0xC8, 0xAF, 0xB6, 0xC8, 0xAF, 0x26, 0x05,
    0x86, 0x10, 0xB7, 0xC8, 0xAB, 0xB6, 0xC8, 0xB0, 0x27, 0x23, 0xB6, 0xC8, 0x9E, 0x27, 0x1E, 0xCC,
    0x94, 0x7B, 0xBD, 0xF2, 0xFC, 0xC6, 0x10, 0x8E, 0x0A, 0x25, 0xBD, 0xF4, 0x0E, 0xBD, 0xF3, 0x54,
    0x7A, 0xC8, 0xB0, 0xB6, 0xC8, 0xB0, 0x26, 0x05, 0x86, 0x10, 0xB7, 0xC8, 0xAC, 0xB6, 0xC8, 0x8B,
    0x2A, 0x21, 0x7A, 0xC8, 0xB1, 0xB6, 0xC8, 0xB1, 0x26, 0x19, 0xB6, 0xC8, 0xB2, 0xB7, 0xC8, 0xB1,
    0xBD, 0xF5, 0x11, 0x84, 0x03, 0x26, 0x02, 0x86, 0x01, 0x34, 0x02, 0xBD, 0x12, 0x9D, 0x35, 0x02,
    0x4A, 0x26, 0xF6, 0x39, 0x52, 0x45, 0x4C, 0x4F, 0x41, 0x44, 0x80, 0x39, 0x86, 0x50, 0xBD, 0xF2,
    0xAB, 0x8E, 0xC8, 0x80, 0xBD, 0xF3, 0x0C, 0xC6, 0x18, 0x8E, 0x0A, 0x9E, 0xBD, 0xF4, 0x0E, 0xBD,
    0xF3, 0x54, 0x86, 0x30, 0xBD, 0xF2, 0xAB, 0xCC, 0x80, 0x80, 0xBD, 0xF2, 0xFC, 0x86, 0xFF, 0xB7,
    0xD0, 0x04, 0xCC, 0x00, 0x7F, 0xBD, 0xF3, 0xDF, 0xBD, 0xF3, 0x54, 0xCC, 0x70, 0x80, 0xBD, 0xF2,
    0xFC, 0x86, 0xFF, 0xB7, 0xD0, 0x04, 0xCC, 0x00, 0x7F, 0xBD, 0xF3, 0xDF, 0xBD, 0xF3, 0x54, 0x86,
    0x40, 0xBD, 0xF2, 0xAB, 0xB6, 0xC8, 0x9D, 0x27, 0x13, 0xCC, 0x88, 0x80, 0xBD, 0xF2, 0xFC, 0x8E,
    0x0A, 0xC3, 0x86, 0x03, 0xC6, 0x12, 0xBD, 0xF3, 0xD8, 0xBD, 0xF3, 0x54, 0xB6, 0xC8, 0x9E, 0x27,
    0x13, 0xCC, 0x88, 0x7F, 0xBD, 0xF2, 0xFC, 0x8E, 0x0A, 0xCB, 0x86, 0x03, 0xC6, 0x12, 0xBD, 0xF3,
    0xD8, 0xBD, 0xF3, 0x54, 0xB6, 0xC8, 0x9F, 0x27, 0x13, 0xCC, 0x80, 0xFA, 0xBD, 0xF2, 0xFC, 0x8E,
    0x0A, 0xD3, 0x86, 0x06, 0xC6, 0x12, 0xBD, 0xF3, 0xD8, 0xBD, 0xF3, 0x54, 0x39, 0xBD, 0x0D, 0xA1,
    0xB6, 0xC8, 0xD1, 0x26, 0x7B, 0x7D, 0xC8, 0x12, 0x27, 0x21, 0xB6, 0xC8, 0x86, 0x26, 0x1F, 0x86,
    0x01, 0xB7, 0xC8, 0x86, 0xB6, 0xC8, 0xAA, 0x27, 0x15, 0xBD, 0x07, 0x6D, 0x7A, 0xC8, 0xAA, 0xB6,
    0xC8, 0xAA, 0x26, 0x0A, 0x86, 0x30, 0xB7, 0xC8, 0xAE, 0x20, 0x03, 0x7F, 0xC8, 0x86, 0x7D, 0xC8,
    0x14, 0x27, 0x21, 0xB6, 0xC8, 0x88, 0x26, 0x1F, 0x86, 0x01, 0xB7, 0xC8, 0x88, 0xB6, 0xC8, 0xAC,
    0x27, 0x15, 0xBD, 0x07, 0xEE, 0x7A, 0xC8, 0xAC, 0xB6, 0xC8, 0xAC, 0x26, 0x0A, 0x86, 0x30, 0xB7,
    0xC8, 0xB0, 0x20, 0x03, 0x7F, 0xC8, 0x88, 0x7D, 0xC8, 0x13, 0x27, 0x21, 0xB6, 0xC8, 0x87, 0x26,
    0x1F, 0x86, 0x01, 0xB7, 0xC8, 0x87, 0xB6, 0xC8, 0xAB, 0x27, 0x15, 0xBD, 0x08, 0x71, 0x7A, 0xC8,
    0xAB, 0xB6, 0xC8, 0xAB, 0x26, 0x0A, 0x86, 0x30, 0xB7, 0xC8, 0xAF, 0x20, 0x03, 0x7F, 0xC8, 0x87,
    0x7D, 0xC8, 0x15, 0x27, 0x0F, 0xB6, 0xC8, 0x89, 0x26, 0x0D, 0x86, 0x01, 0xB7, 0xC8, 0x89, 0xBD,
    0x15, 0x22, 0x20, 0x03, 0x7F, 0xC8, 0x89, 0xB6, 0xC8, 0xBB, 0x27, 0x4F, 0xBD, 0x0D, 0xC5, 0xB6,
    0xC8, 0x1C, 0xF6, 0xC8, 0x1B, 0xC1, 0x70, 0x2C, 0x02, 0x20, 0x0A, 0xC1, 0x7F, 0x2F, 0x02, 0x20,
    0x04, 0xC6, 0x70, 0x20, 0x0E, 0xC1, 0x80, 0x2C, 0x02, 0x20, 0x08, 0xC1, 0x90, 0x2F, 0x02, 0x20,
    0x02, 0xC6, 0x90, 0x81, 0x5F, 0x2C, 0x02, 0x20, 0x0A, 0x81, 0x7F, 0x2F, 0x02, 0x20, 0x04, 0x86,
    0x5F, 0x20, 0x0E, 0x81, 0x80, 0x2C, 0x02, 0x20, 0x08, 0x81, 0xA0, 0x2F, 0x02, 0x20, 0x02, 0x86,
    0xA0, 0xB7, 0xC8, 0x80, 0xF7, 0xC8, 0x81, 0xBD, 0xF3, 0x54, 0x39, 0xBD, 0x0D, 0xD1, 0xB6, 0xC8,
    0x1B, 0x81, 0x00, 0x27, 0x2E, 0x81, 0x00, 0x2A, 0x11, 0xB6, 0xC8, 0x81, 0x80, 0x08, 0x29, 0x23,
    0x8B, 0x08, 0xB0, 0xC8, 0x9C, 0xB7, 0xC8, 0x81, 0x20, 0x19, 0xB6, 0xC8, 0x81, 0x8B, 0x0C, 0x29,
    0x12, 0x80, 0x0C, 0xBB, 0xC8, 0x9C, 0xB7, 0xC8, 0x81, 0x20, 0x08, 0xB0, 0xC8, 0x9C, 0xB7, 0xC8,
    0x81, 0x20, 0x00, 0xB6, 0xC8, 0x1C, 0x27, 0x24, 0x81, 0x00, 0x2A, 0x11, 0xB6, 0xC8, 0x80, 0x80,
    0x20, 0x29, 0x19, 0x8B, 0x20, 0xB0, 0xC8, 0x9C, 0xB7, 0xC8, 0x80, 0x20, 0x0F, 0xB6, 0xC8, 0x80,
    0x8B, 0x28, 0x29, 0x08, 0x80, 0x28, 0xBB, 0xC8, 0x9C, 0xB7, 0xC8, 0x80, 0x39, 0xB6, 0xC8, 0x9D,
    0x26, 0x01, 0x39, 0xBD, 0x0D, 0xDD, 0x81, 0x01, 0x27, 0x01, 0x39, 0xF6, 0xC8, 0x80, 0x50, 0xF7,
    0xC8, 0x82, 0xC6, 0x88, 0xF2, 0xC8, 0x82, 0x86, 0x00, 0xED, 0x24, 0xB6, 0xC8, 0x81, 0x40, 0xB7,
    0xC8, 0x82, 0xC6, 0x80, 0xF2, 0xC8, 0x82, 0x86, 0x00, 0xED, 0x26, 0xB6, 0xC8, 0x81, 0x2F, 0x06,
    0xA6, 0x25, 0x80, 0x10, 0xA7, 0x25, 0xCC, 0x88, 0x00, 0xED, 0xA4, 0xCC, 0x80, 0x00, 0xED, 0x22,
    0xB6, 0xC8, 0x80, 0xA7, 0x28, 0x86, 0x01, 0xA7, 0x29, 0xFC, 0xC8, 0x80, 0xED, 0x2A, 0xB6, 0xC8,
    0x80, 0x2A, 0x25, 0x81, 0xD0, 0x2A, 0x15, 0xB6, 0xC8, 0x81, 0x2A, 0x10, 0xEC, 0x24, 0xE3, 0x24,
    0xED, 0x24, 0xEC, 0x26, 0xE3, 0x26, 0xE3, 0x26, 0xED, 0x26, 0x20, 0x0C, 0xEC, 0x24, 0xE3, 0x24,
    0xED, 0x24, 0xEC, 0x26, 0xE3, 0x26, 0xED, 0x26, 0x86, 0xC0, 0xB7, 0xC8, 0xD6, 0x39, 0xB6, 0xC8,
    0x9E, 0x26, 0x01, 0x39, 0xBD, 0x0D, 0xDD, 0x81, 0x01, 0x27, 0x01, 0x39, 0xF6, 0xC8, 0x80, 0x50,
    0xF7, 0xC8, 0x82, 0xC6, 0x88, 0xF2, 0xC8, 0x82, 0x86, 0x00, 0xED, 0x24, 0x86, 0x78, 0xB7, 0xC8,
    0x82, 0xF6, 0xC8, 0x81, 0xF2, 0xC8, 0x82, 0x86, 0xFF, 0xED, 0x26, 0xB6, 0xC8, 0x81, 0x2C, 0x06,
    0xA6, 0x25, 0x80, 0x10, 0xA7, 0x25, 0xCC, 0x88, 0x00, 0xED, 0xA4, 0xCC, 0x7F, 0x00, 0xED, 0x22,
    0xB6, 0xC8, 0x80, 0xA7, 0x28, 0x86, 0x01, 0xA7, 0x29, 0xFC, 0xC8, 0x80, 0xED, 0x2A, 0xB6, 0xC8,
    0x80, 0x2A, 0x28, 0x81, 0xD0, 0x2A, 0x18, 0xB6, 0xC8, 0x81, 0x2B, 0x13, 0xEC, 0x24, 0xE3, 0x24,
    0xED, 0x24, 0xEC, 0x26, 0xE3, 0x26, 0xE3, 0x26, 0x83, 0x00, 0x08, 0xED, 0x26, 0x20, 0x0C, 0xEC,
    0x24, 0xE3, 0x24, 0xED, 0x24, 0xEC, 0x26, 0xE3, 0x26, 0xED, 0x26, 0x86, 0xC0, 0xB7, 0xC8, 0xD6,
    0x39, 0xB6, 0xC8, 0x9F, 0x26, 0x01, 0x39, 0xBD, 0x0D, 0xDD, 0x81, 0x01, 0x27, 0x01, 0x39, 0xF6,
    0xC8, 0x80, 0x50, 0xF7, 0xC8, 0x82, 0xC6, 0x88, 0xF2, 0xC8, 0x82, 0x86, 0x00, 0xED, 0x24, 0xB6,
    0xC8, 0x81, 0x26, 0x06, 0x6F, 0x26, 0x6F, 0x27, 0x20, 0x1E, 0x81, 0x00, 0x2A, 0x61, 0x86, 0x00,
    0xB7, 0xC8, 0x82, 0xF6, 0xC8, 0x81, 0xF2, 0xC8, 0x82, 0x86, 0xFF, 0xED, 0x26, 0xB6, 0xC8, 0x81,
    0x2C, 0x06, 0xA6, 0x25, 0x80, 0x10, 0xA7, 0x25, 0xCC, 0x88, 0x00, 0xED, 0xA4, 0xCC, 0x00, 0x00,
    0xED, 0x22, 0xB6, 0xC8, 0x80, 0xA7, 0x28, 0x86, 0x01, 0xA7, 0x29, 0xFC, 0xC8, 0x80, 0xED, 0x2A,
    0xB6, 0xC8, 0x80, 0x2A, 0x24, 0x81, 0xC0, 0x2B, 0x0E, 0xEC, 0x24, 0xE3, 0x24, 0xED, 0x24, 0xEC,
    0x26, 0xE3, 0x26, 0xED, 0x26, 0x20, 0x12, 0xEC, 0x24, 0xE3, 0x24, 0xE3, 0x24, 0xED, 0x24, 0xEC,
    0x26, 0xE3, 0x26, 0xE3, 0x26, 0xED, 0x26, 0x20, 0x00, 0x86, 0xC0, 0xB7, 0xC8, 0xD6, 0x39, 0xB6,
    0xC8, 0x81, 0x40, 0xB7, 0xC8, 0x82, 0xC6, 0x00, 0xF2, 0xC8, 0x82, 0x86, 0x00, 0xED, 0x26, 0xB6,
    0xC8, 0x81, 0x2F, 0x06, 0xA6, 0x25, 0x80, 0x10, 0xA7, 0x25, 0x20, 0x9C, 0x00, 0xEE, 0xEE, 0xFF,
    0x23, 0x00, 0xFF, 0x00, 0x23, 0xFF, 0xF9, 0x00, 0xFF, 0x00, 0xE4, 0xFF, 0xEB, 0x00, 0xFF, 0x00,
    0x15, 0xFF, 0x07, 0x00, 0xFF, 0x00, 0xF2, 0xFF, 0x07, 0x00, 0xFF, 0x00, 0x15, 0xFF, 0xEB, 0x00,
    0xFF, 0x00, 0xDD, 0x01, 0x00, 0xEE, 0xEE, 0xFF, 0x1E, 0x00, 0xFF, 0x00, 0x1E, 0xFF, 0xE2, 0x00,
    0xFF, 0x00, 0xFA, 0xFF, 0x0C, 0x00, 0xFF, 0x00, 0xF4, 0xFF, 0x06, 0x00, 0xFF, 0x00, 0x0C, 0xFF,
    0x06, 0x00, 0xFF, 0x00, 0xEE, 0xFF, 0xE8, 0x00, 0xFF, 0x00, 0xFA, 0x01, 0x00, 0xEE, 0xEE, 0xFF,
    0x23, 0x00, 0xFF, 0x00, 0x23, 0xFF, 0xDD, 0x00, 0xFF, 0x00, 0xF9, 0xFF, 0x1C, 0x00, 0xFF, 0x00,
    0xF9, 0xFF, 0xF2, 0x00, 0xFF, 0x00, 0xF9, 0xFF, 0x0E, 0x00, 0xFF, 0x00, 0xF9, 0xFF, 0xE4, 0x00,
    0xFF, 0x00, 0xF9, 0x01, 0x00, 0xEE, 0xEE, 0xFF, 0x23, 0x00, 0xFF, 0x00, 0x23, 0xFF, 0xF9, 0x00,
    0xFF, 0x00, 0xE4, 0xFF, 0xF9, 0x00, 0xFF, 0x00, 0x0E, 0xFF, 0xF9, 0x00, 0xFF, 0x00, 0xF2, 0xFF,
    0xF9, 0x00, 0xFF, 0x00, 0x1C, 0xFF, 0xF9, 0x00, 0xFF, 0x00, 0xDD, 0x01, 0x00, 0xEE, 0xEE, 0xFF,
    0x23, 0x00, 0xFF, 0x00, 0x23, 0xFF, 0xDD, 0x00, 0xFF, 0x00, 0xDD, 0x00, 0x07, 0x07, 0xFF, 0x15,
    0x00, 0xFF, 0x00, 0x15, 0xFF, 0xEB, 0x00, 0xFF, 0x00, 0xEB, 0x01, 0x00, 0xEE, 0xEE, 0xFF, 0x23,
    0x00, 0xFF, 0x00, 0x07, 0xFF, 0xE4, 0x00, 0xFF, 0x1C, 0x15, 0xFF, 0x00, 0x07, 0xFF, 0xF9, 0x00,
    0xFF, 0xE4, 0xEB, 0xFF, 0x00, 0xF2, 0x01, 0x00, 0xEE, 0xEE, 0xFF, 0x23, 0x00, 0xFF, 0x00, 0x23,
    0xFF, 0xEB, 0x00, 0xFF, 0x00, 0xEB, 0xFF, 0xF2, 0x15, 0xFF, 0x00, 0xF2, 0xFF, 0x0E, 0xF2, 0xFF,
    0xF2, 0x00, 0xFF, 0x00, 0xF9, 0x00, 0x15, 0x07, 0xFF, 0x07, 0x00, 0xFF, 0x00, 0x15, 0xFF, 0xF9,
    0x00, 0xFF, 0x00, 0xEB, 0x01, 0xFF, 0xF9, 0xF9, 0xFF, 0xF9, 0x07, 0xFF, 0x07, 0x07, 0xFF, 0x07,
    0xF9, 0x00, 0x0E, 0x00, 0xFF, 0x38, 0xF9, 0xFF, 0x00, 0x0E, 0xFF, 0xC8, 0xF9, 0x01, 0x0A, 0xF6,
    0x00, 0x14, 0xF6, 0xF6, 0x00, 0x05, 0xF6, 0xFF, 0xF6, 0xEC, 0xFF, 0x00, 0x41, 0xFF, 0x0A, 0xEC,
    0xFF, 0x00, 0xE7, 0x00, 0xF6, 0x00, 0xFF, 0xFB, 0x05, 0xFF, 0x00, 0x0F, 0xFF, 0x05, 0x05, 0x01,
    0xFF, 0x00, 0xEC, 0xFF, 0x05, 0xEC, 0xFF, 0x05, 0x0A, 0xFF, 0x00, 0x3C, 0xFF, 0x0A, 0x0A, 0xFF,
    0xF1, 0x00, 0xFF, 0xFB, 0xF1, 0xFF, 0xF6, 0x0A, 0xFF, 0x00, 0xF6, 0xFF, 0x0A, 0xE7, 0x01, 0xFF,
    0x00, 0x14, 0xFF, 0x05, 0x14, 0xFF, 0x05, 0xF6, 0xFF, 0x00, 0xC4, 0xFF, 0x0A, 0xF6, 0xFF, 0xF1,
    0x00, 0xFF, 0xFB, 0x0F, 0xFF, 0xF6, 0xF6, 0xFF, 0x00, 0x0A, 0xFF, 0x0A, 0x19, 0x01, 0x00, 0xF2,
    0x00, 0xFF, 0x07, 0x00, 0x00, 0x0E, 0x00, 0xFF, 0x07, 0x00, 0x00, 0xF2, 0xEB, 0xFF, 0x00, 0x0E,
    0x00, 0x00, 0x0E, 0xFF, 0x00, 0x0E, 0x01, 0x03, 0x03, 0xFD, 0x03, 0x06, 0x02, 0xFA, 0x02, 0x03,
    0x03, 0xFD, 0x03, 0x05, 0x0A, 0xFB, 0x05, 0xF6, 0xFB, 0xD8, 0x28, 0x05, 0xF6, 0xFB, 0xFB, 0xF6,
    0x05, 0xD8, 0xD8, 0x28, 0x0A, 0x0A, 0x14, 0x05, 0x00, 0x00, 0x0A, 0xFB, 0x00, 0xF6, 0x14, 0xD8,
    0x0A, 0x00, 0xEC, 0xF6, 0xFF, 0x00, 0x14, 0xFF, 0x14, 0x0A, 0xFF, 0x14, 0xF6, 0xFF, 0x00, 0xEC,
    0xFF, 0xEC, 0xF6, 0xFF, 0xEC, 0x0A, 0x01, 0x00, 0xEB, 0xFA, 0xFF, 0x04, 0x13, 0xFF, 0x14, 0x06,
    0xFF, 0x12, 0xF3, 0xFF, 0xFC, 0xED, 0xFF, 0xEC, 0xFA, 0xFF, 0xEE, 0x0D, 0x01, 0x00, 0xEA, 0xFF,
    0xFF, 0x08, 0x11, 0xFF, 0x15, 0x02, 0xFF, 0x0F, 0xEF, 0xFF, 0xF8, 0xEF, 0xFF, 0xEB, 0xFE, 0xFF,
    0xF1, 0x11, 0x01, 0x00, 0xEA, 0x02, 0xFF, 0x0B, 0x11, 0xFF, 0x15, 0xFD, 0xFF, 0x0C, 0xEE, 0xFF,
    0xF5, 0xEF, 0xFF, 0xEB, 0x03, 0xFF, 0xF4, 0x12, 0x01, 0x00, 0xEB, 0x07, 0xFF, 0x0E, 0x0E, 0xFF,
    0x15, 0xF9, 0xFF, 0x07, 0xEB, 0xFF, 0xF2, 0xF2, 0xFF, 0xEB, 0x07, 0xFF, 0xF9, 0x15, 0x01, 0x00,
    0xED, 0x0A, 0xFF, 0x11, 0x0B, 0xFF, 0x12, 0xF6, 0xFF, 0x03, 0xEB, 0xFF, 0xEF, 0xF5, 0xFF, 0xEE,
    0x0A, 0xFF, 0xFD, 0x15, 0x01, 0x00, 0xEF, 0x0E, 0xFF, 0x12, 0x08, 0xFF, 0x11, 0xF1, 0xFF, 0xFF,
    0xEB, 0xFF, 0xEE, 0xF8, 0xFF, 0xEF, 0x0F, 0xFF, 0x01, 0x15, 0x01, 0x00, 0xF3, 0x11, 0xFF, 0x12,
    0x04, 0xFF, 0x0E, 0xEF, 0xFF, 0xFA, 0xEB, 0xFF, 0xEE, 0xFC, 0xFF, 0xF2, 0x11, 0xFF, 0x06, 0x15,
    0x01, 0x00, 0xF7, 0x13, 0xFF, 0x12, 0x00, 0xFF, 0x0A, 0xED, 0xFF, 0xF6, 0xED, 0xFF, 0xEE, 0x00,
    0xFF, 0xF6, 0x13, 0xFF, 0x0A, 0x13, 0x01, 0x00, 0xFA, 0x15, 0xFF, 0x13, 0xFC, 0xFF, 0x06, 0xEC,
    0xFF, 0xF3, 0xEE, 0xFF, 0xED, 0x04, 0xFF, 0xFA, 0x14, 0xFF, 0x0D, 0x12, 0x01, 0x00, 0xFF, 0x16,
    0xFF, 0x11, 0xF8, 0xFF, 0x02, 0xEB, 0xFF, 0xEF, 0xF1, 0xFF, 0xEF, 0x08, 0xFF, 0xFE, 0x15, 0xFF,
    0x11, 0x0F, 0x01, 0x00, 0x02, 0x16, 0xFF, 0x11, 0xF5, 0xFF, 0xFD, 0xEB, 0xFF, 0xEE, 0xF4, 0xFF,
    0xEF, 0x0B, 0xFF, 0x03, 0x15, 0xFF, 0x12, 0x0C, 0x01, 0x00, 0x07, 0x15, 0xFF, 0x0E, 0xF2, 0xFF,
    0xF9, 0xEB, 0xFF, 0xEB, 0xF9, 0xFF, 0xF2, 0x0E, 0xFF, 0x07, 0x15, 0xFF, 0x15, 0x07, 0x01, 0x00,
    0x0A, 0x13, 0xFF, 0x0B, 0xEF, 0xFF, 0xF6, 0xEE, 0xFF, 0xEB, 0xFD, 0xFF, 0xF5, 0x11, 0xFF, 0x0A,
    0x12, 0xFF, 0x15, 0x03, 0x01, 0x00, 0x0E, 0x11, 0xFF, 0x08, 0xEE, 0xFF, 0xF1, 0xEF, 0xFF, 0xEB,
    0x01, 0xFF, 0xF8, 0x12, 0xFF, 0x0F, 0x11, 0xFF, 0x15, 0xFF, 0x01, 0x00, 0x11, 0x0D, 0xFF, 0x04,
    0xEE, 0xFF, 0xEF, 0xF2, 0xFF, 0xEB, 0x06, 0xFF, 0xFC, 0x12, 0xFF, 0x11, 0x0E, 0xFF, 0x15, 0xFA,
    0x01, 0x00, 0x13, 0x09, 0xFF, 0x00, 0xEE, 0xFF, 0xED, 0xF6, 0xFF, 0xED, 0x0A, 0xFF, 0x00, 0x12,
    0xFF, 0x13, 0x0A, 0xFF, 0x13, 0xF6, 0x01, 0x00, 0x15, 0x06, 0xFF, 0xFC, 0xED, 0xFF, 0xEC, 0xFA,
    0xFF, 0xEE, 0x0D, 0xFF, 0x04, 0x13, 0xFF, 0x14, 0x06, 0xFF, 0x12, 0xF3, 0x01, 0x00, 0x16, 0x01,
    0xFF, 0xF8, 0xEF, 0xFF, 0xEB, 0xFE, 0xFF, 0xF1, 0x11, 0xFF, 0x08, 0x11, 0xFF, 0x15, 0x02, 0xFF,
    0x0F, 0xEF, 0x01, 0x00, 0x16, 0xFE, 0xFF, 0xF5, 0xEF, 0xFF, 0xEB, 0x03, 0xFF, 0xF4, 0x12, 0xFF,
    0x0B, 0x11, 0xFF, 0x15, 0xFD, 0xFF, 0x0C, 0xEE, 0x01, 0x00, 0x15, 0xF9, 0xFF, 0xF2, 0xF2, 0xFF,
    0xEB, 0x07, 0xFF, 0xF9, 0x15, 0xFF, 0x0E, 0x0E, 0xFF, 0x15, 0xF9, 0xFF, 0x07, 0xEB, 0x01, 0x00,
    0x13, 0xF6, 0xFF, 0xEF, 0xF5, 0xFF, 0xEE, 0x0A, 0xFF, 0xFD, 0x15, 0xFF, 0x11, 0x0B, 0xFF, 0x12,
    0xF6, 0xFF, 0x03, 0xEB, 0x01, 0x00, 0x11, 0xF2, 0xFF, 0xEE, 0xF8, 0xFF, 0xEF, 0x0F, 0xFF, 0x01,
    0x15, 0xFF, 0x12, 0x08, 0xFF, 0x11, 0xF1, 0xFF, 0xFF, 0xEB, 0x01, 0x00, 0x0D, 0xEF, 0xFF, 0xEE,
    0xFC, 0xFF, 0xF2, 0x11, 0xFF, 0x06, 0x15, 0xFF, 0x12, 0x04, 0xFF, 0x0E, 0xEF, 0xFF, 0xFA, 0xEB,
    0x01, 0x00, 0x09, 0xED, 0xFF, 0xEE, 0x00, 0xFF, 0xF6, 0x13, 0xFF, 0x0A, 0x13, 0xFF, 0x12, 0x00,
    0xFF, 0x0A, 0xED, 0xFF, 0xF6, 0xED, 0x01, 0x00, 0x06, 0xEB, 0xFF, 0xED, 0x04, 0xFF, 0xFA, 0x14,
    0xFF, 0x0D, 0x12, 0xFF, 0x13, 0xFC, 0xFF, 0x06, 0xEC, 0xFF, 0xF3, 0xEE, 0x01, 0x00, 0x01, 0xEA,
    0xFF, 0xEF, 0x08, 0xFF, 0xFE, 0x15, 0xFF, 0x11, 0x0F, 0xFF, 0x11, 0xF8, 0xFF, 0x02, 0xEB, 0xFF,
    0xEF, 0xF1, 0x01, 0x00, 0xFE, 0xEA, 0xFF, 0xEF, 0x0B, 0xFF, 0x03, 0x15, 0xFF, 0x12, 0x0C, 0xFF,
    0x11, 0xF5, 0xFF, 0xFD, 0xEB, 0xFF, 0xEE, 0xF4, 0x01, 0x00, 0xF9, 0xEB, 0xFF, 0xF2, 0x0E, 0xFF,
    0x07, 0x15, 0xFF, 0x15, 0x07, 0xFF, 0x0E, 0xF2, 0xFF, 0xF9, 0xEB, 0xFF, 0xEB, 0xF9, 0x01, 0x00,
    0xF6, 0xED, 0xFF, 0xF5, 0x11, 0xFF, 0x0A, 0x12, 0xFF, 0x15, 0x03, 0xFF, 0x0B, 0xEF, 0xFF, 0xF6,
    0xEE, 0xFF, 0xEB, 0xFD, 0x01, 0x00, 0xF2, 0xEF, 0xFF, 0xF8, 0x12, 0xFF, 0x0F, 0x11, 0xFF, 0x15,
    0xFF, 0xFF, 0x08, 0xEE, 0xFF, 0xF1, 0xEF, 0xFF, 0xEB, 0x01, 0x01, 0x00, 0xEF, 0xF3, 0xFF, 0xFC,
    0x12, 0xFF, 0x11, 0x0E, 0xFF, 0x15, 0xFA, 0xFF, 0x04, 0xEE, 0xFF, 0xEF, 0xF2, 0xFF, 0xEB, 0x06,
    0x01, 0x4F, 0xBD, 0xF1, 0xB4, 0x39, 0xFF, 0x00, 0x7F, 0x01, 0xBD, 0xF1, 0xAF, 0x86, 0x01, 0xB7,
    0xC8, 0x1F, 0x86, 0x03, 0xB7, 0xC8, 0x20, 0x86, 0x00, 0xB7, 0xC8, 0x21, 0x86, 0x00, 0xB7, 0xC8,
    0x22, 0xBD, 0xF1, 0xAA, 0x39, 0x86, 0xC0, 0xB7, 0xC8, 0x23, 0xBD, 0xF1, 0xF8, 0x7F, 0xC8, 0x1A,
    0x39, 0x86, 0x4F, 0xB7, 0xC8, 0x23, 0xBD, 0xF1, 0xF8, 0x7F, 0xC8, 0x1A, 0x39, 0x10, 0x8E, 0xCA,
    0x00, 0xA6, 0x29, 0x27, 0x0A, 0x31, 0x2C, 0x10, 0x8C, 0xCA, 0x90, 0x26, 0xF4, 0x4F, 0x39, 0x86,
    0x01, 0x39, 0x86, 0x70, 0xBD, 0xF2, 0xAB, 0x8E, 0xCA, 0x00, 0xBF, 0xC8, 0x84, 0xA6, 0x09, 0x27,
    0x03, 0xBD, 0x0E, 0x0F, 0xBE, 0xC8, 0x84, 0x30, 0x0C, 0x8C, 0xCA, 0x90, 0x26, 0xEC, 0x39, 0xA6,
    0x84, 0xE6, 0x02, 0xBD, 0xF2, 0xFC, 0xBD, 0xF2, 0xC5, 0xBD, 0xF3, 0x54, 0xBE, 0xC8, 0x84, 0xEC,
    0x84, 0xE3, 0x04, 0xE3, 0x04, 0xE3, 0x04, 0xED, 0x84, 0xEC, 0x02, 0xE3, 0x06, 0xE3, 0x06, 0xE3,
    0x06, 0xED, 0x02, 0xA6, 0x84, 0xA1, 0x08, 0x27, 0x0B, 0x4A, 0xA1, 0x08, 0x27, 0x06, 0x4A, 0xA1,
    0x08, 0x27, 0x01, 0x39, 0x6F, 0x09, 0xBD, 0x0E, 0x5D, 0x81, 0x01, 0x27, 0x01, 0x39, 0xA6, 0x84,
    0xA7, 0xA4, 0xA6, 0x02, 0xA7, 0x21, 0x86, 0x01, 0xA7, 0x22, 0xA7, 0x23, 0x39, 0x10, 0x8E, 0xC9,
    0xA0, 0xA6, 0x23, 0x27, 0x0A, 0x31, 0x24, 0x10, 0x8C, 0xCA, 0x00, 0x26, 0xF4, 0x4F, 0x39, 0xBD,
    0x20, 0x34, 0x86, 0x01, 0x39, 0x86, 0x60, 0xBD, 0xF2, 0xAB, 0x8E, 0xC9, 0xA0, 0xBF, 0xC8, 0x84,
    0xA6, 0x03, 0x27, 0x03, 0xBD, 0x0E, 0x92, 0xBE, 0xC8, 0x84, 0x30, 0x04, 0x8C, 0xCA, 0x00, 0x26,
    0xEC, 0x39, 0xB6, 0xC8, 0x8B, 0x2A, 0x07, 0x8C, 0xC9, 0xD0, 0x2C, 0x26, 0x20, 0x05, 0x8C, 0xC9,
    0xD0, 0x2F, 0x1F, 0xE6, 0x02, 0x34, 0x04, 0xBD, 0xF3, 0x0C, 0x8E, 0x0A, 0xE1, 0xB6, 0xC8, 0x8A,
    0x84, 0x0F, 0xC6, 0x16, 0x3D, 0x30, 0x8B, 0x35, 0x04, 0xBD, 0xF4, 0x0E, 0xBD, 0xF3, 0x54, 0xBE,
    0xC8, 0x84, 0xA6, 0x03, 0x81, 0x01, 0x27, 0x08, 0x6A, 0x02, 0xA6, 0x02, 0x26, 0x35, 0x20, 0x4F,
    0x6C, 0x02, 0xBE, 0xC8, 0x84, 0xBD, 0x13, 0x7B, 0xBE, 0xC8, 0x84, 0xA6, 0x02, 0x81, 0x30, 0x2B,
    0x22, 0x86, 0x02, 0xA7, 0x03, 0xEC, 0x84, 0xFD, 0xC8, 0x82, 0xCC, 0x0A, 0x0A, 0xBD, 0x10, 0x54,
    0xBE, 0xC8, 0x84, 0xBD, 0x0F, 0xFC, 0xBE, 0xC8, 0x84, 0xBD, 0x0F, 0x73, 0xBE, 0xC8, 0x84, 0xBD,
    0x0F, 0x25, 0x39, 0x81, 0x18, 0x26, 0x1A, 0xEC, 0x84, 0xFD, 0xC8, 0x82, 0xCC, 0x06, 0x06, 0xBD,
    0x10, 0x54, 0xBE, 0xC8, 0x84, 0xBD, 0x0F, 0x25, 0xBE, 0xC8, 0x84, 0xBD, 0x13, 0xBE, 0x39, 0x6F,
    0x03, 0xBE, 0xC8, 0x84, 0x39, 0xB6, 0xC8, 0xA9, 0x27, 0x48, 0xEC, 0x84, 0xFD, 0xC8, 0x8E, 0xBE,
    0xC8, 0x8E, 0x10, 0xBE, 0xC8, 0xA7, 0xCC, 0x0C, 0x18, 0xBD, 0xF8, 0xFF, 0x24, 0x34, 0x7F, 0xC8,
    0xA9, 0xFC, 0xC8, 0xCD, 0xFD, 0xC8, 0xA5, 0xFC, 0xC8, 0xBF, 0x8E, 0xCA, 0xF0, 0xBD, 0xF8, 0x7C,
    0xCC, 0x02, 0x00, 0xBD, 0xF2, 0x56, 0xCC, 0x03, 0x00, 0xBD, 0xF2, 0x56, 0x7F, 0xC8, 0xD4, 0x86,
    0x08, 0xB7, 0xC8, 0xD5, 0xBD, 0x0E, 0x5D, 0xFC, 0xC8, 0xA7, 0xED, 0xA4, 0x86, 0x01, 0xA7, 0x22,
    0xA7, 0x23, 0x39, 0xEC, 0x84, 0xFD, 0xC8, 0x8E, 0xB6, 0xC8, 0x9F, 0x27, 0x27, 0xCC, 0x80, 0x00,
    0xFD, 0xC8, 0x92, 0xBE, 0xC8, 0x8E, 0x10, 0xBE, 0xC8, 0x92, 0xCC, 0x08, 0x0C, 0xBD, 0xF8, 0xFF,
    0x24, 0x12, 0xBD, 0x0E, 0x5D, 0xCC, 0x80, 0x00, 0xED, 0xA4, 0x86, 0x01, 0xA7, 0x22, 0xA7, 0x23,
    0x7F, 0xC8, 0x9F, 0x39, 0xB6, 0xC8, 0x9D, 0x27, 0x27, 0xCC, 0x80, 0x90, 0xFD, 0xC8, 0x92, 0xBE,
    0xC8, 0x8E, 0x10, 0xBE, 0xC8, 0x92, 0xCC, 0x08, 0x0C, 0xBD, 0xF8, 0xFF, 0x24, 0x12, 0xBD, 0x0E,
    0x5D, 0xCC, 0x80, 0x80, 0xED, 0xA4, 0x86, 0x01, 0xA7, 0x22, 0xA7, 0x23, 0x7F, 0xC8, 0x9D, 0x39,
    0xB6, 0xC8, 0x9E, 0x27, 0x26, 0xCC, 0x80, 0x70, 0xFD, 0xC8, 0x92, 0xBE, 0xC8, 0x8E, 0x10, 0xBE,
    0xC8, 0x92, 0xCC, 0x08, 0x0C, 0xBD, 0xF8, 0xFF, 0x24, 0x11, 0xBD, 0x0E, 0x5D, 0xCC, 0x80, 0x7F,
    0xED, 0xA4, 0x86, 0x01, 0xA7, 0x22, 0xA7, 0x23, 0x7F, 0xC8, 0x9E, 0x39, 0xEC, 0x84, 0xFD, 0xC8,
    0x8E, 0x8E, 0x04, 0x34, 0x10, 0x8E, 0xC8, 0x94, 0xBF, 0xC8, 0x9A, 0x10, 0xBF, 0xC8, 0x90, 0xA6,
    0xA4, 0x81, 0x3A, 0x26, 0x2D, 0xEC, 0x84, 0xCB, 0x0A, 0xFD, 0xC8, 0x92, 0xBE, 0xC8, 0x8E, 0x10,
    0xBE, 0xC8, 0x92, 0xCC, 0x08, 0x10, 0xBD, 0xF8, 0xFF, 0x24, 0x17, 0xBD, 0x0E, 0x5D, 0xFC, 0xC8,
    0x92, 0xED, 0xA4, 0x86, 0x01, 0xA7, 0x22, 0xA7, 0x23, 0x10, 0xBE, 0xC8, 0x90, 0x86, 0x39, 0xA7,
    0xA4, 0x39, 0xBE, 0xC8, 0x9A, 0x10, 0xBE, 0xC8, 0x90, 0x30, 0x02, 0x31, 0x21, 0x10, 0x8C, 0xC8,
    0x9A, 0x26, 0xB5, 0x39, 0xFD, 0xC8, 0x92, 0x10, 0x8E, 0xC9, 0x00, 0x10, 0xBF, 0xC8, 0x90, 0xA6,
    0x27, 0x81, 0x30, 0x26, 0x03, 0xBD, 0x10, 0x75, 0x10, 0xBE, 0xC8, 0x90, 0x31, 0x28, 0x10, 0x8C,
    0xC9, 0x78, 0x26, 0xE7, 0x39, 0xEC, 0x22, 0x48, 0x58, 0xFD, 0xC8, 0x8E, 0xEC, 0xA4, 0xBB, 0xC8,
    0x8E, 0xFB, 0xC8, 0x8F, 0xFD, 0xC8, 0x8E, 0xBE, 0xC8, 0x82, 0x10, 0xBE, 0xC8, 0x8E, 0xFC, 0xC8,
    0x92, 0xBD, 0xF8, 0xFF, 0x25, 0x01, 0x39, 0x10, 0xBE, 0xC8, 0x90, 0x86, 0x2E, 0xA7, 0x27, 0xFC,
    0xC8, 0xBD, 0x8E, 0xCA, 0xF0, 0xBD, 0xF8, 0x7C, 0xBD, 0x0E, 0x5D, 0xFC, 0xC8, 0x8E, 0xED, 0xA4,
    0x86, 0x01, 0xA7, 0x22, 0xA7, 0x23, 0x39, 0x8E, 0xC9, 0x00, 0x34, 0x10, 0xBD, 0x10, 0xDF, 0x35,
    0x10, 0x30, 0x08, 0x8C, 0xC9, 0x78, 0x26, 0xF2, 0x39, 0x8E, 0xC9, 0x00, 0xA6, 0x07, 0x27, 0x09,
    0x30, 0x08, 0x8C, 0xC9, 0x78, 0x26, 0xF5, 0x4F, 0x39, 0xBD, 0x10, 0xDF, 0x86, 0x01, 0x39, 0xC6,
    0x6F, 0xBD, 0xF5, 0x11, 0xE7, 0x84, 0xA7, 0x01, 0xCC, 0x00, 0x00, 0xED, 0x02, 0x86, 0xFE, 0xA7,
    0x04, 0xA6, 0x01, 0x2A, 0x0F, 0xBD, 0xF5, 0x11, 0x2A, 0x04, 0x6F, 0x05, 0x20, 0x13, 0x86, 0x01,
    0xA7, 0x05, 0x20, 0x0D, 0xBD, 0xF5, 0x11, 0x2A, 0x04, 0x6F, 0x05, 0x20, 0x04, 0x86, 0xFF, 0xA7,
    0x05, 0x86, 0x30, 0xA7, 0x07, 0xBD, 0xF5, 0x11, 0xA7, 0x06, 0x39, 0x8E, 0xC9, 0x00, 0xBF, 0xC8,
    0x84, 0xA6, 0x07, 0x27, 0x03, 0xBD, 0x11, 0x33, 0xBE, 0xC8, 0x84, 0x30, 0x08, 0x8C, 0xC9, 0x78,
    0x26, 0xEC, 0x39, 0xA6, 0x06, 0x27, 0x03, 0x6A, 0x06, 0x39, 0xBD, 0xF3, 0x0C, 0x86, 0xFF, 0xB7,
    0xD0, 0x04, 0x7F, 0xC8, 0x23, 0xBE, 0xC8, 0x84, 0xA6, 0x07, 0xBD, 0xF2, 0xAB, 0xEC, 0x02, 0xBD,
    0xF3, 0xDF, 0xBE, 0xC8, 0x84, 0xA6, 0x07, 0x81, 0x30, 0x27, 0x06, 0x6A, 0x07, 0xBD, 0xF3, 0x54,
    0x39, 0x86, 0x50, 0xBD, 0xF2, 0xAB, 0xBD, 0xF2, 0xC5, 0xBD, 0xF3, 0x54, 0xBE, 0xC8, 0x84, 0xEC,
    0x02, 0x48, 0x58, 0xFD, 0xC8, 0x8E, 0xEC, 0x84, 0xBB, 0xC8, 0x8E, 0xFB, 0xC8, 0x8F, 0xFD, 0xC8,
    0x8E, 0x81, 0x80, 0x27, 0x23, 0x81, 0x81, 0x27, 0x1F, 0x81, 0x82, 0x27, 0x1B, 0x81, 0x83, 0x27,
    0x17, 0x81, 0x84, 0x27, 0x13, 0xB6, 0xC8, 0x8C, 0x81, 0x01, 0x26, 0x0B, 0xBE, 0xC8, 0x84, 0xEC,
    0x02, 0xAB, 0x04, 0xEB, 0x05, 0xED, 0x02, 0x39, 0x86, 0x2E, 0xA7, 0x07, 0xBD, 0x0E, 0x5D, 0xFC,
    0xC8, 0x8E, 0xED, 0xA4, 0x86, 0x01, 0xA7, 0x22, 0xA7, 0x23, 0x39, 0xB6, 0xC8, 0xB4, 0x81, 0x01,
    0x26, 0x01, 0x39, 0x86, 0x60, 0xB7, 0xC8, 0xD4, 0xBD, 0xF5, 0x11, 0x84, 0x03, 0x4C, 0xB7, 0xC8,
    0xA9, 0x81, 0x03, 0x2B, 0x10, 0x86, 0x80, 0xB7, 0xC8, 0xA8, 0xBD, 0xF5, 0x11, 0x84, 0xA7, 0x8B,
    0x30, 0xB7, 0xC8, 0xA7, 0x39, 0x86, 0x7F, 0xB7, 0xC8, 0xA8, 0xBD, 0xF5, 0x11, 0x84, 0xA7, 0x8B,
    0x30, 0xB7, 0xC8, 0xA7, 0x39, 0x86, 0x50, 0xBD, 0xF2, 0xAB, 0x7F, 0xC8, 0xB3, 0x8E, 0xCA, 0x90,
    0xBF, 0xC8, 0x84, 0xA6, 0x06, 0x27, 0x03, 0xBD, 0x12, 0x15, 0xBE, 0xC8, 0x84, 0x30, 0x07, 0x8C,
    0xCA, 0xB3, 0x26, 0xEC, 0x39, 0x7C, 0xC8, 0xB3, 0xA6, 0x84, 0xE6, 0x02, 0xBD, 0xF2, 0xFC, 0xC6,
    0x10, 0x86, 0x02, 0x8E, 0x0A, 0x3E, 0xBD, 0xF3, 0xD8, 0xBD, 0xF3, 0x54, 0xBD, 0xF1, 0xAF, 0xBE,
    0xC8, 0x84, 0xA6, 0x84, 0xE6, 0x02, 0x47, 0x57, 0xFD, 0xC8, 0x82, 0xEC, 0x04, 0x47, 0x57, 0xB0,
    0xC8, 0x82, 0xF0, 0xC8, 0x83, 0xBD, 0xF5, 0x93, 0xC0, 0x10, 0xB6, 0xC8, 0xDC, 0xF7, 0xC8, 0x92,
    0xBD, 0xF6, 0x01, 0xFD, 0xC8, 0x9A, 0xBD, 0xF1, 0xAA, 0xBE, 0xC8, 0x84, 0x86, 0xFF, 0xF6, 0xC8,
    0x9A, 0xE3, 0x84, 0xED, 0x84, 0xB6, 0xC8, 0x9B, 0x2A, 0x0B, 0x86, 0xFF, 0xF6, 0xC8, 0x9B, 0xE3,
    0x02, 0xED, 0x02, 0x20, 0x0B, 0x86, 0x00, 0xF6, 0xC8, 0x9B, 0xE3, 0x02, 0xED, 0x02, 0x20, 0x00,
    0xA6, 0x84, 0x81, 0x80, 0x27, 0x05, 0x81, 0x81, 0x27, 0x01, 0x39, 0x6F, 0x06, 0xBD, 0x0E, 0x5D,
    0xA6, 0x84, 0xE6, 0x02, 0xED, 0xA4, 0x86, 0x01, 0xA7, 0x22, 0xA7, 0x23, 0x39, 0xB6, 0xC8, 0xA4,
    0x27, 0x01, 0x39, 0xB6, 0xC8, 0xDB, 0x26, 0x01, 0x39, 0xB6, 0xC8, 0xB3, 0x27, 0x08, 0xB1, 0xC8,
    0xDB, 0x2C, 0x02, 0x20, 0x01, 0x39, 0x8E, 0xCA, 0x90, 0xA6, 0x06, 0x27, 0x08, 0x30, 0x07, 0x8C,
    0xCA, 0xB3, 0x26, 0xF5, 0x39, 0x7C, 0xC8, 0xB3, 0x86, 0x01, 0xA7, 0x06, 0xCC, 0x6F, 0x00, 0xED,
    0x84, 0xBD, 0xF5, 0x11, 0xC6, 0x00, 0xED, 0x02, 0xBF, 0xC8, 0x84, 0xBD, 0xF5, 0x11, 0xBD, 0xF5,
    0x84, 0x81, 0x20, 0x2B, 0x4E, 0x8E, 0x04, 0x34, 0x10, 0x8E, 0xC8, 0x94, 0xBD, 0xF5, 0x11, 0x84,
    0x07, 0x81, 0x00, 0x27, 0x14, 0x30, 0x02, 0x31, 0x21, 0x10, 0x8C, 0xC8, 0x9A, 0x26, 0x07, 0x10,
    0x8E, 0xC8, 0x94, 0x8E, 0x04, 0x34, 0x4A, 0x20, 0xE8, 0xC6, 0x06, 0xA6, 0xA4, 0x81, 0x3A, 0x27,
    0x18, 0x30, 0x02, 0x31, 0x21, 0x10, 0x8C, 0xC8, 0x9A, 0x26, 0x07, 0x8E, 0x04, 0x34, 0x10, 0x8E,
    0xC8, 0x94, 0x5A, 0xC1, 0x00, 0x26, 0xE4, 0x20, 0x0A, 0xEC, 0x84, 0xCB, 0x06, 0xBE, 0xC8, 0x84,
    0xED, 0x04, 0x39, 0xBD, 0xF5, 0x11, 0x84, 0x03, 0xC6, 0x03, 0x81, 0x00, 0x27, 0x10, 0x81, 0x01,
    0x27, 0x18, 0x10, 0x8E, 0x80, 0x00, 0xB6, 0xC8, 0x9F, 0x26, 0x1D, 0x5A, 0x27, 0x27, 0x10, 0x8E,
    0x80, 0x84, 0xB6, 0xC8, 0x9D, 0x26, 0x11, 0x5A, 0x27, 0x1B, 0x10, 0x8E, 0x80, 0x7B, 0xB6, 0xC8,
    0x9E, 0x26, 0x05, 0x5A, 0x27, 0x0F, 0x20, 0xDA, 0x10, 0xBF, 0xC8, 0x82, 0xFC, 0xC8, 0x82, 0xBE,
    0xC8, 0x84, 0xED, 0x04, 0x39, 0xBE, 0xC8, 0x84, 0x6F, 0x06, 0x39, 0xEC, 0x84, 0xFD, 0xC8, 0x8E,
    0x10, 0x8E, 0xCA, 0x90, 0x10, 0xBF, 0xC8, 0x90, 0xA6, 0x26, 0x27, 0x03, 0xBD, 0x13, 0x9C, 0x10,
    0xBE, 0xC8, 0x90, 0x31, 0x27, 0x10, 0x8C, 0xCA, 0xB3, 0x26, 0xE9, 0x39, 0xA6, 0xA4, 0xE6, 0x22,
    0xFD, 0xC8, 0x92, 0xBE, 0xC8, 0x92, 0x10, 0xBE, 0xC8, 0x8E, 0xCC, 0x16, 0x16, 0xBD, 0xF8, 0xFF,
    0x25, 0x01, 0x39, 0xBE, 0xC8, 0x90, 0xA6, 0x84, 0xBB, 0xC8, 0xDD, 0xA7, 0x84, 0x39, 0xEC, 0x84,
    0xFD, 0xC8, 0x8E, 0x10, 0x8E, 0xCA, 0x90, 0x10, 0xBF, 0xC8, 0x90, 0xA6, 0x26, 0x27, 0x03, 0xBD,
    0x13, 0xDF, 0x10, 0xBE, 0xC8, 0x90, 0x31, 0x27, 0x10, 0x8C, 0xCA, 0xB3, 0x26, 0xE9, 0x39, 0xA6,
    0xA4, 0xE6, 0x22, 0xFD, 0xC8, 0x92, 0xBE, 0xC8, 0x92, 0x10, 0xBE, 0xC8, 0x8E, 0xCC, 0x08, 0x08,
    0xBD, 0xF8, 0xFF, 0x25, 0x01, 0x39, 0xBE, 0xC8, 0x90, 0x6F, 0x06, 0xBD, 0x0E, 0x5D, 0xA6, 0x84,
    0xE6, 0x02, 0xED, 0xA4, 0x86, 0x01, 0xA7, 0x22, 0xA7, 0x23, 0xFC, 0xC8, 0xC1, 0x8E, 0xCA, 0xF0,
    0xBD, 0xF8, 0x7C, 0x39, 0x86, 0x01, 0xB7, 0xC8, 0xD1, 0xCC, 0x80, 0x30, 0xFD, 0xC8, 0xB5, 0x86,
    0x60, 0xB7, 0xC8, 0xB7, 0xB6, 0xC8, 0xB4, 0x8E, 0x14, 0xA4, 0x81, 0x01, 0x27, 0x1F, 0x8E, 0x14,
    0xAD, 0x81, 0x02, 0x27, 0x18, 0x8E, 0x14, 0xB6, 0x81, 0x03, 0x27, 0x11, 0x8E, 0x14, 0xBF, 0x81,
    0x04, 0x27, 0x0A, 0x8E, 0x14, 0xC8, 0x81, 0x05, 0x27, 0x03, 0x8E, 0x14, 0xD1, 0xBF, 0xC8, 0xB9,
    0x86, 0x00, 0xB7, 0xC8, 0xD6, 0xBD, 0xF1, 0x92, 0xBD, 0x15, 0x0A, 0xBD, 0x03, 0xE9, 0xBD, 0x06,
    0x1D, 0xBD, 0x05, 0x8C, 0xBD, 0x14, 0xDA, 0xB6, 0xC8, 0xB7, 0xBD, 0xF2, 0xAB, 0xFC, 0xC8, 0xB5,
    0xFD, 0xC8, 0x2A, 0xFE, 0xC8, 0xB9, 0xCC, 0x00, 0xE0, 0xBD, 0xF3, 0x7A, 0xB6, 0xC8, 0xB5, 0x81,
    0xFC, 0x27, 0x18, 0xFC, 0xC8, 0xB5, 0x40, 0xFD, 0xC8, 0x2A, 0xFE, 0xC8, 0xB9, 0xCC, 0x00, 0xE0,
    0xBD, 0xF3, 0x7A, 0x7C, 0xC8, 0xB5, 0x7C, 0xC8, 0xB5, 0x20, 0xBA, 0x7A, 0xC8, 0xB7, 0xB6, 0xC8,
    0xB7, 0x26, 0xB2, 0x39, 0x31, 0x58, 0x20, 0x42, 0x4F, 0x4E, 0x55, 0x53, 0x80, 0x32, 0x58, 0x20,
    0x42, 0x4F, 0x4E, 0x55, 0x53, 0x80, 0x33, 0x58, 0x20, 0x42, 0x4F, 0x4E, 0x55, 0x53, 0x80, 0x34,
    0x58, 0x20, 0x42, 0x4F, 0x4E, 0x55, 0x53, 0x80, 0x35, 0x58, 0x20, 0x42, 0x4F, 0x4E, 0x55, 0x53,
    0x80, 0x36, 0x58, 0x20, 0x42, 0x4F, 0x4E, 0x55, 0x53, 0x80, 0xF6, 0xC8, 0xD6, 0x86, 0x00, 0xBD,
    0xF2, 0x56, 0xCC, 0x01, 0x00, 0xBD, 0xF2, 0x56, 0xF6, 0xC8, 0xD6, 0xCB, 0x18, 0x86, 0x02, 0xBD,
    0xF2, 0x56, 0xCC, 0x03, 0x00, 0xBD, 0xF2, 0x56, 0xB6, 0xC8, 0xD6, 0x8B, 0x08, 0xB7, 0xC8, 0xD6,
    0x81, 0x80, 0x26, 0x05, 0x86, 0x00, 0xB7, 0xC8, 0xD6, 0x39, 0x86, 0x40, 0xBD, 0xF2, 0xAB, 0xCC,
    0x7A, 0x80, 0xBD, 0xF2, 0xFC, 0xCE, 0xCA, 0xF0, 0xCC, 0xFE, 0x29, 0xFD, 0xC8, 0x2A, 0xBD, 0xF4,
    0x95, 0x39, 0xCC, 0x00, 0x00, 0xBD, 0xF2, 0x56, 0xCC, 0x01, 0x00, 0xBD, 0xF2, 0x56, 0xCC, 0x02,
    0x00, 0xBD, 0xF2, 0x56, 0xCC, 0x03, 0x00, 0xBD, 0xF2, 0x56, 0x7F, 0xC8, 0xBC, 0xBD, 0xF1, 0x92,
    0xBD, 0x03, 0xE9, 0xBD, 0x05, 0x8C, 0xBD, 0x16, 0x94, 0xBD, 0x15, 0x5C, 0x8D, 0xBC, 0xB6, 0xC8,
    0xBC, 0x27, 0xEA, 0x86, 0x01, 0xB7, 0xC8, 0x89, 0xB7, 0xC8, 0x15, 0x39, 0xCC, 0xFD, 0x20, 0xFD,
    0xC8, 0x2A, 0x86, 0x60, 0xBD, 0xF2, 0xAB, 0xCE, 0x15, 0xEB, 0xCC, 0x30, 0xE2, 0xBD, 0xF3, 0x7A,
    0xCE, 0x16, 0x88, 0xCC, 0x28, 0xE2, 0xBD, 0xF3, 0x7A, 0xB6, 0xC8, 0xBB, 0x26, 0x4A, 0xCE, 0x16,
    0x67, 0xCC, 0xD0, 0xD5, 0xBD, 0xF3, 0x7A, 0xB6, 0xC8, 0x9C, 0x81, 0x02, 0x27, 0x0E, 0x81, 0x03,
    0x27, 0x15, 0x81, 0x04, 0x27, 0x1C, 0x81, 0x05, 0x27, 0x23, 0x20, 0x2C, 0xCE, 0x15, 0xF7, 0xCC,
    0x00, 0xCB, 0xBD, 0xF3, 0x7A, 0x20, 0x21, 0xCE, 0x16, 0x0A, 0xCC, 0x00, 0xCB, 0xBD, 0xF3, 0x7A,
    0x20, 0x16, 0xCE, 0x16, 0x1E, 0xCC, 0x00, 0xCB, 0xBD, 0xF3, 0x7A, 0x20, 0x0B, 0xCE, 0x16, 0x31,
    0xCC, 0x00, 0xC0, 0xBD, 0xF3, 0x7A, 0x20, 0x00, 0xB6, 0xC8, 0xBB, 0x27, 0x0B, 0xCE, 0x16, 0x5B,
    0xCC, 0xF0, 0xDC, 0xBD, 0xF3, 0x7A, 0x20, 0x09, 0xCE, 0x16, 0x4E, 0xCC, 0xF0, 0xDA, 0xBD, 0xF3,
    0x7A, 0xCE, 0x16, 0x78, 0xCC, 0xC8, 0xD7, 0xBD, 0xF3, 0x7A, 0x39, 0x47, 0x41, 0x4D, 0x45, 0x20,
    0x50, 0x41, 0x55, 0x53, 0x45, 0x44, 0x80, 0x20, 0x53, 0x49, 0x54, 0x45, 0x20, 0x53, 0x50, 0x45,
    0x45, 0x44, 0x20, 0x3D, 0x20, 0x53, 0x4C, 0x4F, 0x57, 0x80, 0x53, 0x49, 0x54, 0x45, 0x20, 0x53,
    0x50, 0x45, 0x45, 0x44, 0x20, 0x3D, 0x20, 0x4D, 0x45, 0x44, 0x49, 0x55, 0x4D, 0x80, 0x20, 0x53,
    0x49, 0x54, 0x45, 0x20, 0x53, 0x50, 0x45, 0x45, 0x44, 0x20, 0x3D, 0x20, 0x46, 0x41, 0x53, 0x54,
    0x80, 0x53, 0x49, 0x54, 0x45, 0x20, 0x53, 0x50, 0x45, 0x45, 0x44, 0x20, 0x3D, 0x20, 0x4C, 0x55,
    0x44, 0x49, 0x43, 0x52, 0x4F, 0x55, 0x53, 0x20, 0x53, 0x50, 0x45, 0x45, 0x44, 0x80, 0x44, 0x49,
    0x47, 0x49, 0x54, 0x41, 0x4C, 0x20, 0x4D, 0x4F, 0x44, 0x45, 0x80, 0x41, 0x4E, 0x41, 0x4C, 0x4F,
    0x47, 0x20, 0x4D, 0x4F, 0x44, 0x45, 0x80, 0x42, 0x31, 0x20, 0x43, 0x48, 0x41, 0x4E, 0x47, 0x45,
    0x53, 0x20, 0x53, 0x50, 0x45, 0x45, 0x44, 0x80, 0x42, 0x32, 0x20, 0x43, 0x48, 0x41, 0x4E, 0x47,
    0x45, 0x53, 0x20, 0x4D, 0x4F, 0x44, 0x45, 0x80, 0x28, 0x42, 0x34, 0x20, 0x52, 0x45, 0x54, 0x55,
    0x52, 0x4E, 0x29, 0x80, 0xBD, 0x0D, 0xA1, 0x7D, 0xC8, 0x15, 0x27, 0x10, 0xB6, 0xC8, 0x89, 0x26,
    0x0E, 0x86, 0x01, 0xB7, 0xC8, 0xBC, 0x86, 0x01, 0xB7, 0xC8, 0x89, 0x39, 0x7F, 0xC8, 0x89, 0x7D,
    0xC8, 0x12, 0x27, 0x1B, 0xB6, 0xC8, 0x86, 0x26, 0x19, 0x86, 0x01, 0xB7, 0xC8, 0x86, 0x7C, 0xC8,
    0x9C, 0xB6, 0xC8, 0x9C, 0x81, 0x06, 0x26, 0x0A, 0x86, 0x02, 0xB7, 0xC8, 0x9C, 0x20, 0x03, 0x7F,
    0xC8, 0x86, 0x7D, 0xC8, 0x13, 0x27, 0x19, 0xB6, 0xC8, 0x87, 0x26, 0x17, 0x86, 0x01, 0xB7, 0xC8,
    0x87, 0x7C, 0xC8, 0xBB, 0xB6, 0xC8, 0xBB, 0x81, 0x02, 0x26, 0x08, 0x7F, 0xC8, 0xBB, 0x20, 0x03,
    0x7F, 0xC8, 0x87, 0x39, 0xB6, 0xC8, 0xB4, 0x81, 0x06, 0x2B, 0x02, 0x86, 0x06, 0x4A, 0x8E, 0x17,
    0x25, 0x81, 0x00, 0x27, 0x05, 0x4A, 0x30, 0x0A, 0x20, 0xF7, 0xEC, 0x84, 0xFD, 0xCA, 0xE0, 0xEC,
    0x02, 0xFD, 0xCA, 0xE2, 0xEC, 0x04, 0xFD, 0xCA, 0xE4, 0xEC, 0x06, 0xFD, 0xCA, 0xE6, 0xEC, 0x08,
    0xFD, 0xCA, 0xE8, 0x20, 0x3C, 0x20, 0x32, 0x30, 0x30, 0x80, 0x20, 0x31, 0x30, 0x30, 0x80, 0x20,
    0x34, 0x30, 0x30, 0x80, 0x20, 0x32, 0x30, 0x30, 0x80, 0x20, 0x36, 0x30, 0x30, 0x80, 0x20, 0x33,
    0x30, 0x30, 0x80, 0x20, 0x38, 0x30, 0x30, 0x80, 0x20, 0x34, 0x30, 0x30, 0x80, 0x31, 0x30, 0x30,
    0x30, 0x80, 0x20, 0x35, 0x30, 0x30, 0x80, 0x31, 0x36, 0x30, 0x30, 0x80, 0x20, 0x38, 0x30, 0x30,
    0x80, 0xBD, 0x21, 0x4E, 0xCC, 0xCA, 0xE0, 0xFD, 0xC8, 0xCB, 0xB6, 0xC8, 0x9D, 0x27, 0x40, 0xCC,
    0xF6, 0x30, 0xFD, 0xC8, 0x2A, 0xCC, 0x80, 0x81, 0xFD, 0xC8, 0x8E, 0xBD, 0xF1, 0xAF, 0xCC, 0x78,
    0xA8, 0x47, 0x57, 0xFD, 0xC8, 0x82, 0xCC, 0x80, 0x81, 0x47, 0x57, 0xB0, 0xC8, 0x82, 0xF0, 0xC8,
    0x83, 0xBD, 0xF5, 0x93, 0xC0, 0x10, 0xCB, 0x20, 0x86, 0x0A, 0xBD, 0xF6, 0x01, 0xFD, 0xC8, 0x82,
    0xBD, 0xF1, 0xAA, 0xBD, 0x19, 0x16, 0xFC, 0xC8, 0xC5, 0x8E, 0xCA, 0xF0, 0xBD, 0xF8, 0x7C, 0xB6,
    0xC8, 0x9F, 0x27, 0x3A, 0xCC, 0x80, 0x01, 0xFD, 0xC8, 0x8E, 0xBD, 0xF1, 0xAF, 0xCC, 0x78, 0xA8,
    0x47, 0x57, 0xFD, 0xC8, 0x82, 0xCC, 0x80, 0x01, 0x47, 0x57, 0xB0, 0xC8, 0x82, 0xF0, 0xC8, 0x83,
    0xBD, 0xF5, 0x93, 0xC0, 0x10, 0xCB, 0x20, 0x86, 0x0A, 0xBD, 0xF6, 0x01, 0xFD, 0xC8, 0x82, 0xBD,
    0xF1, 0xAA, 0xBD, 0x19, 0x16, 0xFC, 0xC8, 0xC5, 0x8E, 0xCA, 0xF0, 0xBD, 0xF8, 0x7C, 0xB6, 0xC8,
    0x9E, 0x27, 0x3A, 0xCC, 0x80, 0x7F, 0xFD, 0xC8, 0x8E, 0xBD, 0xF1, 0xAF, 0xCC, 0x78, 0xA8, 0x47,
    0x57, 0xFD, 0xC8, 0x82, 0xCC, 0x80, 0x7F, 0x47, 0x57, 0xB0, 0xC8, 0x82, 0xF0, 0xC8, 0x83, 0xBD,
    0xF5, 0x93, 0xC0, 0x10, 0xCB, 0x20, 0x86, 0x0A, 0xBD, 0xF6, 0x01, 0xFD, 0xC8, 0x82, 0xBD, 0xF1,
    0xAA, 0xBD, 0x19, 0x16, 0xFC, 0xC8, 0xC5, 0x8E, 0xCA, 0xF0, 0xBD, 0xF8, 0x7C, 0xCC, 0xCA, 0xE5,
    0xFD, 0xC8, 0xCB, 0x8E, 0x04, 0x34, 0x10, 0x8E, 0xC8, 0x94, 0xBF, 0xC8, 0xC9, 0x10, 0xBF, 0xC8,
    0xC7, 0xA6, 0xA4, 0x81, 0x3A, 0x26, 0x38, 0xEC, 0x84, 0xFD, 0xC8, 0x8E, 0xBD, 0xF1, 0xAF, 0xCC,
    0x78, 0xA8, 0x47, 0x57, 0xFD, 0xC8, 0x82, 0xEC, 0x84, 0x47, 0x57, 0xB0, 0xC8, 0x82, 0xF0, 0xC8,
    0x83, 0xBD, 0xF5, 0x93, 0xC0, 0x10, 0xCB, 0x20, 0x86, 0x0A, 0xBD, 0xF6, 0x01, 0xFD, 0xC8, 0x82,
    0xBD, 0xF1, 0xAA, 0xBD, 0x19, 0x16, 0xFC, 0xC8, 0xC3, 0x8E, 0xCA, 0xF0, 0xBD, 0xF8, 0x7C, 0xBE,
    0xC8, 0xC9, 0x10, 0xBE, 0xC8, 0xC7, 0x30, 0x02, 0x31, 0x21, 0x10, 0x8C, 0xC8, 0x9A, 0x26, 0xAA,
    0xB6, 0xCA, 0xF1, 0xB1, 0xC8, 0xD9, 0x26, 0x01, 0x39, 0xB6, 0xCA, 0xF1, 0xB7, 0xC8, 0xD9, 0x7C,
    0xC8, 0xDA, 0x86, 0x20, 0xB7, 0xC8, 0xD6, 0x86, 0x20, 0xB7, 0xC8, 0xD7, 0x86, 0x40, 0xB7, 0xC8,
    0xD4, 0x86, 0x20, 0xB7, 0xC8, 0xD5, 0xCC, 0x01, 0x00, 0xFD, 0xCA, 0xFE, 0xBD, 0xF1, 0x92, 0xBD,
    0x15, 0x0A, 0xBD, 0x03, 0xE9, 0xBD, 0x05, 0x8C, 0xBD, 0x21, 0x01, 0x86, 0x60, 0xBD, 0xF2, 0xAB,
    0xCC, 0xFD, 0x30, 0xFD, 0xC8, 0x2A, 0xCE, 0x19, 0x0B, 0xCC, 0x00, 0xDA, 0xBD, 0xF3, 0x7A, 0xFC,
    0xCA, 0xFE, 0x83, 0x00, 0x01, 0xFD, 0xCA, 0xFE, 0x10, 0x83, 0x00, 0x00, 0x26, 0xCE, 0x10, 0x8E,
    0xC8, 0x94, 0xA6, 0xA4, 0x26, 0x0C, 0xB6, 0xC8, 0xDA, 0x27, 0x07, 0x86, 0x3A, 0xA7, 0xA4, 0x7A,
    0xC8, 0xDA, 0x31, 0x21, 0x10, 0x8C, 0xC8, 0x9A, 0x26, 0xE8, 0x39, 0x42, 0x4F, 0x4E, 0x55, 0x53,
    0x20, 0x43, 0x49, 0x54, 0x59, 0x80, 0xBD, 0xF1, 0x92, 0xBD, 0x21, 0x62, 0xBD, 0x15, 0x0A, 0xBD,
    0x03, 0xE9, 0xBD, 0x05, 0x8C, 0x86, 0x60, 0xBD, 0xF2, 0xAB, 0xCC, 0xFF, 0x20, 0xFD, 0xC8, 0x2A,
    0xFE, 0xC8, 0xCB, 0xFC, 0xC8, 0x8E, 0xBD, 0xF3, 0x7A, 0xFC, 0xC8, 0x8E, 0xBB, 0xC8, 0x82, 0x29,
    0x08, 0xFB, 0xC8, 0x83, 0xFD, 0xC8, 0x8E, 0x20, 0xCD, 0x39, 0x32, 0x30, 0x30, 0x80, 0xCC, 0x00,
    0x00, 0xBD, 0xF2, 0x56, 0xCC, 0x01, 0x00, 0xBD, 0xF2, 0x56, 0xCC, 0x02, 0x00, 0xBD, 0xF2, 0x56,
    0xCC, 0x03, 0x00, 0xBD, 0xF2, 0x56, 0xBD, 0x20, 0x34, 0x86, 0x00, 0xB7, 0xC9, 0x00, 0x86, 0x00,
    0xB7, 0xC9, 0x01, 0xCC, 0x00, 0x00, 0xFD, 0xC8, 0x82, 0xBD, 0xF1, 0x92, 0xBD, 0x15, 0x0A, 0xBD,
    0x19, 0x95, 0xFC, 0xC8, 0x82, 0x10, 0x83, 0x01, 0x00, 0x2B, 0xEE, 0xB6, 0xC9, 0x01, 0x81, 0x01,
    0x26, 0xE7, 0x7E, 0x00, 0x15, 0x7C, 0xC8, 0x8A, 0x7C, 0xC8, 0x8A, 0xFC, 0xC8, 0x82, 0xC3, 0x00,
    0x01, 0xFD, 0xC8, 0x82, 0xB6, 0xC9, 0x00, 0x26, 0x03, 0x7E, 0x1A, 0x41, 0x86, 0x38, 0xBD, 0xF2,
    0xAB, 0xCC, 0x20, 0xB8, 0xBD, 0xF2, 0xFC, 0xF6, 0xC9, 0x00, 0x8E, 0x09, 0x1C, 0xBD, 0xF4, 0x0E,
    0xBD, 0xF3, 0x54, 0xCC, 0x21, 0xEA, 0xBD, 0xF2, 0xFC, 0xF6, 0xC9, 0x00, 0x8E, 0x09, 0x44, 0xBD,
    0xF4, 0x0E, 0xBD, 0xF3, 0x54, 0xCC, 0x20, 0x18, 0xBD, 0xF2, 0xFC, 0xF6, 0xC9, 0x00, 0x8E, 0x09,
    0x6C, 0xBD, 0xF4, 0x0E, 0xBD, 0xF3, 0x54, 0xCC, 0x20, 0x48, 0xBD, 0xF2, 0xFC, 0xF6, 0xC9, 0x00,
    0x8E, 0x09, 0x94, 0xBD, 0xF4, 0x0E, 0xBD, 0xF3, 0x54, 0xCC, 0xE0, 0xB8, 0xBD, 0xF2, 0xFC, 0xF6,
    0xC9, 0x00, 0x8E, 0x09, 0xBC, 0xBD, 0xF4, 0x0E, 0xBD, 0xF3, 0x54, 0xCC, 0xE1, 0xE9, 0xBD, 0xF2,
    0xFC, 0xF6, 0xC9, 0x00, 0x8E, 0x09, 0xDB, 0xBD, 0xF4, 0x0E, 0xBD, 0xF3, 0x54, 0xCC, 0xE0, 0x18,
    0xBD, 0xF2, 0xFC, 0xF6, 0xC9, 0x00, 0x8E, 0x09, 0x94, 0xBD, 0xF4, 0x0E, 0xBD, 0xF3, 0x54, 0xCC,
    0xE0, 0x48, 0xBD, 0xF2, 0xFC, 0xF6, 0xC9, 0x00, 0x8E, 0x09, 0xF7, 0xBD, 0xF4, 0x0E, 0xBD, 0xF3,
    0x54, 0x86, 0x7F, 0xBD, 0xF2, 0xAB, 0xCC, 0x20, 0xB8, 0xBD, 0xF2, 0xFC, 0xBD, 0x1A, 0xC1, 0xCC,
    0x20, 0xE8, 0xBD, 0xF2, 0xFC, 0xBD, 0x1A, 0xC1, 0xCC, 0x20, 0x18, 0xBD, 0xF2, 0xFC, 0xBD, 0x1A,
    0xC1, 0xCC, 0x20, 0x48, 0xBD, 0xF2, 0xFC, 0xBD, 0x1A, 0xC1, 0xCC, 0xE0, 0xB8, 0xBD, 0xF2, 0xFC,
    0xBD, 0x1A, 0xC1, 0xCC, 0xE0, 0xE8, 0xBD, 0xF2, 0xFC, 0xBD, 0x1A, 0xC1, 0xCC, 0xE0, 0x18, 0xBD,
    0xF2, 0xFC, 0xBD, 0x1A, 0xC1, 0xCC, 0xE0, 0x48, 0xBD, 0xF2, 0xFC, 0xBD, 0x1A, 0xC1, 0xFC, 0xC8,
    0x82, 0x10, 0x83, 0x01, 0x40, 0x2A, 0x1C, 0xB6, 0xC9, 0x01, 0x81, 0x7F, 0x27, 0x03, 0x7C, 0xC9,
    0x01, 0xB6, 0xC9, 0x01, 0x81, 0x40, 0x2B, 0x0A, 0xB6, 0xC9, 0x00, 0x81, 0x50, 0x27, 0x03, 0x7C,
    0xC9, 0x00, 0x39, 0xB6, 0xC9, 0x01, 0x81, 0x30, 0x2B, 0x03, 0x7A, 0xC9, 0x00, 0x7A, 0xC9, 0x01,
    0x39, 0x8E, 0x0A, 0xE1, 0xB6, 0xC8, 0x8A, 0x84, 0x0F, 0xC6, 0x16, 0x3D, 0x30, 0x8B, 0xF6, 0xC9,
    0x01, 0xBD, 0xF4, 0x0E, 0xBD, 0xF3, 0x54, 0x39, 0xFF, 0x10, 0x00, 0xFF, 0x00, 0x10, 0xFF, 0xF8,
    0x00, 0xFF, 0x00, 0xF0, 0x01, 0xFF, 0x08, 0x00, 0xFF, 0x08, 0x08, 0xFF, 0xF8, 0x08, 0xFF, 0xF8,
    0x00, 0xFF, 0x08, 0xF8, 0x01, 0x00, 0x00, 0x08, 0xFF, 0x10, 0x00, 0x00, 0x00, 0xF8, 0xFF, 0x00,
    0x10, 0x01, 0xFF, 0x10, 0x00, 0xFF, 0x00, 0x10, 0xFF, 0xF8, 0x00, 0xFF, 0x00, 0xF0, 0xFF, 0xF8,
    0x10, 0x01, 0xFF, 0x00, 0x10, 0x00, 0x00, 0xF8, 0xFF, 0x10, 0x00, 0x00, 0x00, 0xF8, 0xFF, 0x00,
    0x10, 0x01, 0xFF, 0x10, 0x00, 0xFF, 0x00, 0x10, 0xFF, 0xF0, 0x00, 0xFF, 0x00, 0xF0, 0x01, 0xFF,
    0x00, 0x10, 0xFF, 0x08, 0x00, 0xFF, 0x00, 0xF0, 0xFF, 0x08, 0x00, 0xFF, 0x00, 0x10, 0x01, 0x00,
    0x7F, 0x00, 0x7F, 0xC9, 0x00, 0x86, 0x01, 0xB7, 0xC8, 0x8B, 0xB7, 0xC9, 0x01, 0x7F, 0xC8, 0x84,
    0x7F, 0xC8, 0x85, 0x86, 0x50, 0xB7, 0xC9, 0x02, 0xBD, 0x0D, 0xA1, 0x7F, 0xC8, 0x12, 0x7F, 0xC8,
    0x13, 0x7F, 0xC8, 0x14, 0x7F, 0xC8, 0x15, 0xBD, 0xF1, 0x92, 0xBD, 0x1C, 0x81, 0xBD, 0x1B, 0xDA,
    0xBD, 0x1B, 0x95, 0xFC, 0xC8, 0x84, 0x10, 0x83, 0x00, 0x50, 0x2B, 0xEB, 0xBD, 0x0D, 0xA1, 0x7D,
    0xC8, 0x12, 0x26, 0x07, 0x7D, 0xC8, 0x13, 0x26, 0x07, 0x20, 0xDC, 0xC6, 0x00, 0x7E, 0x00, 0x21,
    0xC6, 0x01, 0x7E, 0x00, 0x21, 0xB6, 0xC9, 0x02, 0xBD, 0xF2, 0xAB, 0xCE, 0x1E, 0xE3, 0xBE, 0xC8,
    0x84, 0x8C, 0x01, 0x00, 0x2B, 0x33, 0x8C, 0x02, 0x00, 0x2B, 0x2B, 0xCE, 0x1F, 0x0D, 0x8C, 0x03,
    0x00, 0x2B, 0x23, 0xCE, 0x1F, 0x34, 0x8C, 0x04, 0x00, 0x2B, 0x1B, 0xCE, 0x1F, 0x84, 0x8C, 0x05,
    0x00, 0x2B, 0x13, 0xCE, 0x1F, 0xA9, 0x8C, 0x06, 0x00, 0x2B, 0x0B, 0xCE, 0x1F, 0xD1, 0x8C, 0x07,
    0x00, 0x2B, 0x03, 0xCE, 0x1F, 0xF1, 0xBD, 0xF3, 0x85, 0x39, 0x7C, 0xC8, 0x8B, 0xB6, 0xC8, 0x8B,
    0x81, 0x02, 0x26, 0x05, 0x86, 0x01, 0xB7, 0xC8, 0x8B, 0xB6, 0xC8, 0x8B, 0x81, 0x01, 0x26, 0x0D,
    0x7C, 0xC9, 0x00, 0xB6, 0xC9, 0x01, 0x81, 0x60, 0x2C, 0x03, 0x7C, 0xC9, 0x01, 0xFC, 0xC8, 0x84,
    0xC3, 0x00, 0x02, 0xFD, 0xC8, 0x84, 0xB6, 0xC9, 0x02, 0x27, 0x0A, 0x81, 0x50, 0x27, 0x06, 0x7A,
    0xC9, 0x02, 0x7A, 0xC9, 0x02, 0xFC, 0xC8, 0x84, 0x10, 0x83, 0x01, 0x80, 0x27, 0x57, 0x10, 0x83,
    0x02, 0x80, 0x27, 0x51, 0x10, 0x83, 0x03, 0x80, 0x27, 0x4B, 0x10, 0x83, 0x04, 0x80, 0x27, 0x45,
    0x10, 0x83, 0x05, 0x80, 0x27, 0x3F, 0x10, 0x83, 0x06, 0x80, 0x27, 0x39, 0x10, 0x83, 0x07, 0x80,
    0x27, 0x33, 0x10, 0x83, 0x02, 0x00, 0x27, 0x33, 0x10, 0x83, 0x03, 0x00, 0x27, 0x2D, 0x10, 0x83,
    0x04, 0x00, 0x27, 0x27, 0x10, 0x83, 0x05, 0x00, 0x27, 0x21, 0x10, 0x83, 0x06, 0x00, 0x27, 0x1B,
    0x10, 0x83, 0x07, 0x00, 0x27, 0x15, 0x10, 0x83, 0x08, 0x00, 0x26, 0x08, 0x7F, 0xC8, 0x84, 0x7F,
    0xC8, 0x85, 0x20, 0x07, 0x39, 0x86, 0x4E, 0xB7, 0xC9, 0x02, 0x39, 0x86, 0x50, 0xB7, 0xC9, 0x02,
    0x39, 0xFC, 0xC8, 0x82, 0x86, 0x50, 0xBD, 0xF2, 0xAB, 0xCC, 0x00, 0x00, 0xBD, 0xF2, 0xFC, 0x8E,
    0x1B, 0x3F, 0xB6, 0xC9, 0x00, 0xCE, 0xCA, 0x00, 0xBD, 0xF6, 0x1F, 0xF6, 0xC9, 0x01, 0x8E, 0xCA,
    0x00, 0xBD, 0xF4, 0x0E, 0x8E, 0x1A, 0xD8, 0xB6, 0xC9, 0x00, 0xCE, 0xCA, 0x00, 0xBD, 0xF6, 0x1F,
    0xF6, 0xC9, 0x01, 0x8E, 0xCA, 0x00, 0xBD, 0xF4, 0x0E, 0xBD, 0xF3, 0x54, 0xCC, 0x00, 0x00, 0xBD,
    0xF2, 0xFC, 0x8E, 0x1B, 0x3F, 0xB6, 0xC9, 0x00, 0x80, 0x02, 0xCE, 0xCA, 0x00, 0xBD, 0xF6, 0x1F,
    0xF6, 0xC9, 0x01, 0x8E, 0xCA, 0x00, 0xBD, 0xF4, 0x0E, 0x8E, 0x1A, 0xE5, 0xB6, 0xC9, 0x00, 0x80,
    0x02, 0xCE, 0xCA, 0x00, 0xBD, 0xF6, 0x1F, 0xF6, 0xC9, 0x01, 0x8E, 0xCA, 0x00, 0xBD, 0xF4, 0x0E,
    0xBD, 0xF3, 0x54, 0xCC, 0x00, 0x00, 0xBD, 0xF2, 0xFC, 0x8E, 0x1B, 0x3F, 0xB6, 0xC9, 0x00, 0x80,
    0x04, 0xCE, 0xCA, 0x00, 0xBD, 0xF6, 0x1F, 0xF6, 0xC9, 0x01, 0x8E, 0xCA, 0x00, 0xBD, 0xF4, 0x0E,
    0x8E, 0x1A, 0xF5, 0xB6, 0xC9, 0x00, 0x80, 0x04, 0xCE, 0xCA, 0x00, 0xBD, 0xF6, 0x1F, 0xF6, 0xC9,
    0x01, 0x8E, 0xCA, 0x00, 0xBD, 0xF4, 0x0E, 0xBD, 0xF3, 0x54, 0xCC, 0x00, 0x00, 0xBD, 0xF2, 0xFC,
    0x8E, 0x1B, 0x3F, 0xB6, 0xC9, 0x00, 0x80, 0x06, 0xCE, 0xCA, 0x00, 0xBD, 0xF6, 0x1F, 0xF6, 0xC9,
    0x01, 0x8E, 0xCA, 0x00, 0xBD, 0xF4, 0x0E, 0x8E, 0x1B, 0x02, 0xB6, 0xC9, 0x00, 0x80, 0x06, 0xCE,
    0xCA, 0x00, 0xBD, 0xF6, 0x1F, 0xF6, 0xC9, 0x01, 0x8E, 0xCA, 0x00, 0xBD, 0xF4, 0x0E, 0xBD, 0xF3,
    0x54, 0xCC, 0x00, 0x00, 0xBD, 0xF2, 0xFC, 0x8E, 0x1B, 0x3F, 0xB6, 0xC9, 0x00, 0x80, 0x08, 0xCE,
    0xCA, 0x00, 0xBD, 0xF6, 0x1F, 0xF6, 0xC9, 0x01, 0x8E, 0xCA, 0x00, 0xBD, 0xF4, 0x0E, 0x8E, 0x1B,
    0x12, 0xB6, 0xC9, 0x00, 0x80, 0x08, 0xCE, 0xCA, 0x00, 0xBD, 0xF6, 0x1F, 0xF6, 0xC9, 0x01, 0x8E,
    0xCA, 0x00, 0xBD, 0xF4, 0x0E, 0xBD, 0xF3, 0x54, 0xCC, 0x00, 0x00, 0xBD, 0xF2, 0xFC, 0x8E, 0x1B,
    0x3F, 0xB6, 0xC9, 0x00, 0x80, 0x0A, 0xCE, 0xCA, 0x00, 0xBD, 0xF6, 0x1F, 0xF6, 0xC9, 0x01, 0x8E,
    0xCA, 0x00, 0xBD, 0xF4, 0x0E, 0x8E, 0x1B, 0x22, 0xB6, 0xC9, 0x00, 0x80, 0x0A, 0xCE, 0xCA, 0x00,
    0xBD, 0xF6, 0x1F, 0xF6, 0xC9, 0x01, 0x8E, 0xCA, 0x00, 0xBD, 0xF4, 0x0E, 0xBD, 0xF3, 0x54, 0xCC,
    0x00, 0x00, 0xBD, 0xF2, 0xFC, 0x8E, 0x1B, 0x3F, 0xB6, 0xC9, 0x00, 0x80, 0x0C, 0xCE, 0xCA, 0x00,
    0xBD, 0xF6, 0x1F, 0xF6, 0xC9, 0x01, 0x8E, 0xCA, 0x00, 0xBD, 0xF4, 0x0E, 0x8E, 0x1A, 0xF5, 0xB6,
    0xC9, 0x00, 0x80, 0x0C, 0xCE, 0xCA, 0x00, 0xBD, 0xF6, 0x1F, 0xF6, 0xC9, 0x01, 0x8E, 0xCA, 0x00,
    0xBD, 0xF4, 0x0E, 0xBD, 0xF3, 0x54, 0xCC, 0x00, 0x00, 0xBD, 0xF2, 0xFC, 0x8E, 0x1B, 0x3F, 0xB6,
    0xC9, 0x00, 0x80, 0x0E, 0xCE, 0xCA, 0x00, 0xBD, 0xF6, 0x1F, 0xF6, 0xC9, 0x01, 0x8E, 0xCA, 0x00,
    0xBD, 0xF4, 0x0E, 0x8E, 0x1B, 0x2F, 0xB6, 0xC9, 0x00, 0x80, 0x0E, 0xCE, 0xCA, 0x00, 0xBD, 0xF6,
    0x1F, 0xF6, 0xC9, 0x01, 0x8E, 0xCA, 0x00, 0xBD, 0xF4, 0x0E, 0xBD, 0xF3, 0x54, 0xCC, 0x00, 0x00,
    0xBD, 0xF2, 0xFC, 0x8E, 0x1B, 0x3F, 0xB6, 0xC9, 0x00, 0x80, 0x12, 0xCE, 0xCA, 0x00, 0xBD, 0xF6,
    0x1F, 0xF6, 0xC9, 0x01, 0x8E, 0xCA, 0x00, 0xBD, 0xF4, 0x0E, 0x8E, 0x1B, 0x12, 0xB6, 0xC9, 0x00,
    0x80, 0x12, 0xCE, 0xCA, 0x00, 0xBD, 0xF6, 0x1F, 0xF6, 0xC9, 0x01, 0x8E, 0xCA, 0x00, 0xBD, 0xF4,
    0x0E, 0xBD, 0xF3, 0x54, 0xCC, 0x00, 0x00, 0xBD, 0xF2, 0xFC, 0x8E, 0x1B, 0x3F, 0xB6, 0xC9, 0x00,
    0x80, 0x14, 0xCE, 0xCA, 0x00, 0xBD, 0xF6, 0x1F, 0xF6, 0xC9, 0x01, 0x8E, 0xCA, 0x00, 0xBD, 0xF4,
    0x0E, 0x8E, 0x1B, 0x12, 0xB6, 0xC9, 0x00, 0x80, 0x14, 0xCE, 0xCA, 0x00, 0xBD, 0xF6, 0x1F, 0xF6,
    0xC9, 0x01, 0x8E, 0xCA, 0x00, 0xBD, 0xF4, 0x0E, 0xBD, 0xF3, 0x54, 0xCC, 0x00, 0x00, 0xBD, 0xF2,
    0xFC, 0x8E, 0x1B, 0x3F, 0xB6, 0xC9, 0x00, 0x80, 0x16, 0xCE, 0xCA, 0x00, 0xBD, 0xF6, 0x1F, 0xF6,
    0xC9, 0x01, 0x8E, 0xCA, 0x00, 0xBD, 0xF4, 0x0E, 0x8E, 0x1B, 0x12, 0xB6, 0xC9, 0x00, 0x80, 0x16,
    0xCE, 0xCA, 0x00, 0xBD, 0xF6, 0x1F, 0xF6, 0xC9, 0x01, 0x8E, 0xCA, 0x00, 0xBD, 0xF4, 0x0E, 0xBD,
    0xF3, 0x54, 0x39, 0xFD, 0x40, 0x04, 0xE4, 0x50, 0x49, 0x49, 0x49, 0x80, 0xFD, 0x40, 0xFC, 0xA9,
    0x22, 0x42, 0x41, 0x4C, 0x4C, 0x20, 0x20, 0x20, 0x20, 0x42, 0x55, 0x53, 0x54, 0x45, 0x52, 0x53,
    0x22, 0x80, 0xFE, 0x28, 0xFB, 0xD9, 0x49, 0x53, 0x54, 0x49, 0x43, 0x80, 0x00, 0xFD, 0x40, 0x04,
    0xC0, 0x67, 0x20, 0x31, 0x39, 0x39, 0x36, 0x2C, 0x20, 0x32, 0x30, 0x30, 0x32, 0x80, 0xFD, 0x40,
    0xFC, 0xAF, 0x42, 0x59, 0x20, 0x4A, 0x4F, 0x48, 0x4E, 0x20, 0x44, 0x4F, 0x4E, 0x44, 0x5A, 0x49,
    0x4C, 0x41, 0x80, 0x00, 0xFD, 0x40, 0x12, 0xB0, 0x50, 0x52, 0x45, 0x53, 0x53, 0x20, 0x31, 0x20,
    0x54, 0x4F, 0x20, 0x50, 0x4C, 0x41, 0x59, 0x80, 0xFD, 0x40, 0x08, 0xB0, 0x49, 0x4E, 0x20, 0x44,
    0x49, 0x47, 0x49, 0x54, 0x41, 0x4C, 0x20, 0x4D, 0x4F, 0x44, 0x45, 0x80, 0xFD, 0x40, 0xF8, 0xB0,
    0x50, 0x52, 0x45, 0x53, 0x53, 0x20, 0x32, 0x20, 0x54, 0x4F, 0x20, 0x50, 0x4C, 0x41, 0x59, 0x80,
    0xFD, 0x40, 0xEE, 0xB0, 0x49, 0x4E, 0x20, 0x41, 0x4E, 0x41, 0x4C, 0x4F, 0x47, 0x20, 0x4D, 0x4F,
    0x44, 0x45, 0x80, 0x00, 0xFD, 0x40, 0x04, 0xC0, 0x43, 0x4C, 0x41, 0x53, 0x53, 0x49, 0x43, 0x20,
    0x47, 0x41, 0x4D, 0x45, 0x53, 0x80, 0xFD, 0x40, 0xFC, 0xC0, 0x4E, 0x45, 0x56, 0x45, 0x52, 0x20,
    0x44, 0x49, 0x45, 0x20, 0x2E, 0x2E, 0x2E, 0x80, 0x00, 0xFD, 0x40, 0x04, 0xB0, 0x54, 0x48, 0x45,
    0x59, 0x20, 0x4A, 0x55, 0x53, 0x54, 0x20, 0x53, 0x4C, 0x4F, 0x57, 0x4C, 0x59, 0x80, 0xFD, 0x40,
    0xFC, 0xC0, 0x46, 0x41, 0x44, 0x45, 0x20, 0x41, 0x57, 0x41, 0x59, 0x20, 0x2E, 0x2E, 0x2E, 0x80,
    0x00, 0xFD, 0x40, 0x04, 0xBE, 0x54, 0x48, 0x45, 0x4E, 0x20, 0x52, 0x45, 0x53, 0x55, 0x52, 0x46,
    0x41, 0x43, 0x45, 0x80, 0xFD, 0x40, 0xFC, 0xDD, 0x4F, 0x4E, 0x20, 0x45, 0x42, 0x41, 0x59, 0x80,
    0x00, 0xFD, 0x40, 0x04, 0xB3, 0x28, 0x4F, 0x52, 0x20, 0x4D, 0x41, 0x4B, 0x45, 0x20, 0x43, 0x41,
    0x4D, 0x45, 0x4F, 0x53, 0x80, 0xFD, 0x40, 0xFC, 0xC3, 0x4F, 0x4E, 0x20, 0x46, 0x55, 0x54, 0x55,
    0x52, 0x41, 0x4D, 0x41, 0x29, 0x80, 0x00, 0x00, 0x00, 0x01, 0x00, 0x02, 0x00, 0x03, 0x00, 0x04,
    0x00, 0x05, 0x00, 0x07, 0x1C, 0x08, 0x0F, 0x09, 0x0F, 0x0A, 0x10, 0x0B, 0x10, 0x0C, 0x10, 0x0D,
    0x00, 0x0E, 0x20, 0xFF, 0x34, 0x10, 0x34, 0x20, 0xCE, 0x20, 0x43, 0xBD, 0xF2, 0x7D, 0x35, 0x20,
    0x35, 0x10, 0x39, 0x06, 0x1F, 0x07, 0x1C, 0x08, 0x0F, 0x09, 0x0F, 0x0A, 0x10, 0x0B, 0x0F, 0x0C,
    0x7F, 0x0D, 0x10, 0x0E, 0x00, 0xFF, 0x7F, 0xC8, 0x82, 0x8E, 0xCA, 0x90, 0xA6, 0x06, 0x27, 0x03,
    0x7C, 0xC8, 0x82, 0x30, 0x07, 0x8C, 0xCA, 0xB3, 0x26, 0xF2, 0xB6, 0xC8, 0x82, 0x26, 0x02, 0x20,
    0x2B, 0xB6, 0xC8, 0x8B, 0x86, 0x00, 0xF6, 0xC8, 0xD2, 0xBD, 0xF2, 0x56, 0xCC, 0x01, 0x00, 0xBD,
    0xF2, 0x56, 0xB6, 0xC8, 0xD2, 0xBB, 0xC8, 0xD3, 0xB7, 0xC8, 0xD2, 0x81, 0x20, 0x27, 0x06, 0x81,
    0x10, 0x27, 0x02, 0x20, 0x07, 0xB6, 0xC8, 0xD3, 0x40, 0xB7, 0xC8, 0xD3, 0x86, 0x02, 0xF6, 0xC8,
    0xD4, 0x27, 0x23, 0xBD, 0xF2, 0x56, 0xCC, 0x03, 0x02, 0xBD, 0xF2, 0x56, 0xB6, 0xC8, 0xD4, 0xB0,
    0xC8, 0xD5, 0xB7, 0xC8, 0xD4, 0x81, 0x20, 0x27, 0x06, 0x81, 0x60, 0x27, 0x02, 0x20, 0x07, 0xB6,
    0xC8, 0xD5, 0x40, 0xB7, 0xC8, 0xD5, 0xF6, 0xC8, 0xD6, 0x27, 0x24, 0xB6, 0xC8, 0x82, 0x27, 0x05,
    0xB6, 0xC8, 0x8B, 0x2B, 0x0D, 0xCB, 0x20, 0x86, 0x00, 0xBD, 0xF2, 0x56, 0xCC, 0x01, 0x00, 0xBD,
    0xF2, 0x56, 0xB6, 0xC8, 0xD6, 0x80, 0x08, 0xB7, 0xC8, 0xD6, 0x81, 0x00, 0x27, 0x01, 0x39, 0xB6,
    0xC8, 0x82, 0x26, 0x0C, 0xCC, 0x00, 0x00, 0xBD, 0xF2, 0x56, 0xCC, 0x01, 0x00, 0xBD, 0xF2, 0x56,
    0x39, 0xF6, 0xC8, 0xD6, 0x86, 0x00, 0xBD, 0xF2, 0x56, 0xCC, 0x01, 0x00, 0xBD, 0xF2, 0x56, 0x7A,
    0xC8, 0xD7, 0xB6, 0xC8, 0xD7, 0x26, 0x10, 0xBD, 0xF5, 0x11, 0xB7, 0xC8, 0xD6, 0xBD, 0xF5, 0x11,
    0x84, 0x0F, 0x8B, 0x02, 0xB7, 0xC8, 0xD7, 0xF6, 0xC8, 0xD4, 0x86, 0x02, 0xBD, 0xF2, 0x56, 0xCC,
    0x03, 0x00, 0xBD, 0xF2, 0x56, 0x7A, 0xC8, 0xD5, 0xB6, 0xC8, 0xD5, 0x26, 0x10, 0xBD, 0xF5, 0x11,
    0xB7, 0xC8, 0xD4, 0xBD, 0xF5, 0x11, 0x84, 0x0F, 0x8B, 0x02, 0xB7, 0xC8, 0xD5, 0x39, 0x86, 0xF8,
    0xB7, 0xC8, 0xD6, 0x86, 0x00, 0xB7, 0xC8, 0xD7, 0x86, 0xE4, 0xB7, 0xC8, 0xD4, 0x86, 0xF8, 0xB7,
    0xC8, 0xD5, 0xF6, 0xC8, 0xD6, 0x86, 0x00, 0xBD, 0xF2, 0x56, 0xCC, 0x01, 0x00, 0xBD, 0xF2, 0x56,
    0xF6, 0xC8, 0xD6, 0xCB, 0x07, 0x86, 0x02, 0xBD, 0xF2, 0x56, 0xCC, 0x03, 0x00, 0xBD, 0xF2, 0x56,
    0xB6, 0xC8, 0xD7, 0x27, 0x31, 0x7C, 0xC8, 0xD6, 0x7C, 0xC8, 0xD6, 0x7C, 0xC8, 0xD6, 0x7C, 0xC8,
    0xD6, 0xB6, 0xC8, 0xD6, 0xB1, 0xC8, 0xD5, 0x26, 0x4E, 0x7F, 0xC8, 0xD7, 0x7A, 0xC8, 0xD4, 0x7A,
    0xC8, 0xD5, 0x7A, 0xC8, 0xD4, 0x7A, 0xC8, 0xD5, 0x7A, 0xC8, 0xD4, 0x7A, 0xC8, 0xD5, 0x7A, 0xC8,
    0xD4, 0x7A, 0xC8, 0xD5, 0x20, 0x31, 0x7A, 0xC8, 0xD6, 0x7A, 0xC8, 0xD6, 0x7A, 0xC8, 0xD6, 0x7A,
    0xC8, 0xD6, 0xB6, 0xC8, 0xD6, 0xB1, 0xC8, 0xD4, 0x26, 0x1D, 0x86, 0x01, 0xB7, 0xC8, 0xD7, 0x7A,
    0xC8, 0xD4, 0x7A, 0xC8, 0xD5, 0x7A, 0xC8, 0xD4, 0x7A, 0xC8, 0xD5, 0x7A, 0xC8, 0xD4, 0x7A, 0xC8,
    0xD5, 0x7A, 0xC8, 0xD4, 0x7A, 0xC8, 0xD5, 0x39, 0x8E, 0xC8, 0x80, 0x6F, 0x84, 0x30, 0x01, 0x8C,
    0xCB, 0x00, 0x26, 0xF7, 0x39, 0xFF, 0xFF, 0xFF, 0xFF, 0xFF, 0xFF, 0xFF, 0xFF, 0xFF, 0xFF, 0xFF,
    0xFF, 0xFF, 0xFF, 0xFF, 0xFF, 0xFF, 0xFF, 0xFF, 0xFF, 0xFF, 0xFF, 0xFF, 0xFF, 0xFF, 0xFF, 0xFF,
    0xFF, 0xFF, 0xFF, 0xFF, 0xFF, 0xFF, 0xFF, 0xFF, 0xFF, 0xFF, 0xFF, 0xFF, 0xFF, 0xFF, 0xFF, 0xFF,
    0xFF, 0xFF, 0xFF, 0xFF, 0xFF, 0xFF, 0xFF, 0xFF, 0xFF, 0xFF, 0xFF, 0xFF, 0xFF, 0xFF, 0xFF, 0xFF,
    0xFF, 0xFF, 0xFF, 0xFF, 0xFF, 0xFF, 0xFF, 0xFF, 0xFF, 0xFF, 0xFF, 0xFF, 0xFF, 0xFF, 0xFF, 0xFF,
    0xFF, 0xFF, 0xFF, 0xFF, 0xFF, 0xFF, 0xFF, 0xFF, 0xFF, 0xFF, 0xFF, 0xFF, 0xFF, 0xFF, 0xFF, 0xFF,
    0xFF, 0xFF, 0xFF, 0xFF, 0xFF, 0xFF, 0xFF, 0xFF, 0xFF, 0xFF, 0xFF, 0xFF, 0xFF, 0xFF, 0xFF, 0xFF,
    0xFF, 0xFF, 0xFF, 0xFF, 0xFF, 0xFF, 0xFF, 0xFF, 0xFF, 0xFF, 0xFF, 0xFF, 0xFF, 0xFF, 0xFF, 0xFF,
    0xFF, 0xFF, 0xFF, 0xFF, 0xFF, 0xFF, 0xFF, 0xFF, 0xFF, 0xFF, 0xFF, 0xFF, 0xFF, 0xFF, 0xFF, 0xFF,
    0xFF, 0xFF, 0xFF, 0xFF, 0xFF, 0xFF, 0xFF, 0xFF, 0xFF, 0xFF, 0xFF, 0xFF, 0xFF, 0xFF, 0xFF, 0xFF,
    0xFF, 0xFF, 0xFF, 0xFF, 0xFF, 0xFF, 0xFF, 0xFF, 0xFF, 0xFF, 0xFF, 0xFF, 0xFF, 0xFF, 0xFF, 0xFF,
    0xFF, 0xFF, 0xFF, 0xFF, 0xFF, 0xFF, 0xFF, 0xFF, 0xFF, 0xFF, 0xFF, 0xFF, 0xFF, 0xFF, 0xFF, 0xFF,
    0xFF, 0xFF, 0xFF, 0xFF, 0xFF, 0xFF, 0xFF, 0xFF, 0xFF, 0xFF, 0xFF, 0xFF, 0xFF, 0xFF, 0xFF, 0xFF,
    0xFF, 0xFF, 0xFF, 0xFF, 0xFF, 0xFF, 0xFF, 0xFF, 0xFF, 0xFF, 0xFF, 0xFF, 0xFF, 0xFF, 0xFF, 0xFF,
    0xFF, 0xFF, 0xFF, 0xFF, 0xFF, 0xFF, 0xFF, 0xFF, 0xFF, 0xFF, 0xFF, 0xFF, 0xFF, 0xFF, 0xFF, 0xFF,
    0xFF, 0xFF, 0xFF, 0xFF, 0xFF, 0xFF, 0xFF, 0xFF, 0xFF, 0xFF, 0xFF, 0xFF, 0xFF, 0xFF, 0xFF, 0xFF,
    0xFF, 0xFF, 0xFF, 0xFF, 0xFF, 0xFF, 0xFF, 0xFF, 0xFF, 0xFF, 0xFF, 0xFF, 0xFF, 0xFF, 0xFF, 0xFF,
    0xFF, 0xFF, 0xFF, 0xFF, 0xFF, 0xFF, 0xFF, 0xFF, 0xFF, 0xFF, 0xFF, 0xFF, 0xFF, 0xFF, 0xFF, 0xFF,
    0xFF, 0xFF, 0xFF, 0xFF, 0xFF, 0xFF, 0xFF, 0xFF, 0xFF, 0xFF, 0xFF, 0xFF, 0xFF, 0xFF, 0xFF, 0xFF,
    0xFF, 0xFF, 0xFF, 0xFF, 0xFF, 0xFF, 0xFF, 0xFF, 0xFF, 0xFF, 0xFF, 0xFF, 0xFF, 0xFF, 0xFF, 0xFF,
    0xFF, 0xFF, 0xFF, 0xFF, 0xFF, 0xFF, 0xFF, 0xFF, 0xFF, 0xFF, 0xFF, 0xFF, 0xFF, 0xFF, 0xFF, 0xFF,
    0xFF, 0xFF, 0xFF, 0xFF, 0xFF, 0xFF, 0xFF, 0xFF, 0xFF, 0xFF, 0xFF, 0xFF, 0xFF, 0xFF, 0xFF, 0xFF,
    0xFF, 0xFF, 0xFF, 0xFF, 0xFF, 0xFF, 0xFF, 0xFF, 0xFF, 0xFF, 0xFF, 0xFF, 0xFF, 0xFF, 0xFF, 0xFF,
    0xFF, 0xFF, 0xFF, 0xFF, 0xFF, 0xFF, 0xFF, 0xFF, 0xFF, 0xFF, 0xFF, 0xFF, 0xFF, 0xFF, 0xFF, 0xFF,
    0xFF, 0xFF, 0xFF, 0xFF, 0xFF, 0xFF, 0xFF, 0xFF, 0xFF, 0xFF, 0xFF, 0xFF, 0xFF, 0xFF, 0xFF, 0xFF,
    0xFF, 0xFF, 0xFF, 0xFF, 0xFF, 0xFF, 0xFF, 0xFF, 0xFF, 0xFF, 0xFF, 0xFF, 0xFF, 0xFF, 0xFF, 0xFF,
    0xFF, 0xFF, 0xFF, 0xFF, 0xFF, 0xFF, 0xFF, 0xFF, 0xFF, 0xFF, 0xFF, 0xFF, 0xFF, 0xFF, 0xFF, 0xFF,
    0xFF, 0xFF, 0xFF, 0xFF, 0xFF, 0xFF, 0xFF, 0xFF, 0xFF, 0xFF, 0xFF, 0xFF, 0xFF, 0xFF, 0xFF, 0xFF,
    0xFF, 0xFF, 0xFF, 0xFF, 0xFF, 0xFF, 0xFF, 0xFF, 0xFF, 0xFF, 0xFF, 0xFF, 0xFF, 0xFF, 0xFF, 0xFF,
    0xFF, 0xFF, 0xFF, 0xFF, 0xFF, 0xFF, 0xFF, 0xFF, 0xFF, 0xFF, 0xFF, 0xFF, 0xFF, 0xFF, 0xFF, 0xFF,
    0xFF, 0xFF, 0xFF, 0xFF, 0xFF, 0xFF, 0xFF, 0xFF, 0xFF, 0xFF, 0xFF, 0xFF, 0xFF, 0xFF, 0xFF, 0xFF,
    0xFF, 0xFF, 0xFF, 0xFF, 0xFF, 0xFF, 0xFF, 0xFF, 0xFF, 0xFF, 0xFF, 0xFF, 0xFF, 0xFF, 0xFF, 0xFF,
    0xFF, 0xFF, 0xFF, 0xFF, 0xFF, 0xFF, 0xFF, 0xFF, 0xFF, 0xFF, 0xFF, 0xFF, 0xFF, 0xFF, 0xFF, 0xFF,
    0xFF, 0xFF, 0xFF, 0xFF, 0xFF, 0xFF, 0xFF, 0xFF, 0xFF, 0xFF, 0xFF, 0xFF, 0xFF, 0xFF, 0xFF, 0xFF,
    0xFF, 0xFF, 0xFF, 0xFF, 0xFF, 0xFF, 0xFF, 0xFF, 0xFF, 0xFF, 0xFF, 0xFF, 0xFF, 0xFF, 0xFF, 0xFF,
    0xFF, 0xFF, 0xFF, 0xFF, 0xFF, 0xFF, 0xFF, 0xFF, 0xFF, 0xFF, 0xFF, 0xFF, 0xFF, 0xFF, 0xFF, 0xFF,
    0xFF, 0xFF, 0xFF, 0xFF, 0xFF, 0xFF, 0xFF, 0xFF, 0xFF, 0xFF, 0xFF, 0xFF, 0xFF, 0xFF, 0xFF, 0xFF,
    0xFF, 0xFF, 0xFF, 0xFF, 0xFF, 0xFF, 0xFF, 0xFF, 0xFF, 0xFF, 0xFF, 0xFF, 0xFF, 0xFF, 0xFF, 0xFF,
    0xFF, 0xFF, 0xFF, 0xFF, 0xFF, 0xFF, 0xFF, 0xFF, 0xFF, 0xFF, 0xFF, 0xFF, 0xFF, 0xFF, 0xFF, 0xFF,
    0xFF, 0xFF, 0xFF, 0xFF, 0xFF, 0xFF, 0xFF, 0xFF, 0xFF, 0xFF, 0xFF, 0xFF, 0xFF, 0xFF, 0xFF, 0xFF,
    0xFF, 0xFF, 0xFF, 0xFF, 0xFF, 0xFF, 0xFF, 0xFF, 0xFF, 0xFF, 0xFF, 0xFF, 0xFF, 0xFF, 0xFF, 0xFF,
    0xFF, 0xFF, 0xFF, 0xFF, 0xFF, 0xFF, 0xFF, 0xFF, 0xFF, 0xFF, 0xFF, 0xFF, 0xFF, 0xFF, 0xFF, 0xFF,
    0xFF, 0xFF, 0xFF, 0xFF, 0xFF, 0xFF, 0xFF, 0xFF, 0xFF, 0xFF, 0xFF, 0xFF, 0xFF, 0xFF, 0xFF, 0xFF,
    0xFF, 0xFF, 0xFF, 0xFF, 0xFF, 0xFF, 0xFF, 0xFF, 0xFF, 0xFF, 0xFF, 0xFF, 0xFF, 0xFF, 0xFF, 0xFF,
    0xFF, 0xFF, 0xFF, 0xFF, 0xFF, 0xFF, 0xFF, 0xFF, 0xFF, 0xFF, 0xFF, 0xFF, 0xFF, 0xFF, 0xFF, 0xFF,
    0xFF, 0xFF, 0xFF, 0xFF, 0xFF, 0xFF, 0xFF, 0xFF, 0xFF, 0xFF, 0xFF, 0xFF, 0xFF, 0xFF, 0xFF, 0xFF,
    0xFF, 0xFF, 0xFF, 0xFF, 0xFF, 0xFF, 0xFF, 0xFF, 0xFF, 0xFF, 0xFF, 0xFF, 0xFF, 0xFF, 0xFF, 0xFF,
    0xFF, 0xFF, 0xFF, 0xFF, 0xFF, 0xFF, 0xFF, 0xFF, 0xFF, 0xFF, 0xFF, 0xFF, 0xFF, 0xFF, 0xFF, 0xFF,
    0xFF, 0xFF, 0xFF, 0xFF, 0xFF, 0xFF, 0xFF, 0xFF, 0xFF, 0xFF, 0xFF, 0xFF, 0xFF, 0xFF, 0xFF, 0xFF,
    0xFF, 0xFF, 0xFF, 0xFF, 0xFF, 0xFF, 0xFF, 0xFF, 0xFF, 0xFF, 0xFF, 0xFF, 0xFF, 0xFF, 0xFF, 0xFF,
    0xFF, 0xFF, 0xFF, 0xFF, 0xFF, 0xFF, 0xFF, 0xFF, 0xFF, 0xFF, 0xFF, 0xFF, 0xFF, 0xFF, 0xFF, 0xFF,
    0xFF, 0xFF, 0xFF, 0xFF, 0xFF, 0xFF, 0xFF, 0xFF, 0xFF, 0xFF, 0xFF, 0xFF, 0xFF, 0xFF, 0xFF, 0xFF,
    0xFF, 0xFF, 0xFF, 0xFF, 0xFF, 0xFF, 0xFF, 0xFF, 0xFF, 0xFF, 0xFF, 0xFF, 0xFF, 0xFF, 0xFF, 0xFF,
    0xFF, 0xFF, 0xFF, 0xFF, 0xFF, 0xFF, 0xFF, 0xFF, 0xFF, 0xFF, 0xFF, 0xFF, 0xFF, 0xFF, 0xFF, 0xFF,
    0xFF, 0xFF, 0xFF, 0xFF, 0xFF, 0xFF, 0xFF, 0xFF, 0xFF, 0xFF, 0xFF, 0xFF, 0xFF, 0xFF, 0xFF, 0xFF,
    0xFF, 0xFF, 0xFF, 0xFF, 0xFF, 0xFF, 0xFF, 0xFF, 0xFF, 0xFF, 0xFF, 0xFF, 0xFF, 0xFF, 0xFF, 0xFF,
    0xFF, 0xFF, 0xFF, 0xFF, 0xFF, 0xFF, 0xFF, 0xFF, 0xFF, 0xFF, 0xFF, 0xFF, 0xFF, 0xFF, 0xFF, 0xFF,
    0xFF, 0xFF, 0xFF, 0xFF, 0xFF, 0xFF, 0xFF, 0xFF, 0xFF, 0xFF, 0xFF, 0xFF, 0xFF, 0xFF, 0xFF, 0xFF,
    0xFF, 0xFF, 0xFF, 0xFF, 0xFF, 0xFF, 0xFF, 0xFF, 0xFF, 0xFF, 0xFF, 0xFF, 0xFF, 0xFF, 0xFF, 0xFF,
    0xFF, 0xFF, 0xFF, 0xFF, 0xFF, 0xFF, 0xFF, 0xFF, 0xFF, 0xFF, 0xFF, 0xFF, 0xFF, 0xFF, 0xFF, 0xFF,
    0xFF, 0xFF, 0xFF, 0xFF, 0xFF, 0xFF, 0xFF, 0xFF, 0xFF, 0xFF, 0xFF, 0xFF, 0xFF, 0xFF, 0xFF, 0xFF,
    0xFF, 0xFF, 0xFF, 0xFF, 0xFF, 0xFF, 0xFF, 0xFF, 0xFF, 0xFF, 0xFF, 0xFF, 0xFF, 0xFF, 0xFF, 0xFF,
    0xFF, 0xFF, 0xFF, 0xFF, 0xFF, 0xFF, 0xFF, 0xFF, 0xFF, 0xFF, 0xFF, 0xFF, 0xFF, 0xFF, 0xFF, 0xFF,
    0xFF, 0xFF, 0xFF, 0xFF, 0xFF, 0xFF, 0xFF, 0xFF, 0xFF, 0xFF, 0xFF, 0xFF, 0xFF, 0xFF, 0xFF, 0xFF,
    0xFF, 0xFF, 0xFF, 0xFF, 0xFF, 0xFF, 0xFF, 0xFF, 0xFF, 0xFF, 0xFF, 0xFF, 0xFF, 0xFF, 0xFF, 0xFF,
    0xFF, 0xFF, 0xFF, 0xFF, 0xFF, 0xFF, 0xFF, 0xFF, 0xFF, 0xFF, 0xFF, 0xFF, 0xFF, 0xFF, 0xFF, 0xFF,
    0xFF, 0xFF, 0xFF, 0xFF, 0xFF, 0xFF, 0xFF, 0xFF, 0xFF, 0xFF, 0xFF, 0xFF, 0xFF, 0xFF, 0xFF, 0xFF,
    0xFF, 0xFF, 0xFF, 0xFF, 0xFF, 0xFF, 0xFF, 0xFF, 0xFF, 0xFF, 0xFF, 0xFF, 0xFF, 0xFF, 0xFF, 0xFF,
    0xFF, 0xFF, 0xFF, 0xFF, 0xFF, 0xFF, 0xFF, 0xFF, 0xFF, 0xFF, 0xFF, 0xFF, 0xFF, 0xFF, 0xFF, 0xFF,
    0xFF, 0xFF, 0xFF, 0xFF, 0xFF, 0xFF, 0xFF, 0xFF, 0xFF, 0xFF, 0xFF, 0xFF, 0xFF, 0xFF, 0xFF, 0xFF,
    0xFF, 0xFF, 0xFF, 0xFF, 0xFF, 0xFF, 0xFF, 0xFF, 0xFF, 0xFF, 0xFF, 0xFF, 0xFF, 0xFF, 0xFF, 0xFF,
    0xFF, 0xFF, 0xFF, 0xFF, 0xFF, 0xFF, 0xFF, 0xFF, 0xFF, 0xFF, 0xFF, 0xFF, 0xFF, 0xFF, 0xFF, 0xFF,
    0xFF, 0xFF, 0xFF, 0xFF, 0xFF, 0xFF, 0xFF, 0xFF, 0xFF, 0xFF, 0xFF, 0xFF, 0xFF, 0xFF, 0xFF, 0xFF,
    0xFF, 0xFF, 0xFF, 0xFF, 0xFF, 0xFF, 0xFF, 0xFF, 0xFF, 0xFF, 0xFF, 0xFF, 0xFF, 0xFF, 0xFF, 0xFF,
    0xFF, 0xFF, 0xFF, 0xFF, 0xFF, 0xFF, 0xFF, 0xFF, 0xFF, 0xFF, 0xFF, 0xFF, 0xFF, 0xFF, 0xFF, 0xFF,
    0xFF, 0xFF, 0xFF, 0xFF, 0xFF, 0xFF, 0xFF, 0xFF, 0xFF, 0xFF, 0xFF, 0xFF, 0xFF, 0xFF, 0xFF, 0xFF,
    0xFF, 0xFF, 0xFF, 0xFF, 0xFF, 0xFF, 0xFF, 0xFF, 0xFF, 0xFF, 0xFF, 0xFF, 0xFF, 0xFF, 0xFF, 0xFF,
    0xFF, 0xFF, 0xFF, 0xFF, 0xFF, 0xFF, 0xFF, 0xFF, 0xFF, 0xFF, 0xFF, 0xFF, 0xFF, 0xFF, 0xFF, 0xFF,
    0xFF, 0xFF, 0xFF, 0xFF, 0xFF, 0xFF, 0xFF, 0xFF, 0xFF, 0xFF, 0xFF, 0xFF, 0xFF, 0xFF, 0xFF, 0xFF,
    0xFF, 0xFF, 0xFF, 0xFF, 0xFF, 0xFF, 0xFF, 0xFF, 0xFF, 0xFF, 0xFF, 0xFF, 0xFF, 0xFF, 0xFF, 0xFF,
    0xFF, 0xFF, 0xFF, 0xFF, 0xFF, 0xFF, 0xFF, 0xFF, 0xFF, 0xFF, 0xFF, 0xFF, 0xFF, 0xFF, 0xFF, 0xFF,
    0xFF, 0xFF, 0xFF, 0xFF, 0xFF, 0xFF, 0xFF, 0xFF, 0xFF, 0xFF, 0xFF, 0xFF, 0xFF, 0xFF, 0xFF, 0xFF,
    0xFF, 0xFF, 0xFF, 0xFF, 0xFF, 0xFF, 0xFF, 0xFF, 0xFF, 0xFF, 0xFF, 0xFF, 0xFF, 0xFF, 0xFF, 0xFF,
    0xFF, 0xFF, 0xFF, 0xFF, 0xFF, 0xFF, 0xFF, 0xFF, 0xFF, 0xFF, 0xFF, 0xFF, 0xFF, 0xFF, 0xFF, 0xFF,
    0xFF, 0xFF, 0xFF, 0xFF, 0xFF, 0xFF, 0xFF, 0xFF, 0xFF, 0xFF, 0xFF, 0xFF, 0xFF, 0xFF, 0xFF, 0xFF,
    0xFF, 0xFF, 0xFF, 0xFF, 0xFF, 0xFF, 0xFF, 0xFF, 0xFF, 0xFF, 0xFF, 0xFF, 0xFF, 0xFF, 0xFF, 0xFF,
    0xFF, 0xFF, 0xFF, 0xFF, 0xFF, 0xFF, 0xFF, 0xFF, 0xFF, 0xFF, 0xFF, 0xFF, 0xFF, 0xFF, 0xFF, 0xFF,
    0xFF, 0xFF, 0xFF, 0xFF, 0xFF, 0xFF, 0xFF, 0xFF, 0xFF, 0xFF, 0xFF, 0xFF, 0xFF, 0xFF, 0xFF, 0xFF,
    0xFF, 0xFF, 0xFF, 0xFF, 0xFF, 0xFF, 0xFF, 0xFF, 0xFF, 0xFF, 0xFF, 0xFF, 0xFF, 0xFF, 0xFF, 0xFF,
    0xFF, 0xFF, 0xFF, 0xFF, 0xFF, 0xFF, 0xFF, 0xFF, 0xFF, 0xFF, 0xFF, 0xFF, 0xFF, 0xFF, 0xFF, 0xFF,
    0xFF, 0xFF, 0xFF, 0xFF, 0xFF, 0xFF, 0xFF, 0xFF, 0xFF, 0xFF, 0xFF, 0xFF, 0xFF, 0xFF, 0xFF, 0xFF,
    0xFF, 0xFF, 0xFF, 0xFF, 0xFF, 0xFF, 0xFF, 0xFF, 0xFF, 0xFF, 0xFF, 0xFF, 0xFF, 0xFF, 0xFF, 0xFF,
    0xFF, 0xFF, 0xFF, 0xFF, 0xFF, 0xFF, 0xFF, 0xFF, 0xFF, 0xFF, 0xFF, 0xFF, 0xFF, 0xFF, 0xFF, 0xFF,
    0xFF, 0xFF, 0xFF, 0xFF, 0xFF, 0xFF, 0xFF, 0xFF, 0xFF, 0xFF, 0xFF, 0xFF, 0xFF, 0xFF, 0xFF, 0xFF,
    0xFF, 0xFF, 0xFF, 0xFF, 0xFF, 0xFF, 0xFF, 0xFF, 0xFF, 0xFF, 0xFF, 0xFF, 0xFF, 0xFF, 0xFF, 0xFF,
    0xFF, 0xFF, 0xFF, 0xFF, 0xFF, 0xFF, 0xFF, 0xFF, 0xFF, 0xFF, 0xFF, 0xFF, 0xFF, 0xFF, 0xFF, 0xFF,
    0xFF, 0xFF, 0xFF, 0xFF, 0xFF, 0xFF, 0xFF, 0xFF, 0xFF, 0xFF, 0xFF, 0xFF, 0xFF, 0xFF, 0xFF, 0xFF,
    0xFF, 0xFF, 0xFF, 0xFF, 0xFF, 0xFF, 0xFF, 0xFF, 0xFF, 0xFF, 0xFF, 0xFF, 0xFF, 0xFF, 0xFF, 0xFF,
    0xFF, 0xFF, 0xFF, 0xFF, 0xFF, 0xFF, 0xFF, 0xFF, 0xFF, 0xFF, 0xFF, 0xFF, 0xFF, 0xFF, 0xFF, 0xFF,
    0xFF, 0xFF, 0xFF, 0xFF, 0xFF, 0xFF, 0xFF, 0xFF, 0xFF, 0xFF, 0xFF, 0xFF, 0xFF, 0xFF, 0xFF, 0xFF,
    0xFF, 0xFF, 0xFF, 0xFF, 0xFF, 0xFF, 0xFF, 0xFF, 0xFF, 0xFF, 0xFF, 0xFF, 0xFF, 0xFF, 0xFF, 0xFF,
    0xFF, 0xFF, 0xFF, 0xFF, 0xFF, 0xFF, 0xFF, 0xFF, 0xFF, 0xFF, 0xFF, 0xFF, 0xFF, 0xFF, 0xFF, 0xFF,
    0xFF, 0xFF, 0xFF, 0xFF, 0xFF, 0xFF, 0xFF, 0xFF, 0xFF, 0xFF, 0xFF, 0xFF, 0xFF, 0xFF, 0xFF, 0xFF,
    0xFF, 0xFF, 0xFF, 0xFF, 0xFF, 0xFF, 0xFF, 0xFF, 0xFF, 0xFF, 0xFF, 0xFF, 0xFF, 0xFF, 0xFF, 0xFF,
    0xFF, 0xFF, 0xFF, 0xFF, 0xFF, 0xFF, 0xFF, 0xFF, 0xFF, 0xFF, 0xFF, 0xFF, 0xFF, 0xFF, 0xFF, 0xFF,
    0xFF, 0xFF, 0xFF, 0xFF, 0xFF, 0xFF, 0xFF, 0xFF, 0xFF, 0xFF, 0xFF, 0xFF, 0xFF, 0xFF, 0xFF, 0xFF,
    0xFF, 0xFF, 0xFF, 0xFF, 0xFF, 0xFF, 0xFF, 0xFF, 0xFF, 0xFF, 0xFF, 0xFF, 0xFF, 0xFF, 0xFF, 0xFF,
    0xFF, 0xFF, 0xFF, 0xFF, 0xFF, 0xFF, 0xFF, 0xFF, 0xFF, 0xFF, 0xFF, 0xFF, 0xFF, 0xFF, 0xFF, 0xFF,
    0xFF, 0xFF, 0xFF, 0xFF, 0xFF, 0xFF, 0xFF, 0xFF, 0xFF, 0xFF, 0xFF, 0xFF, 0xFF, 0xFF, 0xFF, 0xFF,
    0xFF, 0xFF, 0xFF, 0xFF, 0xFF, 0xFF, 0xFF, 0xFF, 0xFF, 0xFF, 0xFF, 0xFF, 0xFF, 0xFF, 0xFF, 0xFF,
    0xFF, 0xFF, 0xFF, 0xFF, 0xFF, 0xFF, 0xFF, 0xFF, 0xFF, 0xFF, 0xFF, 0xFF, 0xFF, 0xFF, 0xFF, 0xFF,
    0xFF, 0xFF, 0xFF, 0xFF, 0xFF, 0xFF, 0xFF, 0xFF, 0xFF, 0xFF, 0xFF, 0xFF, 0xFF, 0xFF, 0xFF, 0xFF,
    0xFF, 0xFF, 0xFF, 0xFF, 0xFF, 0xFF, 0xFF, 0xFF, 0xFF, 0xFF, 0xFF, 0xFF, 0xFF, 0xFF, 0xFF, 0xFF,
    0xFF, 0xFF, 0xFF, 0xFF, 0xFF, 0xFF, 0xFF, 0xFF, 0xFF, 0xFF, 0xFF, 0xFF, 0xFF, 0xFF, 0xFF, 0xFF,
    0xFF, 0xFF, 0xFF, 0xFF, 0xFF, 0xFF, 0xFF, 0xFF, 0xFF, 0xFF, 0xFF, 0xFF, 0xFF, 0xFF, 0xFF, 0xFF,
    0xFF, 0xFF, 0xFF, 0xFF, 0xFF, 0xFF, 0xFF, 0xFF, 0xFF, 0xFF, 0xFF, 0xFF, 0xFF, 0xFF, 0xFF, 0xFF,
    0xFF, 0xFF, 0xFF, 0xFF, 0xFF, 0xFF, 0xFF, 0xFF, 0xFF, 0xFF, 0xFF, 0xFF, 0xFF, 0xFF, 0xFF, 0xFF,
    0xFF, 0xFF, 0xFF, 0xFF, 0xFF, 0xFF, 0xFF, 0xFF, 0xFF, 0xFF, 0xFF, 0xFF, 0xFF, 0xFF, 0xFF, 0xFF,
    0xFF, 0xFF, 0xFF, 0xFF, 0xFF, 0xFF, 0xFF, 0xFF, 0xFF, 0xFF, 0xFF, 0xFF, 0xFF, 0xFF, 0xFF, 0xFF,
    0xFF, 0xFF, 0xFF, 0xFF, 0xFF, 0xFF, 0xFF, 0xFF, 0xFF, 0xFF, 0xFF, 0xFF, 0xFF, 0xFF, 0xFF, 0xFF,
    0xFF, 0xFF, 0xFF, 0xFF, 0xFF, 0xFF, 0xFF, 0xFF, 0xFF, 0xFF, 0xFF, 0xFF, 0xFF, 0xFF, 0xFF, 0xFF,
    0xFF, 0xFF, 0xFF, 0xFF, 0xFF, 0xFF, 0xFF, 0xFF, 0xFF, 0xFF, 0xFF, 0xFF, 0xFF, 0xFF, 0xFF, 0xFF,
    0xFF, 0xFF, 0xFF, 0xFF, 0xFF, 0xFF, 0xFF, 0xFF, 0xFF, 0xFF, 0xFF, 0xFF, 0xFF, 0xFF, 0xFF, 0xFF,
    0xFF, 0xFF, 0xFF, 0xFF, 0xFF, 0xFF, 0xFF, 0xFF, 0xFF, 0xFF, 0xFF, 0xFF, 0xFF, 0xFF, 0xFF, 0xFF,
    0xFF, 0xFF, 0xFF, 0xFF, 0xFF, 0xFF, 0xFF, 0xFF, 0xFF, 0xFF, 0xFF, 0xFF, 0xFF, 0xFF, 0xFF, 0xFF,
    0xFF, 0xFF, 0xFF, 0xFF, 0xFF, 0xFF, 0xFF, 0xFF, 0xFF, 0xFF, 0xFF, 0xFF, 0xFF, 0xFF, 0xFF, 0xFF,
    0xFF, 0xFF, 0xFF, 0xFF, 0xFF, 0xFF, 0xFF, 0xFF, 0xFF, 0xFF, 0xFF, 0xFF, 0xFF, 0xFF, 0xFF, 0xFF,
    0xFF, 0xFF, 0xFF, 0xFF, 0xFF, 0xFF, 0xFF, 0xFF, 0xFF, 0xFF, 0xFF, 0xFF, 0xFF, 0xFF, 0xFF, 0xFF,
    0xFF, 0xFF, 0xFF, 0xFF, 0xFF, 0xFF, 0xFF, 0xFF, 0xFF, 0xFF, 0xFF, 0xFF, 0xFF, 0xFF, 0xFF, 0xFF,
    0xFF, 0xFF, 0xFF, 0xFF, 0xFF, 0xFF, 0xFF, 0xFF, 0xFF, 0xFF, 0xFF, 0xFF, 0xFF, 0xFF, 0xFF, 0xFF,
    0xFF, 0xFF, 0xFF, 0xFF, 0xFF, 0xFF, 0xFF, 0xFF, 0xFF, 0xFF, 0xFF, 0xFF, 0xFF, 0xFF, 0xFF, 0xFF,
    0xFF, 0xFF, 0xFF, 0xFF, 0xFF, 0xFF, 0xFF, 0xFF, 0xFF, 0xFF, 0xFF, 0xFF, 0xFF, 0xFF, 0xFF, 0xFF,
    0xFF, 0xFF, 0xFF, 0xFF, 0xFF, 0xFF, 0xFF, 0xFF, 0xFF, 0xFF, 0xFF, 0xFF, 0xFF, 0xFF, 0xFF, 0xFF,
    0xFF, 0xFF, 0xFF, 0xFF, 0xFF, 0xFF, 0xFF, 0xFF, 0xFF, 0xFF, 0xFF, 0xFF, 0xFF, 0xFF, 0xFF, 0xFF,
    0xFF, 0xFF, 0xFF, 0xFF, 0xFF, 0xFF, 0xFF, 0xFF, 0xFF, 0xFF, 0xFF, 0xFF, 0xFF, 0xFF, 0xFF, 0xFF,
    0xFF, 0xFF, 0xFF, 0xFF, 0xFF, 0xFF, 0xFF, 0xFF, 0xFF, 0xFF, 0xFF, 0xFF, 0xFF, 0xFF, 0xFF, 0xFF,
    0xFF, 0xFF, 0xFF, 0xFF, 0xFF, 0xFF, 0xFF, 0xFF, 0xFF, 0xFF, 0xFF, 0xFF, 0xFF, 0xFF, 0xFF, 0xFF,
    0xFF, 0xFF, 0xFF, 0xFF, 0xFF, 0xFF, 0xFF, 0xFF, 0xFF, 0xFF, 0xFF, 0xFF, 0xFF, 0xFF, 0xFF, 0xFF,
    0xFF, 0xFF, 0xFF, 0xFF, 0xFF, 0xFF, 0xFF, 0xFF, 0xFF, 0xFF, 0xFF, 0xFF, 0xFF, 0xFF, 0xFF, 0xFF,
    0xFF, 0xFF, 0xFF, 0xFF, 0xFF, 0xFF, 0xFF, 0xFF, 0xFF, 0xFF, 0xFF, 0xFF, 0xFF, 0xFF, 0xFF, 0xFF,
    0xFF, 0xFF, 0xFF, 0xFF, 0xFF, 0xFF, 0xFF, 0xFF, 0xFF, 0xFF, 0xFF, 0xFF, 0xFF, 0xFF, 0xFF, 0xFF,
    0xFF, 0xFF, 0xFF, 0xFF, 0xFF, 0xFF, 0xFF, 0xFF, 0xFF, 0xFF, 0xFF, 0xFF, 0xFF, 0xFF, 0xFF, 0xFF,
    0xFF, 0xFF, 0xFF, 0xFF, 0xFF, 0xFF, 0xFF, 0xFF, 0xFF, 0xFF, 0xFF, 0xFF, 0xFF, 0xFF, 0xFF, 0xFF,
    0xFF, 0xFF, 0xFF, 0xFF, 0xFF, 0xFF, 0xFF, 0xFF, 0xFF, 0xFF, 0xFF, 0xFF, 0xFF, 0xFF, 0xFF, 0xFF,
    0xFF, 0xFF, 0xFF, 0xFF, 0xFF, 0xFF, 0xFF, 0xFF, 0xFF, 0xFF, 0xFF, 0xFF, 0xFF, 0xFF, 0xFF, 0xFF,
    0xFF, 0xFF, 0xFF, 0xFF, 0xFF, 0xFF, 0xFF, 0xFF, 0xFF, 0xFF, 0xFF, 0xFF, 0xFF, 0xFF, 0xFF, 0xFF,
    0xFF, 0xFF, 0xFF, 0xFF, 0xFF, 0xFF, 0xFF, 0xFF, 0xFF, 0xFF, 0xFF, 0xFF, 0xFF, 0xFF, 0xFF, 0xFF,
    0xFF, 0xFF, 0xFF, 0xFF, 0xFF, 0xFF, 0xFF, 0xFF, 0xFF, 0xFF, 0xFF, 0xFF, 0xFF, 0xFF, 0xFF, 0xFF,
    0xFF, 0xFF, 0xFF, 0xFF, 0xFF, 0xFF, 0xFF, 0xFF, 0xFF, 0xFF, 0xFF, 0xFF, 0xFF, 0xFF, 0xFF, 0xFF,
    0xFF, 0xFF, 0xFF, 0xFF, 0xFF, 0xFF, 0xFF, 0xFF, 0xFF, 0xFF, 0xFF, 0xFF, 0xFF, 0xFF, 0xFF, 0xFF,
    0xFF, 0xFF, 0xFF, 0xFF, 0xFF, 0xFF, 0xFF, 0xFF, 0xFF, 0xFF, 0xFF, 0xFF, 0xFF, 0xFF, 0xFF, 0xFF,
    0xFF, 0xFF, 0xFF, 0xFF, 0xFF, 0xFF, 0xFF, 0xFF, 0xFF, 0xFF, 0xFF, 0xFF, 0xFF, 0xFF, 0xFF, 0xFF,
    0xFF, 0xFF, 0xFF, 0xFF, 0xFF, 0xFF, 0xFF, 0xFF, 0xFF, 0xFF, 0xFF, 0xFF, 0xFF, 0xFF, 0xFF, 0xFF,
    0xFF, 0xFF, 0xFF, 0xFF, 0xFF, 0xFF, 0xFF, 0xFF, 0xFF, 0xFF, 0xFF, 0xFF, 0xFF, 0xFF, 0xFF, 0xFF,
    0xFF, 0xFF, 0xFF, 0xFF, 0xFF, 0xFF, 0xFF, 0xFF, 0xFF, 0xFF, 0xFF, 0xFF, 0xFF, 0xFF, 0xFF, 0xFF,
    0xFF, 0xFF, 0xFF, 0xFF, 0xFF, 0xFF, 0xFF, 0xFF, 0xFF, 0xFF, 0xFF, 0xFF, 0xFF, 0xFF, 0xFF, 0xFF,
    0xFF, 0xFF, 0xFF, 0xFF, 0xFF, 0xFF, 0xFF, 0xFF, 0xFF, 0xFF, 0xFF, 0xFF, 0xFF, 0xFF, 0xFF, 0xFF,
    0xFF, 0xFF, 0xFF, 0xFF, 0xFF, 0xFF, 0xFF, 0xFF, 0xFF, 0xFF, 0xFF, 0xFF, 0xFF, 0xFF, 0xFF, 0xFF,
    0xFF, 0xFF, 0xFF, 0xFF, 0xFF, 0xFF, 0xFF, 0xFF, 0xFF, 0xFF, 0xFF, 0xFF, 0xFF, 0xFF, 0xFF, 0xFF,
    0xFF, 0xFF, 0xFF, 0xFF, 0xFF, 0xFF, 0xFF, 0xFF, 0xFF, 0xFF, 0xFF, 0xFF, 0xFF, 0xFF, 0xFF, 0xFF,
    0xFF, 0xFF, 0xFF, 0xFF, 0xFF, 0xFF, 0xFF, 0xFF, 0xFF, 0xFF, 0xFF, 0xFF, 0xFF, 0xFF, 0xFF, 0xFF,
    0xFF, 0xFF, 0xFF, 0xFF, 0xFF, 0xFF, 0xFF, 0xFF, 0xFF, 0xFF, 0xFF, 0xFF, 0xFF, 0xFF, 0xFF, 0xFF,
    0xFF, 0xFF, 0xFF, 0xFF, 0xFF, 0xFF, 0xFF, 0xFF, 0xFF, 0xFF, 0xFF, 0xFF, 0xFF, 0xFF, 0xFF, 0xFF,
    0xFF, 0xFF, 0xFF, 0xFF, 0xFF, 0xFF, 0xFF, 0xFF, 0xFF, 0xFF, 0xFF, 0xFF, 0xFF, 0xFF, 0xFF, 0xFF,
    0xFF, 0xFF, 0xFF, 0xFF, 0xFF, 0xFF, 0xFF, 0xFF, 0xFF, 0xFF, 0xFF, 0xFF, 0xFF, 0xFF, 0xFF, 0xFF,
    0xFF, 0xFF, 0xFF, 0xFF, 0xFF, 0xFF, 0xFF, 0xFF, 0xFF, 0xFF, 0xFF, 0xFF, 0xFF, 0xFF, 0xFF, 0xFF,
    0xFF, 0xFF, 0xFF, 0xFF, 0xFF, 0xFF, 0xFF, 0xFF, 0xFF, 0xFF, 0xFF, 0xFF, 0xFF, 0xFF, 0xFF, 0xFF,
    0xFF, 0xFF, 0xFF, 0xFF, 0xFF, 0xFF, 0xFF, 0xFF, 0xFF, 0xFF, 0xFF, 0xFF, 0xFF, 0xFF, 0xFF, 0xFF,
    0xFF, 0xFF, 0xFF, 0xFF, 0xFF, 0xFF, 0xFF, 0xFF, 0xFF, 0xFF, 0xFF, 0xFF, 0xFF, 0xFF, 0xFF, 0xFF,
    0xFF, 0xFF, 0xFF, 0xFF, 0xFF, 0xFF, 0xFF, 0xFF, 0xFF, 0xFF, 0xFF, 0xFF, 0xFF, 0xFF, 0xFF, 0xFF,
    0xFF, 0xFF, 0xFF, 0xFF, 0xFF, 0xFF, 0xFF, 0xFF, 0xFF, 0xFF, 0xFF, 0xFF, 0xFF, 0xFF, 0xFF, 0xFF,
    0xFF, 0xFF, 0xFF, 0xFF, 0xFF, 0xFF, 0xFF, 0xFF, 0xFF, 0xFF, 0xFF, 0xFF, 0xFF, 0xFF, 0xFF, 0xFF,
    0xFF, 0xFF, 0xFF, 0xFF, 0xFF, 0xFF, 0xFF, 0xFF, 0xFF, 0xFF, 0xFF, 0xFF, 0xFF, 0xFF, 0xFF, 0xFF,
    0xFF, 0xFF, 0xFF, 0xFF, 0xFF, 0xFF, 0xFF, 0xFF, 0xFF, 0xFF, 0xFF, 0xFF, 0xFF, 0xFF, 0xFF, 0xFF,
    0xFF, 0xFF, 0xFF, 0xFF, 0xFF, 0xFF, 0xFF, 0xFF, 0xFF, 0xFF, 0xFF, 0xFF, 0xFF, 0xFF, 0xFF, 0xFF,
    0xFF, 0xFF, 0xFF, 0xFF, 0xFF, 0xFF, 0xFF, 0xFF, 0xFF, 0xFF, 0xFF, 0xFF, 0xFF, 0xFF, 0xFF, 0xFF,
    0xFF, 0xFF, 0xFF, 0xFF, 0xFF, 0xFF, 0xFF, 0xFF, 0xFF, 0xFF, 0xFF, 0xFF, 0xFF, 0xFF, 0xFF, 0xFF,
    0xFF, 0xFF, 0xFF, 0xFF, 0xFF, 0xFF, 0xFF, 0xFF, 0xFF, 0xFF, 0xFF, 0xFF, 0xFF, 0xFF, 0xFF, 0xFF,
    0xFF, 0xFF, 0xFF, 0xFF, 0xFF, 0xFF, 0xFF, 0xFF, 0xFF, 0xFF, 0xFF, 0xFF, 0xFF, 0xFF, 0xFF, 0xFF,
    0xFF, 0xFF, 0xFF, 0xFF, 0xFF, 0xFF, 0xFF, 0xFF, 0xFF, 0xFF, 0xFF, 0xFF, 0xFF, 0xFF, 0xFF, 0xFF,
    0xFF, 0xFF, 0xFF, 0xFF, 0xFF, 0xFF, 0xFF, 0xFF, 0xFF, 0xFF, 0xFF, 0xFF, 0xFF, 0xFF, 0xFF, 0xFF,
    0xFF, 0xFF, 0xFF, 0xFF, 0xFF, 0xFF, 0xFF, 0xFF, 0xFF, 0xFF, 0xFF, 0xFF, 0xFF, 0xFF, 0xFF, 0xFF,
    0xFF, 0xFF, 0xFF, 0xFF, 0xFF, 0xFF, 0xFF, 0xFF, 0xFF, 0xFF, 0xFF, 0xFF, 0xFF, 0xFF, 0xFF, 0xFF,
    0xFF, 0xFF, 0xFF, 0xFF, 0xFF, 0xFF, 0xFF, 0xFF, 0xFF, 0xFF, 0xFF, 0xFF, 0xFF, 0xFF, 0xFF, 0xFF,
    0xFF, 0xFF, 0xFF, 0xFF, 0xFF, 0xFF, 0xFF, 0xFF, 0xFF, 0xFF, 0xFF, 0xFF, 0xFF, 0xFF, 0xFF, 0xFF,
    0xFF, 0xFF, 0xFF, 0xFF, 0xFF, 0xFF, 0xFF, 0xFF, 0xFF, 0xFF, 0xFF, 0xFF, 0xFF, 0xFF, 0xFF, 0xFF,
    0xFF, 0xFF, 0xFF, 0xFF, 0xFF, 0xFF, 0xFF, 0xFF, 0xFF, 0xFF, 0xFF, 0xFF, 0xFF, 0xFF, 0xFF, 0xFF,
    0xFF, 0xFF, 0xFF, 0xFF, 0xFF, 0xFF, 0xFF, 0xFF, 0xFF, 0xFF, 0xFF, 0xFF, 0xFF, 0xFF, 0xFF, 0xFF,
    0xFF, 0xFF, 0xFF, 0xFF, 0xFF, 0xFF, 0xFF, 0xFF, 0xFF, 0xFF, 0xFF, 0xFF, 0xFF, 0xFF, 0xFF, 0xFF,
    0xFF, 0xFF, 0xFF, 0xFF, 0xFF, 0xFF, 0xFF, 0xFF, 0xFF, 0xFF, 0xFF, 0xFF, 0xFF, 0xFF, 0xFF, 0xFF,
    0xFF, 0xFF, 0xFF, 0xFF, 0xFF, 0xFF, 0xFF, 0xFF, 0xFF, 0xFF, 0xFF, 0xFF, 0xFF, 0xFF, 0xFF, 0xFF,
    0xFF, 0xFF, 0xFF, 0xFF, 0xFF, 0xFF, 0xFF, 0xFF, 0xFF, 0xFF, 0xFF, 0xFF, 0xFF, 0xFF, 0xFF, 0xFF,
    0xFF, 0xFF, 0xFF, 0xFF, 0xFF, 0xFF, 0xFF, 0xFF, 0xFF, 0xFF, 0xFF, 0xFF, 0xFF, 0xFF, 0xFF, 0xFF,
    0xFF, 0xFF, 0xFF, 0xFF, 0xFF, 0xFF, 0xFF, 0xFF, 0xFF, 0xFF, 0xFF, 0xFF, 0xFF, 0xFF, 0xFF, 0xFF,
    0xFF, 0xFF, 0xFF, 0xFF, 0xFF, 0xFF, 0xFF, 0xFF, 0xFF, 0xFF, 0xFF, 0xFF, 0xFF, 0xFF, 0xFF, 0xFF,
    0xFF, 0xFF, 0xFF, 0xFF, 0xFF, 0xFF, 0xFF, 0xFF, 0xFF, 0xFF, 0xFF, 0xFF, 0xFF, 0xFF, 0xFF, 0xFF,
    0xFF, 0xFF, 0xFF, 0xFF, 0xFF, 0xFF, 0xFF, 0xFF, 0xFF, 0xFF, 0xFF, 0xFF, 0xFF, 0xFF, 0xFF, 0xFF,
    0xFF, 0xFF, 0xFF, 0xFF, 0xFF, 0xFF, 0xFF, 0xFF, 0xFF, 0xFF, 0xFF, 0xFF, 0xFF, 0xFF, 0xFF, 0xFF,
    0xFF, 0xFF, 0xFF, 0xFF, 0xFF, 0xFF, 0xFF, 0xFF, 0xFF, 0xFF, 0xFF, 0xFF, 0xFF, 0xFF, 0xFF, 0xFF,
    0xFF, 0xFF, 0xFF, 0xFF, 0xFF, 0xFF, 0xFF, 0xFF, 0xFF, 0xFF, 0xFF, 0xFF, 0xFF, 0xFF, 0xFF, 0xFF,
    0xFF, 0xFF, 0xFF, 0xFF, 0xFF, 0xFF, 0xFF, 0xFF, 0xFF, 0xFF, 0xFF, 0xFF, 0xFF, 0xFF, 0xFF, 0xFF,
    0xFF, 0xFF, 0xFF, 0xFF, 0xFF, 0xFF, 0xFF, 0xFF, 0xFF, 0xFF, 0xFF, 0xFF, 0xFF, 0xFF, 0xFF, 0xFF,
    0xFF, 0xFF, 0xFF, 0xFF, 0xFF, 0xFF, 0xFF, 0xFF, 0xFF, 0xFF, 0xFF, 0xFF, 0xFF, 0xFF, 0xFF, 0xFF,
    0xFF, 0xFF, 0xFF, 0xFF, 0xFF, 0xFF, 0xFF, 0xFF, 0xFF, 0xFF, 0xFF, 0xFF, 0xFF, 0xFF, 0xFF, 0xFF,
    0xFF, 0xFF, 0xFF, 0xFF, 0xFF, 0xFF, 0xFF, 0xFF, 0xFF, 0xFF, 0xFF, 0xFF, 0xFF, 0xFF, 0xFF, 0xFF,
    0xFF, 0xFF, 0xFF, 0xFF, 0xFF, 0xFF, 0xFF, 0xFF, 0xFF, 0xFF, 0xFF, 0xFF, 0xFF, 0xFF, 0xFF, 0xFF,
    0xFF, 0xFF, 0xFF, 0xFF, 0xFF, 0xFF, 0xFF, 0xFF, 0xFF, 0xFF, 0xFF, 0xFF, 0xFF, 0xFF, 0xFF, 0xFF,
    0xFF, 0xFF, 0xFF, 0xFF, 0xFF, 0xFF, 0xFF, 0xFF, 0xFF, 0xFF, 0xFF, 0xFF, 0xFF, 0xFF, 0xFF, 0xFF,
    0xFF, 0xFF, 0xFF, 0xFF, 0xFF, 0xFF, 0xFF, 0xFF, 0xFF, 0xFF, 0xFF, 0xFF, 0xFF, 0xFF, 0xFF, 0xFF,
    0xFF, 0xFF, 0xFF, 0xFF, 0xFF, 0xFF, 0xFF, 0xFF, 0xFF, 0xFF, 0xFF, 0xFF, 0xFF, 0xFF, 0xFF, 0xFF,
    0xFF, 0xFF, 0xFF, 0xFF, 0xFF, 0xFF, 0xFF, 0xFF, 0xFF, 0xFF, 0xFF, 0xFF, 0xFF, 0xFF, 0xFF, 0xFF,
    0xFF, 0xFF, 0xFF, 0xFF, 0xFF, 0xFF, 0xFF, 0xFF, 0xFF, 0xFF, 0xFF, 0xFF, 0xFF, 0xFF, 0xFF, 0xFF,
    0xFF, 0xFF, 0xFF, 0xFF, 0xFF, 0xFF, 0xFF, 0xFF, 0xFF, 0xFF, 0xFF, 0xFF, 0xFF, 0xFF, 0xFF, 0xFF,
    0xFF, 0xFF, 0xFF, 0xFF, 0xFF, 0xFF, 0xFF, 0xFF, 0xFF, 0xFF, 0xFF, 0xFF, 0xFF, 0xFF, 0xFF, 0xFF,
    0xFF, 0xFF, 0xFF, 0xFF, 0xFF, 0xFF, 0xFF, 0xFF, 0xFF, 0xFF, 0xFF, 0xFF, 0xFF, 0xFF, 0xFF, 0xFF,
    0xFF, 0xFF, 0xFF, 0xFF, 0xFF, 0xFF, 0xFF, 0xFF, 0xFF, 0xFF, 0xFF, 0xFF, 0xFF, 0xFF, 0xFF, 0xFF,
    0xFF, 0xFF, 0xFF, 0xFF, 0xFF, 0xFF, 0xFF, 0xFF, 0xFF, 0xFF, 0xFF, 0xFF, 0xFF, 0xFF, 0xFF, 0xFF,
    0xFF, 0xFF, 0xFF, 0xFF, 0xFF, 0xFF, 0xFF, 0xFF, 0xFF, 0xFF, 0xFF, 0xFF, 0xFF, 0xFF, 0xFF, 0xFF,
    0xFF, 0xFF, 0xFF, 0xFF, 0xFF, 0xFF, 0xFF, 0xFF, 0xFF, 0xFF, 0xFF, 0xFF, 0xFF, 0xFF, 0xFF, 0xFF,
    0xFF, 0xFF, 0xFF, 0xFF, 0xFF, 0xFF, 0xFF, 0xFF, 0xFF, 0xFF, 0xFF, 0xFF, 0xFF, 0xFF, 0xFF, 0xFF,
    0xFF, 0xFF, 0xFF, 0xFF, 0xFF, 0xFF, 0xFF, 0xFF, 0xFF, 0xFF, 0xFF, 0xFF, 0xFF, 0xFF, 0xFF, 0xFF,
    0xFF, 0xFF, 0xFF, 0xFF, 0xFF, 0xFF, 0xFF, 0xFF, 0xFF, 0xFF, 0xFF, 0xFF, 0xFF, 0xFF, 0xFF, 0xFF,
    0xFF, 0xFF, 0xFF, 0xFF, 0xFF, 0xFF, 0xFF, 0xFF, 0xFF, 0xFF, 0xFF, 0xFF, 0xFF, 0xFF, 0xFF, 0xFF,
    0xFF, 0xFF, 0xFF, 0xFF, 0xFF, 0xFF, 0xFF, 0xFF, 0xFF, 0xFF, 0xFF, 0xFF, 0xFF, 0xFF, 0xFF, 0xFF,
    0xFF, 0xFF, 0xFF, 0xFF, 0xFF, 0xFF, 0xFF, 0xFF, 0xFF, 0xFF, 0xFF, 0xFF, 0xFF, 0xFF, 0xFF, 0xFF,
    0xFF, 0xFF, 0xFF, 0xFF, 0xFF, 0xFF, 0xFF, 0xFF, 0xFF, 0xFF, 0xFF, 0xFF, 0xFF, 0xFF, 0xFF, 0xFF,
    0xFF, 0xFF, 0xFF, 0xFF, 0xFF, 0xFF, 0xFF, 0xFF, 0xFF, 0xFF, 0xFF, 0xFF, 0xFF, 0xFF, 0xFF, 0xFF,
    0xFF, 0xFF, 0xFF, 0xFF, 0xFF, 0xFF, 0xFF, 0xFF, 0xFF, 0xFF, 0xFF, 0xFF, 0xFF, 0xFF, 0xFF, 0xFF,
    0xFF, 0xFF, 0xFF, 0xFF, 0xFF, 0xFF, 0xFF, 0xFF, 0xFF, 0xFF, 0xFF, 0xFF, 0xFF, 0xFF, 0xFF, 0xFF,
    0xFF, 0xFF, 0xFF, 0xFF, 0xFF, 0xFF, 0xFF, 0xFF, 0xFF, 0xFF, 0xFF, 0xFF, 0xFF, 0xFF, 0xFF, 0xFF,
    0xFF, 0xFF, 0xFF, 0xFF, 0xFF, 0xFF, 0xFF, 0xFF, 0xFF, 0xFF, 0xFF, 0xFF, 0xFF, 0xFF, 0xFF, 0xFF,
    0xFF, 0xFF, 0xFF, 0xFF, 0xFF, 0xFF, 0xFF, 0xFF, 0xFF, 0xFF, 0xFF, 0xFF, 0xFF, 0xFF, 0xFF, 0xFF,
    0xFF, 0xFF, 0xFF, 0xFF, 0xFF, 0xFF, 0xFF, 0xFF, 0xFF, 0xFF, 0xFF, 0xFF, 0xFF, 0xFF, 0xFF, 0xFF,
    0xFF, 0xFF, 0xFF, 0xFF, 0xFF, 0xFF, 0xFF, 0xFF, 0xFF, 0xFF, 0xFF, 0xFF, 0xFF, 0xFF, 0xFF, 0xFF,
    0xFF, 0xFF, 0xFF, 0xFF, 0xFF, 0xFF, 0xFF, 0xFF, 0xFF, 0xFF, 0xFF, 0xFF, 0xFF, 0xFF, 0xFF, 0xFF,
    0xFF, 0xFF, 0xFF, 0xFF, 0xFF, 0xFF, 0xFF, 0xFF, 0xFF, 0xFF, 0xFF, 0xFF, 0xFF, 0xFF, 0xFF, 0xFF,
    0xFF, 0xFF, 0xFF, 0xFF, 0xFF, 0xFF, 0xFF, 0xFF, 0xFF, 0xFF, 0xFF, 0xFF, 0xFF, 0xFF, 0xFF, 0xFF,
    0xFF, 0xFF, 0xFF, 0xFF, 0xFF, 0xFF, 0xFF, 0xFF, 0xFF, 0xFF, 0xFF, 0xFF, 0xFF, 0xFF, 0xFF, 0xFF,
    0xFF, 0xFF, 0xFF, 0xFF, 0xFF, 0xFF, 0xFF, 0xFF, 0xFF, 0xFF, 0xFF, 0xFF, 0xFF, 0xFF, 0xFF, 0xFF,
    0xFF, 0xFF, 0xFF, 0xFF, 0xFF, 0xFF, 0xFF, 0xFF, 0xFF, 0xFF, 0xFF, 0xFF, 0xFF, 0xFF, 0xFF, 0xFF,
    0xFF, 0xFF, 0xFF, 0xFF, 0xFF, 0xFF, 0xFF, 0xFF, 0xFF, 0xFF, 0xFF, 0xFF, 0xFF, 0xFF, 0xFF, 0xFF,
    0xFF, 0xFF, 0xFF, 0xFF, 0xFF, 0xFF, 0xFF, 0xFF, 0xFF, 0xFF, 0xFF, 0xFF, 0xFF, 0xFF, 0xFF, 0xFF,
    0xFF, 0xFF, 0xFF, 0xFF, 0xFF, 0xFF, 0xFF, 0xFF, 0xFF, 0xFF, 0xFF, 0xFF, 0xFF, 0xFF, 0xFF, 0xFF,
    0xFF, 0xFF, 0xFF, 0xFF, 0xFF, 0xFF, 0xFF, 0xFF, 0xFF, 0xFF, 0xFF, 0xFF, 0xFF, 0xFF, 0xFF, 0xFF,
    0xFF, 0xFF, 0xFF, 0xFF, 0xFF, 0xFF, 0xFF, 0xFF, 0xFF, 0xFF, 0xFF, 0xFF, 0xFF, 0xFF, 0xFF, 0xFF,
    0xFF, 0xFF, 0xFF, 0xFF, 0xFF, 0xFF, 0xFF, 0xFF, 0xFF, 0xFF, 0xFF, 0xFF, 0xFF, 0xFF, 0xFF, 0xFF,
    0xFF, 0xFF, 0xFF, 0xFF, 0xFF, 0xFF, 0xFF, 0xFF, 0xFF, 0xFF, 0xFF, 0xFF, 0xFF, 0xFF, 0xFF, 0xFF,
    0xFF, 0xFF, 0xFF, 0xFF, 0xFF, 0xFF, 0xFF, 0xFF, 0xFF, 0xFF, 0xFF, 0xFF, 0xFF, 0xFF, 0xFF, 0xFF,
    0xFF, 0xFF, 0xFF, 0xFF, 0xFF, 0xFF, 0xFF, 0xFF, 0xFF, 0xFF, 0xFF, 0xFF, 0xFF, 0xFF, 0xFF, 0xFF,
    0xFF, 0xFF, 0xFF, 0xFF, 0xFF, 0xFF, 0xFF, 0xFF, 0xFF, 0xFF, 0xFF, 0xFF, 0xFF, 0xFF, 0xFF, 0xFF,
    0xFF, 0xFF, 0xFF, 0xFF, 0xFF, 0xFF, 0xFF, 0xFF, 0xFF, 0xFF, 0xFF, 0xFF, 0xFF, 0xFF, 0xFF, 0xFF,
    0xFF, 0xFF, 0xFF, 0xFF, 0xFF, 0xFF, 0xFF, 0xFF, 0xFF, 0xFF, 0xFF, 0xFF, 0xFF, 0xFF, 0xFF, 0xFF,
    0xFF, 0xFF, 0xFF, 0xFF, 0xFF, 0xFF, 0xFF, 0xFF, 0xFF, 0xFF, 0xFF, 0xFF, 0xFF, 0xFF, 0xFF, 0xFF,
    0xFF, 0xFF, 0xFF, 0xFF, 0xFF, 0xFF, 0xFF, 0xFF, 0xFF, 0xFF, 0xFF, 0xFF, 0xFF, 0xFF, 0xFF, 0xFF,
    0xFF, 0xFF, 0xFF, 0xFF, 0xFF, 0xFF, 0xFF, 0xFF, 0xFF, 0xFF, 0xFF, 0xFF, 0xFF, 0xFF, 0xFF, 0xFF,
    0xFF, 0xFF, 0xFF, 0xFF, 0xFF, 0xFF, 0xFF, 0xFF, 0xFF, 0xFF, 0xFF, 0xFF, 0xFF, 0xFF, 0xFF, 0xFF,
    0xFF, 0xFF, 0xFF, 0xFF, 0xFF, 0xFF, 0xFF, 0xFF, 0xFF, 0xFF, 0xFF, 0xFF, 0xFF, 0xFF, 0xFF, 0xFF,
    0xFF, 0xFF, 0xFF, 0xFF, 0xFF, 0xFF, 0xFF, 0xFF, 0xFF, 0xFF, 0xFF, 0xFF, 0xFF, 0xFF, 0xFF, 0xFF,
    0xFF, 0xFF, 0xFF, 0xFF, 0xFF, 0xFF, 0xFF, 0xFF, 0xFF, 0xFF, 0xFF, 0xFF, 0xFF, 0xFF, 0xFF, 0xFF,
    0xFF, 0xFF, 0xFF, 0xFF, 0xFF, 0xFF, 0xFF, 0xFF, 0xFF, 0xFF, 0xFF, 0xFF, 0xFF, 0xFF, 0xFF, 0xFF,
    0xFF, 0xFF, 0xFF, 0xFF, 0xFF, 0xFF, 0xFF, 0xFF, 0xFF, 0xFF, 0xFF, 0xFF, 0xFF, 0xFF, 0xFF, 0xFF,
    0xFF, 0xFF, 0xFF, 0xFF, 0xFF, 0xFF, 0xFF, 0xFF, 0xFF, 0xFF, 0xFF, 0xFF, 0xFF, 0xFF, 0xFF, 0xFF,
    0xFF, 0xFF, 0xFF, 0xFF, 0xFF, 0xFF, 0xFF, 0xFF, 0xFF, 0xFF, 0xFF, 0xFF, 0xFF, 0xFF, 0xFF, 0xFF,
    0xFF, 0xFF, 0xFF, 0xFF, 0xFF, 0xFF, 0xFF, 0xFF, 0xFF, 0xFF, 0xFF, 0xFF, 0xFF, 0xFF, 0xFF, 0xFF,
    0xFF, 0xFF, 0xFF, 0xFF, 0xFF, 0xFF, 0xFF, 0xFF, 0xFF, 0xFF, 0xFF, 0xFF, 0xFF, 0xFF, 0xFF, 0xFF,
    0xFF, 0xFF, 0xFF, 0xFF, 0xFF, 0xFF, 0xFF, 0xFF, 0xFF, 0xFF, 0xFF, 0xFF, 0xFF, 0xFF, 0xFF, 0xFF,
    0xFF, 0xFF, 0xFF, 0xFF, 0xFF, 0xFF, 0xFF, 0xFF, 0xFF, 0xFF, 0xFF, 0xFF, 0xFF, 0xFF, 0xFF, 0xFF,
    0xFF, 0xFF, 0xFF, 0xFF, 0xFF, 0xFF, 0xFF, 0xFF, 0xFF, 0xFF, 0xFF, 0xFF, 0xFF, 0xFF, 0xFF, 0xFF,
    0xFF, 0xFF, 0xFF, 0xFF, 0xFF, 0xFF, 0xFF, 0xFF, 0xFF, 0xFF, 0xFF, 0xFF, 0xFF, 0xFF, 0xFF, 0xFF,
    0xFF, 0xFF, 0xFF, 0xFF, 0xFF, 0xFF, 0xFF, 0xFF, 0xFF, 0xFF, 0xFF, 0xFF, 0xFF, 0xFF, 0xFF, 0xFF,
    0xFF, 0xFF, 0xFF, 0xFF, 0xFF, 0xFF, 0xFF, 0xFF, 0xFF, 0xFF, 0xFF, 0xFF, 0xFF, 0xFF, 0xFF, 0xFF,
    0xFF, 0xFF, 0xFF, 0xFF, 0xFF, 0xFF, 0xFF, 0xFF, 0xFF, 0xFF, 0xFF, 0xFF, 0xFF, 0xFF, 0xFF, 0xFF,
    0xFF, 0xFF, 0xFF, 0xFF, 0xFF, 0xFF, 0xFF, 0xFF, 0xFF, 0xFF, 0xFF, 0xFF, 0xFF, 0xFF, 0xFF, 0xFF,
    0xFF, 0xFF, 0xFF, 0xFF, 0xFF, 0xFF, 0xFF, 0xFF, 0xFF, 0xFF, 0xFF, 0xFF, 0xFF, 0xFF, 0xFF, 0xFF,
    0xFF, 0xFF, 0xFF, 0xFF, 0xFF, 0xFF, 0xFF, 0xFF, 0xFF, 0xFF, 0xFF, 0xFF, 0xFF, 0xFF, 0xFF, 0xFF,
    0xFF, 0xFF, 0xFF, 0xFF, 0xFF, 0xFF, 0xFF, 0xFF, 0xFF, 0xFF, 0xFF, 0xFF, 0xFF, 0xFF, 0xFF, 0xFF,
    0xFF, 0xFF, 0xFF, 0xFF, 0xFF, 0xFF, 0xFF, 0xFF, 0xFF, 0xFF, 0xFF, 0xFF, 0xFF, 0xFF, 0xFF, 0xFF,
    0xFF, 0xFF, 0xFF, 0xFF, 0xFF, 0xFF, 0xFF, 0xFF, 0xFF, 0xFF, 0xFF, 0xFF, 0xFF, 0xFF, 0xFF, 0xFF,
    0xFF, 0xFF, 0xFF, 0xFF, 0xFF, 0xFF, 0xFF, 0xFF, 0xFF, 0xFF, 0xFF, 0xFF, 0xFF, 0xFF, 0xFF, 0xFF,
    0xFF, 0xFF, 0xFF, 0xFF, 0xFF, 0xFF, 0xFF, 0xFF, 0xFF, 0xFF, 0xFF, 0xFF, 0xFF, 0xFF, 0xFF, 0xFF,
    0xFF, 0xFF, 0xFF, 0xFF, 0xFF, 0xFF, 0xFF, 0xFF, 0xFF, 0xFF, 0xFF, 0xFF, 0xFF, 0xFF, 0xFF, 0xFF,
    0xFF, 0xFF, 0xFF, 0xFF, 0xFF, 0xFF, 0xFF, 0xFF, 0xFF, 0xFF, 0xFF, 0xFF, 0xFF, 0xFF, 0xFF, 0xFF,
    0xFF, 0xFF, 0xFF, 0xFF, 0xFF, 0xFF, 0xFF, 0xFF, 0xFF, 0xFF, 0xFF, 0xFF, 0xFF, 0xFF, 0xFF, 0xFF,
    0xFF, 0xFF, 0xFF, 0xFF, 0xFF, 0xFF, 0xFF, 0xFF, 0xFF, 0xFF, 0xFF, 0xFF, 0xFF, 0xFF, 0xFF, 0xFF,
    0xFF, 0xFF, 0xFF, 0xFF, 0xFF, 0xFF, 0xFF, 0xFF, 0xFF, 0xFF, 0xFF, 0xFF, 0xFF, 0xFF, 0xFF, 0xFF,
    0xFF, 0xFF, 0xFF, 0xFF, 0xFF, 0xFF, 0xFF, 0xFF, 0xFF, 0xFF, 0xFF, 0xFF, 0xFF, 0xFF, 0xFF, 0xFF,
    0xFF, 0xFF, 0xFF, 0xFF, 0xFF, 0xFF, 0xFF, 0xFF, 0xFF, 0xFF, 0xFF, 0xFF, 0xFF, 0xFF, 0xFF, 0xFF,
    0xFF, 0xFF, 0xFF, 0xFF, 0xFF, 0xFF, 0xFF, 0xFF, 0xFF, 0xFF, 0xFF, 0xFF, 0xFF, 0xFF, 0xFF, 0xFF,
    0xFF, 0xFF, 0xFF, 0xFF, 0xFF, 0xFF, 0xFF, 0xFF, 0xFF, 0xFF, 0xFF, 0xFF, 0xFF, 0xFF, 0xFF, 0xFF,
    0xFF, 0xFF, 0xFF, 0xFF, 0xFF, 0xFF, 0xFF, 0xFF, 0xFF, 0xFF, 0xFF, 0xFF, 0xFF, 0xFF, 0xFF, 0xFF,
    0xFF, 0xFF, 0xFF, 0xFF, 0xFF, 0xFF, 0xFF, 0xFF, 0xFF, 0xFF, 0xFF, 0xFF, 0xFF, 0xFF, 0xFF, 0xFF,
    0xFF, 0xFF, 0xFF, 0xFF, 0xFF, 0xFF, 0xFF, 0xFF, 0xFF, 0xFF, 0xFF, 0xFF, 0xFF, 0xFF, 0xFF, 0xFF,
    0xFF, 0xFF, 0xFF, 0xFF, 0xFF, 0xFF, 0xFF, 0xFF, 0xFF, 0xFF, 0xFF, 0xFF, 0xFF, 0xFF, 0xFF, 0xFF,
    0xFF, 0xFF, 0xFF, 0xFF, 0xFF, 0xFF, 0xFF, 0xFF, 0xFF, 0xFF, 0xFF, 0xFF, 0xFF, 0xFF, 0xFF, 0xFF,
    0xFF, 0xFF, 0xFF, 0xFF, 0xFF, 0xFF, 0xFF, 0xFF, 0xFF, 0xFF, 0xFF, 0xFF, 0xFF, 0xFF, 0xFF, 0xFF,
    0xFF, 0xFF, 0xFF, 0xFF, 0xFF, 0xFF, 0xFF, 0xFF, 0xFF, 0xFF, 0xFF, 0xFF, 0xFF, 0xFF, 0xFF, 0xFF,
    0xFF, 0xFF, 0xFF, 0xFF, 0xFF, 0xFF, 0xFF, 0xFF, 0xFF, 0xFF, 0xFF, 0xFF, 0xFF, 0xFF, 0xFF, 0xFF,
    0xFF, 0xFF, 0xFF, 0xFF, 0xFF, 0xFF, 0xFF, 0xFF, 0xFF, 0xFF, 0xFF, 0xFF, 0xFF, 0xFF, 0xFF, 0xFF,
    0xFF, 0xFF, 0xFF, 0xFF, 0xFF, 0xFF, 0xFF, 0xFF, 0xFF, 0xFF, 0xFF, 0xFF, 0xFF, 0xFF, 0xFF, 0xFF,
    0xFF, 0xFF, 0xFF, 0xFF, 0xFF, 0xFF, 0xFF, 0xFF, 0xFF, 0xFF, 0xFF, 0xFF, 0xFF, 0xFF, 0xFF, 0xFF,
    0xFF, 0xFF, 0xFF, 0xFF, 0xFF, 0xFF, 0xFF, 0xFF, 0xFF, 0xFF, 0xFF, 0xFF, 0xFF, 0xFF, 0xFF, 0xFF,
    0xFF, 0xFF, 0xFF, 0xFF, 0xFF, 0xFF, 0xFF, 0xFF, 0xFF, 0xFF, 0xFF, 0xFF, 0xFF, 0xFF, 0xFF, 0xFF,
    0xFF, 0xFF, 0xFF, 0xFF, 0xFF, 0xFF, 0xFF, 0xFF, 0xFF, 0xFF, 0xFF, 0xFF, 0xFF, 0xFF, 0xFF, 0xFF,
    0xFF, 0xFF, 0xFF, 0xFF, 0xFF, 0xFF, 0xFF, 0xFF, 0xFF, 0xFF, 0xFF, 0xFF, 0xFF, 0xFF, 0xFF, 0xFF,
    0xFF, 0xFF, 0xFF, 0xFF, 0xFF, 0xFF, 0xFF, 0xFF, 0xFF, 0xFF, 0xFF, 0xFF, 0xFF, 0xFF, 0xFF, 0xFF,
    0xFF, 0xFF, 0xFF, 0xFF, 0xFF, 0xFF, 0xFF, 0xFF, 0xFF, 0xFF, 0xFF, 0xFF, 0xFF, 0xFF, 0xFF, 0xFF,
    0xFF, 0xFF, 0xFF, 0xFF, 0xFF, 0xFF, 0xFF, 0xFF, 0xFF, 0xFF, 0xFF, 0xFF, 0xFF, 0xFF, 0xFF, 0xFF,
    0xFF, 0xFF, 0xFF, 0xFF, 0xFF, 0xFF, 0xFF, 0xFF, 0xFF, 0xFF, 0xFF, 0xFF, 0xFF, 0xFF, 0xFF, 0xFF,
    0xFF, 0xFF, 0xFF, 0xFF, 0xFF, 0xFF, 0xFF, 0xFF, 0xFF, 0xFF, 0xFF, 0xFF, 0xFF, 0xFF, 0xFF, 0xFF,
    0xFF, 0xFF, 0xFF, 0xFF, 0xFF, 0xFF, 0xFF, 0xFF, 0xFF, 0xFF, 0xFF, 0xFF, 0xFF, 0xFF, 0xFF, 0xFF,
    0xFF, 0xFF, 0xFF, 0xFF, 0xFF, 0xFF, 0xFF, 0xFF, 0xFF, 0xFF, 0xFF, 0xFF, 0xFF, 0xFF, 0xFF, 0xFF,
    0xFF, 0xFF, 0xFF, 0xFF, 0xFF, 0xFF, 0xFF, 0xFF, 0xFF, 0xFF, 0xFF, 0xFF, 0xFF, 0xFF, 0xFF, 0xFF,
    0xFF, 0xFF, 0xFF, 0xFF, 0xFF, 0xFF, 0xFF, 0xFF, 0xFF, 0xFF, 0xFF, 0xFF, 0xFF, 0xFF, 0xFF, 0xFF,
    0xFF, 0xFF, 0xFF, 0xFF, 0xFF, 0xFF, 0xFF, 0xFF, 0xFF, 0xFF, 0xFF, 0xFF, 0xFF, 0xFF, 0xFF, 0xFF,
    0xFF, 0xFF, 0xFF, 0xFF, 0xFF, 0xFF, 0xFF, 0xFF, 0xFF, 0xFF, 0xFF, 0xFF, 0xFF, 0xFF, 0xFF, 0xFF,
    0xFF, 0xFF, 0xFF, 0xFF, 0xFF, 0xFF, 0xFF, 0xFF, 0xFF, 0xFF, 0xFF, 0xFF, 0xFF, 0xFF, 0xFF, 0xFF,
    0xFF, 0xFF, 0xFF, 0xFF, 0xFF, 0xFF, 0xFF, 0xFF, 0xFF, 0xFF, 0xFF, 0xFF, 0xFF, 0xFF, 0xFF, 0xFF,
    0xFF, 0xFF, 0xFF, 0xFF, 0xFF, 0xFF, 0xFF, 0xFF, 0xFF, 0xFF, 0xFF, 0xFF, 0xFF, 0xFF, 0xFF, 0xFF,
    0xFF, 0xFF, 0xFF, 0xFF, 0xFF, 0xFF, 0xFF, 0xFF, 0xFF, 0xFF, 0xFF, 0xFF, 0xFF, 0xFF, 0xFF, 0xFF,
    0xFF, 0xFF, 0xFF, 0xFF, 0xFF, 0xFF, 0xFF, 0xFF, 0xFF, 0xFF, 0xFF, 0xFF, 0xFF, 0xFF, 0xFF, 0xFF,
    0xFF, 0xFF, 0xFF, 0xFF, 0xFF, 0xFF, 0xFF, 0xFF, 0xFF, 0xFF, 0xFF, 0xFF, 0xFF, 0xFF, 0xFF, 0xFF,
    0xFF, 0xFF, 0xFF, 0xFF, 0xFF, 0xFF, 0xFF, 0xFF, 0xFF, 0xFF, 0xFF, 0xFF, 0xFF, 0xFF, 0xFF, 0xFF,
    0xFF, 0xFF, 0xFF, 0xFF, 0xFF, 0xFF, 0xFF, 0xFF, 0xFF, 0xFF, 0xFF, 0xFF, 0xFF, 0xFF, 0xFF, 0xFF,
    0xFF, 0xFF, 0xFF, 0xFF, 0xFF, 0xFF, 0xFF, 0xFF, 0xFF, 0xFF, 0xFF, 0xFF, 0xFF, 0xFF, 0xFF, 0xFF,
    0xFF, 0xFF, 0xFF, 0xFF, 0xFF, 0xFF, 0xFF, 0xFF, 0xFF, 0xFF, 0xFF, 0xFF, 0xFF, 0xFF, 0xFF, 0xFF,
    0xFF, 0xFF, 0xFF, 0xFF, 0xFF, 0xFF, 0xFF, 0xFF, 0xFF, 0xFF, 0xFF, 0xFF, 0xFF, 0xFF, 0xFF, 0xFF,
    0xFF, 0xFF, 0xFF, 0xFF, 0xFF, 0xFF, 0xFF, 0xFF, 0xFF, 0xFF, 0xFF, 0xFF, 0xFF, 0xFF, 0xFF, 0xFF,
    0xFF, 0xFF, 0xFF, 0xFF, 0xFF, 0xFF, 0xFF, 0xFF, 0xFF, 0xFF, 0xFF, 0xFF, 0xFF, 0xFF, 0xFF, 0xFF,
    0xFF, 0xFF, 0xFF, 0xFF, 0xFF, 0xFF, 0xFF, 0xFF, 0xFF, 0xFF, 0xFF, 0xFF, 0xFF, 0xFF, 0xFF, 0xFF,
    0xFF, 0xFF, 0xFF, 0xFF, 0xFF, 0xFF, 0xFF, 0xFF, 0xFF, 0xFF, 0xFF, 0xFF, 0xFF, 0xFF, 0xFF, 0xFF,
    0xFF, 0xFF, 0xFF, 0xFF, 0xFF, 0xFF, 0xFF, 0xFF, 0xFF, 0xFF, 0xFF, 0xFF, 0xFF, 0xFF, 0xFF, 0xFF,
    0xFF, 0xFF, 0xFF, 0xFF, 0xFF, 0xFF, 0xFF, 0xFF, 0xFF, 0xFF, 0xFF, 0xFF, 0xFF, 0xFF, 0xFF, 0xFF,
    0xFF, 0xFF, 0xFF, 0xFF, 0xFF, 0xFF, 0xFF, 0xFF, 0xFF, 0xFF, 0xFF, 0xFF, 0xFF, 0xFF, 0xFF, 0xFF,
    0xFF, 0xFF, 0xFF, 0xFF, 0xFF, 0xFF, 0xFF, 0xFF, 0xFF, 0xFF, 0xFF, 0xFF, 0xFF, 0xFF, 0xFF, 0xFF,
    0xFF, 0xFF, 0xFF, 0xFF, 0xFF, 0xFF, 0xFF, 0xFF, 0xFF, 0xFF, 0xFF, 0xFF, 0xFF, 0xFF, 0xFF, 0xFF,
    0xFF, 0xFF, 0xFF, 0xFF, 0xFF, 0xFF, 0xFF, 0xFF, 0xFF, 0xFF, 0xFF, 0xFF, 0xFF, 0xFF, 0xFF, 0xFF,
    0xFF, 0xFF, 0xFF, 0xFF, 0xFF, 0xFF, 0xFF, 0xFF, 0xFF, 0xFF, 0xFF, 0xFF, 0xFF, 0xFF, 0xFF, 0xFF,
    0xFF, 0xFF, 0xFF, 0xFF, 0xFF, 0xFF, 0xFF, 0xFF, 0xFF, 0xFF, 0xFF, 0xFF, 0xFF, 0xFF, 0xFF, 0xFF,
    0xFF, 0xFF, 0xFF, 0xFF, 0xFF, 0xFF, 0xFF, 0xFF, 0xFF, 0xFF, 0xFF, 0xFF, 0xFF, 0xFF, 0xFF, 0xFF,
    0xFF, 0xFF, 0xFF, 0xFF, 0xFF, 0xFF, 0xFF, 0xFF, 0xFF, 0xFF, 0xFF, 0xFF, 0xFF, 0xFF, 0xFF, 0xFF,
    0xFF, 0xFF, 0xFF, 0xFF, 0xFF, 0xFF, 0xFF, 0xFF, 0xFF, 0xFF, 0xFF, 0xFF, 0xFF, 0xFF, 0xFF, 0xFF,
    0xFF, 0xFF, 0xFF, 0xFF, 0xFF, 0xFF, 0xFF, 0xFF, 0xFF, 0xFF, 0xFF, 0xFF, 0xFF, 0xFF, 0xFF, 0xFF,
    0xFF, 0xFF, 0xFF, 0xFF, 0xFF, 0xFF, 0xFF, 0xFF, 0xFF, 0xFF, 0xFF, 0xFF, 0xFF, 0xFF, 0xFF, 0xFF,
    0xFF, 0xFF, 0xFF, 0xFF, 0xFF, 0xFF, 0xFF, 0xFF, 0xFF, 0xFF, 0xFF, 0xFF, 0xFF, 0xFF, 0xFF, 0xFF,
    0xFF, 0xFF, 0xFF, 0xFF, 0xFF, 0xFF, 0xFF, 0xFF, 0xFF, 0xFF, 0xFF, 0xFF, 0xFF, 0xFF, 0xFF, 0xFF,
    0xFF, 0xFF, 0xFF, 0xFF, 0xFF, 0xFF, 0xFF, 0xFF, 0xFF, 0xFF, 0xFF, 0xFF, 0xFF, 0xFF, 0xFF, 0xFF,
    0xFF, 0xFF, 0xFF, 0xFF, 0xFF, 0xFF, 0xFF, 0xFF, 0xFF, 0xFF, 0xFF, 0xFF, 0xFF, 0xFF, 0xFF, 0xFF,
    0xFF, 0xFF, 0xFF, 0xFF, 0xFF, 0xFF, 0xFF, 0xFF, 0xFF, 0xFF, 0xFF, 0xFF, 0xFF, 0xFF, 0xFF, 0xFF,
    0xFF, 0xFF, 0xFF, 0xFF, 0xFF, 0xFF, 0xFF, 0xFF, 0xFF, 0xFF, 0xFF, 0xFF, 0xFF, 0xFF, 0xFF, 0xFF,
    0xFF, 0xFF, 0xFF, 0xFF, 0xFF, 0xFF, 0xFF, 0xFF, 0xFF, 0xFF, 0xFF, 0xFF, 0xFF, 0xFF, 0xFF, 0xFF,
    0xFF, 0xFF, 0xFF, 0xFF, 0xFF, 0xFF, 0xFF, 0xFF, 0xFF, 0xFF, 0xFF, 0xFF, 0xFF, 0xFF, 0xFF, 0xFF,
    0xFF, 0xFF, 0xFF, 0xFF, 0xFF, 0xFF, 0xFF, 0xFF, 0xFF, 0xFF, 0xFF, 0xFF, 0xFF, 0xFF, 0xFF, 0xFF,
    0xFF, 0xFF, 0xFF, 0xFF, 0xFF, 0xFF, 0xFF, 0xFF, 0xFF, 0xFF, 0xFF, 0xFF, 0xFF, 0xFF, 0xFF, 0xFF,
    0xFF, 0xFF, 0xFF, 0xFF, 0xFF, 0xFF, 0xFF, 0xFF, 0xFF, 0xFF, 0xFF, 0xFF, 0xFF, 0xFF, 0xFF, 0xFF,
    0xFF, 0xFF, 0xFF, 0xFF, 0xFF, 0xFF, 0xFF, 0xFF, 0xFF, 0xFF, 0xFF, 0xFF, 0xFF, 0xFF, 0xFF, 0xFF,
    0xFF, 0xFF, 0xFF, 0xFF, 0xFF, 0xFF, 0xFF, 0xFF, 0xFF, 0xFF, 0xFF, 0xFF, 0xFF, 0xFF, 0xFF, 0xFF,
    0xFF, 0xFF, 0xFF, 0xFF, 0xFF, 0xFF, 0xFF, 0xFF, 0xFF, 0xFF, 0xFF, 0xFF, 0xFF, 0xFF, 0xFF, 0xFF,
    0xFF, 0xFF, 0xFF, 0xFF, 0xFF, 0xFF, 0xFF, 0xFF, 0xFF, 0xFF, 0xFF, 0xFF, 0xFF, 0xFF, 0xFF, 0xFF,
    0xFF, 0xFF, 0xFF, 0xFF, 0xFF, 0xFF, 0xFF, 0xFF, 0xFF, 0xFF, 0xFF, 0xFF, 0xFF, 0xFF, 0xFF, 0xFF,
    0xFF, 0xFF, 0xFF, 0xFF, 0xFF, 0xFF, 0xFF, 0xFF, 0xFF, 0xFF, 0xFF, 0xFF, 0xFF, 0xFF, 0xFF, 0xFF,
    0xFF, 0xFF, 0xFF, 0xFF, 0xFF, 0xFF, 0xFF, 0xFF, 0xFF, 0xFF, 0xFF, 0xFF, 0xFF, 0xFF, 0xFF, 0xFF,
    0xFF, 0xFF, 0xFF, 0xFF, 0xFF, 0xFF, 0xFF, 0xFF, 0xFF, 0xFF, 0xFF, 0xFF, 0xFF, 0xFF, 0xFF, 0xFF,
    0xFF, 0xFF, 0xFF, 0xFF, 0xFF, 0xFF, 0xFF, 0xFF, 0xFF, 0xFF, 0xFF, 0xFF, 0xFF, 0xFF, 0xFF, 0xFF,
    0xFF, 0xFF, 0xFF, 0xFF, 0xFF, 0xFF, 0xFF, 0xFF, 0xFF, 0xFF, 0xFF, 0xFF, 0xFF, 0xFF, 0xFF, 0xFF,
    0xFF, 0xFF, 0xFF, 0xFF, 0xFF, 0xFF, 0xFF, 0xFF, 0xFF, 0xFF, 0xFF, 0xFF, 0xFF, 0xFF, 0xFF, 0xFF,
    0xFF, 0xFF, 0xFF, 0xFF, 0xFF, 0xFF, 0xFF, 0xFF, 0xFF, 0xFF, 0xFF, 0xFF, 0xFF, 0xFF, 0xFF, 0xFF,
    0xFF, 0xFF, 0xFF, 0xFF, 0xFF, 0xFF, 0xFF, 0xFF, 0xFF, 0xFF, 0xFF, 0xFF, 0xFF, 0xFF, 0xFF, 0xFF,
    0xFF, 0xFF, 0xFF, 0xFF, 0xFF, 0xFF, 0xFF, 0xFF, 0xFF, 0xFF, 0xFF, 0xFF, 0xFF, 0xFF, 0xFF, 0xFF,
    0xFF, 0xFF, 0xFF, 0xFF, 0xFF, 0xFF, 0xFF, 0xFF, 0xFF, 0xFF, 0xFF, 0xFF, 0xFF, 0xFF, 0xFF, 0xFF,
    0xFF, 0xFF, 0xFF, 0xFF, 0xFF, 0xFF, 0xFF, 0xFF, 0xFF, 0xFF, 0xFF, 0xFF, 0xFF, 0xFF, 0xFF, 0xFF,
    0xFF, 0xFF, 0xFF, 0xFF, 0xFF, 0xFF, 0xFF, 0xFF, 0xFF, 0xFF, 0xFF, 0xFF, 0xFF, 0xFF, 0xFF, 0xFF,
    0xFF, 0xFF, 0xFF, 0xFF, 0xFF, 0xFF, 0xFF, 0xFF, 0xFF, 0xFF, 0xFF, 0xFF, 0xFF, 0xFF, 0xFF, 0xFF,
    0xFF, 0xFF, 0xFF, 0xFF, 0xFF, 0xFF, 0xFF, 0xFF, 0xFF, 0xFF, 0xFF, 0xFF, 0xFF, 0xFF, 0xFF, 0xFF,
    0xFF, 0xFF, 0xFF, 0xFF, 0xFF, 0xFF, 0xFF, 0xFF, 0xFF, 0xFF, 0xFF, 0xFF, 0xFF, 0xFF, 0xFF, 0xFF,
    0xFF, 0xFF, 0xFF, 0xFF, 0xFF, 0xFF, 0xFF, 0xFF, 0xFF, 0xFF, 0xFF, 0xFF, 0xFF, 0xFF, 0xFF, 0xFF,
    0xFF, 0xFF, 0xFF, 0xFF, 0xFF, 0xFF, 0xFF, 0xFF, 0xFF, 0xFF, 0xFF, 0xFF, 0xFF, 0xFF, 0xFF, 0xFF,
    0xFF, 0xFF, 0xFF, 0xFF, 0xFF, 0xFF, 0xFF, 0xFF, 0xFF, 0xFF, 0xFF, 0xFF, 0xFF, 0xFF, 0xFF, 0xFF,
    0xFF, 0xFF, 0xFF, 0xFF, 0xFF, 0xFF, 0xFF, 0xFF, 0xFF, 0xFF, 0xFF, 0xFF, 0xFF, 0xFF, 0xFF, 0xFF,
    0xFF, 0xFF, 0xFF, 0xFF, 0xFF, 0xFF, 0xFF, 0xFF, 0xFF, 0xFF, 0xFF, 0xFF, 0xFF, 0xFF, 0xFF, 0xFF,
    0xFF, 0xFF, 0xFF, 0xFF, 0xFF, 0xFF, 0xFF, 0xFF, 0xFF, 0xFF, 0xFF, 0xFF, 0xFF, 0xFF, 0xFF, 0xFF,
    0xFF, 0xFF, 0xFF, 0xFF, 0xFF, 0xFF, 0xFF, 0xFF, 0xFF, 0xFF, 0xFF, 0xFF, 0xFF, 0xFF, 0xFF, 0xFF,
    0xFF, 0xFF, 0xFF, 0xFF, 0xFF, 0xFF, 0xFF, 0xFF, 0xFF, 0xFF, 0xFF, 0xFF, 0xFF, 0xFF, 0xFF, 0xFF,
    0xFF, 0xFF, 0xFF, 0xFF, 0xFF, 0xFF, 0xFF, 0xFF, 0xFF, 0xFF, 0xFF, 0xFF, 0xFF, 0xFF, 0xFF, 0xFF,
    0xFF, 0xFF, 0xFF, 0xFF, 0xFF, 0xFF, 0xFF, 0xFF, 0xFF, 0xFF, 0xFF, 0xFF, 0xFF, 0xFF, 0xFF, 0xFF,
    0xFF, 0xFF, 0xFF, 0xFF, 0xFF, 0xFF, 0xFF, 0xFF, 0xFF, 0xFF, 0xFF, 0xFF, 0xFF, 0xFF, 0xFF, 0xFF,
    0xFF, 0xFF, 0xFF, 0xFF, 0xFF, 0xFF, 0xFF, 0xFF, 0xFF, 0xFF, 0xFF, 0xFF, 0xFF, 0xFF, 0xFF, 0xFF,
    0xFF, 0xFF, 0xFF, 0xFF, 0xFF, 0xFF, 0xFF, 0xFF, 0xFF, 0xFF, 0xFF, 0xFF, 0xFF, 0xFF, 0xFF, 0xFF,
    0xFF, 0xFF, 0xFF, 0xFF, 0xFF, 0xFF, 0xFF, 0xFF, 0xFF, 0xFF, 0xFF, 0xFF, 0xFF, 0xFF, 0xFF, 0xFF,
    0xFF, 0xFF, 0xFF, 0xFF, 0xFF, 0xFF, 0xFF, 0xFF, 0xFF, 0xFF, 0xFF, 0xFF, 0xFF, 0xFF, 0xFF, 0xFF,
    0xFF, 0xFF, 0xFF, 0xFF, 0xFF, 0xFF, 0xFF, 0xFF, 0xFF, 0xFF, 0xFF, 0xFF, 0xFF, 0xFF, 0xFF, 0xFF,
    0xFF, 0xFF, 0xFF, 0xFF, 0xFF, 0xFF, 0xFF, 0xFF, 0xFF, 0xFF, 0xFF, 0xFF, 0xFF, 0xFF, 0xFF, 0xFF,
    0xFF, 0xFF, 0xFF, 0xFF, 0xFF, 0xFF, 0xFF, 0xFF, 0xFF, 0xFF, 0xFF, 0xFF, 0xFF, 0xFF, 0xFF, 0xFF,
    0xFF, 0xFF, 0xFF, 0xFF, 0xFF, 0xFF, 0xFF, 0xFF, 0xFF, 0xFF, 0xFF, 0xFF, 0xFF, 0xFF, 0xFF, 0xFF,
    0xFF, 0xFF, 0xFF, 0xFF, 0xFF, 0xFF, 0xFF, 0xFF, 0xFF, 0xFF, 0xFF, 0xFF, 0xFF, 0xFF, 0xFF, 0xFF,
    0xFF, 0xFF, 0xFF, 0xFF, 0xFF, 0xFF, 0xFF, 0xFF, 0xFF, 0xFF, 0xFF, 0xFF, 0xFF, 0xFF, 0xFF, 0xFF,
    0xFF, 0xFF, 0xFF, 0xFF, 0xFF, 0xFF, 0xFF, 0xFF, 0xFF, 0xFF, 0xFF, 0xFF, 0xFF, 0xFF, 0xFF, 0xFF,
    0xFF, 0xFF, 0xFF, 0xFF, 0xFF, 0xFF, 0xFF, 0xFF, 0xFF, 0xFF, 0xFF, 0xFF, 0xFF, 0xFF, 0xFF, 0xFF,
    0xFF, 0xFF, 0xFF, 0xFF, 0xFF, 0xFF, 0xFF, 0xFF, 0xFF, 0xFF, 0xFF, 0xFF, 0xFF, 0xFF, 0xFF, 0xFF,
    0xFF, 0xFF, 0xFF, 0xFF, 0xFF, 0xFF, 0xFF, 0xFF, 0xFF, 0xFF, 0xFF, 0xFF, 0xFF, 0xFF, 0xFF, 0xFF,
    0xFF, 0xFF, 0xFF, 0xFF, 0xFF, 0xFF, 0xFF, 0xFF, 0xFF, 0xFF, 0xFF, 0xFF, 0xFF, 0xFF, 0xFF, 0xFF,
    0xFF, 0xFF, 0xFF, 0xFF, 0xFF, 0xFF, 0xFF, 0xFF, 0xFF, 0xFF, 0xFF, 0xFF, 0xFF, 0xFF, 0xFF, 0xFF,
    0xFF, 0xFF, 0xFF, 0xFF, 0xFF, 0xFF, 0xFF, 0xFF, 0xFF, 0xFF, 0xFF, 0xFF, 0xFF, 0xFF, 0xFF, 0xFF,
    0xFF, 0xFF, 0xFF, 0xFF, 0xFF, 0xFF, 0xFF, 0xFF, 0xFF, 0xFF, 0xFF, 0xFF, 0xFF, 0xFF, 0xFF, 0xFF,
    0xFF, 0xFF, 0xFF, 0xFF, 0xFF, 0xFF, 0xFF, 0xFF, 0xFF, 0xFF, 0xFF, 0xFF, 0xFF, 0xFF, 0xFF, 0xFF,
    0xFF, 0xFF, 0xFF, 0xFF, 0xFF, 0xFF, 0xFF, 0xFF, 0xFF, 0xFF, 0xFF, 0xFF, 0xFF, 0xFF, 0xFF, 0xFF,
    0xFF, 0xFF, 0xFF, 0xFF, 0xFF, 0xFF, 0xFF, 0xFF, 0xFF, 0xFF, 0xFF, 0xFF, 0xFF, 0xFF, 0xFF, 0xFF,
    0xFF, 0xFF, 0xFF, 0xFF, 0xFF, 0xFF, 0xFF, 0xFF, 0xFF, 0xFF, 0xFF, 0xFF, 0xFF, 0xFF, 0xFF, 0xFF,
    0xFF, 0xFF, 0xFF, 0xFF, 0xFF, 0xFF, 0xFF, 0xFF, 0xFF, 0xFF, 0xFF, 0xFF, 0xFF, 0xFF, 0xFF, 0xFF,
    0xFF, 0xFF, 0xFF, 0xFF, 0xFF, 0xFF, 0xFF, 0xFF, 0xFF, 0xFF, 0xFF, 0xFF, 0xFF, 0xFF, 0xFF, 0xFF,
    0xFF, 0xFF, 0xFF, 0xFF, 0xFF, 0xFF, 0xFF, 0xFF, 0xFF, 0xFF, 0xFF, 0xFF, 0xFF, 0xFF, 0xFF, 0xFF,
    0xFF, 0xFF, 0xFF, 0xFF, 0xFF, 0xFF, 0xFF, 0xFF, 0xFF, 0xFF, 0xFF, 0xFF, 0xFF, 0xFF, 0xFF, 0xFF,
    0xFF, 0xFF, 0xFF, 0xFF, 0xFF, 0xFF, 0xFF, 0xFF, 0xFF, 0xFF, 0xFF, 0xFF, 0xFF, 0xFF, 0xFF, 0xFF,
    0xFF, 0xFF, 0xFF, 0xFF, 0xFF, 0xFF, 0xFF, 0xFF, 0xFF, 0xFF, 0xFF, 0xFF, 0xFF, 0xFF, 0xFF, 0xFF,
    0xFF, 0xFF, 0xFF, 0xFF, 0xFF, 0xFF, 0xFF, 0xFF, 0xFF, 0xFF, 0xFF, 0xFF, 0xFF, 0xFF, 0xFF, 0xFF,
    0xFF, 0xFF, 0xFF, 0xFF, 0xFF, 0xFF, 0xFF, 0xFF, 0xFF, 0xFF, 0xFF, 0xFF, 0xFF, 0xFF, 0xFF, 0xFF,
    0xFF, 0xFF, 0xFF, 0xFF, 0xFF, 0xFF, 0xFF, 0xFF, 0xFF, 0xFF, 0xFF, 0xFF, 0xFF, 0xFF, 0xFF, 0xFF,
    0xFF, 0xFF, 0xFF, 0xFF, 0xFF, 0xFF, 0xFF, 0xFF, 0xFF, 0xFF, 0xFF, 0xFF, 0xFF, 0xFF, 0xFF, 0xFF,
    0xFF, 0xFF, 0xFF, 0xFF, 0xFF, 0xFF, 0xFF, 0xFF, 0xFF, 0xFF, 0xFF, 0xFF, 0xFF, 0xFF, 0xFF, 0xFF,
    0xFF, 0xFF, 0xFF, 0xFF, 0xFF, 0xFF, 0xFF, 0xFF, 0xFF, 0xFF, 0xFF, 0xFF, 0xFF, 0xFF, 0xFF, 0xFF,
    0xFF, 0xFF, 0xFF, 0xFF, 0xFF, 0xFF, 0xFF, 0xFF, 0xFF, 0xFF, 0xFF, 0xFF, 0xFF, 0xFF, 0xFF, 0xFF,
    0xFF, 0xFF, 0xFF, 0xFF, 0xFF, 0xFF, 0xFF, 0xFF, 0xFF, 0xFF, 0xFF, 0xFF, 0xFF, 0xFF, 0xFF, 0xFF,
    0xFF, 0xFF, 0xFF, 0xFF, 0xFF, 0xFF, 0xFF, 0xFF, 0xFF, 0xFF, 0xFF, 0xFF, 0xFF, 0xFF, 0xFF, 0xFF,
    0xFF, 0xFF, 0xFF, 0xFF, 0xFF, 0xFF, 0xFF, 0xFF, 0xFF, 0xFF, 0xFF, 0xFF, 0xFF, 0xFF, 0xFF, 0xFF,
    0xFF, 0xFF, 0xFF, 0xFF, 0xFF, 0xFF, 0xFF, 0xFF, 0xFF, 0xFF, 0xFF, 0xFF, 0xFF, 0xFF, 0xFF, 0xFF,
    0xFF, 0xFF, 0xFF, 0xFF, 0xFF, 0xFF, 0xFF, 0xFF, 0xFF, 0xFF, 0xFF, 0xFF, 0xFF, 0xFF, 0xFF, 0xFF,
    0xFF, 0xFF, 0xFF, 0xFF, 0xFF, 0xFF, 0xFF, 0xFF, 0xFF, 0xFF, 0xFF, 0xFF, 0xFF, 0xFF, 0xFF, 0xFF,
    0xFF, 0xFF, 0xFF, 0xFF, 0xFF, 0xFF, 0xFF, 0xFF, 0xFF, 0xFF, 0xFF, 0xFF, 0xFF, 0xFF, 0xFF, 0xFF,
    0xFF, 0xFF, 0xFF, 0xFF, 0xFF, 0xFF, 0xFF, 0xFF, 0xFF, 0xFF, 0xFF, 0xFF, 0xFF, 0xFF, 0xFF, 0xFF,
    0xFF, 0xFF, 0xFF, 0xFF, 0xFF, 0xFF, 0xFF, 0xFF, 0xFF, 0xFF, 0xFF, 0xFF, 0xFF, 0xFF, 0xFF, 0xFF,
    0xFF, 0xFF, 0xFF, 0xFF, 0xFF, 0xFF, 0xFF, 0xFF, 0xFF, 0xFF, 0xFF, 0xFF, 0xFF, 0xFF, 0xFF, 0xFF,
    0xFF, 0xFF, 0xFF, 0xFF, 0xFF, 0xFF, 0xFF, 0xFF, 0xFF, 0xFF, 0xFF, 0xFF, 0xFF, 0xFF, 0xFF, 0xFF,
    0xFF, 0xFF, 0xFF, 0xFF, 0xFF, 0xFF, 0xFF, 0xFF, 0xFF, 0xFF, 0xFF, 0xFF, 0xFF, 0xFF, 0xFF, 0xFF,
    0xFF, 0xFF, 0xFF, 0xFF, 0xFF, 0xFF, 0xFF, 0xFF, 0xFF, 0xFF, 0xFF, 0xFF, 0xFF, 0xFF, 0xFF, 0xFF,
    0xFF, 0xFF, 0xFF, 0xFF, 0xFF, 0xFF, 0xFF, 0xFF, 0xFF, 0xFF, 0xFF, 0xFF, 0xFF, 0xFF, 0xFF, 0xFF,
    0xFF, 0xFF, 0xFF, 0xFF, 0xFF, 0xFF, 0xFF, 0xFF, 0xFF, 0xFF, 0xFF, 0xFF, 0xFF, 0xFF, 0xFF, 0xFF,
    0xFF, 0xFF, 0xFF, 0xFF, 0xFF, 0xFF, 0xFF, 0xFF, 0xFF, 0xFF, 0xFF, 0xFF, 0xFF, 0xFF, 0xFF, 0xFF,
    0xFF, 0xFF, 0xFF, 0xFF, 0xFF, 0xFF, 0xFF, 0xFF, 0xFF, 0xFF, 0xFF, 0xFF, 0xFF, 0xFF, 0xFF, 0xFF,
    0xFF, 0xFF, 0xFF, 0xFF, 0xFF, 0xFF, 0xFF, 0xFF, 0xFF, 0xFF, 0xFF, 0xFF, 0xFF, 0xFF, 0xFF, 0xFF,
    0xFF, 0xFF, 0xFF, 0xFF, 0xFF, 0xFF, 0xFF, 0xFF, 0xFF, 0xFF, 0xFF, 0xFF, 0xFF, 0xFF, 0xFF, 0xFF,
    0xFF, 0xFF, 0xFF, 0xFF, 0xFF, 0xFF, 0xFF, 0xFF, 0xFF, 0xFF, 0xFF, 0xFF, 0xFF, 0xFF, 0xFF, 0xFF,
    0xFF, 0xFF, 0xFF, 0xFF, 0xFF, 0xFF, 0xFF, 0xFF, 0xFF, 0xFF, 0xFF, 0xFF, 0xFF, 0xFF, 0xFF, 0xFF,
    0xFF, 0xFF, 0xFF, 0xFF, 0xFF, 0xFF, 0xFF, 0xFF, 0xFF, 0xFF, 0xFF, 0xFF, 0xFF, 0xFF, 0xFF, 0xFF,
    0xFF, 0xFF, 0xFF, 0xFF, 0xFF, 0xFF, 0xFF, 0xFF, 0xFF, 0xFF, 0xFF, 0xFF, 0xFF, 0xFF, 0xFF, 0xFF,
    0xFF, 0xFF, 0xFF, 0xFF, 0xFF, 0xFF, 0xFF, 0xFF, 0xFF, 0xFF, 0xFF, 0xFF, 0xFF, 0xFF, 0xFF, 0xFF,
    0xFF, 0xFF, 0xFF, 0xFF, 0xFF, 0xFF, 0xFF, 0xFF, 0xFF, 0xFF, 0xFF, 0xFF, 0xFF, 0xFF, 0xFF, 0xFF,
    0xFF, 0xFF, 0xFF, 0xFF, 0xFF, 0xFF, 0xFF, 0xFF, 0xFF, 0xFF, 0xFF, 0xFF, 0xFF, 0xFF, 0xFF, 0xFF,
    0xFF, 0xFF, 0xFF, 0xFF, 0xFF, 0xFF, 0xFF, 0xFF, 0xFF, 0xFF, 0xFF, 0xFF, 0xFF, 0xFF, 0xFF, 0xFF,
    0xFF, 0xFF, 0xFF, 0xFF, 0xFF, 0xFF, 0xFF, 0xFF, 0xFF, 0xFF, 0xFF, 0xFF, 0xFF, 0xFF, 0xFF, 0xFF,
    0xFF, 0xFF, 0xFF, 0xFF, 0xFF, 0xFF, 0xFF, 0xFF, 0xFF, 0xFF, 0xFF, 0xFF, 0xFF, 0xFF, 0xFF, 0xFF,
    0xFF, 0xFF, 0xFF, 0xFF, 0xFF, 0xFF, 0xFF, 0xFF, 0xFF, 0xFF, 0xFF, 0xFF, 0xFF, 0xFF, 0xFF, 0xFF,
    0xFF, 0xFF, 0xFF, 0xFF, 0xFF, 0xFF, 0xFF, 0xFF, 0xFF, 0xFF, 0xFF, 0xFF, 0xFF, 0xFF, 0xFF, 0xFF,
    0xFF, 0xFF, 0xFF, 0xFF, 0xFF, 0xFF, 0xFF, 0xFF, 0xFF, 0xFF, 0xFF, 0xFF, 0xFF, 0xFF, 0xFF, 0xFF,
    0xFF, 0xFF, 0xFF, 0xFF, 0xFF, 0xFF, 0xFF, 0xFF, 0xFF, 0xFF, 0xFF, 0xFF, 0xFF, 0xFF, 0xFF, 0xFF,
    0xFF, 0xFF, 0xFF, 0xFF, 0xFF, 0xFF, 0xFF, 0xFF, 0xFF, 0xFF, 0xFF, 0xFF, 0xFF, 0xFF, 0xFF, 0xFF,
    0xFF, 0xFF, 0xFF, 0xFF, 0xFF, 0xFF, 0xFF, 0xFF, 0xFF, 0xFF, 0xFF, 0xFF, 0xFF, 0xFF, 0xFF, 0xFF,
    0xFF, 0xFF, 0xFF, 0xFF, 0xFF, 0xFF, 0xFF, 0xFF, 0xFF, 0xFF, 0xFF, 0xFF, 0xFF, 0xFF, 0xFF, 0xFF,
    0xFF, 0xFF, 0xFF, 0xFF, 0xFF, 0xFF, 0xFF, 0xFF, 0xFF, 0xFF, 0xFF, 0xFF, 0xFF, 0xFF, 0xFF, 0xFF,
    0xFF, 0xFF, 0xFF, 0xFF, 0xFF, 0xFF, 0xFF, 0xFF, 0xFF, 0xFF, 0xFF, 0xFF, 0xFF, 0xFF, 0xFF, 0xFF,
    0xFF, 0xFF, 0xFF, 0xFF, 0xFF, 0xFF, 0xFF, 0xFF, 0xFF, 0xFF, 0xFF, 0xFF, 0xFF, 0xFF, 0xFF, 0xFF,
    0xFF, 0xFF, 0xFF, 0xFF, 0xFF, 0xFF, 0xFF, 0xFF, 0xFF, 0xFF, 0xFF, 0xFF, 0xFF, 0xFF, 0xFF, 0xFF,
    0xFF, 0xFF, 0xFF, 0xFF, 0xFF, 0xFF, 0xFF, 0xFF, 0xFF, 0xFF, 0xFF, 0xFF, 0xFF, 0xFF, 0xFF, 0xFF,
    0xFF, 0xFF, 0xFF, 0xFF, 0xFF, 0xFF, 0xFF, 0xFF, 0xFF, 0xFF, 0xFF, 0xFF, 0xFF, 0xFF, 0xFF, 0xFF,
    0xFF, 0xFF, 0xFF, 0xFF, 0xFF, 0xFF, 0xFF, 0xFF, 0xFF, 0xFF, 0xFF, 0xFF, 0xFF, 0xFF, 0xFF, 0xFF,
    0xFF, 0xFF, 0xFF, 0xFF, 0xFF, 0xFF, 0xFF, 0xFF, 0xFF, 0xFF, 0xFF, 0xFF, 0xFF, 0xFF, 0xFF, 0xFF,
    0xFF, 0xFF, 0xFF, 0xFF, 0xFF, 0xFF, 0xFF, 0xFF, 0xFF, 0xFF, 0xFF, 0xFF, 0xFF, 0xFF, 0xFF, 0xFF,
    0xFF, 0xFF, 0xFF, 0xFF, 0xFF, 0xFF, 0xFF, 0xFF, 0xFF, 0xFF, 0xFF, 0xFF, 0xFF, 0xFF, 0xFF, 0xFF,
    0xFF, 0xFF, 0xFF, 0xFF, 0xFF, 0xFF, 0xFF, 0xFF, 0xFF, 0xFF, 0xFF, 0xFF, 0xFF, 0xFF, 0xFF, 0xFF,
    0xFF, 0xFF, 0xFF, 0xFF, 0xFF, 0xFF, 0xFF, 0xFF, 0xFF, 0xFF, 0xFF, 0xFF, 0xFF, 0xFF, 0xFF, 0xFF,
    0xFF, 0xFF, 0xFF, 0xFF, 0xFF, 0xFF, 0xFF, 0xFF, 0xFF, 0xFF, 0xFF, 0xFF, 0xFF, 0xFF, 0xFF, 0xFF,
    0xFF, 0xFF, 0xFF, 0xFF, 0xFF, 0xFF, 0xFF, 0xFF, 0xFF, 0xFF, 0xFF, 0xFF, 0xFF, 0xFF, 0xFF, 0xFF,
    0xFF, 0xFF, 0xFF, 0xFF, 0xFF, 0xFF, 0xFF, 0xFF, 0xFF, 0xFF, 0xFF, 0xFF, 0xFF, 0xFF, 0xFF, 0xFF,
    0xFF, 0xFF, 0xFF, 0xFF, 0xFF, 0xFF, 0xFF, 0xFF, 0xFF, 0xFF, 0xFF, 0xFF, 0xFF, 0xFF, 0xFF, 0xFF,
    0xFF, 0xFF, 0xFF, 0xFF, 0xFF, 0xFF, 0xFF, 0xFF, 0xFF, 0xFF, 0xFF, 0xFF, 0xFF, 0xFF, 0xFF, 0xFF,
    0xFF, 0xFF, 0xFF, 0xFF, 0xFF, 0xFF, 0xFF, 0xFF, 0xFF, 0xFF, 0xFF, 0xFF, 0xFF, 0xFF, 0xFF, 0xFF,
    0xFF, 0xFF, 0xFF, 0xFF, 0xFF, 0xFF, 0xFF, 0xFF, 0xFF, 0xFF, 0xFF, 0xFF, 0xFF, 0xFF, 0xFF, 0xFF,
    0xFF, 0xFF, 0xFF, 0xFF, 0xFF, 0xFF, 0xFF, 0xFF, 0xFF, 0xFF, 0xFF, 0xFF, 0xFF, 0xFF, 0xFF, 0xFF,
    0xFF, 0xFF, 0xFF, 0xFF, 0xFF, 0xFF, 0xFF, 0xFF, 0xFF, 0xFF, 0xFF, 0xFF, 0xFF, 0xFF, 0xFF, 0xFF,
    0xFF, 0xFF, 0xFF, 0xFF, 0xFF, 0xFF, 0xFF, 0xFF, 0xFF, 0xFF, 0xFF, 0xFF, 0xFF, 0xFF, 0xFF, 0xFF,
    0xFF, 0xFF, 0xFF, 0xFF, 0xFF, 0xFF, 0xFF, 0xFF, 0xFF, 0xFF, 0xFF, 0xFF, 0xFF, 0xFF, 0xFF, 0xFF,
    0xFF, 0xFF, 0xFF, 0xFF, 0xFF, 0xFF, 0xFF, 0xFF, 0xFF, 0xFF, 0xFF, 0xFF, 0xFF, 0xFF, 0xFF, 0xFF,
    0xFF, 0xFF, 0xFF, 0xFF, 0xFF, 0xFF, 0xFF, 0xFF, 0xFF, 0xFF, 0xFF, 0xFF, 0xFF, 0xFF, 0xFF, 0x12,
};

#endif
