// Auto-generated from Omega Chase by Christopher Tumber (2000) (PD).vec
#ifndef _GBCART_OMEGA_CHASE_BY_CHRISTOPHER_TUMBER_2000_PD_H
#define _GBCART_OMEGA_CHASE_BY_CHRISTOPHER_TUMBER_2000_PD_H

const unsigned char gb_cart_Omega_Chase_by_Christopher_Tumber_2000_PD[] PROGMEM = {
    0x67, 0x20, 0x47, 0x43, 0x45, 0x20, 0x58, 0x58, 0x58, 0x58, 0x80, 0x06, 0xF2, 0xF8, 0x50, 0x30,
    0xB8, 0x4F, 0x4D, 0x45, 0x47, 0x41, 0x20, 0x43, 0x48, 0x41, 0x53, 0x45, 0x80, 0x00, 0x20, 0x00,
    0x8E, 0xC8, 0x80, 0xBD, 0xF5, 0x45, 0x7F, 0xC8, 0x81, 0x86, 0xC8, 0x1F, 0x8B, 0xBD, 0x1A, 0x7B,
    0x86, 0xC8, 0x1F, 0x8B, 0xBD, 0x12, 0x21, 0x86, 0xC8, 0x1F, 0x8B, 0xBD, 0xF1, 0x92, 0xBD, 0x0F,
    0x23, 0xBD, 0x24, 0x25, 0xBD, 0xF2, 0xA9, 0xAD, 0x9F, 0xCA, 0xD6, 0xAD, 0x9F, 0xCA, 0xD4, 0xBD,
    0x2E, 0xF7, 0xBD, 0x2E, 0x34, 0xBD, 0x2E, 0x7A, 0xBD, 0x3E, 0x61, 0xBD, 0x24, 0xCB, 0xBD, 0x0E,
    0x05, 0xB6, 0xC8, 0x9A, 0x26, 0xC3, 0x86, 0xC8, 0x1F, 0x8B, 0xBD, 0x27, 0x59, 0xBD, 0x2D, 0xFB,
    0xBD, 0x25, 0x25, 0xBD, 0x20, 0x5B, 0xBD, 0x22, 0xB9, 0xBD, 0x26, 0xAF, 0xBD, 0x25, 0x9D, 0xBD,
    0x1D, 0xFB, 0xB6, 0xCA, 0x6C, 0x26, 0xB0, 0xBD, 0x0E, 0xCF, 0x7C, 0xC8, 0x80, 0xB6, 0xC8, 0x80,
    0x81, 0x64, 0x26, 0x05, 0x86, 0x63, 0xB7, 0xC8, 0x80, 0x20, 0x95, 0xFF, 0x16, 0xFD, 0x79, 0x15,
    0x0C, 0x15, 0x0C, 0x1E, 0x12, 0x1C, 0x12, 0x15, 0x0C, 0x15, 0x0C, 0x1E, 0x12, 0x1C, 0x12, 0x15,
    0x0C, 0x15, 0x0C, 0x1E, 0x12, 0x1C, 0x12, 0x15, 0x0C, 0x15, 0x0C, 0x15, 0x1C, 0x00, 0x80, 0x30,
    0x30, 0x30, 0x30, 0x30, 0x30, 0x80, 0x00, 0x00, 0x7F, 0x00, 0x7F, 0x00, 0x00, 0x00, 0x00, 0x7F,
    0x00, 0x7F, 0x00, 0x00, 0x7F, 0x7F, 0x00, 0x00, 0x81, 0x7F, 0x00, 0x7F, 0x7F, 0x00, 0x00, 0x81,
    0x81, 0x00, 0x3F, 0x3F, 0x3F, 0xC1, 0xC1, 0x3F, 0xC1, 0xC1, 0xC1, 0xC1, 0x7E, 0x3F, 0xC1, 0x1F,
    0x00, 0xE1, 0x00, 0x1F, 0xC1, 0x20, 0x00, 0xC1, 0x00, 0x7E, 0x3F, 0x00, 0x00, 0x82, 0x82, 0x00,
    0x00, 0x7E, 0x3F, 0x00, 0x3F, 0x3F, 0x00, 0x82, 0x82, 0x00, 0x00, 0x7E, 0x3F, 0x3F, 0x00, 0x82,
    0xC1, 0x00, 0x00, 0x3F, 0x00, 0xC1, 0xC1, 0x00, 0x00, 0x7E, 0x3F, 0x3F, 0x00, 0x82, 0x82, 0x00,
    0x00, 0x7E, 0x3F, 0x00, 0x00, 0xC1, 0x3F, 0x3F, 0xC1, 0x00, 0x00, 0x82, 0x00, 0x7E, 0xC1, 0x00,
    0x3F, 0xC1, 0x82, 0x00, 0x3F, 0x00, 0x82, 0x00, 0x3F, 0xC1, 0x82, 0x00, 0x00, 0x7E, 0xC1, 0xC1,
    0x7E, 0x1F, 0xC1, 0x20, 0x3F, 0x20, 0x82, 0x1F, 0xC1, 0xC1, 0x7E, 0x2A, 0x82, 0x2A, 0x7E, 0x2A,
    0x3F, 0x3F, 0x00, 0x82, 0x82, 0x00, 0x00, 0x7E, 0x7E, 0x00, 0xC1, 0xC1, 0x7E, 0x00, 0x00, 0x7E,
    0xC1, 0x00, 0x00, 0x82, 0xC1, 0xC1, 0x7E, 0x00, 0x00, 0x7E, 0xC1, 0x00, 0x00, 0x82, 0xC1, 0x7E,
    0x3F, 0x3F, 0x00, 0x82, 0xC1, 0x00, 0x00, 0x7E, 0xC1, 0x00, 0x00, 0x82, 0xC1, 0x00, 0x7E, 0x00,
    0x3F, 0xC1, 0x00, 0x7E, 0x3F, 0xC1, 0x82, 0x00, 0x00, 0x7E, 0x7E, 0x00, 0x3F, 0xC1, 0x82, 0x3F,
    0x7E, 0x3F, 0x3F, 0xC1, 0xC1, 0x3F, 0x3F, 0x3F, 0x82, 0x82, 0x3F, 0x3F, 0x00, 0x82, 0x82, 0x00,
    0x00, 0x7E, 0x1F, 0x00, 0x00, 0xA1, 0x40, 0x00, 0x00, 0x5F, 0x1F, 0x00, 0x3F, 0x3F, 0x00, 0xE1,
    0xD0, 0x00, 0x00, 0xC0, 0x30, 0x00, 0x00, 0xE1, 0x82, 0x00, 0x00, 0x1F, 0x2F, 0x00, 0x00, 0x40,
    0xD1, 0x00, 0x00, 0x1F, 0x7E, 0x00, 0xC1, 0xC1, 0x7E, 0x3F, 0x82, 0x3F, 0x00, 0xE1, 0x10, 0xF0,
    0x00, 0xE0, 0xF0, 0xF0, 0x00, 0xE1, 0x3F, 0x3F, 0x00, 0x82, 0xB2, 0x00, 0x00, 0x5F, 0xEF, 0x00,
    0x00, 0xA1, 0xE1, 0x00, 0x00, 0x7E, 0x4F, 0x00, 0x00, 0xA1, 0x10, 0x00, 0x00, 0x5F, 0x1F, 0x00,
    0x3F, 0x3F, 0x00, 0x82, 0x82, 0x00, 0x00, 0x7E, 0x1F, 0x00, 0x00, 0xA1, 0x11, 0x00, 0x00, 0x5F,
    0x1F, 0x00, 0x00, 0xA1, 0x10, 0x00, 0x00, 0x5F, 0x1F, 0x00, 0x3F, 0x3F, 0x00, 0x82, 0x82, 0x00,
    0x00, 0x7E, 0x7E, 0x00, 0x20, 0x20, 0x00, 0xC0, 0xC0, 0x00, 0x00, 0x40, 0x40, 0x00, 0x3F, 0x3F,
    0x00, 0xE1, 0xC0, 0xE0, 0x40, 0xE0, 0x00, 0xE1, 0x82, 0x00, 0x00, 0x1F, 0x40, 0x00, 0xC0, 0x20,
    0x40, 0x20, 0xC0, 0x00, 0x00, 0x1F, 0x7E, 0x00, 0x3F, 0x3F, 0x00, 0x82, 0x82, 0x00, 0x00, 0x7E,
    0x4F, 0x00, 0x00, 0xC2, 0xE1, 0x00, 0x00, 0x1F, 0xEF, 0x00, 0x00, 0xC0, 0x40, 0x00, 0x00, 0x5F,
    0x1F, 0x00, 0x3F, 0xC1, 0x00, 0x7E, 0x82, 0x00, 0x00, 0x82, 0x7E, 0x00, 0xC1, 0x00, 0x7E, 0x00,
    0x3F, 0xC1, 0x00, 0x7E, 0xC1, 0x00, 0x00, 0x82, 0xC1, 0x00, 0x00, 0x7E, 0x3F, 0xC1, 0x00, 0x7E,
    0xC1, 0x00, 0x00, 0xC1, 0x00, 0x3F, 0xC1, 0x00, 0x00, 0x82, 0x3F, 0xC1, 0xC1, 0x00, 0x00, 0x7E,
    0x1E, 0x00, 0xA3, 0x00, 0x3F, 0x3F, 0x00, 0x82, 0xC1, 0x00, 0x00, 0x7E, 0xC1, 0x00, 0x00, 0x82,
    0x3F, 0x3F, 0x00, 0x82, 0x82, 0x00, 0x00, 0x7E, 0x3F, 0x00, 0x00, 0x82, 0x3F, 0xC1, 0x00, 0x7E,
    0x82, 0x82, 0x00, 0xC1, 0x00, 0x7E, 0x3F, 0x00, 0x00, 0x82, 0x82, 0x00, 0x00, 0x7E, 0x3F, 0x00,
    0xC1, 0x3F, 0x7E, 0x00, 0x00, 0x82, 0xC1, 0x00, 0x00, 0x7E, 0x1F, 0x00, 0xC2, 0x1F, 0x00, 0xF1,
    0x0F, 0xF8, 0x00, 0xF0, 0xF1, 0xF8, 0x00, 0xF1, 0x3E, 0x1F, 0x1E, 0x02, 0xC1, 0x1A, 0x02, 0xF1,
    0x0F, 0xF9, 0x01, 0xF1, 0xF2, 0xF7, 0x01, 0xF1, 0x3A, 0x23, 0x1E, 0x05, 0xBE, 0x13, 0x03, 0xF1,
    0x10, 0xFB, 0x03, 0xF2, 0xF3, 0xF5, 0x03, 0xF1, 0x36, 0x29, 0x1D, 0x08, 0xBD, 0x0D, 0x04, 0xF1,
    0x11, 0xFD, 0x04, 0xF1, 0xF4, 0xF5, 0x04, 0xF1, 0x32, 0x2E, 0x1C, 0x0B, 0xBD, 0x06, 0x05, 0xF2,
    0x11, 0xFE, 0x06, 0xF2, 0xF5, 0xF3, 0x05, 0xF3, 0x2D, 0x32, 0x1B, 0x0E, 0xBC, 0xFF, 0x07, 0xF3,
    0x11, 0x00, 0x07, 0xF2, 0xF7, 0xF2, 0x06, 0xF3, 0x28, 0x37, 0x19, 0x10, 0xBD, 0xF8, 0x08, 0xF5,
    0x11, 0x01, 0x09, 0xF3, 0xF7, 0xF1, 0x09, 0xF4, 0x21, 0x3A, 0x17, 0x13, 0xBE, 0xF1, 0x0A, 0xF6,
    0x10, 0x03, 0x0A, 0xF3, 0xFA, 0xF1, 0x09, 0xF4, 0x1B, 0x3E, 0x15, 0x15, 0xC0, 0xEB, 0x0B, 0xF6,
    0x10, 0x05, 0x0B, 0xF5, 0xFB, 0xF0, 0x0A, 0xF5, 0x15, 0x40, 0x13, 0x17, 0xC2, 0xE6, 0x0B, 0xF6,
    0x10, 0x06, 0x0C, 0xF6, 0xFD, 0xF0, 0x0A, 0xF6, 0x10, 0x42, 0x11, 0x19, 0xC5, 0xDF, 0x0C, 0xF8,
    0x0F, 0x08, 0x0D, 0xF7, 0xFF, 0xEF, 0x0B, 0xF8, 0x09, 0x43, 0x0E, 0x1A, 0xC9, 0xDA, 0x0D, 0xF9,
    0x0E, 0x09, 0x0E, 0xF9, 0x00, 0xEF, 0x0C, 0xF9, 0x02, 0x43, 0x0C, 0x1C, 0xCC, 0xD4, 0x0E, 0xFA,
    0x0D, 0x0B, 0x0E, 0xFA, 0x01, 0xEF, 0x0E, 0xFA, 0xFC, 0x44, 0x08, 0x1D, 0xD2, 0xCF, 0x0E, 0xFC,
    0x0C, 0x0C, 0x0E, 0xFB, 0x04, 0xEF, 0x0E, 0xFC, 0xF4, 0x43, 0x06, 0x1E, 0xD6, 0xCB, 0x0F, 0xFD,
    0x0B, 0x0D, 0x0E, 0xFC, 0x05, 0xF0, 0x0E, 0xFD, 0xEF, 0x42, 0x03, 0x1E, 0xDC, 0xC7, 0x0F, 0xFE,
    0x09, 0x0E, 0x0F, 0xFF, 0x06, 0xF0, 0x0F, 0xFF, 0xE8, 0x3F, 0x00, 0x1E, 0xE2, 0xC4, 0x0F, 0x00,
    0x08, 0x0F, 0x0E, 0x00, 0x08, 0xF1, 0x0F, 0x00, 0xE2, 0x3C, 0xFE, 0x1E, 0xE6, 0xC1, 0x0F, 0x02,
    0x07, 0x0F, 0x0F, 0x01, 0x09, 0xF2, 0x0F, 0x01, 0xDD, 0x3A, 0xFB, 0x1E, 0xED, 0xBE, 0x0F, 0x03,
    0x05, 0x10, 0x0E, 0x03, 0x0B, 0xF3, 0x0F, 0x03, 0xD7, 0x36, 0xF8, 0x1D, 0xF3, 0xBD, 0x0F, 0x04,
    0x03, 0x11, 0x0F, 0x04, 0x0B, 0xF4, 0x0F, 0x04, 0xD2, 0x32, 0xF5, 0x1C, 0xFA, 0xBD, 0x0E, 0x05,
    0x02, 0x11, 0x0E, 0x06, 0x0D, 0xF5, 0x0D, 0x05, 0xCE, 0x2D, 0xF2, 0x1B, 0x01, 0xBC, 0x0D, 0x07,
    0x00, 0x11, 0x0E, 0x07, 0x0E, 0xF7, 0x0D, 0x06, 0xC9, 0x28, 0xF0, 0x19, 0x08, 0xBD, 0x0B, 0x08,
    0xFF, 0x11, 0x0D, 0x09, 0x0F, 0xF7, 0x0C, 0x09, 0xC6, 0x21, 0xED, 0x17, 0x0F, 0xBE, 0x0A, 0x0A,
    0xFD, 0x10, 0x0D, 0x0A, 0x0F, 0xFA, 0x0C, 0x09, 0xC2, 0x1B, 0xEB, 0x15, 0x15, 0xC0, 0x0A, 0x0B,
    0xFB, 0x10, 0x0B, 0x0B, 0x10, 0xFB, 0x0B, 0x0A, 0xC0, 0x15, 0xE9, 0x13, 0x1A, 0xC2, 0x0A, 0x0B,
    0xFA, 0x10, 0x0A, 0x0C, 0x10, 0xFD, 0x0A, 0x0A, 0xBE, 0x10, 0xE7, 0x11, 0x21, 0xC5, 0x08, 0x0C,
    0xF8, 0x0F, 0x09, 0x0D, 0x11, 0xFF, 0x08, 0x0B, 0xBD, 0x09, 0xE6, 0x0E, 0x26, 0xC9, 0x07, 0x0D,
    0xF7, 0x0E, 0x07, 0x0E, 0x11, 0x00, 0x07, 0x0C, 0xBD, 0x02, 0xE4, 0x0C, 0x2C, 0xCC, 0x06, 0x0E,
    0xF5, 0x0D, 0x06, 0x0E, 0x11, 0x01, 0x06, 0x0E, 0xBC, 0xFC, 0xE3, 0x08, 0x31, 0xD2, 0x04, 0x0E,
    0xF4, 0x0C, 0x05, 0x0E, 0x11, 0x04, 0x04, 0x0E, 0xBD, 0xF4, 0xE2, 0x06, 0x35, 0xD6, 0x03, 0x0F,
    0xF3, 0x0B, 0x04, 0x0E, 0x10, 0x05, 0x03, 0x0E, 0xBE, 0xEF, 0xE2, 0x03, 0x39, 0xDC, 0x02, 0x0F,
    0xF2, 0x09, 0x01, 0x0F, 0x10, 0x06, 0x01, 0x0F, 0xC1, 0xE8, 0xE2, 0x00, 0x3C, 0xE2, 0x00, 0x0F,
    0xF1, 0x08, 0x00, 0x0E, 0x0F, 0x08, 0x00, 0x0F, 0xC4, 0xE2, 0xE2, 0xFE, 0x3F, 0xE6, 0xFE, 0x0F,
    0xF1, 0x07, 0xFF, 0x0F, 0x0E, 0x09, 0xFF, 0x0F, 0xC6, 0xDD, 0xE2, 0xFB, 0x42, 0xED, 0xFD, 0x0F,
    0xF0, 0x05, 0xFD, 0x0E, 0x0D, 0x0B, 0xFD, 0x0F, 0xCA, 0xD7, 0xE3, 0xF8, 0x43, 0xF3, 0xFC, 0x0F,
    0xEF, 0x03, 0xFC, 0x0F, 0x0C, 0x0B, 0xFC, 0x0F, 0xCE, 0xD2, 0xE4, 0xF5, 0x43, 0xFA, 0xFB, 0x0E,
    0xEF, 0x02, 0xFA, 0x0E, 0x0B, 0x0D, 0xFB, 0x0D, 0xD3, 0xCE, 0xE5, 0xF2, 0x44, 0x01, 0xF9, 0x0D,
    0xEF, 0x00, 0xF9, 0x0E, 0x09, 0x0E, 0xFA, 0x0D, 0xD8, 0xC9, 0xE7, 0xF0, 0x43, 0x08, 0xF8, 0x0B,
    0xEF, 0xFF, 0xF7, 0x0D, 0x09, 0x0F, 0xF7, 0x0C, 0xDF, 0xC6, 0xE9, 0xED, 0x42, 0x0F, 0xF6, 0x0A,
    0xF0, 0xFD, 0xF6, 0x0D, 0x06, 0x0F, 0xF7, 0x0C, 0xE5, 0xC2, 0xEB, 0xEB, 0x40, 0x15, 0xF5, 0x0A,
    0xF0, 0xFB, 0xF5, 0x0B, 0x05, 0x10, 0xF6, 0x0B, 0xEB, 0xC0, 0xED, 0xE9, 0x3E, 0x1A, 0xF5, 0x0A,
    0xF0, 0xFA, 0xF4, 0x0A, 0x03, 0x10, 0xF6, 0x0A, 0xF0, 0xBE, 0xEF, 0xE7, 0x3B, 0x21, 0xF4, 0x08,
    0xF1, 0xF8, 0xF3, 0x09, 0x01, 0x11, 0xF5, 0x08, 0xF7, 0xBD, 0xF2, 0xE6, 0x37, 0x26, 0xF3, 0x07,
    0xF2, 0xF7, 0xF2, 0x07, 0x00, 0x11, 0xF4, 0x07, 0xFE, 0xBD, 0xF4, 0xE4, 0x34, 0x2C, 0xF2, 0x06,
    0xF3, 0xF5, 0xF2, 0x06, 0xFF, 0x11, 0xF2, 0x06, 0x04, 0xBC, 0xF8, 0xE3, 0x2E, 0x31, 0xF2, 0x04,
    0xF4, 0xF4, 0xF2, 0x05, 0xFC, 0x11, 0xF2, 0x04, 0x0C, 0xBD, 0xFA, 0xE2, 0x2A, 0x35, 0xF1, 0x03,
    0xF5, 0xF3, 0xF2, 0x04, 0xFB, 0x10, 0xF2, 0x03, 0x11, 0xBE, 0xFD, 0xE2, 0x24, 0x39, 0xF1, 0x02,
    0xF7, 0xF2, 0xF1, 0x01, 0xFA, 0x10, 0xF1, 0x01, 0x18, 0xC1, 0x00, 0xE2, 0x1E, 0x3C, 0xF1, 0x00,
    0xF8, 0xF1, 0xF2, 0x00, 0xF8, 0x0F, 0xF1, 0x00, 0x1E, 0xC4, 0x02, 0xE2, 0x1A, 0x3F, 0xF1, 0xFE,
    0xF9, 0xF1, 0xF1, 0xFF, 0xF7, 0x0E, 0xF1, 0xFF, 0x23, 0xC6, 0x05, 0xE2, 0x13, 0x42, 0xF1, 0xFD,
    0xFB, 0xF0, 0xF2, 0xFD, 0xF5, 0x0D, 0xF1, 0xFD, 0x29, 0xCA, 0x08, 0xE3, 0x0D, 0x43, 0xF1, 0xFC,
    0xFD, 0xEF, 0xF1, 0xFC, 0xF5, 0x0C, 0xF1, 0xFC, 0x2E, 0xCE, 0x0B, 0xE4, 0x06, 0x43, 0xF2, 0xFB,
    0xFE, 0xEF, 0xF2, 0xFA, 0xF3, 0x0B, 0xF3, 0xFB, 0x32, 0xD3, 0x0E, 0xE5, 0xFF, 0x44, 0xF3, 0xF9,
    0x00, 0xEF, 0xF2, 0xF9, 0xF2, 0x09, 0xF3, 0xFA, 0x37, 0xD8, 0x10, 0xE7, 0xF8, 0x43, 0xF5, 0xF8,
    0x01, 0xEF, 0xF3, 0xF7, 0xF1, 0x09, 0xF4, 0xF7, 0x3A, 0xDF, 0x13, 0xE9, 0xF1, 0x42, 0xF6, 0xF6,
    0x03, 0xF0, 0xF3, 0xF6, 0xF1, 0x06, 0xF4, 0xF7, 0x3E, 0xE5, 0x15, 0xEB, 0xEB, 0x40, 0xF6, 0xF5,
    0x05, 0xF0, 0xF5, 0xF5, 0xF0, 0x05, 0xF5, 0xF6, 0x40, 0xEB, 0x17, 0xED, 0xE6, 0x3E, 0xF6, 0xF5,
    0x06, 0xF0, 0xF6, 0xF4, 0xF0, 0x03, 0xF6, 0xF6, 0x42, 0xF0, 0x19, 0xEF, 0xDF, 0x3B, 0xF8, 0xF4,
    0x08, 0xF1, 0xF7, 0xF3, 0xEF, 0x01, 0xF8, 0xF5, 0x43, 0xF7, 0x1A, 0xF2, 0xDA, 0x37, 0xF9, 0xF3,
    0x09, 0xF2, 0xF9, 0xF2, 0xEF, 0x00, 0xF9, 0xF4, 0x43, 0xFE, 0x1C, 0xF4, 0xD4, 0x34, 0xFA, 0xF2,
    0x0B, 0xF3, 0xFA, 0xF2, 0xEF, 0xFF, 0xFA, 0xF2, 0x44, 0x04, 0x1D, 0xF8, 0xCF, 0x2E, 0xFC, 0xF2,
    0x0C, 0xF4, 0xFB, 0xF2, 0xEF, 0xFC, 0xFC, 0xF2, 0x43, 0x0C, 0x1E, 0xFA, 0xCB, 0x2A, 0xFD, 0xF1,
    0x0D, 0xF5, 0xFC, 0xF2, 0xF0, 0xFB, 0xFD, 0xF2, 0x42, 0x11, 0x1E, 0xFD, 0xC7, 0x24, 0xFE, 0xF1,
    0x0E, 0xF7, 0xFF, 0xF1, 0xF0, 0xFA, 0xFF, 0xF1, 0x3F, 0x18, 0x7E, 0x00, 0xC1, 0x7E, 0x82, 0x00,
    0xC1, 0x82, 0x3F, 0x82, 0x7E, 0x00, 0x3F, 0x7E, 0x3F, 0x00, 0xA2, 0x20, 0xE0, 0x5E, 0x00, 0x82,
    0x00, 0x82, 0x20, 0x5E, 0x5E, 0x20, 0xE1, 0xC1, 0x3F, 0x3F, 0xC1, 0x3F, 0x00, 0x82, 0x1F, 0xC1,
    0xC1, 0x3F, 0x3F, 0x3F, 0x00, 0x82, 0x00, 0xC1, 0x3F, 0x3F, 0xC1, 0x3F, 0x00, 0x82, 0xC1, 0x3F,
    0x3F, 0x3F, 0xFF, 0x16, 0xFE, 0xB6, 0x00, 0x80, 0x30, 0xB1, 0x20, 0x93, 0x10, 0xB1, 0xF0, 0x93,
    0xE0, 0xB1, 0xD0, 0x93, 0xD0, 0x93, 0xE0, 0xB1, 0xF0, 0x93, 0x10, 0xB1, 0x20, 0x93, 0x30, 0xB1,
    0x30, 0xB1, 0x30, 0x93, 0x20, 0x93, 0x10, 0xB1, 0xF0, 0x93, 0xE0, 0xB1, 0xD0, 0x93, 0xD0, 0x93,
    0xD0, 0xB1, 0xE0, 0xB1, 0xF0, 0x93, 0x10, 0xB1, 0x20, 0x93, 0x30, 0xB1, 0x30, 0xB1, 0x30, 0x93,
    0x20, 0x93, 0x20, 0xB1, 0x10, 0xB1, 0xF0, 0x93, 0xE0, 0xB1, 0xD0, 0x93, 0xD0, 0x93, 0xD0, 0xB1,
    0xE0, 0xB1, 0xE0, 0x93, 0xF0, 0x93, 0x10, 0xB1, 0x20, 0x93, 0x30, 0xB1, 0x30, 0xB1, 0x30, 0x93,
    0x20, 0x93, 0x20, 0xB1, 0x10, 0xB1, 0x10, 0x93, 0xF0, 0x93, 0xE0, 0xB1, 0xD0, 0x93, 0xD0, 0x93,
    0xD0, 0xB1, 0xE0, 0xB1, 0xE0, 0x93, 0xF0, 0x93, 0xF0, 0xB1, 0x10, 0xB1, 0x20, 0x93, 0x30, 0xB1,
    0x30, 0xB1, 0x30, 0x93, 0x20, 0x93, 0x20, 0xB1, 0x10, 0xB1, 0x10, 0x93, 0xF0, 0x93, 0xF0, 0xB1,
    0xE0, 0xB1, 0xD0, 0x93, 0xD0, 0x93, 0xD0, 0xB1, 0xE0, 0xB1, 0xE0, 0x93, 0xF0, 0x93, 0xF0, 0xB1,
    0x10, 0x93, 0x10, 0xB1, 0x20, 0x93, 0x30, 0xB1, 0x30, 0xB1, 0x30, 0x93, 0x20, 0x93, 0x20, 0xB1,
    0x10, 0xB1, 0x10, 0x93, 0xF0, 0x93, 0xF0, 0xB1, 0xE0, 0xB1, 0xE0, 0x93, 0xD0, 0x93, 0xD0, 0x93,
    0xD0, 0xB1, 0xE0, 0xB1, 0xE0, 0x93, 0xF0, 0x93, 0xF0, 0xB1, 0x10, 0x93, 0x10, 0xB1, 0x20, 0x93,
    0x20, 0xB1, 0x30, 0xB1, 0x30, 0xB1, 0x30, 0x93, 0x20, 0x93, 0x20, 0xB1, 0x10, 0xB1, 0x10, 0x93,
    0xF0, 0x93, 0xF0, 0xB1, 0xE0, 0xB1, 0xE0, 0x93, 0xD0, 0x93, 0xD0, 0xB1, 0xD0, 0x93, 0xD0, 0xB1,
    0xE0, 0xB1, 0xE0, 0x93, 0xF0, 0x93, 0xF0, 0xB1, 0x10, 0x93, 0x10, 0xB1, 0x20, 0x93, 0x20, 0xB1,
    0x30, 0xB1, 0x30, 0x93, 0x10, 0xA3, 0x10, 0xC1, 0x00, 0x93, 0x00, 0xB1, 0xF0, 0xA3, 0xF0, 0xC1,
    0xE0, 0xB3, 0x20, 0xB3, 0xE0, 0xD1, 0x20, 0xD1, 0xD0, 0xC3, 0x30, 0xC3, 0xF0, 0xA3, 0xF0, 0xC1,
    0x00, 0x93, 0x00, 0xB1, 0x10, 0xA3, 0x10, 0xC1, 0x20, 0xB3, 0xE0, 0xB3, 0x20, 0xD1, 0xE0, 0xD1,
    0x30, 0xC3, 0xD0, 0xC3, 0x30, 0xC2, 0x28, 0xBA, 0x20, 0xB2, 0x18, 0xAA, 0x10, 0xA2, 0x08, 0x9A,
    0x00, 0x92, 0xF8, 0x9A, 0xF0, 0xA2, 0xE8, 0xAA, 0xE0, 0xB2, 0xD8, 0xBA, 0xD8, 0xBA, 0xE0, 0xB2,
    0xE8, 0xAA, 0xF0, 0xA2, 0xF8, 0x9A, 0x00, 0x92, 0x08, 0x9A, 0x10, 0xA2, 0x18, 0xAA, 0x20, 0xB2,
    0x28, 0xBA, 0x30, 0xC2, 0x86, 0x20, 0xB7, 0xCA, 0xA8, 0x86, 0x10, 0xB7, 0xCA, 0xA9, 0x86, 0x08,
    0xB7, 0xCA, 0xAA, 0x86, 0x04, 0xB7, 0xCA, 0xAB, 0x86, 0x02, 0xB7, 0xCA, 0xAC, 0xCC, 0x0D, 0xCB,
    0xFD, 0xCA, 0xAD, 0xFD, 0xCA, 0xAF, 0x86, 0x00, 0xB7, 0xCA, 0xB1, 0x86, 0x00, 0xB7, 0xCA, 0xB2,
    0xCC, 0x0D, 0x4F, 0xFD, 0xCA, 0xB3, 0xCC, 0x0D, 0x6F, 0xFD, 0xCA, 0xB5, 0xCC, 0x0D, 0xAF, 0xFD,
    0xCA, 0xB7, 0xCC, 0x0D, 0xB7, 0xFD, 0xCA, 0xB9, 0xCC, 0x0D, 0xBB, 0xFD, 0xCA, 0xBB, 0xCC, 0x0D,
    0xEE, 0xFD, 0xCA, 0xBC, 0xFD, 0xCA, 0xBE, 0x86, 0x00, 0xB7, 0xCA, 0xC0, 0x86, 0x00, 0xB7, 0xCA,
    0xC1, 0xCC, 0x0D, 0x7F, 0xFD, 0xCA, 0xC2, 0xCC, 0x0D, 0x9F, 0xFD, 0xCA, 0xC4, 0xCC, 0x0D, 0xBD,
    0xFD, 0xCA, 0xC6, 0xCC, 0x0D, 0xC5, 0xFD, 0xCA, 0xC8, 0xCC, 0x0D, 0xC9, 0xFD, 0xCA, 0xCA, 0x39,
    0x86, 0x40, 0xB7, 0xCA, 0xA8, 0x86, 0x20, 0xB7, 0xCA, 0xA9, 0x86, 0x10, 0xB7, 0xCA, 0xAA, 0x86,
    0x08, 0xB7, 0xCA, 0xAB, 0x86, 0x04, 0xB7, 0xCA, 0xAC, 0xCC, 0x0D, 0x42, 0xFD, 0xCA, 0xAD, 0xFD,
    0xCA, 0xAF, 0x86, 0x00, 0xB7, 0xCA, 0xB1, 0x86, 0x00, 0xB7, 0xCA, 0xB2, 0xCC, 0x0B, 0xC0, 0xFD,
    0xCA, 0xB3, 0xCC, 0x0C, 0x00, 0xFD, 0xCA, 0xB5, 0xCC, 0x0C, 0xE0, 0xFD, 0xCA, 0xB7, 0xCC, 0x0C,
    0xE8, 0xFD, 0xCA, 0xB9, 0xCC, 0x0C, 0xEC, 0xFD, 0xCA, 0xBB, 0xCC, 0x0D, 0x23, 0xFD, 0xCA, 0xBC,
    0xFD, 0xCA, 0xBE, 0x86, 0x00, 0xB7, 0xCA, 0xC0, 0x86, 0x00, 0xB7, 0xCA, 0xC1, 0xCC, 0x0C, 0x20,
    0xFD, 0xCA, 0xC2, 0xCC, 0x0C, 0x60, 0xFD, 0xCA, 0xC4, 0xCC, 0x0C, 0xEE, 0xFD, 0xCA, 0xC6, 0xCC,
    0x0C, 0xF6, 0xFD, 0xCA, 0xC8, 0xCC, 0x0C, 0xFA, 0xFD, 0xCA, 0xCA, 0xCC, 0x0D, 0x0A, 0xFD, 0xCA,
    0xCB, 0xFD, 0xCA, 0xCD, 0x86, 0x00, 0xB7, 0xCA, 0xCF, 0x86, 0x00, 0xB7, 0xCA, 0xD0, 0xCC, 0x0C,
    0x80, 0xFD, 0xCA, 0xD1, 0xCC, 0x0C, 0xC0, 0xFD, 0xCA, 0xD3, 0xCC, 0x0C, 0xFC, 0xFD, 0xCA, 0xD5,
    0xCC, 0x0D, 0x04, 0xFD, 0xCA, 0xD7, 0xCC, 0x0D, 0x08, 0xFD, 0xCA, 0xD9, 0x39, 0xB6, 0xCA, 0xB1,
    0x10, 0x26, 0x00, 0x82, 0xBE, 0xCA, 0xAF, 0xA6, 0x84, 0x81, 0xFF, 0x26, 0x0A, 0xBE, 0xCA, 0xAD,
    0xBF, 0xCA, 0xAF, 0xA6, 0x84, 0x20, 0x12, 0x81, 0x80, 0x26, 0x0E, 0xF6, 0xC8, 0x07, 0xCA, 0x01,
    0xCA, 0x08, 0x86, 0x07, 0xBD, 0xF2, 0x56, 0x20, 0x45, 0x84, 0x40, 0x27, 0x17, 0xE6, 0x84, 0xC4,
    0x1F, 0x86, 0x06, 0xBD, 0xF2, 0x56, 0xF6, 0xC8, 0x07, 0xCA, 0x01, 0xC4, 0xF7, 0x86, 0x07, 0xBD,
    0xF2, 0x56, 0x20, 0x2A, 0xA6, 0x84, 0x48, 0x8E, 0xFC, 0x8D, 0xE6, 0x86, 0x86, 0x01, 0xBD, 0xF2,
    0x56, 0xBE, 0xCA, 0xAF, 0xA6, 0x84, 0x48, 0x4C, 0x8E, 0xFC, 0x8D, 0xE6, 0x86, 0x86, 0x00, 0xBD,
    0xF2, 0x56, 0xF6, 0xC8, 0x07, 0xC4, 0xFE, 0xCA, 0x08, 0x86, 0x07, 0xBD, 0xF2, 0x56, 0xBE, 0xCA,
    0xAF, 0xA6, 0x01, 0xB7, 0xCA, 0xB2, 0x8E, 0xCA, 0xA8, 0xA6, 0x86, 0xB7, 0xCA, 0xB1, 0xBE, 0xCA,
    0xAF, 0x30, 0x02, 0xBF, 0xCA, 0xAF, 0x7A, 0xCA, 0xB1, 0xB6, 0xCA, 0xB2, 0x81, 0x00, 0x26, 0x05,
    0x8E, 0x0B, 0xC0, 0x20, 0x1E, 0x81, 0x01, 0x26, 0x05, 0x8E, 0x0C, 0x00, 0x20, 0x15, 0x81, 0x02,
    0x26, 0x05, 0x8E, 0x0C, 0xE0, 0x20, 0x0C, 0x81, 0x03, 0x26, 0x05, 0x8E, 0x0C, 0xE8, 0x20, 0x03,
    0x8E, 0x0C, 0xEC, 0xB6, 0xCA, 0xB1, 0xE6, 0x86, 0x86, 0x08, 0xBD, 0xF2, 0x56, 0x39, 0xB6, 0xCA,
    0xC0, 0x10, 0x26, 0x00, 0x82, 0xBE, 0xCA, 0xBE, 0xA6, 0x84, 0x81, 0xFF, 0x26, 0x0A, 0xBE, 0xCA,
    0xBC, 0xBF, 0xCA, 0xBE, 0xA6, 0x84, 0x20, 0x12, 0x81, 0x80, 0x26, 0x0E, 0xF6, 0xC8, 0x07, 0xCA,
    0x02, 0xCA, 0x10, 0x86, 0x07, 0xBD, 0xF2, 0x56, 0x20, 0x45, 0x84, 0x40, 0x27, 0x17, 0xE6, 0x84,
    0xC4, 0x1F, 0x86, 0x06, 0xBD, 0xF2, 0x56, 0xF6, 0xC8, 0x07, 0xCA, 0x02, 0xC4, 0xEF, 0x86, 0x07,
    0xBD, 0xF2, 0x56, 0x20, 0x2A, 0xA6, 0x84, 0x48, 0x8E, 0xFC, 0x8D, 0xE6, 0x86, 0x86, 0x03, 0xBD,
    0xF2, 0x56, 0xBE, 0xCA, 0xBE, 0xA6, 0x84, 0x48, 0x4C, 0x8E, 0xFC, 0x8D, 0xE6, 0x86, 0x86, 0x02,
    0xBD, 0xF2, 0x56, 0xF6, 0xC8, 0x07, 0xC4, 0xFD, 0xCA, 0x10, 0x86, 0x07, 0xBD, 0xF2, 0x56, 0xBE,
    0xCA, 0xBE, 0xA6, 0x01, 0xB7, 0xCA, 0xC1, 0x8E, 0xCA, 0xA8, 0xA6, 0x86, 0xB7, 0xCA, 0xC0, 0xBE,
    0xCA, 0xBE, 0x30, 0x02, 0xBF, 0xCA, 0xBE, 0x7A, 0xCA, 0xC0, 0xB6, 0xCA, 0xC1, 0x81, 0x00, 0x26,
    0x05, 0x8E, 0x0C, 0x20, 0x20, 0x1E, 0x81, 0x01, 0x26, 0x05, 0x8E, 0x0C, 0x60, 0x20, 0x15, 0x81,
    0x02, 0x26, 0x05, 0x8E, 0x0C, 0xEE, 0x20, 0x0C, 0x81, 0x03, 0x26, 0x05, 0x8E, 0x0C, 0xF6, 0x20,
    0x03, 0x8E, 0x0C, 0xFA, 0xB6, 0xCA, 0xC0, 0xE6, 0x86, 0x86, 0x09, 0xBD, 0xF2, 0x56, 0x39, 0xB6,
    0xCA, 0xCF, 0x10, 0x26, 0x00, 0x82, 0xBE, 0xCA, 0xCD, 0xA6, 0x84, 0x81, 0xFF, 0x26, 0x0A, 0xBE,
    0xCA, 0xCB, 0xBF, 0xCA, 0xCD, 0xA6, 0x84, 0x20, 0x12, 0x81, 0x80, 0x26, 0x0E, 0xF6, 0xC8, 0x07,
    0xCA, 0x04, 0xCA, 0x20, 0x86, 0x07, 0xBD, 0xF2, 0x56, 0x20, 0x45, 0x84, 0x40, 0x27, 0x17, 0xE6,
    0x84, 0xC4, 0x1F, 0x86, 0x06, 0xBD, 0xF2, 0x56, 0xF6, 0xC8, 0x07, 0xCA, 0x04, 0xC4, 0xDF, 0x86,
    0x07, 0xBD, 0xF2, 0x56, 0x20, 0x2A, 0xA6, 0x84, 0x48, 0x8E, 0xFC, 0x8D, 0xE6, 0x86, 0x86, 0x05,
    0xBD, 0xF2, 0x56, 0xBE, 0xCA, 0xCD, 0xA6, 0x84, 0x48, 0x4C, 0x8E, 0xFC, 0x8D, 0xE6, 0x86, 0x86,
    0x04, 0xBD, 0xF2, 0x56, 0xF6, 0xC8, 0x07, 0xC4, 0xFB, 0xCA, 0x20, 0x86, 0x07, 0xBD, 0xF2, 0x56,
    0xBE, 0xCA, 0xCD, 0xA6, 0x01, 0xB7, 0xCA, 0xD0, 0x8E, 0xCA, 0xA8, 0xA6, 0x86, 0xB7, 0xCA, 0xCF,
    0xBE, 0xCA, 0xCD, 0x30, 0x02, 0xBF, 0xCA, 0xCD, 0x7A, 0xCA, 0xCF, 0xB6, 0xCA, 0xD0, 0x81, 0x00,
    0x26, 0x05, 0x8E, 0x0C, 0x80, 0x20, 0x1E, 0x81, 0x01, 0x26, 0x05, 0x8E, 0x0C, 0xC0, 0x20, 0x15,
    0x81, 0x02, 0x26, 0x05, 0x8E, 0x0C, 0xFC, 0x20, 0x0C, 0x81, 0x03, 0x26, 0x05, 0x8E, 0x0D, 0x04,
    0x20, 0x03, 0x8E, 0x0D, 0x08, 0xB6, 0xCA, 0xCF, 0xE6, 0x86, 0x86, 0x0A, 0xBD, 0xF2, 0x56, 0x39,
    0x01, 0x03, 0x05, 0x07, 0x09, 0x0B, 0x0B, 0x0B, 0x0B, 0x0B, 0x0B, 0x0B, 0x0B, 0x0B, 0x0B, 0x0B,
    0x0B, 0x0B, 0x0B, 0x0B, 0x0B, 0x0B, 0x0B, 0x0B, 0x0B, 0x0B, 0x0B, 0x0B, 0x0B, 0x0B, 0x0B, 0x0B,
    0x0B, 0x0B, 0x0B, 0x0B, 0x0B, 0x0B, 0x0B, 0x0B, 0x0B, 0x0B, 0x0B, 0x0B, 0x0B, 0x0B, 0x0B, 0x0B,
    0x0B, 0x0B, 0x0B, 0x0B, 0x0B, 0x0B, 0x0B, 0x0B, 0x0B, 0x0B, 0x0B, 0x0F, 0x0F, 0x0F, 0x08, 0x01,
    0x01, 0x03, 0x05, 0x07, 0x09, 0x0B, 0x0B, 0x0B, 0x0B, 0x0B, 0x0B, 0x0B, 0x0B, 0x0B, 0x0B, 0x0B,
    0x0B, 0x0B, 0x0B, 0x0B, 0x0B, 0x0B, 0x0B, 0x0B, 0x0B, 0x0B, 0x0B, 0x0F, 0x0F, 0x0F, 0x08, 0x01,
    0x01, 0x02, 0x03, 0x04, 0x05, 0x06, 0x07, 0x08, 0x09, 0x0A, 0x0B, 0x0B, 0x0B, 0x0B, 0x0B, 0x0B,
    0x0B, 0x0B, 0x0B, 0x0B, 0x0B, 0x0B, 0x0B, 0x0B, 0x0B, 0x0B, 0x0B, 0x0B, 0x0B, 0x0B, 0x0B, 0x0B,
    0x0B, 0x0B, 0x0B, 0x0B, 0x0B, 0x0B, 0x0B, 0x0B, 0x0B, 0x0B, 0x0B, 0x0B, 0x0B, 0x0B, 0x0B, 0x0B,
    0x0B, 0x0B, 0x0B, 0x0B, 0x0B, 0x0B, 0x0B, 0x0B, 0x0B, 0x0B, 0x0B, 0x0F, 0x0F, 0x0F, 0x08, 0x01,
    0x01, 0x02, 0x03, 0x04, 0x05, 0x06, 0x07, 0x08, 0x09, 0x0A, 0x0B, 0x0B, 0x0B, 0x0B, 0x0B, 0x0B,
    0x0B, 0x0B, 0x0B, 0x0B, 0x0B, 0x0B, 0x0B, 0x0B, 0x0B, 0x0B, 0x0B, 0x0F, 0x0F, 0x0F, 0x08, 0x01,
    0x01, 0x03, 0x05, 0x07, 0x09, 0x0B, 0x0D, 0x0F, 0x0F, 0x0F, 0x0F, 0x0F, 0x0F, 0x0F, 0x0F, 0x0F,
    0x0F, 0x0F, 0x0F, 0x0F, 0x0F, 0x0F, 0x0F, 0x0F, 0x0F, 0x0F, 0x0F, 0x0F, 0x0F, 0x0F, 0x0F, 0x0F,
    0x0F, 0x0F, 0x0F, 0x0F, 0x0F, 0x0F, 0x0F, 0x0F, 0x0F, 0x0F, 0x0F, 0x0F, 0x0F, 0x0F, 0x0F, 0x0F,
    0x0F, 0x0F, 0x0F, 0x0F, 0x0F, 0x0F, 0x0F, 0x0F, 0x0F, 0x0D, 0x0B, 0x09, 0x07, 0x05, 0x03, 0x01,
    0x01, 0x03, 0x05, 0x07, 0x09, 0x0B, 0x0D, 0x0F, 0x0F, 0x0F, 0x0F, 0x0F, 0x0F, 0x0F, 0x0F, 0x0F,
    0x0F, 0x0F, 0x0F, 0x0F, 0x0F, 0x0F, 0x0F, 0x0F, 0x0F, 0x0D, 0x0B, 0x09, 0x07, 0x05, 0x03, 0x01,
    0x0F, 0x0F, 0x0F, 0x0F, 0x0F, 0x0F, 0x0F, 0x0F, 0x0F, 0x0F, 0x0F, 0x0F, 0x0F, 0x0F, 0x0F, 0x0F,
    0x0F, 0x0F, 0x0F, 0x0F, 0x0F, 0x0F, 0x0F, 0x0F, 0x0F, 0x0F, 0x0F, 0x0F, 0x0F, 0x0F, 0x0F, 0x0F,
    0x0F, 0x0F, 0x0F, 0x0F, 0x0F, 0x0F, 0x0F, 0x0F, 0x0F, 0x0F, 0x09, 0x02, 0x0A, 0x02, 0x0C, 0x01,
    0x09, 0x02, 0x0A, 0x02, 0x0C, 0x02, 0x0E, 0x01, 0x09, 0x02, 0x0A, 0x02, 0x0C, 0x01, 0x09, 0x02,
    0x0A, 0x01, 0xFF, 0x1F, 0x01, 0x1D, 0x01, 0x22, 0x01, 0x22, 0x01, 0x22, 0x01, 0x1F, 0x01, 0x1D,
    0x01, 0x22, 0x01, 0x22, 0x01, 0x1F, 0x01, 0x1D, 0x01, 0x22, 0x01, 0x1F, 0x01, 0x1D, 0x01, 0x1C,
    0x01, 0xFF, 0x00, 0x01, 0x00, 0x01, 0x00, 0x01, 0x00, 0x01, 0x00, 0x01, 0x47, 0x01, 0xFF, 0x01,
    0x02, 0x03, 0x04, 0x05, 0x06, 0x07, 0x08, 0x09, 0x0A, 0x0A, 0x0A, 0x0A, 0x0A, 0x0A, 0x0A, 0x0A,
    0x0A, 0x0A, 0x0A, 0x0A, 0x0A, 0x0A, 0x0A, 0x0A, 0x0A, 0x0B, 0x0C, 0x0C, 0x09, 0x06, 0x03, 0x01,
    0x02, 0x03, 0x04, 0x05, 0x06, 0x07, 0x08, 0x09, 0x0A, 0x0B, 0x0C, 0x0C, 0x09, 0x06, 0x03, 0x01,
    0x02, 0x03, 0x04, 0x05, 0x05, 0x05, 0x05, 0x05, 0x05, 0x05, 0x05, 0x05, 0x05, 0x05, 0x05, 0x05,
    0x05, 0x05, 0x05, 0x05, 0x05, 0x05, 0x05, 0x05, 0x05, 0x05, 0x05, 0x04, 0x03, 0x02, 0x01, 0x01,
    0x02, 0x03, 0x04, 0x05, 0x06, 0x07, 0x08, 0x09, 0x0A, 0x0B, 0x0F, 0x0F, 0x0F, 0x08, 0x01, 0x0F,
    0x0F, 0x0F, 0x0F, 0x0F, 0x0F, 0x0F, 0x0F, 0x0F, 0x0F, 0x0F, 0x0F, 0x0F, 0x0F, 0x0F, 0x0F, 0x0F,
    0x0F, 0x0F, 0x0F, 0x0F, 0x0F, 0x0F, 0x0F, 0x0F, 0x0F, 0x0F, 0x0F, 0x1C, 0x01, 0x1C, 0x01, 0x1D,
    0x01, 0x1F, 0x00, 0x1C, 0x01, 0x1C, 0x01, 0x1D, 0x01, 0x1F, 0x00, 0x1C, 0x01, 0x1C, 0x01, 0x1D,
    0x01, 0x1F, 0x01, 0x22, 0x00, 0x80, 0x00, 0x80, 0x00, 0x80, 0x00, 0x80, 0x00, 0xFF, 0x00, 0x00,
    0x00, 0x00, 0x00, 0x00, 0x00, 0x00, 0x00, 0x00, 0x00, 0x00, 0x00, 0x00, 0x00, 0x00, 0x80, 0x00,
    0x80, 0x00, 0x80, 0x00, 0xFF, 0xB6, 0xCA, 0x6E, 0x81, 0xFF, 0x26, 0x03, 0xBD, 0x3D, 0xF0, 0xB6,
    0xCA, 0x6F, 0x81, 0xFF, 0x26, 0x03, 0xBD, 0x3E, 0x00, 0x7F, 0xC8, 0x9A, 0xB6, 0xCA, 0x6E, 0x81,
    0xFF, 0x26, 0x29, 0xB6, 0xC8, 0x81, 0x27, 0x07, 0xB6, 0xCA, 0x6F, 0x81, 0xFF, 0x26, 0x1D, 0x7F,
    0xCA, 0x71, 0x7F, 0xCA, 0x72, 0x7F, 0xCA, 0x73, 0x7F, 0xCA, 0x74, 0x7F, 0xCA, 0x75, 0x7F, 0xCA,
    0x76, 0x7F, 0xCA, 0x77, 0x7F, 0xCA, 0x78, 0x20, 0x04, 0x7A, 0xC8, 0x9A, 0x39, 0x7A, 0xCA, 0x93,
    0x26, 0xFA, 0x86, 0x01, 0xB7, 0xCA, 0x93, 0xB6, 0xC8, 0x12, 0x26, 0xED, 0xB6, 0xC8, 0x13, 0x26,
    0xE8, 0xB6, 0xC8, 0x14, 0x26, 0xE3, 0xB6, 0xC8, 0x15, 0x26, 0xDE, 0xB6, 0xC8, 0x16, 0x26, 0xD9,
    0xB6, 0xC8, 0x17, 0x26, 0xD4, 0xB6, 0xC8, 0x18, 0x26, 0xCF, 0xB6, 0xC8, 0x19, 0x26, 0xCA, 0x20,
    0xCB, 0xC6, 0xFF, 0x86, 0x00, 0xBD, 0xF2, 0x56, 0xC6, 0xFF, 0x86, 0x01, 0xBD, 0xF2, 0x56, 0xC6,
    0xFF, 0x86, 0x02, 0xBD, 0xF2, 0x56, 0xC6, 0xFF, 0x86, 0x03, 0xBD, 0xF2, 0x56, 0xC6, 0xFF, 0x86,
    0x04, 0xBD, 0xF2, 0x56, 0xC6, 0xFF, 0x86, 0x05, 0xBD, 0xF2, 0x56, 0xC6, 0xFF, 0x86, 0x06, 0xBD,
    0xF2, 0x56, 0xC6, 0xBF, 0x86, 0x07, 0xBD, 0xF2, 0x56, 0xC6, 0xFF, 0x86, 0x08, 0xBD, 0xF2, 0x56,
    0xC6, 0xFF, 0x86, 0x09, 0xBD, 0xF2, 0x56, 0xC6, 0xFF, 0x86, 0x0A, 0xBD, 0xF2, 0x56, 0x39, 0x86,
    0x01, 0xB7, 0xC8, 0x56, 0x86, 0xC8, 0x1F, 0x8B, 0xB6, 0xC8, 0x56, 0x27, 0x45, 0xCE, 0x00, 0x9B,
    0xBD, 0xF6, 0x87, 0xBD, 0xF1, 0x92, 0xBD, 0xF2, 0x89, 0x86, 0xD0, 0x1F, 0x8B, 0xBD, 0xF2, 0xA9,
    0xAD, 0x9F, 0xCA, 0xD6, 0xAD, 0x9F, 0xCA, 0xD4, 0xBD, 0x2E, 0x34, 0xBD, 0x2E, 0x7A, 0xBD, 0x3E,
    0x61, 0xBD, 0x24, 0xCB, 0xBD, 0x3E, 0x15, 0xBD, 0x2F, 0x22, 0xBD, 0x24, 0x25, 0x86, 0xC8, 0x1F,
    0x8B, 0xBD, 0x27, 0x59, 0xBD, 0x2D, 0xFB, 0xBD, 0x25, 0x25, 0xBD, 0x20, 0x5B, 0xBD, 0x1D, 0xFB,
    0x20, 0xB2, 0x39, 0xB6, 0xCA, 0x95, 0x27, 0x56, 0x7F, 0xCA, 0x71, 0x7F, 0xCA, 0x72, 0x7F, 0xCA,
    0x73, 0x7F, 0xCA, 0x74, 0x7F, 0xCA, 0x75, 0x7F, 0xCA, 0x76, 0x7F, 0xCA, 0x77, 0x7F, 0xCA, 0x78,
    0x7A, 0xCA, 0x95, 0x26, 0x0C, 0xF6, 0xC8, 0x07, 0xCA, 0x01, 0x86, 0x07, 0xBD, 0xF2, 0x56, 0x20,
    0x2D, 0x8E, 0x11, 0x9C, 0xB6, 0xCA, 0x95, 0xE6, 0x86, 0x86, 0x00, 0xBD, 0xF2, 0x56, 0xC6, 0x00,
    0x86, 0x01, 0xBD, 0xF2, 0x56, 0x8E, 0x11, 0x75, 0xB6, 0xCA, 0x95, 0xE6, 0x86, 0xC6, 0x0F, 0x86,
    0x08, 0xBD, 0xF2, 0x56, 0xF6, 0xC8, 0x07, 0xC4, 0xFE, 0x86, 0x07, 0xBD, 0xF2, 0x56, 0xB6, 0xCA,
    0x75, 0x27, 0x3F, 0x7F, 0xCA, 0x71, 0x7A, 0xCA, 0x75, 0x26, 0x0C, 0xF6, 0xC8, 0x07, 0xCA, 0x01,
    0x86, 0x07, 0xBD, 0xF2, 0x56, 0x20, 0x2B, 0x8E, 0x11, 0x6C, 0xB6, 0xCA, 0x75, 0xE6, 0x86, 0x86,
    0x00, 0xBD, 0xF2, 0x56, 0xC6, 0x00, 0x86, 0x01, 0xBD, 0xF2, 0x56, 0x8E, 0x11, 0x54, 0xB6, 0xCA,
    0x75, 0xE6, 0x86, 0x86, 0x08, 0xBD, 0xF2, 0x56, 0xF6, 0xC8, 0x07, 0xC4, 0xFE, 0x86, 0x07, 0xBD,
    0xF2, 0x56, 0xB6, 0xCA, 0x74, 0x27, 0x35, 0x7F, 0xCA, 0x73, 0x7A, 0xCA, 0x74, 0x26, 0x0C, 0xF6,
    0xC8, 0x07, 0xCA, 0x10, 0x86, 0x07, 0xBD, 0xF2, 0x56, 0x20, 0x21, 0xC6, 0x12, 0x86, 0x06, 0xBD,
    0xF2, 0x56, 0x8E, 0x11, 0x31, 0xB6, 0xCA, 0x74, 0xE6, 0x86, 0x86, 0x09, 0xBD, 0xF2, 0x56, 0xF6,
    0xC8, 0x07, 0xC4, 0xEF, 0x86, 0x07, 0xBD, 0xF2, 0x56, 0x7E, 0x10, 0x73, 0xB6, 0xCA, 0x73, 0x27,
    0x32, 0x7A, 0xCA, 0x73, 0x26, 0x0C, 0xF6, 0xC8, 0x07, 0xCA, 0x10, 0x86, 0x07, 0xBD, 0xF2, 0x56,
    0x20, 0x21, 0xC6, 0x1F, 0x86, 0x06, 0xBD, 0xF2, 0x56, 0x8E, 0x11, 0x27, 0xB6, 0xCA, 0x73, 0xE6,
    0x86, 0x86, 0x09, 0xBD, 0xF2, 0x56, 0xF6, 0xC8, 0x07, 0xC4, 0xEF, 0x86, 0x07, 0xBD, 0xF2, 0x56,
    0x7E, 0x10, 0x73, 0xB6, 0xCA, 0x77, 0x26, 0x11, 0xB6, 0xCA, 0x78, 0x26, 0x0C, 0xF6, 0xC8, 0x07,
    0xCA, 0x10, 0x86, 0x07, 0xBD, 0xF2, 0x56, 0x20, 0x2A, 0xC6, 0x12, 0x86, 0x06, 0xBD, 0xF2, 0x56,
    0xF6, 0xCA, 0x77, 0x54, 0xF7, 0xC8, 0x9A, 0xF6, 0xCA, 0x78, 0x54, 0xFB, 0xC8, 0x9A, 0xC1, 0x10,
    0x25, 0x02, 0xC6, 0x0F, 0x86, 0x09, 0xBD, 0xF2, 0x56, 0xF6, 0xC8, 0x07, 0xC4, 0xEF, 0x86, 0x07,
    0xBD, 0xF2, 0x56, 0xB6, 0xCA, 0x71, 0x27, 0x36, 0x7A, 0xCA, 0x71, 0x26, 0x0C, 0xF6, 0xC8, 0x07,
    0xCA, 0x01, 0x86, 0x07, 0xBD, 0xF2, 0x56, 0x20, 0x25, 0xC6, 0xFF, 0x86, 0x00, 0xBD, 0xF2, 0x56,
    0xC6, 0x04, 0x86, 0x01, 0xBD, 0xF2, 0x56, 0x8E, 0x11, 0x45, 0xB6, 0xCA, 0x71, 0xE6, 0x86, 0x86,
    0x08, 0xBD, 0xF2, 0x56, 0xF6, 0xC8, 0x07, 0xC4, 0xFE, 0x86, 0x07, 0xBD, 0xF2, 0x56, 0xB6, 0xCA,
    0x76, 0x27, 0x39, 0x7A, 0xCA, 0x76, 0x26, 0x0C, 0xF6, 0xC8, 0x07, 0xCA, 0x04, 0x86, 0x07, 0xBD,
    0xF2, 0x56, 0x20, 0x28, 0xC6, 0xFF, 0x86, 0x04, 0xBD, 0xF2, 0x56, 0xC6, 0x00, 0x86, 0x05, 0xBD,
    0xF2, 0x56, 0x8E, 0x11, 0x5D, 0xB6, 0xCA, 0x76, 0xE6, 0x86, 0x86, 0x0A, 0xBD, 0xF2, 0x56, 0xF6,
    0xC8, 0x07, 0xC4, 0xFB, 0x86, 0x07, 0xBD, 0xF2, 0x56, 0x7E, 0x11, 0x26, 0x7A, 0xCA, 0x7A, 0x26,
    0x15, 0xB6, 0xCA, 0x79, 0xB7, 0xCA, 0x7A, 0xB6, 0xCA, 0x7B, 0x26, 0x07, 0x86, 0x0F, 0xB7, 0xCA,
    0x7B, 0x20, 0x03, 0x7F, 0xCA, 0x7B, 0xC6, 0xFF, 0x86, 0x04, 0xBD, 0xF2, 0x56, 0xC6, 0x0F, 0x86,
    0x05, 0xBD, 0xF2, 0x56, 0xF6, 0xCA, 0x7B, 0x86, 0x0A, 0xBD, 0xF2, 0x56, 0xF6, 0xC8, 0x07, 0xC4,
    0xFB, 0x86, 0x07, 0xBD, 0xF2, 0x56, 0x39, 0x00, 0x01, 0x04, 0x08, 0x0C, 0x0C, 0x0F, 0x0F, 0x08,
    0x01, 0x00, 0x01, 0x04, 0x08, 0x0C, 0x0C, 0x0C, 0x0C, 0x0C, 0x0C, 0x0F, 0x0F, 0x0F, 0x0F, 0x0F,
    0x0F, 0x0F, 0x0F, 0x08, 0x01, 0x00, 0x01, 0x03, 0x05, 0x07, 0x09, 0x0D, 0x0F, 0x0F, 0x0D, 0x09,
    0x07, 0x05, 0x03, 0x01, 0x00, 0x01, 0x06, 0x0B, 0x0F, 0x0F, 0x0F, 0x0F, 0x0F, 0x00, 0x07, 0x0F,
    0x0F, 0x0F, 0x0F, 0x0B, 0x0B, 0x0B, 0x0B, 0x0F, 0x0F, 0x0F, 0x07, 0x00, 0x00, 0xEF, 0xDF, 0xCF,
    0xDF, 0xEF, 0xDF, 0xCF, 0xDF, 0x00, 0x02, 0x02, 0x04, 0x04, 0x08, 0x08, 0x0F, 0x0F, 0x0F, 0x0F,
    0x0F, 0x0F, 0x0F, 0x0F, 0x08, 0x08, 0x04, 0x04, 0x02, 0x02, 0x04, 0x04, 0x08, 0x08, 0x0F, 0x0F,
    0x0F, 0x0F, 0x0F, 0x0F, 0x0F, 0x0F, 0x08, 0x08, 0x04, 0x04, 0x02, 0x02, 0x00, 0xFF, 0xFF, 0xFF,
    0xFF, 0xFF, 0xFF, 0xFF, 0xFF, 0xFF, 0xFF, 0xFF, 0xFF, 0xFF, 0xFF, 0xFF, 0xFF, 0xFF, 0xFF, 0xFF,
    0xFF, 0xEF, 0xEF, 0xEF, 0xEF, 0xEF, 0xEF, 0xEF, 0xEF, 0xEF, 0xEF, 0xEF, 0xEF, 0xEF, 0xEF, 0xEF,
    0xEF, 0xEF, 0xEF, 0xBD, 0xF1, 0x92, 0xBD, 0x09, 0x7D, 0xBD, 0x0A, 0x3E, 0xCC, 0x10, 0x10, 0xFD,
    0xCA, 0x7F, 0xFD, 0xCA, 0x81, 0xFD, 0xCA, 0x83, 0xFD, 0xCA, 0x85, 0xFD, 0xCA, 0x87, 0xFD, 0xCA,
    0x89, 0xFD, 0xCA, 0x8B, 0xFD, 0xCA, 0x8D, 0xBD, 0xF2, 0xA9, 0xAD, 0x9F, 0xCA, 0xD6, 0xAD, 0x9F,
    0xCA, 0xD4, 0x86, 0x40, 0xBD, 0xF2, 0xAB, 0xBD, 0x3E, 0x61, 0xBD, 0xF2, 0xA9, 0xBD, 0x2E, 0x7A,
    0xBD, 0x2F, 0x92, 0xBD, 0x3E, 0x15, 0xBD, 0x2F, 0x22, 0x4F, 0xBD, 0xF1, 0xB4, 0x4F, 0xBD, 0xF1,
    0xB4, 0x7D, 0xC8, 0x0F, 0x26, 0x0A, 0x7C, 0xC8, 0x9A, 0xB6, 0xC8, 0x9A, 0x81, 0x7F, 0x26, 0xA3,
    0x39, 0xBD, 0x3E, 0xA4, 0x7F, 0xCA, 0x94, 0x7F, 0xCA, 0x95, 0x7F, 0xCA, 0x8F, 0x7F, 0xCA, 0x90,
    0x7F, 0xCA, 0x91, 0x7F, 0xCA, 0x92, 0x86, 0x03, 0xB7, 0xCA, 0x5E, 0x7F, 0xCA, 0x5F, 0x7F, 0xCA,
    0x60, 0x7F, 0xCA, 0x61, 0x7F, 0xCA, 0x62, 0x7F, 0xCA, 0x63, 0x7F, 0xCA, 0x64, 0x7F, 0xCA, 0x65,
    0x7F, 0xCA, 0x66, 0x7F, 0xCA, 0x67, 0x7F, 0xCA, 0x68, 0x7F, 0xCA, 0x69, 0x7F, 0xCA, 0x6A, 0x7F,
    0xCA, 0x7F, 0x7F, 0xCA, 0x80, 0x7F, 0xCA, 0x81, 0x7F, 0xCA, 0x82, 0x7F, 0xCA, 0x83, 0x7F, 0xCA,
    0x84, 0x7F, 0xCA, 0x85, 0x7F, 0xCA, 0x86, 0x7F, 0xCA, 0x87, 0x7F, 0xCA, 0x88, 0x7F, 0xCA, 0x89,
    0x7F, 0xCA, 0x8A, 0x7F, 0xCA, 0x8B, 0x7F, 0xCA, 0x8C, 0x7F, 0xCA, 0x8D, 0x7F, 0xCA, 0x8E, 0x7F,
    0xCA, 0x70, 0x7F, 0xCA, 0x71, 0x7F, 0xCA, 0x72, 0x7F, 0xCA, 0x73, 0x7F, 0xCA, 0x74, 0x7F, 0xCA,
    0x75, 0x7F, 0xCA, 0x76, 0x7F, 0xCA, 0x77, 0x7F, 0xCA, 0x78, 0x7F, 0xCA, 0x95, 0x8E, 0xC9, 0x12,
    0x86, 0x04, 0xA7, 0x84, 0x86, 0x00, 0xA7, 0x05, 0xA7, 0x0B, 0xA7, 0x0D, 0xB6, 0xC8, 0x81, 0x27,
    0x0F, 0x8E, 0xC9, 0x21, 0x86, 0x04, 0xA7, 0x84, 0x86, 0x00, 0xA7, 0x05, 0xA7, 0x0B, 0xA7, 0x0D,
    0xB6, 0xC8, 0x80, 0xB7, 0xC8, 0x9A, 0x81, 0x10, 0x23, 0x0C, 0xBD, 0xF5, 0x11, 0x84, 0x1F, 0x81,
    0x10, 0x2E, 0xF7, 0xB7, 0xC8, 0x9A, 0xB6, 0xC8, 0x9A, 0x26, 0x22, 0xBD, 0x3E, 0xC0, 0xBD, 0x3F,
    0x7A, 0x86, 0x20, 0xB7, 0xCA, 0x5D, 0x86, 0x40, 0xB7, 0xC9, 0x22, 0x86, 0x40, 0xB7, 0xC9, 0x24,
    0x86, 0xC0, 0xB7, 0xC9, 0x13, 0x86, 0x40, 0xB7, 0xC9, 0x15, 0x7E, 0x15, 0x64, 0x81, 0x01, 0x26,
    0x22, 0xBD, 0x3E, 0xC0, 0xBD, 0x3E, 0xD9, 0x86, 0x20, 0xB7, 0xCA, 0x5D, 0x86, 0x40, 0xB7, 0xC9,
    0x22, 0x86, 0x40, 0xB7, 0xC9, 0x24, 0x86, 0xC0, 0xB7, 0xC9, 0x13, 0x86, 0x40, 0xB7, 0xC9, 0x15,
    0x7E, 0x15, 0x64, 0x81, 0x02, 0x26, 0x22, 0xBD, 0x3E, 0xC0, 0xBD, 0x3F, 0x9F, 0x86, 0x20, 0xB7,
    0xCA, 0x5D, 0x86, 0x40, 0xB7, 0xC9, 0x22, 0x86, 0x40, 0xB7, 0xC9, 0x24, 0x86, 0xC0, 0xB7, 0xC9,
    0x13, 0x86, 0x40, 0xB7, 0xC9, 0x15, 0x7E, 0x15, 0x64, 0x81, 0x03, 0x26, 0x22, 0xBD, 0x3F, 0x1F,
    0xBD, 0x3F, 0x7A, 0x86, 0x20, 0xB7, 0xCA, 0x5D, 0x86, 0x40, 0xB7, 0xC9, 0x22, 0x86, 0x40, 0xB7,
    0xC9, 0x24, 0x86, 0xC0, 0xB7, 0xC9, 0x13, 0x86, 0x40, 0xB7, 0xC9, 0x15, 0x7E, 0x15, 0x64, 0x81,
    0x04, 0x26, 0x22, 0xBD, 0x3F, 0x1F, 0xBD, 0x3E, 0xD9, 0x86, 0x20, 0xB7, 0xCA, 0x5D, 0x86, 0x40,
    0xB7, 0xC9, 0x22, 0x86, 0x40, 0xB7, 0xC9, 0x24, 0x86, 0xC0, 0xB7, 0xC9, 0x13, 0x86, 0x40, 0xB7,
    0xC9, 0x15, 0x7E, 0x15, 0x64, 0x81, 0x05, 0x26, 0x22, 0xBD, 0x3F, 0x1F, 0xBD, 0x3F, 0x9F, 0x86,
    0x20, 0xB7, 0xCA, 0x5D, 0x86, 0x40, 0xB7, 0xC9, 0x22, 0x86, 0x40, 0xB7, 0xC9, 0x24, 0x86, 0xC0,
    0xB7, 0xC9, 0x13, 0x86, 0x40, 0xB7, 0xC9, 0x15, 0x7E, 0x15, 0x64, 0x81, 0x06, 0x26, 0x22, 0xBD,
    0x3F, 0x3A, 0xBD, 0x3F, 0x7A, 0x86, 0x10, 0xB7, 0xCA, 0x5D, 0x86, 0x3C, 0xB7, 0xC9, 0x22, 0x86,
    0x3C, 0xB7, 0xC9, 0x24, 0x86, 0xC4, 0xB7, 0xC9, 0x13, 0x86, 0x3C, 0xB7, 0xC9, 0x15, 0x7E, 0x15,
    0x64, 0x81, 0x07, 0x26, 0x22, 0xBD, 0x3F, 0x3A, 0xBD, 0x3E, 0xD9, 0x86, 0x10, 0xB7, 0xCA, 0x5D,
    0x86, 0x3C, 0xB7, 0xC9, 0x22, 0x86, 0x3C, 0xB7, 0xC9, 0x24, 0x86, 0xC4, 0xB7, 0xC9, 0x13, 0x86,
    0x3C, 0xB7, 0xC9, 0x15, 0x7E, 0x15, 0x64, 0x81, 0x08, 0x26, 0x22, 0xBD, 0x3F, 0x3A, 0xBD, 0x3F,
    0x9F, 0x86, 0x10, 0xB7, 0xCA, 0x5D, 0x86, 0x3C, 0xB7, 0xC9, 0x22, 0x86, 0x3C, 0xB7, 0xC9, 0x24,
    0x86, 0xC4, 0xB7, 0xC9, 0x13, 0x86, 0x3C, 0xB7, 0xC9, 0x15, 0x7E, 0x15, 0x64, 0x81, 0x09, 0x26,
    0x22, 0xBD, 0x3E, 0xC0, 0xBD, 0x3F, 0x55, 0x86, 0x40, 0xB7, 0xCA, 0x5D, 0x86, 0x40, 0xB7, 0xC9,
    0x22, 0x86, 0x40, 0xB7, 0xC9, 0x24, 0x86, 0xC0, 0xB7, 0xC9, 0x13, 0x86, 0x40, 0xB7, 0xC9, 0x15,
    0x7E, 0x15, 0x64, 0x81, 0x0A, 0x26, 0x22, 0xBD, 0x3E, 0xC0, 0xBD, 0x3E, 0xFC, 0x86, 0x40, 0xB7,
    0xCA, 0x5D, 0x86, 0x44, 0xB7, 0xC9, 0x22, 0x86, 0x40, 0xB7, 0xC9, 0x24, 0x86, 0xBC, 0xB7, 0xC9,
    0x13, 0x86, 0x40, 0xB7, 0xC9, 0x15, 0x7E, 0x15, 0x64, 0x81, 0x0B, 0x26, 0x22, 0xBD, 0x3E, 0xC0,
    0xBD, 0x3F, 0xC4, 0x86, 0x00, 0xB7, 0xCA, 0x5D, 0x86, 0x40, 0xB7, 0xC9, 0x22, 0x86, 0x40, 0xB7,
    0xC9, 0x24, 0x86, 0xC0, 0xB7, 0xC9, 0x13, 0x86, 0x40, 0xB7, 0xC9, 0x15, 0x7E, 0x15, 0x64, 0x81,
    0x0C, 0x26, 0x22, 0xBD, 0x3F, 0x1F, 0xBD, 0x3F, 0x55, 0x86, 0x40, 0xB7, 0xCA, 0x5D, 0x86, 0x40,
    0xB7, 0xC9, 0x22, 0x86, 0x40, 0xB7, 0xC9, 0x24, 0x86, 0xC0, 0xB7, 0xC9, 0x13, 0x86, 0x40, 0xB7,
    0xC9, 0x15, 0x7E, 0x15, 0x64, 0x81, 0x0D, 0x26, 0x22, 0xBD, 0x3F, 0x1F, 0xBD, 0x3E, 0xFC, 0x86,
    0x40, 0xB7, 0xCA, 0x5D, 0x86, 0x44, 0xB7, 0xC9, 0x22, 0x86, 0x40, 0xB7, 0xC9, 0x24, 0x86, 0xBC,
    0xB7, 0xC9, 0x13, 0x86, 0x40, 0xB7, 0xC9, 0x15, 0x7E, 0x15, 0x64, 0x81, 0x0E, 0x26, 0x21, 0xBD,
    0x3F, 0x1F, 0xBD, 0x3F, 0xC4, 0x86, 0x00, 0xB7, 0xCA, 0x5D, 0x86, 0x40, 0xB7, 0xC9, 0x22, 0x86,
    0x40, 0xB7, 0xC9, 0x24, 0x86, 0xC0, 0xB7, 0xC9, 0x13, 0x86, 0x40, 0xB7, 0xC9, 0x15, 0x20, 0x44,
    0x81, 0x0F, 0x26, 0x21, 0xBD, 0x3F, 0x3A, 0xBD, 0x3F, 0x55, 0x86, 0x00, 0xB7, 0xCA, 0x5D, 0x86,
    0x3C, 0xB7, 0xC9, 0x22, 0x86, 0x3C, 0xB7, 0xC9, 0x24, 0x86, 0xC4, 0xB7, 0xC9, 0x13, 0x86, 0x3C,
    0xB7, 0xC9, 0x15, 0x20, 0x1F, 0xBD, 0x3F, 0x3A, 0xBD, 0x3F, 0xC4, 0x86, 0x00, 0xB7, 0xCA, 0x5D,
    0x86, 0x3C, 0xB7, 0xC9, 0x22, 0x86, 0x3C, 0xB7, 0xC9, 0x24, 0x86, 0xC4, 0xB7, 0xC9, 0x13, 0x86,
    0x3C, 0xB7, 0xC9, 0x15, 0xB6, 0xC8, 0x80, 0x26, 0x3A, 0x7A, 0xCA, 0x5F, 0x86, 0x01, 0xB7, 0xCA,
    0x6D, 0x86, 0x06, 0xB7, 0xCA, 0x6B, 0xB7, 0xCA, 0x6C, 0xCC, 0x00, 0x00, 0xFD, 0xC8, 0xA0, 0xCC,
    0x00, 0x00, 0xFD, 0xC8, 0xA2, 0xCC, 0x00, 0x40, 0xFD, 0xC8, 0xA4, 0xCC, 0xFF, 0xC0, 0xFD, 0xC8,
    0xA6, 0x10, 0x8E, 0x06, 0xF8, 0xBD, 0x1F, 0xF5, 0x86, 0x28, 0xB7, 0xCA, 0x79, 0xB7, 0xCA, 0x7A,
    0x7E, 0x1A, 0x62, 0x81, 0x01, 0x26, 0x3A, 0x7A, 0xCA, 0x5F, 0x86, 0x02, 0xB7, 0xCA, 0x6D, 0x86,
    0x06, 0xB7, 0xCA, 0x6B, 0xB7, 0xCA, 0x6C, 0xCC, 0xFF, 0xE0, 0xFD, 0xC8, 0xA0, 0xCC, 0x00, 0x20,
    0xFD, 0xC8, 0xA2, 0xCC, 0xFF, 0xC0, 0xFD, 0xC8, 0xA4, 0xCC, 0x00, 0x40, 0xFD, 0xC8, 0xA6, 0x10,
    0x8E, 0x07, 0x04, 0xBD, 0x1F, 0xF5, 0x86, 0x28, 0xB7, 0xCA, 0x79, 0xB7, 0xCA, 0x7A, 0x7E, 0x1A,
    0x62, 0x81, 0x02, 0x26, 0x3A, 0x7A, 0xCA, 0x5F, 0x86, 0x03, 0xB7, 0xCA, 0x6D, 0x86, 0x07, 0xB7,
    0xCA, 0x6B, 0xB7, 0xCA, 0x6C, 0xCC, 0x00, 0x20, 0xFD, 0xC8, 0xA0, 0xCC, 0xFF, 0xE0, 0xFD, 0xC8,
    0xA2, 0xCC, 0x00, 0x60, 0xFD, 0xC8, 0xA4, 0xCC, 0xFF, 0xA0, 0xFD, 0xC8, 0xA6, 0x10, 0x8E, 0x07,
    0x10, 0xBD, 0x1F, 0xF5, 0x86, 0x1E, 0xB7, 0xCA, 0x79, 0xB7, 0xCA, 0x7A, 0x7E, 0x1A, 0x62, 0x81,
    0x03, 0x26, 0x3D, 0x7A, 0xCA, 0x5F, 0x7A, 0xCA, 0x60, 0x86, 0x04, 0xB7, 0xCA, 0x6D, 0x86, 0x07,
    0xB7, 0xCA, 0x6B, 0xB7, 0xCA, 0x6C, 0xCC, 0xFF, 0xE0, 0xFD, 0xC8, 0xA0, 0xCC, 0x00, 0x20, 0xFD,
    0xC8, 0xA2, 0xCC, 0xFF, 0x80, 0xFD, 0xC8, 0xA4, 0xCC, 0x00, 0x80, 0xFD, 0xC8, 0xA6, 0x10, 0x8E,
    0x07, 0x1E, 0xBD, 0x1F, 0xF5, 0x86, 0x14, 0xB7, 0xCA, 0x79, 0xB7, 0xCA, 0x7A, 0x7E, 0x1A, 0x62,
    0x81, 0x04, 0x26, 0x3D, 0x7A, 0xCA, 0x5F, 0x7A, 0xCA, 0x60, 0x86, 0x05, 0xB7, 0xCA, 0x6D, 0x86,
    0x08, 0xB7, 0xCA, 0x6B, 0xB7, 0xCA, 0x6C, 0xCC, 0x00, 0x40, 0xFD, 0xC8, 0xA0, 0xCC, 0xFF, 0xC0,
    0xFD, 0xC8, 0xA2, 0xCC, 0x00, 0x80, 0xFD, 0xC8, 0xA4, 0xCC, 0xFF, 0x80, 0xFD, 0xC8, 0xA6, 0x10,
    0x8E, 0x07, 0x2C, 0xBD, 0x1F, 0xF5, 0x86, 0x14, 0xB7, 0xCA, 0x79, 0xB7, 0xCA, 0x7A, 0x7E, 0x1A,
    0x62, 0x81, 0x05, 0x26, 0x3D, 0x7A, 0xCA, 0x5F, 0x7A, 0xCA, 0x60, 0x86, 0x06, 0xB7, 0xCA, 0x6D,
    0x86, 0x08, 0xB7, 0xCA, 0x6B, 0xB7, 0xCA, 0x6C, 0xCC, 0xFF, 0xC0, 0xFD, 0xC8, 0xA0, 0xCC, 0x00,
    0x40, 0xFD, 0xC8, 0xA2, 0xCC, 0xFF, 0x60, 0xFD, 0xC8, 0xA4, 0xCC, 0x00, 0xA0, 0xFD, 0xC8, 0xA6,
    0x10, 0x8E, 0x07, 0x3C, 0xBD, 0x1F, 0xF5, 0x86, 0x0A, 0xB7, 0xCA, 0x79, 0xB7, 0xCA, 0x7A, 0x7E,
    0x1A, 0x62, 0x81, 0x06, 0x26, 0x3D, 0x7A, 0xCA, 0x5F, 0x7A, 0xCA, 0x60, 0x86, 0x07, 0xB7, 0xCA,
    0x6D, 0x86, 0x09, 0xB7, 0xCA, 0x6B, 0xB7, 0xCA, 0x6C, 0xCC, 0x00, 0x40, 0xFD, 0xC8, 0xA0, 0xCC,
    0xFF, 0xC0, 0xFD, 0xC8, 0xA2, 0xCC, 0x00, 0xC0, 0xFD, 0xC8, 0xA4, 0xCC, 0xFF, 0x40, 0xFD, 0xC8,
    0xA6, 0x10, 0x8E, 0x07, 0xF4, 0xBD, 0x1F, 0xF5, 0x86, 0x0A, 0xB7, 0xCA, 0x79, 0xB7, 0xCA, 0x7A,
    0x7E, 0x1A, 0x62, 0x81, 0x07, 0x26, 0x3D, 0x7A, 0xCA, 0x5F, 0x7A, 0xCA, 0x60, 0x86, 0x08, 0xB7,
    0xCA, 0x6D, 0x86, 0x09, 0xB7, 0xCA, 0x6B, 0xB7, 0xCA, 0x6C, 0xCC, 0xFF, 0xA0, 0xFD, 0xC8, 0xA0,
    0xCC, 0x00, 0x60, 0xFD, 0xC8, 0xA2, 0xCC, 0xFF, 0x40, 0xFD, 0xC8, 0xA4, 0xCC, 0x00, 0xC0, 0xFD,
    0xC8, 0xA6, 0x10, 0x8E, 0x08, 0x0C, 0xBD, 0x1F, 0xF5, 0x86, 0x0A, 0xB7, 0xCA, 0x79, 0xB7, 0xCA,
    0x7A, 0x7E, 0x1A, 0x62, 0x81, 0x08, 0x26, 0x3D, 0x7A, 0xCA, 0x5F, 0x7A, 0xCA, 0x60, 0x86, 0x09,
    0xB7, 0xCA, 0x6D, 0x86, 0x0A, 0xB7, 0xCA, 0x6B, 0xB7, 0xCA, 0x6C, 0xCC, 0x00, 0x60, 0xFD, 0xC8,
    0xA0, 0xCC, 0xFF, 0xA0, 0xFD, 0xC8, 0xA2, 0xCC, 0x00, 0xE0, 0xFD, 0xC8, 0xA4, 0xCC, 0xFF, 0x20,
    0xFD, 0xC8, 0xA6, 0x10, 0x8E, 0x07, 0xF4, 0xBD, 0x1F, 0xF5, 0x86, 0x05, 0xB7, 0xCA, 0x79, 0xB7,
    0xCA, 0x7A, 0x7E, 0x1A, 0x62, 0x81, 0x09, 0x26, 0x3D, 0x7A, 0xCA, 0x5F, 0x7A, 0xCA, 0x60, 0x86,
    0x0A, 0xB7, 0xCA, 0x6D, 0x86, 0x0A, 0xB7, 0xCA, 0x6B, 0xB7, 0xCA, 0x6C, 0xCC, 0xFF, 0xA0, 0xFD,
    0xC8, 0xA0, 0xCC, 0x00, 0x60, 0xFD, 0xC8, 0xA2, 0xCC, 0xFF, 0x00, 0xFD, 0xC8, 0xA4, 0xCC, 0x01,
    0x00, 0xFD, 0xC8, 0xA6, 0x10, 0x8E, 0x07, 0x84, 0xBD, 0x1F, 0xF5, 0x86, 0x05, 0xB7, 0xCA, 0x79,
    0xB7, 0xCA, 0x7A, 0x7E, 0x1A, 0x62, 0x81, 0x0A, 0x26, 0x3D, 0x7A, 0xCA, 0x5F, 0x7A, 0xCA, 0x60,
    0x86, 0x0B, 0xB7, 0xCA, 0x6D, 0x86, 0x0B, 0xB7, 0xCA, 0x6B, 0xB7, 0xCA, 0x6C, 0xCC, 0x00, 0x80,
    0xFD, 0xC8, 0xA0, 0xCC, 0xFF, 0x80, 0xFD, 0xC8, 0xA2, 0xCC, 0x01, 0x00, 0xFD, 0xC8, 0xA4, 0xCC,
    0xFF, 0x00, 0xFD, 0xC8, 0xA6, 0x10, 0x8E, 0x07, 0x98, 0xBD, 0x1F, 0xF5, 0x86, 0x05, 0xB7, 0xCA,
    0x79, 0xB7, 0xCA, 0x7A, 0x7E, 0x1A, 0x62, 0x81, 0x0B, 0x26, 0x3D, 0x7A, 0xCA, 0x5F, 0x7A, 0xCA,
    0x60, 0x86, 0x0C, 0xB7, 0xCA, 0x6D, 0x86, 0x0B, 0xB7, 0xCA, 0x6B, 0xB7, 0xCA, 0x6C, 0xCC, 0xFF,
    0x80, 0xFD, 0xC8, 0xA0, 0xCC, 0x00, 0x80, 0xFD, 0xC8, 0xA2, 0xCC, 0xFF, 0x00, 0xFD, 0xC8, 0xA4,
    0xCC, 0x01, 0x00, 0xFD, 0xC8, 0xA6, 0x10, 0x8E, 0x08, 0x3C, 0xBD, 0x1F, 0xF5, 0x86, 0x05, 0xB7,
    0xCA, 0x79, 0xB7, 0xCA, 0x7A, 0x7E, 0x1A, 0x62, 0x81, 0x0C, 0x26, 0x3D, 0x7A, 0xCA, 0x5F, 0x7A,
    0xCA, 0x60, 0x86, 0x0D, 0xB7, 0xCA, 0x6D, 0x86, 0x0C, 0xB7, 0xCA, 0x6B, 0xB7, 0xCA, 0x6C, 0xCC,
    0x00, 0x80, 0xFD, 0xC8, 0xA0, 0xCC, 0xFF, 0x80, 0xFD, 0xC8, 0xA2, 0xCC, 0x01, 0x00, 0xFD, 0xC8,
    0xA4, 0xCC, 0xFF, 0x00, 0xFD, 0xC8, 0xA6, 0x10, 0x8E, 0x07, 0xC4, 0xBD, 0x1F, 0xF5, 0x86, 0x05,
    0xB7, 0xCA, 0x79, 0xB7, 0xCA, 0x7A, 0x7E, 0x1A, 0x62, 0x81, 0x0D, 0x26, 0x3D, 0x7A, 0xCA, 0x5F,
    0x7A, 0xCA, 0x60, 0x86, 0x0E, 0xB7, 0xCA, 0x6D, 0x86, 0x0C, 0xB7, 0xCA, 0x6B, 0xB7, 0xCA, 0x6C,
    0xCC, 0xFF, 0x80, 0xFD, 0xC8, 0xA0, 0xCC, 0x00, 0x80, 0xFD, 0xC8, 0xA2, 0xCC, 0xFF, 0x00, 0xFD,
    0xC8, 0xA4, 0xCC, 0x01, 0x00, 0xFD, 0xC8, 0xA6, 0x10, 0x8E, 0x07, 0xDC, 0xBD, 0x1F, 0xF5, 0x86,
    0x05, 0xB7, 0xCA, 0x79, 0xB7, 0xCA, 0x7A, 0x7E, 0x1A, 0x62, 0x81, 0x0E, 0x26, 0x3D, 0x7A, 0xCA,
    0x5F, 0x7A, 0xCA, 0x60, 0x86, 0x0F, 0xB7, 0xCA, 0x6D, 0x86, 0x0C, 0xB7, 0xCA, 0x6B, 0xB7, 0xCA,
    0x6C, 0xCC, 0x00, 0x80, 0xFD, 0xC8, 0xA0, 0xCC, 0xFF, 0x80, 0xFD, 0xC8, 0xA2, 0xCC, 0x01, 0x00,
    0xFD, 0xC8, 0xA4, 0xCC, 0xFF, 0x00, 0xFD, 0xC8, 0xA6, 0x10, 0x8E, 0x08, 0x24, 0xBD, 0x1F, 0xF5,
    0x86, 0x05, 0xB7, 0xCA, 0x79, 0xB7, 0xCA, 0x7A, 0x7E, 0x1A, 0x62, 0x81, 0x0F, 0x26, 0x3D, 0x7A,
    0xCA, 0x5F, 0x7A, 0xCA, 0x60, 0x86, 0x10, 0xB7, 0xCA, 0x6D, 0x86, 0x0C, 0xB7, 0xCA, 0x6B, 0xB7,
    0xCA, 0x6C, 0xCC, 0xFF, 0x80, 0xFD, 0xC8, 0xA0, 0xCC, 0x00, 0x80, 0xFD, 0xC8, 0xA2, 0xCC, 0xFF,
    0x00, 0xFD, 0xC8, 0xA4, 0xCC, 0x01, 0x00, 0xFD, 0xC8, 0xA6, 0x10, 0x8E, 0x08, 0x3C, 0xBD, 0x1F,
    0xF5, 0x86, 0x05, 0xB7, 0xCA, 0x79, 0xB7, 0xCA, 0x7A, 0x7E, 0x1A, 0x62, 0x81, 0x10, 0x26, 0x3D,
    0x7A, 0xCA, 0x5F, 0x7A, 0xCA, 0x60, 0x86, 0x11, 0xB7, 0xCA, 0x6D, 0x86, 0x0C, 0xB7, 0xCA, 0x6B,
    0xB7, 0xCA, 0x6C, 0xCC, 0x00, 0x80, 0xFD, 0xC8, 0xA0, 0xCC, 0xFF, 0x80, 0xFD, 0xC8, 0xA2, 0xCC,
    0x01, 0x00, 0xFD, 0xC8, 0xA4, 0xCC, 0xFF, 0x00, 0xFD, 0xC8, 0xA6, 0x10, 0x8E, 0x08, 0x24, 0xBD,
    0x1F, 0xF5, 0x86, 0x05, 0xB7, 0xCA, 0x79, 0xB7, 0xCA, 0x7A, 0x7E, 0x1A, 0x62, 0x7A, 0xCA, 0x5F,
    0x7A, 0xCA, 0x60, 0x86, 0x05, 0xB7, 0xCA, 0x6D, 0x86, 0x0C, 0xB7, 0xCA, 0x6B, 0xB7, 0xCA, 0x6C,
    0xFC, 0xC8, 0xA0, 0x43, 0x53, 0xC3, 0x00, 0x01, 0xFD, 0xC8, 0xA0, 0xFC, 0xC8, 0xA2, 0x43, 0x53,
    0xC3, 0x00, 0x01, 0xFD, 0xC8, 0xA2, 0xFC, 0xC8, 0xA4, 0x43, 0x53, 0xC3, 0x00, 0x01, 0xFD, 0xC8,
    0xA4, 0xFC, 0xC8, 0xA6, 0x43, 0x53, 0xC3, 0x00, 0x01, 0xFD, 0xC8, 0xA6, 0x10, 0x8E, 0x07, 0xDC,
    0xBD, 0x1F, 0xF5, 0xFC, 0xC8, 0xA4, 0x2B, 0x0F, 0x10, 0x8E, 0x07, 0xC4, 0xBD, 0x1F, 0xF5, 0x86,
    0x05, 0xB7, 0xCA, 0x79, 0xB7, 0xCA, 0x7A, 0xB6, 0xC8, 0x9A, 0x81, 0x06, 0x27, 0x1A, 0x81, 0x07,
    0x27, 0x16, 0x81, 0x08, 0x27, 0x12, 0x81, 0x0B, 0x27, 0x2B, 0x81, 0x0E, 0x27, 0x27, 0x81, 0x0F,
    0x27, 0x23, 0x81, 0x10, 0x27, 0x1F, 0x20, 0x3A, 0x10, 0x8E, 0x08, 0x0C, 0xBD, 0x1F, 0xF5, 0xFC,
    0xC8, 0xA4, 0x2B, 0x0F, 0x10, 0x8E, 0x07, 0xF4, 0xBD, 0x1F, 0xF5, 0x86, 0x05, 0xB7, 0xCA, 0x79,
    0xB7, 0xCA, 0x7A, 0x20, 0x1D, 0x10, 0x8E, 0x08, 0x3C, 0xBD, 0x1F, 0xF5, 0xFC, 0xC8, 0xA4, 0x2B,
    0x0F, 0x10, 0x8E, 0x08, 0x24, 0xBD, 0x1F, 0xF5, 0x86, 0x05, 0xB7, 0xCA, 0x79, 0xB7, 0xCA, 0x7A,
    0x20, 0x00, 0x86, 0x81, 0xB7, 0xC8, 0x9A, 0xBD, 0x08, 0x54, 0xBD, 0x11, 0xC3, 0xBD, 0x0E, 0x81,
    0xBD, 0x26, 0x96, 0xBD, 0x2E, 0x1F, 0x86, 0xD0, 0x1F, 0x8B, 0x39, 0xBD, 0x3E, 0xA4, 0xBD, 0x26,
    0x96, 0xBD, 0x2E, 0x1F, 0x7F, 0xCA, 0x94, 0x7F, 0xCA, 0x95, 0x7F, 0xCA, 0x8F, 0x7F, 0xCA, 0x90,
    0x7F, 0xCA, 0x91, 0x7F, 0xCA, 0x92, 0xBD, 0x08, 0xD0, 0x86, 0x28, 0xB7, 0xCA, 0x94, 0x86, 0xC8,
    0x1F, 0x8B, 0xBD, 0xF1, 0x92, 0xBD, 0x09, 0x7D, 0xBD, 0x0A, 0x3E, 0xBD, 0x0A, 0xFF, 0xBD, 0xF2,
    0xA9, 0xBD, 0xF5, 0x11, 0x86, 0x30, 0xB7, 0xC8, 0x9A, 0xBD, 0x32, 0x8A, 0x86, 0x2F, 0xC6, 0x6E,
    0xBD, 0x36, 0x78, 0x86, 0xF9, 0xC6, 0x00, 0xBD, 0x36, 0x78, 0xB6, 0xC8, 0x81, 0x26, 0x05, 0xBD,
    0x32, 0xC3, 0x20, 0x03, 0xBD, 0x32, 0xFA, 0xBD, 0x24, 0x25, 0xB6, 0xC9, 0x12, 0x27, 0x05, 0x7A,
    0xC9, 0x11, 0x26, 0x26, 0x86, 0x10, 0xB7, 0xC9, 0x11, 0x86, 0x01, 0xB7, 0xC9, 0x12, 0xB6, 0xC8,
    0x1B, 0x27, 0x0A, 0xB6, 0xC8, 0x81, 0x88, 0x01, 0xB7, 0xC8, 0x81, 0x20, 0x0D, 0xB6, 0xC8, 0x1C,
    0x27, 0x08, 0xB6, 0xC8, 0x81, 0x88, 0x01, 0xB7, 0xC8, 0x81, 0xB6, 0xC8, 0x1B, 0x26, 0x08, 0xB6,
    0xC8, 0x1C, 0x26, 0x03, 0x7F, 0xC9, 0x12, 0xB6, 0xCA, 0x94, 0x27, 0x06, 0x7A, 0xCA, 0x94, 0x7E,
    0x1A, 0x9E, 0x4F, 0xBD, 0xF1, 0xB4, 0x4F, 0xBD, 0xF1, 0xB4, 0x7D, 0xC8, 0x0F, 0x26, 0x03, 0x7E,
    0x1A, 0x9E, 0x7F, 0xCA, 0x93, 0x86, 0x03, 0xB7, 0xC8, 0x85, 0xB7, 0xC8, 0x86, 0x7F, 0xCA, 0x6E,
    0x7F, 0xCA, 0x6F, 0xBD, 0x3E, 0xA4, 0x86, 0x06, 0xB7, 0xC9, 0x11, 0x10, 0x8E, 0xCA, 0xDA, 0x6F,
    0xA4, 0x31, 0x23, 0x7A, 0xC9, 0x11, 0x2B, 0x02, 0x20, 0xF5, 0x86, 0x10, 0xB7, 0xC9, 0x11, 0x7F,
    0xC9, 0x12, 0x86, 0xD0, 0x1F, 0x8B, 0xBD, 0x0E, 0x81, 0x86, 0x7F, 0xB7, 0xC8, 0x9E, 0xC6, 0x10,
    0x86, 0x06, 0xBD, 0xF2, 0x56, 0xC6, 0x07, 0x86, 0x07, 0xBD, 0xF2, 0x56, 0xC6, 0x00, 0x86, 0x08,
    0xBD, 0xF2, 0x56, 0xC6, 0x00, 0x86, 0x09, 0xBD, 0xF2, 0x56, 0xC6, 0x00, 0x86, 0x0A, 0xBD, 0xF2,
    0x56, 0x7F, 0xCA, 0x77, 0x86, 0xC8, 0x1F, 0x8B, 0xBD, 0xF1, 0x92, 0x7C, 0xCA, 0x77, 0xF6, 0xCA,
    0x77, 0xC1, 0xF1, 0x26, 0x05, 0xC6, 0xF0, 0xF7, 0xCA, 0x77, 0x54, 0x54, 0x54, 0x54, 0x86, 0x08,
    0xBD, 0xF2, 0x56, 0xF6, 0xCA, 0x77, 0x54, 0x54, 0x54, 0x54, 0x86, 0x09, 0xBD, 0xF2, 0x56, 0xF6,
    0xCA, 0x77, 0x54, 0x54, 0x54, 0x54, 0x86, 0x0A, 0xBD, 0xF2, 0x56, 0xB6, 0xC8, 0x9E, 0xBD, 0xF2,
    0xAB, 0x86, 0x30, 0xB7, 0xC8, 0x9A, 0xBD, 0x32, 0x8A, 0xB6, 0xC8, 0x81, 0x26, 0x05, 0xBD, 0x32,
    0xC3, 0x20, 0x03, 0xBD, 0x32, 0xFA, 0xB6, 0xC8, 0x81, 0x26, 0x07, 0x86, 0x2F, 0xC6, 0x6E, 0xBD,
    0x36, 0x78, 0xBD, 0xF2, 0xA9, 0x86, 0xF9, 0xC6, 0x00, 0xBD, 0x36, 0x78, 0xB6, 0xC8, 0x81, 0x27,
    0x07, 0x86, 0x2F, 0xC6, 0x6E, 0xBD, 0x36, 0x78, 0x7A, 0xC8, 0x9E, 0x26, 0x87, 0x86, 0x30, 0xB7,
    0xC8, 0x9E, 0x86, 0x00, 0xB7, 0xC8, 0x9F, 0xBD, 0xF1, 0x92, 0x7C, 0xCA, 0x77, 0xF6, 0xCA, 0x77,
    0xC1, 0xF1, 0x26, 0x05, 0xC6, 0xF0, 0xF7, 0xCA, 0x77, 0x54, 0x54, 0x54, 0x54, 0x86, 0x08, 0xBD,
    0xF2, 0x56, 0xF6, 0xCA, 0x77, 0x54, 0x54, 0x54, 0x54, 0x86, 0x09, 0xBD, 0xF2, 0x56, 0xF6, 0xCA,
    0x77, 0x54, 0x54, 0x54, 0x54, 0x86, 0x0A, 0xBD, 0xF2, 0x56, 0xB6, 0xC8, 0x9E, 0xB7, 0xC8, 0x9A,
    0xBD, 0xF2, 0xA9, 0x86, 0xF9, 0xC6, 0x00, 0xBD, 0x36, 0x78, 0xB6, 0xC8, 0x81, 0x27, 0x07, 0x86,
    0x2F, 0xC6, 0x6E, 0xBD, 0x36, 0x78, 0xB6, 0xC8, 0x9F, 0xBD, 0xF2, 0xAB, 0xBD, 0x33, 0x38, 0x7C,
    0xC8, 0x9F, 0x7C, 0xC8, 0x9F, 0x7A, 0xC8, 0x9E, 0xB6, 0xC8, 0x9E, 0x81, 0x07, 0x26, 0x98, 0x86,
    0x04, 0xB7, 0xC9, 0x12, 0x86, 0xF9, 0xB7, 0xC9, 0x15, 0x86, 0x00, 0xB7, 0xC9, 0x13, 0x86, 0x00,
    0xB7, 0xC9, 0x17, 0xCC, 0xFF, 0x5C, 0xFD, 0xC9, 0x1D, 0xCC, 0x00, 0xB3, 0xFD, 0xC9, 0x1F, 0xB6,
    0xC8, 0x81, 0x27, 0x31, 0x86, 0x04, 0xB7, 0xC9, 0x21, 0x86, 0x2F, 0xB7, 0xC9, 0x24, 0x86, 0x6E,
    0xB7, 0xC9, 0x22, 0x86, 0x00, 0xB7, 0xC9, 0x26, 0xCC, 0xFF, 0x8A, 0xFD, 0xC9, 0x2C, 0xCC, 0x00,
    0x29, 0xFD, 0xC9, 0x2E, 0x86, 0x02, 0xB7, 0xC9, 0x10, 0x7F, 0xCA, 0x6E, 0x7F, 0xCA, 0x6F, 0x7F,
    0xCA, 0x8F, 0x7F, 0xCA, 0x91, 0x86, 0xC8, 0x1F, 0x8B, 0xBD, 0xF1, 0x92, 0x7C, 0xCA, 0x77, 0xF6,
    0xCA, 0x77, 0xC1, 0xF1, 0x26, 0x05, 0xC6, 0xF0, 0xF7, 0xCA, 0x77, 0x54, 0x54, 0x54, 0x54, 0x86,
    0x08, 0xBD, 0xF2, 0x56, 0xF6, 0xCA, 0x77, 0x54, 0x54, 0x54, 0x54, 0x86, 0x09, 0xBD, 0xF2, 0x56,
    0xF6, 0xCA, 0x77, 0x54, 0x54, 0x54, 0x54, 0x86, 0x0A, 0xBD, 0xF2, 0x56, 0xBD, 0xF2, 0xA9, 0xBD,
    0x2E, 0x7A, 0xB6, 0xC8, 0x9F, 0xBD, 0xF2, 0xAB, 0xBD, 0x33, 0x38, 0x86, 0xC8, 0x1F, 0x8B, 0xBD,
    0x2D, 0xFB, 0xB6, 0xC9, 0x13, 0x81, 0xC0, 0x26, 0xAC, 0x86, 0x3F, 0xB7, 0xC9, 0x15, 0x86, 0xC0,
    0xB7, 0xC9, 0x13, 0x86, 0x3F, 0xB7, 0xC9, 0x24, 0x86, 0x40, 0xB7, 0xC9, 0x22, 0xCC, 0x00, 0x00,
    0xFD, 0xC9, 0x1D, 0xFD, 0xC9, 0x1F, 0xFD, 0xC9, 0x2C, 0xFD, 0xC9, 0x2E, 0xBD, 0xF1, 0x92, 0x7C,
    0xCA, 0x77, 0xF6, 0xCA, 0x77, 0xC1, 0xF1, 0x26, 0x05, 0xC6, 0xF0, 0xF7, 0xCA, 0x77, 0x54, 0x54,
    0x54, 0x54, 0x86, 0x08, 0xBD, 0xF2, 0x56, 0xF6, 0xCA, 0x77, 0x54, 0x54, 0x54, 0x54, 0x86, 0x09,
    0xBD, 0xF2, 0x56, 0xF6, 0xCA, 0x77, 0x54, 0x54, 0x54, 0x54, 0x86, 0x0A, 0xBD, 0xF2, 0x56, 0xBD,
    0xF2, 0xA9, 0xBD, 0x2E, 0x7A, 0xB6, 0xC8, 0x9F, 0xBD, 0xF2, 0xAB, 0xBD, 0x33, 0x38, 0xBD, 0x2D,
    0xFB, 0x7A, 0xC8, 0x9F, 0xB6, 0xC8, 0x9F, 0x26, 0xB3, 0x8E, 0xC8, 0xAD, 0xBD, 0xF8, 0x4F, 0x8E,
    0xC8, 0xB4, 0xBD, 0xF8, 0x4F, 0x8E, 0xC8, 0xBB, 0xBD, 0xF8, 0x4F, 0x8E, 0xC8, 0xC2, 0xBD, 0xF8,
    0x4F, 0xCC, 0x05, 0x00, 0x8E, 0xC8, 0xBB, 0xBD, 0xF8, 0x7C, 0xCC, 0x05, 0x00, 0x8E, 0xC8, 0xC2,
    0xBD, 0xF8, 0x7C, 0x86, 0x04, 0xB7, 0xC8, 0x91, 0xB7, 0xC8, 0x92, 0xCC, 0x10, 0x00, 0xFD, 0xC8,
    0x93, 0xFD, 0xC8, 0x95, 0x7F, 0xC8, 0x80, 0x86, 0x20, 0xB7, 0xC8, 0x87, 0xB7, 0xC8, 0x88, 0xCC,
    0x02, 0x80, 0xFD, 0xC8, 0x89, 0xFD, 0xC8, 0x8D, 0xCC, 0xFD, 0x80, 0xFD, 0xC8, 0x8B, 0xFD, 0xC8,
    0x8F, 0xCC, 0x00, 0x05, 0xFD, 0xC8, 0x83, 0xBD, 0x0E, 0x81, 0x39, 0xB6, 0xCA, 0x6E, 0x27, 0x03,
    0x7F, 0xCA, 0x77, 0xB6, 0xCA, 0x6F, 0x27, 0x03, 0x7F, 0xCA, 0x78, 0xB6, 0xCA, 0x8F, 0x27, 0x08,
    0x7A, 0xCA, 0x90, 0x26, 0x03, 0x7F, 0xCA, 0x8F, 0xB6, 0xCA, 0x91, 0x27, 0x08, 0x7A, 0xCA, 0x92,
    0x26, 0x03, 0x7F, 0xCA, 0x91, 0xB6, 0xCA, 0x6E, 0x10, 0x26, 0x00, 0xDD, 0xB6, 0xCA, 0x8F, 0x10,
    0x26, 0x00, 0xD6, 0x8E, 0xC9, 0x30, 0xCE, 0xCA, 0x5F, 0x86, 0x0C, 0xB7, 0xC8, 0x9A, 0xA6, 0x84,
    0x27, 0x30, 0xA6, 0x01, 0xB0, 0xC9, 0x13, 0x81, 0x05, 0x2E, 0x27, 0x81, 0xFB, 0x2D, 0x23, 0xA6,
    0x03, 0xB0, 0xC9, 0x15, 0x81, 0x05, 0x2E, 0x1A, 0x81, 0xFB, 0x2D, 0x16, 0x86, 0x14, 0xB7, 0xCA,
    0x74, 0xCC, 0x00, 0x00, 0xFD, 0xC9, 0x1D, 0xFD, 0xC9, 0x1F, 0x86, 0x01, 0xB7, 0xCA, 0x6E, 0x7E,
    0x1F, 0x09, 0x33, 0x41, 0x30, 0x0F, 0x7A, 0xC8, 0x9A, 0x26, 0xC3, 0x8E, 0xCA, 0xA7, 0x86, 0x04,
    0xB7, 0xC8, 0x9A, 0xA6, 0x84, 0x27, 0x32, 0xA6, 0x02, 0xB0, 0xC9, 0x13, 0x81, 0x05, 0x2E, 0x29,
    0x81, 0xFB, 0x2D, 0x25, 0xA6, 0x01, 0xB0, 0xC9, 0x15, 0x81, 0x05, 0x2E, 0x1C, 0x81, 0xFB, 0x2D,
    0x18, 0x86, 0x14, 0xB7, 0xCA, 0x74, 0x6F, 0x84, 0xCC, 0x00, 0x00, 0xFD, 0xC9, 0x1D, 0xFD, 0xC9,
    0x1F, 0x86, 0x01, 0xB7, 0xCA, 0x6E, 0x7E, 0x1F, 0x09, 0x30, 0x03, 0x7A, 0xC8, 0x9A, 0x2B, 0x02,
    0x20, 0xC1, 0x8E, 0xCA, 0xDA, 0x86, 0x06, 0xB7, 0xC8, 0x9A, 0xA6, 0x84, 0x27, 0x32, 0xA6, 0x02,
    0xB0, 0xC9, 0x13, 0x81, 0x05, 0x2E, 0x29, 0x81, 0xFB, 0x2D, 0x25, 0xA6, 0x01, 0xB0, 0xC9, 0x15,
    0x81, 0x05, 0x2E, 0x1C, 0x81, 0xFB, 0x2D, 0x18, 0x86, 0x14, 0xB7, 0xCA, 0x74, 0x6F, 0x84, 0xCC,
    0x00, 0x00, 0xFD, 0xC9, 0x1D, 0xFD, 0xC9, 0x1F, 0x86, 0x01, 0xB7, 0xCA, 0x6E, 0x7E, 0x1F, 0x09,
    0x30, 0x03, 0x7A, 0xC8, 0x9A, 0x2B, 0x02, 0x20, 0xC1, 0xB6, 0xC8, 0x81, 0x10, 0x27, 0x00, 0xE4,
    0xB6, 0xCA, 0x6F, 0x10, 0x26, 0x00, 0xDD, 0xB6, 0xCA, 0x91, 0x10, 0x26, 0x00, 0xD6, 0x8E, 0xC9,
    0x30, 0xCE, 0xCA, 0x5F, 0x86, 0x0C, 0xB7, 0xC8, 0x9A, 0xA6, 0x84, 0x27, 0x30, 0xA6, 0x01, 0xB0,
    0xC9, 0x22, 0x81, 0x05, 0x2E, 0x27, 0x81, 0xFB, 0x2D, 0x23, 0xA6, 0x03, 0xB0, 0xC9, 0x24, 0x81,
    0x05, 0x2E, 0x1A, 0x81, 0xFB, 0x2D, 0x16, 0x86, 0x14, 0xB7, 0xCA, 0x74, 0xCC, 0x00, 0x00, 0xFD,
    0xC9, 0x2C, 0xFD, 0xC9, 0x2E, 0x86, 0x01, 0xB7, 0xCA, 0x6F, 0x7E, 0x1F, 0xF4, 0x33, 0x41, 0x30,
    0x0F, 0x7A, 0xC8, 0x9A, 0x26, 0xC3, 0x8E, 0xCA, 0xA7, 0x86, 0x04, 0xB7, 0xC8, 0x9A, 0xA6, 0x84,
    0x27, 0x32, 0xA6, 0x02, 0xB0, 0xC9, 0x22, 0x81, 0x05, 0x2E, 0x29, 0x81, 0xFB, 0x2D, 0x25, 0xA6,
    0x01, 0xB0, 0xC9, 0x24, 0x81, 0x05, 0x2E, 0x1C, 0x81, 0xFB, 0x2D, 0x18, 0x86, 0x14, 0xB7, 0xCA,
    0x74, 0x6F, 0x84, 0xCC, 0x00, 0x00, 0xFD, 0xC9, 0x2C, 0xFD, 0xC9, 0x2E, 0x86, 0x01, 0xB7, 0xCA,
    0x6F, 0x7E, 0x1F, 0xF4, 0x30, 0x03, 0x7A, 0xC8, 0x9A, 0x2B, 0x02, 0x20, 0xC1, 0x8E, 0xCA, 0xDA,
    0x86, 0x06, 0xB7, 0xC8, 0x9A, 0xA6, 0x84, 0x27, 0x32, 0xA6, 0x02, 0xB0, 0xC9, 0x22, 0x81, 0x05,
    0x2E, 0x29, 0x81, 0xFB, 0x2D, 0x25, 0xA6, 0x01, 0xB0, 0xC9, 0x24, 0x81, 0x05, 0x2E, 0x1C, 0x81,
    0xFB, 0x2D, 0x18, 0x86, 0x14, 0xB7, 0xCA, 0x74, 0x6F, 0x84, 0xCC, 0x00, 0x00, 0xFD, 0xC9, 0x2C,
    0xFD, 0xC9, 0x2E, 0x86, 0x01, 0xB7, 0xCA, 0x6F, 0x7E, 0x1F, 0xF4, 0x30, 0x03, 0x7A, 0xC8, 0x9A,
    0x2B, 0x02, 0x20, 0xC1, 0x39, 0x8E, 0xC9, 0x30, 0xB6, 0xCA, 0x6B, 0xB7, 0xC9, 0x11, 0x86, 0x04,
    0xA7, 0x84, 0x86, 0x7F, 0xA7, 0x06, 0x86, 0x00, 0xA7, 0x05, 0x86, 0x04, 0xA7, 0x07, 0x86, 0x06,
    0xA7, 0x08, 0xCC, 0x06, 0xBA, 0xED, 0x09, 0x86, 0x00, 0xAB, 0xA4, 0xA7, 0x01, 0x86, 0x00, 0xAB,
    0x21, 0xA7, 0x03, 0xCC, 0x00, 0x00, 0xED, 0x0B, 0xED, 0x0D, 0x31, 0x22, 0x30, 0x0F, 0x7A, 0xC9,
    0x11, 0x26, 0xCB, 0x10, 0x8E, 0xCA, 0x5F, 0x8E, 0xC9, 0x30, 0xB6, 0xC8, 0x80, 0x44, 0x44, 0x8B,
    0x08, 0xB7, 0xC9, 0x11, 0xA6, 0xA4, 0x27, 0x09, 0x86, 0x06, 0xA7, 0x08, 0xCC, 0x06, 0xBA, 0xED,
    0x09, 0x31, 0x21, 0x30, 0x0F, 0x7A, 0xC9, 0x11, 0x26, 0xEA, 0x39, 0x10, 0x8E, 0xC9, 0xE4, 0x86,
    0x08, 0xB7, 0xC8, 0x99, 0xA6, 0xA4, 0x10, 0x27, 0x01, 0x3A, 0xA6, 0x21, 0xB7, 0xC8, 0x9C, 0xA6,
    0x23, 0xB7, 0xC8, 0x9D, 0xBD, 0x2C, 0x8A, 0x7D, 0xCA, 0x70, 0x27, 0x07, 0x86, 0x00, 0xA7, 0xA4,
    0x7E, 0x21, 0xA4, 0x8E, 0xCA, 0xDA, 0x86, 0x06, 0xB7, 0xC8, 0x9A, 0xA6, 0x84, 0x27, 0x26, 0xA6,
    0x02, 0xA0, 0x21, 0x81, 0x05, 0x2E, 0x1E, 0x81, 0xFB, 0x2D, 0x1A, 0xA6, 0x01, 0xA0, 0x23, 0x81,
    0x05, 0x2E, 0x12, 0x81, 0xFB, 0x2D, 0x0E, 0x86, 0x00, 0xA7, 0x84, 0xA7, 0xA4, 0x86, 0x0A, 0xB7,
    0xCA, 0x73, 0x7E, 0x21, 0xA4, 0x30, 0x03, 0x7A, 0xC8, 0x9A, 0x2B, 0x02, 0x20, 0xCD, 0x8E, 0xC9,
    0x30, 0xCE, 0xCA, 0x5F, 0x86, 0x0C, 0xB7, 0xC8, 0x9A, 0x6D, 0x84, 0x10, 0x27, 0x00, 0xCA, 0x6D,
    0xA4, 0x10, 0x27, 0x00, 0xC4, 0xA6, 0x01, 0xA0, 0x21, 0x81, 0x05, 0x10, 0x2E, 0x00, 0xBA, 0x81,
    0xFB, 0x10, 0x2D, 0x00, 0xB4, 0xA6, 0x03, 0xA0, 0x23, 0x81, 0x05, 0x10, 0x2E, 0x00, 0xAA, 0x81,
    0xFB, 0x10, 0x2D, 0x00, 0xA4, 0x86, 0x00, 0xA7, 0x84, 0xA7, 0xA4, 0x86, 0x05, 0xE6, 0xC4, 0x27,
    0x3D, 0x86, 0x0C, 0xBF, 0xC8, 0x9C, 0x10, 0xBF, 0xC8, 0x9E, 0x8E, 0xCA, 0x5F, 0x10, 0x8E, 0xC9,
    0x30, 0xE6, 0x84, 0x26, 0x11, 0xE6, 0xA4, 0x27, 0x0D, 0x6A, 0x84, 0x86, 0x06, 0xA7, 0x28, 0xCC,
    0x06, 0xBA, 0xED, 0x29, 0x20, 0x07, 0x30, 0x01, 0x31, 0x2F, 0x4A, 0x26, 0xE4, 0xBE, 0xC8, 0x9C,
    0x10, 0xBE, 0xC8, 0x9E, 0x86, 0x19, 0xE6, 0xC4, 0xC1, 0x08, 0x26, 0x02, 0x86, 0x32, 0xF6, 0xC8,
    0x99, 0xC1, 0x05, 0x2D, 0x26, 0x8E, 0xC8, 0xAD, 0xBD, 0xF8, 0x5E, 0x8E, 0xC8, 0xAD, 0xCE, 0xC8,
    0xBB, 0xBD, 0xF8, 0xC7, 0x81, 0x02, 0x27, 0x37, 0xCC, 0x05, 0x00, 0x8E, 0xC8, 0xBB, 0xBD, 0xF8,
    0x7C, 0x7C, 0xC8, 0x85, 0x86, 0x28, 0xB7, 0xCA, 0x95, 0x20, 0x24, 0x8E, 0xC8, 0xB4, 0xBD, 0xF8,
    0x5E, 0x8E, 0xC8, 0xB4, 0xCE, 0xC8, 0xC2, 0xBD, 0xF8, 0xC7, 0x81, 0x02, 0x27, 0x11, 0xCC, 0x05,
    0x00, 0x8E, 0xC8, 0xC2, 0xBD, 0xF8, 0x7C, 0x7C, 0xC8, 0x86, 0x86, 0x28, 0xB7, 0xCA, 0x95, 0x86,
    0x0A, 0xB7, 0xCA, 0x73, 0x7A, 0xCA, 0x6C, 0x20, 0x0B, 0x33, 0x41, 0x30, 0x0F, 0x7A, 0xC8, 0x9A,
    0x10, 0x26, 0xFF, 0x25, 0x31, 0x2F, 0x7A, 0xC8, 0x99, 0x10, 0x26, 0xFE, 0xB7, 0x39, 0xCE, 0xC9,
    0x12, 0xB6, 0xC8, 0x81, 0x27, 0x0B, 0xBD, 0xF5, 0x11, 0x84, 0x01, 0x4D, 0x26, 0x03, 0xCE, 0xC9,
    0x21, 0xEC, 0x41, 0x10, 0xA3, 0x21, 0x2E, 0x0C, 0xFC, 0xC8, 0xA6, 0x2B, 0x03, 0xFC, 0xC8, 0xA4,
    0xED, 0x2B, 0x20, 0x0A, 0xFC, 0xC8, 0xA4, 0x2A, 0x03, 0xFC, 0xC8, 0xA6, 0xED, 0x2B, 0xEC, 0x43,
    0x10, 0xA3, 0x23, 0x2E, 0x0B, 0xFC, 0xC8, 0xA6, 0x2B, 0x03, 0xFC, 0xC8, 0xA4, 0xED, 0x2D, 0x39,
    0xFC, 0xC8, 0xA4, 0x2A, 0x03, 0xFC, 0xC8, 0xA6, 0xED, 0x2D, 0x39, 0xBD, 0xF5, 0x11, 0x84, 0x07,
    0x81, 0x07, 0x26, 0x0F, 0xFC, 0xC8, 0xA4, 0xED, 0x2D, 0xE3, 0x2D, 0xED, 0x2D, 0xCC, 0x00, 0x00,
    0xED, 0x2B, 0x39, 0x81, 0x06, 0x26, 0x0B, 0xFC, 0xC8, 0xA4, 0xED, 0x2D, 0xFC, 0xC8, 0xA4, 0xED,
    0x2B, 0x39, 0x81, 0x05, 0x26, 0x0F, 0xFC, 0xC8, 0xA4, 0xED, 0x2B, 0xE3, 0x2B, 0xED, 0x2B, 0xCC,
    0x00, 0x00, 0xED, 0x2D, 0x39, 0x81, 0x04, 0x26, 0x0B, 0xFC, 0xC8, 0xA6, 0xED, 0x2D, 0xFC, 0xC8,
    0xA4, 0xED, 0x2B, 0x39, 0x81, 0x03, 0x26, 0x0F, 0xFC, 0xC8, 0xA6, 0xED, 0x2D, 0xE3, 0x2D, 0xED,
    0x2D, 0xCC, 0x00, 0x00, 0xED, 0x2B, 0x39, 0x81, 0x02, 0x26, 0x0B, 0xFC, 0xC8, 0xA6, 0xED, 0x2D,
    0xFC, 0xC8, 0xA6, 0xED, 0x2B, 0x39, 0x81, 0x01, 0x26, 0x0F, 0xFC, 0xC8, 0xA6, 0xED, 0x2B, 0xE3,
    0x2B, 0xED, 0x2B, 0xCC, 0x00, 0x00, 0xED, 0x2D, 0x39, 0xFC, 0xC8, 0xA4, 0xED, 0x2D, 0xFC, 0xC8,
    0xA6, 0xED, 0x2B, 0x39, 0xBD, 0x21, 0xAE, 0x86, 0x04, 0xA7, 0x27, 0x86, 0x06, 0xA7, 0x28, 0xCC,
    0x06, 0xC8, 0xED, 0x29, 0x6A, 0x84, 0x7E, 0x24, 0x18, 0xB6, 0xCA, 0x76, 0x26, 0x05, 0x86, 0x0F,
    0xB7, 0xCA, 0x76, 0xBD, 0x2A, 0x04, 0x7D, 0xCA, 0x70, 0x26, 0x0B, 0xBD, 0xF5, 0x11, 0x84, 0x31,
    0x4D, 0x26, 0x03, 0xBD, 0x21, 0xAE, 0x7E, 0x24, 0x18, 0x7A, 0xCA, 0x5E, 0x26, 0x05, 0x86, 0x03,
    0xB7, 0xCA, 0x5E, 0x8E, 0xCA, 0x5F, 0x10, 0x8E, 0xC9, 0x30, 0xB6, 0xCA, 0x6B, 0xB7, 0xC9, 0x11,
    0xA6, 0xA4, 0x10, 0x27, 0x01, 0x42, 0xFC, 0xC8, 0xA0, 0xFD, 0xC8, 0xA8, 0xFC, 0xC8, 0xA2, 0xFD,
    0xC8, 0xAA, 0xA6, 0x84, 0x27, 0x2D, 0x81, 0x09, 0x27, 0x9A, 0x81, 0x08, 0x27, 0xAB, 0xB6, 0xCA,
    0x5E, 0x81, 0x03, 0x26, 0x02, 0x6A, 0x84, 0xFC, 0xC8, 0xA4, 0xFD, 0xC8, 0xA8, 0xFC, 0xC8, 0xA6,
    0xFD, 0xC8, 0xAA, 0xA6, 0x27, 0x81, 0x04, 0x26, 0x06, 0x86, 0x02, 0xA7, 0x27, 0x20, 0x04, 0x86,
    0x04, 0xA7, 0x27, 0xEC, 0x21, 0x2B, 0x7F, 0xEC, 0x23, 0x2B, 0x3D, 0xA6, 0x21, 0xB1, 0xCA, 0x5D,
    0x2E, 0x11, 0xCC, 0x00, 0x00, 0xED, 0x2D, 0xFC, 0xC8, 0xAA, 0xED, 0x2B, 0xE3, 0x2B, 0xED, 0x2B,
    0x7E, 0x24, 0x18, 0xA6, 0x23, 0xB1, 0xCA, 0x5D, 0x2E, 0x11, 0xFC, 0xC8, 0xA8, 0xED, 0x2D, 0xE3,
    0x2D, 0xED, 0x2D, 0xCC, 0x00, 0x00, 0xED, 0x2B, 0x7E, 0x24, 0x18, 0xFC, 0xC8, 0xA8, 0xED, 0x2D,
    0xFC, 0xC8, 0xAA, 0xED, 0x2B, 0x7E, 0x24, 0x18, 0xBD, 0xF5, 0x84, 0xB1, 0xCA, 0x5D, 0x2E, 0x11,
    0xFC, 0xC8, 0xA8, 0xED, 0x2D, 0xE3, 0x2D, 0xED, 0x2D, 0xCC, 0x00, 0x00, 0xED, 0x2B, 0x7E, 0x24,
    0x18, 0xA6, 0x21, 0xB1, 0xCA, 0x5D, 0x2E, 0x11, 0xCC, 0x00, 0x00, 0xED, 0x2D, 0xFC, 0xC8, 0xA8,
    0xED, 0x2B, 0xE3, 0x2B, 0xED, 0x2B, 0x7E, 0x24, 0x18, 0xFC, 0xC8, 0xA8, 0xED, 0x2D, 0xFC, 0xC8,
    0xA8, 0xED, 0x2B, 0x7E, 0x24, 0x18, 0xEC, 0x23, 0x2B, 0x40, 0xEC, 0x23, 0xBD, 0xF5, 0x84, 0xB1,
    0xCA, 0x5D, 0x2E, 0x10, 0xFC, 0xC8, 0xAA, 0xED, 0x2D, 0xE3, 0x2D, 0xED, 0x2D, 0xCC, 0x00, 0x00,
    0xED, 0x2B, 0x20, 0x64, 0xEC, 0x21, 0xBD, 0xF5, 0x84, 0xB1, 0xCA, 0x5D, 0x2E, 0x10, 0xCC, 0x00,
    0x00, 0xED, 0x2D, 0xFC, 0xC8, 0xAA, 0xED, 0x2B, 0xE3, 0x2B, 0xED, 0x2B, 0x20, 0x4A, 0xFC, 0xC8,
    0xAA, 0xED, 0x2D, 0xFC, 0xC8, 0xAA, 0xED, 0x2B, 0x20, 0x3E, 0xBD, 0xF5, 0x84, 0xB1, 0xCA, 0x5D,
    0x2E, 0x10, 0xFC, 0xC8, 0xAA, 0xED, 0x2D, 0xE3, 0x2D, 0xED, 0x2D, 0xCC, 0x00, 0x00, 0xED, 0x2B,
    0x20, 0x26, 0xA6, 0x21, 0xBD, 0xF5, 0x84, 0xB1, 0xCA, 0x5D, 0x2E, 0x10, 0xCC, 0x00, 0x00, 0xED,
    0x2D, 0xFC, 0xC8, 0xA8, 0xED, 0x2B, 0xE3, 0x2B, 0xED, 0x2B, 0x20, 0x0C, 0xFC, 0xC8, 0xAA, 0xED,
    0x2D, 0xFC, 0xC8, 0xA8, 0xED, 0x2B, 0x20, 0x00, 0x31, 0x2F, 0x30, 0x01, 0x7A, 0xC9, 0x11, 0x27,
    0x03, 0x7E, 0x22, 0xD0, 0x39, 0xCC, 0x01, 0x00, 0xFD, 0xC8, 0x1F, 0xCC, 0x05, 0x00, 0xFD, 0xC8,
    0x21, 0x86, 0x00, 0xB7, 0xC8, 0x23, 0xBD, 0xF1, 0xF8, 0x4F, 0xBD, 0xF1, 0xB4, 0x39, 0xB7, 0xC8,
    0x9A, 0xF7, 0xC8, 0x9B, 0xA6, 0x84, 0x26, 0x79, 0x86, 0x0A, 0xB7, 0xCA, 0x75, 0x86, 0x01, 0xA7,
    0x84, 0xEC, 0x21, 0xED, 0x01, 0xEC, 0x23, 0xED, 0x03, 0xCC, 0x00, 0x00, 0xED, 0x0B, 0xED, 0x0D,
    0x86, 0x7F, 0xA7, 0x06, 0xE6, 0x25, 0xB6, 0xC8, 0x9B, 0xBD, 0xF6, 0x01, 0xE7, 0x0B, 0xA7, 0x0D,
    0x86, 0x00, 0xA7, 0x0C, 0xA7, 0x0E, 0x7F, 0xC8, 0x9A, 0xEC, 0x0B, 0x27, 0x1E, 0x2E, 0x07, 0x7A,
    0xC8, 0x9A, 0x63, 0x0B, 0xEC, 0x0B, 0x54, 0x44, 0x24, 0x02, 0xCB, 0x80, 0x54, 0x44, 0x24, 0x02,
    0xCB, 0x80, 0xED, 0x0B, 0xB6, 0xC8, 0x9A, 0x27, 0x02, 0x63, 0x0B, 0x7F, 0xC8, 0x9A, 0xEC, 0x0D,
    0x27, 0x1E, 0x2E, 0x07, 0x7A, 0xC8, 0x9A, 0x63, 0x0D, 0xEC, 0x0D, 0x54, 0x44, 0x24, 0x02, 0xCB,
    0x80, 0x54, 0x44, 0x24, 0x02, 0xCB, 0x80, 0xED, 0x0D, 0xB6, 0xC8, 0x9A, 0x27, 0x02, 0x63, 0x0D,
    0x39, 0x30, 0x0F, 0x7A, 0xC8, 0x9A, 0x10, 0x26, 0xFF, 0x7A, 0x39, 0x86, 0x04, 0xB7, 0xC9, 0x11,
    0x10, 0x8E, 0xCA, 0xA7, 0xA6, 0xA4, 0x27, 0x43, 0xA6, 0x21, 0xE6, 0x22, 0xBD, 0xF2, 0xFC, 0x86,
    0x01, 0xB7, 0xD0, 0x04, 0xA6, 0xA4, 0x81, 0x01, 0x27, 0x23, 0x81, 0x02, 0x27, 0x1F, 0x81, 0x03,
    0x27, 0x16, 0x81, 0x04, 0x27, 0x12, 0x81, 0x05, 0x27, 0x09, 0x81, 0x06, 0x27, 0x05, 0xCC, 0x81,
    0x7E, 0x20, 0x0F, 0xCC, 0x7E, 0x7E, 0x20, 0x0A, 0xCC, 0x00, 0x7E, 0x20, 0x05, 0xCC, 0x7E, 0x00,
    0x20, 0x00, 0x7F, 0xC8, 0x23, 0xBD, 0xF3, 0xDF, 0xBD, 0xF3, 0x54, 0x31, 0x23, 0x7A, 0xC9, 0x11,
    0x2B, 0x02, 0x20, 0xB0, 0x39, 0x8E, 0xCA, 0xA7, 0x86, 0x04, 0xB7, 0xC9, 0x11, 0xA6, 0x84, 0x27,
    0x62, 0xA6, 0x01, 0xB7, 0xC8, 0x9D, 0xA6, 0x02, 0xB7, 0xC8, 0x9C, 0xBD, 0x2C, 0x8A, 0x7D, 0xCA,
    0x70, 0x27, 0x04, 0x6F, 0x84, 0x20, 0x4C, 0xA6, 0x84, 0x81, 0x01, 0x26, 0x06, 0x6C, 0x01, 0x6C,
    0x01, 0x20, 0x40, 0x81, 0x02, 0x26, 0x06, 0x6A, 0x01, 0x6A, 0x01, 0x20, 0x36, 0x81, 0x03, 0x26,
    0x06, 0x6C, 0x02, 0x6C, 0x02, 0x20, 0x2C, 0x81, 0x04, 0x26, 0x06, 0x6A, 0x02, 0x6A, 0x02, 0x20,
    0x22, 0x81, 0x05, 0x26, 0x06, 0x6C, 0x02, 0x6C, 0x01, 0x20, 0x18, 0x81, 0x06, 0x26, 0x06, 0x6A,
    0x02, 0x6A, 0x01, 0x20, 0x0E, 0x81, 0x07, 0x26, 0x06, 0x6C, 0x01, 0x6A, 0x02, 0x20, 0x04, 0x6A,
    0x01, 0x6C, 0x02, 0x30, 0x03, 0x7A, 0xC9, 0x11, 0x2B, 0x02, 0x20, 0x91, 0x39, 0x10, 0x8E, 0xC9,
    0x30, 0xCE, 0xCA, 0x5F, 0x86, 0x0B, 0xB7, 0xC8, 0x9C, 0xA6, 0xA4, 0x27, 0x40, 0xA6, 0xC4, 0x27,
    0x3C, 0xB6, 0xCA, 0x6D, 0xE6, 0xC4, 0xC1, 0x08, 0x26, 0x01, 0x48, 0xB7, 0xC8, 0x9A, 0xBD, 0xF5,
    0x11, 0x4D, 0x2B, 0x29, 0xB1, 0xC8, 0x9A, 0x2E, 0x24, 0x8E, 0xCA, 0xA7, 0x86, 0x04, 0xB7, 0xC9,
    0x11, 0xA6, 0x84, 0x26, 0x0F, 0xBD, 0x25, 0xF9, 0xA7, 0x84, 0xA6, 0x23, 0xA7, 0x01, 0xA6, 0x21,
    0xA7, 0x02, 0x20, 0x09, 0x30, 0x03, 0x7A, 0xC9, 0x11, 0x2B, 0x02, 0x20, 0xE4, 0x31, 0x2F, 0x33,
    0x41, 0x7A, 0xC8, 0x9C, 0x2B, 0x02, 0x20, 0xB1, 0x39, 0x7F, 0xC8, 0x9A, 0x7F, 0xC8, 0x9B, 0x7F,
    0xC8, 0x9C, 0x7F, 0xC8, 0x9E, 0xCE, 0xC9, 0x12, 0xB6, 0xC8, 0x81, 0x27, 0x14, 0xB6, 0xCA, 0x6F,
    0x26, 0x0F, 0xB6, 0xCA, 0x6E, 0x26, 0x07, 0xBD, 0xF5, 0x11, 0x84, 0x01, 0x26, 0x03, 0xCE, 0xC9,
    0x21, 0xA6, 0x21, 0xA0, 0x41, 0x2D, 0x08, 0xB7, 0xC8, 0x9F, 0x7F, 0xC8, 0x9B, 0x20, 0x09, 0xBD,
    0xF5, 0x84, 0xB7, 0xC8, 0x9F, 0x7A, 0xC8, 0x9B, 0xA6, 0x23, 0xA0, 0x43, 0x2D, 0x08, 0xB7, 0xC8,
    0x9D, 0x7F, 0xC8, 0x9A, 0x20, 0x09, 0xBD, 0xF5, 0x84, 0xB7, 0xC8, 0x9D, 0x7A, 0xC8, 0x9A, 0xFC,
    0xC8, 0x9E, 0xF3, 0xC8, 0x9E, 0xB3, 0xC8, 0x9C, 0x2B, 0x31, 0xFC, 0xC8, 0x9C, 0xF3, 0xC8, 0x9C,
    0xB3, 0xC8, 0x9E, 0x2B, 0x1B, 0xB6, 0xC8, 0x9A, 0x26, 0x0B, 0xB6, 0xC8, 0x9B, 0x26, 0x03, 0x86,
    0x06, 0x39, 0x86, 0x08, 0x39, 0xB6, 0xC8, 0x9B, 0x26, 0x03, 0x86, 0x07, 0x39, 0x86, 0x05, 0x39,
    0xB6, 0xC8, 0x9B, 0x26, 0x03, 0x86, 0x04, 0x39, 0x86, 0x03, 0x39, 0xB6, 0xC8, 0x9A, 0x26, 0x03,
    0x86, 0x02, 0x39, 0x86, 0x01, 0x39, 0x86, 0x04, 0xB7, 0xC9, 0x11, 0x10, 0x8E, 0xCA, 0xA7, 0x6F,
    0xA4, 0x6F, 0x21, 0x6F, 0x22, 0x31, 0x23, 0x7A, 0xC9, 0x11, 0x2B, 0x02, 0x20, 0xF1, 0x39, 0xB6,
    0xCA, 0x6B, 0xB7, 0xC8, 0x9C, 0x8E, 0xC9, 0x30, 0x10, 0x8E, 0xCA, 0x5F, 0xA6, 0x84, 0x10, 0x27,
    0x00, 0x8A, 0xA6, 0xA4, 0x10, 0x27, 0x00, 0x84, 0xB6, 0xCA, 0x6D, 0xE6, 0xA4, 0xC1, 0x08, 0x26,
    0x01, 0x48, 0xB7, 0xC8, 0x9A, 0xBD, 0xF5, 0x11, 0x4D, 0x10, 0x2B, 0x00, 0x7B, 0xB1, 0xC8, 0x9A,
    0x10, 0x2E, 0x00, 0x74, 0xA6, 0x03, 0xE6, 0x01, 0xFD, 0xC8, 0x9A, 0x86, 0x06, 0xB7, 0xC9, 0x11,
    0x10, 0x8E, 0xCA, 0xDA, 0xA6, 0xA4, 0x27, 0x20, 0xA6, 0x21, 0xB0, 0xC8, 0x9A, 0x81, 0x0A, 0x2E,
    0x17, 0x81, 0xF6, 0x2D, 0x13, 0xA6, 0x22, 0xB0, 0xC8, 0x9B, 0x81, 0x0A, 0x2E, 0x0A, 0x81, 0xF6,
    0x2D, 0x06, 0x86, 0x03, 0xA7, 0xA4, 0x20, 0x40, 0x31, 0x23, 0x7A, 0xC9, 0x11, 0x2B, 0x02, 0x20,
    0xD3, 0x86, 0x06, 0xB7, 0xC9, 0x11, 0x10, 0x8E, 0xCA, 0xDA, 0xA6, 0xA4, 0x26, 0x15, 0xBD, 0xF5,
    0x11, 0x84, 0x03, 0x81, 0x03, 0x27, 0x21, 0xA7, 0xA4, 0xFC, 0xC8, 0x9A, 0xA7, 0x21, 0xE7, 0x22,
    0x7E, 0x27, 0x58, 0x31, 0x23, 0x7A, 0xC9, 0x11, 0x2B, 0x02, 0x20, 0xDE, 0x30, 0x0F, 0x33, 0x41,
    0x7A, 0xC8, 0x9C, 0x2B, 0x03, 0x7E, 0x26, 0xBC, 0x39, 0xB6, 0xCA, 0x6E, 0x27, 0x41, 0x81, 0xFF,
    0x10, 0x27, 0x01, 0x4B, 0x7C, 0xCA, 0x6E, 0xB6, 0xCA, 0x6E, 0x81, 0x20, 0x10, 0x26, 0x01, 0x3F,
    0x7F, 0xCA, 0x6E, 0x86, 0x01, 0xB7, 0xCA, 0x8F, 0x86, 0xFF, 0xB7, 0xCA, 0x90, 0x86, 0xC0, 0xB7,
    0xC9, 0x13, 0x86, 0x3F, 0xB7, 0xC9, 0x15, 0x7A, 0xC8, 0x85, 0x10, 0x2C, 0x01, 0x64, 0x86, 0xFF,
    0xB7, 0xCA, 0x6E, 0x8E, 0xC8, 0xAD, 0xCE, 0xCB, 0xEB, 0xBD, 0xF8, 0xD8, 0x7E, 0x28, 0xAF, 0x10,
    0x8E, 0xC9, 0x12, 0xB6, 0xC8, 0x15, 0x26, 0x05, 0x7F, 0xCA, 0x94, 0x20, 0x1B, 0xB6, 0xCA, 0x94,
    0x27, 0x05, 0x7A, 0xCA, 0x94, 0x20, 0x11, 0x86, 0x14, 0xB7, 0xCA, 0x94, 0x8E, 0xC9, 0xE4, 0xB6,
    0xC8, 0x91, 0xF6, 0xC8, 0x93, 0xBD, 0x24, 0x3E, 0xB6, 0xC8, 0x1B, 0x27, 0x1C, 0x2D, 0x0E, 0xA6,
    0x25, 0x26, 0x06, 0x86, 0x3F, 0xA7, 0x25, 0x20, 0x10, 0x6A, 0x25, 0x20, 0x0C, 0xA6, 0x25, 0x81,
    0x3F, 0x26, 0x04, 0x6F, 0x25, 0x20, 0x02, 0x6C, 0x25, 0xB6, 0xC8, 0x14, 0x26, 0x06, 0x7F, 0xCA,
    0x77, 0x7E, 0x28, 0x76, 0xB6, 0xCA, 0x77, 0x81, 0x1E, 0x27, 0x03, 0x7C, 0xCA, 0x77, 0xE6, 0x25,
    0xB6, 0xC8, 0x87, 0xBD, 0xF6, 0x01, 0xFD, 0xC8, 0x9A, 0x4D, 0x2D, 0x17, 0xEC, 0x2D, 0xFB, 0xC8,
    0x9A, 0x89, 0x00, 0x4D, 0x2F, 0x09, 0x10, 0xB3, 0xC8, 0x89, 0x23, 0x03, 0xFC, 0xC8, 0x89, 0xED,
    0x2D, 0x20, 0x1B, 0xBD, 0xF5, 0x84, 0xB7, 0xC8, 0x9A, 0xEC, 0x2D, 0xF0, 0xC8, 0x9A, 0x82, 0x00,
    0x4D, 0x2C, 0x09, 0x10, 0xB3, 0xC8, 0x8B, 0x24, 0x03, 0xFC, 0xC8, 0x8B, 0xED, 0x2D, 0xF6, 0xC8,
    0x9B, 0x5D, 0x2D, 0x17, 0xEC, 0x2B, 0xFB, 0xC8, 0x9B, 0x89, 0x00, 0x4D, 0x2F, 0x09, 0x10, 0xB3,
    0xC8, 0x89, 0x23, 0x03, 0xFC, 0xC8, 0x89, 0xED, 0x2B, 0x20, 0x1B, 0xBD, 0xF5, 0x84, 0xF7, 0xC8,
    0x9B, 0xEC, 0x2B, 0xF0, 0xC8, 0x9B, 0x82, 0x00, 0x4D, 0x2C, 0x09, 0x10, 0xB3, 0xC8, 0x8B, 0x24,
    0x03, 0xFC, 0xC8, 0x8B, 0xED, 0x2B, 0xEC, 0x2B, 0x27, 0x17, 0x2D, 0x10, 0xB3, 0xC8, 0x83, 0x10,
    0xB3, 0xC8, 0x83, 0x2E, 0x03, 0xCC, 0x00, 0x00, 0xED, 0x2B, 0x20, 0x05, 0xF3, 0xC8, 0x83, 0xED,
    0x2B, 0xEC, 0x2D, 0x27, 0x17, 0x2D, 0x10, 0xB3, 0xC8, 0x83, 0x10, 0xB3, 0xC8, 0x83, 0x2E, 0x03,
    0xCC, 0x00, 0x00, 0xED, 0x2D, 0x20, 0x05, 0xF3, 0xC8, 0x83, 0xED, 0x2D, 0xBD, 0x2A, 0x04, 0xB6,
    0xC8, 0x81, 0x26, 0x01, 0x39, 0xB6, 0xCA, 0x6F, 0x27, 0x39, 0x81, 0xFF, 0x27, 0x34, 0x7C, 0xCA,
    0x6F, 0xB6, 0xCA, 0x6F, 0x81, 0x20, 0x26, 0x2A, 0x7F, 0xCA, 0x6F, 0x86, 0x01, 0xB7, 0xCA, 0x91,
    0x86, 0xFF, 0xB7, 0xCA, 0x92, 0x86, 0x40, 0xB7, 0xC9, 0x22, 0x86, 0x3F, 0xB7, 0xC9, 0x24, 0x7A,
    0xC8, 0x86, 0x2C, 0x0E, 0x86, 0xFF, 0xB7, 0xCA, 0x6F, 0x8E, 0xC8, 0xAD, 0xCE, 0xCB, 0xEB, 0xBD,
    0xF8, 0xD8, 0x39, 0x10, 0x8E, 0xC9, 0x21, 0xB6, 0xC8, 0x19, 0x26, 0x05, 0x7F, 0xCA, 0x95, 0x20,
    0x1B, 0xB6, 0xCA, 0x95, 0x27, 0x05, 0x7A, 0xCA, 0x95, 0x20, 0x11, 0x86, 0x14, 0xB7, 0xCA, 0x95,
    0x8E, 0xCA, 0x20, 0xB6, 0xC8, 0x92, 0xF6, 0xC8, 0x95, 0xBD, 0x24, 0x3E, 0xB6, 0xC8, 0x1D, 0x27,
    0x1C, 0x2D, 0x0E, 0xA6, 0x25, 0x26, 0x06, 0x86, 0x3F, 0xA7, 0x25, 0x20, 0x10, 0x6A, 0x25, 0x20,
    0x0C, 0xA6, 0x25, 0x81, 0x3F, 0x26, 0x04, 0x6F, 0x25, 0x20, 0x02, 0x6C, 0x25, 0xB6, 0xC8, 0x18,
    0x26, 0x06, 0x7F, 0xCA, 0x78, 0x7E, 0x29, 0xCA, 0xB6, 0xCA, 0x78, 0x81, 0x1E, 0x27, 0x03, 0x7C,
    0xCA, 0x78, 0xE6, 0x25, 0xB6, 0xC8, 0x88, 0xBD, 0xF6, 0x01, 0xFD, 0xC8, 0x9A, 0x4D, 0x2D, 0x17,
    0xEC, 0x2D, 0xFB, 0xC8, 0x9A, 0x89, 0x00, 0x4D, 0x2F, 0x09, 0x10, 0xB3, 0xC8, 0x8D, 0x23, 0x03,
    0xFC, 0xC8, 0x8D, 0xED, 0x2D, 0x20, 0x1B, 0xBD, 0xF5, 0x84, 0xB7, 0xC8, 0x9A, 0xEC, 0x2D, 0xF0,
    0xC8, 0x9A, 0x82, 0x00, 0x4D, 0x2C, 0x09, 0x10, 0xB3, 0xC8, 0x8F, 0x24, 0x03, 0xFC, 0xC8, 0x8F,
    0xED, 0x2D, 0xF6, 0xC8, 0x9B, 0x5D, 0x2D, 0x17, 0xEC, 0x2B, 0xFB, 0xC8, 0x9B, 0x89, 0x00, 0x4D,
    0x2F, 0x09, 0x10, 0xB3, 0xC8, 0x8D, 0x23, 0x03, 0xFC, 0xC8, 0x8D, 0xED, 0x2B, 0x20, 0x1B, 0xBD,
    0xF5, 0x84, 0xF7, 0xC8, 0x9B, 0xEC, 0x2B, 0xF0, 0xC8, 0x9B, 0x82, 0x00, 0x4D, 0x2C, 0x09, 0x10,
    0xB3, 0xC8, 0x8F, 0x24, 0x03, 0xFC, 0xC8, 0x8F, 0xED, 0x2B, 0xEC, 0x2B, 0x27, 0x17, 0x2D, 0x10,
    0xB3, 0xC8, 0x83, 0x10, 0xB3, 0xC8, 0x83, 0x2E, 0x03, 0xCC, 0x00, 0x00, 0xED, 0x2B, 0x20, 0x05,
    0xF3, 0xC8, 0x83, 0xED, 0x2B, 0xEC, 0x2D, 0x27, 0x17, 0x2D, 0x10, 0xB3, 0xC8, 0x83, 0x10, 0xB3,
    0xC8, 0x83, 0x2E, 0x03, 0xCC, 0x00, 0x00, 0xED, 0x2D, 0x20, 0x05, 0xF3, 0xC8, 0x83, 0xED, 0x2D,
    0xBD, 0x2A, 0x04, 0x39, 0x7F, 0xCA, 0x70, 0x7F, 0xC8, 0xDA, 0x7F, 0xC8, 0xDB, 0xA6, 0xA4, 0x10,
    0x27, 0x02, 0x76, 0xA6, 0x21, 0x4D, 0x2A, 0x07, 0x7A, 0xC8, 0xDA, 0x40, 0x28, 0x01, 0x4A, 0xE6,
    0x23, 0x5D, 0x2A, 0x07, 0x7A, 0xC8, 0xDB, 0x50, 0x28, 0x01, 0x5A, 0xB1, 0xC8, 0xD0, 0x2E, 0x45,
    0xF1, 0xC8, 0xD1, 0x2E, 0x40, 0xF7, 0xC8, 0x9A, 0xB1, 0xC8, 0x9A, 0x2E, 0x38, 0x7A, 0xCA, 0x70,
    0x86, 0x0F, 0xB7, 0xCA, 0x71, 0xB6, 0xC8, 0xD1, 0xC6, 0x00, 0xC3, 0x01, 0x00, 0xED, 0x23, 0x7D,
    0xC8, 0xDB, 0x27, 0x10, 0x86, 0x02, 0xB7, 0xCA, 0x88, 0xEC, 0x23, 0x43, 0x53, 0xC3, 0x00, 0x01,
    0xED, 0x23, 0x20, 0x05, 0x86, 0x02, 0xB7, 0xCA, 0x87, 0xEC, 0x2D, 0x43, 0x53, 0xC3, 0x00, 0x01,
    0xED, 0x2D, 0x7E, 0x2C, 0x89, 0xB1, 0xC8, 0xD2, 0x2E, 0x3D, 0xF1, 0xC8, 0xD3, 0x2E, 0x38, 0x7A,
    0xCA, 0x70, 0x86, 0x0F, 0xB7, 0xCA, 0x71, 0xB6, 0xC8, 0xD2, 0xC6, 0x00, 0xC3, 0x01, 0x00, 0xED,
    0x21, 0x7D, 0xC8, 0xDA, 0x27, 0x10, 0x86, 0x02, 0xB7, 0xCA, 0x89, 0xEC, 0x21, 0x43, 0x53, 0xC3,
    0x00, 0x01, 0xED, 0x21, 0x20, 0x05, 0x86, 0x02, 0xB7, 0xCA, 0x8A, 0xEC, 0x2B, 0x43, 0x53, 0xC3,
    0x00, 0x01, 0xED, 0x2B, 0x7E, 0x2C, 0x89, 0xF1, 0xC8, 0xD5, 0x2D, 0x38, 0x7A, 0xCA, 0x70, 0x86,
    0x0F, 0xB7, 0xCA, 0x71, 0xB6, 0xC8, 0xD5, 0xC6, 0x00, 0x83, 0x01, 0x00, 0xED, 0x23, 0x7D, 0xC8,
    0xDB, 0x27, 0x10, 0x86, 0x02, 0xB7, 0xCA, 0x80, 0xEC, 0x23, 0x43, 0x53, 0xC3, 0x00, 0x01, 0xED,
    0x23, 0x20, 0x05, 0x86, 0x02, 0xB7, 0xCA, 0x7F, 0xEC, 0x2D, 0x43, 0x53, 0xC3, 0x00, 0x01, 0xED,
    0x2D, 0x7E, 0x2C, 0x89, 0xB1, 0xC8, 0xD4, 0x2D, 0x38, 0x7A, 0xCA, 0x70, 0x86, 0x0F, 0xB7, 0xCA,
    0x71, 0xB6, 0xC8, 0xD4, 0xC6, 0x00, 0x83, 0x01, 0x00, 0xED, 0x21, 0x7D, 0xC8, 0xDA, 0x27, 0x10,
    0x86, 0x02, 0xB7, 0xCA, 0x81, 0xEC, 0x21, 0x43, 0x53, 0xC3, 0x00, 0x01, 0xED, 0x21, 0x20, 0x05,
    0x86, 0x02, 0xB7, 0xCA, 0x82, 0xEC, 0x2B, 0x43, 0x53, 0xC3, 0x00, 0x01, 0xED, 0x2B, 0x7E, 0x2C,
    0x89, 0xB1, 0xC8, 0xD6, 0x10, 0x2E, 0x00, 0x95, 0xF1, 0xC8, 0xD6, 0x10, 0x2E, 0x00, 0x8E, 0xF7,
    0xC8, 0x9A, 0xF6, 0xC8, 0xD7, 0xF0, 0xC8, 0x9A, 0xF7, 0xC8, 0x9C, 0xF6, 0xC8, 0x9A, 0xB1, 0xC8,
    0x9C, 0x2E, 0x7A, 0x7A, 0xCA, 0x70, 0x86, 0x0F, 0xB7, 0xCA, 0x71, 0xEC, 0x2B, 0xEE, 0x2D, 0xEF,
    0x2B, 0xED, 0x2D, 0xB6, 0xC8, 0xDA, 0x26, 0x08, 0xEC, 0x21, 0x8B, 0x01, 0xED, 0x21, 0x20, 0x06,
    0xEC, 0x21, 0x80, 0x01, 0xED, 0x21, 0xB6, 0xC8, 0xDB, 0x26, 0x08, 0xEC, 0x23, 0x8B, 0x01, 0xED,
    0x23, 0x20, 0x06, 0xEC, 0x23, 0x80, 0x01, 0xED, 0x23, 0x7D, 0xC8, 0xDA, 0x27, 0x07, 0x7D, 0xC8,
    0xDB, 0x27, 0x2A, 0x20, 0x07, 0x7D, 0xC8, 0xDB, 0x27, 0x09, 0x20, 0x29, 0x86, 0x02, 0xB7, 0xCA,
    0x8D, 0x20, 0x05, 0x86, 0x02, 0xB7, 0xCA, 0x8E, 0xEC, 0x2D, 0x43, 0x53, 0xC3, 0x00, 0x01, 0xED,
    0x2D, 0xEC, 0x2B, 0x43, 0x53, 0xC3, 0x00, 0x01, 0xED, 0x2B, 0x7E, 0x2C, 0x89, 0x86, 0x02, 0xB7,
    0xCA, 0x8B, 0x7E, 0x2C, 0x89, 0x86, 0x02, 0xB7, 0xCA, 0x8C, 0x7E, 0x2C, 0x89, 0xB1, 0xC8, 0xD8,
    0x10, 0x2D, 0x00, 0xB5, 0xF1, 0xC8, 0xD8, 0x10, 0x2D, 0x00, 0xAE, 0xB7, 0xC8, 0x9A, 0xF7, 0xC8,
    0x9C, 0xB0, 0xC8, 0xD8, 0xF0, 0xC8, 0xD8, 0xF7, 0xC8, 0x9E, 0xF6, 0xC8, 0xD9, 0xF0, 0xC8, 0x9E,
    0xF7, 0xC8, 0x9E, 0xB1, 0xC8, 0x9E, 0x10, 0x2D, 0x00, 0x8F, 0x7A, 0xCA, 0x70, 0x86, 0x0F, 0xB7,
    0xCA, 0x71, 0xB6, 0xC8, 0x9E, 0xBB, 0xC8, 0xD8, 0xC6, 0x00, 0xED, 0x21, 0x7D, 0xC8, 0xDA, 0x27,
    0x09, 0xEC, 0x21, 0x43, 0x53, 0xC3, 0x00, 0x01, 0xED, 0x21, 0xEC, 0x2B, 0xEE, 0x2D, 0xEF, 0x2B,
    0xED, 0x2D, 0xB6, 0xC8, 0xDA, 0x27, 0x08, 0xEC, 0x21, 0x8B, 0x01, 0xED, 0x21, 0x20, 0x06, 0xEC,
    0x21, 0x80, 0x01, 0xED, 0x21, 0xB6, 0xC8, 0xDB, 0x27, 0x08, 0xEC, 0x23, 0x8B, 0x01, 0xED, 0x23,
    0x20, 0x06, 0xEC, 0x23, 0x80, 0x01, 0xED, 0x23, 0x7D, 0xC8, 0xDA, 0x27, 0x07, 0x7D, 0xC8, 0xDB,
    0x27, 0x29, 0x20, 0x07, 0x7D, 0xC8, 0xDB, 0x27, 0x09, 0x20, 0x27, 0x86, 0x02, 0xB7, 0xCA, 0x85,
    0x20, 0x05, 0x86, 0x02, 0xB7, 0xCA, 0x86, 0xEC, 0x2D, 0x43, 0x53, 0xC3, 0x00, 0x01, 0xED, 0x2D,
    0xEC, 0x2B, 0x43, 0x53, 0xC3, 0x00, 0x01, 0xED, 0x2B, 0x20, 0x0E, 0x86, 0x02, 0xB7, 0xCA, 0x83,
    0x20, 0x07, 0x86, 0x02, 0xB7, 0xCA, 0x84, 0x20, 0x00, 0x39, 0x7F, 0xCA, 0x70, 0x7F, 0xC8, 0xDA,
    0x7F, 0xC8, 0xDB, 0xB6, 0xC8, 0x9C, 0x4D, 0x2A, 0x07, 0x7A, 0xC8, 0xDA, 0x40, 0x28, 0x01, 0x4A,
    0xF6, 0xC8, 0x9D, 0x5D, 0x2A, 0x07, 0x7A, 0xC8, 0xDB, 0x50, 0x28, 0x01, 0x5A, 0xB1, 0xC8, 0xD0,
    0x2E, 0x2A, 0xF1, 0xC8, 0xD1, 0x2E, 0x25, 0xF7, 0xC8, 0x9A, 0xB1, 0xC8, 0x9A, 0x2E, 0x1D, 0x7A,
    0xCA, 0x70, 0x86, 0x0F, 0xB7, 0xCA, 0x71, 0x7D, 0xC8, 0xDB, 0x27, 0x08, 0x86, 0x02, 0xB7, 0xCA,
    0x88, 0x7E, 0x2D, 0xFA, 0x86, 0x02, 0xB7, 0xCA, 0x87, 0x7E, 0x2D, 0xFA, 0xB1, 0xC8, 0xD2, 0x2E,
    0x22, 0xF1, 0xC8, 0xD3, 0x2E, 0x1D, 0x7A, 0xCA, 0x70, 0x86, 0x0F, 0xB7, 0xCA, 0x71, 0x7D, 0xC8,
    0xDA, 0x27, 0x08, 0x86, 0x02, 0xB7, 0xCA, 0x89, 0x7E, 0x2D, 0xFA, 0x86, 0x02, 0xB7, 0xCA, 0x8A,
    0x7E, 0x2D, 0xFA, 0xF1, 0xC8, 0xD5, 0x23, 0x1D, 0x7A, 0xCA, 0x70, 0x86, 0x0F, 0xB7, 0xCA, 0x71,
    0x7D, 0xC8, 0xDB, 0x27, 0x08, 0x86, 0x02, 0xB7, 0xCA, 0x80, 0x7E, 0x2D, 0xFA, 0x86, 0x02, 0xB7,
    0xCA, 0x7F, 0x7E, 0x2D, 0xFA, 0xB1, 0xC8, 0xD4, 0x2D, 0x1D, 0x7A, 0xCA, 0x70, 0x86, 0x0F, 0xB7,
    0xCA, 0x71, 0x7D, 0xC8, 0xDA, 0x27, 0x08, 0x86, 0x02, 0xB7, 0xCA, 0x81, 0x7E, 0x2D, 0xFA, 0x86,
    0x02, 0xB7, 0xCA, 0x82, 0x7E, 0x2D, 0xFA, 0xB1, 0xC8, 0xD6, 0x2E, 0x50, 0xF1, 0xC8, 0xD6, 0x2E,
    0x4B, 0xF7, 0xC8, 0x9A, 0xF6, 0xC8, 0xD7, 0xF0, 0xC8, 0x9A, 0xF7, 0xC8, 0x9C, 0xF6, 0xC8, 0x9A,
    0xB1, 0xC8, 0x9C, 0x2E, 0x37, 0x7A, 0xCA, 0x70, 0x86, 0x0F, 0xB7, 0xCA, 0x71, 0x7D, 0xC8, 0xDA,
    0x27, 0x07, 0x7D, 0xC8, 0xDB, 0x27, 0x17, 0x20, 0x07, 0x7D, 0xC8, 0xDB, 0x27, 0x09, 0x20, 0x15,
    0x86, 0x02, 0xB7, 0xCA, 0x8D, 0x20, 0x73, 0x86, 0x02, 0xB7, 0xCA, 0x8E, 0x20, 0x6C, 0x86, 0x02,
    0xB7, 0xCA, 0x8B, 0x20, 0x65, 0x86, 0x02, 0xB7, 0xCA, 0x8C, 0x20, 0x5E, 0xB1, 0xC8, 0xD8, 0x2D,
    0x59, 0xF1, 0xC8, 0xD8, 0x2D, 0x54, 0xB7, 0xC8, 0x9A, 0xF7, 0xC8, 0x9C, 0xB0, 0xC8, 0xD8, 0xF0,
    0xC8, 0xD8, 0xF7, 0xC8, 0x9E, 0xF6, 0xC8, 0xD9, 0xF0, 0xC8, 0x9E, 0xF7, 0xC8, 0x9E, 0xB1, 0xC8,
    0x9E, 0x2D, 0x37, 0x7A, 0xCA, 0x70, 0x86, 0x0F, 0xB7, 0xCA, 0x71, 0x7D, 0xC8, 0xDA, 0x27, 0x07,
    0x7D, 0xC8, 0xDB, 0x27, 0x17, 0x20, 0x07, 0x7D, 0xC8, 0xDB, 0x27, 0x09, 0x20, 0x15, 0x86, 0x02,
    0xB7, 0xCA, 0x85, 0x20, 0x15, 0x86, 0x02, 0xB7, 0xCA, 0x86, 0x20, 0x0E, 0x86, 0x02, 0xB7, 0xCA,
    0x83, 0x20, 0x07, 0x86, 0x02, 0xB7, 0xCA, 0x84, 0x20, 0x00, 0x39, 0xB6, 0xC9, 0x10, 0xB7, 0xC9,
    0x11, 0x10, 0x8E, 0xC9, 0x12, 0xA6, 0xA4, 0x27, 0x0C, 0xEC, 0x21, 0xE3, 0x2B, 0xED, 0x21, 0xEC,
    0x23, 0xE3, 0x2D, 0xED, 0x23, 0x7A, 0xC9, 0x11, 0x2B, 0x04, 0x31, 0x2F, 0x20, 0xE7, 0x39, 0x86,
    0x07, 0xB7, 0xC9, 0x11, 0x10, 0x8E, 0xC9, 0xE4, 0x6F, 0xA4, 0x7A, 0xC9, 0x11, 0x2B, 0x04, 0x31,
    0x2F, 0x20, 0xF5, 0x39, 0x86, 0x07, 0xB7, 0xC9, 0x11, 0x10, 0x8E, 0xC9, 0xE4, 0xA6, 0xA4, 0x27,
    0x0D, 0xA6, 0x23, 0xE6, 0x21, 0xBD, 0xF2, 0xFC, 0xBD, 0xF2, 0xC5, 0xBD, 0xF3, 0x54, 0x7A, 0xC9,
    0x11, 0x2B, 0x04, 0x31, 0x2F, 0x20, 0xE6, 0x39, 0x81, 0x00, 0x27, 0x1A, 0xB7, 0xC8, 0x9A, 0x86,
    0x40, 0xB0, 0xC8, 0x9A, 0xB7, 0xC8, 0x9A, 0xCC, 0x02, 0xBA, 0xCB, 0x10, 0x89, 0x00, 0x7A, 0xC8,
    0x9A, 0x26, 0xF7, 0x1F, 0x01, 0x39, 0x8E, 0x02, 0xBA, 0x39, 0xB6, 0xCA, 0x6E, 0x27, 0x12, 0x81,
    0xFF, 0x27, 0x33, 0xB7, 0xC8, 0x9A, 0xB6, 0xC9, 0x15, 0xF6, 0xC9, 0x13, 0xBD, 0x3C, 0xC4, 0x20,
    0x25, 0xB6, 0xCA, 0x8F, 0x27, 0x07, 0xB6, 0xCA, 0x90, 0x84, 0x04, 0x27, 0x19, 0xB6, 0xC9, 0x15,
    0xF6, 0xC9, 0x13, 0xBD, 0xF2, 0xFC, 0xB6, 0xC9, 0x17, 0xBD, 0x2E, 0x58, 0x86, 0x07, 0xC6, 0x10,
    0xBD, 0xF3, 0xB7, 0xBD, 0xF3, 0x54, 0xB6, 0xC8, 0x81, 0x27, 0x3B, 0xB6, 0xCA, 0x6F, 0x27, 0x11,
    0x81, 0xFF, 0x27, 0x32, 0xB7, 0xC8, 0x9A, 0xB6, 0xC9, 0x24, 0xF6, 0xC9, 0x22, 0xBD, 0x3C, 0xC4,
    0x39, 0xB6, 0xCA, 0x91, 0x27, 0x07, 0xB6, 0xCA, 0x92, 0x84, 0x04, 0x27, 0x19, 0xB6, 0xC9, 0x24,
    0xF6, 0xC9, 0x22, 0xBD, 0xF2, 0xFC, 0xB6, 0xC9, 0x26, 0xBD, 0x2E, 0x58, 0x86, 0x07, 0xC6, 0x10,
    0xBD, 0xF3, 0xB7, 0xBD, 0xF3, 0x54, 0x39, 0x86, 0x0B, 0xB7, 0xC9, 0x11, 0x10, 0x8E, 0xC9, 0x30,
    0xA6, 0xA4, 0x27, 0x13, 0xA6, 0x23, 0xE6, 0x21, 0xBD, 0xF2, 0xFC, 0xAE, 0x29, 0xA6, 0x28, 0xE6,
    0x27, 0xBD, 0xF3, 0xB7, 0xBD, 0xF3, 0x54, 0x7A, 0xC9, 0x11, 0x2B, 0x05, 0x31, 0x2F, 0x7E, 0x2F,
    0x00, 0x39, 0x86, 0x14, 0xB7, 0xCA, 0x5E, 0xB6, 0xC8, 0x85, 0x2F, 0x2B, 0x81, 0x06, 0x2D, 0x02,
    0x86, 0x06, 0xB7, 0xCA, 0x7E, 0x86, 0x08, 0xF6, 0xCA, 0x5E, 0xBD, 0xF2, 0xFC, 0x8E, 0x01, 0xC6,
    0x86, 0x07, 0xC6, 0x04, 0xBD, 0xF3, 0xB7, 0xBD, 0xF3, 0x54, 0xB6, 0xCA, 0x5E, 0x80, 0x08, 0xB7,
    0xCA, 0x5E, 0x7A, 0xCA, 0x7E, 0x26, 0xDE, 0xB6, 0xC8, 0x81, 0x27, 0x35, 0x86, 0x14, 0xB7, 0xCA,
    0x5E, 0xB6, 0xC8, 0x86, 0x2F, 0x2B, 0x81, 0x06, 0x2D, 0x02, 0x86, 0x06, 0xB7, 0xCA, 0x7E, 0x86,
    0xF8, 0xF6, 0xCA, 0x5E, 0xBD, 0xF2, 0xFC, 0x8E, 0x01, 0xC6, 0x86, 0x07, 0xC6, 0x04, 0xBD, 0xF3,
    0xB7, 0xBD, 0xF3, 0x54, 0xB6, 0xCA, 0x5E, 0x80, 0x08, 0xB7, 0xCA, 0x5E, 0x7A, 0xCA, 0x7E, 0x26,
    0xDE, 0x39, 0x86, 0x08, 0xB7, 0xC8, 0x9B, 0xB6, 0xC8, 0x9A, 0xC6, 0xCE, 0xBD, 0x34, 0xAC, 0xB6,
    0xC8, 0x9A, 0xC6, 0xDD, 0xBD, 0x34, 0x4D, 0xB6, 0xC8, 0x9A, 0xC6, 0xEC, 0xBD, 0x35, 0x65, 0xB6,
    0xC8, 0x9A, 0xC6, 0xFB, 0xBD, 0x34, 0x4D, 0xB6, 0xC8, 0x9A, 0xC6, 0x10, 0xBD, 0x34, 0xAC, 0xB6,
    0xC8, 0x80, 0x8B, 0x01, 0x81, 0x59, 0x10, 0x2E, 0x00, 0xAE, 0x81, 0x4F, 0x10, 0x2E, 0x00, 0x99,
    0x81, 0x45, 0x10, 0x2E, 0x00, 0x84, 0x81, 0x3B, 0x10, 0x2E, 0x00, 0x6F, 0x81, 0x31, 0x2E, 0x5C,
    0x81, 0x27, 0x2E, 0x49, 0x81, 0x1D, 0x2E, 0x36, 0x81, 0x13, 0x2E, 0x23, 0x81, 0x09, 0x2E, 0x10,
    0xB6, 0xC8, 0x9A, 0xC6, 0x30, 0xBD, 0x35, 0xA0, 0xB6, 0xC8, 0x80, 0x8B, 0x01, 0x16, 0x00, 0x87,
    0xB6, 0xC8, 0x9A, 0xC6, 0x30, 0xBD, 0x35, 0xB2, 0xB6, 0xC8, 0x80, 0x80, 0x09, 0x20, 0x78, 0xB6,
    0xC8, 0x9A, 0xC6, 0x30, 0xBD, 0x35, 0xC4, 0xB6, 0xC8, 0x80, 0x80, 0x13, 0x20, 0x69, 0xB6, 0xC8,
    0x9A, 0xC6, 0x30, 0xBD, 0x35, 0xD6, 0xB6, 0xC8, 0x80, 0x80, 0x1D, 0x20, 0x5A, 0xB6, 0xC8, 0x9A,
    0xC6, 0x30, 0xBD, 0x35, 0xE8, 0xB6, 0xC8, 0x80, 0x80, 0x27, 0x20, 0x4B, 0xB6, 0xC8, 0x9A, 0xC6,
    0x30, 0xBD, 0x35, 0xFA, 0xB6, 0xC8, 0x80, 0x80, 0x31, 0x20, 0x3C, 0xB6, 0xC8, 0x9A, 0xC6, 0x30,
    0xBD, 0x36, 0x0C, 0xB6, 0xC8, 0x80, 0x80, 0x3B, 0x20, 0x2D, 0xB6, 0xC8, 0x9A, 0xC6, 0x30, 0xBD,
    0x36, 0x1E, 0xB6, 0xC8, 0x80, 0x80, 0x45, 0x20, 0x1E, 0xB6, 0xC8, 0x9A, 0xC6, 0x30, 0xBD, 0x36,
    0x30, 0xB6, 0xC8, 0x80, 0x80, 0x4F, 0x20, 0x0F, 0xB6, 0xC8, 0x9A, 0xC6, 0x30, 0xBD, 0x36, 0x42,
    0xB6, 0xC8, 0x80, 0x80, 0x59, 0x20, 0x00, 0x81, 0x08, 0x2E, 0x71, 0x81, 0x07, 0x2E, 0x64, 0x81,
    0x06, 0x2E, 0x57, 0x81, 0x05, 0x2E, 0x4A, 0x81, 0x04, 0x2E, 0x3D, 0x81, 0x03, 0x2E, 0x30, 0x81,
    0x02, 0x2E, 0x23, 0x81, 0x01, 0x2E, 0x16, 0x81, 0x00, 0x2E, 0x09, 0xB6, 0xC8, 0x9A, 0xC6, 0x40,
    0xBD, 0x35, 0xA0, 0x39, 0xB6, 0xC8, 0x9A, 0xC6, 0x40, 0xBD, 0x35, 0xB2, 0x39, 0xB6, 0xC8, 0x9A,
    0xC6, 0x40, 0xBD, 0x35, 0xC4, 0x39, 0xB6, 0xC8, 0x9A, 0xC6, 0x40, 0xBD, 0x35, 0xD6, 0x39, 0xB6,
    0xC8, 0x9A, 0xC6, 0x40, 0xBD, 0x35, 0xE8, 0x39, 0xB6, 0xC8, 0x9A, 0xC6, 0x40, 0xBD, 0x35, 0xFA,
    0x39, 0xB6, 0xC8, 0x9A, 0xC6, 0x40, 0xBD, 0x36, 0x0C, 0x39, 0xB6, 0xC8, 0x9A, 0xC6, 0x40, 0xBD,
    0x36, 0x1E, 0x39, 0xB6, 0xC8, 0x9A, 0xC6, 0x40, 0xBD, 0x36, 0x30, 0x39, 0xB6, 0xC8, 0x9A, 0xC6,
    0x40, 0xBD, 0x36, 0x42, 0x39, 0xBF, 0xC9, 0x11, 0xFD, 0xC8, 0x9E, 0xBE, 0xC9, 0x11, 0xA6, 0x80,
    0xBF, 0xC9, 0x11, 0x81, 0x80, 0x10, 0x27, 0x01, 0x70, 0x91, 0x00, 0x10, 0x27, 0x01, 0x58, 0x81,
    0x30, 0x26, 0x09, 0xFC, 0xC8, 0x9E, 0xBD, 0x35, 0xA0, 0x7E, 0x32, 0x77, 0x81, 0x31, 0x26, 0x09,
    0xFC, 0xC8, 0x9E, 0xBD, 0x35, 0xB2, 0x7E, 0x32, 0x77, 0x81, 0x32, 0x26, 0x09, 0xFC, 0xC8, 0x9E,
    0xBD, 0x35, 0xC4, 0x7E, 0x32, 0x77, 0x81, 0x33, 0x26, 0x09, 0xFC, 0xC8, 0x9E, 0xBD, 0x35, 0xD6,
    0x7E, 0x32, 0x77, 0x81, 0x34, 0x26, 0x09, 0xFC, 0xC8, 0x9E, 0xBD, 0x35, 0xE8, 0x7E, 0x32, 0x77,
    0x81, 0x35, 0x26, 0x09, 0xFC, 0xC8, 0x9E, 0xBD, 0x35, 0xFA, 0x7E, 0x32, 0x77, 0x81, 0x36, 0x26,
    0x09, 0xFC, 0xC8, 0x9E, 0xBD, 0x36, 0x0C, 0x7E, 0x32, 0x77, 0x81, 0x37, 0x26, 0x09, 0xFC, 0xC8,
    0x9E, 0xBD, 0x36, 0x1E, 0x7E, 0x32, 0x77, 0x81, 0x38, 0x26, 0x09, 0xFC, 0xC8, 0x9E, 0xBD, 0x36,
    0x30, 0x7E, 0x32, 0x77, 0x81, 0x39, 0x26, 0x09, 0xFC, 0xC8, 0x9E, 0xBD, 0x36, 0x42, 0x7E, 0x32,
    0x77, 0x91, 0x00, 0x26, 0x09, 0xFC, 0xC8, 0x9E, 0xBD, 0x34, 0x17, 0x7E, 0x32, 0x77, 0x91, 0x00,
    0x26, 0x09, 0xFC, 0xC8, 0x9E, 0xBD, 0x34, 0x29, 0x7E, 0x32, 0x77, 0x91, 0x00, 0x26, 0x09, 0xFC,
    0xC8, 0x9E, 0xBD, 0x34, 0x3B, 0x7E, 0x32, 0x77, 0x91, 0x00, 0x26, 0x09, 0xFC, 0xC8, 0x9E, 0xBD,
    0x34, 0x4D, 0x7E, 0x32, 0x77, 0x91, 0x00, 0x26, 0x09, 0xFC, 0xC8, 0x9E, 0xBD, 0x34, 0x5F, 0x7E,
    0x32, 0x77, 0x91, 0x00, 0x26, 0x09, 0xFC, 0xC8, 0x9E, 0xBD, 0x34, 0x71, 0x7E, 0x32, 0x77, 0x91,
    0x00, 0x26, 0x09, 0xFC, 0xC8, 0x9E, 0xBD, 0x34, 0x9A, 0x7E, 0x32, 0x77, 0x91, 0x00, 0x26, 0x09,
    0xFC, 0xC8, 0x9E, 0xBD, 0x34, 0xAC, 0x7E, 0x32, 0x77, 0x91, 0x00, 0x26, 0x09, 0xFC, 0xC8, 0x9E,
    0xBD, 0x34, 0xBE, 0x7E, 0x32, 0x77, 0x91, 0x00, 0x26, 0x09, 0xFC, 0xC8, 0x9E, 0xBD, 0x34, 0xE2,
    0x7E, 0x32, 0x77, 0x91, 0x00, 0x26, 0x08, 0xFC, 0xC8, 0x9E, 0xBD, 0x34, 0xF4, 0x20, 0x48, 0x91,
    0x00, 0x26, 0x08, 0xFC, 0xC8, 0x9E, 0xBD, 0x35, 0x06, 0x20, 0x3C, 0x91, 0x00, 0x26, 0x08, 0xFC,
    0xC8, 0x9E, 0xBD, 0x35, 0x18, 0x20, 0x30, 0x91, 0x00, 0x26, 0x08, 0xFC, 0xC8, 0x9E, 0xBD, 0x35,
    0x2A, 0x20, 0x24, 0x91, 0x00, 0x26, 0x08, 0xFC, 0xC8, 0x9E, 0xBD, 0x35, 0x53, 0x20, 0x18, 0x91,
    0x00, 0x26, 0x08, 0xFC, 0xC8, 0x9E, 0xBD, 0x35, 0x65, 0x20, 0x0C, 0x91, 0x00, 0x26, 0x08, 0xFC,
    0xC8, 0x9E, 0xBD, 0x35, 0x77, 0x20, 0x00, 0xB6, 0xC8, 0x9F, 0xBB, 0xC8, 0x9B, 0xBB, 0xC8, 0x9B,
    0xBB, 0xC8, 0x9B, 0xB7, 0xC8, 0x9F, 0x7E, 0x31, 0x0B, 0x39, 0x86, 0x2F, 0xC6, 0x92, 0xBD, 0x36,
    0xD2, 0x86, 0x2F, 0xC6, 0xC9, 0xBD, 0x36, 0xAE, 0x86, 0x2F, 0xC6, 0x00, 0xBD, 0x36, 0x9C, 0x86,
    0x2F, 0xC6, 0x37, 0xBD, 0x36, 0xC0, 0x86, 0xF9, 0xC6, 0x92, 0xBD, 0x36, 0x54, 0x86, 0xF9, 0xC6,
    0xC9, 0xBD, 0x36, 0x66, 0x86, 0xF9, 0xC6, 0x37, 0xBD, 0x36, 0x8A, 0x86, 0xF9, 0xC6, 0x6E, 0xBD,
    0x36, 0x9C, 0x39, 0x86, 0x04, 0xB7, 0xC8, 0x9B, 0x86, 0xBA, 0xC6, 0xD8, 0xBD, 0x35, 0xB2, 0x86,
    0xBA, 0xC6, 0xEC, 0xBD, 0x34, 0xF4, 0x86, 0xBA, 0xC6, 0xF6, 0xBD, 0x34, 0xAC, 0x86, 0xBA, 0xC6,
    0x00, 0xBD, 0x34, 0x17, 0x86, 0xBA, 0xC6, 0x0A, 0xBD, 0x35, 0x77, 0x86, 0xBA, 0xC6, 0x14, 0xBD,
    0x34, 0x4D, 0x86, 0xBA, 0xC6, 0x1E, 0xBD, 0x35, 0x06, 0x39, 0x86, 0x04, 0xB7, 0xC8, 0x9B, 0x86,
    0xBA, 0xC6, 0xD8, 0xBD, 0x35, 0xC4, 0x86, 0xBA, 0xC6, 0xEC, 0xBD, 0x34, 0xF4, 0x86, 0xBA, 0xC6,
    0xF6, 0xBD, 0x34, 0xAC, 0x86, 0xBA, 0xC6, 0x00, 0xBD, 0x34, 0x17, 0x86, 0xBA, 0xC6, 0x0A, 0xBD,
    0x35, 0x77, 0x86, 0xBA, 0xC6, 0x14, 0xBD, 0x34, 0x4D, 0x86, 0xBA, 0xC6, 0x1E, 0xBD, 0x35, 0x06,
    0x86, 0xBA, 0xC6, 0x28, 0xBD, 0x35, 0x18, 0x39, 0x86, 0x02, 0xB7, 0xC8, 0x9B, 0x86, 0xD1, 0xC6,
    0xBA, 0xBD, 0x34, 0x3B, 0x86, 0xD1, 0xC6, 0xC4, 0xBD, 0x34, 0xE2, 0x86, 0xD1, 0xC6, 0xCE, 0xBD,
    0x34, 0xF4, 0x86, 0xD1, 0xC6, 0xD8, 0xBD, 0x35, 0x77, 0x86, 0xD1, 0xC6, 0xE2, 0xBD, 0x35, 0x06,
    0x86, 0xD1, 0xC6, 0xEC, 0xBD, 0x34, 0x9A, 0x86, 0xD1, 0xC6, 0xF6, 0xBD, 0x34, 0x5F, 0x86, 0xD1,
    0xC6, 0x00, 0xBD, 0x34, 0x71, 0x86, 0xD1, 0xC6, 0x0A, 0xBD, 0x35, 0x2A, 0x86, 0xD1, 0xC6, 0x1E,
    0xBD, 0x35, 0xB2, 0x86, 0xD1, 0xC6, 0x28, 0xBD, 0x36, 0x42, 0x86, 0xD1, 0xC6, 0x32, 0xBD, 0x36,
    0x42, 0x86, 0xD1, 0xC6, 0x3C, 0xBD, 0x36, 0x30, 0x86, 0xBD, 0xC6, 0x9C, 0xBD, 0x34, 0x3B, 0x86,
    0xBD, 0xC6, 0xA6, 0xBD, 0x34, 0x71, 0x86, 0xBD, 0xC6, 0xB0, 0xBD, 0x35, 0x06, 0x86, 0xBD, 0xC6,
    0xBA, 0xBD, 0x34, 0x9A, 0x86, 0xBD, 0xC6, 0xC4, 0xBD, 0x35, 0x18, 0x86, 0xBD, 0xC6, 0xCE, 0xBD,
    0x35, 0x2A, 0x86, 0xBD, 0xC6, 0xD8, 0xBD, 0x34, 0xE2, 0x86, 0xBD, 0xC6, 0xE2, 0xBD, 0x34, 0xF4,
    0x86, 0xBD, 0xC6, 0xEC, 0xBD, 0x34, 0x71, 0x86, 0xBD, 0xC6, 0xF6, 0xBD, 0x34, 0x4D, 0x86, 0xBD,
    0xC6, 0x00, 0xBD, 0x35, 0x06, 0x86, 0xBD, 0xC6, 0x14, 0xBD, 0x34, 0xAC, 0x86, 0xBD, 0xC6, 0x28,
    0xBD, 0x35, 0x2A, 0x86, 0xBD, 0xC6, 0x32, 0xBD, 0x35, 0x53, 0x86, 0xBD, 0xC6, 0x3C, 0xBD, 0x34,
    0xBE, 0x86, 0xBD, 0xC6, 0x46, 0xBD, 0x34, 0x29, 0x86, 0xBD, 0xC6, 0x50, 0xBD, 0x34, 0x4D, 0x86,
    0xBD, 0xC6, 0x5A, 0xBD, 0x35, 0x06, 0x39, 0xBD, 0xF2, 0xFC, 0x8E, 0x00, 0xEA, 0x86, 0x05, 0xF6,
    0xC8, 0x9B, 0xBD, 0xF3, 0xB7, 0xBD, 0xF3, 0x54, 0x39, 0xBD, 0xF2, 0xFC, 0x8E, 0x00, 0xF6, 0x86,
    0x06, 0xF6, 0xC8, 0x9B, 0xBD, 0xF3, 0xB7, 0xBD, 0xF3, 0x54, 0x39, 0xBD, 0xF2, 0xFC, 0x8E, 0x01,
    0x04, 0x86, 0x03, 0xF6, 0xC8, 0x9B, 0xBD, 0xF3, 0xB7, 0xBD, 0xF3, 0x54, 0x39, 0xBD, 0xF2, 0xFC,
    0x8E, 0x01, 0x0C, 0x86, 0x06, 0xF6, 0xC8, 0x9B, 0xBD, 0xF3, 0xB7, 0xBD, 0xF3, 0x54, 0x39, 0xBD,
    0xF2, 0xFC, 0x8E, 0x01, 0x1A, 0x86, 0x05, 0xF6, 0xC8, 0x9B, 0xBD, 0xF3, 0xB7, 0xBD, 0xF3, 0x54,
    0x39, 0xFD, 0xC8, 0x9C, 0xBD, 0xF2, 0xFC, 0x8E, 0x01, 0x26, 0x86, 0x04, 0xF6, 0xC8, 0x9B, 0xBD,
    0xF3, 0xB7, 0xBD, 0xF3, 0x54, 0xFC, 0xC8, 0x9C, 0xBD, 0xF2, 0xFC, 0x8E, 0x01, 0x30, 0x86, 0x01,
    0xF6, 0xC8, 0x9B, 0xBD, 0xF3, 0xB7, 0xBD, 0xF3, 0x54, 0x39, 0xBD, 0xF2, 0xFC, 0x8E, 0x01, 0x34,
    0x86, 0x01, 0xF6, 0xC8, 0x9B, 0xBD, 0xF3, 0xB7, 0xBD, 0xF3, 0x54, 0x39, 0xBD, 0xF2, 0xFC, 0x8E,
    0x01, 0x38, 0x86, 0x02, 0xF6, 0xC8, 0x9B, 0xBD, 0xF3, 0xB7, 0xBD, 0xF3, 0x54, 0x39, 0xBD, 0xF2,
    0xFC, 0x8E, 0x01, 0x3E, 0x86, 0x04, 0xF6, 0xC8, 0x9B, 0xBD, 0xF3, 0xB7, 0xBD, 0xF3, 0x54, 0x39,
    0xBD, 0xF2, 0xFC, 0x8E, 0x01, 0x48, 0x86, 0x03, 0xF6, 0xC8, 0x9B, 0xBD, 0xF3, 0xB7, 0xBD, 0xF3,
    0x54, 0x39, 0xBD, 0xF2, 0xFC, 0x8E, 0x01, 0x50, 0x86, 0x04, 0xF6, 0xC8, 0x9B, 0xBD, 0xF3, 0xB7,
    0xBD, 0xF3, 0x54, 0x39, 0xBD, 0xF2, 0xFC, 0x8E, 0x01, 0x5A, 0x86, 0x04, 0xF6, 0xC8, 0x9B, 0xBD,
    0xF3, 0xB7, 0xBD, 0xF3, 0x54, 0x39, 0xBD, 0xF2, 0xFC, 0x8E, 0x01, 0x64, 0x86, 0x05, 0xF6, 0xC8,
    0x9B, 0xBD, 0xF3, 0xB7, 0xBD, 0xF3, 0x54, 0x39, 0xBD, 0xF2, 0xFC, 0x8E, 0x01, 0x70, 0x86, 0x05,
    0xF6, 0xC8, 0x9B, 0xBD, 0xF3, 0xB7, 0xBD, 0xF3, 0x54, 0x39, 0xFD, 0xC8, 0x9C, 0xBD, 0xF2, 0xFC,
    0x8E, 0x01, 0x7C, 0x86, 0x01, 0xF6, 0xC8, 0x9B, 0xBD, 0xF3, 0xB7, 0xBD, 0xF3, 0x54, 0xFC, 0xC8,
    0x9C, 0xBD, 0xF2, 0xFC, 0x8E, 0x01, 0x80, 0x86, 0x01, 0xF6, 0xC8, 0x9B, 0xBD, 0xF3, 0xB7, 0xBD,
    0xF3, 0x54, 0x39, 0xBD, 0xF2, 0xFC, 0x8E, 0x01, 0x84, 0x86, 0x03, 0xF6, 0xC8, 0x9B, 0xBD, 0xF3,
    0xB7, 0xBD, 0xF3, 0x54, 0x39, 0xBD, 0xF2, 0xFC, 0x8E, 0x01, 0x8C, 0x86, 0x02, 0xF6, 0xC8, 0x9B,
    0xBD, 0xF3, 0xB7, 0xBD, 0xF3, 0x54, 0x39, 0xFD, 0xC8, 0x9C, 0xBD, 0xF2, 0xFC, 0x8E, 0x01, 0x92,
    0x86, 0x01, 0xF6, 0xC8, 0x9B, 0xBD, 0xF3, 0xB7, 0xBD, 0xF3, 0x54, 0xFC, 0xC8, 0x9C, 0xBD, 0xF2,
    0xFC, 0x8E, 0x01, 0x96, 0x86, 0x01, 0xF6, 0xC8, 0x9B, 0xBD, 0xF3, 0xB7, 0xBD, 0xF3, 0x54, 0x39,
    0xBD, 0xF2, 0xFC, 0x8E, 0x02, 0x52, 0x86, 0x04, 0xF6, 0xC8, 0x9B, 0xBD, 0xF3, 0xB7, 0xBD, 0xF3,
    0x54, 0x39, 0xBD, 0xF2, 0xFC, 0x8E, 0x02, 0x5C, 0x86, 0x01, 0xF6, 0xC8, 0x9B, 0xBD, 0xF3, 0xB7,
    0xBD, 0xF3, 0x54, 0x39, 0xBD, 0xF2, 0xFC, 0x8E, 0x02, 0x60, 0x86, 0x05, 0xF6, 0xC8, 0x9B, 0xBD,
    0xF3, 0xB7, 0xBD, 0xF3, 0x54, 0x39, 0xBD, 0xF2, 0xFC, 0x8E, 0x02, 0x6C, 0x86, 0x06, 0xF6, 0xC8,
    0x9B, 0xBD, 0xF3, 0xB7, 0xBD, 0xF3, 0x54, 0x39, 0xBD, 0xF2, 0xFC, 0x8E, 0x02, 0x7A, 0x86, 0x04,
    0xF6, 0xC8, 0x9B, 0xBD, 0xF3, 0xB7, 0xBD, 0xF3, 0x54, 0x39, 0xBD, 0xF2, 0xFC, 0x8E, 0x02, 0x84,
    0x86, 0x05, 0xF6, 0xC8, 0x9B, 0xBD, 0xF3, 0xB7, 0xBD, 0xF3, 0x54, 0x39, 0xBD, 0xF2, 0xFC, 0x8E,
    0x02, 0x90, 0x86, 0x05, 0xF6, 0xC8, 0x9B, 0xBD, 0xF3, 0xB7, 0xBD, 0xF3, 0x54, 0x39, 0xBD, 0xF2,
    0xFC, 0x8E, 0x02, 0x9C, 0x86, 0x02, 0xF6, 0xC8, 0x9B, 0xBD, 0xF3, 0xB7, 0xBD, 0xF3, 0x54, 0x39,
    0xBD, 0xF2, 0xFC, 0x8E, 0x02, 0xA2, 0x86, 0x06, 0xF6, 0xC8, 0x9B, 0xBD, 0xF3, 0xB7, 0xBD, 0xF3,
    0x54, 0x39, 0xBD, 0xF2, 0xFC, 0x8E, 0x02, 0xB0, 0x86, 0x04, 0xF6, 0xC8, 0x9B, 0xBD, 0xF3, 0xB7,
    0xBD, 0xF3, 0x54, 0x39, 0xBD, 0xF2, 0xFC, 0x8E, 0x01, 0x9A, 0x86, 0x08, 0xF6, 0xC8, 0x9A, 0xBD,
    0xF3, 0xB7, 0xBD, 0xF3, 0x54, 0x39, 0xBD, 0xF2, 0xFC, 0x8E, 0x01, 0xAC, 0x86, 0x0C, 0xF6, 0xC8,
    0x9A, 0xBD, 0xF3, 0xB7, 0xBD, 0xF3, 0x54, 0x39, 0xBD, 0xF2, 0xFC, 0x8E, 0x01, 0xC6, 0x86, 0x07,
    0xF6, 0xC8, 0x9A, 0xBD, 0xF3, 0xB7, 0xBD, 0xF3, 0x54, 0x39, 0xBD, 0xF2, 0xFC, 0x8E, 0x01, 0xD6,
    0x86, 0x0C, 0xF6, 0xC8, 0x9A, 0xBD, 0xF3, 0xB7, 0xBD, 0xF3, 0x54, 0x39, 0xBD, 0xF2, 0xFC, 0x8E,
    0x01, 0xF0, 0x86, 0x0C, 0xF6, 0xC8, 0x9A, 0xBD, 0xF3, 0xB7, 0xBD, 0xF3, 0x54, 0x39, 0xBD, 0xF2,
    0xFC, 0x8E, 0x02, 0x1E, 0x86, 0x0C, 0xF6, 0xC8, 0x9A, 0xBD, 0xF3, 0xB7, 0xBD, 0xF3, 0x54, 0x39,
    0xBD, 0xF2, 0xFC, 0x8E, 0x02, 0x38, 0x86, 0x0C, 0xF6, 0xC8, 0x9A, 0xBD, 0xF3, 0xB7, 0xBD, 0xF3,
    0x54, 0x39, 0xFD, 0xC8, 0x9C, 0xBD, 0xF2, 0xFC, 0x8E, 0x02, 0x0A, 0x86, 0x04, 0xF6, 0xC8, 0x9A,
    0xBD, 0xF3, 0xB7, 0xBD, 0xF3, 0x54, 0xFC, 0xC8, 0x9C, 0xBD, 0xF2, 0xFC, 0x8E, 0x02, 0x14, 0x86,
    0x04, 0xF6, 0xC8, 0x9A, 0xBD, 0xF3, 0xB7, 0xBD, 0xF3, 0x54, 0x39, 0xB6, 0xCA, 0x7F, 0x27, 0x16,
    0x7A, 0xCA, 0x7F, 0xCC, 0x7F, 0x80, 0xBD, 0xF2, 0xFC, 0x8E, 0x00, 0xCC, 0x86, 0x02, 0xC6, 0x80,
    0xBD, 0xF3, 0xB7, 0xBD, 0xF3, 0x54, 0xB6, 0xCA, 0x80, 0x27, 0x16, 0x7A, 0xCA, 0x80, 0xCC, 0x80,
    0x80, 0xBD, 0xF2, 0xFC, 0x8E, 0x00, 0xCC, 0x86, 0x02, 0xC6, 0x80, 0xBD, 0xF3, 0xB7, 0xBD, 0xF3,
    0x54, 0xB6, 0xCA, 0x81, 0x27, 0x16, 0x7A, 0xCA, 0x81, 0xCC, 0x80, 0x80, 0xBD, 0xF2, 0xFC, 0x8E,
    0x00, 0xC6, 0x86, 0x02, 0xC6, 0x80, 0xBD, 0xF3, 0xB7, 0xBD, 0xF3, 0x54, 0xB6, 0xCA, 0x82, 0x27,
    0x16, 0x7A, 0xCA, 0x82, 0xCC, 0x80, 0x7F, 0xBD, 0xF2, 0xFC, 0x8E, 0x00, 0xC6, 0x86, 0x02, 0xC6,
    0x80, 0xBD, 0xF3, 0xB7, 0xBD, 0xF3, 0x54, 0x39, 0xB6, 0xCA, 0x7F, 0x27, 0x1A, 0x7A, 0xCA, 0x7F,
    0xCC, 0x7F, 0xC0, 0xBD, 0xF2, 0xFC, 0x86, 0x7F, 0xB7, 0xD0, 0x04, 0x7F, 0xC8, 0x23, 0xCC, 0x00,
    0x7F, 0xBD, 0xF3, 0xDF, 0xBD, 0xF3, 0x54, 0xB6, 0xCA, 0x80, 0x27, 0x1A, 0x7A, 0xCA, 0x80, 0xCC,
    0x80, 0xC0, 0xBD, 0xF2, 0xFC, 0x86, 0x7F, 0xB7, 0xD0, 0x04, 0x7F, 0xC8, 0x23, 0xCC, 0x00, 0x7F,
    0xBD, 0xF3, 0xDF, 0xBD, 0xF3, 0x54, 0xB6, 0xCA, 0x81, 0x27, 0x1A, 0x7A, 0xCA, 0x81, 0xCC, 0xC0,
    0x80, 0xBD, 0xF2, 0xFC, 0x86, 0x7F, 0xB7, 0xD0, 0x04, 0x7F, 0xC8, 0x23, 0xCC, 0x7F, 0x00, 0xBD,
    0xF3, 0xDF, 0xBD, 0xF3, 0x54, 0xB6, 0xCA, 0x82, 0x27, 0x1A, 0x7A, 0xCA, 0x82, 0xCC, 0xC0, 0x7F,
    0xBD, 0xF2, 0xFC, 0x86, 0x7F, 0xB7, 0xD0, 0x04, 0x7F, 0xC8, 0x23, 0xCC, 0x7F, 0x00, 0xBD, 0xF3,
    0xDF, 0xBD, 0xF3, 0x54, 0xB6, 0xCA, 0x83, 0x27, 0x1A, 0x7A, 0xCA, 0x83, 0xCC, 0x40, 0x80, 0xBD,
    0xF2, 0xFC, 0x86, 0x3F, 0xB7, 0xD0, 0x04, 0x7F, 0xC8, 0x23, 0xCC, 0x7F, 0x7F, 0xBD, 0xF3, 0xDF,
    0xBD, 0xF3, 0x54, 0xB6, 0xCA, 0x84, 0x27, 0x1A, 0x7A, 0xCA, 0x84, 0xCC, 0x80, 0x40, 0xBD, 0xF2,
    0xFC, 0x86, 0x3F, 0xB7, 0xD0, 0x04, 0x7F, 0xC8, 0x23, 0xCC, 0x7F, 0x7F, 0xBD, 0xF3, 0xDF, 0xBD,
    0xF3, 0x54, 0xB6, 0xCA, 0x85, 0x27, 0x1A, 0x7A, 0xCA, 0x85, 0xCC, 0xC0, 0x80, 0xBD, 0xF2, 0xFC,
    0x86, 0x3F, 0xB7, 0xD0, 0x04, 0x7F, 0xC8, 0x23, 0xCC, 0x81, 0x7F, 0xBD, 0xF3, 0xDF, 0xBD, 0xF3,
    0x54, 0xB6, 0xCA, 0x86, 0x27, 0x1A, 0x7A, 0xCA, 0x86, 0xCC, 0x7F, 0x40, 0xBD, 0xF2, 0xFC, 0x86,
    0x3F, 0xB7, 0xD0, 0x04, 0x7F, 0xC8, 0x23, 0xCC, 0x81, 0x7F, 0xBD, 0xF3, 0xDF, 0xBD, 0xF3, 0x54,
    0x39, 0xB6, 0xCA, 0x83, 0x27, 0x1A, 0x7A, 0xCA, 0x83, 0xCC, 0x00, 0x80, 0xBD, 0xF2, 0xFC, 0x86,
    0x7F, 0xB7, 0xD0, 0x04, 0x7F, 0xC8, 0x23, 0xCC, 0x7F, 0x7F, 0xBD, 0xF3, 0xDF, 0xBD, 0xF3, 0x54,
    0xB6, 0xCA, 0x84, 0x27, 0x1A, 0x7A, 0xCA, 0x84, 0xCC, 0x80, 0x00, 0xBD, 0xF2, 0xFC, 0x86, 0x7F,
    0xB7, 0xD0, 0x04, 0x7F, 0xC8, 0x23, 0xCC, 0x7F, 0x7F, 0xBD, 0xF3, 0xDF, 0xBD, 0xF3, 0x54, 0xB6,
    0xCA, 0x85, 0x27, 0x1A, 0x7A, 0xCA, 0x85, 0xCC, 0x00, 0x80, 0xBD, 0xF2, 0xFC, 0x86, 0x7F, 0xB7,
    0xD0, 0x04, 0x7F, 0xC8, 0x23, 0xCC, 0x81, 0x7F, 0xBD, 0xF3, 0xDF, 0xBD, 0xF3, 0x54, 0xB6, 0xCA,
    0x86, 0x27, 0x1A, 0x7A, 0xCA, 0x86, 0xCC, 0x7F, 0x00, 0xBD, 0xF2, 0xFC, 0x86, 0x7F, 0xB7, 0xD0,
    0x04, 0x7F, 0xC8, 0x23, 0xCC, 0x81, 0x7F, 0xBD, 0xF3, 0xDF, 0xBD, 0xF3, 0x54, 0x39, 0xB6, 0xCA,
    0x87, 0x27, 0x1A, 0x7A, 0xCA, 0x87, 0xCC, 0x41, 0xE0, 0xBD, 0xF2, 0xFC, 0x86, 0x40, 0xB7, 0xD0,
    0x04, 0x7F, 0xC8, 0x23, 0xCC, 0x00, 0x7F, 0xBD, 0xF3, 0xDF, 0xBD, 0xF3, 0x54, 0xB6, 0xCA, 0x88,
    0x27, 0x1A, 0x7A, 0xCA, 0x88, 0xCC, 0xC0, 0xE0, 0xBD, 0xF2, 0xFC, 0x86, 0x40, 0xB7, 0xD0, 0x04,
    0x7F, 0xC8, 0x23, 0xCC, 0x00, 0x7F, 0xBD, 0xF3, 0xDF, 0xBD, 0xF3, 0x54, 0xB6, 0xCA, 0x89, 0x27,
    0x1A, 0x7A, 0xCA, 0x89, 0xCC, 0xE0, 0xC0, 0xBD, 0xF2, 0xFC, 0x86, 0x40, 0xB7, 0xD0, 0x04, 0x7F,
    0xC8, 0x23, 0xCC, 0x7F, 0x00, 0xBD, 0xF3, 0xDF, 0xBD, 0xF3, 0x54, 0xB6, 0xCA, 0x8A, 0x27, 0x1A,
    0x7A, 0xCA, 0x8A, 0xCC, 0xE0, 0x41, 0xBD, 0xF2, 0xFC, 0x86, 0x40, 0xB7, 0xD0, 0x04, 0x7F, 0xC8,
    0x23, 0xCC, 0x7F, 0x00, 0xBD, 0xF3, 0xDF, 0xBD, 0xF3, 0x54, 0xB6, 0xCA, 0x8B, 0x27, 0x1A, 0x7A,
    0xCA, 0x8B, 0xCC, 0x21, 0xC0, 0xBD, 0xF2, 0xFC, 0x86, 0x1F, 0xB7, 0xD0, 0x04, 0x7F, 0xC8, 0x23,
    0xCC, 0x7F, 0x7F, 0xBD, 0xF3, 0xDF, 0xBD, 0xF3, 0x54, 0xB6, 0xCA, 0x8C, 0x27, 0x1A, 0x7A, 0xCA,
    0x8C, 0xCC, 0xC0, 0x21, 0xBD, 0xF2, 0xFC, 0x86, 0x1F, 0xB7, 0xD0, 0x04, 0x7F, 0xC8, 0x23, 0xCC,
    0x7F, 0x7F, 0xBD, 0xF3, 0xDF, 0xBD, 0xF3, 0x54, 0xB6, 0xCA, 0x8D, 0x27, 0x1A, 0x7A, 0xCA, 0x8D,
    0xCC, 0xE0, 0xC0, 0xBD, 0xF2, 0xFC, 0x86, 0x1F, 0xB7, 0xD0, 0x04, 0x7F, 0xC8, 0x23, 0xCC, 0x81,
    0x7F, 0xBD, 0xF3, 0xDF, 0xBD, 0xF3, 0x54, 0xB6, 0xCA, 0x8E, 0x27, 0x1A, 0x7A, 0xCA, 0x8E, 0xCC,
    0x41, 0x21, 0xBD, 0xF2, 0xFC, 0x86, 0x1F, 0xB7, 0xD0, 0x04, 0x7F, 0xC8, 0x23, 0xCC, 0x81, 0x7F,
    0xBD, 0xF3, 0xDF, 0xBD, 0xF3, 0x54, 0x39, 0xB6, 0xCA, 0x87, 0x27, 0x1A, 0x7A, 0xCA, 0x87, 0xCC,
    0x23, 0xF1, 0xBD, 0xF2, 0xFC, 0x86, 0x20, 0xB7, 0xD0, 0x04, 0x7F, 0xC8, 0x23, 0xCC, 0x00, 0x7F,
    0xBD, 0xF3, 0xDF, 0xBD, 0xF3, 0x54, 0xB6, 0xCA, 0x88, 0x27, 0x1A, 0x7A, 0xCA, 0x88, 0xCC, 0xDF,
    0xF1, 0xBD, 0xF2, 0xFC, 0x86, 0x20, 0xB7, 0xD0, 0x04, 0x7F, 0xC8, 0x23, 0xCC, 0x00, 0x7F, 0xBD,
    0xF3, 0xDF, 0xBD, 0xF3, 0x54, 0xB6, 0xCA, 0x89, 0x27, 0x1A, 0x7A, 0xCA, 0x89, 0xCC, 0xF0, 0xE0,
    0xBD, 0xF2, 0xFC, 0x86, 0x20, 0xB7, 0xD0, 0x04, 0x7F, 0xC8, 0x23, 0xCC, 0x7F, 0x00, 0xBD, 0xF3,
    0xDF, 0xBD, 0xF3, 0x54, 0xB6, 0xCA, 0x8A, 0x27, 0x1A, 0x7A, 0xCA, 0x8A, 0xCC, 0xF0, 0x25, 0xBD,
    0xF2, 0xFC, 0x86, 0x20, 0xB7, 0xD0, 0x04, 0x7F, 0xC8, 0x23, 0xCC, 0x7F, 0x00, 0xBD, 0xF3, 0xDF,
    0xBD, 0xF3, 0x54, 0xB6, 0xCA, 0x8B, 0x27, 0x1A, 0x7A, 0xCA, 0x8B, 0xCC, 0x12, 0xE0, 0xBD, 0xF2,
    0xFC, 0x86, 0x10, 0xB7, 0xD0, 0x04, 0x7F, 0xC8, 0x23, 0xCC, 0x7F, 0x7F, 0xBD, 0xF3, 0xDF, 0xBD,
    0xF3, 0x54, 0xB6, 0xCA, 0x8C, 0x27, 0x1A, 0x7A, 0xCA, 0x8C, 0xCC, 0xDF, 0x13, 0xBD, 0xF2, 0xFC,
    0x86, 0x10, 0xB7, 0xD0, 0x04, 0x7F, 0xC8, 0x23, 0xCC, 0x7F, 0x7F, 0xBD, 0xF3, 0xDF, 0xBD, 0xF3,
    0x54, 0xB6, 0xCA, 0x8D, 0x27, 0x1A, 0x7A, 0xCA, 0x8D, 0xCC, 0xF0, 0xE0, 0xBD, 0xF2, 0xFC, 0x86,
    0x10, 0xB7, 0xD0, 0x04, 0x7F, 0xC8, 0x23, 0xCC, 0x81, 0x7F, 0xBD, 0xF3, 0xDF, 0xBD, 0xF3, 0x54,
    0xB6, 0xCA, 0x8E, 0x27, 0x1A, 0x7A, 0xCA, 0x8E, 0xCC, 0x23, 0x13, 0xBD, 0xF2, 0xFC, 0x86, 0x10,
    0xB7, 0xD0, 0x04, 0x7F, 0xC8, 0x23, 0xCC, 0x81, 0x7F, 0xBD, 0xF3, 0xDF, 0xBD, 0xF3, 0x54, 0x39,
    0xB6, 0xCA, 0x8B, 0x27, 0x1A, 0x7A, 0xCA, 0x8B, 0xCC, 0x00, 0xD0, 0xBD, 0xF2, 0xFC, 0x86, 0x2F,
    0xB7, 0xD0, 0x04, 0x7F, 0xC8, 0x23, 0xCC, 0x7F, 0x7F, 0xBD, 0xF3, 0xDF, 0xBD, 0xF3, 0x54, 0xB6,
    0xCA, 0x8C, 0x27, 0x1A, 0x7A, 0xCA, 0x8C, 0xCC, 0xD0, 0x00, 0xBD, 0xF2, 0xFC, 0x86, 0x2F, 0xB7,
    0xD0, 0x04, 0x7F, 0xC8, 0x23, 0xCC, 0x7F, 0x7F, 0xBD, 0xF3, 0xDF, 0xBD, 0xF3, 0x54, 0xB6, 0xCA,
    0x8E, 0x27, 0x1A, 0x7A, 0xCA, 0x8E, 0xCC, 0x30, 0x00, 0xBD, 0xF2, 0xFC, 0x86, 0x2F, 0xB7, 0xD0,
    0x04, 0x7F, 0xC8, 0x23, 0xCC, 0x81, 0x7F, 0xBD, 0xF3, 0xDF, 0xBD, 0xF3, 0x54, 0xB6, 0xCA, 0x8D,
    0x27, 0x1A, 0x7A, 0xCA, 0x8D, 0xCC, 0x00, 0xD0, 0xBD, 0xF2, 0xFC, 0x86, 0x2F, 0xB7, 0xD0, 0x04,
    0x7F, 0xC8, 0x23, 0xCC, 0x81, 0x7F, 0xBD, 0xF3, 0xDF, 0xBD, 0xF3, 0x54, 0x39, 0xB6, 0xCA, 0x8B,
    0x27, 0x1A, 0x7A, 0xCA, 0x8B, 0xCC, 0x00, 0xA0, 0xBD, 0xF2, 0xFC, 0x86, 0x5F, 0xB7, 0xD0, 0x04,
    0x7F, 0xC8, 0x23, 0xCC, 0x7F, 0x7F, 0xBD, 0xF3, 0xDF, 0xBD, 0xF3, 0x54, 0xB6, 0xCA, 0x8C, 0x27,
    0x1A, 0x7A, 0xCA, 0x8C, 0xCC, 0xA0, 0x00, 0xBD, 0xF2, 0xFC, 0x86, 0x5F, 0xB7, 0xD0, 0x04, 0x7F,
    0xC8, 0x23, 0xCC, 0x7F, 0x7F, 0xBD, 0xF3, 0xDF, 0xBD, 0xF3, 0x54, 0xB6, 0xCA, 0x8E, 0x27, 0x1A,
    0x7A, 0xCA, 0x8E, 0xCC, 0x60, 0x00, 0xBD, 0xF2, 0xFC, 0x86, 0x5F, 0xB7, 0xD0, 0x04, 0x7F, 0xC8,
    0x23, 0xCC, 0x81, 0x7F, 0xBD, 0xF3, 0xDF, 0xBD, 0xF3, 0x54, 0xB6, 0xCA, 0x8D, 0x27, 0x1A, 0x7A,
    0xCA, 0x8D, 0xCC, 0x00, 0xA0, 0xBD, 0xF2, 0xFC, 0x86, 0x5F, 0xB7, 0xD0, 0x04, 0x7F, 0xC8, 0x23,
    0xCC, 0x81, 0x7F, 0xBD, 0xF3, 0xDF, 0xBD, 0xF3, 0x54, 0x39, 0xB6, 0xCA, 0x87, 0x27, 0x1A, 0x7A,
    0xCA, 0x87, 0xCC, 0x20, 0xE0, 0xBD, 0xF2, 0xFC, 0x86, 0x3F, 0xB7, 0xD0, 0x04, 0x7F, 0xC8, 0x23,
    0xCC, 0x00, 0x7F, 0xBD, 0xF3, 0xDF, 0xBD, 0xF3, 0x54, 0xB6, 0xCA, 0x88, 0x27, 0x1A, 0x7A, 0xCA,
    0x88, 0xCC, 0xE0, 0xE0, 0xBD, 0xF2, 0xFC, 0x86, 0x3F, 0xB7, 0xD0, 0x04, 0x7F, 0xC8, 0x23, 0xCC,
    0x00, 0x7F, 0xBD, 0xF3, 0xDF, 0xBD, 0xF3, 0x54, 0xB6, 0xCA, 0x89, 0x27, 0x1A, 0x7A, 0xCA, 0x89,
    0xCC, 0xE0, 0xE0, 0xBD, 0xF2, 0xFC, 0x86, 0x3F, 0xB7, 0xD0, 0x04, 0x7F, 0xC8, 0x23, 0xCC, 0x7F,
    0x00, 0xBD, 0xF3, 0xDF, 0xBD, 0xF3, 0x54, 0xB6, 0xCA, 0x8A, 0x27, 0x1A, 0x7A, 0xCA, 0x8A, 0xCC,
    0xE0, 0x20, 0xBD, 0xF2, 0xFC, 0x86, 0x3F, 0xB7, 0xD0, 0x04, 0x7F, 0xC8, 0x23, 0xCC, 0x7F, 0x00,
    0xBD, 0xF3, 0xDF, 0xBD, 0xF3, 0x54, 0x39, 0xB6, 0xCA, 0x87, 0x27, 0x1A, 0x7A, 0xCA, 0x87, 0xCC,
    0x40, 0xC0, 0xBD, 0xF2, 0xFC, 0x86, 0x7F, 0xB7, 0xD0, 0x04, 0x7F, 0xC8, 0x23, 0xCC, 0x00, 0x7F,
    0xBD, 0xF3, 0xDF, 0xBD, 0xF3, 0x54, 0xB6, 0xCA, 0x88, 0x27, 0x1A, 0x7A, 0xCA, 0x88, 0xCC, 0xC0,
    0xC0, 0xBD, 0xF2, 0xFC, 0x86, 0x7F, 0xB7, 0xD0, 0x04, 0x7F, 0xC8, 0x23, 0xCC, 0x00, 0x7F, 0xBD,
    0xF3, 0xDF, 0xBD, 0xF3, 0x54, 0xB6, 0xCA, 0x89, 0x27, 0x1A, 0x7A, 0xCA, 0x89, 0xCC, 0xC0, 0xC0,
    0xBD, 0xF2, 0xFC, 0x86, 0x7F, 0xB7, 0xD0, 0x04, 0x7F, 0xC8, 0x23, 0xCC, 0x7F, 0x00, 0xBD, 0xF3,
    0xDF, 0xBD, 0xF3, 0x54, 0xB6, 0xCA, 0x8A, 0x27, 0x1A, 0x7A, 0xCA, 0x8A, 0xCC, 0xC0, 0x40, 0xBD,
    0xF2, 0xFC, 0x86, 0x7F, 0xB7, 0xD0, 0x04, 0x7F, 0xC8, 0x23, 0xCC, 0x7F, 0x00, 0xBD, 0xF3, 0xDF,
    0xBD, 0xF3, 0x54, 0x39, 0xFD, 0xC8, 0x9C, 0xBD, 0xF2, 0xFC, 0xB6, 0xC8, 0x9A, 0xB7, 0xD0, 0x04,
    0xDC, 0xDA, 0xBD, 0xF3, 0x12, 0xBD, 0xF2, 0xC5, 0xBD, 0xF3, 0x54, 0xFC, 0xC8, 0x9C, 0xBD, 0xF2,
    0xFC, 0xB6, 0xC8, 0x9A, 0xB7, 0xD0, 0x04, 0xDC, 0xDC, 0xBD, 0xF3, 0x12, 0xBD, 0xF2, 0xC5, 0xBD,
    0xF3, 0x54, 0xFC, 0xC8, 0x9C, 0xBD, 0xF2, 0xFC, 0xB6, 0xC8, 0x9A, 0xB7, 0xD0, 0x04, 0xDC, 0xDE,
    0xBD, 0xF3, 0x12, 0xBD, 0xF2, 0xC5, 0xBD, 0xF3, 0x54, 0xFC, 0xC8, 0x9C, 0xBD, 0xF2, 0xFC, 0xB6,
    0xC8, 0x9A, 0xB7, 0xD0, 0x04, 0xDC, 0xE0, 0xBD, 0xF3, 0x12, 0xBD, 0xF2, 0xC5, 0xBD, 0xF3, 0x54,
    0xFC, 0xC8, 0x9C, 0xBD, 0xF2, 0xFC, 0xB6, 0xC8, 0x9A, 0xB7, 0xD0, 0x04, 0xDC, 0xE2, 0xBD, 0xF3,
    0x12, 0xBD, 0xF2, 0xC5, 0xBD, 0xF3, 0x54, 0xFC, 0xC8, 0x9C, 0xBD, 0xF2, 0xFC, 0xB6, 0xC8, 0x9A,
    0xB7, 0xD0, 0x04, 0xDC, 0xE4, 0xBD, 0xF3, 0x12, 0xBD, 0xF2, 0xC5, 0xBD, 0xF3, 0x54, 0xFC, 0xC8,
    0x9C, 0xBD, 0xF2, 0xFC, 0xB6, 0xC8, 0x9A, 0xB7, 0xD0, 0x04, 0xDC, 0xE6, 0xBD, 0xF3, 0x12, 0xBD,
    0xF2, 0xC5, 0xBD, 0xF3, 0x54, 0xFC, 0xC8, 0x9C, 0xBD, 0xF2, 0xFC, 0xB6, 0xC8, 0x9A, 0xB7, 0xD0,
    0x04, 0xDC, 0xE8, 0xBD, 0xF3, 0x12, 0xBD, 0xF2, 0xC5, 0xBD, 0xF3, 0x54, 0x39, 0xBD, 0xF2, 0xFC,
    0xB6, 0xC8, 0x9A, 0xB7, 0xD0, 0x04, 0x7F, 0xC8, 0x23, 0xCC, 0x00, 0x3F, 0xBD, 0xF3, 0xDF, 0x7F,
    0xC8, 0x23, 0xCC, 0x00, 0x81, 0xBD, 0xF3, 0xDF, 0x7F, 0xC8, 0x23, 0xCC, 0x00, 0x3F, 0xBD, 0xF3,
    0xDF, 0x7F, 0xC8, 0x23, 0xCC, 0x3F, 0x00, 0xBD, 0xF3, 0xDF, 0x7F, 0xC8, 0x23, 0xCC, 0x81, 0x00,
    0xBD, 0xF3, 0xDF, 0x7F, 0xC8, 0x23, 0xCC, 0x3F, 0x00, 0xBD, 0xF3, 0xDF, 0xCC, 0x3F, 0x3F, 0xBD,
    0xF3, 0xDF, 0x7F, 0xC8, 0x23, 0xCC, 0x81, 0x81, 0xBD, 0xF3, 0xDF, 0x7F, 0xC8, 0x23, 0xCC, 0x3F,
    0x3F, 0xBD, 0xF3, 0xDF, 0xCC, 0xC1, 0x3F, 0xBD, 0xF3, 0xDF, 0x7F, 0xC8, 0x23, 0xCC, 0x7F, 0x81,
    0xBD, 0xF3, 0xDF, 0x7F, 0xC8, 0x23, 0xCC, 0xC1, 0x3F, 0xBD, 0xF3, 0xDF, 0xBD, 0xF3, 0x54, 0x39,
    0x86, 0x02, 0xB7, 0xC8, 0x9B, 0x86, 0x14, 0xC6, 0xF3, 0x8E, 0xC8, 0xAD, 0xBD, 0x31, 0x05, 0x39,
    0xB6, 0xC8, 0x81, 0x27, 0x0F, 0x86, 0x02, 0xB7, 0xC8, 0x9B, 0x86, 0xEC, 0xC6, 0xF3, 0x8E, 0xC8,
    0xB4, 0xBD, 0x31, 0x05, 0x39, 0x86, 0x02, 0xB7, 0xC8, 0x9B, 0x86, 0x14, 0xC6, 0xF3, 0x8E, 0xC8,
    0xAD, 0xBD, 0x31, 0x05, 0xB6, 0xC8, 0x81, 0x27, 0x0A, 0x86, 0xEC, 0xC6, 0xF3, 0x8E, 0xC8, 0xB4,
    0xBD, 0x31, 0x05, 0x39, 0x86, 0xFD, 0xC6, 0x2A, 0xFD, 0xC8, 0x2A, 0x86, 0x14, 0xC6, 0xF1, 0xBD,
    0xF2, 0xFC, 0xCE, 0xC8, 0xAD, 0xBD, 0xF4, 0x95, 0xBD, 0xF3, 0x54, 0xB6, 0xC8, 0x81, 0x27, 0x10,
    0x86, 0xEC, 0xC6, 0xF1, 0xBD, 0xF2, 0xFC, 0xCE, 0xC8, 0xB4, 0xBD, 0xF4, 0x95, 0xBD, 0xF3, 0x54,
    0x39, 0x86, 0x06, 0xB7, 0xC9, 0x11, 0x10, 0x8E, 0xCA, 0xDA, 0xA6, 0xA4, 0x27, 0x2C, 0xA6, 0x21,
    0xE6, 0x22, 0xBD, 0xF2, 0xFC, 0xA6, 0xA4, 0x81, 0x03, 0x26, 0x07, 0x8E, 0x06, 0xE6, 0x86, 0x05,
    0x20, 0x10, 0x81, 0x02, 0x26, 0x07, 0x8E, 0x06, 0xDE, 0x86, 0x03, 0x20, 0x05, 0x8E, 0x06, 0xD6,
    0x86, 0x03, 0xC6, 0x08, 0xBD, 0xF3, 0xB7, 0xBD, 0xF3, 0x54, 0x31, 0x23, 0x7A, 0xC9, 0x11, 0x2B,
    0x02, 0x20, 0xC7, 0x39, 0x86, 0x15, 0xB7, 0xC9, 0x10, 0xB7, 0xC9, 0x11, 0x8E, 0xC9, 0x12, 0xCC,
    0x00, 0x00, 0xA7, 0x84, 0xED, 0x0B, 0xED, 0x0D, 0x30, 0x0F, 0x7A, 0xC9, 0x11, 0x26, 0xF3, 0x39,
    0x86, 0x7B, 0xB7, 0xC8, 0xD4, 0x86, 0x7B, 0xB7, 0xC8, 0xD5, 0x86, 0x7F, 0xB7, 0xC8, 0xD8, 0xB7,
    0xC8, 0xD9, 0xCC, 0x36, 0xFB, 0xFD, 0xCA, 0xD4, 0x39, 0x86, 0x20, 0xB7, 0xC8, 0xD0, 0x86, 0x20,
    0xB7, 0xC8, 0xD1, 0x86, 0x20, 0xB7, 0xC8, 0xD2, 0x86, 0x20, 0xB7, 0xC8, 0xD3, 0x86, 0x00, 0xB7,
    0xC8, 0xD6, 0xB7, 0xC8, 0xD7, 0xCC, 0x3B, 0xCA, 0xFD, 0xCA, 0xD6, 0x39, 0x86, 0x40, 0xB7, 0xC8,
    0xD0, 0x86, 0x40, 0xB7, 0xC8, 0xD1, 0x86, 0x40, 0xB7, 0xC8, 0xD2, 0x86, 0x40, 0xB7, 0xC8, 0xD3,
    0x86, 0x00, 0xB7, 0xC8, 0xD6, 0xB7, 0xC8, 0xD7, 0xCC, 0x3C, 0x47, 0xFD, 0xCA, 0xD6, 0x39, 0x86,
    0x7B, 0xB7, 0xC8, 0xD4, 0x86, 0x7B, 0xB7, 0xC8, 0xD5, 0x86, 0x40, 0xB7, 0xC8, 0xD8, 0x86, 0x3F,
    0xB7, 0xC8, 0xD9, 0xCC, 0x37, 0x68, 0xFD, 0xCA, 0xD4, 0x39, 0x86, 0x7F, 0xB7, 0xC8, 0xD4, 0x86,
    0x7F, 0xB7, 0xC8, 0xD5, 0x86, 0x00, 0xB7, 0xC8, 0xD8, 0x86, 0x7D, 0xB7, 0xC8, 0xD9, 0xCC, 0x38,
    0x61, 0xFD, 0xCA, 0xD4, 0x39, 0x86, 0x21, 0xB7, 0xC8, 0xD0, 0x86, 0x41, 0xB7, 0xC8, 0xD1, 0x86,
    0x41, 0xB7, 0xC8, 0xD2, 0x86, 0x21, 0xB7, 0xC8, 0xD3, 0x86, 0x41, 0xB7, 0xC8, 0xD6, 0x86, 0x62,
    0xB7, 0xC8, 0xD7, 0xCC, 0x38, 0xDE, 0xFD, 0xCA, 0xD6, 0x39, 0x86, 0x13, 0xB7, 0xC8, 0xD0, 0x86,
    0x23, 0xB7, 0xC8, 0xD1, 0x86, 0x23, 0xB7, 0xC8, 0xD2, 0x86, 0x13, 0xB7, 0xC8, 0xD3, 0x86, 0x23,
    0xB7, 0xC8, 0xD6, 0x86, 0x36, 0xB7, 0xC8, 0xD7, 0xCC, 0x39, 0xD7, 0xFD, 0xCA, 0xD6, 0x39, 0x86,
    0x00, 0xB7, 0xC8, 0xD0, 0x86, 0x00, 0xB7, 0xC8, 0xD1, 0x86, 0x00, 0xB7, 0xC8, 0xD2, 0x86, 0x00,
    0xB7, 0xC8, 0xD3, 0x86, 0x30, 0xB7, 0xC8, 0xD6, 0x86, 0x36, 0xB7, 0xC8, 0xD7, 0xCC, 0x3A, 0xD0,
    0xFD, 0xCA, 0xD6, 0x39, 0x86, 0x00, 0xB7, 0xC8, 0xD0, 0x86, 0x00, 0xB7, 0xC8, 0xD1, 0x86, 0x00,
    0xB7, 0xC8, 0xD2, 0x86, 0x00, 0xB7, 0xC8, 0xD3, 0x86, 0x60, 0xB7, 0xC8, 0xD6, 0x86, 0x66, 0xB7,
    0xC8, 0xD7, 0xCC, 0x3B, 0x4D, 0xFD, 0xCA, 0xD6, 0x39,
};

#endif
