// Auto-generated from V-Frogger by Chris Salomon (1998) (PD).vec
#ifndef _GBCART_V_FROGGER_BY_CHRIS_SALOMON_1998_PD_H
#define _GBCART_V_FROGGER_BY_CHRIS_SALOMON_1998_PD_H

const unsigned char gb_cart_V_Frogger_by_Chris_Salomon_1998_PD[] PROGMEM = {
    0x67, 0x20, 0x47, 0x43, 0x45, 0x20, 0x31, 0x39, 0x39, 0x38, 0x80, 0xFE, 0xC6, 0xF8, 0x50, 0x20,
    0xAA, 0x56, 0x45, 0x43, 0x54, 0x52, 0x45, 0x58, 0x20, 0x46, 0x52, 0x4F, 0x47, 0x47, 0x45, 0x52,
    0x80, 0xF8, 0x50, 0x05, 0x93, 0x43, 0x48, 0x52, 0x49, 0x53, 0x54, 0x4F, 0x50, 0x48, 0x45, 0x52,
    0x20, 0x53, 0x41, 0x4C, 0x4F, 0x4D, 0x4F, 0x4E, 0x80, 0x00, 0xBD, 0x10, 0xEA, 0xBD, 0x11, 0x77,
    0xBD, 0x10, 0xEA, 0xBD, 0x12, 0x52, 0xBD, 0xF1, 0xAA, 0x86, 0x20, 0x95, 0x0D, 0x27, 0xFC, 0xFC,
    0xC8, 0x3D, 0xDD, 0x08, 0xC6, 0xFF, 0xD7, 0x04, 0xCC, 0x7F, 0x7F, 0x97, 0x01, 0x86, 0xCE, 0x97,
    0x0C, 0x4F, 0x97, 0x00, 0x97, 0x0A, 0x0C, 0x00, 0xD7, 0x01, 0x97, 0x05, 0xC6, 0x40, 0xD5, 0x0D,
    0x27, 0xFC, 0xC6, 0xCC, 0xD7, 0x0C, 0x97, 0x0A, 0xCC, 0x80, 0x80, 0x97, 0x01, 0x86, 0xCE, 0x97,
    0x0C, 0x4F, 0x97, 0x00, 0x97, 0x0A, 0x0C, 0x00, 0xD7, 0x01, 0x97, 0x05, 0xC6, 0x40, 0xD5, 0x0D,
    0x27, 0xFC, 0xC6, 0xCC, 0xD7, 0x0C, 0x97, 0x0A, 0xCC, 0x03, 0x02, 0x0F, 0x01, 0x97, 0x00, 0xD7,
    0x00, 0xD7, 0x00, 0xC6, 0x01, 0xD7, 0x00, 0x8E, 0xC8, 0x00, 0xCE, 0xC8, 0x3F, 0x86, 0x0D, 0xE6,
    0xC0, 0xE1, 0x86, 0x27, 0x18, 0xE7, 0x86, 0x97, 0x01, 0x86, 0x19, 0x97, 0x00, 0x86, 0x01, 0x97,
    0x00, 0x96, 0x01, 0xD7, 0x01, 0xC6, 0x11, 0xD7, 0x00, 0xC6, 0x01, 0xD7, 0x00, 0x4A, 0x2A, 0xDF,
    0xBD, 0x01, 0x34, 0xDE, 0x80, 0xBD, 0xF6, 0x87, 0xBD, 0x04, 0x89, 0x86, 0x0E, 0x97, 0x01, 0xCC,
    0x19, 0x01, 0x97, 0x00, 0x12, 0xD7, 0x00, 0x0F, 0x03, 0xCC, 0x09, 0x01, 0x97, 0x00, 0x12, 0x96,
    0x01, 0xD7, 0x00, 0xC6, 0xFF, 0xD7, 0x03, 0x84, 0x08, 0x10, 0x26, 0xFF, 0x4C, 0xBD, 0xF1, 0xBA,
    0xB6, 0xC8, 0xA0, 0x2B, 0x13, 0x27, 0x11, 0xC6, 0x0A, 0x3D, 0x1F, 0x98, 0x8E, 0xC8, 0xF3, 0x7F,
    0xC8, 0x23, 0xBD, 0xF8, 0x5E, 0x7F, 0xC8, 0xA0, 0xBD, 0x14, 0xF3, 0xCC, 0xF1, 0x60, 0xFD, 0xC8,
    0x2A, 0xCE, 0x1A, 0x50, 0x86, 0x10, 0xC6, 0xB0, 0xBD, 0xF3, 0x7A, 0xBD, 0xF1, 0xBA, 0x81, 0x00,
    0x27, 0xE6, 0x20, 0xA7, 0x7F, 0xC8, 0x23, 0xBD, 0xF1, 0xF8, 0x86, 0xC8, 0x1F, 0x8B, 0xD6, 0xA1,
    0x96, 0x1B, 0x97, 0xA1, 0x27, 0x78, 0x2B, 0x3C, 0x5D, 0x26, 0x73, 0xD6, 0xA8, 0xC1, 0x0C, 0x27,
    0x6D, 0x0F, 0x56, 0x0C, 0x56, 0xCE, 0x3E, 0x50, 0xDF, 0x80, 0xD6, 0xA6, 0xCB, 0x10, 0xD7, 0xA6,
    0x0C, 0xA8, 0x86, 0x01, 0x91, 0x9F, 0x27, 0x56, 0x97, 0x9F, 0x96, 0xA5, 0x90, 0x9D, 0xD0, 0x9E,
    0xBB, 0x21, 0xBE, 0xFB, 0x21, 0xBF, 0xDD, 0xA5, 0xFC, 0x21, 0xBE, 0xDD, 0x9D, 0x8E, 0x22, 0x06,
    0x9F, 0xA9, 0x20, 0x3A, 0x5D, 0x26, 0x37, 0xD6, 0xA8, 0xC1, 0x01, 0x27, 0x31, 0x0F, 0x56, 0x0C,
    0x56, 0xCE, 0x3E, 0x50, 0xDF, 0x80, 0xD6, 0xA6, 0xC0, 0x10, 0xD7, 0xA6, 0x0A, 0xA8, 0x86, 0x02,
    0x91, 0x9F, 0x27, 0x1A, 0x97, 0x9F, 0x96, 0xA5, 0x90, 0x9D, 0xD0, 0x9E, 0xBB, 0x21, 0xBC, 0xFB,
    0x21, 0xBD, 0xDD, 0xA5, 0xFC, 0x21, 0xBC, 0xDD, 0x9D, 0x8E, 0x21, 0xE1, 0x9F, 0xA9, 0x96, 0x1C,
    0xD6, 0xA2, 0x97, 0xA2, 0x27, 0x7C, 0x2B, 0x3E, 0x5D, 0x26, 0x77, 0xD6, 0xA7, 0xC1, 0x00, 0x27,
    0x71, 0x0F, 0x56, 0x0C, 0x56, 0xCE, 0x3E, 0x50, 0xDF, 0x80, 0x96, 0xA5, 0x0C, 0xA0, 0x8B, 0x10,
    0x97, 0xA5, 0x0A, 0xA7, 0xC6, 0x04, 0xD1, 0x9F, 0x27, 0x58, 0xD7, 0x9F, 0xD6, 0xA6, 0x90, 0x9D,
    0xD0, 0x9E, 0xBB, 0x21, 0xBA, 0xFB, 0x21, 0xBB, 0xDD, 0xA5, 0xFC, 0x21, 0xBA, 0xDD, 0x9D, 0x8E,
    0x21, 0xC0, 0x9F, 0xA9, 0x20, 0x3C, 0x5D, 0x26, 0x39, 0xD6, 0xA7, 0xC1, 0x0C, 0x27, 0x33, 0x0F,
    0x56, 0x0C, 0x56, 0xCE, 0x3E, 0x50, 0xDF, 0x80, 0x96, 0xA5, 0x0A, 0xA0, 0x80, 0x10, 0x97, 0xA5,
    0x0C, 0xA7, 0xC6, 0x03, 0xD1, 0x9F, 0x27, 0x1A, 0xD7, 0x9F, 0xD6, 0xA6, 0x90, 0x9D, 0xD0, 0x9E,
    0xBB, 0x21, 0xB8, 0xFB, 0x21, 0xB9, 0xDD, 0xA5, 0xFC, 0x21, 0xB8, 0xDD, 0x9D, 0x8E, 0x21, 0xC0,
    0x9F, 0xA9, 0xD6, 0xA7, 0x26, 0x03, 0x7E, 0x03, 0x88, 0x5A, 0x4F, 0x58, 0x58, 0x58, 0x58, 0x8E,
    0xCA, 0xEB, 0x30, 0x8B, 0xEE, 0x81, 0x27, 0x15, 0x10, 0xAE, 0xC4, 0x96, 0xA6, 0x4C, 0x4C, 0xA1,
    0x43, 0x2D, 0x11, 0xA0, 0x23, 0xA0, 0x43, 0x2D, 0x11, 0xEE, 0x81, 0x26, 0xEB, 0x96, 0xA7, 0x81,
    0x05, 0x2F, 0x4A, 0x39, 0x9B, 0x9C, 0xA1, 0x43, 0x2D, 0xDA, 0x96, 0xA7, 0x81, 0x05, 0x2F, 0x4C,
    0xA6, 0x2A, 0x27, 0x18, 0x81, 0x86, 0x26, 0x0A, 0x96, 0xA6, 0xA0, 0x43, 0x81, 0x0B, 0x2F, 0xC4,
    0x20, 0x35, 0x96, 0xA6, 0xA0, 0x43, 0x81, 0x0A, 0x2C, 0xBA, 0x20, 0x2B, 0xC6, 0x26, 0xDD, 0x98,
    0x7A, 0xC9, 0x0D, 0xBD, 0x15, 0x26, 0x86, 0x30, 0xB1, 0xC9, 0x0D, 0x26, 0x05, 0x35, 0x06, 0x7E,
    0x13, 0xC8, 0xBD, 0xF1, 0xAF, 0x7E, 0x11, 0x47, 0xCC, 0x00, 0x39, 0x20, 0xE1, 0xCC, 0x00, 0x4D,
    0x20, 0xDC, 0xCC, 0x00, 0x6E, 0x20, 0xD7, 0xCC, 0x00, 0x5E, 0x20, 0xD2, 0xA6, 0x2A, 0x27, 0x20,
    0x81, 0x85, 0x26, 0x0A, 0x96, 0xA6, 0xA0, 0x43, 0x81, 0x0A, 0x2C, 0x7F, 0x20, 0xE4, 0x81, 0x84,
    0x26, 0x0A, 0x96, 0xA6, 0xA0, 0x43, 0x81, 0x0B, 0x2F, 0x71, 0x20, 0xD6, 0x81, 0x41, 0x27, 0xCD,
    0x96, 0xD1, 0x81, 0x02, 0x26, 0x29, 0xDC, 0xD4, 0x83, 0x00, 0x03, 0xA3, 0x1E, 0x26, 0x20, 0xD6,
    0xD9, 0xD0, 0xA6, 0x5D, 0x2A, 0x04, 0x50, 0x28, 0x01, 0x5A, 0xC1, 0x0A, 0x22, 0x11, 0x0A, 0xD1,
    0x96, 0xBF, 0x8B, 0x02, 0x97, 0xBF, 0x0F, 0x56, 0x0C, 0x56, 0xCE, 0x3D, 0xAC, 0xDF, 0x80, 0x96,
    0xDE, 0x81, 0x02, 0x26, 0x36, 0x96, 0xA7, 0x81, 0x03, 0x26, 0x30, 0x9E, 0xE3, 0xA6, 0x0A, 0x81,
    0x86, 0x26, 0x13, 0xD6, 0xA6, 0xD0, 0xE6, 0xC0, 0x20, 0x5D, 0x2A, 0x04, 0x50, 0x28, 0x01, 0x5A,
    0xC1, 0x04, 0x2C, 0x17, 0x20, 0x81, 0x81, 0x87, 0x26, 0x11, 0xD6, 0xA6, 0xD0, 0xE6, 0x5D, 0x2A,
    0x04, 0x50, 0x28, 0x01, 0x5A, 0xC1, 0x0A, 0x10, 0x2D, 0xFF, 0x6C, 0x96, 0xA6, 0xAB, 0xA4, 0x97,
    0xA6, 0x81, 0x5A, 0x10, 0x2E, 0xFF, 0x51, 0x81, 0x9F, 0x10, 0x2D, 0xFF, 0x4B, 0x96, 0x88, 0xAB,
    0xA4, 0x2B, 0x0E, 0x81, 0x10, 0x2C, 0x03, 0x97, 0x88, 0x39, 0x0C, 0xA8, 0x80, 0x10, 0x97, 0x88,
    0x39, 0x0A, 0xA8, 0x8B, 0x10, 0x97, 0x88, 0x39, 0xCC, 0x00, 0x12, 0xDD, 0x98, 0x96, 0xA6, 0x81,
    0xB2, 0x10, 0x2F, 0xFF, 0x0B, 0x81, 0xC1, 0x2E, 0x0A, 0x8E, 0xC9, 0x10, 0xFE, 0xC9, 0x10, 0x27,
    0x7F, 0x20, 0x50, 0x81, 0xD2, 0x10, 0x2F, 0xFE, 0xF7, 0x81, 0xE1, 0x2E, 0x0A, 0x8E, 0xC9, 0x15,
    0xFE, 0xC9, 0x15, 0x27, 0x6B, 0x20, 0x3C, 0x81, 0xF3, 0x10, 0x2F, 0xFE, 0xE3, 0x81, 0x02, 0x2E,
    0x0A, 0x8E, 0xC9, 0x1A, 0xFE, 0xC9, 0x1A, 0x27, 0x57, 0x20, 0x28, 0x81, 0x14, 0x10, 0x2F, 0xFE,
    0xCF, 0x81, 0x23, 0x2E, 0x0A, 0x8E, 0xC9, 0x1F, 0xFE, 0xC9, 0x1F, 0x27, 0x43, 0x20, 0x14, 0x81,
    0x35, 0x10, 0x2F, 0xFE, 0xBB, 0x81, 0x44, 0x10, 0x2E, 0xFE, 0xB5, 0x8E, 0xC9, 0x24, 0xFE, 0xC9,
    0x24, 0x27, 0x2D, 0xA6, 0x4A, 0x81, 0x83, 0x26, 0x0E, 0xDC, 0xB2, 0xDD, 0xB0, 0x0C, 0xB5, 0x86,
    0x01, 0x9B, 0xBF, 0x97, 0xBF, 0x20, 0x19, 0x81, 0x82, 0x26, 0x08, 0xDC, 0xB8, 0xDD, 0xB6, 0x0C,
    0xBB, 0x20, 0x0D, 0x81, 0x81, 0x26, 0x03, 0x7E, 0x02, 0xC2, 0xCC, 0x00, 0x00, 0x7E, 0x02, 0x9E,
    0xCC, 0x22, 0x3C, 0xED, 0x84, 0xB6, 0x22, 0x40, 0xA7, 0x04, 0x0A, 0x9A, 0x26, 0x29, 0x86, 0x01,
    0x8E, 0xC9, 0x00, 0x0F, 0x23, 0xBD, 0xF8, 0x5E, 0xBD, 0x15, 0xFC, 0xBD, 0x16, 0xFC, 0x7C, 0xC8,
    0x9B, 0x86, 0x10, 0xB1, 0xC8, 0x9B, 0x26, 0x06, 0x7F, 0xC8, 0x9B, 0xBD, 0x17, 0x62, 0xBD, 0xF1,
    0xAF, 0xBD, 0x12, 0x52, 0x7E, 0x11, 0x47, 0xBD, 0x15, 0xFC, 0x7E, 0x11, 0x47, 0xC6, 0x40, 0xF5,
    0xD0, 0x0D, 0x27, 0xFB, 0xCC, 0x00, 0x90, 0xDD, 0x98, 0x7A, 0xC9, 0x0D, 0xBD, 0x15, 0x26, 0x86,
    0x30, 0xB1, 0xC9, 0x0D, 0x26, 0x05, 0x35, 0x06, 0x7E, 0x13, 0xC8, 0xBD, 0xF1, 0xAF, 0x86, 0xC8,
    0x1F, 0x8B, 0xBD, 0x11, 0x47, 0xBD, 0xF1, 0xAA, 0x39, 0x86, 0xD0, 0x1F, 0x8B, 0x86, 0x7F, 0x97,
    0x01, 0xB7, 0xC8, 0x27, 0xCC, 0x05, 0x04, 0x97, 0x00, 0xD7, 0x00, 0xD7, 0x00, 0xC6, 0x01, 0xD7,
    0x00, 0x86, 0x91, 0x97, 0x04, 0xFC, 0xC8, 0xA5, 0x97, 0x01, 0x86, 0xCE, 0x97, 0x0C, 0x4F, 0x97,
    0x00, 0x0C, 0x00, 0xD7, 0x01, 0x97, 0x05, 0xBD, 0xF1, 0xAF, 0xD6, 0xAE, 0x27, 0x9F, 0x96, 0xB5,
    0x27, 0x55, 0x0D, 0xB0, 0x26, 0x51, 0x96, 0xB5, 0x81, 0x03, 0x26, 0x39, 0xBD, 0xF5, 0x17, 0x84,
    0x07, 0x81, 0x04, 0x25, 0x01, 0x47, 0xC6, 0x05, 0x3D, 0xD7, 0x84, 0xCE, 0xC9, 0x10, 0x6D, 0xC5,
    0x27, 0x0E, 0xC1, 0x14, 0x26, 0x02, 0xC6, 0xFB, 0xCB, 0x05, 0xD1, 0x84, 0x27, 0x25, 0x20, 0xEE,
    0xD7, 0xB4, 0xCE, 0xC9, 0x10, 0x33, 0xC5, 0xCC, 0x23, 0x84, 0xED, 0xC4, 0xB6, 0x23, 0x88, 0xA7,
    0x44, 0x0A, 0xB5, 0x20, 0x0E, 0xD6, 0xB4, 0xCE, 0xC9, 0x10, 0x33, 0xC5, 0xCC, 0x00, 0x00, 0xED,
    0xC4, 0x0C, 0xB5, 0xDC, 0xB2, 0xDD, 0xB0, 0x96, 0xBB, 0x27, 0x55, 0x0D, 0xB6, 0x26, 0x51, 0x96,
    0xBB, 0x81, 0x03, 0x26, 0x39, 0xBD, 0xF5, 0x17, 0x84, 0x07, 0x81, 0x04, 0x25, 0x01, 0x47, 0xC6,
    0x05, 0x3D, 0xD7, 0x84, 0xCE, 0xC9, 0x10, 0x6D, 0xC5, 0x27, 0x0E, 0xC1, 0x14, 0x26, 0x02, 0xC6,
    0xFB, 0xCB, 0x05, 0xD1, 0x84, 0x27, 0x25, 0x20, 0xEE, 0xD7, 0xBA, 0xCE, 0xC9, 0x10, 0x33, 0xC5,
    0xCC, 0x32, 0xAD, 0xED, 0xC4, 0xB6, 0x32, 0xB1, 0xA7, 0x44, 0x0A, 0xBB, 0x20, 0x0E, 0xD6, 0xBA,
    0xCE, 0xC9, 0x10, 0x33, 0xC5, 0xCC, 0x00, 0x00, 0xED, 0xC4, 0x0C, 0xBB, 0xDC, 0xB8, 0xDD, 0xB6,
    0x0D, 0xBC, 0x26, 0x2E, 0x96, 0xBE, 0x97, 0xBC, 0x10, 0x8E, 0xCB, 0xAB, 0xAE, 0xA1, 0x27, 0x22,
    0xEE, 0x84, 0x10, 0x9F, 0x84, 0x31, 0xD8, 0x0B, 0xEC, 0x47, 0x40, 0x50, 0xAB, 0x02, 0xEB, 0x03,
    0xAB, 0x27, 0xEB, 0x28, 0xED, 0x02, 0xA6, 0x24, 0xA7, 0x04, 0x10, 0xAF, 0x84, 0x10, 0x9E, 0x84,
    0x20, 0xDA, 0x96, 0xC0, 0x81, 0x03, 0x26, 0x79, 0x0D, 0xC3, 0x26, 0x75, 0xBD, 0xF5, 0x17, 0x84,
    0x0F, 0x97, 0x84, 0x84, 0x07, 0x81, 0x05, 0x25, 0x01, 0x44, 0x97, 0xCF, 0x48, 0x48, 0x48, 0x48,
    0x1F, 0x89, 0x4F, 0xC3, 0xCA, 0xEB, 0x0C, 0x84, 0x1F, 0x01, 0xEE, 0x81, 0x27, 0xFA, 0x0A, 0x84,
    0x26, 0xF8, 0xDF, 0xC5, 0xEE, 0x84, 0x26, 0x04, 0x1F, 0x01, 0xEE, 0x84, 0xDF, 0xC7, 0x8E, 0x33,
    0x96, 0xDE, 0xC5, 0xEC, 0x42, 0xEE, 0xC4, 0xA0, 0x47, 0xE0, 0x48, 0xEB, 0x43, 0xAB, 0x07, 0xEB,
    0x08, 0xCB, 0x03, 0xDD, 0xCB, 0xC1, 0x55, 0x2C, 0x20, 0xC1, 0x92, 0x2F, 0x1C, 0xA6, 0xC4, 0x4C,
    0x97, 0xCE, 0x9F, 0xC9, 0xA6, 0x44, 0x97, 0xCD, 0xDE, 0xC7, 0xD6, 0xCC, 0xE0, 0x43, 0x5D, 0x2A,
    0x04, 0x50, 0x28, 0x01, 0x5A, 0xC1, 0x0F, 0x22, 0x06, 0xDC, 0xC1, 0xDD, 0xC3, 0x20, 0x02, 0x0A,
    0xC0, 0x86, 0xD0, 0x1F, 0x8B, 0xBE, 0xC8, 0xA9, 0xCC, 0x06, 0x40, 0xD5, 0x0D, 0x27, 0xFC, 0x97,
    0x04, 0xEC, 0x81, 0xB7, 0xC8, 0x23, 0x4F, 0xD7, 0x01, 0x97, 0x00, 0xE6, 0x80, 0x0C, 0x00, 0xD7,
    0x01, 0x0A, 0x0A, 0x97, 0x05, 0xE6, 0x80, 0x7A, 0xC8, 0x23, 0x2B, 0x17, 0xD7, 0x01, 0x97, 0x0A,
    0x97, 0x00, 0xE6, 0x80, 0x0C, 0x00, 0xD7, 0x01, 0x0A, 0x0A, 0x97, 0x05, 0xE6, 0x80, 0x7A, 0xC8,
    0x23, 0x2A, 0xE9, 0xC6, 0xCC, 0x97, 0x0A, 0xD7, 0x0C, 0x86, 0x60, 0x97, 0x01, 0xB7, 0xC8, 0x27,
    0xCC, 0x05, 0x04, 0x97, 0x00, 0xD7, 0x00, 0xD7, 0x00, 0xC6, 0x01, 0xD7, 0x00, 0xCC, 0x00, 0x75,
    0xD7, 0x04, 0xC6, 0x6E, 0xD7, 0x01, 0x97, 0x00, 0xC6, 0xCE, 0xD7, 0x0C, 0x0C, 0x00, 0xC6, 0x88,
    0xD7, 0x01, 0x97, 0x05, 0x8E, 0x21, 0x8D, 0x7D, 0xC8, 0x99, 0x26, 0x38, 0xFC, 0xC8, 0xB0, 0x83,
    0x00, 0x20, 0xFD, 0xC8, 0xB0, 0xFC, 0xC8, 0xB6, 0x83, 0x00, 0x20, 0xFD, 0xC8, 0xB6, 0xFC, 0xC8,
    0xBC, 0x81, 0xFF, 0x27, 0x06, 0x83, 0x00, 0x20, 0xFD, 0xC8, 0xBC, 0xFC, 0xC8, 0xAE, 0x83, 0x00,
    0x20, 0xFD, 0xC8, 0xAE, 0xB6, 0xC8, 0xC0, 0x81, 0x03, 0x26, 0x09, 0xFC, 0xC8, 0xC3, 0x83, 0x00,
    0x20, 0xFD, 0xC8, 0xC3, 0xCC, 0x1C, 0x40, 0xD5, 0x0D, 0x27, 0xFC, 0x97, 0x04, 0xEC, 0x81, 0xB7,
    0xC8, 0x23, 0x4F, 0xDD, 0x00, 0xE6, 0x80, 0x0C, 0x00, 0xD7, 0x01, 0x0A, 0x0A, 0x97, 0x05, 0xE6,
    0x80, 0x7A, 0xC8, 0x23, 0x2B, 0x0B, 0x86, 0x40, 0x95, 0x0D, 0x27, 0xFC, 0x4F, 0x97, 0x0A, 0x20,
    0xE2, 0xCC, 0x40, 0xCC, 0x95, 0x0D, 0x27, 0xFC, 0x4F, 0x97, 0x0A, 0xD7, 0x0C, 0x86, 0x75, 0x97,
    0x04, 0xCC, 0x00, 0x0A, 0xD7, 0x01, 0x97, 0x00, 0xC6, 0xCE, 0x0C, 0x00, 0xD7, 0x0C, 0xC6, 0x78,
    0xD7, 0x01, 0x97, 0x05, 0xF6, 0xC8, 0xAE, 0xC1, 0x20, 0x2E, 0x20, 0x26, 0x0E, 0x7F, 0xC8, 0x56,
    0x7C, 0xC8, 0x56, 0xCE, 0x3E, 0x3C, 0xFF, 0xC8, 0x80, 0x20, 0x10, 0xC1, 0x10, 0x26, 0x0C, 0x7F,
    0xC8, 0x56, 0x7C, 0xC8, 0x56, 0xCE, 0x3E, 0x46, 0xFF, 0xC8, 0x80, 0xCC, 0xEA, 0x40, 0xD5, 0x0D,
    0x27, 0xFC, 0x97, 0x04, 0xCC, 0x00, 0x88, 0x97, 0x01, 0x97, 0x00, 0x0C, 0x00, 0xD7, 0x01, 0x0A,
    0x0A, 0x97, 0x05, 0xC6, 0x40, 0xD5, 0x0D, 0x27, 0xFC, 0xC6, 0x27, 0x97, 0x0A, 0xD7, 0x04, 0xC6,
    0xC3, 0xD7, 0x01, 0x97, 0x00, 0xC6, 0xCE, 0xD7, 0x0C, 0x0C, 0x00, 0x97, 0x01, 0x97, 0x05, 0xCC,
    0xEA, 0x40, 0xD5, 0x0D, 0x27, 0xFC, 0x97, 0x04, 0xCC, 0x00, 0x78, 0x97, 0x01, 0x97, 0x00, 0x0C,
    0x00, 0xD7, 0x01, 0x0A, 0x0A, 0x97, 0x05, 0xC6, 0x40, 0xD5, 0x0D, 0x27, 0xFC, 0xC6, 0x75, 0x97,
    0x0A, 0xD7, 0x04, 0xC6, 0xCC, 0xD7, 0x0C, 0xC6, 0x92, 0xD7, 0x01, 0x97, 0x00, 0xC6, 0xCE, 0x0C,
    0x00, 0xD7, 0x0C, 0xC6, 0x88, 0xD7, 0x01, 0x97, 0x05, 0xCC, 0xEA, 0x40, 0xD5, 0x0D, 0x27, 0xFC,
    0x97, 0x04, 0xF6, 0xC8, 0xAE, 0x4F, 0x97, 0x01, 0x97, 0x00, 0x0C, 0x00, 0xD7, 0x01, 0x0A, 0x0A,
    0x97, 0x05, 0xC6, 0x40, 0x7F, 0xC8, 0x84, 0x7F, 0xC8, 0x85, 0xCE, 0xC9, 0x10, 0xD5, 0x0D, 0x27,
    0xFC, 0xC6, 0xCC, 0x97, 0x0A, 0xD7, 0x0C, 0xAE, 0xC4, 0x27, 0x65, 0x86, 0x83, 0x97, 0x04, 0xEC,
    0x42, 0xAB, 0x07, 0xEB, 0x08, 0x97, 0x01, 0x0F, 0x00, 0x86, 0xCE, 0x97, 0x0C, 0x0C, 0x00, 0xD7,
    0x01, 0x0F, 0x05, 0x6A, 0x44, 0x26, 0x0A, 0x10, 0xAE, 0x05, 0x10, 0xAF, 0xC4, 0xA6, 0x24, 0xA7,
    0x44, 0xAE, 0x01, 0xCC, 0x06, 0x40, 0xD5, 0x0D, 0x27, 0xFC, 0x97, 0x04, 0xEC, 0x81, 0xB7, 0xC8,
    0x23, 0x4F, 0xD7, 0x01, 0x97, 0x00, 0xE6, 0x80, 0x0C, 0x00, 0xD7, 0x01, 0x0A, 0x0A, 0x97, 0x05,
    0xE6, 0x80, 0x7A, 0xC8, 0x23, 0x2B, 0x17, 0xD7, 0x01, 0x97, 0x0A, 0x97, 0x00, 0xE6, 0x80, 0x0C,
    0x00, 0xD7, 0x01, 0x0A, 0x0A, 0x97, 0x05, 0xE6, 0x80, 0x7A, 0xC8, 0x23, 0x2A, 0xE9, 0x97, 0x0A,
    0xCE, 0xC9, 0x15, 0xAE, 0xC4, 0x27, 0x68, 0xCC, 0x83, 0xCC, 0xD7, 0x0C, 0x97, 0x04, 0xEC, 0x42,
    0xAB, 0x07, 0xEB, 0x08, 0x97, 0x01, 0x0F, 0x00, 0x86, 0xCE, 0x97, 0x0C, 0x0C, 0x00, 0xD7, 0x01,
    0x0F, 0x05, 0x6A, 0x44, 0x26, 0x0A, 0x10, 0xAE, 0x05, 0x10, 0xAF, 0xC4, 0xA6, 0x24, 0xA7, 0x44,
    0xAE, 0x01, 0xCC, 0x06, 0x40, 0xD5, 0x0D, 0x27, 0xFC, 0x97, 0x04, 0xEC, 0x81, 0xB7, 0xC8, 0x23,
    0x4F, 0xD7, 0x01, 0x97, 0x00, 0xE6, 0x80, 0x0C, 0x00, 0xD7, 0x01, 0x0A, 0x0A, 0x97, 0x05, 0xE6,
    0x80, 0x7A, 0xC8, 0x23, 0x2B, 0x17, 0xD7, 0x01, 0x97, 0x0A, 0x97, 0x00, 0xE6, 0x80, 0x0C, 0x00,
    0xD7, 0x01, 0x0A, 0x0A, 0x97, 0x05, 0xE6, 0x80, 0x7A, 0xC8, 0x23, 0x2A, 0xE9, 0x97, 0x0A, 0xCE,
    0xC9, 0x1A, 0xAE, 0xC4, 0x27, 0x68, 0xCC, 0x83, 0xCC, 0xD7, 0x0C, 0x97, 0x04, 0xEC, 0x42, 0xAB,
    0x07, 0xEB, 0x08, 0x97, 0x01, 0x0F, 0x00, 0x86, 0xCE, 0x97, 0x0C, 0x0C, 0x00, 0xD7, 0x01, 0x0F,
    0x05, 0x6A, 0x44, 0x26, 0x0A, 0x10, 0xAE, 0x05, 0x10, 0xAF, 0xC4, 0xA6, 0x24, 0xA7, 0x44, 0xAE,
    0x01, 0xCC, 0x06, 0x40, 0xD5, 0x0D, 0x27, 0xFC, 0x97, 0x04, 0xEC, 0x81, 0xB7, 0xC8, 0x23, 0x4F,
    0xD7, 0x01, 0x97, 0x00, 0xE6, 0x80, 0x0C, 0x00, 0xD7, 0x01, 0x0A, 0x0A, 0x97, 0x05, 0xE6, 0x80,
    0x7A, 0xC8, 0x23, 0x2B, 0x17, 0xD7, 0x01, 0x97, 0x0A, 0x97, 0x00, 0xE6, 0x80, 0x0C, 0x00, 0xD7,
    0x01, 0x0A, 0x0A, 0x97, 0x05, 0xE6, 0x80, 0x7A, 0xC8, 0x23, 0x2A, 0xE9, 0x97, 0x0A, 0xCE, 0xC9,
    0x1F, 0xAE, 0xC4, 0x27, 0x68, 0xCC, 0x83, 0xCC, 0xD7, 0x0C, 0x97, 0x04, 0xEC, 0x42, 0xAB, 0x07,
    0xEB, 0x08, 0x97, 0x01, 0x0F, 0x00, 0x86, 0xCE, 0x97, 0x0C, 0x0C, 0x00, 0xD7, 0x01, 0x0F, 0x05,
    0x6A, 0x44, 0x26, 0x0A, 0x10, 0xAE, 0x05, 0x10, 0xAF, 0xC4, 0xA6, 0x24, 0xA7, 0x44, 0xAE, 0x01,
    0xCC, 0x06, 0x40, 0xD5, 0x0D, 0x27, 0xFC, 0x97, 0x04, 0xEC, 0x81, 0xB7, 0xC8, 0x23, 0x4F, 0xD7,
    0x01, 0x97, 0x00, 0xE6, 0x80, 0x0C, 0x00, 0xD7, 0x01, 0x0A, 0x0A, 0x97, 0x05, 0xE6, 0x80, 0x7A,
    0xC8, 0x23, 0x2B, 0x17, 0xD7, 0x01, 0x97, 0x0A, 0x97, 0x00, 0xE6, 0x80, 0x0C, 0x00, 0xD7, 0x01,
    0x0A, 0x0A, 0x97, 0x05, 0xE6, 0x80, 0x7A, 0xC8, 0x23, 0x2A, 0xE9, 0x97, 0x0A, 0xCE, 0xC9, 0x24,
    0xAE, 0xC4, 0x27, 0x68, 0xCC, 0x83, 0xCC, 0xD7, 0x0C, 0x97, 0x04, 0xEC, 0x42, 0xAB, 0x07, 0xEB,
    0x08, 0x97, 0x01, 0x0F, 0x00, 0x86, 0xCE, 0x97, 0x0C, 0x0C, 0x00, 0xD7, 0x01, 0x0F, 0x05, 0x6A,
    0x44, 0x26, 0x0A, 0x10, 0xAE, 0x05, 0x10, 0xAF, 0xC4, 0xA6, 0x24, 0xA7, 0x44, 0xAE, 0x01, 0xCC,
    0x06, 0x40, 0xD5, 0x0D, 0x27, 0xFC, 0x97, 0x04, 0xEC, 0x81, 0xB7, 0xC8, 0x23, 0x4F, 0xD7, 0x01,
    0x97, 0x00, 0xE6, 0x80, 0x0C, 0x00, 0xD7, 0x01, 0x0A, 0x0A, 0x97, 0x05, 0xE6, 0x80, 0x7A, 0xC8,
    0x23, 0x2B, 0x17, 0xD7, 0x01, 0x97, 0x0A, 0x97, 0x00, 0xE6, 0x80, 0x0C, 0x00, 0xD7, 0x01, 0x0A,
    0x0A, 0x97, 0x05, 0xE6, 0x80, 0x7A, 0xC8, 0x23, 0x2A, 0xE9, 0x97, 0x0A, 0xF6, 0xC8, 0xDE, 0x10,
    0x27, 0x01, 0x8E, 0xC1, 0x02, 0x10, 0x26, 0x01, 0x88, 0xC6, 0xCC, 0xD7, 0x0C, 0xCE, 0xC8, 0xE7,
    0xBE, 0xC8, 0xE3, 0x86, 0x91, 0x97, 0x04, 0xFC, 0xC8, 0xE5, 0x97, 0x01, 0x86, 0xCE, 0x97, 0x0C,
    0x4F, 0x97, 0x00, 0x0C, 0x00, 0xD7, 0x01, 0x97, 0x05, 0x30, 0x01, 0xFC, 0xC8, 0xE5, 0xFB, 0xC8,
    0xEA, 0xC1, 0x81, 0x2E, 0x0C, 0x7C, 0xC8, 0xDE, 0xB6, 0xC8, 0xE0, 0xB7, 0xC8, 0xDF, 0x20, 0x08,
    0x12, 0xC1, 0x64, 0x2E, 0xF0, 0xFD, 0xC8, 0xE5, 0x7A, 0xC8, 0xE8, 0x26, 0x5E, 0x34, 0x10, 0xA6,
    0x09, 0x81, 0x86, 0x27, 0x2B, 0xEC, 0x06, 0x40, 0x50, 0xBB, 0xC8, 0xE5, 0xFB, 0xC8, 0xE6, 0x8E,
    0x30, 0xD2, 0xAB, 0x07, 0xEB, 0x08, 0xFD, 0xC8, 0xE5, 0xBF, 0xC8, 0xE3, 0xA6, 0x04, 0xB7, 0xC8,
    0xE7, 0x7C, 0xC8, 0xEA, 0x7C, 0xC8, 0xEA, 0x86, 0x37, 0xB7, 0xC8, 0xE8, 0x35, 0x10, 0x20, 0x49,
    0xEC, 0x06, 0x40, 0x50, 0xBB, 0xC8, 0xE5, 0xFB, 0xC8, 0xE6, 0x8E, 0x31, 0x72, 0xAB, 0x07, 0xEB,
    0x08, 0xFD, 0xC8, 0xE5, 0xBF, 0xC8, 0xE3, 0xA6, 0x04, 0xB7, 0xC8, 0xE7, 0x7A, 0xC8, 0xEA, 0x7A,
    0xC8, 0xEA, 0x86, 0x37, 0xB7, 0xC8, 0xE8, 0x35, 0x10, 0x20, 0x1E, 0x6A, 0xC0, 0x26, 0x1A, 0x34,
    0x10, 0xEC, 0x06, 0x40, 0x50, 0xAB, 0x5D, 0xEB, 0x5E, 0xAE, 0x04, 0xAB, 0x07, 0xEB, 0x08, 0xED,
    0x5D, 0xAF, 0x5B, 0xA6, 0x04, 0xA7, 0x5F, 0x35, 0x10, 0xAE, 0x84, 0xEC, 0x81, 0xC3, 0x0A, 0x36,
    0xFD, 0xC8, 0xEB, 0xCC, 0x40, 0x06, 0x95, 0x0D, 0x27, 0xFC, 0xD7, 0x04, 0xEC, 0x81, 0x97, 0x01,
    0x0F, 0x00, 0x6E, 0x9F, 0xC8, 0xEB, 0x0C, 0x00, 0xD7, 0x01, 0x0A, 0x0A, 0x0F, 0x05, 0xEC, 0x81,
    0x97, 0x01, 0x0F, 0x00, 0x0F, 0x0A, 0x0C, 0x00, 0xD7, 0x01, 0x0A, 0x0A, 0x0F, 0x05, 0xEC, 0x81,
    0x97, 0x01, 0x0F, 0x00, 0x0F, 0x0A, 0x0C, 0x00, 0xD7, 0x01, 0x0A, 0x0A, 0x0F, 0x05, 0xEC, 0x81,
    0x97, 0x01, 0x0F, 0x00, 0x0F, 0x0A, 0x0C, 0x00, 0xD7, 0x01, 0x0A, 0x0A, 0x0F, 0x05, 0xEC, 0x81,
    0x97, 0x01, 0x0F, 0x00, 0x0F, 0x0A, 0x0C, 0x00, 0xD7, 0x01, 0x0A, 0x0A, 0x0F, 0x05, 0xEC, 0x81,
    0x97, 0x01, 0x0F, 0x00, 0x0F, 0x0A, 0x0C, 0x00, 0xD7, 0x01, 0x0A, 0x0A, 0x0F, 0x05, 0xEC, 0x81,
    0x97, 0x01, 0x0F, 0x00, 0x0F, 0x0A, 0x0C, 0x00, 0xD7, 0x01, 0x0A, 0x0A, 0x0F, 0x05, 0xEC, 0x81,
    0x97, 0x01, 0x0F, 0x00, 0x0F, 0x0A, 0x0C, 0x00, 0xD7, 0x01, 0x0A, 0x0A, 0x0F, 0x05, 0xEC, 0x81,
    0x97, 0x01, 0x0F, 0x00, 0x0F, 0x0A, 0x0C, 0x00, 0xD7, 0x01, 0x0A, 0x0A, 0x0F, 0x05, 0xEC, 0x81,
    0x97, 0x01, 0x0F, 0x00, 0x0F, 0x0A, 0x0C, 0x00, 0xD7, 0x01, 0x0A, 0x0A, 0x0F, 0x05, 0xEC, 0x81,
    0x97, 0x01, 0x0F, 0x00, 0x0F, 0x0A, 0x0C, 0x00, 0xD7, 0x01, 0x0A, 0x0A, 0x0F, 0x05, 0x12, 0x12,
    0x12, 0xB6, 0xC8, 0xC0, 0x10, 0x27, 0x00, 0xDB, 0x0F, 0x0A, 0x81, 0x03, 0x10, 0x27, 0x00, 0xD3,
    0xBE, 0xC8, 0xC7, 0xF6, 0xC8, 0xCC, 0xE1, 0x03, 0x2C, 0x12, 0xCB, 0x0F, 0xE1, 0x03, 0x2F, 0x0C,
    0xFC, 0xC8, 0xC1, 0xFD, 0xC8, 0xC3, 0x7C, 0xC8, 0xC0, 0x7E, 0x0C, 0x83, 0xC6, 0xCC, 0xD7, 0x0C,
    0xB6, 0xC8, 0xCF, 0x4C, 0xB1, 0xC8, 0xA7, 0x26, 0x1A, 0xF6, 0xC8, 0xCC, 0xF0, 0xC8, 0xA6, 0x2A,
    0x12, 0xC1, 0xEC, 0x25, 0x0E, 0x7D, 0xC8, 0x99, 0x26, 0x09, 0xBD, 0xF1, 0xAF, 0xCC, 0x00, 0x81,
    0x7E, 0x04, 0x67, 0x86, 0x91, 0x97, 0x04, 0xFC, 0xC8, 0xCB, 0x97, 0x01, 0x86, 0xCE, 0x97, 0x0C,
    0x4F, 0x97, 0x00, 0x0C, 0x00, 0xD7, 0x01, 0x97, 0x05, 0xFC, 0xC8, 0xCB, 0xFB, 0xC8, 0xCE, 0xC1,
    0x81, 0x2E, 0x04, 0xCB, 0xDE, 0x20, 0x06, 0xC1, 0x64, 0x2F, 0x02, 0xC0, 0xDE, 0xF7, 0xC8, 0xCC,
    0xFE, 0xC8, 0xC9, 0x7A, 0xC8, 0xCD, 0x26, 0x1C, 0xEC, 0x47, 0x40, 0x50, 0xBB, 0xC8, 0xCB, 0xFB,
    0xC8, 0xCC, 0xAE, 0x45, 0xAB, 0x07, 0xEB, 0x08, 0xED, 0xC9, 0xC8, 0xCB, 0xBF, 0xC8, 0xC9, 0xA6,
    0x04, 0xB7, 0xC8, 0xCD, 0xAE, 0x41, 0xCC, 0x06, 0x40, 0xD5, 0x0D, 0x27, 0xFC, 0x97, 0x04, 0xEC,
    0x81, 0xB7, 0xC8, 0x23, 0x4F, 0xD7, 0x01, 0x97, 0x00, 0xE6, 0x80, 0x0C, 0x00, 0xD7, 0x01, 0x0A,
    0x0A, 0x97, 0x05, 0xE6, 0x80, 0x7A, 0xC8, 0x23, 0x2B, 0x17, 0xD7, 0x01, 0x97, 0x0A, 0x97, 0x00,
    0xE6, 0x80, 0x0C, 0x00, 0xD7, 0x01, 0x0A, 0x0A, 0x97, 0x05, 0xE6, 0x80, 0x7A, 0xC8, 0x23, 0x2A,
    0xE9, 0x97, 0x0A, 0x4F, 0xCE, 0xCA, 0x55, 0x10, 0xBE, 0xCA, 0x53, 0x86, 0x91, 0x97, 0x04, 0xC6,
    0xCC, 0x0F, 0x0A, 0xD7, 0x0C, 0xEC, 0xC4, 0x97, 0x01, 0x0F, 0x00, 0x86, 0xCE, 0x0C, 0x00, 0xD7,
    0x01, 0x97, 0x0C, 0x0F, 0x05, 0x33, 0x41, 0xEB, 0xA0, 0xC1, 0x81, 0x2E, 0x04, 0xCB, 0xDE, 0x20,
    0x06, 0xC1, 0x64, 0x2F, 0x6C, 0xC0, 0xDE, 0x34, 0x06, 0x86, 0xC8, 0x1F, 0x8B, 0x96, 0xD1, 0x27,
    0x2A, 0x11, 0x93, 0xD4, 0x26, 0x25, 0x96, 0xD1, 0x81, 0x03, 0x27, 0x0A, 0x81, 0x01, 0x27, 0x1B,
    0x0C, 0xD1, 0x96, 0xD3, 0x97, 0xD2, 0x0A, 0xD2, 0x26, 0x11, 0x0A, 0xD1, 0xCC, 0x22, 0x8A, 0xDD,
    0xD6, 0xE6, 0x61, 0xD7, 0xD9, 0x86, 0x1C, 0x97, 0xD8, 0x20, 0x30, 0x96, 0xDE, 0x27, 0x2C, 0x11,
    0x93, 0xE1, 0x26, 0x27, 0x96, 0xDE, 0x81, 0x03, 0x27, 0x06, 0x0C, 0xDE, 0x96, 0xE0, 0x97, 0xDF,
    0x0A, 0xDF, 0x26, 0x17, 0x0A, 0xDE, 0xCC, 0x30, 0xD2, 0xDD, 0xE3, 0xE6, 0x61, 0xD7, 0xE6, 0x86,
    0x30, 0x97, 0xE5, 0x96, 0xE9, 0x97, 0xEA, 0x86, 0x2D, 0x97, 0xE8, 0x86, 0xD0, 0x1F, 0x8B, 0x35,
    0x06, 0xE7, 0xC0, 0xAE, 0xA4, 0x6A, 0xC0, 0x26, 0x18, 0xEC, 0x26, 0x40, 0x50, 0xAB, 0x5D, 0xEB,
    0x5E, 0x10, 0xAE, 0x24, 0xAB, 0x27, 0xEB, 0x28, 0xED, 0x5D, 0x10, 0xAF, 0x5B, 0xA6, 0x24, 0xA7,
    0x5F, 0x10, 0xAE, 0xC1, 0x10, 0x27, 0x01, 0x89, 0xEC, 0x81, 0xC3, 0x0D, 0x63, 0xFD, 0xC8, 0xEB,
    0xCC, 0x06, 0x40, 0xD5, 0x0D, 0x27, 0xFC, 0x97, 0x04, 0xEC, 0x81, 0x97, 0x01, 0x0F, 0x00, 0x6E,
    0x9F, 0xC8, 0xEB, 0x0C, 0x00, 0xD7, 0x01, 0x0A, 0x0A, 0x0F, 0x05, 0xEC, 0x81, 0x97, 0x01, 0x0F,
    0x00, 0x0F, 0x0A, 0x0C, 0x00, 0xD7, 0x01, 0x0A, 0x0A, 0x0F, 0x05, 0xEC, 0x81, 0x97, 0x01, 0x0F,
    0x00, 0x0F, 0x0A, 0x0C, 0x00, 0xD7, 0x01, 0x0A, 0x0A, 0x0F, 0x05, 0xEC, 0x81, 0x97, 0x01, 0x0F,
    0x00, 0x0F, 0x0A, 0x0C, 0x00, 0xD7, 0x01, 0x0A, 0x0A, 0x0F, 0x05, 0xEC, 0x81, 0x97, 0x01, 0x0F,
    0x00, 0x0F, 0x0A, 0x0C, 0x00, 0xD7, 0x01, 0x0A, 0x0A, 0x0F, 0x05, 0xEC, 0x81, 0x97, 0x01, 0x0F,
    0x00, 0x0F, 0x0A, 0x0C, 0x00, 0xD7, 0x01, 0x0A, 0x0A, 0x0F, 0x05, 0xEC, 0x81, 0x97, 0x01, 0x0F,
    0x00, 0x0F, 0x0A, 0x0C, 0x00, 0xD7, 0x01, 0x0A, 0x0A, 0x0F, 0x05, 0xEC, 0x81, 0x97, 0x01, 0x0F,
    0x00, 0x0F, 0x0A, 0x0C, 0x00, 0xD7, 0x01, 0x0A, 0x0A, 0x0F, 0x05, 0xEC, 0x81, 0x97, 0x01, 0x0F,
    0x00, 0x0F, 0x0A, 0x0C, 0x00, 0xD7, 0x01, 0x0A, 0x0A, 0x0F, 0x05, 0xEC, 0x81, 0x97, 0x01, 0x0F,
    0x00, 0x0F, 0x0A, 0x0C, 0x00, 0xD7, 0x01, 0x0A, 0x0A, 0x0F, 0x05, 0xEC, 0x81, 0x97, 0x01, 0x0F,
    0x00, 0x0F, 0x0A, 0x0C, 0x00, 0xD7, 0x01, 0x0A, 0x0A, 0x0F, 0x05, 0xEC, 0x81, 0x97, 0x01, 0x0F,
    0x00, 0x0F, 0x0A, 0x0C, 0x00, 0xD7, 0x01, 0x0A, 0x0A, 0x0F, 0x05, 0xEC, 0x81, 0x97, 0x01, 0x0F,
    0x00, 0x0F, 0x0A, 0x0C, 0x00, 0xD7, 0x01, 0x0A, 0x0A, 0x0F, 0x05, 0xEC, 0x81, 0x97, 0x01, 0x0F,
    0x00, 0x0F, 0x0A, 0x0C, 0x00, 0xD7, 0x01, 0x0A, 0x0A, 0x0F, 0x05, 0xEC, 0x81, 0x97, 0x01, 0x0F,
    0x00, 0x0F, 0x0A, 0x0C, 0x00, 0xD7, 0x01, 0x0A, 0x0A, 0x0F, 0x05, 0xEC, 0x81, 0x97, 0x01, 0x0F,
    0x00, 0x0F, 0x0A, 0x0C, 0x00, 0xD7, 0x01, 0x0A, 0x0A, 0x0F, 0x05, 0xEC, 0x81, 0x97, 0x01, 0x0F,
    0x00, 0x0F, 0x0A, 0x0C, 0x00, 0xD7, 0x01, 0x0A, 0x0A, 0x0F, 0x05, 0xEC, 0x81, 0x97, 0x01, 0x0F,
    0x00, 0x0F, 0x0A, 0x0C, 0x00, 0xD7, 0x01, 0x0A, 0x0A, 0x0F, 0x05, 0xEC, 0x81, 0x97, 0x01, 0x0F,
    0x00, 0x0F, 0x0A, 0x0C, 0x00, 0xD7, 0x01, 0x0A, 0x0A, 0x0F, 0x05, 0xEC, 0x81, 0x97, 0x01, 0x0F,
    0x00, 0x0F, 0x0A, 0x0C, 0x00, 0xD7, 0x01, 0x0A, 0x0A, 0x0F, 0x05, 0xEC, 0x81, 0x97, 0x01, 0x0F,
    0x00, 0x0F, 0x0A, 0x0C, 0x00, 0xD7, 0x01, 0x0A, 0x0A, 0x0F, 0x05, 0xEC, 0x81, 0x97, 0x01, 0x0F,
    0x00, 0x0F, 0x0A, 0x0C, 0x00, 0xD7, 0x01, 0x0A, 0x0A, 0x0F, 0x05, 0xEC, 0x81, 0x97, 0x01, 0x0F,
    0x00, 0x0F, 0x0A, 0x0C, 0x00, 0xD7, 0x01, 0x0A, 0x0A, 0x0F, 0x05, 0x12, 0x12, 0x12, 0x7E, 0x0C,
    0x8B, 0xEC, 0x81, 0xC3, 0x0E, 0xEC, 0xFD, 0xC8, 0xEB, 0xCC, 0x06, 0x40, 0xD5, 0x0D, 0x27, 0xFC,
    0x97, 0x04, 0xEC, 0x81, 0x97, 0x01, 0x0F, 0x00, 0x6E, 0x9F, 0xC8, 0xEB, 0x0C, 0x00, 0xD7, 0x01,
    0x0A, 0x0A, 0x0F, 0x05, 0xEC, 0x81, 0x97, 0x01, 0x0F, 0x00, 0x0F, 0x0A, 0x0C, 0x00, 0xD7, 0x01,
    0x0A, 0x0A, 0x0F, 0x05, 0xEC, 0x81, 0x97, 0x01, 0x0F, 0x00, 0x0F, 0x0A, 0x0C, 0x00, 0xD7, 0x01,
    0x0A, 0x0A, 0x0F, 0x05, 0xEC, 0x81, 0x97, 0x01, 0x0F, 0x00, 0x0F, 0x0A, 0x0C, 0x00, 0xD7, 0x01,
    0x0A, 0x0A, 0x0F, 0x05, 0xEC, 0x81, 0x97, 0x01, 0x0F, 0x00, 0x0F, 0x0A, 0x0C, 0x00, 0xD7, 0x01,
    0x0A, 0x0A, 0x0F, 0x05, 0xEC, 0x81, 0x97, 0x01, 0x0F, 0x00, 0x0F, 0x0A, 0x0C, 0x00, 0xD7, 0x01,
    0x0A, 0x0A, 0x0F, 0x05, 0xEC, 0x81, 0x97, 0x01, 0x0F, 0x00, 0x0F, 0x0A, 0x0C, 0x00, 0xD7, 0x01,
    0x0A, 0x0A, 0x0F, 0x05, 0xEC, 0x81, 0x97, 0x01, 0x0F, 0x00, 0x0F, 0x0A, 0x0C, 0x00, 0xD7, 0x01,
    0x0A, 0x0A, 0x0F, 0x05, 0xEC, 0x81, 0x97, 0x01, 0x0F, 0x00, 0x0F, 0x0A, 0x0C, 0x00, 0xD7, 0x01,
    0x0A, 0x0A, 0x0F, 0x05, 0xEC, 0x81, 0x97, 0x01, 0x0F, 0x00, 0x0F, 0x0A, 0x0C, 0x00, 0xD7, 0x01,
    0x0A, 0x0A, 0x0F, 0x05, 0xEC, 0x81, 0x97, 0x01, 0x0F, 0x00, 0x0F, 0x0A, 0x0C, 0x00, 0xD7, 0x01,
    0x0A, 0x0A, 0x0F, 0x05, 0xEC, 0x81, 0x97, 0x01, 0x0F, 0x00, 0x0F, 0x0A, 0x0C, 0x00, 0xD7, 0x01,
    0x0A, 0x0A, 0x0F, 0x05, 0xEC, 0x81, 0x97, 0x01, 0x0F, 0x00, 0x0F, 0x0A, 0x0C, 0x00, 0xD7, 0x01,
    0x0A, 0x0A, 0x0F, 0x05, 0xEC, 0x81, 0x97, 0x01, 0x0F, 0x00, 0x0F, 0x0A, 0x0C, 0x00, 0xD7, 0x01,
    0x0A, 0x0A, 0x0F, 0x05, 0xEC, 0x81, 0x97, 0x01, 0x0F, 0x00, 0x0F, 0x0A, 0x0C, 0x00, 0xD7, 0x01,
    0x0A, 0x0A, 0x0F, 0x05, 0xEC, 0x81, 0x97, 0x01, 0x0F, 0x00, 0x0F, 0x0A, 0x0C, 0x00, 0xD7, 0x01,
    0x0A, 0x0A, 0x0F, 0x05, 0xEC, 0x81, 0x97, 0x01, 0x0F, 0x00, 0x0F, 0x0A, 0x0C, 0x00, 0xD7, 0x01,
    0x0A, 0x0A, 0x0F, 0x05, 0xEC, 0x81, 0x97, 0x01, 0x0F, 0x00, 0x0F, 0x0A, 0x0C, 0x00, 0xD7, 0x01,
    0x0A, 0x0A, 0x0F, 0x05, 0xEC, 0x81, 0x97, 0x01, 0x0F, 0x00, 0x0F, 0x0A, 0x0C, 0x00, 0xD7, 0x01,
    0x0A, 0x0A, 0x0F, 0x05, 0xEC, 0x81, 0x97, 0x01, 0x0F, 0x00, 0x0F, 0x0A, 0x0C, 0x00, 0xD7, 0x01,
    0x0A, 0x0A, 0x0F, 0x05, 0xEC, 0x81, 0x97, 0x01, 0x0F, 0x00, 0x0F, 0x0A, 0x0C, 0x00, 0xD7, 0x01,
    0x0A, 0x0A, 0x0F, 0x05, 0xEC, 0x81, 0x97, 0x01, 0x0F, 0x00, 0x0F, 0x0A, 0x0C, 0x00, 0xD7, 0x01,
    0x0A, 0x0A, 0x0F, 0x05, 0xEC, 0x81, 0x97, 0x01, 0x0F, 0x00, 0x0F, 0x0A, 0x0C, 0x00, 0xD7, 0x01,
    0x0A, 0x0A, 0x0F, 0x05, 0x12, 0x12, 0x12, 0xF6, 0xC8, 0xD1, 0xC1, 0x02, 0x27, 0x03, 0x0F, 0x0A,
    0x39, 0x86, 0x91, 0x97, 0x04, 0x0F, 0x0A, 0xC6, 0xCC, 0xD7, 0x0C, 0xFC, 0xC8, 0xD8, 0x97, 0x01,
    0x0F, 0x00, 0x0C, 0x00, 0xD7, 0x01, 0x86, 0xCE, 0x97, 0x0C, 0x0F, 0x05, 0xCE, 0xC8, 0xDA, 0x10,
    0xBE, 0xC8, 0xD6, 0x31, 0x21, 0xFC, 0xC8, 0xD8, 0xFB, 0xC8, 0xDD, 0xFD, 0xC8, 0xD8, 0xAE, 0xA4,
    0x6A, 0xC0, 0x26, 0x18, 0xEC, 0x26, 0x40, 0x50, 0xAB, 0x5D, 0xEB, 0x5E, 0x10, 0xAE, 0x24, 0xAB,
    0x27, 0xEB, 0x28, 0xED, 0x5D, 0x10, 0xAF, 0x5B, 0xA6, 0x24, 0xA7, 0x5F, 0xCC, 0x06, 0x40, 0xD5,
    0x0D, 0x27, 0xFC, 0x97, 0x04, 0xEC, 0x81, 0xB7, 0xC8, 0x23, 0x4F, 0xD7, 0x01, 0x97, 0x00, 0xE6,
    0x80, 0x0C, 0x00, 0xD7, 0x01, 0x0A, 0x0A, 0x97, 0x05, 0xE6, 0x80, 0x7A, 0xC8, 0x23, 0x2B, 0x17,
    0xD7, 0x01, 0x97, 0x0A, 0x97, 0x00, 0xE6, 0x80, 0x0C, 0x00, 0xD7, 0x01, 0x0A, 0x0A, 0x97, 0x05,
    0xE6, 0x80, 0x7A, 0xC8, 0x23, 0x2A, 0xE9, 0x97, 0x0A, 0x39, 0xBD, 0xF1, 0xAF, 0x86, 0x01, 0x97,
    0x1F, 0x86, 0x03, 0x97, 0x20, 0x86, 0x00, 0x97, 0x21, 0x97, 0x22, 0xCC, 0x3D, 0x5C, 0xDD, 0x82,
    0x8E, 0xC9, 0x28, 0xCE, 0x3E, 0xD5, 0xA6, 0xC0, 0xA7, 0x80, 0x81, 0xFF, 0x26, 0xF8, 0xCE, 0x3E,
    0x9A, 0x8E, 0xC8, 0xED, 0x86, 0x3B, 0xBD, 0xF6, 0x83, 0x8E, 0xCA, 0x53, 0xCC, 0x00, 0x97, 0xBD,
    0xF5, 0x48, 0x8E, 0xCA, 0xEB, 0xCC, 0x00, 0xBF, 0xBD, 0xF5, 0x48, 0x86, 0x00, 0x97, 0x9B, 0x8E,
    0xC9, 0x00, 0xBD, 0xF8, 0x4F, 0x0F, 0xAD, 0x8E, 0xC8, 0xF3, 0xBD, 0xF8, 0x4F, 0x86, 0x35, 0xB7,
    0xC9, 0x0D, 0xB6, 0xC8, 0xF4, 0x97, 0xA4, 0x0F, 0xA0, 0xCC, 0x21, 0xC0, 0xDD, 0xA9, 0xC6, 0x0A,
    0xD7, 0x9C, 0x86, 0x04, 0x97, 0x9F, 0xFC, 0x21, 0xBA, 0xDD, 0x9D, 0xCC, 0xA0, 0x06, 0xBB, 0x21,
    0xBA, 0xFB, 0x21, 0xBB, 0xDD, 0xA5, 0xCC, 0x0C, 0x07, 0xDD, 0xA7, 0xDC, 0xAB, 0xDD, 0xAE, 0x0F,
    0x99, 0x0F, 0x56, 0xBD, 0xF5, 0x33, 0x39, 0xBD, 0xF1, 0xAA, 0xBD, 0xF1, 0xBA, 0xBD, 0xF1, 0xAF,
    0xCC, 0xF1, 0x60, 0xDD, 0x2A, 0x86, 0x90, 0x97, 0x9D, 0x86, 0xC4, 0x97, 0x9E, 0x86, 0x3C, 0x97,
    0x9F, 0x86, 0xFF, 0x97, 0x9C, 0x86, 0x60, 0x97, 0xA1, 0x8E, 0x1B, 0xC9, 0xBD, 0x19, 0x1F, 0x86,
    0x7F, 0x97, 0xCD, 0x86, 0x01, 0x97, 0xCC, 0xB6, 0xC8, 0x56, 0x26, 0x2E, 0xFC, 0xC8, 0x82, 0x10,
    0x83, 0x3D, 0x74, 0x26, 0x06, 0xCC, 0x3D, 0x5C, 0xFD, 0xC8, 0x82, 0x1F, 0x02, 0xC3, 0x00, 0x04,
    0xFD, 0xC8, 0x82, 0x8E, 0xC9, 0x28, 0xEC, 0xA1, 0xED, 0x81, 0xEC, 0xA1, 0xED, 0x81, 0x7F, 0xC8,
    0x56, 0x7C, 0xC8, 0x56, 0xCE, 0xC9, 0x28, 0xFF, 0xC8, 0x80, 0x86, 0xC8, 0x1F, 0x8B, 0xDE, 0x80,
    0xBD, 0xF6, 0x87, 0xBD, 0xF1, 0x92, 0xBD, 0xF2, 0x89, 0xBD, 0x19, 0x70, 0xB6, 0xC8, 0xCD, 0xBD,
    0xF2, 0xAB, 0xB6, 0xC8, 0xCC, 0x84, 0x01, 0x27, 0x20, 0x7A, 0xC8, 0xCD, 0x26, 0x10, 0x86, 0x02,
    0xB7, 0xC8, 0xCC, 0x86, 0x60, 0xB7, 0xC8, 0xCD, 0xCE, 0x21, 0x2A, 0xBD, 0x18, 0x12, 0xCE, 0x00,
    0x11, 0xCC, 0x70, 0x99, 0xBD, 0xF3, 0x7A, 0x20, 0x2F, 0xC6, 0xCC, 0xD7, 0x0C, 0x86, 0x70, 0x97,
    0x04, 0xBD, 0x18, 0x84, 0xB6, 0xC8, 0x8D, 0x26, 0x0F, 0x7A, 0xC8, 0xCD, 0x26, 0x0A, 0x86, 0x01,
    0xB7, 0xC8, 0xCC, 0x86, 0x7F, 0xB7, 0xC8, 0xCD, 0xCC, 0x14, 0xB0, 0xBD, 0xF3, 0x12, 0x8E, 0xCA,
    0xD2, 0x86, 0x52, 0x97, 0x04, 0xBD, 0xF3, 0xCE, 0xBD, 0xF1, 0xBA, 0x81, 0x00, 0x10, 0x27, 0xFF,
    0x56, 0x39, 0x86, 0x05, 0x97, 0x9A, 0xCC, 0x00, 0x00, 0x10, 0x8E, 0xC9, 0x10, 0xED, 0xA4, 0xED,
    0x25, 0xED, 0x2A, 0xED, 0x2F, 0xED, 0xA8, 0x14, 0xDD, 0x86, 0x20, 0x04, 0x0F, 0x86, 0x0C, 0x86,
    0x0F, 0x87, 0xCC, 0x00, 0x00, 0x8E, 0xCB, 0xAB, 0xCC, 0x00, 0x0E, 0xBD, 0xF5, 0x48, 0x8E, 0xCA,
    0xEB, 0x9F, 0x8A, 0xCC, 0x00, 0xC0, 0xBD, 0xF5, 0x48, 0x8E, 0xCA, 0x53, 0xCC, 0x00, 0x96, 0xBD,
    0xF5, 0x48, 0xCE, 0xCA, 0x53, 0x86, 0x8B, 0xD6, 0x9B, 0x3D, 0xC3, 0x34, 0x21, 0x1F, 0x01, 0x86,
    0x0B, 0x97, 0x84, 0x0F, 0x88, 0x0F, 0x89, 0x86, 0x0C, 0x97, 0x85, 0xE6, 0x80, 0x27, 0x5A, 0x4F,
    0x5A, 0x58, 0xC3, 0x33, 0xC3, 0x1F, 0x02, 0xEC, 0xA4, 0x34, 0x16, 0xDC, 0x8A, 0xD3, 0x88, 0x0C,
    0x89, 0x0C, 0x89, 0x1F, 0x01, 0xEF, 0x84, 0x35, 0x16, 0x34, 0x16, 0x1F, 0x02, 0xA6, 0x2A, 0x84,
    0x40, 0x27, 0x0B, 0xD6, 0x87, 0x8E, 0xCB, 0xAB, 0xEF, 0x85, 0x5C, 0x5C, 0xD7, 0x87, 0x35, 0x16,
    0xED, 0xC1, 0x1F, 0x02, 0xEC, 0x27, 0xA7, 0xC4, 0xE7, 0x41, 0xD6, 0x84, 0xC0, 0x06, 0x86, 0x10,
    0x3D, 0xEB, 0xC4, 0xE7, 0xC0, 0xD6, 0x85, 0x50, 0xCB, 0x06, 0x86, 0x10, 0x3D, 0xEB, 0xC4, 0xE7,
    0xC0, 0xBD, 0xF5, 0x17, 0x84, 0x0F, 0x4C, 0xA7, 0xC0, 0x0A, 0x85, 0x26, 0x9E, 0xCC, 0x00, 0x10,
    0xD3, 0x8A, 0xDD, 0x8A, 0x0A, 0x84, 0x26, 0x8B, 0x0D, 0x86, 0x10, 0x26, 0x00, 0x81, 0xA6, 0x80,
    0x26, 0x04, 0x97, 0xB5, 0x20, 0x0C, 0x97, 0xB2, 0x0F, 0xB3, 0xDC, 0xB2, 0xDD, 0xB0, 0x86, 0x03,
    0x97, 0xB5, 0xA6, 0x80, 0x26, 0x04, 0x97, 0xBB, 0x20, 0x0C, 0x97, 0xB8, 0x0F, 0xB9, 0xDC, 0xB8,
    0xDD, 0xB6, 0x86, 0x03, 0x97, 0xBB, 0x0F, 0xC2, 0xA6, 0x80, 0x97, 0xC0, 0x97, 0xC1, 0xA6, 0x80,
    0x97, 0xDE, 0x97, 0xE0, 0x27, 0x17, 0xA6, 0x24, 0x97, 0xE7, 0x10, 0x8E, 0xCB, 0x0B, 0x10, 0xAE,
    0xA4, 0xEE, 0xA4, 0xA6, 0xC4, 0x4C, 0x97, 0xE9, 0x31, 0x23, 0x10, 0x9F, 0xE1, 0xA6, 0x80, 0x97,
    0xD1, 0x97, 0xD3, 0x27, 0x1A, 0xA6, 0x24, 0x97, 0xDA, 0x0F, 0xDB, 0x0F, 0xDC, 0x10, 0x8E, 0xCB,
    0x1B, 0x10, 0xAE, 0xA4, 0xEE, 0xA4, 0xA6, 0xC4, 0x97, 0xDD, 0x31, 0x23, 0x10, 0x9F, 0xD4, 0xA6,
    0x80, 0x97, 0xAB, 0x86, 0xE0, 0x97, 0xAC, 0xA6, 0x80, 0x97, 0xBE, 0x97, 0xBC, 0x0F, 0xBD, 0x96,
    0xD3, 0x97, 0xD2, 0x27, 0x02, 0x86, 0x03, 0x97, 0xD1, 0x96, 0xE0, 0x97, 0xDF, 0x27, 0x02, 0x86,
    0x03, 0x97, 0xDE, 0xDC, 0xC1, 0xDD, 0xC3, 0x27, 0x02, 0x86, 0x03, 0x97, 0xC0, 0x0F, 0xBF, 0xDC,
    0xAB, 0xDD, 0xAE, 0x86, 0x08, 0x97, 0x88, 0x39, 0xCE, 0xCB, 0xEB, 0x8E, 0xC8, 0xF3, 0xBD, 0xF8,
    0xC7, 0x81, 0x01, 0x26, 0x0C, 0xBD, 0x17, 0xD9, 0xCE, 0xCB, 0xEB, 0x8E, 0xC8, 0xF3, 0xBD, 0xF8,
    0xD8, 0xBD, 0xF1, 0xAF, 0x4F, 0x97, 0x9C, 0x97, 0x9D, 0x97, 0x9F, 0x97, 0xA1, 0x97, 0xA2, 0x0F,
    0x56, 0x0C, 0x56, 0xCE, 0xFF, 0x62, 0xDF, 0x80, 0x86, 0xC8, 0x1F, 0x8B, 0xDE, 0x80, 0xBD, 0xF6,
    0x87, 0xBD, 0xF1, 0x92, 0xBD, 0xF2, 0x89, 0xB6, 0xC8, 0x9F, 0xF6, 0xC8, 0x9D, 0xFD, 0xC8, 0x2A,
    0xB6, 0xC8, 0x9C, 0xBD, 0xF2, 0xAB, 0xB6, 0xC8, 0xA1, 0xF6, 0xC8, 0xA2, 0xCE, 0x1A, 0x46, 0xBD,
    0xF3, 0x7A, 0xB6, 0xC8, 0x9C, 0x8B, 0x03, 0xB7, 0xC8, 0x9C, 0x84, 0x01, 0x27, 0x08, 0xB6, 0xC8,
    0x9F, 0x80, 0x01, 0xB7, 0xC8, 0x9F, 0xB6, 0xC8, 0xA1, 0x8B, 0x02, 0x81, 0x70, 0x25, 0x02, 0x86,
    0x70, 0xB7, 0xC8, 0xA1, 0xB6, 0xC8, 0xA2, 0x80, 0x02, 0x81, 0x90, 0x2C, 0x02, 0x86, 0x90, 0xB7,
    0xC8, 0xA2, 0xB6, 0xC8, 0x9D, 0x8B, 0x03, 0xB7, 0xC8, 0x9D, 0xB6, 0xC8, 0x9C, 0x81, 0x7F, 0x25,
    0x97, 0xBD, 0xF1, 0xBA, 0xB6, 0xC8, 0x9D, 0x80, 0x03, 0xB7, 0xC8, 0x9D, 0xCE, 0x21, 0x45, 0xBD,
    0x18, 0x12, 0x86, 0xC8, 0x1F, 0x8B, 0xDE, 0x80, 0xBD, 0xF6, 0x87, 0xBD, 0xF1, 0x92, 0xBD, 0xF2,
    0x89, 0xBD, 0xF2, 0xA5, 0xCC, 0xFB, 0x30, 0xFD, 0xC8, 0x2A, 0xCC, 0x90, 0xD0, 0xCE, 0xC8, 0xED,
    0xBD, 0xF3, 0x7A, 0xB6, 0xC8, 0x9F, 0xF6, 0xC8, 0x9D, 0xFD, 0xC8, 0x2A, 0xB6, 0xC8, 0xA1, 0xF6,
    0xC8, 0xA2, 0xCE, 0x1A, 0x46, 0xBD, 0xF3, 0x7A, 0xBD, 0xF2, 0xA5, 0xC6, 0xCC, 0xD7, 0x0C, 0xB6,
    0xC8, 0x8D, 0x10, 0x27, 0xEB, 0x84, 0xBD, 0x18, 0x84, 0x86, 0x38, 0x97, 0x04, 0xCC, 0x00, 0x3C,
    0xBD, 0xF3, 0x12, 0x8E, 0xCA, 0xD2, 0x86, 0x70, 0x97, 0x04, 0xBD, 0xF3, 0xCE, 0xC6, 0xCC, 0xD7,
    0x0C, 0xCC, 0xFB, 0x30, 0xFD, 0xC8, 0x2A, 0xCC, 0xBB, 0xB0, 0xCE, 0x1A, 0x5C, 0xBD, 0xF3, 0x7A,
    0xBD, 0xF1, 0xBA, 0x81, 0x00, 0x27, 0x8B, 0xBD, 0xF1, 0xAF, 0xBD, 0x12, 0x6C, 0xBD, 0x11, 0x37,
    0x7E, 0x00, 0x46, 0xCC, 0xF5, 0x30, 0xFD, 0xC8, 0x2A, 0x86, 0xC8, 0x1F, 0x8B, 0xDE, 0x80, 0xBD,
    0xF6, 0x87, 0xBD, 0xF1, 0x92, 0xBD, 0xF2, 0x89, 0xBD, 0xF2, 0xA5, 0xCE, 0xC8, 0xED, 0x86, 0x20,
    0xA7, 0x4C, 0xA7, 0xC8, 0x19, 0xCC, 0x77, 0x88, 0xBD, 0xF3, 0x7A, 0xCE, 0xC8, 0xED, 0x86, 0x80,
    0xA7, 0x4C, 0xA7, 0xC8, 0x19, 0x39, 0x86, 0x32, 0x97, 0x8A, 0x0F, 0x56, 0xBD, 0xF5, 0x33, 0xDC,
    0xA5, 0x90, 0x9D, 0xD0, 0x9E, 0xBB, 0x21, 0xBA, 0xFB, 0x21, 0xBB, 0xDD, 0xA5, 0x0F, 0x56, 0x0C,
    0x56, 0xCE, 0x3D, 0x74, 0xDF, 0x80, 0x86, 0x1E, 0x34, 0x02, 0x86, 0xC8, 0x1F, 0x8B, 0xDE, 0x80,
    0xBD, 0xF6, 0x87, 0xBD, 0xF1, 0x92, 0xBD, 0xF2, 0x89, 0xBD, 0xF2, 0xA9, 0x86, 0x91, 0x97, 0x04,
    0xFC, 0xC8, 0xA5, 0xBD, 0xF3, 0x12, 0x86, 0x06, 0x97, 0x04, 0x8E, 0x22, 0xA0, 0xBD, 0xF3, 0xCE,
    0x4F, 0xBD, 0x06, 0x63, 0x35, 0x02, 0x4A, 0x26, 0xCF, 0xB6, 0xC8, 0xA0, 0xC6, 0x0A, 0x3D, 0x1F,
    0x98, 0x8E, 0xC8, 0xF3, 0x7F, 0xC8, 0x23, 0xBD, 0xF8, 0x5E, 0xBD, 0xF1, 0xBA, 0xCC, 0xFB, 0x30,
    0xFD, 0xC8, 0x2A, 0x7F, 0xC8, 0x56, 0xBD, 0xF5, 0x33, 0x7F, 0xC8, 0x56, 0x7C, 0xC8, 0x56, 0xCE,
    0xC9, 0x28, 0xFF, 0xC8, 0x80, 0xCE, 0x21, 0x7B, 0xBD, 0x18, 0x12, 0x86, 0xC8, 0x1F, 0x8B, 0xDE,
    0x80, 0xBD, 0xF6, 0x87, 0xBD, 0xF1, 0x92, 0xBD, 0xF2, 0x89, 0xCE, 0x1A, 0xAE, 0xBD, 0xF3, 0x8A,
    0xFC, 0xC8, 0x98, 0xC3, 0x1A, 0xDE, 0x1F, 0x03, 0xCC, 0xC0, 0x99, 0xBD, 0xF3, 0x7A, 0xC6, 0xCC,
    0xD7, 0x0C, 0xB6, 0xC8, 0x8D, 0x27, 0x1E, 0xBD, 0x18, 0x84, 0x86, 0xCE, 0x97, 0x0C, 0x8E, 0xCA,
    0xD2, 0x86, 0x30, 0x97, 0x04, 0xBD, 0xF3, 0xCE, 0xBD, 0xF1, 0xBA, 0x81, 0x00, 0x27, 0xBC, 0xBD,
    0xF1, 0xAF, 0x7E, 0x12, 0x6C, 0x7A, 0xC8, 0x8A, 0x26, 0xE0, 0x20, 0xF3, 0x0F, 0x23, 0x86, 0x32,
    0x97, 0x8A, 0x0F, 0x56, 0xBD, 0xF5, 0x33, 0x96, 0xBF, 0x84, 0x01, 0x27, 0x08, 0x86, 0xC8, 0x8E,
    0xC8, 0xF3, 0xBD, 0xF8, 0x5E, 0x96, 0xBF, 0x84, 0x02, 0x27, 0x08, 0x86, 0xC8, 0x8E, 0xC8, 0xF3,
    0xBD, 0xF8, 0x5E, 0xDC, 0xAE, 0xFD, 0xC8, 0xAE, 0x86, 0x0A, 0x8E, 0xC8, 0xF3, 0x7F, 0xC8, 0x23,
    0xBD, 0xF8, 0x5E, 0x86, 0xC8, 0x1F, 0x8B, 0xDE, 0x80, 0xBD, 0xF6, 0x87, 0xBD, 0xF1, 0x92, 0xBD,
    0xF2, 0x89, 0xBD, 0xF2, 0xA9, 0x4F, 0xBD, 0x06, 0x63, 0x7F, 0xC8, 0x56, 0x7C, 0xC8, 0x56, 0xCE,
    0x3E, 0x46, 0xFF, 0xC8, 0x80, 0xFC, 0xC8, 0xAE, 0x80, 0x02, 0x2A, 0xC9, 0xB6, 0xC8, 0xA0, 0xC6,
    0x0A, 0x3D, 0x1F, 0x98, 0x8E, 0xC8, 0xF3, 0x7F, 0xC8, 0x23, 0xBD, 0xF8, 0x5E, 0xBD, 0xF1, 0xBA,
    0xCC, 0xFB, 0x30, 0xFD, 0xC8, 0x2A, 0x7F, 0xC8, 0x56, 0x7C, 0xC8, 0x56, 0xCE, 0x3D, 0x86, 0xFF,
    0xC8, 0x80, 0xCE, 0x21, 0x84, 0xBD, 0x18, 0x12, 0x86, 0xC8, 0x1F, 0x8B, 0xDE, 0x80, 0xBD, 0xF6,
    0x87, 0xBD, 0xF1, 0x92, 0xBD, 0xF2, 0x89, 0xCE, 0x1A, 0xC8, 0xCC, 0xC0, 0x80, 0xBD, 0xF3, 0x7A,
    0xB6, 0xC8, 0xBF, 0x84, 0x01, 0x27, 0x09, 0xCE, 0x1A, 0x87, 0xCC, 0xB0, 0x80, 0xBD, 0xF3, 0x7A,
    0xB6, 0xC8, 0xBF, 0x84, 0x02, 0x27, 0x09, 0xCE, 0x1A, 0x75, 0xCC, 0xA0, 0x80, 0xBD, 0xF3, 0x7A,
    0xC6, 0xCC, 0xD7, 0x0C, 0xB6, 0xC8, 0x8D, 0x27, 0x1A, 0xBD, 0x18, 0x84, 0x86, 0xCE, 0x97, 0x0C,
    0x8E, 0xCA, 0xD2, 0x86, 0x30, 0x97, 0x04, 0xBD, 0xF3, 0xCE, 0xBD, 0xF1, 0xBA, 0x81, 0x00, 0x27,
    0xA7, 0x20, 0x05, 0x7A, 0xC8, 0x8A, 0x26, 0xE4, 0xB6, 0xC8, 0xF4, 0xB1, 0xC8, 0xA4, 0x27, 0x09,
    0xB7, 0xC8, 0xA4, 0x7C, 0xC9, 0x0D, 0xBD, 0x17, 0xA0, 0x7E, 0x15, 0xEF, 0x0F, 0x23, 0x0F, 0x56,
    0xBD, 0xF5, 0x33, 0x86, 0xFA, 0x8E, 0xC8, 0xF3, 0xBD, 0xF8, 0x5E, 0x86, 0xFA, 0x8E, 0xC8, 0xF3,
    0xBD, 0xF8, 0x5E, 0x96, 0x9B, 0x34, 0x02, 0x86, 0x10, 0x97, 0x9B, 0xBD, 0x12, 0x52, 0xBD, 0x11,
    0x47, 0x0F, 0x56, 0x0C, 0x56, 0xCE, 0x3D, 0xBE, 0xDF, 0x80, 0xBD, 0x14, 0xF3, 0xCC, 0xFB, 0x30,
    0xFD, 0xC8, 0x2A, 0xCE, 0x1A, 0x99, 0xCC, 0xB0, 0x99, 0xBD, 0xF3, 0x7A, 0xBD, 0x0C, 0x83, 0x7D,
    0xC8, 0x56, 0x27, 0x07, 0xBD, 0xF1, 0xBA, 0x81, 0x00, 0x27, 0xDF, 0x35, 0x02, 0xB7, 0xC8, 0x9B,
    0xB6, 0xC8, 0xF4, 0xB1, 0xC8, 0xA4, 0x27, 0x09, 0xB7, 0xC8, 0xA4, 0x7C, 0xC9, 0x0D, 0xBD, 0x17,
    0xA0, 0x39, 0x7F, 0xC8, 0x56, 0xBD, 0xF5, 0x33, 0xBD, 0xF1, 0xBA, 0x86, 0xFF, 0xB7, 0xC8, 0x84,
    0xBD, 0x14, 0xF3, 0xCC, 0xFB, 0x30, 0xFD, 0xC8, 0x2A, 0xCE, 0x1B, 0x99, 0xCC, 0xF0, 0xB0, 0xBD,
    0xF3, 0x7A, 0x7A, 0xC8, 0x84, 0x27, 0x18, 0x7D, 0xC8, 0x56, 0x26, 0x0C, 0x7F, 0xC8, 0x56, 0x7C,
    0xC8, 0x56, 0xCE, 0x3E, 0x5E, 0xFF, 0xC8, 0x80, 0xBD, 0xF1, 0xBA, 0x81, 0x00, 0x27, 0xD1, 0x39,
    0x7F, 0xC8, 0x56, 0xBD, 0xF5, 0x33, 0xBD, 0xF1, 0xBA, 0x86, 0xFF, 0xB7, 0xC8, 0x84, 0x7F, 0xC8,
    0x56, 0x7C, 0xC8, 0x56, 0xCE, 0x3E, 0x78, 0xFF, 0xC8, 0x80, 0xBD, 0x14, 0xF3, 0xCC, 0xFB, 0x30,
    0xFD, 0xC8, 0x2A, 0xCE, 0x1B, 0x7C, 0xCC, 0xF0, 0xB0, 0xBD, 0xF3, 0x7A, 0x7A, 0xC8, 0x84, 0x27,
    0x07, 0xBD, 0xF1, 0xBA, 0x81, 0x00, 0x27, 0xE2, 0x39, 0x7F, 0xC8, 0x56, 0xBD, 0xF5, 0x33, 0xBD,
    0xF1, 0xBA, 0x86, 0xFF, 0xB7, 0xC8, 0x84, 0x7F, 0xC8, 0x56, 0x7C, 0xC8, 0x56, 0xCE, 0x3E, 0x5E,
    0xFF, 0xC8, 0x80, 0xBD, 0x14, 0xF3, 0xCC, 0xFB, 0x30, 0xFD, 0xC8, 0x2A, 0xCE, 0x1B, 0xB3, 0xCC,
    0xF0, 0xB0, 0xBD, 0xF3, 0x7A, 0x7A, 0xC8, 0x84, 0x27, 0x07, 0xBD, 0xF1, 0xBA, 0x81, 0x00, 0x27,
    0xE2, 0x39, 0xBD, 0xF1, 0xAF, 0xDF, 0x94, 0x8E, 0xCA, 0x53, 0xCC, 0x01, 0x7C, 0xBD, 0xF5, 0x48,
    0xAE, 0xC4, 0x10, 0xAE, 0x42, 0xA6, 0x84, 0xA1, 0xA4, 0x24, 0x02, 0xA6, 0xA4, 0xB7, 0xCA, 0x53,
    0x4C, 0x48, 0x97, 0x86, 0x8E, 0xCA, 0x54, 0xEE, 0xC4, 0xA6, 0xC0, 0x4C, 0x48, 0xBD, 0xF6, 0x83,
    0xDE, 0x94, 0x8E, 0xCA, 0xD2, 0xEE, 0xC4, 0xA6, 0xC4, 0x4C, 0x48, 0x4C, 0xBD, 0xF6, 0x83, 0xDE,
    0x94, 0x8E, 0xCB, 0x51, 0xEE, 0x42, 0xA6, 0xC0, 0x4C, 0x48, 0xBD, 0xF6, 0x83, 0xDE, 0x94, 0xA6,
    0x44, 0x4C, 0x97, 0x90, 0x97, 0x91, 0xA6, 0x48, 0x97, 0x92, 0x86, 0x0B, 0x97, 0x8D, 0x8E, 0xCA,
    0x54, 0x10, 0x8E, 0xCB, 0x51, 0xE6, 0xA4, 0x50, 0xEB, 0x80, 0xE7, 0xA0, 0x0A, 0x86, 0x26, 0xF5,
    0xBD, 0xF1, 0xAA, 0x39, 0xB6, 0xC8, 0x8D, 0x81, 0x0B, 0x27, 0x15, 0x81, 0x00, 0x27, 0x0B, 0xBE,
    0xC8, 0x94, 0xEE, 0x06, 0x27, 0x04, 0xBD, 0x18, 0x12, 0x39, 0x86, 0x00, 0xB7, 0xC8, 0x8D, 0x39,
    0x7A, 0xC8, 0x92, 0x27, 0x01, 0x39, 0xFE, 0xC8, 0x94, 0xA6, 0x45, 0xB7, 0xC8, 0x92, 0xB6, 0xC8,
    0x90, 0x27, 0x56, 0xB0, 0xC8, 0x91, 0x27, 0x4D, 0x8E, 0xCA, 0x53, 0xA6, 0x80, 0xB7, 0xCA, 0xD2,
    0x4C, 0x48, 0xB7, 0xC8, 0x86, 0xCE, 0xCB, 0x51, 0x10, 0x8E, 0xCA, 0xD3, 0xF6, 0xC8, 0x91, 0xF0,
    0xC8, 0x90, 0xF7, 0xC8, 0x8E, 0x7F, 0xC8, 0x8F, 0xA6, 0xC0, 0x2A, 0x04, 0x7C, 0xC8, 0x8F, 0x40,
    0xF6, 0xC8, 0x8E, 0x3D, 0x48, 0x48, 0x48, 0x48, 0x54, 0x54, 0x54, 0x54, 0xB7, 0xC8, 0x88, 0xFA,
    0xC8, 0x88, 0x7D, 0xC8, 0x8F, 0x27, 0x04, 0x50, 0x7A, 0xC8, 0x8F, 0x50, 0xEB, 0x80, 0xE7, 0xA0,
    0x7A, 0xC8, 0x86, 0x26, 0xD3, 0x7A, 0xC8, 0x90, 0x39, 0xFE, 0xC8, 0x94, 0x8E, 0xCA, 0xD2, 0xEE,
    0x42, 0xA6, 0xC4, 0x4C, 0x48, 0x4C, 0xBD, 0xF6, 0x83, 0x86, 0x0A, 0xB7, 0xC8, 0x8D, 0x39, 0x9F,
    0x98, 0x9F, 0x9A, 0xCC, 0x00, 0x08, 0xDD, 0x84, 0xD6, 0x9F, 0xD0, 0x9E, 0x4F, 0x0F, 0x88, 0x0D,
    0x85, 0x27, 0x19, 0x0A, 0x88, 0x10, 0x83, 0x00, 0x00, 0x2A, 0x0B, 0x0C, 0x88, 0xD3, 0x84, 0x2B,
    0xFA, 0xD6, 0x88, 0x50, 0x20, 0x08, 0x0C, 0x88, 0x93, 0x84, 0x2A, 0xFA, 0xD6, 0x88, 0xD7, 0xA0,
    0x86, 0x08, 0x97, 0x84, 0x8E, 0xC8, 0xA2, 0xD6, 0x9D, 0x96, 0x9F, 0xE7, 0x80, 0xA7, 0x80, 0x6F,
    0x80, 0x6F, 0x80, 0x6F, 0x80, 0x90, 0xA0, 0x0A, 0x84, 0x26, 0xF0, 0x86, 0xFF, 0xA7, 0x80, 0x39,
    0xB6, 0xC8, 0xA1, 0xBD, 0xF2, 0xAB, 0xCE, 0xC8, 0xA2, 0x86, 0x91, 0x97, 0x04, 0xC6, 0xCC, 0xD7,
    0x0C, 0xEC, 0xC0, 0x81, 0xFF, 0x10, 0x27, 0x00, 0xBC, 0xFB, 0xC8, 0x9C, 0xF1, 0xC8, 0x9E, 0x2E,
    0x65, 0x10, 0xBE, 0xC8, 0x9A, 0xE6, 0xA4, 0xC1, 0x80, 0x26, 0x0A, 0x10, 0xBE, 0xC8, 0x98, 0x10,
    0xBF, 0xC8, 0x9A, 0xE6, 0xA4, 0xC1, 0x20, 0x26, 0x08, 0x8E, 0x00, 0x00, 0xCC, 0x00, 0x00, 0x20,
    0x1F, 0xC1, 0x2E, 0x26, 0x05, 0x8E, 0x1C, 0xD3, 0x20, 0x14, 0xC1, 0x30, 0x26, 0x05, 0x8E, 0x1C,
    0xA0, 0x20, 0x0B, 0xC0, 0x41, 0x58, 0x4F, 0xC3, 0x1E, 0x59, 0x1F, 0x01, 0xAE, 0x84, 0xEC, 0x1E,
    0xAF, 0x41, 0xFD, 0xC8, 0x84, 0xFC, 0xC8, 0x9A, 0xC3, 0x00, 0x01, 0xFD, 0xC8, 0x9A, 0xA6, 0x43,
    0xF6, 0xC8, 0x85, 0xB7, 0xC8, 0x85, 0xE7, 0x43, 0xFB, 0xC8, 0x9F, 0xF0, 0xC8, 0x85, 0xB6, 0xC8,
    0x9D, 0xBB, 0xC8, 0x84, 0xA7, 0x5F, 0xE7, 0xC0, 0x97, 0x01, 0x86, 0xCE, 0x97, 0x0C, 0x4F, 0x97,
    0x00, 0x97, 0x0A, 0x0C, 0x00, 0xD7, 0x01, 0x97, 0x05, 0xC6, 0x40, 0xD5, 0x0D, 0x27, 0xFC, 0xAE,
    0xC1, 0x27, 0x2D, 0x86, 0x06, 0x97, 0x04, 0xA6, 0x80, 0xB7, 0xC8, 0x23, 0xEC, 0x84, 0x97, 0x01,
    0x0F, 0x00, 0x30, 0x02, 0x12, 0x0C, 0x00, 0xD7, 0x01, 0xCC, 0xFF, 0x00, 0x97, 0x0A, 0xD7, 0x05,
    0xCC, 0x00, 0x40, 0xD5, 0x0D, 0x27, 0xFC, 0x12, 0x97, 0x0A, 0xB6, 0xC8, 0x23, 0x4A, 0x2A, 0xD9,
    0x33, 0x41, 0x7E, 0x19, 0x79, 0x39, 0x47, 0x41, 0x4D, 0x45, 0x20, 0x4F, 0x56, 0x45, 0x52, 0x80,
    0x47, 0x41, 0x4D, 0x45, 0x20, 0x50, 0x41, 0x55, 0x53, 0x45, 0x44, 0x80, 0x50, 0x52, 0x45, 0x53,
    0x53, 0x20, 0x42, 0x55, 0x54, 0x54, 0x4F, 0x4E, 0x20, 0x54, 0x4F, 0x20, 0x43, 0x4F, 0x4E, 0x54,
    0x49, 0x4E, 0x55, 0x45, 0x80, 0x47, 0x49, 0x52, 0x4C, 0x20, 0x52, 0x45, 0x53, 0x43, 0x55, 0x45,
    0x44, 0x20, 0x2B, 0x32, 0x30, 0x30, 0x80, 0x46, 0x4C, 0x59, 0x20, 0x43, 0x41, 0x50, 0x54, 0x55,
    0x52, 0x45, 0x44, 0x20, 0x2B, 0x32, 0x30, 0x30, 0x80, 0x4C, 0x45, 0x56, 0x45, 0x4C, 0x20, 0x43,
    0x4F, 0x4D, 0x50, 0x4C, 0x45, 0x54, 0x45, 0x44, 0x20, 0x2B, 0x35, 0x30, 0x30, 0x80, 0xE0, 0x99,
    0x46, 0x52, 0x4F, 0x47, 0x47, 0x45, 0x52, 0x20, 0x44, 0x49, 0x45, 0x44, 0x21, 0x80, 0xD0, 0x99,
    0x43, 0x41, 0x55, 0x53, 0x45, 0x3A, 0x80, 0x00, 0x46, 0x52, 0x4F, 0x47, 0x47, 0x45, 0x52, 0x20,
    0x52, 0x45, 0x41, 0x43, 0x48, 0x45, 0x44, 0x20, 0x48, 0x4F, 0x4D, 0x45, 0x21, 0x80, 0x48, 0x4F,
    0x4D, 0x45, 0x20, 0x57, 0x41, 0x53, 0x20, 0x4F, 0x43, 0x43, 0x55, 0x50, 0x49, 0x45, 0x44, 0x80,
    0x4A, 0x55, 0x4D, 0x50, 0x45, 0x44, 0x20, 0x41, 0x47, 0x41, 0x49, 0x4E, 0x53, 0x54, 0x20, 0x57,
    0x41, 0x4C, 0x4C, 0x80, 0x4F, 0x56, 0x45, 0x52, 0x52, 0x55, 0x4E, 0x20, 0x42, 0x59, 0x20, 0x56,
    0x45, 0x48, 0x49, 0x43, 0x4C, 0x45, 0x80, 0x4D, 0x4F, 0x56, 0x45, 0x44, 0x20, 0x4F, 0x55, 0x54,
    0x20, 0x4F, 0x46, 0x20, 0x42, 0x4F, 0x55, 0x4E, 0x44, 0x53, 0x80, 0x44, 0x52, 0x4F, 0x57, 0x4E,
    0x45, 0x44, 0x20, 0x49, 0x4E, 0x20, 0x52, 0x49, 0x56, 0x45, 0x52, 0x80, 0x42, 0x49, 0x54, 0x54,
    0x45, 0x4E, 0x20, 0x42, 0x59, 0x20, 0x53, 0x4E, 0x41, 0x4B, 0x45, 0x80, 0x45, 0x41, 0x54, 0x45,
    0x4E, 0x20, 0x42, 0x59, 0x20, 0x43, 0x52, 0x4F, 0x43, 0x4F, 0x44, 0x49, 0x4C, 0x45, 0x80, 0x45,
    0x41, 0x54, 0x45, 0x4E, 0x20, 0x42, 0x59, 0x20, 0x4F, 0x54, 0x54, 0x45, 0x52, 0x80, 0x4E, 0x41,
    0x54, 0x55, 0x52, 0x41, 0x4C, 0x20, 0x44, 0x45, 0x41, 0x54, 0x48, 0x80, 0x59, 0x4F, 0x55, 0x20,
    0x57, 0x45, 0x52, 0x45, 0x20, 0x41, 0x57, 0x41, 0x52, 0x44, 0x45, 0x44, 0x20, 0x41, 0x20, 0x4E,
    0x45, 0x57, 0x20, 0x4C, 0x49, 0x46, 0x45, 0x21, 0x80, 0x59, 0x4F, 0x55, 0x20, 0x42, 0x45, 0x41,
    0x54, 0x20, 0x54, 0x48, 0x45, 0x20, 0x47, 0x41, 0x4D, 0x45, 0x21, 0x20, 0x52, 0x45, 0x53, 0x45,
    0x54, 0x21, 0x80, 0x59, 0x4F, 0x55, 0x20, 0x53, 0x45, 0x54, 0x20, 0x41, 0x20, 0x4E, 0x45, 0x57,
    0x20, 0x52, 0x45, 0x43, 0x4F, 0x52, 0x44, 0x21, 0x80, 0x48, 0x49, 0x2E, 0x20, 0x54, 0x48, 0x49,
    0x53, 0x20, 0x47, 0x41, 0x4D, 0x45, 0x20, 0x57, 0x41, 0x53, 0x20, 0x57, 0x52, 0x49, 0x54, 0x54,
    0x45, 0x4E, 0x20, 0x49, 0x4E, 0x20, 0x4D, 0x41, 0x52, 0x43, 0x48, 0x20, 0x4E, 0x49, 0x4E, 0x45,
    0x54, 0x45, 0x45, 0x4E, 0x20, 0x48, 0x55, 0x4E, 0x44, 0x52, 0x45, 0x44, 0x20, 0x4E, 0x49, 0x4E,
    0x45, 0x54, 0x59, 0x45, 0x49, 0x47, 0x48, 0x54, 0x2E, 0x2E, 0x2E, 0x20, 0x42, 0x59, 0x20, 0x43,
    0x48, 0x52, 0x49, 0x53, 0x54, 0x4F, 0x50, 0x48, 0x45, 0x52, 0x20, 0x53, 0x41, 0x4C, 0x4F, 0x4D,
    0x4F, 0x4E, 0x2E, 0x2E, 0x2E, 0x20, 0x53, 0x4F, 0x4D, 0x45, 0x20, 0x47, 0x52, 0x45, 0x45, 0x54,
    0x49, 0x4E, 0x47, 0x53, 0x20, 0x47, 0x4F, 0x20, 0x54, 0x4F, 0x2E, 0x2E, 0x2E, 0x20, 0x41, 0x4E,
    0x4A, 0x45, 0x45, 0x20, 0x2E, 0x2E, 0x2E, 0x20, 0x46, 0x49, 0x44, 0x50, 0x4F, 0x30, 0x20, 0x2E,
    0x2E, 0x2E, 0x20, 0x46, 0x49, 0x4C, 0x4C, 0x59, 0x30, 0x20, 0x2E, 0x2E, 0x2E, 0x20, 0x46, 0x55,
    0x4D, 0x4F, 0x53, 0x30, 0x20, 0x2E, 0x2E, 0x2E, 0x20, 0x46, 0x55, 0x42, 0x4F, 0x30, 0x20, 0x2E,
    0x2E, 0x2E, 0x20, 0x41, 0x4E, 0x44, 0x20, 0x4A, 0x41, 0x4D, 0x45, 0x53, 0x2E, 0x20, 0x2E, 0x2E,
    0x2E, 0x20, 0x2E, 0x20, 0x20, 0x20, 0x2E, 0x20, 0x20, 0x20, 0x20, 0x2E, 0x20, 0x20, 0x20, 0x20,
    0x20, 0x2E, 0x20, 0x20, 0x20, 0x20, 0x20, 0x20, 0x20, 0x20, 0x20, 0x20, 0x20, 0x80, 0x00, 0x00,
    0x17, 0x32, 0x32, 0xE7, 0x32, 0x32, 0x19, 0x32, 0xCE, 0x00, 0x32, 0xE7, 0x19, 0x19, 0x4B, 0xE7,
    0x64, 0x19, 0x00, 0xE7, 0x19, 0xE7, 0x00, 0xB5, 0x32, 0xB5, 0xCE, 0xE7, 0x00, 0xE7, 0xE7, 0x19,
    0x00, 0xE7, 0x9C, 0x19, 0xB5, 0xE7, 0xE7, 0x00, 0xCE, 0x32, 0x32, 0x32, 0xE7, 0xE7, 0xCE, 0x32,
    0xCE, 0xFB, 0x01, 0x03, 0x00, 0x32, 0xCE, 0x00, 0x00, 0xCE, 0x32, 0x00, 0xF9, 0x01, 0x06, 0x7D,
    0x00, 0x7D, 0x32, 0x00, 0x19, 0x83, 0x32, 0x83, 0x00, 0x7D, 0x00, 0x00, 0x83, 0xF9, 0x01, 0x08,
    0x7D, 0x00, 0x7D, 0x00, 0x00, 0x4B, 0xCE, 0x19, 0xE7, 0x00, 0xE7, 0xCE, 0xCE, 0x4B, 0xB5, 0x00,
    0xE7, 0x83, 0x05, 0x08, 0x07, 0x19, 0xE7, 0x00, 0xB5, 0xE7, 0xE7, 0x83, 0x00, 0xB5, 0x00, 0xE7,
    0x19, 0x00, 0x4B, 0x19, 0x19, 0xF9, 0x01, 0x07, 0x7D, 0x00, 0x7D, 0x00, 0x00, 0x4B, 0xE7, 0x19,
    0x9C, 0x19, 0x9C, 0xE7, 0xE7, 0xE7, 0x00, 0xB5, 0xF9, 0x08, 0x05, 0x00, 0x83, 0x64, 0x00, 0x19,
    0x64, 0x19, 0x9C, 0x64, 0x00, 0x00, 0x7D, 0xF9, 0x01, 0x04, 0x64, 0x00, 0x19, 0x64, 0x19, 0x9C,
    0x64, 0x00, 0x00, 0x7D, 0x05, 0x08, 0x09, 0x19, 0xE7, 0x00, 0xB5, 0xE7, 0xE7, 0x9C, 0x00, 0x9C,
    0x00, 0xE7, 0x19, 0x00, 0x4B, 0x19, 0x19, 0x64, 0x00, 0x00, 0x9C, 0x06, 0x01, 0x06, 0x83, 0x00,
    0x83, 0x00, 0x7D, 0x00, 0x00, 0x7D, 0x7D, 0x00, 0x83, 0x00, 0x83, 0x00, 0x06, 0x01, 0x05, 0x00,
    0x64, 0x00, 0xCE, 0x83, 0x00, 0x83, 0x00, 0x00, 0xCE, 0x00, 0x64, 0x06, 0x01, 0x06, 0x00, 0x7D,
    0x83, 0x00, 0x9C, 0x00, 0xE7, 0xE7, 0x00, 0xB5, 0x19, 0xE7, 0x32, 0x00, 0x06, 0x01, 0x02, 0x83,
    0x00, 0x83, 0x00, 0x00, 0x7D, 0xF9, 0x01, 0x05, 0x7D, 0x00, 0x7D, 0x00, 0x83, 0x32, 0x7D, 0x32,
    0x83, 0x00, 0x83, 0x00, 0xF9, 0x01, 0x05, 0x7D, 0x00, 0x7D, 0x00, 0x83, 0x32, 0x83, 0x32, 0x7D,
    0x00, 0x7D, 0x00, 0xF9, 0x03, 0x09, 0x19, 0xE7, 0x64, 0x00, 0x64, 0x00, 0x19, 0x19, 0x00, 0x4B,
    0xE7, 0x19, 0x9C, 0x00, 0x9C, 0x00, 0xE7, 0xE7, 0x00, 0xB5, 0xF9, 0x01, 0x06, 0x7D, 0x00, 0x7D,
    0x00, 0x00, 0x64, 0xE7, 0x19, 0xB5, 0x00, 0xE7, 0xE7, 0x00, 0x9C, 0xF9, 0x01, 0x08, 0x7D, 0x00,
    0x7D, 0x00, 0x00, 0x64, 0xE7, 0x19, 0xB5, 0x00, 0xE7, 0xE7, 0x00, 0x9C, 0x00, 0x4B, 0x83, 0x32,
    0x05, 0x08, 0x0A, 0x19, 0xE7, 0x00, 0xB5, 0xE7, 0xE7, 0xB5, 0x00, 0xE7, 0x19, 0x00, 0x4B, 0xE7,
    0x19, 0xB5, 0x00, 0xE7, 0xE7, 0x00, 0xB5, 0x19, 0xE7, 0x06, 0x01, 0x03, 0x00, 0x64, 0x00, 0xCE,
    0x83, 0x00, 0x83, 0x00, 0x06, 0x01, 0x06, 0x83, 0x00, 0x9C, 0x00, 0xE7, 0x19, 0x00, 0x4B, 0x19,
    0x19, 0x64, 0x00, 0x7D, 0x00, 0x06, 0x01, 0x03, 0x83, 0x19, 0x83, 0x19, 0x7D, 0x19, 0x7D, 0x19,
    0x06, 0x01, 0x05, 0x83, 0x00, 0x83, 0x00, 0x64, 0x32, 0x9C, 0x32, 0x7D, 0x00, 0x7D, 0x00, 0x06,
    0x01, 0x05, 0x83, 0x32, 0x83, 0x32, 0x7D, 0xCE, 0x7D, 0x32, 0x83, 0xCE, 0x83, 0xCE, 0x06, 0x01,
    0x03, 0x83, 0x32, 0x7D, 0x32, 0x83, 0xCE, 0x83, 0x00, 0x1C, 0xDE, 0x1C, 0xEF, 0x1D, 0x04, 0x1D,
    0x17, 0x1D, 0x2A, 0x1D, 0x39, 0x1D, 0x46, 0x1D, 0x5D, 0x1D, 0x6E, 0x1D, 0x7D, 0x1D, 0x8C, 0x1D,
    0x8E, 0x1D, 0x97, 0x1D, 0xA6, 0x1D, 0xB5, 0x1D, 0xCC, 0x1D, 0xDB, 0x1D, 0xDD, 0x1D, 0xF2, 0x1E,
    0x0B, 0x1E, 0x16, 0x1E, 0x27, 0x1E, 0x32, 0x1E, 0x41, 0x1E, 0x50, 0x1E, 0x59, 0x0B, 0x3C, 0x00,
    0x00, 0xC4, 0xC4, 0x00, 0xC4, 0x00, 0x00, 0x3C, 0x3C, 0x00, 0xC4, 0x00, 0x00, 0xC4, 0x3C, 0x00,
    0x3C, 0x00, 0x00, 0x3C, 0xC4, 0x00, 0x07, 0xC4, 0x00, 0x3C, 0x00, 0x3C, 0x00, 0x00, 0xF4, 0xE8,
    0xE8, 0x18, 0x18, 0x00, 0x0C, 0xC4, 0x00, 0x09, 0x3C, 0x00, 0x00, 0xC4, 0x00, 0x3C, 0xC4, 0x00,
    0x00, 0xC4, 0xC4, 0x00, 0x00, 0x3C, 0x00, 0xC4, 0x3C, 0x00, 0x00, 0x3C, 0x09, 0x3C, 0x00, 0x00,
    0xC4, 0x00, 0x3C, 0xC4, 0x00, 0x00, 0xDC, 0x00, 0x24, 0xC4, 0x00, 0x00, 0xC4, 0x00, 0x3C, 0x3C,
    0x00, 0x08, 0x00, 0xC4, 0x3C, 0x00, 0xC4, 0x00, 0x00, 0x24, 0x24, 0x00, 0xDC, 0x00, 0xC4, 0x00,
    0x3C, 0x00, 0x00, 0x18, 0x09, 0xC4, 0x00, 0x00, 0xC4, 0x00, 0x3C, 0x3C, 0x00, 0x00, 0xC4, 0x3C,
    0x00, 0x00, 0x3C, 0x00, 0xC4, 0xC4, 0x00, 0x00, 0x3C, 0x00, 0x00, 0x00, 0x29, 0x0C, 0x0C, 0xF4,
    0x0C, 0xDC, 0xF4, 0xF4, 0x0C, 0x0C, 0x0C, 0xF4, 0x0C, 0x0C, 0x0C, 0x24, 0xF4, 0x0C, 0x0C, 0xF4,
    0x0C, 0x0C, 0xF4, 0xF4, 0xF4, 0xDC, 0x0C, 0x18, 0x0C, 0xDC, 0x00, 0x18, 0x00, 0x0C, 0x0C, 0xF4,
    0x00, 0xE8, 0x0C, 0x3C, 0x0C, 0xE8, 0x00, 0x00, 0xF4, 0x00, 0x0C, 0xDC, 0x00, 0x0C, 0x0C, 0x30,
    0x0C, 0xE8, 0x00, 0x00, 0xF4, 0x00, 0x0C, 0xDC, 0x00, 0x0C, 0x18, 0x18, 0x00, 0xE8, 0xF4, 0xF4,
    0x18, 0x24, 0x0C, 0x00, 0x0C, 0xF4, 0x00, 0xE8, 0x00, 0x18, 0x00, 0x0C, 0x0C, 0xDC, 0x0C, 0x00,
    0x0C, 0x1B, 0x0C, 0x0C, 0xF4, 0x0C, 0xF4, 0x00, 0xE8, 0x00, 0xF4, 0xF4, 0x0C, 0x0C, 0xF4, 0x0C,
    0x0C, 0x0C, 0x0C, 0x00, 0x0C, 0xF4, 0x00, 0xF4, 0xE8, 0x00, 0xF4, 0x0C, 0x18, 0x18, 0x0C, 0x00,
    0xE8, 0x00, 0xF4, 0x0C, 0x0C, 0x0C, 0x0C, 0x00, 0x0C, 0x00, 0xE8, 0x00, 0xE8, 0x00, 0xF4, 0xF4,
    0x00, 0xF4, 0x0C, 0x0C, 0x0C, 0x18, 0x0C, 0x0C, 0x00, 0x0C, 0x2E, 0xF4, 0x18, 0x0C, 0x0C, 0x0C,
    0xF4, 0xE8, 0xF4, 0xF4, 0x00, 0xE8, 0x0C, 0x00, 0x0C, 0x00, 0x0C, 0x0C, 0x0C, 0x24, 0x0C, 0x0C,
    0xF4, 0xE8, 0xF4, 0xDC, 0x00, 0x18, 0x00, 0x0C, 0x0C, 0xF4, 0x0C, 0xF4, 0x00, 0xF4, 0x0C, 0x0C,
    0x00, 0x18, 0x0C, 0xDC, 0x00, 0x18, 0x00, 0x0C, 0x0C, 0xE8, 0x00, 0xF4, 0x00, 0x0C, 0x0C, 0x18,
    0x0C, 0xF4, 0x0C, 0xF4, 0x00, 0xF4, 0xF4, 0x00, 0x0C, 0x0C, 0x0C, 0xF4, 0x0C, 0xF4, 0xF4, 0x00,
    0xC4, 0x00, 0xC4, 0xF4, 0xF4, 0xF4, 0x0C, 0x0C, 0x24, 0x00, 0x24, 0x00, 0x24, 0xF4, 0x0C, 0xF4,
    0xF4, 0x0C, 0xD0, 0xF4, 0xE8, 0xF4, 0x18, 0xF4, 0x0C, 0x3E, 0xC4, 0x0C, 0xF4, 0xF4, 0x00, 0x0C,
    0xF4, 0x00, 0x0C, 0x0C, 0xF4, 0x0C, 0x18, 0xF4, 0x3C, 0x00, 0xD0, 0x18, 0xC4, 0xF4, 0xF4, 0xF4,
    0x00, 0x0C, 0xF4, 0x0C, 0x0C, 0x0C, 0x00, 0x0C, 0x0C, 0xF4, 0x24, 0x00, 0x18, 0x18, 0xE8, 0x18,
    0xDC, 0x00, 0xF4, 0xF4, 0x00, 0x0C, 0xF4, 0x0C, 0x0C, 0x0C, 0x00, 0x0C, 0x0C, 0xF4, 0x3C, 0xF4,
    0x30, 0x18, 0xC4, 0x00, 0xE8, 0xF4, 0x0C, 0x0C, 0xF4, 0x0C, 0x0C, 0x00, 0x00, 0x0C, 0x0C, 0xF4,
    0x3C, 0x0C, 0x30, 0xF4, 0x0C, 0xF4, 0xDC, 0xF4, 0xE8, 0xD0, 0x18, 0xD0, 0x24, 0xF4, 0xE8, 0x18,
    0xF4, 0x24, 0x0C, 0x24, 0x18, 0x18, 0x0C, 0x00, 0x18, 0xE8, 0x00, 0xF4, 0xF4, 0xF4, 0xF4, 0x0C,
    0x0C, 0x18, 0x0C, 0xDC, 0x00, 0xE8, 0xF4, 0xDC, 0xF4, 0x18, 0x0C, 0x0C, 0x0C, 0xF4, 0x00, 0xF4,
    0xE8, 0xE8, 0xF4, 0x00, 0xF4, 0xF4, 0xD0, 0xF4, 0x27, 0x3C, 0x00, 0x00, 0x0C, 0x0C, 0xF4, 0x18,
    0x18, 0x00, 0x18, 0xF4, 0x00, 0x0C, 0x0C, 0x00, 0x24, 0xE8, 0x18, 0xF4, 0xF4, 0x00, 0x0C, 0xDC,
    0x00, 0x0C, 0xF4, 0xE8, 0x0C, 0xC4, 0x00, 0xE8, 0x00, 0x00, 0xC4, 0x00, 0xC4, 0x3C, 0x00, 0x0C,
    0x18, 0x00, 0x24, 0x00, 0x30, 0x0C, 0xF4, 0x00, 0xE8, 0x18, 0x00, 0x00, 0x0C, 0x0C, 0x0C, 0x0C,
    0xF4, 0x00, 0xF4, 0xD0, 0x00, 0x00, 0xF4, 0x30, 0x00, 0xD0, 0x00, 0x00, 0xF4, 0x18, 0xF4, 0x0C,
    0x0C, 0x0C, 0xF4, 0x00, 0xF4, 0xD0, 0x00, 0xF4, 0xE8, 0x2F, 0x00, 0x30, 0xE8, 0xE8, 0x00, 0x0C,
    0xF4, 0x0C, 0x0C, 0x0C, 0x00, 0x0C, 0x18, 0xE8, 0x18, 0x18, 0x18, 0xF4, 0xF4, 0x24, 0x0C, 0xDC,
    0x18, 0xF4, 0x18, 0x18, 0x00, 0x30, 0xE8, 0x18, 0xE8, 0xF4, 0xF4, 0xDC, 0x24, 0x00, 0x0C, 0x0C,
    0xF4, 0x0C, 0xF4, 0xF4, 0x18, 0xE8, 0xF4, 0xF4, 0xF4, 0x0C, 0x0C, 0x0C, 0xDC, 0x00, 0x0C, 0x24,
    0xE8, 0xF4, 0xE8, 0x18, 0xE8, 0xE8, 0x00, 0x0C, 0xF4, 0x0C, 0x0C, 0x0C, 0x00, 0x0C, 0x18, 0xE8,
    0x00, 0x30, 0xF4, 0xF4, 0xF4, 0x00, 0xF4, 0xF4, 0xF4, 0x00, 0xF4, 0xDC, 0x00, 0xDC, 0x00, 0xDC,
    0x0C, 0xDC, 0x0C, 0x00, 0x0C, 0xF4, 0x0C, 0x00, 0x0C, 0xF4, 0x1F, 0xF9, 0x1F, 0x0C, 0x0F, 0x02,
    0x21, 0x33, 0x50, 0x1F, 0x0C, 0x1F, 0x61, 0x0F, 0x02, 0x21, 0x3C, 0x50, 0x1F, 0x61, 0x1F, 0x9A,
    0x0F, 0x02, 0x00, 0x00, 0x50, 0x1E, 0xF4, 0x1E, 0xE1, 0x0F, 0x02, 0x21, 0x4E, 0x14, 0x1E, 0xE1,
    0x1E, 0xCC, 0x0F, 0x02, 0x21, 0x57, 0x14, 0x1E, 0xCC, 0x1E, 0xB7, 0x0F, 0x02, 0x21, 0x60, 0x14,
    0x1E, 0xB7, 0x1E, 0xA6, 0x0F, 0x02, 0x21, 0x69, 0x14, 0x1E, 0xA6, 0x1E, 0x8D, 0x0F, 0x02, 0x21,
    0x72, 0x14, 0x1E, 0x8D, 0x1F, 0x09, 0x0F, 0x02, 0x00, 0x00, 0x14, 0x1F, 0xF9, 0x20, 0x78, 0x0F,
    0x02, 0x00, 0x00, 0x14, 0x1F, 0xF9, 0x20, 0xC9, 0x0F, 0x02, 0x00, 0x00, 0x14, 0x14, 0x00, 0x78,
    0x28, 0x00, 0x00, 0x50, 0xD8, 0x00, 0x00, 0x50, 0x28, 0x00, 0x00, 0x50, 0xD8, 0x00, 0x00, 0x50,
    0x28, 0x00, 0x00, 0x50, 0xD8, 0x00, 0x00, 0x50, 0x28, 0x00, 0x00, 0x50, 0xD8, 0x00, 0x00, 0x50,
    0x28, 0x00, 0x00, 0x50, 0xD8, 0x00, 0x00, 0x78, 0x00, 0xFC, 0x00, 0xFC, 0x03, 0xFC, 0xF9, 0xFC,
    0x0F, 0x4B, 0x4B, 0x19, 0xE7, 0x19, 0x19, 0x00, 0x7D, 0xE7, 0x19, 0xE7, 0xE7, 0xB5, 0x4B, 0x9C,
    0xCE, 0xE7, 0x19, 0x00, 0xCE, 0x32, 0xCE, 0x00, 0xE7, 0xCE, 0xCE, 0x00, 0xCE, 0x19, 0x19, 0x64,
    0xCE, 0x11, 0xE7, 0x00, 0x00, 0x4B, 0xE7, 0x19, 0x9C, 0x00, 0xE7, 0xE7, 0x00, 0x32, 0x64, 0x00,
    0xB5, 0x4B, 0xE7, 0xCE, 0x00, 0x64, 0x19, 0xE7, 0x19, 0x19, 0x32, 0x00, 0x32, 0xE7, 0x19, 0xB5,
    0x32, 0xCE, 0x00, 0xCE, 0xCE, 0xCE, 0x11, 0x19, 0x19, 0x19, 0xE7, 0x32, 0x00, 0x32, 0x19, 0x19,
    0x4B, 0x32, 0x32, 0x00, 0x32, 0xCE, 0x32, 0xE7, 0x00, 0x00, 0xB5, 0xE7, 0xE7, 0x9C, 0x00, 0xE7,
    0x19, 0x00, 0xCE, 0x64, 0x00, 0xB5, 0xB5, 0xE7, 0x32, 0x00, 0x9C, 0x07, 0xB5, 0x32, 0x00, 0x4B,
    0x4B, 0x32, 0xE7, 0xB5, 0x64, 0x00, 0x00, 0xB5, 0x9C, 0x32, 0x19, 0xB5, 0x00, 0x22, 0x2B, 0x00,
    0x03, 0x22, 0x58, 0xFC, 0x04, 0x60, 0x00, 0x07, 0xB5, 0x32, 0x00, 0x4B, 0x4B, 0x32, 0xE7, 0xB5,
    0x64, 0x19, 0x00, 0xB5, 0x9C, 0x19, 0x19, 0xB5, 0x00, 0x22, 0x47, 0x00, 0x03, 0x22, 0x74, 0xFC,
    0x04, 0x60, 0x00, 0x07, 0xB5, 0x32, 0x00, 0x4B, 0x4B, 0x32, 0xE7, 0xB5, 0x64, 0x32, 0x00, 0xB5,
    0x9C, 0x00, 0x19, 0xB5, 0x00, 0x22, 0x63, 0x00, 0x03, 0x22, 0x7F, 0xFC, 0x04, 0x60, 0x00, 0x00,
    0x22, 0x47, 0x00, 0x03, 0x22, 0x3C, 0xFC, 0x04, 0x60, 0x00, 0x00, 0x22, 0x06, 0x0A, 0x32, 0x22,
    0x95, 0xF9, 0xFC, 0x7F, 0x20, 0x00, 0x21, 0xE1, 0x0A, 0x32, 0x22, 0x8A, 0x02, 0x0A, 0x7F, 0x21,
    0x1B, 0x4B, 0x4B, 0x19, 0xE7, 0x19, 0x19, 0x00, 0x7D, 0xE7, 0x19, 0xE7, 0xE7, 0x00, 0xCE, 0x19,
    0x00, 0x00, 0xE7, 0xE7, 0x00, 0x00, 0xCE, 0xE7, 0x00, 0x00, 0x32, 0x9C, 0x00, 0x00, 0x19, 0x64,
    0x00, 0x00, 0x32, 0x19, 0x00, 0xB5, 0x4B, 0x9C, 0xCE, 0xE7, 0x19, 0x00, 0xCE, 0x32, 0xCE, 0x00,
    0xE7, 0xCE, 0xCE, 0x00, 0xCE, 0x19, 0x19, 0x64, 0xCE, 0x01, 0x40, 0x83, 0x00, 0x83, 0x00, 0x00,
    0x7D, 0xFE, 0x22, 0xD9, 0x00, 0x64, 0x22, 0xE1, 0x00, 0x00, 0x01, 0x00, 0x00, 0x7D, 0x00, 0x83,
    0x9C, 0x00, 0xE7, 0x64, 0xE7, 0x9C, 0x9C, 0x00, 0x00, 0x7D, 0xFE, 0x22, 0xEA, 0x00, 0x64, 0x22,
    0xFA, 0x00, 0x00, 0x01, 0x30, 0x83, 0x32, 0x83, 0x19, 0x7D, 0x19, 0x7D, 0x32, 0xFE, 0x23, 0x03,
    0x00, 0x64, 0x23, 0x0D, 0x00, 0x00, 0x00, 0xD0, 0x83, 0x00, 0x83, 0x00, 0x00, 0x32, 0x19, 0x32,
    0x19, 0x19, 0x7D, 0x00, 0x19, 0x00, 0x19, 0xE7, 0x19, 0xCE, 0x00, 0xCE, 0xFE, 0x23, 0x16, 0x00,
    0x64, 0x23, 0x2C, 0x00, 0x00, 0x00, 0xB0, 0x83, 0x00, 0xE7, 0x19, 0xE7, 0x32, 0x00, 0x19, 0x19,
    0x32, 0x19, 0x19, 0x7D, 0x00, 0x19, 0xE7, 0x19, 0xCE, 0x00, 0xE7, 0xE7, 0xCE, 0xE7, 0xE7, 0xFE,
    0x23, 0x35, 0x00, 0x64, 0x23, 0x4F, 0xFC, 0x00, 0x01, 0x10, 0x7D, 0x00, 0x7D, 0x00, 0x83, 0x4B,
    0x83, 0x4B, 0x7D, 0x00, 0x7D, 0x00, 0xFE, 0x23, 0x58, 0x00, 0x64, 0x23, 0x66, 0xF2, 0x00, 0x09,
    0x83, 0x64, 0xB5, 0x19, 0x4B, 0x19, 0x7D, 0x64, 0xE7, 0xB5, 0xB5, 0xE7, 0x19, 0xE7, 0xE7, 0xE7,
    0x4B, 0xE7, 0x19, 0xB5, 0x00, 0x23, 0x6F, 0x00, 0x05, 0x23, 0xA4, 0x01, 0x02, 0x60, 0x83, 0x09,
    0xB5, 0x4B, 0xB5, 0x19, 0x4B, 0x19, 0x4B, 0x4B, 0x00, 0xCE, 0xCE, 0xE7, 0x19, 0xE7, 0xE7, 0xE7,
    0x32, 0xE7, 0x00, 0xCE, 0x00, 0x23, 0x8F, 0x00, 0x05, 0x23, 0xC4, 0xFE, 0x03, 0x60, 0x83, 0x09,
    0xB5, 0x32, 0xB5, 0x19, 0x4B, 0x19, 0x4B, 0x32, 0xE7, 0xCE, 0xE7, 0x00, 0x19, 0xE7, 0xE7, 0xE7,
    0x19, 0x00, 0x19, 0xCE, 0x00, 0x23, 0xAF, 0x00, 0x05, 0x23, 0xCF, 0xFE, 0x05, 0x60, 0x83, 0x00,
    0x23, 0x8F, 0x00, 0x05, 0x23, 0x84, 0xFE, 0x03, 0x60, 0x83, 0x00, 0xA0, 0x7D, 0x7D, 0x83, 0x00,
    0x4B, 0x19, 0xCE, 0x32, 0xE7, 0xCE, 0x00, 0x64, 0x32, 0x64, 0xCE, 0x00, 0x9C, 0xB5, 0x32, 0xCE,
    0x00, 0x9C, 0xCE, 0xCE, 0x64, 0xB5, 0xFF, 0x23, 0xDA, 0x14, 0x05, 0x24, 0x1D, 0xFE, 0x01, 0x60,
    0x00, 0x00, 0xA0, 0x7D, 0x7D, 0x83, 0x00, 0x4B, 0x19, 0xCE, 0x19, 0xE7, 0xE7, 0x00, 0x4B, 0x19,
    0x7D, 0xE7, 0x00, 0x9C, 0xB5, 0x32, 0xCE, 0x00, 0x9C, 0xCE, 0xCE, 0x64, 0xB5, 0xFF, 0x24, 0x01,
    0x14, 0x05, 0x24, 0x42, 0xFE, 0x01, 0x60, 0x00, 0x00, 0xB0, 0x7D, 0x7D, 0x83, 0x00, 0x32, 0x00,
    0xE7, 0x32, 0xE7, 0xE7, 0x00, 0x4B, 0x00, 0x7D, 0x9C, 0xB5, 0x32, 0xCE, 0x00, 0x9C, 0xCE, 0xCE,
    0x64, 0xB5, 0xFF, 0x24, 0x28, 0x14, 0x05, 0x24, 0x4D, 0xFE, 0x01, 0x60, 0x00, 0xFF, 0x24, 0x01,
    0x14, 0x05, 0x23, 0xF6, 0xFE, 0x01, 0x60, 0x00, 0x00, 0xB0, 0x00, 0x4B, 0x00, 0x7D, 0x64, 0x00,
    0x9C, 0x19, 0xE7, 0x4B, 0xB5, 0x19, 0xE7, 0xB5, 0x19, 0xB5, 0x00, 0xCE, 0xE7, 0xB5, 0x19, 0xB5,
    0x64, 0x19, 0x01, 0x24, 0x58, 0x10, 0x05, 0x24, 0x97, 0xFF, 0x03, 0x60, 0x00, 0x00, 0xB0, 0x00,
    0x4B, 0x00, 0x7D, 0x64, 0x00, 0x9C, 0x19, 0xE7, 0x4B, 0xB5, 0x19, 0xCE, 0xB5, 0x32, 0xB5, 0x00,
    0xCE, 0xCE, 0xB5, 0x32, 0xB5, 0x64, 0x19, 0x01, 0x24, 0x7D, 0x10, 0x05, 0x24, 0x72, 0x00, 0x03,
    0x60, 0x00, 0x00, 0xB0, 0xCE, 0x4B, 0x32, 0x4B, 0x00, 0x32, 0xCE, 0x4B, 0x32, 0x4B, 0x64, 0xE7,
    0x00, 0xB5, 0x00, 0x83, 0x64, 0x00, 0x9C, 0xE7, 0xE7, 0xB5, 0xB5, 0xE7, 0xFF, 0x24, 0xA2, 0x10,
    0x05, 0x24, 0xE1, 0xFB, 0x01, 0x60, 0x00, 0x00, 0xB0, 0xE7, 0x4B, 0x19, 0x4B, 0x00, 0x32, 0xE7,
    0x4B, 0x19, 0x4B, 0x64, 0xE7, 0x00, 0xB5, 0x00, 0x83, 0x64, 0x00, 0x9C, 0xE7, 0xE7, 0xB5, 0xB5,
    0xE7, 0xFF, 0x24, 0xC7, 0x10, 0x05, 0x24, 0xBC, 0xFA, 0x01, 0x60, 0x00, 0x00, 0xC0, 0x9C, 0x19,
    0xCE, 0x32, 0x32, 0x32, 0x00, 0x7D, 0xCE, 0x32, 0x32, 0x32, 0x64, 0xCE, 0x00, 0x83, 0x64, 0xE7,
    0x00, 0x83, 0x9C, 0xE7, 0x01, 0x24, 0xEC, 0x14, 0x05, 0x25, 0x27, 0x00, 0x01, 0x60, 0x00, 0x00,
    0xC0, 0x64, 0x00, 0x64, 0x19, 0x00, 0x7D, 0x9C, 0x19, 0x00, 0x7D, 0x9C, 0x19, 0xCE, 0xCE, 0x32,
    0xCE, 0x00, 0x83, 0xCE, 0xCE, 0x32, 0xCE, 0x01, 0x25, 0x0F, 0x14, 0x05, 0x25, 0x4A, 0xFB, 0x02,
    0x60, 0x00, 0x00, 0xC0, 0x64, 0x19, 0x64, 0x19, 0x00, 0x7D, 0x9C, 0x19, 0x00, 0x7D, 0x9C, 0x00,
    0xCE, 0xCE, 0x32, 0xCE, 0x00, 0x83, 0xCE, 0xCE, 0x32, 0xCE, 0x01, 0x25, 0x32, 0x14, 0x05, 0x25,
    0x55, 0xFB, 0x02, 0x60, 0x00, 0x01, 0x25, 0x0F, 0x14, 0x05, 0x25, 0x04, 0xFB, 0x02, 0x60, 0x00,
    0x02, 0x24, 0xEC, 0x14, 0x03, 0x25, 0x6B, 0x00, 0x01, 0x60, 0x00, 0x02, 0x25, 0x0F, 0x14, 0x03,
    0x25, 0x76, 0xFB, 0x02, 0x60, 0x00, 0x02, 0x25, 0x32, 0x14, 0x03, 0x25, 0x81, 0xFB, 0x02, 0x60,
    0x00, 0x02, 0x25, 0x0F, 0x14, 0x03, 0x25, 0x60, 0xFB, 0x02, 0x60, 0x00, 0x00, 0xC0, 0xCE, 0x32,
    0x32, 0x32, 0x00, 0x7D, 0xCE, 0x32, 0x32, 0x32, 0x64, 0x19, 0x64, 0xE7, 0x00, 0x83, 0x9C, 0xE7,
    0x00, 0x83, 0x9C, 0xCE, 0xFF, 0x25, 0x8C, 0x14, 0x05, 0x25, 0xC7, 0xFB, 0x01, 0x60, 0x00, 0x00,
    0xC0, 0x64, 0x19, 0x00, 0x7D, 0x64, 0x19, 0x00, 0x7D, 0x9C, 0x19, 0x9C, 0x00, 0xCE, 0xCE, 0x32,
    0xCE, 0x00, 0x83, 0xCE, 0xCE, 0x32, 0xCE, 0xFF, 0x25, 0xAF, 0x14, 0x05, 0x25, 0xEA, 0xFB, 0x01,
    0x60, 0x00, 0x00, 0xC0, 0x64, 0x00, 0x00, 0x7D, 0x64, 0x19, 0x00, 0x7D, 0x9C, 0x19, 0x9C, 0x19,
    0xCE, 0xCE, 0x32, 0xCE, 0x00, 0x83, 0xCE, 0xCE, 0x32, 0xCE, 0xFF, 0x25, 0xD2, 0x14, 0x05, 0x25,
    0xF5, 0xFB, 0x01, 0x60, 0x00, 0xFF, 0x25, 0xAF, 0x14, 0x05, 0x25, 0xA4, 0xFB, 0x01, 0x60, 0x00,
    0xFE, 0x25, 0x8C, 0x14, 0x03, 0x26, 0x0B, 0xFB, 0x01, 0x60, 0x00, 0xFE, 0x25, 0xAF, 0x14, 0x03,
    0x26, 0x16, 0xFB, 0x01, 0x60, 0x00, 0xFE, 0x25, 0xD2, 0x14, 0x03, 0x26, 0x21, 0xFB, 0x01, 0x60,
    0x00, 0xFE, 0x25, 0xAF, 0x14, 0x03, 0x26, 0x00, 0xFB, 0x01, 0x60, 0x00, 0x00, 0x50, 0x00, 0x7D,
    0x00, 0x7D, 0x00, 0x7D, 0x00, 0x64, 0x9C, 0x19, 0x00, 0x7D, 0xB5, 0x19, 0xE7, 0xB5, 0xCE, 0xCE,
    0x00, 0xB5, 0x32, 0xCE, 0xE7, 0x9C, 0x19, 0x83, 0xCE, 0xCE, 0x00, 0xB5, 0x32, 0xCE, 0x64, 0x00,
    0x7D, 0x00, 0x01, 0x26, 0x2C, 0x23, 0x05, 0x26, 0x83, 0x06, 0x01, 0x60, 0x00, 0x00, 0x50, 0x00,
    0x7D, 0x00, 0x7D, 0x00, 0x7D, 0x00, 0x64, 0x9C, 0x19, 0x00, 0x7D, 0xB5, 0x19, 0xE7, 0xB5, 0xCE,
    0xCE, 0x00, 0xB5, 0x32, 0xCE, 0x00, 0x9C, 0x00, 0x83, 0xCE, 0xCE, 0x00, 0xB5, 0x32, 0xCE, 0x64,
    0x00, 0x7D, 0x00, 0x01, 0x26, 0x5D, 0x23, 0x05, 0x26, 0xB4, 0x06, 0x01, 0x60, 0x00, 0x00, 0x50,
    0x00, 0x7D, 0x00, 0x7D, 0x00, 0x7D, 0x00, 0x64, 0x9C, 0x19, 0x00, 0x7D, 0xB5, 0x19, 0xE7, 0xB5,
    0xCE, 0xCE, 0x00, 0xB5, 0x32, 0xCE, 0x19, 0x9C, 0xE7, 0x83, 0xCE, 0xCE, 0x00, 0xB5, 0x32, 0xCE,
    0x64, 0x00, 0x7D, 0x00, 0x01, 0x26, 0x8E, 0x23, 0x05, 0x26, 0xBF, 0x06, 0x01, 0x60, 0x00, 0x01,
    0x26, 0x5D, 0x23, 0x05, 0x26, 0x52, 0x06, 0x01, 0x60, 0x00, 0x02, 0x26, 0x2C, 0x23, 0x05, 0x26,
    0xD5, 0x06, 0x01, 0x60, 0x00, 0x02, 0x26, 0x5D, 0x23, 0x05, 0x26, 0xE0, 0x06, 0x01, 0x60, 0x00,
    0x02, 0x26, 0x8E, 0x23, 0x05, 0x26, 0xEB, 0x06, 0x01, 0x60, 0x00, 0x02, 0x26, 0x5D, 0x23, 0x05,
    0x26, 0xCA, 0x06, 0x01, 0x60, 0x00, 0x00, 0x00, 0x4B, 0x19, 0x00, 0x32, 0x32, 0x00, 0xB5, 0xE7,
    0x4B, 0x00, 0x4B, 0x4B, 0xB5, 0xCE, 0xCE, 0x19, 0x00, 0x7D, 0x19, 0xCE, 0x00, 0x64, 0xE7, 0xE7,
    0x00, 0x32, 0xB5, 0x19, 0xCE, 0xCE, 0x32, 0xCE, 0x4B, 0x19, 0x9C, 0xCE, 0x32, 0xB5, 0x32, 0xCE,
    0xB5, 0x19, 0xCE, 0xCE, 0x4B, 0xCE, 0xFF, 0x26, 0xF6, 0x14, 0x04, 0x27, 0x61, 0xFB, 0x01, 0x60,
    0x00, 0x00, 0x00, 0x4B, 0x19, 0x00, 0x32, 0x32, 0x00, 0xB5, 0xCE, 0x4B, 0x19, 0x32, 0x64, 0xCE,
    0xB5, 0xCE, 0x19, 0x00, 0x7D, 0x32, 0xCE, 0xE7, 0x64, 0xE7, 0xE7, 0x00, 0x32, 0xB5, 0x19, 0xCE,
    0xCE, 0x32, 0xCE, 0x4B, 0x19, 0xCE, 0xCE, 0x00, 0xB5, 0x32, 0xCE, 0xB5, 0x19, 0xCE, 0xCE, 0x4B,
    0xCE, 0xFF, 0x27, 0x31, 0x14, 0x04, 0x27, 0x9C, 0xFB, 0x01, 0x60, 0x00, 0x00, 0x00, 0x4B, 0x19,
    0x00, 0x32, 0x32, 0x00, 0xB5, 0xE7, 0x4B, 0x00, 0x4B, 0x4B, 0xB5, 0xCE, 0xCE, 0x19, 0x00, 0x7D,
    0x19, 0xCE, 0x00, 0x64, 0xE7, 0xE7, 0x00, 0x32, 0xB5, 0x19, 0xCE, 0xCE, 0x32, 0xCE, 0x4B, 0x19,
    0xCE, 0x9C, 0x00, 0xE7, 0x32, 0xCE, 0xB5, 0x19, 0xCE, 0xCE, 0x4B, 0xCE, 0xFF, 0x27, 0x6C, 0x14,
    0x04, 0x27, 0xD7, 0xFB, 0x01, 0x60, 0x00, 0x00, 0x00, 0x4B, 0x19, 0x00, 0x32, 0x32, 0x00, 0xB5,
    0xCE, 0x4B, 0x19, 0x32, 0x64, 0xCE, 0xB5, 0xCE, 0x19, 0x00, 0x7D, 0x32, 0xCE, 0xE7, 0x64, 0xE7,
    0xE7, 0x00, 0x32, 0xB5, 0x19, 0xCE, 0xCE, 0x32, 0xCE, 0x4B, 0x19, 0x9C, 0x9C, 0x32, 0xE7, 0x32,
    0xCE, 0xB5, 0x19, 0xCE, 0xCE, 0x4B, 0xCE, 0xFF, 0x27, 0xA7, 0x14, 0x04, 0x27, 0x26, 0xFB, 0x01,
    0x60, 0x00, 0x00, 0x30, 0x32, 0x64, 0xCE, 0xCE, 0xCE, 0x32, 0x19, 0x32, 0x00, 0x4B, 0xE7, 0xE7,
    0x19, 0x4B, 0xE7, 0xCE, 0xE7, 0x32, 0x19, 0xB5, 0xE7, 0x19, 0xCE, 0xCE, 0x00, 0xCE, 0x4B, 0xCE,
    0xB5, 0xB5, 0x19, 0xE7, 0x32, 0x19, 0x19, 0x32, 0x19, 0x00, 0x00, 0xCE, 0xFF, 0x27, 0xE2, 0x0E,
    0x03, 0x28, 0x41, 0xFF, 0xFF, 0x60, 0x00, 0x00, 0x30, 0x32, 0x64, 0xCE, 0xCE, 0xCE, 0x32, 0x19,
    0x32, 0x00, 0x4B, 0xE7, 0xE7, 0x19, 0x4B, 0xE7, 0x00, 0xE7, 0x00, 0x19, 0xB5, 0xE7, 0x19, 0xCE,
    0xCE, 0x00, 0xCE, 0x4B, 0xCE, 0xB5, 0xB5, 0x19, 0xE7, 0x32, 0x19, 0x19, 0x32, 0x19, 0x00, 0x00,
    0xCE, 0xFF, 0x28, 0x17, 0x0E, 0x03, 0x28, 0x76, 0xFF, 0xFF, 0x60, 0x00, 0x00, 0x30, 0x32, 0x64,
    0xCE, 0xCE, 0xCE, 0x32, 0x19, 0x32, 0x00, 0x4B, 0xE7, 0xE7, 0x19, 0x4B, 0xE7, 0x32, 0xE7, 0xCE,
    0x19, 0xB5, 0xE7, 0x19, 0xCE, 0xCE, 0x00, 0xCE, 0x4B, 0xCE, 0xB5, 0xB5, 0x19, 0xE7, 0x32, 0x19,
    0x19, 0x32, 0x19, 0x00, 0x00, 0xCE, 0xFF, 0x28, 0x4C, 0x0E, 0x03, 0x28, 0x81, 0xFF, 0xFF, 0x60,
    0x00, 0xFF, 0x28, 0x17, 0x0E, 0x03, 0x28, 0x0C, 0xFF, 0xFF, 0x60, 0x00, 0xFE, 0x27, 0xE2, 0x0E,
    0x03, 0x28, 0x97, 0xFF, 0xFF, 0x60, 0x00, 0xFE, 0x28, 0x17, 0x0E, 0x03, 0x28, 0xA2, 0xFF, 0xFF,
    0x60, 0x00, 0xFE, 0x28, 0x4C, 0x0E, 0x03, 0x28, 0xAD, 0xFF, 0xFF, 0x60, 0x00, 0xFE, 0x28, 0x17,
    0x0E, 0x03, 0x28, 0x8C, 0xFF, 0xFF, 0x60, 0x00, 0xFD, 0x27, 0xE2, 0x0E, 0x03, 0x28, 0xC3, 0xFF,
    0xFF, 0x60, 0x00, 0xFD, 0x28, 0x17, 0x0E, 0x03, 0x28, 0xCE, 0xFF, 0xFF, 0x60, 0x00, 0xFD, 0x28,
    0x4C, 0x0E, 0x03, 0x28, 0xD9, 0xFF, 0xFF, 0x60, 0x00, 0xFD, 0x28, 0x17, 0x0E, 0x03, 0x28, 0xB8,
    0xFF, 0xFF, 0x60, 0x00, 0x00, 0xB0, 0x00, 0x7D, 0x00, 0x7D, 0x00, 0x7D, 0x00, 0x7D, 0x00, 0x4B,
    0x9C, 0x00, 0xCE, 0x83, 0x4B, 0x83, 0xCE, 0x83, 0x4B, 0x83, 0xCE, 0xB5, 0x64, 0x00, 0x01, 0x28,
    0xE4, 0x20, 0x04, 0x29, 0x23, 0x02, 0xFE, 0x60, 0x00, 0x00, 0xB0, 0x00, 0x7D, 0x00, 0x7D, 0x00,
    0x7D, 0x00, 0x7D, 0x00, 0x4B, 0x9C, 0x00, 0xE7, 0x83, 0x19, 0x83, 0x00, 0x83, 0x19, 0x83, 0xE7,
    0xB5, 0x64, 0x00, 0x01, 0x29, 0x09, 0x20, 0x04, 0x29, 0x48, 0x02, 0xFE, 0x60, 0x00, 0x00, 0xB0,
    0x00, 0x7D, 0x00, 0x7D, 0x00, 0x7D, 0x00, 0x7D, 0x00, 0x4B, 0x9C, 0x00, 0x00, 0x83, 0xE7, 0x83,
    0x32, 0x83, 0xE7, 0x83, 0x00, 0xB5, 0x64, 0x00, 0x01, 0x29, 0x2E, 0x20, 0x04, 0x29, 0x6D, 0x02,
    0xFE, 0x60, 0x00, 0x00, 0xB0, 0x00, 0x7D, 0x00, 0x7D, 0x00, 0x7D, 0x00, 0x7D, 0x00, 0x4B, 0x9C,
    0x00, 0x19, 0x83, 0xB5, 0x83, 0x64, 0x83, 0xB5, 0x83, 0x19, 0xB5, 0x64, 0x00, 0x01, 0x29, 0x53,
    0x20, 0x04, 0x29, 0x78, 0x02, 0xFE, 0x60, 0x00, 0x01, 0x29, 0x2E, 0x20, 0x04, 0x29, 0x83, 0x02,
    0xFE, 0x60, 0x00, 0x01, 0x29, 0x09, 0x20, 0x04, 0x28, 0xFE, 0x02, 0xFE, 0x60, 0x00, 0xFF, 0x28,
    0xE4, 0x20, 0x04, 0x29, 0x99, 0x02, 0xFE, 0x60, 0x00, 0xFF, 0x29, 0x09, 0x20, 0x04, 0x29, 0xA4,
    0x02, 0xFE, 0x60, 0x00, 0xFF, 0x29, 0x2E, 0x20, 0x04, 0x29, 0xAF, 0x02, 0xFE, 0x60, 0x00, 0xFF,
    0x29, 0x53, 0x20, 0x04, 0x29, 0xBA, 0x02, 0xFE, 0x60, 0x00, 0xFF, 0x29, 0x2E, 0x20, 0x04, 0x29,
    0xC5, 0x02, 0xFE, 0x60, 0x00, 0xFF, 0x29, 0x09, 0x20, 0x04, 0x29, 0x8E, 0x02, 0xFE, 0x60, 0x00,
    0x00, 0xC0, 0x00, 0x7D, 0x00, 0x7D, 0x00, 0x7D, 0x00, 0x7D, 0x00, 0x4B, 0xCE, 0x83, 0x00, 0x83,
    0xCE, 0x83, 0x32, 0x83, 0xCE, 0xB5, 0x64, 0x00, 0xFF, 0x29, 0xD0, 0x20, 0x03, 0x2A, 0x0B, 0x02,
    0x00, 0x60, 0x00, 0x00, 0xC0, 0x00, 0x7D, 0x00, 0x7D, 0x00, 0x7D, 0x00, 0x7D, 0x00, 0x4B, 0xE7,
    0x83, 0xCE, 0x83, 0x00, 0x83, 0x00, 0x83, 0xE7, 0xB5, 0x64, 0x00, 0xFF, 0x29, 0xF3, 0x20, 0x03,
    0x2A, 0x2E, 0x02, 0x00, 0x60, 0x00, 0x00, 0xC0, 0x00, 0x7D, 0x00, 0x7D, 0x00, 0x7D, 0x00, 0x7D,
    0x00, 0x4B, 0xCE, 0x83, 0xCE, 0x83, 0x32, 0x83, 0xCE, 0x83, 0x00, 0xB5, 0x64, 0x00, 0xFF, 0x2A,
    0x16, 0x20, 0x03, 0x2A, 0x51, 0x02, 0x00, 0x60, 0x00, 0x00, 0xC0, 0x00, 0x7D, 0x00, 0x7D, 0x00,
    0x7D, 0x00, 0x7D, 0x00, 0x4B, 0xE7, 0x83, 0xCE, 0x83, 0x00, 0x83, 0xCE, 0x83, 0x19, 0xB5, 0x64,
    0x00, 0xFF, 0x2A, 0x39, 0x20, 0x03, 0x2A, 0x5C, 0x02, 0x00, 0x60, 0x00, 0xFF, 0x2A, 0x16, 0x20,
    0x03, 0x2A, 0x67, 0x02, 0x00, 0x60, 0x00, 0xFF, 0x29, 0xF3, 0x20, 0x03, 0x29, 0xE8, 0x02, 0x00,
    0x60, 0x00, 0x00, 0xC0, 0xCE, 0x7D, 0x00, 0x7D, 0xCE, 0x7D, 0x32, 0x7D, 0xCE, 0x4B, 0x64, 0x00,
    0x00, 0x83, 0x00, 0x83, 0x00, 0x83, 0x00, 0x83, 0x00, 0xB5, 0xFF, 0x2A, 0x72, 0x20, 0x03, 0x2A,
    0xAD, 0x02, 0x00, 0x60, 0x00, 0x00, 0xC0, 0xE7, 0x7D, 0xCE, 0x7D, 0x00, 0x7D, 0x00, 0x7D, 0xE7,
    0x4B, 0x64, 0x00, 0x00, 0x83, 0x00, 0x83, 0x00, 0x83, 0x00, 0x83, 0x00, 0xB5, 0xFF, 0x2A, 0x95,
    0x20, 0x03, 0x2A, 0xD0, 0x02, 0x00, 0x60, 0x00, 0x00, 0xC0, 0xCE, 0x7D, 0xCE, 0x7D, 0x32, 0x7D,
    0xCE, 0x7D, 0x00, 0x4B, 0x64, 0x00, 0x00, 0x83, 0x00, 0x83, 0x00, 0x83, 0x00, 0x83, 0x00, 0xB5,
    0xFF, 0x2A, 0xB8, 0x20, 0x03, 0x2A, 0xF3, 0x02, 0x00, 0x60, 0x00, 0x00, 0xC0, 0xE7, 0x7D, 0xCE,
    0x7D, 0x00, 0x7D, 0xCE, 0x7D, 0x19, 0x4B, 0x64, 0x00, 0x00, 0x83, 0x00, 0x83, 0x00, 0x83, 0x00,
    0x83, 0x00, 0xB5, 0xFF, 0x2A, 0xDB, 0x20, 0x03, 0x2A, 0xFE, 0x02, 0x00, 0x60, 0x00, 0xFF, 0x2A,
    0xB8, 0x20, 0x03, 0x2B, 0x09, 0x02, 0x00, 0x60, 0x00, 0xFF, 0x2A, 0x95, 0x20, 0x03, 0x2A, 0x8A,
    0x02, 0x00, 0x60, 0x00, 0x02, 0x28, 0xE4, 0x20, 0x04, 0x2B, 0x1F, 0x02, 0xFE, 0x60, 0x00, 0x02,
    0x29, 0x09, 0x20, 0x04, 0x2B, 0x2A, 0x02, 0xFE, 0x60, 0x00, 0x02, 0x29, 0x2E, 0x20, 0x04, 0x2B,
    0x35, 0x02, 0xFE, 0x60, 0x00, 0x02, 0x29, 0x53, 0x20, 0x04, 0x2B, 0x40, 0x02, 0xFE, 0x60, 0x00,
    0x02, 0x29, 0x2E, 0x20, 0x04, 0x2B, 0x4B, 0x02, 0xFE, 0x60, 0x00, 0x02, 0x29, 0x09, 0x20, 0x04,
    0x2B, 0x14, 0x02, 0xFE, 0x60, 0x00, 0xFE, 0x28, 0xE4, 0x20, 0x04, 0x2B, 0x61, 0x02, 0xFE, 0x60,
    0x00, 0xFE, 0x29, 0x09, 0x20, 0x04, 0x2B, 0x6C, 0x02, 0xFE, 0x60, 0x00, 0xFE, 0x29, 0x2E, 0x20,
    0x04, 0x2B, 0x77, 0x02, 0xFE, 0x60, 0x00, 0xFE, 0x29, 0x53, 0x20, 0x04, 0x2B, 0x82, 0x02, 0xFE,
    0x60, 0x00, 0xFE, 0x29, 0x2E, 0x20, 0x04, 0x2B, 0x8D, 0x02, 0xFE, 0x60, 0x00, 0xFE, 0x29, 0x09,
    0x20, 0x04, 0x2B, 0x56, 0x02, 0xFE, 0x60, 0x00, 0xFE, 0x29, 0xD0, 0x20, 0x03, 0x2B, 0xA3, 0x02,
    0x00, 0x60, 0x00, 0xFE, 0x29, 0xF3, 0x20, 0x03, 0x2B, 0xAE, 0x02, 0x00, 0x60, 0x00, 0xFE, 0x2A,
    0x16, 0x20, 0x03, 0x2B, 0xB9, 0x02, 0x00, 0x60, 0x00, 0xFE, 0x2A, 0x39, 0x20, 0x03, 0x2B, 0xC4,
    0x02, 0x00, 0x60, 0x00, 0xFE, 0x2A, 0x16, 0x20, 0x03, 0x2B, 0xCF, 0x02, 0x00, 0x60, 0x00, 0xFE,
    0x29, 0xF3, 0x20, 0x03, 0x2B, 0x98, 0x02, 0x00, 0x60, 0x00, 0xFE, 0x2A, 0x72, 0x20, 0x03, 0x2B,
    0xE5, 0x02, 0x00, 0x60, 0x00, 0xFE, 0x2A, 0x95, 0x20, 0x03, 0x2B, 0xF0, 0x02, 0x00, 0x60, 0x00,
    0xFE, 0x2A, 0xB8, 0x20, 0x03, 0x2B, 0xFB, 0x02, 0x00, 0x60, 0x00, 0xFE, 0x2A, 0xDB, 0x20, 0x03,
    0x2C, 0x06, 0x02, 0x00, 0x60, 0x00, 0xFE, 0x2A, 0xB8, 0x20, 0x03, 0x2C, 0x11, 0x02, 0x00, 0x60,
    0x00, 0xFE, 0x2A, 0x95, 0x20, 0x03, 0x2B, 0xDA, 0x02, 0x00, 0x60, 0x00, 0x00, 0xC0, 0x83, 0x7D,
    0x32, 0x7D, 0xB5, 0x64, 0x7D, 0xCE, 0xE7, 0x7D, 0x64, 0x00, 0xE7, 0x83, 0x7D, 0x32, 0xB5, 0x9C,
    0x19, 0x83, 0x9C, 0x83, 0x01, 0x2C, 0x1C, 0x16, 0x05, 0x2C, 0x5B, 0x00, 0x01, 0x60, 0x00, 0x00,
    0xA0, 0xB5, 0x7D, 0xCE, 0x00, 0x19, 0x64, 0xCE, 0x19, 0x7D, 0x32, 0xE7, 0x7D, 0x64, 0x00, 0xE7,
    0x83, 0x7D, 0xCE, 0xCE, 0xE7, 0x19, 0x9C, 0xCE, 0x00, 0xB5, 0x83, 0x01, 0x2C, 0x3F, 0x16, 0x05,
    0x2C, 0x82, 0x00, 0x01, 0x60, 0x00, 0x00, 0xA0, 0xB5, 0x7D, 0xCE, 0xE7, 0x19, 0x7D, 0xCE, 0xE7,
    0x7D, 0x64, 0xE7, 0x7D, 0x64, 0x00, 0xE7, 0x83, 0x7D, 0x9C, 0xCE, 0x19, 0x19, 0x83, 0xCE, 0x19,
    0xB5, 0x83, 0x01, 0x2C, 0x66, 0x16, 0x05, 0x2C, 0x34, 0x00, 0x01, 0x60, 0x00, 0x00, 0xC0, 0x64,
    0x00, 0xE7, 0x7D, 0x7D, 0xCE, 0xB5, 0x64, 0x19, 0x7D, 0x9C, 0x7D, 0x83, 0x83, 0x32, 0x83, 0xB5,
    0x9C, 0x7D, 0x32, 0xE7, 0x83, 0xFF, 0x2C, 0x8D, 0x16, 0x05, 0x2C, 0xCC, 0xFD, 0x01, 0x60, 0x00,
    0x00, 0xA0, 0x64, 0x00, 0xE7, 0x7D, 0x7D, 0x32, 0xCE, 0x19, 0x19, 0x64, 0xCE, 0x00, 0xB5, 0x7D,
    0xB5, 0x83, 0xCE, 0x00, 0x19, 0x9C, 0xCE, 0xE7, 0x7D, 0xCE, 0xE7, 0x83, 0xFF, 0x2C, 0xB0, 0x16,
    0x05, 0x2C, 0xF3, 0xFD, 0x01, 0x60, 0x00, 0x00, 0xA0, 0x64, 0x00, 0xE7, 0x7D, 0x7D, 0x64, 0xCE,
    0xE7, 0x19, 0x7D, 0xCE, 0xE7, 0xB5, 0x7D, 0xB5, 0x83, 0xCE, 0x19, 0x19, 0x83, 0xCE, 0x19, 0x7D,
    0x9C, 0xE7, 0x83, 0xFF, 0x2C, 0xD7, 0x16, 0x05, 0x2C, 0xA5, 0xFD, 0x01, 0x60, 0x00, 0x02, 0x2C,
    0x1C, 0x16, 0x02, 0x2D, 0x09, 0x00, 0x01, 0x60, 0x00, 0x02, 0x2C, 0x3F, 0x16, 0x02, 0x2D, 0x14,
    0x00, 0x01, 0x60, 0x00, 0x02, 0x2C, 0x66, 0x16, 0x02, 0x2C, 0xFE, 0x00, 0x01, 0x60, 0x00, 0xFE,
    0x2C, 0x8D, 0x16, 0x02, 0x2D, 0x2A, 0xFD, 0x01, 0x60, 0x00, 0xFE, 0x2C, 0xB0, 0x16, 0x02, 0x2D,
    0x35, 0xFD, 0x01, 0x60, 0x00, 0xFE, 0x2C, 0xD7, 0x16, 0x02, 0x2D, 0x1F, 0xFD, 0x01, 0x60, 0x00,
    0x01, 0x2C, 0x1C, 0x16, 0x05, 0x2D, 0x4D, 0x00, 0x01, 0x60, 0x40, 0x2E, 0x4E, 0x01, 0x2C, 0x3F,
    0x16, 0x05, 0x2D, 0x5A, 0x00, 0x01, 0x60, 0x40, 0x2E, 0x4E, 0x01, 0x2C, 0x66, 0x16, 0x05, 0x2D,
    0x40, 0x00, 0x01, 0x60, 0x40, 0x2E, 0x4E, 0xFF, 0x2C, 0x8D, 0x16, 0x05, 0x2D, 0x74, 0xFD, 0x01,
    0x60, 0x40, 0x2F, 0xB6, 0xFF, 0x2C, 0xB0, 0x16, 0x05, 0x2D, 0x81, 0xFD, 0x01, 0x60, 0x40, 0x2F,
    0xB6, 0xFF, 0x2C, 0xD7, 0x16, 0x05, 0x2D, 0x67, 0xFD, 0x01, 0x60, 0x40, 0x2F, 0xB6, 0x02, 0x2C,
    0x1C, 0x16, 0x02, 0x2D, 0x9B, 0x00, 0x01, 0x60, 0x40, 0x2E, 0xD0, 0x02, 0x2C, 0x3F, 0x16, 0x02,
    0x2D, 0xA8, 0x00, 0x01, 0x60, 0x40, 0x2E, 0xD0, 0x02, 0x2C, 0x66, 0x16, 0x02, 0x2D, 0x8E, 0x00,
    0x01, 0x60, 0x40, 0x2E, 0xD0, 0xFE, 0x2C, 0x8D, 0x16, 0x02, 0x2D, 0xC2, 0xFD, 0x01, 0x60, 0x40,
    0x30, 0x38, 0xFE, 0x2C, 0xB0, 0x16, 0x02, 0x2D, 0xCF, 0xFD, 0x01, 0x60, 0x40, 0x30, 0x38, 0xFE,
    0x2C, 0xD7, 0x16, 0x02, 0x2D, 0xB5, 0xFD, 0x01, 0x60, 0x40, 0x30, 0x38, 0x00, 0xE0, 0xCE, 0x4B,
    0xE7, 0x64, 0x32, 0x4B, 0xE7, 0x32, 0x64, 0x00, 0xE7, 0xCE, 0x32, 0xB5, 0xE7, 0x9C, 0xCE, 0xB5,
    0x00, 0xE0, 0xE7, 0x19, 0xE7, 0x64, 0x19, 0x4B, 0x00, 0x00, 0x32, 0x00, 0x00, 0x00, 0x19, 0xB5,
    0xE7, 0x9C, 0xE7, 0xE7, 0x01, 0x10, 0x19, 0x32, 0x00, 0x19, 0xE7, 0x32, 0xE7, 0xCE, 0x00, 0xE7,
    0x19, 0xCE, 0x00, 0x90, 0xB5, 0x64, 0x4B, 0x64, 0x4B, 0x9C, 0xB5, 0x9C, 0x00, 0x19, 0xCE, 0x4B,
    0x32, 0x4B, 0x32, 0xB5, 0xCE, 0xB5, 0x00, 0x19, 0xE7, 0x32, 0x19, 0x32, 0x19, 0xCE, 0xE7, 0xCE,
    0x00, 0xE0, 0xCE, 0x64, 0x32, 0x64, 0x32, 0x9C, 0xCE, 0x9C, 0x00, 0x19, 0xE7, 0x4B, 0x19, 0x4B,
    0x19, 0xB5, 0xE7, 0xB5, 0x01, 0x30, 0xE7, 0x64, 0x19, 0x64, 0x19, 0x9C, 0xE7, 0x9C, 0x01, 0x2D,
    0xDC, 0x16, 0x0F, 0x2E, 0x5B, 0x00, 0x02, 0x60, 0x40, 0x2E, 0xA9, 0x01, 0x2D, 0xF0, 0x16, 0x0F,
    0x2E, 0x68, 0x00, 0x04, 0x60, 0x40, 0x2E, 0xA9, 0x01, 0x2E, 0x04, 0x16, 0x0F, 0x2E, 0x75, 0x00,
    0x05, 0x60, 0x40, 0x2E, 0xA9, 0x01, 0x2E, 0x12, 0x16, 0x05, 0x2E, 0x82, 0x00, 0x03, 0x60, 0x41,
    0x2E, 0xA9, 0x01, 0x2E, 0x30, 0x16, 0x05, 0x2E, 0x8F, 0x00, 0x03, 0x60, 0x41, 0x2E, 0xA9, 0x01,
    0x2E, 0x44, 0x16, 0x05, 0x2E, 0x9C, 0x00, 0x04, 0x60, 0x41, 0x2E, 0xA9, 0x01, 0x2E, 0x30, 0x16,
    0x05, 0x2E, 0x75, 0x00, 0x03, 0x60, 0x41, 0x2E, 0xA9, 0x01, 0x2E, 0x04, 0x16, 0x0F, 0x2E, 0xB6,
    0x00, 0x05, 0x60, 0x40, 0x2E, 0xA9, 0x01, 0x2D, 0xF0, 0x16, 0x0F, 0x2E, 0xC3, 0x00, 0x04, 0x60,
    0x40, 0x2E, 0xA9, 0x01, 0x2D, 0xDC, 0x16, 0x0F, 0x2D, 0x40, 0x00, 0x02, 0x60, 0x40, 0x2E, 0xA9,
    0x02, 0x2D, 0xDC, 0x16, 0x0F, 0x2E, 0xDD, 0x00, 0x02, 0x60, 0x40, 0x2F, 0x2B, 0x02, 0x2D, 0xF0,
    0x16, 0x0F, 0x2E, 0xEA, 0x00, 0x04, 0x60, 0x40, 0x2F, 0x2B, 0x02, 0x2E, 0x04, 0x16, 0x0F, 0x2E,
    0xF7, 0x00, 0x05, 0x60, 0x40, 0x2F, 0x2B, 0x02, 0x2E, 0x12, 0x16, 0x05, 0x2F, 0x04, 0x00, 0x03,
    0x60, 0x41, 0x2F, 0x2B, 0x02, 0x2E, 0x30, 0x16, 0x05, 0x2F, 0x11, 0x00, 0x03, 0x60, 0x41, 0x2F,
    0x2B, 0x02, 0x2E, 0x44, 0x16, 0x05, 0x2F, 0x1E, 0x00, 0x04, 0x60, 0x41, 0x2F, 0x2B, 0x02, 0x2E,
    0x30, 0x16, 0x05, 0x2E, 0xF7, 0x00, 0x03, 0x60, 0x41, 0x2F, 0x2B, 0x02, 0x2E, 0x04, 0x16, 0x0F,
    0x2F, 0x38, 0x00, 0x05, 0x60, 0x40, 0x2F, 0x2B, 0x02, 0x2D, 0xF0, 0x16, 0x0F, 0x2F, 0x45, 0x00,
    0x04, 0x60, 0x40, 0x2F, 0x2B, 0x02, 0x2D, 0xDC, 0x16, 0x0F, 0x2D, 0x8E, 0x00, 0x02, 0x60, 0x40,
    0x2F, 0x2B, 0x00, 0xE0, 0x19, 0x32, 0xCE, 0x4B, 0x19, 0x64, 0x32, 0x4B, 0x32, 0xB5, 0x19, 0x9C,
    0xCE, 0xB5, 0x19, 0xCE, 0x9C, 0x00, 0x00, 0xE0, 0xE7, 0x4B, 0x19, 0x64, 0x19, 0x19, 0x19, 0xE7,
    0x19, 0x9C, 0xE7, 0xB5, 0x00, 0x00, 0xCE, 0x00, 0x00, 0x00, 0x00, 0x90, 0xB5, 0x64, 0x4B, 0x64,
    0x4B, 0x9C, 0xB5, 0x9C, 0x00, 0x19, 0xCE, 0x4B, 0x32, 0x4B, 0x32, 0xB5, 0xCE, 0xB5, 0x00, 0x19,
    0x19, 0x32, 0xE7, 0x32, 0xE7, 0xCE, 0x19, 0xCE, 0x00, 0xE0, 0xCE, 0x64, 0x32, 0x64, 0x32, 0x9C,
    0xCE, 0x9C, 0x00, 0x19, 0xE7, 0x4B, 0x19, 0x4B, 0x19, 0xB5, 0xE7, 0xB5, 0x01, 0x30, 0xE7, 0x64,
    0x19, 0x64, 0x19, 0x9C, 0xE7, 0x9C, 0xFF, 0x2F, 0x52, 0x16, 0x0F, 0x2F, 0xC3, 0xFD, 0x02, 0x60,
    0x40, 0x30, 0x11, 0xFF, 0x2F, 0x66, 0x16, 0x0F, 0x2F, 0xD0, 0xFE, 0x04, 0x60, 0x40, 0x30, 0x11,
    0xFF, 0x2E, 0x04, 0x16, 0x0F, 0x2F, 0xDD, 0x00, 0x05, 0x60, 0x40, 0x30, 0x11, 0xFF, 0x2F, 0x7A,
    0x16, 0x05, 0x2F, 0xEA, 0x00, 0x04, 0x60, 0x41, 0x30, 0x11, 0xFF, 0x2F, 0x98, 0x16, 0x05, 0x2F,
    0xF7, 0x00, 0x04, 0x60, 0x41, 0x30, 0x11, 0xFF, 0x2F, 0xAC, 0x16, 0x05, 0x30, 0x04, 0x00, 0x04,
    0x60, 0x41, 0x30, 0x11, 0xFF, 0x2F, 0x98, 0x16, 0x05, 0x2F, 0xDD, 0x00, 0x04, 0x60, 0x41, 0x30,
    0x11, 0xFF, 0x2E, 0x04, 0x16, 0x0F, 0x30, 0x1E, 0x00, 0x05, 0x60, 0x40, 0x30, 0x11, 0xFF, 0x2F,
    0x66, 0x16, 0x0F, 0x30, 0x2B, 0xFE, 0x04, 0x60, 0x40, 0x30, 0x11, 0xFF, 0x2F, 0x52, 0x16, 0x0F,
    0x2D, 0x67, 0xFD, 0x02, 0x60, 0x40, 0x30, 0x11, 0xFE, 0x2F, 0x52, 0x16, 0x0F, 0x30, 0x45, 0xFD,
    0x02, 0x60, 0x40, 0x30, 0x93, 0xFE, 0x2F, 0x66, 0x16, 0x0F, 0x30, 0x52, 0xFE, 0x04, 0x60, 0x40,
    0x30, 0x93, 0xFE, 0x2E, 0x04, 0x16, 0x0F, 0x30, 0x5F, 0x00, 0x05, 0x60, 0x40, 0x30, 0x93, 0xFE,
    0x2F, 0x7A, 0x16, 0x05, 0x30, 0x6C, 0x00, 0x04, 0x60, 0x41, 0x30, 0x93, 0xFE, 0x2F, 0x98, 0x16,
    0x05, 0x30, 0x79, 0x00, 0x04, 0x60, 0x41, 0x30, 0x93, 0xFE, 0x2F, 0xAC, 0x16, 0x05, 0x30, 0x86,
    0x00, 0x04, 0x60, 0x41, 0x30, 0x93, 0xFE, 0x2F, 0x98, 0x16, 0x05, 0x30, 0x5F, 0x00, 0x04, 0x60,
    0x41, 0x30, 0x93, 0xFE, 0x2E, 0x04, 0x16, 0x0F, 0x30, 0xA0, 0x00, 0x05, 0x60, 0x40, 0x30, 0x93,
    0xFE, 0x2F, 0x66, 0x16, 0x0F, 0x30, 0xAD, 0xFE, 0x04, 0x60, 0x40, 0x30, 0x93, 0xFE, 0x2F, 0x52,
    0x16, 0x0F, 0x2D, 0xB5, 0xFD, 0x02, 0x60, 0x40, 0x30, 0x93, 0x00, 0xC0, 0x64, 0x7D, 0xCE, 0x7D,
    0x32, 0x7D, 0x19, 0x7D, 0x19, 0x00, 0x9C, 0x64, 0x19, 0x9C, 0xE7, 0x83, 0xCE, 0x83, 0x32, 0x83,
    0xCE, 0x83, 0x01, 0x30, 0xBA, 0x20, 0x04, 0x30, 0xF5, 0xF9, 0x02, 0x60, 0x86, 0x00, 0xC0, 0x32,
    0x7D, 0x32, 0x7D, 0xCE, 0x7D, 0x19, 0x7D, 0x19, 0x00, 0xCE, 0x64, 0xE7, 0x9C, 0xE7, 0x83, 0x32,
    0x83, 0xCE, 0x83, 0x00, 0x83, 0x01, 0x30, 0xDD, 0x20, 0x04, 0x31, 0x18, 0xF9, 0x02, 0x60, 0x86,
    0x00, 0xC0, 0x00, 0x7D, 0xE7, 0x7D, 0x32, 0x7D, 0xCE, 0x7D, 0x19, 0x00, 0xE7, 0x64, 0xCE, 0x9C,
    0x32, 0x83, 0xCE, 0x83, 0x19, 0x83, 0x32, 0x83, 0x01, 0x31, 0x00, 0x20, 0x04, 0x31, 0x23, 0xFD,
    0x02, 0x60, 0x86, 0x01, 0x30, 0xDD, 0x20, 0x03, 0x30, 0xD2, 0xF9, 0x02, 0x60, 0x86, 0x02, 0x30,
    0xBA, 0x20, 0x03, 0x31, 0x39, 0xF9, 0x02, 0x60, 0x86, 0x02, 0x30, 0xDD, 0x20, 0x03, 0x31, 0x44,
    0xF9, 0x02, 0x60, 0x86, 0x02, 0x31, 0x00, 0x20, 0x03, 0x31, 0x4F, 0xFD, 0x02, 0x60, 0x86, 0x02,
    0x30, 0xDD, 0x20, 0x03, 0x31, 0x2E, 0xF9, 0x01, 0x60, 0x86, 0x00, 0xC0, 0x19, 0x64, 0xE7, 0x7D,
    0xCE, 0x7D, 0x32, 0x7D, 0xCE, 0x7D, 0x64, 0x83, 0xCE, 0x83, 0x32, 0x83, 0x19, 0x83, 0x19, 0x00,
    0x9C, 0x9C, 0xFF, 0x31, 0x5A, 0x20, 0x04, 0x31, 0x95, 0xFC, 0x02, 0x60, 0x87, 0x00, 0xC0, 0xE7,
    0x64, 0xE7, 0x7D, 0x32, 0x7D, 0xCE, 0x7D, 0x00, 0x7D, 0x32, 0x83, 0x32, 0x83, 0xCE, 0x83, 0x19,
    0x83, 0x19, 0x00, 0xCE, 0x9C, 0xFF, 0x31, 0x7D, 0x20, 0x04, 0x31, 0xB8, 0xFC, 0x02, 0x60, 0x87,
    0x00, 0xC0, 0xCE, 0x64, 0x32, 0x7D, 0xCE, 0x7D, 0x19, 0x7D, 0x32, 0x7D, 0x00, 0x83, 0xE7, 0x83,
    0x32, 0x83, 0xCE, 0x83, 0x19, 0x00, 0xE7, 0x9C, 0xFF, 0x31, 0xA0, 0x20, 0x04, 0x31, 0xC3, 0xFC,
    0x02, 0x60, 0x87, 0xFF, 0x31, 0x7D, 0x20, 0x04, 0x31, 0x72, 0xFC, 0x02, 0x60, 0x87, 0xFE, 0x31,
    0x5A, 0x20, 0x03, 0x31, 0xD9, 0xFC, 0x02, 0x60, 0x87, 0xFE, 0x31, 0x7D, 0x20, 0x03, 0x31, 0xE4,
    0xFC, 0x02, 0x60, 0x87, 0xFE, 0x31, 0xA0, 0x20, 0x03, 0x31, 0xEF, 0xFC, 0x02, 0x60, 0x87, 0xFE,
    0x31, 0x7D, 0x20, 0x03, 0x31, 0xCE, 0xFC, 0x02, 0x60, 0x87, 0x00, 0x90, 0xE7, 0x7D, 0xE7, 0xCE,
    0x19, 0x7D, 0xE7, 0x19, 0x19, 0x7D, 0xE7, 0x19, 0x19, 0x7D, 0x00, 0x7D, 0x4B, 0x83, 0xCE, 0x83,
    0x32, 0x83, 0xCE, 0xB5, 0x19, 0xCE, 0xE7, 0x83, 0xFF, 0x31, 0xFA, 0x22, 0x05, 0x32, 0x41, 0x00,
    0x01, 0x60, 0x85, 0x00, 0x90, 0xE7, 0x64, 0xE7, 0xB5, 0x19, 0x7D, 0xE7, 0x32, 0x19, 0x7D, 0xE7,
    0x4B, 0x19, 0x64, 0x00, 0x7D, 0x4B, 0x83, 0xCE, 0x83, 0x32, 0x83, 0xCE, 0xB5, 0x19, 0xCE, 0xE7,
    0x83, 0xFF, 0x32, 0x23, 0x22, 0x05, 0x32, 0x66, 0x00, 0x01, 0x60, 0x85, 0x00, 0xB0, 0x00, 0x7D,
    0xE7, 0x64, 0x19, 0x4B, 0xE7, 0x7D, 0x19, 0x32, 0x00, 0x7D, 0x4B, 0x83, 0xCE, 0x83, 0x32, 0x83,
    0xCE, 0xB5, 0x19, 0xCE, 0xCE, 0x9C, 0xFF, 0x32, 0x4C, 0x22, 0x05, 0x32, 0x18, 0xFF, 0x02, 0x60,
    0x85, 0xFE, 0x31, 0xFA, 0x22, 0x05, 0x32, 0x7C, 0x00, 0x01, 0x60, 0x85, 0xFE, 0x32, 0x23, 0x22,
    0x05, 0x32, 0x87, 0x00, 0x01, 0x60, 0x85, 0xFE, 0x32, 0x4C, 0x22, 0x05, 0x32, 0x71, 0xFF, 0x02,
    0x60, 0x85, 0x0C, 0xE7, 0x7D, 0xE7, 0x00, 0x19, 0xE7, 0xE7, 0xE7, 0x19, 0xE7, 0xCE, 0xCE, 0xE7,
    0x19, 0x19, 0x19, 0xE7, 0x19, 0x19, 0x19, 0xE7, 0x19, 0xE7, 0x83, 0x7D, 0x00, 0x00, 0x32, 0x92,
    0x00, 0x20, 0x32, 0xD9, 0x00, 0x00, 0x60, 0x82, 0x0F, 0xE7, 0x7D, 0xE7, 0x4B, 0xE7, 0xE7, 0x19,
    0xE7, 0xE7, 0xE7, 0x19, 0xE7, 0xE7, 0xB5, 0x00, 0x32, 0xE7, 0x32, 0x19, 0x19, 0xE7, 0x19, 0x19,
    0x19, 0xCE, 0xE7, 0x00, 0xCE, 0x19, 0x83, 0x64, 0x00, 0x00, 0x32, 0xB8, 0x00, 0x20, 0x33, 0x09,
    0x00, 0x00, 0x60, 0x82, 0x11, 0xE7, 0x7D, 0x00, 0x64, 0x32, 0x19, 0xE7, 0xE7, 0x19, 0xE7, 0xE7,
    0xE7, 0x19, 0xCE, 0x00, 0xCE, 0x19, 0x4B, 0xE7, 0x19, 0x19, 0x19, 0xE7, 0x19, 0x19, 0x19, 0x19,
    0xB5, 0x19, 0x83, 0x19, 0xE7, 0xE7, 0xE7, 0x9C, 0x00, 0x00, 0x32, 0xE4, 0x00, 0x05, 0x33, 0x39,
    0xF9, 0x00, 0x60, 0x81, 0x11, 0xCE, 0x7D, 0x00, 0x64, 0x32, 0x19, 0xE7, 0xE7, 0x19, 0xE7, 0xE7,
    0xE7, 0x19, 0xCE, 0x19, 0xCE, 0x19, 0x4B, 0xE7, 0x19, 0x19, 0x19, 0xE7, 0x19, 0x19, 0x19, 0x19,
    0xB5, 0x19, 0x83, 0x19, 0xE7, 0xE7, 0xE7, 0x9C, 0x00, 0x00, 0x33, 0x14, 0x00, 0x05, 0x33, 0x69,
    0xF9, 0x00, 0x60, 0x81, 0x11, 0xE7, 0x7D, 0xE7, 0x64, 0x32, 0x19, 0xE7, 0xE7, 0x19, 0xE7, 0xE7,
    0xE7, 0x19, 0xCE, 0x19, 0xCE, 0x32, 0x4B, 0xE7, 0x19, 0x32, 0x19, 0xE7, 0x19, 0x32, 0x19, 0xE7,
    0x83, 0x00, 0xB5, 0x19, 0xE7, 0xE7, 0xE7, 0x9C, 0x00, 0x00, 0x33, 0x44, 0x00, 0x05, 0x33, 0x74,
    0xF9, 0x00, 0x60, 0x81, 0x00, 0x33, 0x14, 0x00, 0x05, 0x33, 0x09, 0xF9, 0x00, 0x60, 0x81, 0x0A,
    0x00, 0x7D, 0x32, 0x64, 0x00, 0xB5, 0x19, 0x4B, 0x32, 0xE7, 0x00, 0xE7, 0xE7, 0x00, 0x19, 0x19,
    0x19, 0xCE, 0xE7, 0xB5, 0x83, 0xB5, 0x00, 0x33, 0x7F, 0x00, 0x05, 0x33, 0xB8, 0xFC, 0x00, 0x60,
    0x00, 0x0A, 0x00, 0x7D, 0x32, 0x64, 0x00, 0xB5, 0x00, 0x4B, 0x4B, 0xE7, 0x00, 0xE7, 0xE7, 0x00,
    0x19, 0x19, 0x19, 0xCE, 0xE7, 0xB5, 0x83, 0xB5, 0x00, 0x33, 0xA1, 0x00, 0x05, 0x33, 0x96, 0xFC,
    0x00, 0x60, 0x00, 0x23, 0xF6, 0x27, 0x26, 0x24, 0x72, 0x28, 0x0C, 0x28, 0xFE, 0x29, 0x8E, 0x2C,
    0x34, 0x30, 0xD2, 0x31, 0x2E, 0x31, 0x72, 0x31, 0xCE, 0x2C, 0xA5, 0x2C, 0xFE, 0x2D, 0x1F, 0x29,
    0xE8, 0x2A, 0x8A, 0x22, 0xE1, 0x22, 0xFA, 0x23, 0x0D, 0x23, 0x2C, 0x23, 0x4F, 0x23, 0x66, 0x00,
    0x00, 0x00, 0x00, 0x32, 0x18, 0x32, 0x71, 0x2D, 0x40, 0x2D, 0x67, 0x2D, 0x8E, 0x2D, 0xB5, 0x00,
    0x00, 0x00, 0x00, 0x24, 0xBC, 0x26, 0x52, 0x26, 0xCA, 0x2B, 0x14, 0x2B, 0x56, 0x2B, 0x98, 0x2B,
    0xDA, 0x00, 0x00, 0x00, 0x00, 0x28, 0x8C, 0x28, 0xB8, 0x25, 0x04, 0x25, 0x60, 0x25, 0xA4, 0x26,
    0x00, 0x00, 0x00, 0x06, 0x00, 0x00, 0x06, 0x00, 0x00, 0x06, 0x00, 0x00, 0x06, 0x00, 0x00, 0x07,
    0x00, 0x07, 0x00, 0x00, 0x00, 0x07, 0x00, 0x07, 0x00, 0x00, 0x00, 0x0F, 0x00, 0x10, 0x00, 0x00,
    0x00, 0x0F, 0x00, 0x10, 0x00, 0x00, 0x00, 0x05, 0x00, 0x00, 0x00, 0x00, 0x05, 0x00, 0x00, 0x00,
    0x00, 0x00, 0x00, 0x00, 0x0C, 0x00, 0x0C, 0x00, 0x0C, 0x00, 0x00, 0x00, 0x00, 0x00, 0x00, 0x00,
    0x00, 0x00, 0x00, 0x00, 0x00, 0x00, 0x00, 0x00, 0x00, 0x02, 0x00, 0x00, 0x00, 0x00, 0x00, 0x00,
    0x00, 0x00, 0x00, 0x00, 0x00, 0x00, 0x00, 0x00, 0x00, 0x22, 0x00, 0x00, 0x00, 0x00, 0x00, 0x00,
    0x00, 0x00, 0x01, 0x00, 0x00, 0x00, 0x00, 0x00, 0x00, 0x00, 0x00, 0x00, 0x00, 0x00, 0x00, 0x00,
    0x00, 0x00, 0x00, 0x00, 0x00, 0x03, 0x00, 0x00, 0x00, 0x00, 0x00, 0x00, 0x00, 0x00, 0x00, 0x00,
    0x00, 0x04, 0x00, 0x00, 0x00, 0x00, 0x00, 0x00, 0x00, 0x00, 0x78, 0xFF, 0x00, 0x00, 0x06, 0x00,
    0x00, 0x00, 0x00, 0x06, 0x00, 0x00, 0x00, 0x00, 0x00, 0x00, 0x07, 0x00, 0x07, 0x00, 0x00, 0x00,
    0x1B, 0x00, 0x1B, 0x00, 0x00, 0x00, 0x0F, 0x00, 0x10, 0x00, 0x00, 0x00, 0x00, 0x00, 0x00, 0x00,
    0x00, 0x00, 0x05, 0x00, 0x00, 0x00, 0x00, 0x05, 0x00, 0x00, 0x00, 0x00, 0x00, 0x00, 0x00, 0x0C,
    0x00, 0x0C, 0x00, 0x0C, 0x00, 0x00, 0x00, 0x00, 0x00, 0x00, 0x00, 0x00, 0x00, 0x00, 0x00, 0x00,
    0x00, 0x00, 0x00, 0x00, 0x00, 0x2E, 0x00, 0x00, 0x00, 0x2E, 0x00, 0x00, 0x00, 0x00, 0x00, 0x00,
    0x00, 0x00, 0x00, 0x00, 0x00, 0x00, 0x22, 0x00, 0x00, 0x00, 0x00, 0x22, 0x00, 0x04, 0x00, 0x00,
    0x00, 0x00, 0x00, 0x00, 0x00, 0x00, 0x00, 0x00, 0x00, 0x00, 0x00, 0x00, 0x03, 0x00, 0x00, 0x00,
    0x03, 0x00, 0x00, 0x00, 0x00, 0x01, 0x00, 0x00, 0x00, 0x00, 0x00, 0x00, 0x01, 0x00, 0x00, 0x00,
    0x20, 0x00, 0x00, 0x00, 0x00, 0x78, 0x30, 0x00, 0x00, 0x19, 0x00, 0x00, 0x00, 0x00, 0x06, 0x00,
    0x00, 0x00, 0x00, 0x00, 0x00, 0x0D, 0x00, 0x0D, 0x00, 0x00, 0x00, 0x0D, 0x00, 0x0D, 0x00, 0x00,
    0x00, 0x0F, 0x00, 0x10, 0x00, 0x00, 0x00, 0x00, 0x00, 0x00, 0x00, 0x00, 0x00, 0x05, 0x00, 0x00,
    0x00, 0x00, 0x00, 0x00, 0x00, 0x00, 0x00, 0x00, 0x00, 0x00, 0x1E, 0x00, 0x1E, 0x00, 0x1E, 0x00,
    0x00, 0x00, 0x00, 0x00, 0x00, 0x00, 0x00, 0x00, 0x00, 0x00, 0x00, 0x00, 0x00, 0x00, 0x00, 0x2A,
    0x00, 0x00, 0x00, 0x00, 0x00, 0x00, 0x00, 0x00, 0x00, 0x00, 0x00, 0x23, 0x00, 0x00, 0x23, 0x00,
    0x00, 0x00, 0x00, 0x00, 0x00, 0x00, 0x00, 0x00, 0x00, 0x00, 0x00, 0x00, 0x00, 0x21, 0x00, 0x00,
    0x00, 0x00, 0x00, 0x00, 0x00, 0x00, 0x00, 0x2C, 0x00, 0x00, 0x00, 0x2C, 0x00, 0x00, 0x00, 0x00,
    0x01, 0x00, 0x00, 0x00, 0x00, 0x00, 0x00, 0x00, 0x01, 0x00, 0x00, 0x00, 0x25, 0x00, 0x00, 0x02,
    0x78, 0x20, 0x00, 0x00, 0x00, 0x00, 0x00, 0x00, 0x00, 0x19, 0x00, 0x00, 0x00, 0x00, 0x00, 0x07,
    0x00, 0x07, 0x00, 0x00, 0x00, 0x00, 0x00, 0x00, 0x00, 0x00, 0x00, 0x00, 0x0F, 0x00, 0x10, 0x00,
    0x00, 0x00, 0x00, 0x00, 0x00, 0x00, 0x00, 0x00, 0x05, 0x00, 0x00, 0x00, 0x00, 0x05, 0x00, 0x00,
    0x00, 0x00, 0x00, 0x00, 0x00, 0x0C, 0x00, 0x0C, 0x00, 0x00, 0x00, 0x00, 0x00, 0x00, 0x00, 0x00,
    0x00, 0x00, 0x00, 0x00, 0x00, 0x00, 0x0A, 0x00, 0x00, 0x00, 0x00, 0x2B, 0x00, 0x00, 0x00, 0x00,
    0x00, 0x00, 0x00, 0x00, 0x00, 0x00, 0x00, 0x00, 0x00, 0x23, 0x00, 0x00, 0x00, 0x00, 0x23, 0x00,
    0x00, 0x00, 0x00, 0x00, 0x00, 0x00, 0x01, 0x00, 0x00, 0x00, 0x00, 0x00, 0x00, 0x01, 0x00, 0x00,
    0x00, 0x00, 0x03, 0x00, 0x00, 0x00, 0x03, 0x00, 0x00, 0x00, 0x00, 0x2E, 0x00, 0x00, 0x00, 0x00,
    0x00, 0x00, 0x2E, 0x00, 0x00, 0x00, 0x30, 0x00, 0x00, 0x00, 0x01, 0x78, 0xFF, 0x00, 0x00, 0x00,
    0x00, 0x00, 0x00, 0x00, 0x06, 0x00, 0x00, 0x00, 0x00, 0x07, 0x00, 0x07, 0x00, 0x00, 0x00, 0x1B,
    0x00, 0x1B, 0x00, 0x00, 0x00, 0x00, 0x00, 0x00, 0x00, 0x00, 0x00, 0x00, 0x0F, 0x00, 0x10, 0x00,
    0x00, 0x00, 0x24, 0x00, 0x00, 0x00, 0x00, 0x00, 0x00, 0x24, 0x00, 0x00, 0x00, 0x00, 0x00, 0x0C,
    0x00, 0x0C, 0x00, 0x00, 0x00, 0x00, 0x00, 0x00, 0x00, 0x0A, 0x00, 0x00, 0x00, 0x00, 0x00, 0x00,
    0x08, 0x00, 0x00, 0x00, 0x00, 0x00, 0x00, 0x00, 0x02, 0x00, 0x00, 0x00, 0x00, 0x00, 0x00, 0x00,
    0x00, 0x00, 0x03, 0x00, 0x00, 0x00, 0x00, 0x00, 0x03, 0x00, 0x00, 0x00, 0x00, 0x00, 0x01, 0x00,
    0x00, 0x00, 0x00, 0x00, 0x00, 0x01, 0x00, 0x00, 0x00, 0x00, 0x00, 0x00, 0x00, 0x00, 0x00, 0x00,
    0x23, 0x00, 0x00, 0x00, 0x00, 0x00, 0x00, 0x00, 0x00, 0x2E, 0x00, 0x00, 0x00, 0x00, 0x2E, 0x00,
    0x00, 0x30, 0x00, 0x00, 0x00, 0x02, 0x64, 0x15, 0x00, 0x00, 0x00, 0x00, 0x00, 0x06, 0x00, 0x00,
    0x00, 0x06, 0x00, 0x00, 0x00, 0x07, 0x00, 0x07, 0x00, 0x00, 0x00, 0x07, 0x00, 0x07, 0x00, 0x00,
    0x00, 0x00, 0x00, 0x00, 0x00, 0x00, 0x00, 0x0F, 0x00, 0x10, 0x00, 0x00, 0x00, 0x00, 0x00, 0x00,
    0x00, 0x00, 0x05, 0x00, 0x00, 0x00, 0x00, 0x00, 0x00, 0x0C, 0x00, 0x0C, 0x00, 0x00, 0x00, 0x00,
    0x00, 0x00, 0x00, 0x00, 0x00, 0x00, 0x00, 0x00, 0x00, 0x00, 0x00, 0x00, 0x00, 0x00, 0x00, 0x00,
    0x00, 0x00, 0x00, 0x2B, 0x00, 0x00, 0x00, 0x00, 0x00, 0x00, 0x00, 0x00, 0x00, 0x01, 0x00, 0x00,
    0x00, 0x00, 0x00, 0x01, 0x00, 0x00, 0x00, 0x00, 0x00, 0x03, 0x00, 0x00, 0x00, 0x00, 0x00, 0x00,
    0x03, 0x00, 0x00, 0x00, 0x00, 0x23, 0x00, 0x00, 0x00, 0x23, 0x00, 0x00, 0x00, 0x23, 0x00, 0x00,
    0x00, 0x00, 0x00, 0x00, 0x2F, 0x00, 0x00, 0x00, 0x00, 0x2F, 0x00, 0x00, 0x20, 0x00, 0x00, 0x00,
    0x01, 0x50, 0xFF, 0x00, 0x00, 0x00, 0x06, 0x00, 0x00, 0x00, 0x00, 0x00, 0x00, 0x00, 0x00, 0x00,
    0x00, 0x00, 0x00, 0x07, 0x00, 0x07, 0x00, 0x00, 0x00, 0x00, 0x00, 0x00, 0x00, 0x0F, 0x00, 0x10,
    0x00, 0x00, 0x00, 0x00, 0x00, 0x00, 0x00, 0x00, 0x00, 0x00, 0x00, 0x00, 0x00, 0x00, 0x00, 0x05,
    0x00, 0x00, 0x00, 0x00, 0x00, 0x0C, 0x00, 0x0C, 0x00, 0x00, 0x00, 0x0C, 0x00, 0x0C, 0x00, 0x00,
    0x00, 0x00, 0x00, 0x00, 0x00, 0x00, 0x00, 0x00, 0x00, 0x00, 0x00, 0x00, 0x00, 0x00, 0x00, 0x00,
    0x2C, 0x00, 0x00, 0x00, 0x00, 0x00, 0x00, 0x00, 0x00, 0x23, 0x00, 0x00, 0x00, 0x00, 0x23, 0x00,
    0x00, 0x00, 0x00, 0x00, 0x04, 0x00, 0x00, 0x00, 0x00, 0x02, 0x00, 0x00, 0x00, 0x00, 0x00, 0x00,
    0x00, 0x00, 0x00, 0x03, 0x00, 0x00, 0x00, 0x03, 0x00, 0x00, 0x00, 0x00, 0x01, 0x00, 0x00, 0x00,
    0x00, 0x01, 0x00, 0x00, 0x00, 0x00, 0x00, 0x00, 0x10, 0x00, 0x01, 0x02, 0x78, 0xFF, 0x00, 0x00,
    0x06, 0x00, 0x00, 0x00, 0x00, 0x06, 0x00, 0x00, 0x00, 0x00, 0x00, 0x00, 0x07, 0x00, 0x07, 0x00,
    0x00, 0x00, 0x1B, 0x00, 0x1B, 0x00, 0x00, 0x00, 0x0F, 0x00, 0x10, 0x00, 0x00, 0x00, 0x00, 0x00,
    0x00, 0x00, 0x00, 0x00, 0x05, 0x00, 0x00, 0x00, 0x00, 0x00, 0x00, 0x00, 0x00, 0x00, 0x00, 0x00,
    0x00, 0x0C, 0x00, 0x1C, 0x00, 0x0C, 0x00, 0x00, 0x00, 0x00, 0x08, 0x00, 0x00, 0x00, 0x00, 0x00,
    0x00, 0x00, 0x00, 0x00, 0x00, 0x0A, 0x02, 0x00, 0x00, 0x00, 0x00, 0x00, 0x00, 0x00, 0x00, 0x00,
    0x00, 0x00, 0x00, 0x00, 0x00, 0x00, 0x2C, 0x00, 0x00, 0x00, 0x00, 0x00, 0x00, 0x00, 0x00, 0x2E,
    0x00, 0x00, 0x00, 0x00, 0x00, 0x01, 0x00, 0x00, 0x00, 0x00, 0x00, 0x00, 0x00, 0x00, 0x00, 0x00,
    0x00, 0x00, 0x03, 0x00, 0x00, 0x00, 0x00, 0x00, 0x00, 0x01, 0x00, 0x00, 0x00, 0x00, 0x04, 0x00,
    0x00, 0x00, 0x0A, 0x20, 0x22, 0x00, 0x02, 0x78, 0x10, 0x00, 0x00, 0x06, 0x00, 0x00, 0x00, 0x00,
    0x00, 0x19, 0x00, 0x00, 0x00, 0x00, 0x00, 0x00, 0x00, 0x07, 0x00, 0x07, 0x00, 0x00, 0x00, 0x00,
    0x00, 0x00, 0x00, 0x00, 0x00, 0x00, 0x00, 0x00, 0x26, 0x00, 0x27, 0x00, 0x00, 0x00, 0x00, 0x05,
    0x00, 0x00, 0x00, 0x00, 0x00, 0x05, 0x00, 0x00, 0x00, 0x00, 0x00, 0x00, 0x00, 0x1C, 0x00, 0x0C,
    0x00, 0x00, 0x00, 0x00, 0x00, 0x08, 0x00, 0x00, 0x00, 0x09, 0x00, 0x00, 0x00, 0x00, 0x00, 0x00,
    0x00, 0x2C, 0x00, 0x00, 0x00, 0x2C, 0x00, 0x00, 0x00, 0x2C, 0x00, 0x00, 0x00, 0x00, 0x00, 0x22,
    0x00, 0x00, 0x00, 0x22, 0x00, 0x00, 0x00, 0x22, 0x00, 0x00, 0x00, 0x00, 0x00, 0x00, 0x00, 0x00,
    0x00, 0x00, 0x00, 0x00, 0x00, 0x00, 0x02, 0x00, 0x00, 0x00, 0x00, 0x00, 0x04, 0x00, 0x00, 0x00,
    0x00, 0x00, 0x00, 0x00, 0x00, 0x01, 0x00, 0x00, 0x00, 0x00, 0x01, 0x00, 0x00, 0x00, 0x20, 0x25,
    0x00, 0x00, 0x46, 0x15, 0x00, 0x00, 0x00, 0x19, 0x00, 0x00, 0x00, 0x00, 0x00, 0x00, 0x00, 0x00,
    0x00, 0x00, 0x00, 0x00, 0x07, 0x00, 0x07, 0x00, 0x00, 0x00, 0x00, 0x00, 0x00, 0x26, 0x00, 0x27,
    0x00, 0x00, 0x00, 0x00, 0x00, 0x00, 0x00, 0x00, 0x00, 0x00, 0x00, 0x00, 0x00, 0x00, 0x00, 0x00,
    0x05, 0x00, 0x00, 0x00, 0x00, 0x00, 0x0C, 0x00, 0x0C, 0x00, 0x0C, 0x00, 0x00, 0x00, 0x00, 0x00,
    0x00, 0x00, 0x0A, 0x00, 0x00, 0x00, 0x00, 0x0B, 0x00, 0x00, 0x00, 0x00, 0x00, 0x2B, 0x00, 0x00,
    0x00, 0x2B, 0x00, 0x00, 0x00, 0x00, 0x00, 0x00, 0x00, 0x00, 0x00, 0x22, 0x00, 0x00, 0x00, 0x00,
    0x00, 0x22, 0x00, 0x00, 0x00, 0x01, 0x00, 0x00, 0x00, 0x00, 0x00, 0x00, 0x00, 0x00, 0x00, 0x00,
    0x00, 0x00, 0x00, 0x2E, 0x00, 0x00, 0x00, 0x00, 0x2E, 0x00, 0x00, 0x00, 0x00, 0x00, 0x00, 0x00,
    0x00, 0x2C, 0x00, 0x00, 0x00, 0x00, 0x00, 0x00, 0x0A, 0x0B, 0x0C, 0x00, 0x01, 0x78, 0xFF, 0x00,
    0x00, 0x00, 0x00, 0x00, 0x06, 0x00, 0x00, 0x00, 0x00, 0x00, 0x00, 0x00, 0x00, 0x00, 0x00, 0x07,
    0x00, 0x00, 0x00, 0x00, 0x00, 0x00, 0x00, 0x00, 0x00, 0x00, 0x00, 0x00, 0x00, 0x00, 0x26, 0x00,
    0x27, 0x00, 0x00, 0x00, 0x00, 0x00, 0x00, 0x00, 0x00, 0x00, 0x00, 0x24, 0x00, 0x00, 0x00, 0x00,
    0x00, 0x0E, 0x00, 0x0E, 0x00, 0x00, 0x00, 0x00, 0x00, 0x00, 0x00, 0x00, 0x00, 0x00, 0x00, 0x00,
    0x00, 0x00, 0x00, 0x00, 0x00, 0x00, 0x00, 0x00, 0x2F, 0x00, 0x00, 0x2F, 0x00, 0x00, 0x00, 0x00,
    0x2F, 0x00, 0x00, 0x00, 0x23, 0x00, 0x00, 0x00, 0x2D, 0x00, 0x00, 0x00, 0x2D, 0x00, 0x00, 0x00,
    0x00, 0x00, 0x2B, 0x00, 0x00, 0x00, 0x00, 0x00, 0x00, 0x00, 0x00, 0x00, 0x03, 0x00, 0x00, 0x03,
    0x00, 0x00, 0x03, 0x00, 0x00, 0x03, 0x00, 0x00, 0x01, 0x00, 0x00, 0x00, 0x00, 0x00, 0x00, 0x01,
    0x00, 0x00, 0x00, 0x00, 0x30, 0x09, 0x00, 0x02, 0x78, 0xFF, 0x00, 0x00, 0x25, 0x00, 0x00, 0x00,
    0x25, 0x00, 0x00, 0x00, 0x00, 0x00, 0x00, 0x00, 0x00, 0x00, 0x0D, 0x00, 0x0D, 0x00, 0x00, 0x00,
    0x00, 0x00, 0x00, 0x00, 0x26, 0x00, 0x27, 0x00, 0x00, 0x00, 0x00, 0x00, 0x00, 0x00, 0x00, 0x00,
    0x00, 0x00, 0x00, 0x00, 0x00, 0x00, 0x24, 0x00, 0x00, 0x00, 0x00, 0x00, 0x0C, 0x00, 0x0C, 0x00,
    0x00, 0x00, 0x00, 0x00, 0x00, 0x00, 0x0B, 0x00, 0x00, 0x00, 0x00, 0x00, 0x00, 0x00, 0x00, 0x00,
    0x00, 0x00, 0x00, 0x00, 0x00, 0x02, 0x00, 0x00, 0x00, 0x00, 0x00, 0x00, 0x00, 0x00, 0x00, 0x03,
    0x00, 0x00, 0x00, 0x00, 0x00, 0x00, 0x00, 0x00, 0x03, 0x00, 0x00, 0x01, 0x00, 0x00, 0x00, 0x00,
    0x00, 0x00, 0x01, 0x00, 0x00, 0x00, 0x00, 0x22, 0x00, 0x00, 0x00, 0x00, 0x00, 0x03, 0x00, 0x00,
    0x00, 0x00, 0x00, 0x00, 0x00, 0x00, 0x2E, 0x00, 0x00, 0x00, 0x00, 0x2E, 0x00, 0x00, 0x20, 0x18,
    0x0A, 0x02, 0x02, 0x64, 0xFF, 0x00, 0x00, 0x1A, 0x00, 0x00, 0x00, 0x00, 0x00, 0x00, 0x00, 0x00,
    0x00, 0x00, 0x00, 0x00, 0x00, 0x0D, 0x00, 0x1D, 0x00, 0x00, 0x00, 0x00, 0x00, 0x00, 0x00, 0x00,
    0x00, 0x00, 0x00, 0x00, 0x26, 0x00, 0x27, 0x00, 0x00, 0x00, 0x00, 0x00, 0x00, 0x00, 0x00, 0x00,
    0x00, 0x24, 0x00, 0x00, 0x00, 0x00, 0x00, 0x00, 0x00, 0x1E, 0x00, 0x00, 0x00, 0x00, 0x00, 0x00,
    0x00, 0x0A, 0x00, 0x00, 0x00, 0x00, 0x00, 0x00, 0x0B, 0x00, 0x00, 0x00, 0x00, 0x00, 0x00, 0x00,
    0x02, 0x00, 0x00, 0x00, 0x00, 0x00, 0x00, 0x00, 0x00, 0x00, 0x23, 0x00, 0x00, 0x00, 0x23, 0x00,
    0x00, 0x00, 0x23, 0x00, 0x00, 0x00, 0x00, 0x00, 0x00, 0x2B, 0x00, 0x00, 0x00, 0x00, 0x00, 0x00,
    0x00, 0x00, 0x2D, 0x00, 0x00, 0x00, 0x2D, 0x00, 0x00, 0x00, 0x2D, 0x00, 0x00, 0x00, 0x01, 0x00,
    0x00, 0x00, 0x00, 0x00, 0x00, 0x01, 0x00, 0x00, 0x00, 0x19, 0x20, 0x09, 0x00, 0x03, 0x64, 0x15,
    0x00, 0x00, 0x06, 0x00, 0x00, 0x00, 0x00, 0x00, 0x00, 0x00, 0x00, 0x00, 0x00, 0x07, 0x00, 0x00,
    0x00, 0x00, 0x00, 0x1B, 0x00, 0x00, 0x00, 0x00, 0x00, 0x0F, 0x00, 0x10, 0x00, 0x00, 0x00, 0x00,
    0x00, 0x00, 0x00, 0x00, 0x00, 0x00, 0x00, 0x00, 0x24, 0x00, 0x00, 0x00, 0x24, 0x00, 0x00, 0x00,
    0x00, 0x00, 0x0E, 0x00, 0x1E, 0x00, 0x00, 0x00, 0x00, 0x00, 0x00, 0x00, 0x00, 0x00, 0x00, 0x00,
    0x00, 0x00, 0x09, 0x0B, 0x00, 0x00, 0x00, 0x00, 0x00, 0x00, 0x00, 0x04, 0x00, 0x00, 0x00, 0x00,
    0x00, 0x00, 0x00, 0x00, 0x00, 0x00, 0x00, 0x00, 0x23, 0x00, 0x00, 0x00, 0x00, 0x00, 0x23, 0x00,
    0x00, 0x2F, 0x00, 0x00, 0x00, 0x00, 0x00, 0x00, 0x00, 0x00, 0x00, 0x00, 0x00, 0x03, 0x00, 0x00,
    0x00, 0x00, 0x00, 0x03, 0x00, 0x00, 0x00, 0x00, 0x00, 0x00, 0x00, 0x00, 0x01, 0x00, 0x00, 0x00,
    0x00, 0x01, 0x00, 0x00, 0x25, 0x20, 0x10, 0x00, 0x02, 0x64, 0x1A, 0x06, 0x00, 0x00, 0x00, 0x00,
    0x00, 0x00, 0x00, 0x00, 0x00, 0x00, 0x00, 0x00, 0x00, 0x00, 0x00, 0x0D, 0x00, 0x00, 0x00, 0x00,
    0x00, 0x00, 0x00, 0x00, 0x00, 0x00, 0x00, 0x00, 0x00, 0x00, 0x26, 0x00, 0x27, 0x00, 0x00, 0x00,
    0x00, 0x00, 0x00, 0x00, 0x00, 0x00, 0x00, 0x24, 0x00, 0x00, 0x00, 0x00, 0x00, 0x00, 0x00, 0x1E,
    0x00, 0x00, 0x00, 0x00, 0x00, 0x00, 0x00, 0x08, 0x00, 0x00, 0x00, 0x00, 0x00, 0x00, 0x00, 0x00,
    0x00, 0x00, 0x00, 0x00, 0x00, 0x00, 0x00, 0x2F, 0x00, 0x00, 0x00, 0x00, 0x2F, 0x00, 0x00, 0x00,
    0x23, 0x00, 0x00, 0x23, 0x00, 0x00, 0x23, 0x00, 0x00, 0x23, 0x00, 0x00, 0x00, 0x00, 0x02, 0x00,
    0x00, 0x00, 0x00, 0x00, 0x00, 0x00, 0x00, 0x00, 0x03, 0x00, 0x00, 0x03, 0x00, 0x00, 0x03, 0x00,
    0x00, 0x03, 0x00, 0x00, 0x01, 0x00, 0x00, 0x00, 0x00, 0x00, 0x00, 0x01, 0x00, 0x00, 0x00, 0x10,
    0x00, 0x09, 0x01, 0x00, 0x78, 0x15, 0x00, 0x00, 0x19, 0x00, 0x00, 0x00, 0x00, 0x00, 0x00, 0x00,
    0x00, 0x00, 0x00, 0x00, 0x00, 0x00, 0x07, 0x00, 0x00, 0x00, 0x00, 0x00, 0x00, 0x00, 0x00, 0x00,
    0x00, 0x00, 0x00, 0x00, 0x00, 0x26, 0x00, 0x27, 0x00, 0x00, 0x00, 0x00, 0x00, 0x00, 0x00, 0x00,
    0x00, 0x00, 0x24, 0x00, 0x00, 0x00, 0x00, 0x00, 0x1E, 0x00, 0x0E, 0x00, 0x00, 0x00, 0x00, 0x00,
    0x00, 0x00, 0x08, 0x00, 0x00, 0x00, 0x00, 0x00, 0x00, 0x08, 0x00, 0x00, 0x00, 0x00, 0x00, 0x00,
    0x00, 0x2B, 0x00, 0x00, 0x00, 0x00, 0x00, 0x00, 0x00, 0x00, 0x00, 0x03, 0x00, 0x00, 0x03, 0x00,
    0x00, 0x03, 0x00, 0x00, 0x03, 0x00, 0x00, 0x2F, 0x00, 0x00, 0x00, 0x00, 0x00, 0x00, 0x00, 0x00,
    0x00, 0x00, 0x00, 0x23, 0x00, 0x00, 0x00, 0x23, 0x00, 0x00, 0x00, 0x23, 0x00, 0x00, 0x00, 0x00,
    0x00, 0x00, 0x2B, 0x00, 0x00, 0x00, 0x00, 0x00, 0x00, 0x00, 0x00, 0x20, 0x09, 0x01, 0x01, 0x78,
    0x15, 0x00, 0x00, 0x00, 0x00, 0x00, 0x00, 0x00, 0x00, 0x00, 0x00, 0x00, 0x00, 0x00, 0x00, 0x00,
    0x00, 0x00, 0x00, 0x00, 0x00, 0x00, 0x00, 0x00, 0x00, 0x00, 0x00, 0x00, 0x00, 0x00, 0x00, 0x00,
    0x00, 0x00, 0x00, 0x00, 0x00, 0x00, 0x00, 0x00, 0x00, 0x00, 0x00, 0x00, 0x00, 0x00, 0x00, 0x00,
    0x00, 0x11, 0x12, 0x13, 0x12, 0x11, 0x00, 0x14, 0x15, 0x16, 0x12, 0x00, 0x00, 0x00, 0x00, 0x00,
    0x00, 0x00, 0x00, 0x00, 0x00, 0x00, 0x00, 0x00, 0x00, 0x00, 0x00, 0x00, 0x00, 0x00, 0x00, 0x00,
    0x00, 0x00, 0x00, 0x00, 0x00, 0x00, 0x00, 0x00, 0x00, 0x00, 0x00, 0x00, 0x00, 0x00, 0x00, 0x00,
    0x00, 0x00, 0x00, 0x00, 0x00, 0x00, 0x00, 0x00, 0x00, 0x00, 0x00, 0x00, 0x00, 0x00, 0x00, 0x00,
    0x00, 0x00, 0x00, 0x00, 0x00, 0x00, 0x00, 0x00, 0x00, 0x00, 0x00, 0x00, 0x00, 0x00, 0x00, 0x00,
    0x00, 0x00, 0x00, 0x00, 0x00, 0x00, 0x00, 0x00, 0x00, 0x00, 0x00, 0xFF, 0xFD, 0xC3, 0xFE, 0xB6,
    0xED, 0x8F, 0xFE, 0xB6, 0xEF, 0xFF, 0xFE, 0xDC, 0xFE, 0x28, 0xFD, 0x79, 0xFE, 0x66, 0xFE, 0xB6,
    0xFE, 0xE8, 0xFE, 0xB6, 0xFE, 0xE8, 0xFE, 0xB6, 0x9E, 0x9E, 0x1E, 0x04, 0x94, 0x94, 0x14, 0x06,
    0x8A, 0x8A, 0x0A, 0x0C, 0x00, 0x80, 0xFE, 0x66, 0xFE, 0xB6, 0x82, 0x9C, 0x10, 0x0C, 0x80, 0x9A,
    0x0E, 0x0C, 0x82, 0x9F, 0x13, 0x0C, 0x80, 0x9E, 0x12, 0x0C, 0x82, 0xA1, 0x15, 0x0C, 0x80, 0x9F,
    0x13, 0x0C, 0x02, 0x0C, 0x80, 0x9F, 0x13, 0x0C, 0x02, 0x0C, 0x13, 0xFF, 0xFE, 0xE8, 0xFE, 0xB6,
    0xA8, 0x9C, 0x10, 0x04, 0xB2, 0xA6, 0x1A, 0x06, 0xBC, 0xB0, 0x24, 0x0C, 0x00, 0x80, 0xFE, 0xE8,
    0xFE, 0xB6, 0x82, 0x9A, 0x0E, 0x0C, 0x80, 0x9F, 0x13, 0x0C, 0x82, 0x9F, 0x13, 0x0C, 0x80, 0xA1,
    0x15, 0x0C, 0x82, 0xA3, 0x17, 0x0C, 0x80, 0x9F, 0x13, 0x0C, 0x82, 0xA3, 0x17, 0x0C, 0x80, 0xA1,
    0x15, 0x0C, 0x82, 0x9A, 0x0E, 0x0C, 0x80, 0x9F, 0x13, 0x0C, 0x82, 0x9F, 0x13, 0x0C, 0x80, 0xA1,
    0x15, 0x0C, 0x82, 0xA3, 0x17, 0x0C, 0x80, 0x9F, 0x13, 0x0C, 0x02, 0x0C, 0x80, 0x9E, 0x12, 0x0C,
    0x82, 0x9A, 0x0E, 0x0C, 0x80, 0x9F, 0x13, 0x0C, 0x82, 0x9F, 0x13, 0x0C, 0x80, 0xA1, 0x15, 0x0C,
    0x82, 0xA3, 0x17, 0x0C, 0x80, 0xA4, 0x18, 0x0C, 0x82, 0xA3, 0x17, 0x0C, 0x80, 0xA1, 0x15, 0x0C,
    0x82, 0x9F, 0x13, 0x0C, 0x80, 0x9E, 0x12, 0x0C, 0x82, 0x9A, 0x0E, 0x0C, 0x80, 0x9C, 0x10, 0x0C,
    0x82, 0x9E, 0x12, 0x0C, 0x80, 0x9F, 0x13, 0x0C, 0x02, 0x0C, 0x13, 0xFF, 0xFE, 0xE8, 0xFE, 0xB6,
    0xB2, 0xA6, 0x1A, 0x0C, 0x00, 0x80, 0xFE, 0xE8, 0xFE, 0xB6, 0xBF, 0xB3, 0x27, 0x0C, 0x00, 0x80,
    0xFE, 0xE8, 0xFE, 0xB6, 0x9E, 0x9E, 0x1E, 0x02, 0xAA, 0xAA, 0x2A, 0x03, 0x00, 0x80, 0xFE, 0xE8,
    0xFE, 0xB6, 0x9E, 0x92, 0x06, 0x08, 0x80, 0x80, 0x00, 0x02, 0xA0, 0x94, 0x08, 0x08, 0x80, 0x80,
    0x00, 0x02, 0xA2, 0x96, 0x0A, 0x1E, 0x00, 0x80, 0xFE, 0xE8, 0xFE, 0xB6, 0xA8, 0x9C, 0x10, 0x08,
    0x80, 0x80, 0x00, 0x02, 0xAA, 0x9E, 0x12, 0x08, 0x80, 0x80, 0x00, 0x02, 0xAC, 0xA0, 0x14, 0x08,
    0x80, 0x80, 0x00, 0x02, 0xAE, 0xA2, 0x16, 0x1E, 0x00, 0x80, 0x53, 0x43, 0x4F, 0x52, 0x45, 0x3A,
    0x30, 0x30, 0x30, 0x30, 0x30, 0x30, 0x80, 0x4C, 0x45, 0x56, 0x45, 0x4C, 0x3A, 0x30, 0x30, 0x30,
    0x30, 0x30, 0x30, 0x80, 0x46, 0x52, 0x4F, 0x47, 0x53, 0x3A, 0x35, 0x80, 0x00, 0x00, 0x00, 0x6A,
    0xB0, 0x01, 0x00, 0x00, 0x6A, 0xD4, 0x00, 0x00, 0x00, 0x6A, 0xF8, 0x00, 0x00, 0x00, 0x6A, 0x1C,
    0x00, 0x00, 0x00, 0x6A, 0x40, 0xFE, 0xE8, 0xFE, 0xB6, 0x02, 0x0C, 0x00, 0x0C, 0x02, 0x0C, 0x00,
    0x0C, 0x02, 0x06, 0x00, 0x06, 0x02, 0x06, 0x00, 0x06, 0x02, 0x06, 0x00, 0x06, 0x02, 0x0C, 0x00,
    0x0C, 0x02, 0x0C, 0x00, 0x0C, 0x02, 0x0C, 0x00, 0x0C, 0x02, 0x06, 0x00, 0x06, 0x02, 0x06, 0x00,
    0x06, 0x02, 0x06, 0x00, 0x06, 0x02, 0x06, 0x00, 0x06, 0x02, 0x0C, 0x00, 0x0C, 0x82, 0x9A, 0x0E,
    0x0C, 0x80, 0x9F, 0x13, 0x0C, 0x82, 0x9F, 0x13, 0x0C, 0x80, 0xA1, 0x15, 0x0C, 0x82, 0xA3, 0x17,
    0x0C, 0x80, 0x9F, 0x13, 0x0C, 0x82, 0xA3, 0x17, 0x0C, 0x80, 0xA1, 0x15, 0x0C, 0x82, 0x9A, 0x0E,
    0x0C, 0x80, 0x9F, 0x13, 0x0C, 0x82, 0x9F, 0x13, 0x0C, 0x80, 0xA1, 0x15, 0x0C, 0x82, 0xA3, 0x17,
    0x0C, 0x80, 0x9F, 0x13, 0x0C, 0x02, 0x0C, 0x80, 0x9E, 0x12, 0x0C, 0x82, 0x9A, 0x0E, 0x0C, 0x80,
    0x9F, 0x13, 0x0C, 0x82, 0x9F, 0x13, 0x0C, 0x80, 0xA1, 0x15, 0x0C, 0x82, 0xA3, 0x17, 0x0C, 0x80,
    0xA4, 0x18, 0x0C, 0x82, 0xA3, 0x17, 0x0C, 0x80, 0xA1, 0x15, 0x0C, 0x82, 0x9F, 0x13, 0x0C, 0x80,
    0x9E, 0x12, 0x0C, 0x82, 0x9A, 0x0E, 0x0C, 0x80, 0x9C, 0x10, 0x0C, 0x82, 0x9E, 0x12, 0x0C, 0x80,
    0x9F, 0x13, 0x0C, 0x02, 0x0C, 0x80, 0x9F, 0x13, 0x0C, 0x02, 0x0C, 0x80, 0x9C, 0x10, 0x12, 0x9E,
    0x12, 0x06, 0x82, 0x9C, 0x10, 0x0C, 0x80, 0x9A, 0x0E, 0x0C, 0x82, 0x9C, 0x10, 0x0C, 0x80, 0x9E,
    0x12, 0x0C, 0x82, 0x9F, 0x13, 0x0C, 0x00, 0x0C, 0x80, 0x9A, 0x0E, 0x12, 0x9C, 0x10, 0x06, 0x82,
    0x9A, 0x0E, 0x0C, 0x80, 0x98, 0x0C, 0x0C, 0x82, 0x97, 0x0B, 0x0C, 0x00, 0x0C, 0x82, 0x9A, 0x0E,
    0x0C, 0x00, 0x0C, 0x82, 0x9C, 0x10, 0x12, 0x9E, 0x12, 0x06, 0x80, 0x9C, 0x10, 0x0C, 0x82, 0x9A,
    0x0E, 0x0C, 0x80, 0x9C, 0x10, 0x0C, 0x82, 0x9E, 0x12, 0x0C, 0x80, 0x9F, 0x13, 0x0C, 0x82, 0x9C,
    0x10, 0x0C, 0x80, 0x9A, 0x0E, 0x0C, 0x82, 0x9F, 0x13, 0x0C, 0x80, 0x9E, 0x12, 0x0C, 0x82, 0xA1,
    0x15, 0x0C, 0x80, 0x9F, 0x13, 0x0C, 0x02, 0x0C, 0x80, 0x9F, 0x13, 0x0C, 0x02, 0x0C, 0x13, 0xFF,
};

#endif
