// Auto-generated from All Good Things by John Dondzila (1996).vec
#ifndef _GBCART_ALL_GOOD_THINGS_BY_JOHN_DONDZILA_1996_H
#define _GBCART_ALL_GOOD_THINGS_BY_JOHN_DONDZILA_1996_H

const unsigned char gb_cart_All_Good_Things_by_John_Dondzila_1996[] PROGMEM = {
    0x67, 0x20, 0x47, 0x43, 0x45, 0x20, 0x30, 0x30, 0x30, 0x30, 0x80, 0x3F, 0xEA, 0xF8, 0x48, 0x2F,
    0xC0, 0x4A, 0x4F, 0x48, 0x4E, 0x20, 0x44, 0x4F, 0x4E, 0x44, 0x5A, 0x49, 0x4C, 0x41, 0x80, 0xF8,
    0x48, 0x1F, 0xB0, 0x50, 0x52, 0x4F, 0x55, 0x44, 0x4C, 0x59, 0x20, 0x50, 0x52, 0x45, 0x53, 0x45,
    0x4E, 0x54, 0x53, 0x2E, 0x2E, 0x2E, 0x80, 0x00, 0x8E, 0xC8, 0x80, 0xBD, 0xF5, 0x45, 0x8E, 0xC8,
    0x80, 0xBD, 0xF8, 0x4F, 0x8E, 0xC8, 0x90, 0xBD, 0xF8, 0x4F, 0x8E, 0xC8, 0xA0, 0xBD, 0xF8, 0x4F,
    0x8E, 0xC8, 0xE0, 0xBD, 0xF8, 0x4F, 0x8E, 0xC8, 0xB0, 0xBD, 0xF8, 0x4F, 0x8E, 0xC8, 0xC0, 0xBD,
    0xF8, 0x4F, 0x8E, 0xC8, 0xD0, 0xBD, 0xF8, 0x4F, 0x8E, 0xCB, 0xEB, 0xBD, 0xF8, 0x4F, 0xBD, 0x3F,
    0xC4, 0xCC, 0xFC, 0x47, 0xFD, 0xC8, 0x2A, 0x8E, 0xCA, 0x15, 0x34, 0x10, 0xBD, 0xF5, 0x11, 0x35,
    0x10, 0xA7, 0x84, 0xA7, 0x01, 0x30, 0x02, 0x8C, 0xCA, 0x3D, 0x26, 0xEE, 0x86, 0x00, 0xB7, 0xCA,
    0x13, 0xB7, 0xCA, 0x42, 0xB7, 0xCA, 0x43, 0xB7, 0xC9, 0x01, 0xB7, 0xC9, 0x02, 0x86, 0x01, 0xB7,
    0xC8, 0xFF, 0x86, 0x03, 0xB7, 0xC9, 0x00, 0xBD, 0xF1, 0x92, 0xBD, 0x01, 0x1C, 0xBD, 0x00, 0xDD,
    0x7C, 0xC9, 0x00, 0xB6, 0xC9, 0x00, 0x81, 0x02, 0x26, 0x05, 0x86, 0x00, 0xB7, 0xC9, 0x00, 0xBD,
    0x3F, 0xD4, 0x7D, 0xC8, 0x15, 0x27, 0x0F, 0xB6, 0xC8, 0xFF, 0x81, 0x00, 0x26, 0x0D, 0x86, 0x01,
    0xB7, 0xC8, 0xFF, 0x7E, 0x02, 0x1E, 0x86, 0x00, 0xB7, 0xC8, 0xFF, 0x20, 0xCA, 0xBD, 0xF2, 0xA9,
    0xB6, 0xC9, 0x01, 0x81, 0x00, 0x27, 0x1B, 0xCE, 0x01, 0x7F, 0x81, 0x01, 0x27, 0x11, 0xCE, 0x01,
    0x94, 0x81, 0x02, 0x27, 0x0A, 0xCE, 0x01, 0xB1, 0x81, 0x03, 0x27, 0x03, 0xCE, 0x01, 0xDB, 0xBD,
    0xF3, 0x8A, 0x7C, 0xC9, 0x02, 0xB6, 0xC9, 0x02, 0x81, 0x00, 0x26, 0x0F, 0x7C, 0xC9, 0x01, 0xB6,
    0xC9, 0x01, 0x81, 0x05, 0x26, 0x05, 0x86, 0x01, 0xB7, 0xC9, 0x01, 0x39, 0x8E, 0xCA, 0x15, 0x34,
    0x10, 0xA6, 0x84, 0x81, 0xFF, 0x2A, 0x02, 0x86, 0x7F, 0xBD, 0xF2, 0xAB, 0xE6, 0x84, 0x34, 0x04,
    0xB6, 0xC9, 0x00, 0x81, 0x01, 0x26, 0x02, 0x6C, 0x01, 0xA6, 0x01, 0xCE, 0xCA, 0x00, 0x8E, 0x01,
    0x7B, 0xBD, 0xF6, 0x1F, 0xCC, 0x00, 0x00, 0xFD, 0xCA, 0x11, 0x8E, 0xCA, 0x11, 0xBD, 0xF3, 0x0C,
    0x35, 0x04, 0x8E, 0xCA, 0x00, 0xBD, 0xF4, 0x0E, 0xBD, 0xF2, 0xC5, 0xBD, 0xF3, 0x54, 0x35, 0x10,
    0x6C, 0x84, 0x6C, 0x84, 0xA6, 0x84, 0x81, 0xFF, 0x26, 0x09, 0x34, 0x10, 0xBD, 0xF5, 0x11, 0x35,
    0x10, 0xA7, 0x01, 0x30, 0x02, 0x8C, 0xCA, 0x40, 0x2B, 0xA5, 0x39, 0x00, 0x60, 0x00, 0x01, 0x00,
    0xB2, 0x22, 0x41, 0x4C, 0x4C, 0x20, 0x47, 0x4F, 0x4F, 0x44, 0x20, 0x54, 0x48, 0x49, 0x4E, 0x47,
    0x53, 0x22, 0x80, 0x00, 0x0F, 0xED, 0x67, 0x20, 0x31, 0x39, 0x39, 0x36, 0x80, 0xF0, 0xB8, 0x42,
    0x59, 0x20, 0x4A, 0x4F, 0x48, 0x4E, 0x20, 0x44, 0x4F, 0x4E, 0x44, 0x5A, 0x49, 0x4C, 0x41, 0x80,
    0x00, 0x0F, 0xB2, 0x50, 0x52, 0x45, 0x53, 0x53, 0x20, 0x42, 0x55, 0x54, 0x54, 0x4F, 0x4E, 0x20,
    0x23, 0x34, 0x20, 0x54, 0x4F, 0x80, 0xF0, 0xB2, 0x20, 0x53, 0x45, 0x4C, 0x45, 0x43, 0x54, 0x20,
    0x41, 0x20, 0x47, 0x41, 0x4D, 0x45, 0x20, 0x20, 0x21, 0x80, 0x00, 0x0F, 0xAD, 0x46, 0x4F, 0x52,
    0x20, 0x49, 0x4E, 0x46, 0x4F, 0x20, 0x4F, 0x4E, 0x20, 0x4F, 0x54, 0x48, 0x45, 0x52, 0x20, 0x80,
    0x01, 0xA8, 0x20, 0x20, 0x56, 0x45, 0x43, 0x54, 0x52, 0x45, 0x58, 0x20, 0x47, 0x41, 0x4D, 0x45,
    0x53, 0x2C, 0x20, 0x20, 0x20, 0x80, 0xF0, 0xA0, 0x50, 0x43, 0x4A, 0x4F, 0x48, 0x4E, 0x40, 0x4D,
    0x4F, 0x4E, 0x4D, 0x4F, 0x55, 0x54, 0x48, 0x2E, 0x43, 0x4F, 0x4D, 0x20, 0x80, 0x00, 0xBD, 0xF1,
    0xAA, 0xBD, 0xF2, 0x72, 0x7E, 0x0E, 0xDD, 0xBD, 0x3F, 0xC4, 0xCC, 0x00, 0x00, 0xFD, 0xC8, 0x80,
    0x8E, 0xC8, 0x80, 0xBD, 0xF8, 0x4F, 0xBD, 0x3F, 0xD9, 0xCC, 0x00, 0x00, 0xFD, 0xC8, 0x80, 0xFD,
    0xC9, 0x90, 0x8E, 0xC8, 0x80, 0xBD, 0xF8, 0x4F, 0x86, 0x03, 0xB7, 0xC9, 0x6E, 0x86, 0x04, 0xB7,
    0xCA, 0xFF, 0xCC, 0x00, 0x00, 0xFD, 0xC9, 0x30, 0xB7, 0xC9, 0x32, 0x8E, 0xC9, 0x90, 0xBD, 0xF8,
    0x4F, 0xCC, 0x99, 0x99, 0x8E, 0xC9, 0x90, 0xBD, 0xF8, 0x7C, 0xBD, 0x0E, 0xC8, 0xF6, 0xC9, 0x6E,
    0x8E, 0xC9, 0x33, 0x86, 0x00, 0xA7, 0x84, 0x30, 0x01, 0x8C, 0xC9, 0x8F, 0x26, 0xF7, 0xF7, 0xC9,
    0x6E, 0x86, 0x00, 0xB7, 0xC9, 0x37, 0x8E, 0xCA, 0x00, 0xA7, 0x84, 0x30, 0x01, 0x8C, 0xCA, 0xFE,
    0x26, 0xF7, 0xF6, 0xCA, 0xFF, 0x8E, 0xCA, 0x00, 0x34, 0x04, 0x34, 0x10, 0xBD, 0xF5, 0x11, 0x81,
    0x5F, 0x2A, 0x02, 0x20, 0xF7, 0x81, 0xA0, 0x2B, 0x02, 0x20, 0xF1, 0x35, 0x10, 0xA7, 0x84, 0x34,
    0x10, 0xBD, 0xF5, 0x11, 0x81, 0x5F, 0x2A, 0x02, 0x20, 0xF7, 0x81, 0xA0, 0x2B, 0x02, 0x20, 0xF1,
    0x35, 0x10, 0xA7, 0x01, 0xBD, 0x0D, 0xA8, 0xA7, 0x02, 0xBD, 0x0D, 0xA8, 0xA7, 0x03, 0x86, 0x01,
    0xA7, 0x04, 0xBD, 0x0D, 0xD3, 0xAB, 0x04, 0xA7, 0x04, 0xEC, 0x02, 0x81, 0x00, 0x26, 0x08, 0xC1,
    0x00, 0x26, 0x04, 0x86, 0x01, 0xA7, 0x03, 0x30, 0x05, 0x35, 0x04, 0x5A, 0xC1, 0x00, 0x26, 0xA8,
    0xCC, 0x00, 0x80, 0xFD, 0xC9, 0x5E, 0x86, 0x20, 0xB7, 0xC9, 0x63, 0x86, 0x01, 0xB7, 0xC9, 0x65,
    0xBD, 0x06, 0x4C, 0x86, 0x01, 0xB7, 0xC9, 0x79, 0xCE, 0x11, 0x0F, 0xBD, 0xF2, 0x7D, 0x86, 0x34,
    0xB7, 0xC9, 0x7E, 0x4C, 0x4C, 0xB7, 0xC9, 0x7F, 0x86, 0x03, 0xB7, 0xC9, 0x81, 0xB6, 0xC9, 0x32,
    0xB7, 0xC9, 0xB5, 0xBD, 0xF1, 0xAA, 0xBD, 0xF1, 0x92, 0xB6, 0xC9, 0x7A, 0x81, 0x00, 0x27, 0x24,
    0xBD, 0xF2, 0xA9, 0xCC, 0xFC, 0x47, 0xFD, 0xC8, 0x2A, 0xCE, 0x10, 0x15, 0xCC, 0x00, 0xC0, 0xBD,
    0xF3, 0x7A, 0x86, 0x00, 0xB7, 0xC9, 0x6E, 0x7C, 0xC9, 0x7A, 0xB6, 0xC9, 0x7A, 0x81, 0xFF, 0x26,
    0x15, 0x7E, 0x02, 0x1E, 0xB6, 0xC9, 0x6F, 0x81, 0x00, 0x27, 0x05, 0xBD, 0x0D, 0x12, 0x20, 0x06,
    0xBD, 0x0C, 0x60, 0xBD, 0x09, 0xFE, 0xBD, 0x0E, 0x8F, 0xBD, 0x0B, 0x8A, 0xBD, 0x07, 0x45, 0xBD,
    0x08, 0x13, 0xBD, 0x07, 0x32, 0xBD, 0x06, 0x5D, 0xBD, 0x03, 0xCC, 0x7C, 0xC9, 0x54, 0xB6, 0xC9,
    0x54, 0x81, 0x02, 0x26, 0x05, 0x86, 0x00, 0xB7, 0xC9, 0x54, 0xB6, 0xC9, 0x5D, 0x81, 0x00, 0x27,
    0x92, 0xF6, 0xC9, 0x60, 0xC1, 0x00, 0x26, 0x8B, 0x7C, 0xC9, 0x5D, 0xB6, 0xC9, 0x5D, 0x81, 0xFF,
    0x26, 0x81, 0xB6, 0xCA, 0xFF, 0x81, 0x09, 0x2A, 0x03, 0x7C, 0xCA, 0xFF, 0xB6, 0xC9, 0x6E, 0x81,
    0x00, 0x26, 0x03, 0x7E, 0x02, 0x1E, 0x7E, 0x02, 0x6D, 0x34, 0x06, 0x34, 0x10, 0x34, 0x20, 0xCE,
    0x10, 0xF4, 0xBD, 0xF2, 0x7D, 0x35, 0x20, 0x35, 0x10, 0x35, 0x06, 0x39, 0xB6, 0xC9, 0x86, 0x81,
    0x00, 0x27, 0x04, 0xBD, 0x04, 0x84, 0x39, 0xF6, 0xC9, 0x83, 0xC1, 0x00, 0x27, 0x29, 0x86, 0x00,
    0xBD, 0xF2, 0x56, 0x7C, 0xC9, 0x83, 0x7C, 0xC9, 0x83, 0x7C, 0xC9, 0x83, 0x7C, 0xC9, 0x83, 0x7C,
    0xC9, 0x83, 0x7C, 0xC9, 0x83, 0xB6, 0xC9, 0x83, 0x81, 0x90, 0x2B, 0x0B, 0x86, 0x00, 0xB7, 0xC9,
    0x83, 0xCC, 0x00, 0x00, 0xBD, 0xF2, 0x56, 0xF6, 0xC9, 0x7B, 0xC1, 0x00, 0x26, 0x02, 0x20, 0x1D,
    0x86, 0x00, 0xBD, 0xF2, 0x56, 0x7C, 0xC9, 0x7B, 0x7C, 0xC9, 0x7B, 0xB6, 0xC9, 0x7B, 0x81, 0x42,
    0x2B, 0x0B, 0x86, 0x00, 0xB7, 0xC9, 0x7B, 0xCC, 0x00, 0x00, 0xBD, 0xF2, 0x56, 0xBD, 0x05, 0x39,
    0xB6, 0xC9, 0x60, 0x81, 0x00, 0x27, 0x03, 0x20, 0x6E, 0x12, 0xBD, 0x04, 0xFF, 0x7C, 0xC9, 0x7D,
    0xB6, 0xC9, 0x7D, 0xB1, 0xC9, 0x7E, 0x2B, 0x2F, 0xB1, 0xC9, 0x7F, 0x26, 0x09, 0x86, 0x00, 0xB7,
    0xC9, 0x7D, 0x7C, 0xC9, 0x7C, 0x39, 0xB6, 0xC9, 0x7C, 0x81, 0x02, 0x26, 0x05, 0x86, 0x00, 0xB7,
    0xC9, 0x7C, 0xC6, 0xE0, 0x81, 0x01, 0x2A, 0x02, 0xC6, 0xFF, 0x86, 0x02, 0xBD, 0xF2, 0x56, 0x86,
    0x03, 0xC6, 0x03, 0xBD, 0xF2, 0x56, 0x39, 0xCC, 0x02, 0x00, 0xBD, 0xF2, 0x56, 0xCC, 0x03, 0x00,
    0xBD, 0xF2, 0x56, 0x39, 0xB6, 0xC9, 0x87, 0x81, 0x00, 0x2A, 0x05, 0xCC, 0x02, 0x00, 0x20, 0x04,
    0xC6, 0x20, 0x86, 0x02, 0xBD, 0xF2, 0x56, 0x86, 0x03, 0xC6, 0x00, 0xBD, 0xF2, 0x56, 0xB6, 0xC9,
    0x87, 0x8B, 0x20, 0xB7, 0xC9, 0x87, 0x39, 0x86, 0x02, 0xF6, 0xC9, 0x81, 0xBD, 0xF2, 0x56, 0xB6,
    0xC9, 0x60, 0x81, 0x01, 0x26, 0x05, 0xCC, 0x03, 0x01, 0x20, 0x03, 0xCC, 0x03, 0x00, 0xBD, 0xF2,
    0x56, 0xB6, 0xC9, 0x82, 0x81, 0x01, 0x27, 0x11, 0x7C, 0xC9, 0x81, 0x7C, 0xC9, 0x81, 0x7C, 0xC9,
    0x81, 0x7C, 0xC9, 0x81, 0x7C, 0xC9, 0x81, 0x20, 0x0F, 0x7A, 0xC9, 0x81, 0x7A, 0xC9, 0x81, 0x7A,
    0xC9, 0x81, 0x7A, 0xC9, 0x81, 0x7A, 0xC9, 0x81, 0xB6, 0xC9, 0x81, 0x81, 0xB0, 0x2B, 0x06, 0x86,
    0x00, 0xB7, 0xC9, 0x82, 0x39, 0x81, 0xC5, 0x2A, 0x05, 0x86, 0x01, 0xB7, 0xC9, 0x82, 0x39, 0xB6,
    0xC9, 0x80, 0x81, 0x01, 0x2A, 0x28, 0xB6, 0xC9, 0x5C, 0x81, 0x04, 0x2A, 0x0B, 0x86, 0x08, 0xB7,
    0xC9, 0x7E, 0x8B, 0x02, 0xB7, 0xC9, 0x7F, 0x39, 0x86, 0x10, 0xB7, 0xC9, 0x7E, 0x8B, 0x02, 0xB7,
    0xC9, 0x7F, 0x39, 0x86, 0x20, 0xB7, 0xC9, 0x7E, 0x8B, 0x02, 0xB7, 0xC9, 0x7F, 0x39, 0x86, 0x34,
    0xB7, 0xC9, 0x7E, 0x8B, 0x02, 0xB7, 0xC9, 0x7F, 0x39, 0xB6, 0xC9, 0x7D, 0x4A, 0x4A, 0xB1, 0xC9,
    0x7E, 0x2A, 0x05, 0x81, 0xFE, 0x2B, 0x01, 0x39, 0x86, 0x00, 0xB7, 0xC9, 0x7D, 0x39, 0xB6, 0xC9,
    0x67, 0x81, 0x00, 0x26, 0x52, 0xB6, 0xC9, 0x60, 0x81, 0x02, 0x27, 0x4E, 0x86, 0x28, 0xB7, 0xC9,
    0x67, 0xBD, 0xF5, 0x11, 0xB7, 0xC9, 0x66, 0xBD, 0xF1, 0xAF, 0x86, 0x04, 0xF6, 0xC9, 0x66, 0xBD,
    0xF6, 0x01, 0xFD, 0xC9, 0x68, 0xBD, 0xF1, 0xAA, 0xFC, 0xC9, 0x5E, 0xFD, 0xC9, 0x6A, 0x86, 0x60,
    0xB7, 0xC9, 0x83, 0xB6, 0xC9, 0x6A, 0xBB, 0xC9, 0x68, 0xB7, 0xC9, 0x6A, 0xB6, 0xC9, 0x6B, 0xBB,
    0xC9, 0x69, 0xB7, 0xC9, 0x6B, 0xB6, 0xC9, 0x6A, 0xBB, 0xC9, 0x68, 0xB7, 0xC9, 0x6A, 0xB6, 0xC9,
    0x6B, 0xBB, 0xC9, 0x69, 0xB7, 0xC9, 0x6B, 0x20, 0x51, 0x12, 0xBD, 0x0D, 0xD3, 0x81, 0x01, 0x27,
    0xAB, 0xBD, 0xF1, 0xAF, 0xBD, 0x0D, 0xA8, 0xB6, 0xC9, 0x30, 0xB0, 0xC9, 0x5E, 0xF6, 0xC9, 0x31,
    0xF0, 0xC9, 0x5F, 0xBD, 0xF5, 0x93, 0x80, 0x10, 0xC0, 0x10, 0x86, 0x03, 0xBD, 0xF6, 0x01, 0xFD,
    0xC9, 0x68, 0xBD, 0xF1, 0xAA, 0x86, 0x24, 0xB7, 0xC9, 0x67, 0xFC, 0xC9, 0x5E, 0xFD, 0xC9, 0x6A,
    0x86, 0x60, 0xB7, 0xC9, 0x83, 0xB6, 0xC9, 0x6A, 0xBB, 0xC9, 0x68, 0xB7, 0xC9, 0x6A, 0xB6, 0xC9,
    0x6B, 0xBB, 0xC9, 0x69, 0xB7, 0xC9, 0x6B, 0x20, 0x01, 0x12, 0x8E, 0xC9, 0x6A, 0xBD, 0xF3, 0x0C,
    0xBD, 0xF2, 0xA9, 0xBD, 0xF2, 0xC5, 0xBD, 0xF3, 0x54, 0xB6, 0xC9, 0x6A, 0xBB, 0xC9, 0x68, 0xB7,
    0xC9, 0x6A, 0xB6, 0xC9, 0x6B, 0xBB, 0xC9, 0x69, 0xB7, 0xC9, 0x6B, 0x7A, 0xC9, 0x67, 0xB6, 0xC9,
    0x6F, 0x81, 0x00, 0x26, 0x1D, 0xB6, 0xC9, 0x85, 0x81, 0x00, 0x26, 0x16, 0xB6, 0xC9, 0x79, 0x81,
    0x00, 0x26, 0x0F, 0xCC, 0x08, 0x08, 0x10, 0xBE, 0xC9, 0x6A, 0xBE, 0xC9, 0x30, 0xBD, 0xF8, 0xFF,
    0x25, 0x01, 0x39, 0xBD, 0x0C, 0xD4, 0x86, 0x01, 0xB7, 0xC9, 0x67, 0x39, 0x8E, 0x01, 0xFF, 0xB6,
    0xCA, 0xFF, 0x81, 0x08, 0x2B, 0x03, 0x8E, 0x00, 0xFF, 0xBF, 0xC9, 0x61, 0x39, 0xB6, 0xC9, 0x60,
    0x81, 0x00, 0x26, 0x52, 0xBE, 0xC9, 0x61, 0x30, 0x1F, 0xBF, 0xC9, 0x61, 0x8C, 0x00, 0x00, 0x26,
    0x44, 0xBD, 0x0D, 0xD3, 0x86, 0x01, 0xBB, 0xC9, 0x57, 0xB7, 0xC9, 0x60, 0x8D, 0xCE, 0x86, 0x00,
    0xB7, 0xC9, 0x67, 0xBD, 0xF5, 0x11, 0xB7, 0xC9, 0x5E, 0xFC, 0xC9, 0x5E, 0xFD, 0xC9, 0x6A, 0xBD,
    0x0D, 0xD3, 0x81, 0x01, 0x27, 0x10, 0x86, 0x82, 0xB7, 0xC9, 0x5F, 0x86, 0x01, 0xB7, 0xC9, 0x6D,
    0x86, 0xFD, 0xB7, 0xC9, 0x6C, 0x39, 0x86, 0x7D, 0xB7, 0xC9, 0x5F, 0x86, 0xFF, 0xB7, 0xC9, 0x6D,
    0x86, 0xFD, 0xB7, 0xC9, 0x6C, 0x39, 0xBD, 0x05, 0x4E, 0x86, 0x60, 0xBD, 0xF2, 0xAB, 0x8E, 0xC9,
    0x5E, 0xBD, 0xF3, 0x0C, 0xC6, 0x40, 0xB6, 0xC9, 0x60, 0x81, 0x02, 0x26, 0x02, 0xC6, 0x20, 0x8E,
    0x10, 0xB9, 0xBD, 0xF4, 0x0E, 0xBD, 0xF3, 0x54, 0xB6, 0xC9, 0x6D, 0xBB, 0xC9, 0x5F, 0xB7, 0xC9,
    0x5F, 0xB6, 0xC9, 0x6F, 0x81, 0x00, 0x26, 0x1D, 0xBE, 0xC9, 0x30, 0x10, 0xBE, 0xC9, 0x5E, 0xCC,
    0x06, 0x06, 0xBD, 0xF8, 0xFF, 0x25, 0x02, 0x20, 0x0C, 0xBD, 0x0C, 0xD4, 0x86, 0x00, 0xB7, 0xC9,
    0x6D, 0xB7, 0xC9, 0x60, 0x39, 0x7A, 0xC9, 0x6C, 0xB6, 0xC9, 0x6C, 0x81, 0x00, 0x26, 0x06, 0x86,
    0x00, 0xB7, 0xC9, 0x60, 0x39, 0xB6, 0xC9, 0x5E, 0xBB, 0xC9, 0x65, 0xB7, 0xC9, 0x5E, 0x7A, 0xC9,
    0x63, 0xB6, 0xC9, 0x63, 0x26, 0x0B, 0x86, 0x20, 0xB7, 0xC9, 0x63, 0xBD, 0x0D, 0xF2, 0xB7, 0xC9,
    0x65, 0x39, 0xB6, 0xC9, 0x5D, 0x27, 0x01, 0x39, 0xB6, 0xC9, 0x5C, 0x81, 0x00, 0x26, 0x05, 0x86,
    0x01, 0xB7, 0xC9, 0x5D, 0x39, 0xBD, 0xF2, 0xA9, 0x8E, 0xCA, 0xF0, 0xA6, 0x02, 0x81, 0x00, 0x26,
    0x08, 0x30, 0x03, 0x8C, 0xCA, 0xFC, 0x26, 0xF3, 0x39, 0x34, 0x10, 0xEC, 0x84, 0xFD, 0xC9, 0x4B,
    0x8E, 0xC9, 0x4B, 0xBD, 0xF3, 0x0C, 0x35, 0x10, 0xE6, 0x02, 0x34, 0x10, 0x8E, 0x10, 0x9A, 0xBD,
    0xF4, 0x0E, 0xBD, 0xF3, 0x54, 0x35, 0x10, 0xA6, 0x02, 0x8B, 0x0C, 0xA7, 0x02, 0xA6, 0x02, 0x81,
    0x7F, 0x2B, 0x04, 0x86, 0x00, 0xA7, 0x02, 0x20, 0xC8, 0x34, 0x10, 0x8E, 0xCA, 0xF0, 0xA6, 0x02,
    0x81, 0x00, 0x27, 0x0A, 0x30, 0x03, 0x8C, 0xCA, 0xFC, 0x26, 0xF3, 0x35, 0x10, 0x39, 0xFC, 0xC9,
    0x4B, 0xED, 0x84, 0x86, 0x02, 0xA7, 0x02, 0x35, 0x10, 0x39, 0xBE, 0xC9, 0x30, 0x10, 0xBE, 0xC9,
    0x4B, 0xC1, 0x05, 0x2B, 0x05, 0xCC, 0x06, 0x06, 0x20, 0x0C, 0xC1, 0x03, 0x2B, 0x05, 0xCC, 0x09,
    0x09, 0x20, 0x03, 0xCC, 0x10, 0x10, 0xFD, 0xC9, 0xA0, 0xB6, 0xC9, 0x79, 0x81, 0x00, 0x26, 0x16,
    0xB6, 0xC9, 0x6F, 0x81, 0x00, 0x26, 0x0F, 0xB6, 0xC9, 0x7A, 0x81, 0x00, 0x26, 0x08, 0xFC, 0xC9,
    0xA0, 0xBD, 0xF8, 0xFF, 0x25, 0x29, 0xB6, 0xC9, 0x60, 0x81, 0x00, 0x27, 0x21, 0xBE, 0xC9, 0x5E,
    0x10, 0xBE, 0xC9, 0x4B, 0xFC, 0xC9, 0xA0, 0xBD, 0xF8, 0xFF, 0x25, 0x01, 0x39, 0x86, 0x00, 0xB7,
    0xC9, 0x60, 0xBD, 0x03, 0xB9, 0xFC, 0xC9, 0x5E, 0xFD, 0xC9, 0x4B, 0xBD, 0x07, 0x89, 0x39, 0xBD,
    0x0C, 0xD4, 0x39, 0x86, 0x00, 0xB7, 0xC9, 0x5C, 0xB7, 0xC9, 0x80, 0xBD, 0x0D, 0xD3, 0x86, 0x30,
    0xBD, 0xF2, 0xAB, 0x8E, 0xCA, 0x00, 0xA6, 0x04, 0x81, 0x00, 0x26, 0x08, 0x30, 0x05, 0x8C, 0xCA,
    0xF0, 0x26, 0xF3, 0x39, 0x81, 0x02, 0x2A, 0x03, 0x7C, 0xC9, 0x80, 0x7C, 0xC9, 0x5C, 0x34, 0x10,
    0xEC, 0x84, 0xFD, 0xC9, 0x4B, 0x8E, 0xC9, 0x4B, 0xBD, 0xF3, 0x0C, 0x35, 0x10, 0xA6, 0x04, 0xE6,
    0x04, 0x34, 0x10, 0x34, 0x02, 0xBD, 0x07, 0xAA, 0x35, 0x02, 0x81, 0x01, 0x27, 0x0D, 0x81, 0x03,
    0x27, 0x09, 0x81, 0x05, 0x27, 0x05, 0x8E, 0x10, 0x61, 0x20, 0x03, 0x8E, 0x10, 0x81, 0xC6, 0xC0,
    0x81, 0x01, 0x27, 0x10, 0x81, 0x02, 0x27, 0x0C, 0xC6, 0x70, 0x81, 0x03, 0x27, 0x06, 0x81, 0x04,
    0x27, 0x02, 0xC6, 0x30, 0xBD, 0xF4, 0x0E, 0xBD, 0xF3, 0x54, 0x35, 0x10, 0xB6, 0xC9, 0x54, 0x81,
    0x01, 0x26, 0x11, 0xA6, 0x02, 0xAB, 0x84, 0xA7, 0x84, 0xA6, 0x03, 0xAB, 0x01, 0xA7, 0x01, 0xEC,
    0x84, 0xFD, 0xC9, 0x4B, 0x34, 0x10, 0xBF, 0xC9, 0x51, 0xB6, 0xC9, 0x60, 0x81, 0x00, 0x27, 0x3A,
    0xCC, 0x08, 0x08, 0x10, 0xBE, 0xC9, 0x6A, 0xBE, 0xC9, 0x4B, 0xBD, 0xF8, 0xFF, 0x25, 0x02, 0x20,
    0x29, 0xBD, 0x03, 0xB9, 0x86, 0x01, 0xB7, 0xC9, 0x67, 0xFC, 0xC9, 0x6A, 0xFD, 0xC9, 0x4B, 0xFC,
    0xC9, 0x5E, 0xFD, 0xC9, 0x6A, 0xBD, 0x07, 0x89, 0xBE, 0xC9, 0x51, 0xA6, 0x04, 0x81, 0x05, 0x2B,
    0x06, 0x86, 0x00, 0xA7, 0x04, 0x20, 0x03, 0xBD, 0x09, 0x6D, 0x10, 0x8E, 0xC9, 0x33, 0xA6, 0x24,
    0x81, 0x00, 0x26, 0x0D, 0x31, 0x26, 0x10, 0x8C, 0xC9, 0x4B, 0x26, 0xF2, 0x35, 0x10, 0x7E, 0x08,
    0x2C, 0x34, 0x20, 0xEC, 0xA4, 0xFD, 0xC9, 0x4F, 0xA6, 0x24, 0x81, 0x02, 0x2A, 0x05, 0xCC, 0x0E,
    0x0E, 0x20, 0x0C, 0x81, 0x04, 0x2A, 0x05, 0xCC, 0x0A, 0x0A, 0x20, 0x03, 0xCC, 0x02, 0x02, 0xBE,
    0xC9, 0x4B, 0x10, 0xBE, 0xC9, 0x4F, 0xBD, 0xF8, 0xFF, 0x35, 0x20, 0x25, 0x02, 0x20, 0xC5, 0xBD,
    0x03, 0xB9, 0x86, 0x00, 0xA7, 0x24, 0xEC, 0xA4, 0xFD, 0xC9, 0x4B, 0x34, 0x20, 0xBD, 0x07, 0x89,
    0x35, 0x20, 0xBE, 0xC9, 0x51, 0xA6, 0x04, 0x81, 0x01, 0x27, 0x1A, 0x81, 0x02, 0x27, 0x16, 0x81,
    0x03, 0x27, 0x0D, 0x81, 0x04, 0x27, 0x09, 0x86, 0x00, 0xA7, 0x04, 0xBD, 0x0E, 0x25, 0x20, 0x94,
    0xBD, 0x0E, 0x16, 0x20, 0x03, 0xBD, 0x0E, 0x07, 0xBD, 0x09, 0x6D, 0x20, 0x87, 0xBE, 0xC9, 0x51,
    0xA6, 0x04, 0x81, 0x03, 0x2B, 0x07, 0x86, 0x05, 0xBB, 0xC9, 0x57, 0x20, 0x05, 0x86, 0x03, 0xBB,
    0xC9, 0x57, 0xA7, 0x04, 0x34, 0x20, 0xBD, 0x09, 0xDF, 0xEC, 0x84, 0xED, 0xA4, 0xA6, 0x04, 0xBD,
    0x09, 0xB9, 0xA7, 0x24, 0xBD, 0x0D, 0xA8, 0xA7, 0x02, 0xBD, 0x0D, 0xA8, 0xA7, 0x03, 0xBD, 0x0D,
    0xA8, 0xA7, 0x22, 0xBD, 0x0D, 0xA8, 0xA7, 0x23, 0xEC, 0x02, 0xBD, 0x09, 0xF3, 0xED, 0x02, 0xEC,
    0x22, 0xBD, 0x09, 0xF3, 0xED, 0x22, 0x35, 0x20, 0x39, 0x81, 0x01, 0x26, 0x03, 0x86, 0x02, 0x39,
    0x81, 0x02, 0x26, 0x03, 0x86, 0x01, 0x39, 0x81, 0x03, 0x26, 0x03, 0x86, 0x04, 0x39, 0x81, 0x04,
    0x26, 0x03, 0x86, 0x03, 0x39, 0x81, 0x05, 0x26, 0x03, 0x86, 0x06, 0x39, 0x86, 0x05, 0x39, 0x12,
    0x10, 0x8E, 0xCA, 0x00, 0xA6, 0x24, 0x81, 0x00, 0x27, 0x08, 0x31, 0x25, 0x10, 0x8C, 0xCA, 0xF0,
    0x26, 0xF2, 0x39, 0x81, 0x00, 0x26, 0x06, 0xC1, 0x00, 0x26, 0x02, 0x86, 0x01, 0x39, 0xB6, 0xC9,
    0x85, 0x81, 0x00, 0x27, 0x34, 0x86, 0x01, 0xB7, 0xC9, 0x79, 0x7A, 0xC9, 0x85, 0xB6, 0xC9, 0x85,
    0x81, 0x00, 0x26, 0xE9, 0xBD, 0x0E, 0xC8, 0xBD, 0xF5, 0x11, 0xB7, 0xC9, 0x30, 0xB7, 0xC9, 0xA5,
    0xBD, 0xF5, 0x11, 0xB7, 0xC9, 0x31, 0xB7, 0xC9, 0xA7, 0x86, 0x00, 0xB7, 0xC9, 0x79, 0xBD, 0x0D,
    0xF2, 0x81, 0x01, 0x26, 0x04, 0xBD, 0x0C, 0xD4, 0x39, 0xBD, 0x0E, 0x81, 0xB6, 0xC8, 0x1C, 0x81,
    0x00, 0x27, 0x1A, 0xB6, 0xC9, 0x84, 0x81, 0x01, 0x27, 0x18, 0xB6, 0xC8, 0x1C, 0x81, 0xFF, 0x2A,
    0x11, 0x86, 0x70, 0xB7, 0xC9, 0x85, 0x86, 0x01, 0xB7, 0xC9, 0x84, 0x20, 0x05, 0x86, 0x00, 0xB7,
    0xC9, 0x84, 0xBD, 0x3F, 0xD4, 0x7D, 0xC8, 0x14, 0x27, 0x11, 0xB6, 0xC9, 0x4D, 0x81, 0x01, 0x27,
    0x0F, 0x86, 0x01, 0xB7, 0xC9, 0x4D, 0xBD, 0x0C, 0x1A, 0x20, 0x05, 0x86, 0x00, 0xB7, 0xC9, 0x4D,
    0x7D, 0xC8, 0x12, 0x27, 0x03, 0x7C, 0xC9, 0x32, 0x7D, 0xC8, 0x13, 0x27, 0x03, 0x7A, 0xC9, 0x32,
    0x7D, 0xC8, 0x15, 0x27, 0x5D, 0xCC, 0x02, 0xFF, 0xBD, 0xF2, 0x56, 0xCC, 0x03, 0x03, 0xBD, 0xF2,
    0x56, 0x7C, 0xC9, 0xC0, 0xB6, 0xC9, 0xC0, 0x81, 0x04, 0x2B, 0x47, 0x86, 0x00, 0xB7, 0xC9, 0xC0,
    0x86, 0x02, 0xB7, 0xC9, 0xC1, 0xB6, 0xC9, 0x32, 0xB1, 0xC9, 0xB3, 0x27, 0x23, 0xB1, 0xC9, 0xB5,
    0x27, 0x0A, 0xB6, 0xC9, 0xB2, 0x27, 0x19, 0xB6, 0xC9, 0xB4, 0x26, 0x26, 0xB6, 0xC9, 0xB4, 0x8B,
    0x0C, 0x81, 0x7F, 0x22, 0x1D, 0xB7, 0xC9, 0xB4, 0xB6, 0xC9, 0x32, 0xB7, 0xC9, 0xB5, 0x20, 0x12,
    0xB6, 0xC9, 0xB2, 0x8B, 0x0C, 0x81, 0x7F, 0x22, 0x09, 0xB7, 0xC9, 0xB2, 0xB6, 0xC9, 0x32, 0xB7,
    0xC9, 0xB3, 0x86, 0x00, 0x7C, 0xC9, 0xC1, 0xF6, 0xC9, 0xC1, 0xC1, 0x03, 0x26, 0x07, 0xC6, 0x00,
    0xF7, 0xC9, 0xC1, 0x86, 0x02, 0xB7, 0xC9, 0xC2, 0xB6, 0xC9, 0xB2, 0x27, 0x13, 0xB0, 0xC9, 0xC2,
    0xB7, 0xC9, 0xB2, 0xF6, 0xC9, 0xB3, 0xBD, 0x0B, 0x5D, 0x10, 0xBF, 0xC9, 0xA9, 0xBF, 0xC9, 0xAB,
    0xB6, 0xC9, 0xB4, 0x27, 0x13, 0xB0, 0xC9, 0xC2, 0xB7, 0xC9, 0xB4, 0xF6, 0xC9, 0xB5, 0xBD, 0x0B,
    0x5D, 0x10, 0xBF, 0xC9, 0xAD, 0xBF, 0xC9, 0xAF, 0xFC, 0xC9, 0xA5, 0xF3, 0xC9, 0xA9, 0xF3, 0xC9,
    0xAD, 0xFD, 0xC9, 0xA5, 0xFC, 0xC9, 0xA7, 0xF3, 0xC9, 0xAB, 0xF3, 0xC9, 0xAF, 0xFD, 0xC9, 0xA7,
    0xB6, 0xC9, 0xA5, 0xB7, 0xC9, 0x30, 0xB6, 0xC9, 0xA7, 0xB7, 0xC9, 0x31, 0x39, 0x34, 0x02, 0x86,
    0xC8, 0x1F, 0x8B, 0xB6, 0xCA, 0xFD, 0x35, 0x02, 0x34, 0x36, 0xBD, 0xF6, 0x01, 0xA7, 0x64, 0x1D,
    0x58, 0x49, 0x58, 0x49, 0x58, 0x49, 0xED, 0x62, 0xE6, 0x64, 0x1D, 0x58, 0x49, 0x58, 0x49, 0x58,
    0x49, 0xED, 0x64, 0x86, 0xD0, 0x1F, 0x8B, 0x35, 0xB6, 0x39, 0xBD, 0xF2, 0xA9, 0x8E, 0xC9, 0x33,
    0xA6, 0x04, 0x81, 0x01, 0x27, 0x08, 0x30, 0x06, 0x8C, 0xC9, 0x4B, 0x26, 0xF3, 0x39, 0xEC, 0x84,
    0xFD, 0xC9, 0x4B, 0x34, 0x10, 0x8E, 0xC9, 0x4B, 0xBD, 0xF3, 0x0C, 0xBD, 0xF2, 0xC5, 0xBD, 0xF3,
    0x54, 0x35, 0x10, 0xEC, 0x84, 0xFD, 0xC9, 0x4F, 0xBF, 0xC9, 0x51, 0xB6, 0xC9, 0x60, 0x81, 0x00,
    0x27, 0x3A, 0xBE, 0xC9, 0x4F, 0x10, 0xBE, 0xC9, 0x5E, 0xCC, 0x06, 0x06, 0xBD, 0xF8, 0xFF, 0x25,
    0x02, 0x20, 0x29, 0xFC, 0xC9, 0x5E, 0xFD, 0xC9, 0x4B, 0xF6, 0xC9, 0x60, 0x86, 0x00, 0xB7, 0xC9,
    0x60, 0xBD, 0x03, 0xB9, 0x34, 0x04, 0xBD, 0x07, 0x89, 0xBD, 0x0E, 0x34, 0x35, 0x04, 0xC1, 0x01,
    0x27, 0x03, 0xBD, 0x0E, 0x46, 0xBE, 0xC9, 0x51, 0x86, 0x00, 0xA7, 0x04, 0xBE, 0xC9, 0x51, 0xA6,
    0x02, 0xAB, 0x84, 0xA7, 0x84, 0xA6, 0x03, 0xAB, 0x01, 0xA7, 0x01, 0x6C, 0x05, 0xA6, 0x05, 0x81,
    0x1A, 0x26, 0x83, 0x86, 0x00, 0xA7, 0x04, 0x7E, 0x0B, 0x96, 0x8E, 0xC9, 0x33, 0xA6, 0x04, 0x81,
    0x00, 0x27, 0x08, 0x30, 0x06, 0x8C, 0xC9, 0x4B, 0x26, 0xF3, 0x39, 0x34, 0x10, 0x86, 0x30, 0xB7,
    0xC9, 0x7B, 0x35, 0x10, 0xFC, 0xC9, 0x30, 0xED, 0x84, 0x86, 0x01, 0xA7, 0x04, 0xA7, 0x05, 0xBD,
    0xF1, 0xAF, 0xF6, 0xC9, 0x32, 0x86, 0x05, 0x34, 0x10, 0xBD, 0xF6, 0x01, 0x35, 0x10, 0xED, 0x02,
    0xA6, 0x02, 0xAB, 0x84, 0xA7, 0x84, 0xA6, 0x03, 0xAB, 0x01, 0xA7, 0x01, 0xBD, 0xF1, 0xAA, 0x39,
    0xB6, 0xC9, 0x85, 0x81, 0x00, 0x27, 0x01, 0x39, 0x86, 0x60, 0xF6, 0xC9, 0x79, 0xC1, 0x00, 0x27,
    0x19, 0x7C, 0xC9, 0x79, 0xB6, 0xC9, 0xC3, 0x8B, 0x08, 0xB7, 0xC9, 0xC3, 0x81, 0x70, 0x2B, 0x07,
    0x86, 0x00, 0xB7, 0xC9, 0xC3, 0x86, 0x60, 0xB6, 0xC9, 0xC3, 0xBD, 0xF2, 0xAB, 0x8E, 0x10, 0x50,
    0xCE, 0xC9, 0x00, 0xB6, 0xC9, 0x32, 0xBD, 0xF6, 0x1F, 0x8E, 0xC9, 0x30, 0xBD, 0xF3, 0x0C, 0x8E,
    0xC9, 0x00, 0xC6, 0x30, 0xBD, 0xF4, 0x0E, 0xBD, 0xF3, 0x54, 0x7D, 0xC8, 0x15, 0x27, 0x24, 0x8E,
    0x10, 0x77, 0xCE, 0xC9, 0x00, 0xB6, 0xC9, 0x32, 0xBD, 0xF6, 0x1F, 0x8E, 0xC9, 0x30, 0xBD, 0xF3,
    0x0C, 0xBD, 0xF5, 0x11, 0x44, 0xBD, 0xF2, 0xAB, 0x8E, 0xC9, 0x00, 0xC6, 0x30, 0xBD, 0xF4, 0x0E,
    0xBD, 0xF3, 0x54, 0x39, 0xBD, 0x03, 0xB9, 0xFC, 0xC9, 0x30, 0xFD, 0xC9, 0x4B, 0xBD, 0x07, 0x89,
    0xFC, 0xC9, 0x30, 0xFD, 0xC9, 0x70, 0xFD, 0xC9, 0x72, 0xFD, 0xC9, 0x74, 0xFD, 0xC9, 0x76, 0x86,
    0x01, 0xB7, 0xC9, 0x6F, 0xB7, 0xC9, 0x78, 0x86, 0x00, 0xB7, 0xC9, 0x58, 0xB7, 0xC9, 0xC0, 0xB7,
    0xC9, 0xC1, 0x7A, 0xC9, 0x6E, 0xB6, 0xC9, 0x6E, 0x81, 0x00, 0x26, 0x05, 0x86, 0x01, 0xB7, 0xC9,
    0x7A, 0x39, 0x86, 0x40, 0xBD, 0xF2, 0xAB, 0x8E, 0xC9, 0x70, 0xBD, 0xF3, 0x0C, 0x8E, 0x10, 0xD8,
    0xC6, 0x30, 0xBD, 0xF4, 0x0E, 0xBD, 0xF3, 0x54, 0x8E, 0xC9, 0x72, 0xBD, 0xF3, 0x0C, 0x8E, 0x10,
    0xDF, 0xC6, 0x30, 0xBD, 0xF4, 0x0E, 0xBD, 0xF3, 0x54, 0x8E, 0xC9, 0x74, 0xBD, 0xF3, 0x0C, 0x8E,
    0x10, 0xE6, 0xC6, 0x30, 0xBD, 0xF4, 0x0E, 0xBD, 0xF3, 0x54, 0x8E, 0xC9, 0x76, 0xBD, 0xF3, 0x0C,
    0x8E, 0x10, 0xED, 0xC6, 0x30, 0xBD, 0xF4, 0x0E, 0xBD, 0xF3, 0x54, 0x7C, 0xC9, 0x6F, 0xB6, 0xC9,
    0x6F, 0x81, 0xFF, 0x26, 0x0E, 0x86, 0x00, 0xB7, 0xC9, 0x6F, 0x86, 0x01, 0xB7, 0xC9, 0x79, 0xBD,
    0x0E, 0xC8, 0x39, 0x7C, 0xC9, 0x78, 0xB6, 0xC9, 0x78, 0x81, 0x07, 0x27, 0x01, 0x39, 0x86, 0x00,
    0xB7, 0xC9, 0x78, 0x7C, 0xC9, 0x70, 0x7C, 0xC9, 0x71, 0x7C, 0xC9, 0x71, 0x7A, 0xC9, 0x72, 0x7A,
    0xC9, 0x73, 0x7A, 0xC9, 0x74, 0x7A, 0xC9, 0x74, 0x7A, 0xC9, 0x74, 0x7C, 0xC9, 0x75, 0x7C, 0xC9,
    0x76, 0x7A, 0xC9, 0x77, 0x7A, 0xC9, 0x77, 0x39, 0x34, 0x10, 0xBD, 0xF5, 0x11, 0x44, 0x81, 0x19,
    0x2A, 0x04, 0x86, 0xFE, 0x20, 0x1A, 0x81, 0x32, 0x2A, 0x04, 0x86, 0xFF, 0x20, 0x12, 0x81, 0x4B,
    0x2A, 0x04, 0x86, 0x00, 0x20, 0x0A, 0x81, 0x64, 0x2A, 0x04, 0x86, 0x01, 0x20, 0x02, 0x86, 0x02,
    0x35, 0x10, 0x39, 0x7C, 0xC9, 0x57, 0xB6, 0xC9, 0x57, 0x81, 0x02, 0x26, 0x05, 0x86, 0x00, 0xB7,
    0xC9, 0x57, 0x7C, 0xC9, 0x88, 0xF6, 0xC9, 0x88, 0xC1, 0x06, 0x2B, 0x05, 0xC6, 0x00, 0xF7, 0xC9,
    0x88, 0x39, 0xBD, 0xF5, 0x11, 0x44, 0x81, 0x2A, 0x2A, 0x03, 0x86, 0xFF, 0x39, 0x81, 0x54, 0x2A,
    0x03, 0x86, 0x00, 0x39, 0x86, 0x01, 0x39, 0x34, 0x10, 0x34, 0x20, 0xCC, 0x00, 0x10, 0x8E, 0xC8,
    0x80, 0xBD, 0x0E, 0x55, 0x20, 0x2B, 0x34, 0x10, 0x34, 0x20, 0xCC, 0x00, 0x20, 0x8E, 0xC8, 0x80,
    0xBD, 0x0E, 0x55, 0x20, 0x1C, 0x34, 0x10, 0x34, 0x20, 0xCC, 0x00, 0x50, 0x8E, 0xC8, 0x80, 0xBD,
    0x0E, 0x55, 0x20, 0x0D, 0x34, 0x10, 0x34, 0x20, 0xCC, 0x02, 0x00, 0x8E, 0xC8, 0x80, 0xBD, 0x0E,
    0x55, 0x35, 0x20, 0x35, 0x10, 0x39, 0x34, 0x10, 0x34, 0x20, 0xCC, 0x08, 0x00, 0x8E, 0xC8, 0x80,
    0xBD, 0x0E, 0x55, 0x20, 0xEC, 0xBD, 0xF8, 0x7C, 0x8E, 0xC8, 0x80, 0xCE, 0xC9, 0x90, 0xBD, 0xF8,
    0xC7, 0x81, 0x01, 0x27, 0x01, 0x39, 0x7C, 0xC9, 0x6E, 0xCC, 0x50, 0x00, 0x8E, 0xC9, 0x90, 0xBD,
    0xF8, 0x7C, 0xCC, 0x50, 0x00, 0x8E, 0xC9, 0x90, 0xBD, 0xF8, 0x7C, 0x86, 0x02, 0xB7, 0xC9, 0x86,
    0x39, 0x86, 0x00, 0xB7, 0xC8, 0x23, 0x86, 0x20, 0xB7, 0xC8, 0x1A, 0xBD, 0xF1, 0xF8, 0x39, 0x86,
    0x40, 0xBD, 0xF2, 0xAB, 0xCC, 0x7F, 0xFA, 0xBD, 0xF2, 0xFC, 0xCE, 0xC8, 0x80, 0xCC, 0xFE, 0x49,
    0xFD, 0xC8, 0x2A, 0xBD, 0xF4, 0x95, 0x8E, 0x7F, 0xB0, 0xB6, 0xC9, 0x86, 0x81, 0x00, 0x27, 0x0F,
    0xBD, 0xF2, 0xA9, 0xCC, 0xFA, 0x43, 0xFD, 0xC8, 0x2A, 0x7C, 0xC9, 0x86, 0x7C, 0xC9, 0x86, 0x86,
    0x68, 0xF6, 0xC9, 0x6E, 0xBD, 0xF3, 0x93, 0x39, 0x86, 0x00, 0xB7, 0xC9, 0x30, 0xB7, 0xC9, 0x31,
    0x8E, 0xC9, 0xA5, 0xA7, 0x84, 0x30, 0x01, 0x8C, 0xC9, 0xB6, 0x26, 0xF7, 0x39, 0x86, 0x01, 0xB7,
    0xC9, 0x00, 0xB7, 0xC8, 0xFF, 0xBD, 0xF1, 0x92, 0x86, 0x60, 0xBD, 0xF2, 0xAB, 0xCC, 0x80, 0x10,
    0xBD, 0xF2, 0xFC, 0xCE, 0xC8, 0x80, 0xCC, 0xFE, 0x49, 0xFD, 0xC8, 0x2A, 0xBD, 0xF4, 0x95, 0xCC,
    0x80, 0xA0, 0xCE, 0x10, 0x44, 0xBD, 0xF3, 0x7A, 0x86, 0x60, 0xBD, 0xF2, 0xAB, 0xCC, 0x00, 0x00,
    0xBD, 0xF2, 0xFC, 0xC6, 0xC0, 0x8E, 0x10, 0x50, 0xBD, 0xF4, 0x0E, 0xBD, 0xF3, 0x54, 0x86, 0x40,
    0xBD, 0xF2, 0xAB, 0xCC, 0x7F, 0x40, 0xBD, 0xF2, 0xFC, 0xC6, 0xC0, 0x8E, 0x10, 0x61, 0xBD, 0xF4,
    0x0E, 0xBD, 0xF3, 0x54, 0xCC, 0xB8, 0xA0, 0xBD, 0xF2, 0xFC, 0xC6, 0x70, 0x8E, 0x10, 0x81, 0xBD,
    0xF4, 0x0E, 0xBD, 0xF3, 0x54, 0xCC, 0xE8, 0x7F, 0xBD, 0xF2, 0xFC, 0xC6, 0x30, 0x8E, 0x10, 0x61,
    0xBD, 0xF4, 0x0E, 0xBD, 0xF3, 0x54, 0xCC, 0x5F, 0xB0, 0xBD, 0xF2, 0xFC, 0xC6, 0x20, 0x8E, 0x10,
    0xB9, 0xBD, 0xF4, 0x0E, 0xBD, 0xF3, 0x54, 0xBD, 0xF2, 0xA9, 0xCC, 0x54, 0xC0, 0xBD, 0xF2, 0xFC,
    0xBD, 0xF2, 0xC5, 0xBD, 0xF3, 0x54, 0xCC, 0x48, 0xCF, 0xBD, 0xF2, 0xFC, 0xBD, 0xF2, 0xC5, 0xBD,
    0xF3, 0x54, 0xCC, 0x3D, 0xDD, 0xBD, 0xF2, 0xFC, 0xC6, 0x26, 0x8E, 0x10, 0x9A, 0xBD, 0xF4, 0x0E,
    0xBD, 0xF3, 0x54, 0xCC, 0xFA, 0x40, 0xFD, 0xC8, 0x2A, 0xBD, 0xF2, 0xA9, 0xCC, 0x3A, 0xCA, 0xCE,
    0x10, 0x21, 0xBD, 0xF3, 0x7A, 0xCC, 0xA0, 0x96, 0xCE, 0x10, 0x2D, 0xBD, 0xF3, 0x7A, 0xBD, 0xF3,
    0x54, 0xBD, 0x3F, 0xD4, 0x7D, 0xC8, 0x15, 0x27, 0x0F, 0xB6, 0xC8, 0xFF, 0x81, 0x00, 0x26, 0x0D,
    0x86, 0x01, 0xB7, 0xC8, 0xFF, 0x7E, 0x11, 0x2C, 0x86, 0x00, 0xB7, 0xC8, 0xFF, 0xBD, 0x3F, 0xD4,
    0x7D, 0xC8, 0x12, 0x27, 0x0A, 0xB6, 0xC9, 0x00, 0x81, 0x01, 0x27, 0x08, 0x20, 0x09, 0x12, 0x86,
    0x00, 0xB7, 0xC9, 0x00, 0x7E, 0x0E, 0xE5, 0x86, 0xC0, 0xB7, 0xC9, 0x00, 0xBD, 0xF1, 0x92, 0x86,
    0x60, 0xBD, 0xF2, 0xAB, 0xCC, 0x00, 0x00, 0xBD, 0xF2, 0xFC, 0xF6, 0xC9, 0x00, 0x8E, 0x10, 0x50,
    0xBD, 0xF4, 0x0E, 0xBD, 0xF3, 0x54, 0x7A, 0xC9, 0x00, 0xB6, 0xC9, 0x00, 0x81, 0x30, 0x27, 0x02,
    0x20, 0xDA, 0x7E, 0x02, 0x27, 0x20, 0x20, 0x47, 0x41, 0x4D, 0x45, 0x20, 0x4F, 0x56, 0x45, 0x52,
    0x80, 0x20, 0x52, 0x4F, 0x43, 0x4B, 0x41, 0x52, 0x4F, 0x49, 0x44, 0x53, 0x80, 0x50, 0x52, 0x45,
    0x53, 0x53, 0x20, 0x42, 0x55, 0x54, 0x54, 0x4F, 0x4E, 0x20, 0x31, 0x20, 0x54, 0x4F, 0x20, 0x50,
    0x4C, 0x41, 0x59, 0x80, 0x4C, 0x41, 0x53, 0x54, 0x20, 0x47, 0x41, 0x4D, 0x45, 0x20, 0x3A, 0x80,
    0x00, 0x0C, 0x00, 0xFF, 0xE8, 0xF4, 0xFF, 0x06, 0x0C, 0xFF, 0xFA, 0x0C, 0xFF, 0x18, 0xF4, 0x01,
    0x4B, 0xFF, 0x0A, 0xF8, 0xFF, 0xF2, 0xF8, 0xFF, 0xF8, 0x0A, 0xFF, 0x00, 0x0A, 0xFF, 0x06, 0x06,
    0xFF, 0x0A, 0x00, 0xFF, 0xFC, 0xF6, 0x01, 0x00, 0xF8, 0xFC, 0xFF, 0xF6, 0x04, 0xFF, 0x0A, 0x04,
    0x01, 0x00, 0x0C, 0xFE, 0xFF, 0xFA, 0xF8, 0xFF, 0xFC, 0x02, 0xFF, 0xFA, 0xFA, 0xFF, 0xF8, 0x0E,
    0xFF, 0x08, 0x0A, 0xFF, 0x0A, 0x00, 0xFF, 0x06, 0xF4, 0x01, 0x00, 0x06, 0xFA, 0xFF, 0x00, 0x00,
    0x00, 0xFE, 0x0C, 0xFF, 0x00, 0x00, 0x00, 0xFA, 0x02, 0xFF, 0x00, 0x00, 0x00, 0x00, 0xF6, 0xFF,
    0x00, 0x00, 0x00, 0xFE, 0xFC, 0xFF, 0x00, 0x00, 0x01, 0x00, 0x00, 0x10, 0xFF, 0xF8, 0xF8, 0xFF,
    0x00, 0xF0, 0xFF, 0x08, 0xF8, 0xFF, 0x00, 0x20, 0xFF, 0x0C, 0xF4, 0xFF, 0x00, 0xF8, 0xFF, 0xF4,
    0xF4, 0x00, 0x08, 0x08, 0xFF, 0x00, 0x10, 0x01, 0xFF, 0x0C, 0x06, 0xFF, 0xFA, 0x04, 0x01, 0xFF,
    0xEA, 0x0A, 0xFF, 0x06, 0xF6, 0x01, 0xFF, 0x04, 0xFC, 0xFF, 0xFA, 0xF8, 0x01, 0xFF, 0xFC, 0xFA,
    0xFF, 0x12, 0x08, 0x01, 0x00, 0x00, 0x01, 0x00, 0x04, 0x00, 0x05, 0x00, 0x06, 0x1F, 0x07, 0x1C,
    0x08, 0x0F, 0x09, 0x0F, 0x0A, 0x10, 0x0B, 0x10, 0x0C, 0x10, 0x0D, 0x00, 0x0E, 0x20, 0xFF, 0x00,
    0x00, 0x01, 0x00, 0x02, 0x00, 0x03, 0x00, 0x04, 0x00, 0x05, 0x00, 0x07, 0x1C, 0x08, 0x0F, 0x09,
    0x0F, 0x0A, 0x10, 0x0B, 0x10, 0x0C, 0x10, 0x0D, 0x00, 0x0E, 0x20, 0xFF, 0x86, 0x01, 0xB7, 0xC8,
    0xFF, 0xBD, 0x3F, 0xC4, 0xCC, 0x30, 0x75, 0xFD, 0xC8, 0x3D, 0xBD, 0xF1, 0xAA, 0xFD, 0x00, 0x08,
    0xBD, 0xF2, 0x72, 0x86, 0x7F, 0xB7, 0xC9, 0x86, 0xBD, 0xF1, 0xAF, 0xFC, 0xC8, 0x25, 0x57, 0xC4,
    0x03, 0x8E, 0xF0, 0xFD, 0xE6, 0x85, 0xF7, 0xC8, 0x29, 0xC6, 0x02, 0xF7, 0xC8, 0x24, 0xBD, 0xF1,
    0x92, 0x8E, 0x11, 0xF4, 0xBD, 0xF3, 0x08, 0x86, 0x03, 0xBD, 0xF4, 0x34, 0x7A, 0xC8, 0x24, 0x26,
    0xF3, 0xB6, 0xC9, 0x86, 0xBD, 0xF2, 0xAB, 0xCC, 0xA0, 0x10, 0xBD, 0xF2, 0xFC, 0xCE, 0xC8, 0x90,
    0xBD, 0xF4, 0x95, 0xCC, 0xA0, 0xA0, 0xCE, 0x23, 0x1F, 0xBD, 0xF3, 0x7A, 0xCC, 0xFA, 0x4E, 0xFD,
    0xC8, 0x2A, 0xCC, 0x50, 0x8A, 0xCE, 0x22, 0xF5, 0xBD, 0xF3, 0x7A, 0xCC, 0xFA, 0x48, 0xFD, 0xC8,
    0x2A, 0xCC, 0x40, 0x8D, 0xCC, 0xC0, 0x91, 0xCE, 0x23, 0x08, 0xBD, 0xF3, 0x7A, 0xBD, 0xF3, 0x54,
    0xBD, 0x3F, 0xD4, 0xB6, 0xC9, 0x86, 0x81, 0x00, 0x27, 0x4E, 0x81, 0x7F, 0x27, 0x0D, 0x7A, 0xC9,
    0x86, 0xB6, 0xC9, 0x86, 0x81, 0x00, 0x27, 0x40, 0x7E, 0x11, 0x48, 0x7D, 0xC8, 0x12, 0x27, 0x08,
    0x86, 0x7E, 0xB7, 0xC9, 0x86, 0x7E, 0x11, 0x48, 0x7D, 0xC8, 0x15, 0x27, 0x0F, 0xB6, 0xC8, 0xFF,
    0x81, 0x01, 0x27, 0x0D, 0x86, 0x01, 0xB7, 0xC8, 0xFF, 0x7E, 0x24, 0xA0, 0x86, 0x00, 0xB7, 0xC8,
    0xFF, 0x7E, 0x11, 0x48, 0x40, 0xC4, 0x00, 0x7F, 0x81, 0x00, 0x00, 0x80, 0x7E, 0x00, 0x40, 0xC4,
    0x00, 0x7F, 0x81, 0x00, 0x00, 0x80, 0x7E, 0x00, 0xCC, 0x00, 0x00, 0xFD, 0xC9, 0xD0, 0xFD, 0xC8,
    0x90, 0x8E, 0xC8, 0x90, 0xBD, 0xF8, 0x4F, 0x8E, 0xCA, 0xFF, 0x6F, 0x84, 0x30, 0x1F, 0x8C, 0xC9,
    0x1F, 0x26, 0xF7, 0x8E, 0xC9, 0x6F, 0xBD, 0xF8, 0x4F, 0x8E, 0xC9, 0x6F, 0xCC, 0x49, 0x99, 0xBD,
    0xF8, 0x7C, 0x86, 0x03, 0xB7, 0xC9, 0x51, 0x86, 0x01, 0xB7, 0xC9, 0x50, 0x12, 0x86, 0x70, 0xC6,
    0x90, 0x8E, 0xCA, 0x00, 0xA7, 0x84, 0xE7, 0x01, 0x30, 0x03, 0xCB, 0x18, 0xC1, 0x50, 0x26, 0x04,
    0xC6, 0x90, 0x80, 0x14, 0x8C, 0xCA, 0x90, 0x26, 0xEB, 0xBD, 0x14, 0x50, 0xCC, 0x86, 0x80, 0xFD,
    0xC9, 0x25, 0xCC, 0x90, 0x9F, 0xFD, 0xC9, 0x23, 0xCC, 0xB0, 0xA0, 0xFD, 0xC9, 0x2E, 0xCB, 0x40,
    0xFD, 0xC9, 0x31, 0xCB, 0x40, 0xFD, 0xC9, 0x34, 0xCB, 0x40, 0xFD, 0xC9, 0x37, 0x86, 0x16, 0xB7,
    0xC9, 0x30, 0xB7, 0xC9, 0x33, 0xB7, 0xC9, 0x36, 0xB7, 0xC9, 0x39, 0x86, 0x20, 0xB7, 0xC9, 0x22,
    0x86, 0x30, 0xB7, 0xC9, 0x4F, 0x8E, 0xC9, 0x40, 0xBD, 0x17, 0xFF, 0x30, 0x03, 0x8C, 0xC9, 0x4C,
    0x26, 0xF6, 0xB6, 0xC9, 0x50, 0xC6, 0x05, 0x34, 0x06, 0xBD, 0x1F, 0x46, 0xBD, 0x1F, 0x46, 0x35,
    0x06, 0x4A, 0x5A, 0xC1, 0x00, 0x27, 0x04, 0x81, 0x00, 0x26, 0xEC, 0x86, 0x00, 0xB7, 0xC9, 0x84,
    0xB7, 0xC9, 0x85, 0xB7, 0xC9, 0x27, 0xB7, 0xC9, 0x21, 0xB7, 0xC9, 0x4C, 0xB7, 0xC9, 0x3F, 0xB7,
    0xC9, 0x52, 0xB7, 0xC9, 0x60, 0xB7, 0xC9, 0x5F, 0xB7, 0xC9, 0x7A, 0xB7, 0xC9, 0x7B, 0xB7, 0xC9,
    0x82, 0xCC, 0x7F, 0x82, 0xFD, 0xC9, 0x54, 0xCE, 0x24, 0x24, 0xBD, 0xF2, 0x7D, 0x86, 0x01, 0xB7,
    0xC9, 0x57, 0xB7, 0xC9, 0x58, 0xB7, 0xC9, 0x5E, 0xBD, 0x1A, 0x03, 0x86, 0x7F, 0xB7, 0xC9, 0x87,
    0xBD, 0xF1, 0xAF, 0xBD, 0xF1, 0x92, 0xBD, 0x1F, 0xD4, 0xBD, 0x18, 0x5C, 0xB6, 0xC9, 0x51, 0x81,
    0x00, 0x26, 0x10, 0xBD, 0x14, 0xF7, 0x7C, 0xC9, 0x85, 0xB6, 0xC9, 0x85, 0x81, 0x00, 0x26, 0x06,
    0x7E, 0x11, 0x34, 0xBD, 0x1C, 0x9F, 0xBD, 0x20, 0x83, 0xBD, 0x1D, 0xAD, 0xBD, 0x1E, 0x2C, 0xB6,
    0xC9, 0x22, 0x81, 0x01, 0x26, 0x06, 0xBD, 0x1E, 0x2C, 0xBD, 0x1E, 0x2C, 0xBD, 0x22, 0x3D, 0xBD,
    0x15, 0xD1, 0xBD, 0x1D, 0x44, 0xBD, 0x17, 0x7C, 0xBD, 0x20, 0xDD, 0xBD, 0x21, 0x47, 0xB6, 0xC9,
    0x52, 0x81, 0x00, 0x27, 0xAB, 0x7C, 0xC9, 0x52, 0xB6, 0xC9, 0x52, 0x81, 0xFF, 0x26, 0xA1, 0xCC,
    0x80, 0x00, 0xFD, 0xC9, 0x7C, 0xFD, 0xC9, 0x7E, 0x86, 0x00, 0xB7, 0xC9, 0x80, 0xB7, 0xC9, 0x81,
    0x86, 0x01, 0xB7, 0xC9, 0x59, 0xB6, 0xC9, 0x84, 0x81, 0x00, 0x27, 0x12, 0x81, 0x01, 0x27, 0x08,
    0xCC, 0x05, 0x00, 0xBD, 0x22, 0x7C, 0x20, 0x06, 0xCC, 0x10, 0x00, 0xBD, 0x22, 0x7C, 0xBD, 0xF1,
    0xAF, 0xBD, 0xF1, 0x92, 0xBD, 0x15, 0xD1, 0x8E, 0xC9, 0x7C, 0x34, 0x10, 0xBD, 0xF3, 0x0C, 0x86,
    0x60, 0xBD, 0xF2, 0xAB, 0xC6, 0x50, 0x8E, 0x23, 0x8B, 0xBD, 0xF4, 0x0E, 0xBD, 0xF3, 0x54, 0x35,
    0x10, 0x8B, 0x0A, 0xBD, 0xF3, 0x0C, 0x86, 0x60, 0xBD, 0xF2, 0xAB, 0xC6, 0x30, 0x8E, 0x23, 0x38,
    0xBD, 0xF4, 0x0E, 0xBD, 0xF3, 0x54, 0xCC, 0xFD, 0x50, 0xFD, 0xC8, 0x2A, 0xFC, 0xC9, 0x7E, 0x8B,
    0x10, 0xCB, 0x20, 0xCE, 0x22, 0xBA, 0xBD, 0xF3, 0x7A, 0xBD, 0xF3, 0x54, 0x7C, 0xC9, 0x7C, 0x7A,
    0xC9, 0x7D, 0x7A, 0xC9, 0x7D, 0xB6, 0xC9, 0x80, 0x81, 0x20, 0x2B, 0x0C, 0x7C, 0xC9, 0x7D, 0x7C,
    0xC9, 0x7D, 0x7C, 0xC9, 0x7D, 0x7C, 0xC9, 0x7D, 0x7C, 0xC9, 0x80, 0xB6, 0xC9, 0x80, 0x81, 0x40,
    0x26, 0x05, 0x86, 0x00, 0xB7, 0xC9, 0x80, 0x7C, 0xC9, 0x81, 0xB6, 0xC9, 0x81, 0x81, 0x26, 0x26,
    0x0B, 0xFC, 0xC9, 0x7C, 0xFD, 0xC9, 0x7E, 0x86, 0x00, 0xB7, 0xC9, 0x81, 0xB6, 0xC9, 0x7C, 0x81,
    0x7E, 0x27, 0x22, 0xCE, 0x22, 0xC5, 0xB6, 0xC9, 0x84, 0x81, 0x01, 0x26, 0x05, 0xCE, 0x22, 0xD3,
    0x20, 0x07, 0x81, 0x02, 0x26, 0x03, 0xCE, 0x22, 0xE4, 0xCC, 0x10, 0xB0, 0xBD, 0xF3, 0x7A, 0xBD,
    0xF3, 0x54, 0x7E, 0x13, 0x8E, 0x7C, 0xC9, 0x50, 0x86, 0x00, 0xB7, 0xC9, 0x59, 0x7E, 0x12, 0x3C,
    0x8E, 0xCA, 0x00, 0x86, 0x03, 0xA7, 0x02, 0x30, 0x03, 0x8C, 0xCA, 0x30, 0x26, 0xF7, 0x8E, 0xCA,
    0x30, 0x86, 0x02, 0xA7, 0x02, 0x30, 0x03, 0x8C, 0xCA, 0x60, 0x26, 0xF7, 0x8E, 0xCA, 0x60, 0x86,
    0x01, 0xA7, 0x02, 0x30, 0x03, 0x8C, 0xCA, 0x90, 0x26, 0xF7, 0xB6, 0xC9, 0x50, 0x81, 0x01, 0x26,
    0x01, 0x39, 0x81, 0x02, 0x26, 0x3D, 0x86, 0x04, 0xB7, 0xCA, 0x65, 0xB7, 0xCA, 0x68, 0xB7, 0xCA,
    0x6B, 0xB7, 0xCA, 0x6E, 0xB7, 0xCA, 0x71, 0xB7, 0xCA, 0x74, 0x86, 0x05, 0xB7, 0xCA, 0x35, 0xB7,
    0xCA, 0x38, 0xB7, 0xCA, 0x3B, 0xB7, 0xCA, 0x3E, 0xB7, 0xCA, 0x41, 0xB7, 0xCA, 0x44, 0x86, 0x06,
    0xB7, 0xCA, 0x05, 0xB7, 0xCA, 0x08, 0xB7, 0xCA, 0x0B, 0xB7, 0xCA, 0x0E, 0xB7, 0xCA, 0x11, 0xB7,
    0xCA, 0x14, 0x39, 0x8E, 0xCA, 0x05, 0x86, 0x06, 0xA7, 0x84, 0xA7, 0x88, 0x18, 0x30, 0x03, 0x8C,
    0xCA, 0x17, 0x26, 0xF4, 0x8E, 0xCA, 0x35, 0x86, 0x06, 0xA7, 0x84, 0xA7, 0x88, 0x18, 0x30, 0x03,
    0x8C, 0xCA, 0x47, 0x26, 0xF4, 0x8E, 0xCA, 0x65, 0x86, 0x06, 0xA7, 0x84, 0xA7, 0x88, 0x18, 0x30,
    0x03, 0x8C, 0xCA, 0x77, 0x26, 0xF4, 0x39, 0xBD, 0xF2, 0xA9, 0xCC, 0xFD, 0x50, 0xFD, 0xC8, 0x2A,
    0xCC, 0x6F, 0xC4, 0xCE, 0x22, 0xAE, 0xBD, 0xF3, 0x7A, 0x39, 0xFC, 0xC9, 0x23, 0xC0, 0x04, 0x80,
    0x06, 0xFD, 0xC9, 0x61, 0xFD, 0xC9, 0x63, 0xCB, 0x06, 0xFD, 0xC9, 0x65, 0x86, 0x00, 0xB7, 0xC9,
    0x67, 0x86, 0x60, 0xB7, 0xC9, 0x68, 0xCE, 0x24, 0x43, 0xBD, 0xF2, 0x7D, 0x39, 0x8E, 0x23, 0xC0,
    0xCE, 0xCA, 0x91, 0xB6, 0xC9, 0x67, 0x8B, 0x04, 0xB7, 0xC9, 0x67, 0xBD, 0xF6, 0x1F, 0x8E, 0xC9,
    0x61, 0xBD, 0xF3, 0x0C, 0xB6, 0xC9, 0x68, 0xBD, 0xF2, 0xAB, 0xC6, 0x60, 0x8E, 0xCA, 0x91, 0xBD,
    0xF4, 0x0E, 0xBD, 0xF3, 0x54, 0x7A, 0xC9, 0x62, 0x7C, 0xC9, 0x61, 0x7C, 0xC9, 0x61, 0x8E, 0x23,
    0xD3, 0xCE, 0xCA, 0x91, 0xB6, 0xC9, 0x67, 0x40, 0xBD, 0xF6, 0x1F, 0x8E, 0xC9, 0x65, 0xBD, 0xF3,
    0x0C, 0xC6, 0x60, 0x8E, 0xCA, 0x91, 0xBD, 0xF4, 0x0E, 0xBD, 0xF3, 0x54, 0x7C, 0xC9, 0x66, 0x7C,
    0xC9, 0x66, 0x7C, 0xC9, 0x65, 0x8E, 0x23, 0xE3, 0xCE, 0xCA, 0x91, 0xB6, 0xC9, 0x67, 0x8B, 0x40,
    0xBD, 0xF6, 0x1F, 0x8E, 0xC9, 0x63, 0xBD, 0xF3, 0x0C, 0xC6, 0x30, 0x8E, 0xCA, 0x91, 0xBD, 0xF4,
    0x0E, 0xBD, 0xF3, 0x54, 0x7C, 0xC9, 0x63, 0x7C, 0xC9, 0x63, 0x7C, 0xC9, 0x63, 0x7C, 0xC9, 0x64,
    0x7A, 0xC9, 0x68, 0x7A, 0xC9, 0x68, 0xB6, 0xC9, 0x68, 0x81, 0x03, 0x2A, 0x13, 0x86, 0x00, 0xB7,
    0xC9, 0x68, 0xCC, 0x90, 0x9F, 0xFD, 0xC9, 0x23, 0x7A, 0xC9, 0x51, 0x86, 0x7F, 0xB7, 0xC9, 0x87,
    0x39, 0xB6, 0xC9, 0x7B, 0x81, 0x00, 0x27, 0x03, 0x7E, 0x17, 0x0F, 0xB6, 0xC9, 0x59, 0x81, 0x01,
    0x27, 0x21, 0x81, 0x01, 0x2A, 0x03, 0x20, 0x63, 0x12, 0xF6, 0xC9, 0x5D, 0x86, 0x02, 0xBD, 0xF2,
    0x56, 0x86, 0x03, 0xC6, 0x01, 0xBD, 0xF2, 0x56, 0xB6, 0xC9, 0x5D, 0x8B, 0x20, 0xB7, 0xC9, 0x5D,
    0x20, 0x49, 0x12, 0x86, 0x02, 0xF6, 0xC9, 0x5B, 0xBD, 0xF2, 0x56, 0xB6, 0xC9, 0x5C, 0x81, 0x01,
    0x27, 0x1E, 0x7C, 0xC9, 0x5B, 0x7C, 0xC9, 0x5B, 0x7C, 0xC9, 0x5B, 0x7C, 0xC9, 0x5B, 0x7C, 0xC9,
    0x5B, 0xB6, 0xC9, 0x5B, 0x81, 0x7A, 0x2B, 0x05, 0x86, 0x01, 0xB7, 0xC9, 0x5C, 0x20, 0x1C, 0x12,
    0x7A, 0xC9, 0x5B, 0x7A, 0xC9, 0x5B, 0x7A, 0xC9, 0x5B, 0x7A, 0xC9, 0x5B, 0x7A, 0xC9, 0x5B, 0xB6,
    0xC9, 0x5B, 0x81, 0x66, 0x2A, 0x05, 0x86, 0x00, 0xB7, 0xC9, 0x5C, 0xB6, 0xC9, 0x56, 0x81, 0x00,
    0x26, 0x02, 0x20, 0x19, 0xB6, 0xC9, 0x56, 0x80, 0x1A, 0xB7, 0xC9, 0x56, 0xF6, 0xC9, 0x56, 0xC1,
    0x15, 0x26, 0x05, 0xC6, 0x00, 0xF7, 0xC9, 0x56, 0x86, 0x02, 0xBD, 0xF2, 0x56, 0xF6, 0xC9, 0x52,
    0xC1, 0x00, 0x26, 0x2C, 0xF6, 0xC9, 0x22, 0xC1, 0x01, 0x27, 0x34, 0xF6, 0xC9, 0x57, 0xC1, 0x00,
    0x27, 0x2C, 0x7C, 0xC9, 0x57, 0xF6, 0xC9, 0x57, 0xC1, 0x03, 0x26, 0x37, 0xC6, 0x00, 0xF7, 0xC9,
    0x57, 0x7C, 0xC9, 0x58, 0xB6, 0xC9, 0x58, 0x81, 0x05, 0x26, 0x05, 0x86, 0x01, 0xB7, 0xC9, 0x58,
    0x86, 0x00, 0xC6, 0x00, 0xBD, 0xF2, 0x56, 0x86, 0x01, 0xC6, 0x00, 0xBD, 0xF2, 0x56, 0x39, 0xC6,
    0x00, 0xF7, 0xC9, 0x57, 0x7C, 0xC9, 0x58, 0xB6, 0xC9, 0x58, 0x81, 0x05, 0x26, 0x05, 0x86, 0x01,
    0xB7, 0xC9, 0x58, 0xB6, 0xC9, 0x58, 0x81, 0x04, 0x27, 0x17, 0x81, 0x03, 0x27, 0x22, 0x81, 0x02,
    0x27, 0x2D, 0x86, 0x00, 0xC6, 0xF1, 0xBD, 0xF2, 0x56, 0x86, 0x01, 0xC6, 0x03, 0xBD, 0xF2, 0x56,
    0x39, 0x86, 0x00, 0xC6, 0xA1, 0xBD, 0xF2, 0x56, 0x86, 0x01, 0xC6, 0x03, 0xBD, 0xF2, 0x56, 0x39,
    0x86, 0x00, 0xC6, 0x91, 0xBD, 0xF2, 0x56, 0x86, 0x01, 0xC6, 0x03, 0xBD, 0xF2, 0x56, 0x39, 0x86,
    0x00, 0xC6, 0x41, 0xBD, 0xF2, 0x56, 0x86, 0x01, 0xC6, 0x03, 0xBD, 0xF2, 0x56, 0x39, 0x39, 0x7C,
    0xC9, 0x7A, 0xB6, 0xC9, 0x7A, 0xCE, 0x24, 0x62, 0x81, 0x06, 0x2B, 0x03, 0xCE, 0x24, 0x81, 0x81,
    0x08, 0x2B, 0x17, 0x86, 0x00, 0xB7, 0xC9, 0x7A, 0x7C, 0xC9, 0x7B, 0xB6, 0xC9, 0x7B, 0x81, 0x0B,
    0x26, 0x08, 0x86, 0x00, 0xB7, 0xC9, 0x7B, 0xCE, 0x24, 0x24, 0xBD, 0xF2, 0x7D, 0x39, 0x10, 0x8E,
    0xC9, 0x2E, 0xEC, 0x84, 0xFD, 0xC9, 0x2B, 0xA6, 0x22, 0x81, 0x00, 0x27, 0x1C, 0x34, 0x10, 0xBE,
    0xC9, 0x2B, 0xEC, 0xA4, 0xFD, 0xC9, 0x2B, 0x34, 0x20, 0x10, 0xBE, 0xC9, 0x2B, 0xCC, 0x08, 0x0D,
    0xBD, 0xF8, 0xFF, 0x35, 0x20, 0x35, 0x10, 0x25, 0x09, 0x31, 0x23, 0x10, 0x8C, 0xC9, 0x3A, 0x26,
    0xD1, 0x39, 0x6A, 0x22, 0x86, 0x00, 0xA7, 0x02, 0xBD, 0x17, 0xFF, 0x39, 0x8E, 0xC9, 0x40, 0xA6,
    0x02, 0x81, 0x00, 0x26, 0x02, 0x20, 0x70, 0x8D, 0xB5, 0xEC, 0x84, 0xFD, 0xC9, 0x2B, 0x34, 0x10,
    0x8E, 0xC9, 0x2B, 0xBD, 0xF3, 0x0C, 0xBD, 0xF2, 0xA9, 0xC6, 0x20, 0x8E, 0x23, 0x58, 0xBD, 0xF4,
    0x0E, 0xBD, 0xF3, 0x54, 0x35, 0x10, 0xB6, 0xC9, 0x68, 0x81, 0x00, 0x26, 0x2F, 0xB6, 0xC9, 0x51,
    0x81, 0x00, 0x27, 0x28, 0xB6, 0xC9, 0x87, 0x81, 0x00, 0x26, 0x21, 0x34, 0x10, 0xEC, 0x84, 0xFD,
    0xC9, 0x2B, 0xBE, 0xC9, 0x2B, 0x10, 0xBE, 0xC9, 0x23, 0xCC, 0x08, 0x0C, 0xBD, 0xF8, 0xFF, 0x35,
    0x10, 0x25, 0x02, 0x20, 0x07, 0x34, 0x10, 0xBD, 0x15, 0x0A, 0x35, 0x10, 0x6A, 0x84, 0x6A, 0x84,
    0x6A, 0x84, 0xA6, 0x84, 0x81, 0x86, 0x2B, 0x02, 0x20, 0x0D, 0x81, 0x7F, 0x2A, 0x02, 0x20, 0x07,
    0x86, 0x00, 0xA7, 0x02, 0xBD, 0x17, 0xFF, 0x30, 0x03, 0x8C, 0xC9, 0x4C, 0x26, 0x81, 0x39, 0xB6,
    0xC9, 0x4F, 0x81, 0x00, 0x26, 0x01, 0x39, 0xBD, 0xF5, 0x11, 0x81, 0x00, 0x2A, 0x02, 0x20, 0xEF,
    0x81, 0x31, 0x2B, 0x02, 0x20, 0xE9, 0x10, 0x8E, 0xCA, 0x00, 0xC6, 0x00, 0xF7, 0xC9, 0x6B, 0x4A,
    0x81, 0x00, 0x27, 0x0E, 0x31, 0x23, 0x10, 0x8C, 0xCA, 0x90, 0x26, 0xF3, 0x10, 0x8E, 0xCA, 0x00,
    0x20, 0xED, 0xA6, 0x22, 0x81, 0x00, 0x26, 0x18, 0x31, 0x23, 0x7C, 0xC9, 0x6B, 0xF6, 0xC9, 0x6B,
    0xC1, 0x30, 0x2A, 0x14, 0x10, 0x8C, 0xCA, 0x90, 0x26, 0xE8, 0x10, 0x8E, 0xCA, 0x00, 0x20, 0xE2,
    0xEC, 0xA4, 0xED, 0x84, 0x86, 0x01, 0xA7, 0x02, 0x39, 0x7E, 0x19, 0xB6, 0x8E, 0xCA, 0x00, 0xA6,
    0x02, 0x81, 0x00, 0x26, 0x0A, 0x30, 0x03, 0x8C, 0xCA, 0x90, 0x26, 0xF3, 0x20, 0x24, 0x12, 0xB6,
    0xC9, 0x27, 0x81, 0x00, 0x26, 0x02, 0x20, 0xED, 0x34, 0x10, 0xEC, 0x84, 0xFD, 0xC9, 0x2B, 0x10,
    0xBE, 0xC9, 0x2B, 0xBE, 0xC9, 0x29, 0xCC, 0x08, 0x06, 0xBD, 0xF8, 0xFF, 0x35, 0x10, 0x25, 0xC9,
    0x20, 0xD3, 0xB6, 0xC9, 0x59, 0x81, 0x01, 0x27, 0x01, 0x39, 0xB6, 0xC9, 0x27, 0x81, 0x00, 0x26,
    0x01, 0x39, 0x10, 0xBE, 0xC9, 0x54, 0xBE, 0xC9, 0x29, 0xCC, 0x10, 0x0D, 0xBD, 0xF8, 0xFF, 0x25,
    0x01, 0x39, 0xB6, 0xC9, 0x60, 0x81, 0x01, 0x27, 0x0D, 0x81, 0x02, 0x27, 0x0E, 0x81, 0x03, 0x27,
    0x0F, 0xCC, 0x03, 0x00, 0x20, 0x0F, 0xCC, 0x00, 0x50, 0x20, 0x0A, 0xCC, 0x01, 0x00, 0x20, 0x05,
    0xCC, 0x01, 0x50, 0x20, 0x00, 0xBD, 0x22, 0x7C, 0x86, 0x50, 0xB7, 0xC9, 0x59, 0x86, 0x01, 0xB7,
    0xC9, 0x3F, 0xFC, 0xC9, 0x54, 0xFD, 0xC9, 0x3D, 0x86, 0x00, 0xB7, 0xC9, 0x27, 0x86, 0xA0, 0xB7,
    0xC9, 0x5D, 0x39, 0xB6, 0xC9, 0x69, 0x81, 0x01, 0x27, 0x17, 0x81, 0x02, 0x27, 0x1E, 0x81, 0x03,
    0x27, 0x25, 0x81, 0x04, 0x27, 0x2C, 0x81, 0x05, 0x27, 0x35, 0x81, 0x06, 0x27, 0x3E, 0x20, 0x49,
    0x12, 0x86, 0x00, 0xA7, 0x02, 0xCC, 0x00, 0x10, 0xBD, 0x22, 0x7C, 0x39, 0x86, 0x00, 0xA7, 0x02,
    0xCC, 0x00, 0x20, 0xBD, 0x22, 0x7C, 0x39, 0x86, 0x00, 0xA7, 0x02, 0xCC, 0x00, 0x30, 0xBD, 0x22,
    0x7C, 0x39, 0x34, 0x10, 0xCC, 0x00, 0x10, 0xBD, 0x22, 0x7C, 0x35, 0x10, 0x20, 0x49, 0x12, 0x34,
    0x10, 0xCC, 0x00, 0x20, 0xBD, 0x22, 0x7C, 0x35, 0x10, 0x20, 0x3C, 0x12, 0x34, 0x10, 0xCC, 0x00,
    0x30, 0xBD, 0x22, 0x7C, 0x35, 0x10, 0x20, 0x2F, 0x12, 0x81, 0x07, 0x27, 0x09, 0x81, 0x08, 0x27,
    0x10, 0x81, 0x09, 0x27, 0x17, 0x39, 0x86, 0x00, 0xA7, 0x02, 0xCC, 0x00, 0x10, 0xBD, 0x22, 0x7C,
    0x39, 0x86, 0x00, 0xA7, 0x02, 0xCC, 0x00, 0x20, 0xBD, 0x22, 0x7C, 0x39, 0x86, 0x00, 0xA7, 0x02,
    0xCC, 0x00, 0x30, 0xBD, 0x22, 0x7C, 0x39, 0x86, 0x01, 0xB7, 0xC9, 0x6A, 0x30, 0x1F, 0xA6, 0x84,
    0x30, 0x01, 0x81, 0x00, 0x27, 0x0E, 0xA6, 0x05, 0x81, 0x00, 0x27, 0x13, 0x86, 0x00, 0xA7, 0x02,
    0xB7, 0xC9, 0x6A, 0x39, 0x86, 0x07, 0x30, 0x1F, 0xA7, 0x84, 0x30, 0x01, 0xA7, 0x02, 0x39, 0x86,
    0x07, 0xA7, 0x02, 0xA7, 0x05, 0x39, 0xF6, 0xC9, 0x4F, 0xC1, 0x01, 0x26, 0x16, 0x8C, 0xCA, 0x78,
    0x26, 0x07, 0x86, 0x01, 0xB7, 0xC9, 0x84, 0x20, 0x0A, 0x8C, 0xCA, 0x60, 0x26, 0x05, 0x86, 0x02,
    0xB7, 0xC9, 0x84, 0x86, 0xFF, 0xB7, 0xC9, 0x56, 0xB6, 0xC9, 0x22, 0x81, 0x01, 0x2A, 0x05, 0x86,
    0x01, 0xB7, 0xC9, 0x22, 0xA6, 0x02, 0xB7, 0xC9, 0x69, 0x34, 0x10, 0x34, 0x20, 0xBD, 0x18, 0xF3,
    0x35, 0x20, 0x35, 0x10, 0x86, 0x00, 0xB7, 0xC9, 0x27, 0xEC, 0x84, 0xFD, 0xC9, 0x3D, 0x86, 0x01,
    0xB7, 0xC9, 0x3F, 0x86, 0x00, 0xBB, 0xCA, 0x17, 0xBB, 0xCA, 0x2F, 0xBB, 0xCA, 0x47, 0xBB, 0xCA,
    0x5F, 0xBB, 0xCA, 0x77, 0xBB, 0xCA, 0x8F, 0x81, 0x00, 0x27, 0x08, 0x86, 0x08, 0xB7, 0xC9, 0x3B,
    0x7E, 0x1A, 0xE8, 0x86, 0x00, 0xBB, 0xCA, 0x14, 0xBB, 0xCA, 0x2C, 0xBB, 0xCA, 0x44, 0xBB, 0xCA,
    0x5C, 0xBB, 0xCA, 0x74, 0xBB, 0xCA, 0x8C, 0x81, 0x00, 0x27, 0x08, 0x86, 0x07, 0xB7, 0xC9, 0x3B,
    0x7E, 0x1A, 0xE8, 0x86, 0x00, 0xBB, 0xCA, 0x11, 0xBB, 0xCA, 0x29, 0xBB, 0xCA, 0x41, 0xBB, 0xCA,
    0x59, 0xBB, 0xCA, 0x71, 0xBB, 0xCA, 0x89, 0x81, 0x00, 0x27, 0x08, 0x86, 0x06, 0xB7, 0xC9, 0x3B,
    0x7E, 0x1A, 0xE8, 0x86, 0x00, 0xBB, 0xCA, 0x0E, 0xBB, 0xCA, 0x26, 0xBB, 0xCA, 0x3E, 0xBB, 0xCA,
    0x56, 0xBB, 0xCA, 0x6E, 0xBB, 0xCA, 0x86, 0x81, 0x00, 0x27, 0x08, 0x86, 0x05, 0xB7, 0xC9, 0x3B,
    0x20, 0x66, 0x12, 0x86, 0x00, 0xBB, 0xCA, 0x0B, 0xBB, 0xCA, 0x23, 0xBB, 0xCA, 0x3B, 0xBB, 0xCA,
    0x53, 0xBB, 0xCA, 0x6B, 0xBB, 0xCA, 0x83, 0x81, 0x00, 0x27, 0x08, 0x86, 0x04, 0xB7, 0xC9, 0x3B,
    0x20, 0x46, 0x12, 0x86, 0x00, 0xBB, 0xCA, 0x08, 0xBB, 0xCA, 0x20, 0xBB, 0xCA, 0x38, 0xBB, 0xCA,
    0x50, 0xBB, 0xCA, 0x68, 0xBB, 0xCA, 0x80, 0x81, 0x00, 0x27, 0x08, 0x86, 0x03, 0xB7, 0xC9, 0x3B,
    0x20, 0x26, 0x12, 0x86, 0x00, 0xBB, 0xCA, 0x05, 0xBB, 0xCA, 0x1D, 0xBB, 0xCA, 0x35, 0xBB, 0xCA,
    0x4D, 0xBB, 0xCA, 0x65, 0xBB, 0xCA, 0x7D, 0x81, 0x00, 0x27, 0x08, 0x86, 0x02, 0xB7, 0xC9, 0x3B,
    0x20, 0x06, 0x12, 0x86, 0x01, 0xB7, 0xC9, 0x3B, 0x86, 0x00, 0xBB, 0xCA, 0x02, 0xBB, 0xCA, 0x1A,
    0xBB, 0xCA, 0x32, 0xBB, 0xCA, 0x4A, 0xBB, 0xCA, 0x62, 0xBB, 0xCA, 0x7A, 0x81, 0x00, 0x27, 0x08,
    0x86, 0x01, 0xB7, 0xC9, 0x3A, 0x7E, 0x1B, 0xE5, 0x86, 0x00, 0xBB, 0xCA, 0x05, 0xBB, 0xCA, 0x1D,
    0xBB, 0xCA, 0x35, 0xBB, 0xCA, 0x4D, 0xBB, 0xCA, 0x65, 0xBB, 0xCA, 0x7D, 0x81, 0x00, 0x27, 0x08,
    0x86, 0x02, 0xB7, 0xC9, 0x3A, 0x7E, 0x1B, 0xE5, 0x86, 0x00, 0xBB, 0xCA, 0x08, 0xBB, 0xCA, 0x20,
    0xBB, 0xCA, 0x38, 0xBB, 0xCA, 0x50, 0xBB, 0xCA, 0x68, 0xBB, 0xCA, 0x80, 0x81, 0x00, 0x27, 0x08,
    0x86, 0x03, 0xB7, 0xC9, 0x3A, 0x7E, 0x1B, 0xE5, 0x86, 0x00, 0xBB, 0xCA, 0x0B, 0xBB, 0xCA, 0x23,
    0xBB, 0xCA, 0x3B, 0xBB, 0xCA, 0x53, 0xBB, 0xCA, 0x6B, 0xBB, 0xCA, 0x83, 0x81, 0x00, 0x27, 0x08,
    0x86, 0x04, 0xB7, 0xC9, 0x3A, 0x20, 0x7E, 0x12, 0x86, 0x00, 0xBB, 0xCA, 0x0E, 0xBB, 0xCA, 0x26,
    0xBB, 0xCA, 0x3E, 0xBB, 0xCA, 0x56, 0xBB, 0xCA, 0x6E, 0xBB, 0xCA, 0x86, 0x81, 0x00, 0x27, 0x08,
    0x86, 0x05, 0xB7, 0xC9, 0x3A, 0x20, 0x5E, 0x12, 0x86, 0x00, 0xBB, 0xCA, 0x11, 0xBB, 0xCA, 0x29,
    0xBB, 0xCA, 0x41, 0xBB, 0xCA, 0x59, 0xBB, 0xCA, 0x71, 0xBB, 0xCA, 0x89, 0x81, 0x00, 0x27, 0x08,
    0x86, 0x06, 0xB7, 0xC9, 0x3A, 0x20, 0x3E, 0x12, 0x86, 0x00, 0xBB, 0xCA, 0x14, 0xBB, 0xCA, 0x2C,
    0xBB, 0xCA, 0x44, 0xBB, 0xCA, 0x5C, 0xBB, 0xCA, 0x74, 0xBB, 0xCA, 0x8C, 0x81, 0x00, 0x27, 0x08,
    0x86, 0x07, 0xB7, 0xC9, 0x3A, 0x20, 0x1E, 0x12, 0x86, 0x00, 0xBB, 0xCA, 0x17, 0xBB, 0xCA, 0x2F,
    0xBB, 0xCA, 0x47, 0xBB, 0xCA, 0x5F, 0xBB, 0xCA, 0x77, 0xBB, 0xCA, 0x8F, 0x81, 0x00, 0x27, 0x05,
    0x86, 0x08, 0xB7, 0xC9, 0x3A, 0x86, 0x00, 0xBB, 0xCA, 0x7A, 0xBB, 0xCA, 0x7D, 0xBB, 0xCA, 0x80,
    0xBB, 0xCA, 0x83, 0xBB, 0xCA, 0x86, 0xBB, 0xCA, 0x89, 0xBB, 0xCA, 0x8C, 0xBB, 0xCA, 0x8F, 0x81,
    0x00, 0x27, 0x06, 0x86, 0x01, 0xB7, 0xC9, 0x3C, 0x39, 0x86, 0x00, 0xBB, 0xCA, 0x62, 0xBB, 0xCA,
    0x65, 0xBB, 0xCA, 0x68, 0xBB, 0xCA, 0x6B, 0xBB, 0xCA, 0x6E, 0xBB, 0xCA, 0x71, 0xBB, 0xCA, 0x74,
    0xBB, 0xCA, 0x77, 0x81, 0x00, 0x27, 0x06, 0x86, 0x02, 0xB7, 0xC9, 0x3C, 0x39, 0x86, 0x00, 0xBB,
    0xCA, 0x4A, 0xBB, 0xCA, 0x4D, 0xBB, 0xCA, 0x50, 0xBB, 0xCA, 0x53, 0xBB, 0xCA, 0x56, 0xBB, 0xCA,
    0x59, 0xBB, 0xCA, 0x5C, 0xBB, 0xCA, 0x5F, 0x81, 0x00, 0x27, 0x06, 0x86, 0x03, 0xB7, 0xC9, 0x3C,
    0x39, 0x86, 0x00, 0xBB, 0xCA, 0x32, 0xBB, 0xCA, 0x35, 0xBB, 0xCA, 0x38, 0xBB, 0xCA, 0x3B, 0xBB,
    0xCA, 0x3E, 0xBB, 0xCA, 0x41, 0xBB, 0xCA, 0x44, 0xBB, 0xCA, 0x47, 0x81, 0x00, 0x27, 0x06, 0x86,
    0x04, 0xB7, 0xC9, 0x3C, 0x39, 0x86, 0x00, 0xBB, 0xCA, 0x1A, 0xBB, 0xCA, 0x1D, 0xBB, 0xCA, 0x20,
    0xBB, 0xCA, 0x23, 0xBB, 0xCA, 0x26, 0xBB, 0xCA, 0x29, 0xBB, 0xCA, 0x2C, 0xBB, 0xCA, 0x2F, 0x81,
    0x00, 0x27, 0x06, 0x86, 0x05, 0xB7, 0xC9, 0x3C, 0x39, 0x86, 0x06, 0xB7, 0xC9, 0x3C, 0x39, 0xB6,
    0xC9, 0x68, 0x81, 0x00, 0x27, 0x04, 0xBD, 0x15, 0x2D, 0x39, 0x8E, 0xC9, 0x23, 0xBD, 0xF3, 0x0C,
    0x86, 0x60, 0xF6, 0xC9, 0x87, 0xC1, 0x00, 0x27, 0x11, 0xF6, 0xC9, 0x88, 0xCB, 0x20, 0xF7, 0xC9,
    0x88, 0x7A, 0xC9, 0x87, 0xC1, 0x7F, 0x2B, 0x02, 0x86, 0x00, 0xBD, 0xF2, 0xAB, 0xC6, 0x40, 0x8E,
    0x23, 0x45, 0xBD, 0xF4, 0x0E, 0xBD, 0xF3, 0x54, 0xBD, 0x3F, 0xD4, 0x7D, 0xC8, 0x12, 0x27, 0x1D,
    0x7A, 0xC9, 0x24, 0x7A, 0xC9, 0x24, 0xB6, 0xC9, 0x24, 0x81, 0x7F, 0x2A, 0x02, 0x20, 0x2E, 0x81,
    0x82, 0x2B, 0x02, 0x20, 0x28, 0x7C, 0xC9, 0x24, 0x7C, 0xC9, 0x24, 0x20, 0x20, 0x7D, 0xC8, 0x13,
    0x27, 0x1B, 0x7C, 0xC9, 0x24, 0x7C, 0xC9, 0x24, 0xB6, 0xC9, 0x24, 0x81, 0x80, 0x2B, 0x02, 0x20,
    0x0C, 0x81, 0x7D, 0x2A, 0x02, 0x20, 0x06, 0x7A, 0xC9, 0x24, 0x7A, 0xC9, 0x24, 0xB6, 0xC9, 0x27,
    0x81, 0x01, 0x26, 0x02, 0x20, 0x1D, 0x7D, 0xC8, 0x15, 0x27, 0x15, 0x86, 0x01, 0xB7, 0xC9, 0x27,
    0xCE, 0x24, 0x24, 0xBD, 0xF2, 0x7D, 0xFC, 0xC9, 0x23, 0x8B, 0x0A, 0xFD, 0xC9, 0x29, 0x20, 0x03,
    0x7F, 0xC9, 0x28, 0x39, 0xB6, 0xC9, 0x27, 0x81, 0x01, 0x27, 0x01, 0x39, 0x8E, 0xC9, 0x29, 0xBD,
    0xF3, 0x0C, 0xBD, 0xF2, 0xA9, 0xC6, 0x20, 0x8E, 0x23, 0x58, 0xBD, 0xF4, 0x0E, 0xBD, 0xF3, 0x54,
    0x7C, 0xC9, 0x29, 0x7C, 0xC9, 0x29, 0x7C, 0xC9, 0x29, 0x7C, 0xC9, 0x29, 0x7C, 0xC9, 0x29, 0xB6,
    0xC9, 0x29, 0x81, 0x79, 0x2A, 0x02, 0x20, 0x04, 0x81, 0x80, 0x2B, 0x2B, 0x8E, 0xC9, 0x2E, 0xA6,
    0x02, 0x81, 0x00, 0x27, 0x18, 0x34, 0x10, 0xEC, 0x84, 0xFD, 0xC9, 0x2B, 0xBE, 0xC9, 0x2B, 0x10,
    0xBE, 0xC9, 0x29, 0xCC, 0x08, 0x0D, 0xBD, 0xF8, 0xFF, 0x35, 0x10, 0x25, 0x08, 0x30, 0x03, 0x8C,
    0xC9, 0x3A, 0x26, 0xDB, 0x39, 0x6A, 0x02, 0x86, 0x00, 0xB7, 0xC9, 0x27, 0x39, 0xCC, 0x23, 0x2A,
    0xFD, 0xC9, 0x4D, 0xB6, 0xC9, 0x4C, 0x81, 0x01, 0x26, 0x06, 0xCC, 0x23, 0x31, 0xFD, 0xC9, 0x4D,
    0x8E, 0xCA, 0x00, 0x34, 0x10, 0xBD, 0x1D, 0xD2, 0x35, 0x10, 0x30, 0x03, 0x8C, 0xCA, 0x90, 0x26,
    0xF2, 0x39, 0x86, 0x00, 0xE6, 0x02, 0xC1, 0x00, 0x27, 0x02, 0x86, 0x60, 0xBD, 0xF2, 0xAB, 0xC6,
    0x2F, 0xA6, 0x02, 0x81, 0x07, 0x2B, 0x02, 0xC6, 0x16, 0x34, 0x10, 0x34, 0x04, 0xA6, 0x84, 0x8B,
    0x04, 0xF6, 0xC9, 0x4C, 0xC1, 0x00, 0x27, 0x06, 0xE6, 0x01, 0xC0, 0x06, 0x20, 0x04, 0xE6, 0x01,
    0xC0, 0x03, 0xBD, 0xF2, 0xFC, 0xBE, 0xC9, 0x4D, 0x35, 0x04, 0xBD, 0xF4, 0x0E, 0xBD, 0xF3, 0x54,
    0x35, 0x10, 0x39, 0x86, 0x00, 0xB7, 0xC9, 0x4F, 0x8E, 0xCA, 0x00, 0xA6, 0x02, 0x81, 0x00, 0x27,
    0x03, 0x7C, 0xC9, 0x4F, 0x30, 0x03, 0x8C, 0xCA, 0x90, 0x26, 0xF0, 0x39, 0xB6, 0xC9, 0x52, 0x81,
    0x00, 0x27, 0x01, 0x39, 0x7C, 0xC9, 0x20, 0xB6, 0xC9, 0x20, 0xB1, 0xC9, 0x22, 0x2A, 0x03, 0x8D,
    0xD2, 0x39, 0x86, 0x01, 0xB7, 0xC9, 0x57, 0x86, 0x00, 0xB7, 0xC9, 0x20, 0x7C, 0xC9, 0x4C, 0xB6,
    0xC9, 0x4C, 0x81, 0x02, 0x26, 0x05, 0x86, 0x00, 0xB7, 0xC9, 0x4C, 0xF6, 0xC9, 0x21, 0x8E, 0xCA,
    0x00, 0x86, 0x00, 0xB7, 0xC9, 0x4F, 0xC1, 0x01, 0x27, 0x06, 0x6C, 0x01, 0x6C, 0x01, 0x20, 0x04,
    0x6A, 0x01, 0x6A, 0x01, 0xA6, 0x02, 0x81, 0x00, 0x27, 0x03, 0x7C, 0xC9, 0x4F, 0x30, 0x03, 0x8C,
    0xCA, 0x90, 0x26, 0xE2, 0xBD, 0x20, 0x2A, 0xB6, 0xC9, 0x4F, 0x81, 0x00, 0x26, 0x05, 0x86, 0x01,
    0xB7, 0xC9, 0x52, 0xF6, 0xC9, 0x3B, 0xC1, 0x01, 0x27, 0x3B, 0xC1, 0x02, 0x27, 0x32, 0xC1, 0x03,
    0x27, 0x29, 0xC1, 0x04, 0x27, 0x20, 0xC1, 0x05, 0x27, 0x17, 0xC1, 0x06, 0x27, 0x0E, 0xC1, 0x07,
    0x27, 0x05, 0xB6, 0xCA, 0x16, 0x20, 0x21, 0xB6, 0xCA, 0x13, 0x20, 0x1C, 0xB6, 0xCA, 0x10, 0x20,
    0x17, 0xB6, 0xCA, 0x0D, 0x20, 0x12, 0xB6, 0xCA, 0x0A, 0x20, 0x0D, 0xB6, 0xCA, 0x07, 0x20, 0x08,
    0xB6, 0xCA, 0x04, 0x20, 0x03, 0xB6, 0xCA, 0x01, 0x81, 0x70, 0x2A, 0x02, 0x20, 0x0F, 0x81, 0x76,
    0x2B, 0x02, 0x20, 0x09, 0x86, 0x01, 0xB7, 0xC9, 0x21, 0xBD, 0x1F, 0x46, 0x39, 0xF6, 0xC9, 0x3A,
    0x5A, 0xC1, 0x07, 0x27, 0x3B, 0xC1, 0x06, 0x27, 0x32, 0xC1, 0x05, 0x27, 0x29, 0xC1, 0x04, 0x27,
    0x20, 0xC1, 0x03, 0x27, 0x17, 0xC1, 0x02, 0x27, 0x0E, 0xC1, 0x01, 0x27, 0x05, 0xB6, 0xCA, 0x01,
    0x20, 0x21, 0xB6, 0xCA, 0x04, 0x20, 0x1C, 0xB6, 0xCA, 0x07, 0x20, 0x17, 0xB6, 0xCA, 0x0A, 0x20,
    0x12, 0xB6, 0xCA, 0x0D, 0x20, 0x0D, 0xB6, 0xCA, 0x10, 0x20, 0x08, 0xB6, 0xCA, 0x13, 0x20, 0x03,
    0xB6, 0xCA, 0x16, 0x81, 0x81, 0x2A, 0x01, 0x39, 0x81, 0x86, 0x2B, 0x01, 0x39, 0x86, 0x00, 0xB7,
    0xC9, 0x21, 0xBD, 0x1F, 0x46, 0x39, 0xBD, 0x1B, 0xE5, 0xB6, 0xC9, 0x51, 0x81, 0x00, 0x26, 0x01,
    0x39, 0xB6, 0xC9, 0x68, 0x81, 0x00, 0x27, 0x01, 0x39, 0x8E, 0xCA, 0x00, 0x6A, 0x84, 0x6A, 0x84,
    0x6A, 0x84, 0x6A, 0x84, 0x6A, 0x84, 0x6A, 0x84, 0x6A, 0x84, 0x6A, 0x84, 0x6A, 0x84, 0x30, 0x03,
    0x8C, 0xCA, 0x90, 0x26, 0xE7, 0xBD, 0x1F, 0xA5, 0x81, 0xB0, 0x2A, 0x02, 0x20, 0x04, 0x81, 0xC0,
    0x2B, 0x14, 0x81, 0x90, 0x2A, 0x02, 0x20, 0x1C, 0x81, 0xA0, 0x2B, 0x01, 0x39, 0x86, 0x01, 0xB7,
    0xC9, 0x51, 0xBD, 0x15, 0x0A, 0x39, 0x86, 0x00, 0xB7, 0xC9, 0x30, 0xB7, 0xC9, 0x33, 0xB7, 0xC9,
    0x36, 0xB7, 0xC9, 0x39, 0x39, 0xB6, 0xC9, 0x3C, 0x81, 0x01, 0x26, 0x04, 0xB6, 0xCA, 0x78, 0x39,
    0x81, 0x02, 0x26, 0x04, 0xB6, 0xCA, 0x60, 0x39, 0x81, 0x03, 0x26, 0x04, 0xB6, 0xCA, 0x48, 0x39,
    0x81, 0x04, 0x26, 0x04, 0xB6, 0xCA, 0x30, 0x39, 0x81, 0x05, 0x26, 0x04, 0xB6, 0xCA, 0x18, 0x39,
    0xB6, 0xCA, 0x00, 0x39, 0x8E, 0xC9, 0x2E, 0x34, 0x10, 0xEC, 0x84, 0xFD, 0xC9, 0x2B, 0xBD, 0xF3,
    0x0C, 0x35, 0x10, 0xA6, 0x02, 0x34, 0x10, 0x48, 0x48, 0x8B, 0x10, 0xBD, 0xF2, 0xAB, 0xC6, 0x70,
    0x8E, 0x23, 0x5F, 0xBD, 0xF4, 0x0E, 0xBD, 0xF3, 0x54, 0x35, 0x10, 0xB6, 0xC9, 0x89, 0x81, 0x00,
    0x27, 0x20, 0xA6, 0x02, 0x81, 0x00, 0x27, 0x1A, 0x34, 0x10, 0xBE, 0xC9, 0x2B, 0x10, 0xBE, 0xC9,
    0x8A, 0xCC, 0x08, 0x0D, 0xBD, 0xF8, 0xFF, 0x35, 0x10, 0x25, 0x02, 0x20, 0x05, 0x86, 0x00, 0xB7,
    0xC9, 0x89, 0x30, 0x03, 0x8C, 0xC9, 0x3A, 0x26, 0xAE, 0x39, 0xF6, 0xC9, 0x4F, 0x86, 0x01, 0xB7,
    0xC9, 0x22, 0xC1, 0x02, 0x2A, 0x01, 0x39, 0x86, 0x02, 0xB7, 0xC9, 0x22, 0xC1, 0x03, 0x2A, 0x01,
    0x39, 0x86, 0x03, 0xB7, 0xC9, 0x22, 0xC1, 0x05, 0x2A, 0x01, 0x39, 0x86, 0x04, 0xB7, 0xC9, 0x22,
    0xC1, 0x07, 0x2A, 0x01, 0x39, 0x86, 0x06, 0xB7, 0xC9, 0x22, 0xC1, 0x09, 0x2A, 0x01, 0x39, 0x86,
    0x0A, 0xB7, 0xC9, 0x22, 0xC1, 0x0D, 0x2A, 0x01, 0x39, 0x86, 0x10, 0xB7, 0xC9, 0x22, 0xC1, 0x14,
    0x2A, 0x01, 0x39, 0x86, 0x1A, 0xB7, 0xC9, 0x22, 0xC1, 0x20, 0x2A, 0x01, 0x39, 0x86, 0x20, 0xB7,
    0xC9, 0x22, 0x39, 0xB6, 0xC9, 0x3F, 0x81, 0x00, 0x26, 0x01, 0x39, 0x8E, 0xC9, 0x3D, 0xBD, 0xF3,
    0x0C, 0xB6, 0xC9, 0x3F, 0x40, 0x8B, 0x80, 0xBD, 0xF2, 0xAB, 0xF6, 0xC9, 0x3F, 0x8E, 0x23, 0x6C,
    0xB6, 0xC9, 0x6A, 0x81, 0x00, 0x27, 0x03, 0x8E, 0x23, 0x9E, 0xBD, 0xF4, 0x0E, 0xBD, 0xF3, 0x54,
    0xB6, 0xC9, 0x3F, 0x8B, 0x10, 0xB7, 0xC9, 0x3F, 0x81, 0x70, 0x2A, 0x01, 0x39, 0x86, 0x00, 0xB7,
    0xC9, 0x3F, 0xB7, 0xC9, 0x6A, 0x39, 0x7C, 0xC9, 0x5E, 0xB6, 0xC9, 0x5E, 0x81, 0xFF, 0x26, 0x0C,
    0xB6, 0xC9, 0x4F, 0x81, 0x05, 0x2B, 0x05, 0x86, 0x01, 0xB7, 0xC9, 0x59, 0x39, 0xB6, 0xC9, 0x59,
    0x81, 0x00, 0x27, 0xE2, 0x81, 0x01, 0x27, 0x03, 0x7E, 0x21, 0xEC, 0x7C, 0xC9, 0x60, 0xB6, 0xC9,
    0x60, 0x81, 0x04, 0x26, 0x05, 0x86, 0x00, 0xB7, 0xC9, 0x60, 0x8E, 0xC9, 0x54, 0xBD, 0xF3, 0x0C,
    0x86, 0x60, 0xBD, 0xF2, 0xAB, 0xC6, 0x50, 0x8E, 0x23, 0x8B, 0xBD, 0xF4, 0x0E, 0xBD, 0xF3, 0x54,
    0xB6, 0xC9, 0x89, 0x81, 0x00, 0x26, 0x13, 0xB6, 0xC9, 0x55, 0xB1, 0xC9, 0x24, 0x26, 0x0B, 0x86,
    0x01, 0xB7, 0xC9, 0x89, 0xFC, 0xC9, 0x54, 0xFD, 0xC9, 0x8A, 0xB6, 0xC9, 0x5F, 0x81, 0x00, 0x27,
    0x0B, 0x7A, 0xC9, 0x55, 0xB6, 0xC9, 0x55, 0x81, 0x80, 0x27, 0x73, 0x39, 0x7C, 0xC9, 0x55, 0xB6,
    0xC9, 0x55, 0x81, 0x7F, 0x27, 0x68, 0x39, 0xB6, 0xC9, 0x89, 0x81, 0x00, 0x26, 0x01, 0x39, 0x8E,
    0xC9, 0x8A, 0xBD, 0xF3, 0x0C, 0xBD, 0xF2, 0xA9, 0x8E, 0x24, 0x0B, 0xC6, 0x40, 0xBD, 0xF4, 0x0E,
    0xBD, 0xF3, 0x54, 0xB6, 0xC9, 0x51, 0x81, 0x00, 0x27, 0x27, 0xB6, 0xC9, 0x68, 0x81, 0x00, 0x26,
    0x20, 0xB6, 0xC9, 0x87, 0x81, 0x00, 0x26, 0x19, 0xCC, 0x08, 0x0C, 0xBE, 0xC9, 0x8A, 0x10, 0xBE,
    0xC9, 0x23, 0xBD, 0xF8, 0xFF, 0x25, 0x02, 0x20, 0x08, 0xBD, 0x15, 0x0A, 0x86, 0x00, 0xB7, 0xC9,
    0x89, 0x7A, 0xC9, 0x8A, 0x7A, 0xC9, 0x8A, 0x7A, 0xC9, 0x8A, 0x7A, 0xC9, 0x8A, 0xB6, 0xC9, 0x8A,
    0x81, 0x8A, 0x2A, 0x09, 0x81, 0x84, 0x2B, 0x05, 0x86, 0x00, 0xB7, 0xC9, 0x89, 0x39, 0x86, 0x00,
    0xB7, 0xC9, 0x59, 0xB7, 0xC9, 0x5E, 0xB7, 0xC9, 0x6C, 0xCC, 0x02, 0x00, 0xBD, 0xF2, 0x56, 0xCC,
    0x03, 0x00, 0xBD, 0xF2, 0x56, 0x7C, 0xC9, 0x5F, 0xB6, 0xC9, 0x5F, 0x81, 0x02, 0x26, 0x11, 0x86,
    0x00, 0xB7, 0xC9, 0x5F, 0x86, 0x00, 0xB7, 0xC9, 0x5F, 0xCC, 0x7F, 0x81, 0xFD, 0xC9, 0x54, 0x39,
    0x86, 0x01, 0xB7, 0xC9, 0x5F, 0xCC, 0x7F, 0x7E, 0xFD, 0xC9, 0x54, 0x39, 0x8E, 0x23, 0x8B, 0xCE,
    0xCA, 0x91, 0xB6, 0xC9, 0x5A, 0x7C, 0xC9, 0x5A, 0x7C, 0xC9, 0x5A, 0x7C, 0xC9, 0x5A, 0x7C, 0xC9,
    0x5A, 0xBD, 0xF6, 0x1F, 0x8E, 0xC9, 0x54, 0xBD, 0xF3, 0x0C, 0x86, 0x60, 0xBD, 0xF2, 0xAB, 0xB6,
    0xC9, 0x59, 0xBD, 0xF2, 0xAB, 0xF6, 0xC9, 0x59, 0x8E, 0xCA, 0x91, 0xBD, 0xF4, 0x0E, 0xBD, 0xF3,
    0x54, 0x7A, 0xC9, 0x59, 0xB6, 0xC9, 0x59, 0x81, 0x02, 0x26, 0x11, 0x86, 0x02, 0xC6, 0x00, 0xBD,
    0xF2, 0x56, 0x86, 0x03, 0xC6, 0x00, 0xBD, 0xF2, 0x56, 0x7E, 0x21, 0xAE, 0x39, 0x34, 0x10, 0x86,
    0x50, 0xBD, 0xF2, 0xAB, 0x8E, 0xC9, 0x25, 0xBD, 0xF3, 0x0C, 0xCC, 0x00, 0x7F, 0xBD, 0xF3, 0xDF,
    0xCC, 0x00, 0x7F, 0xBD, 0xF3, 0xDF, 0xBD, 0xF3, 0x54, 0x35, 0x10, 0xBD, 0xF2, 0xA9, 0xCC, 0x80,
    0xFA, 0xBD, 0xF2, 0xFC, 0xCE, 0xC8, 0x90, 0xCC, 0xFE, 0x49, 0xFD, 0xC8, 0x2A, 0xBD, 0xF4, 0x95,
    0x8E, 0x80, 0xB0, 0x86, 0x68, 0xF6, 0xC9, 0x51, 0xBD, 0xF3, 0x93, 0x39, 0x8E, 0xC8, 0x90, 0xBD,
    0xF8, 0x7C, 0xB6, 0xC9, 0x79, 0x81, 0x01, 0x27, 0x24, 0x8E, 0xC8, 0x90, 0xCE, 0xC9, 0x6F, 0xBD,
    0xF8, 0xC7, 0x81, 0x01, 0x26, 0x17, 0x86, 0x01, 0xB7, 0xC9, 0x7A, 0xB7, 0xC9, 0x7B, 0xB7, 0xC9,
    0x79, 0x8E, 0xC9, 0xD0, 0xCC, 0x00, 0x01, 0xBD, 0xF8, 0x7C, 0x7C, 0xC9, 0x51, 0x39, 0x47, 0x41,
    0x4D, 0x45, 0x20, 0x4F, 0x56, 0x45, 0x52, 0x20, 0x21, 0x80, 0x53, 0x2E, 0x4F, 0x2E, 0x53, 0x2E,
    0x20, 0x21, 0x21, 0x21, 0x80, 0x20, 0x20, 0x20, 0x20, 0x20, 0x4E, 0x4F, 0x20, 0x42, 0x4F, 0x4E,
    0x55, 0x53, 0x80, 0x31, 0x30, 0x30, 0x30, 0x20, 0x50, 0x4F, 0x49, 0x4E, 0x54, 0x20, 0x42, 0x4F,
    0x4E, 0x55, 0x53, 0x80, 0x20, 0x35, 0x30, 0x30, 0x20, 0x50, 0x4F, 0x49, 0x4E, 0x54, 0x20, 0x42,
    0x4F, 0x4E, 0x55, 0x53, 0x80, 0x20, 0x20, 0x20, 0x20, 0x4D, 0x4F, 0x52, 0x45, 0x20, 0x49, 0x4E,
    0x56, 0x41, 0x44, 0x45, 0x52, 0x53, 0x21, 0x80, 0x50, 0x52, 0x45, 0x53, 0x53, 0x20, 0x42, 0x55,
    0x54, 0x54, 0x4F, 0x4E, 0x20, 0x31, 0x20, 0x54, 0x4F, 0x20, 0x50, 0x4C, 0x41, 0x59, 0x80, 0x20,
    0x4C, 0x41, 0x53, 0x54, 0x20, 0x47, 0x41, 0x4D, 0x45, 0x80, 0xFF, 0xF0, 0x08, 0xFF, 0x10, 0x08,
    0x01, 0xFF, 0xF0, 0x10, 0xFF, 0x10, 0x10, 0x01, 0x00, 0x18, 0x00, 0x00, 0x06, 0xF8, 0xFF, 0xF0,
    0x08, 0xFF, 0x10, 0x08, 0x01, 0x00, 0x0A, 0x00, 0xFF, 0xF6, 0xF0, 0xFF, 0xF8, 0x00, 0xFF, 0x00,
    0x20, 0xFF, 0x08, 0x00, 0xFF, 0x0A, 0xF0, 0x01, 0x00, 0x0C, 0x00, 0xFF, 0xE8, 0x00, 0x01, 0x00,
    0xF6, 0xF0, 0xFF, 0x14, 0x06, 0xFF, 0x00, 0x14, 0xFF, 0xEC, 0x06, 0x01, 0xFF, 0x0E, 0x06, 0xFF,
    0xF0, 0xFE, 0xFF, 0x02, 0x0C, 0xFF, 0xFA, 0xF4, 0xFF, 0xF6, 0x04, 0xFF, 0x0A, 0xF6, 0xFF, 0xFA,
    0xF6, 0xFF, 0x0A, 0x06, 0xFF, 0x0A, 0xFA, 0xFF, 0xF8, 0x0C, 0x01, 0x00, 0xFC, 0x00, 0xFF, 0x02,
    0xF0, 0xFF, 0x06, 0x0C, 0xFF, 0x00, 0x08, 0xFF, 0xFA, 0x0C, 0xFF, 0xFD, 0xF0, 0x01, 0xFF, 0xF6,
    0xF4, 0xFF, 0x04, 0xFC, 0xFF, 0x0C, 0x00, 0xFF, 0x04, 0x04, 0xFF, 0xF6, 0x0C, 0x00, 0xFF, 0x02,
    0xFF, 0x0A, 0x0C, 0xFF, 0xFC, 0x04, 0xFF, 0xF4, 0x00, 0xFF, 0xFC, 0xFC, 0xFF, 0x0A, 0xF4, 0x01,
    0x00, 0xFC, 0x00, 0xFF, 0x08, 0x00, 0xFF, 0x04, 0x0C, 0xFF, 0xFA, 0xFA, 0xFF, 0xFA, 0x04, 0xFF,
    0x00, 0xF6, 0x01, 0x00, 0xFC, 0x00, 0xFF, 0x06, 0xFE, 0xFF, 0x0C, 0x06, 0xFF, 0xEE, 0x08, 0xFF,
    0x00, 0xF4, 0x01, 0x00, 0xFC, 0x00, 0xFF, 0x06, 0x04, 0xFF, 0x08, 0x00, 0xFF, 0x00, 0xFE, 0xFF,
    0x04, 0x00, 0xFF, 0x00, 0x04, 0xFF, 0xFC, 0x00, 0xFF, 0x00, 0xFE, 0x00, 0xFE, 0xFA, 0xFF, 0xFE,
    0x06, 0xFF, 0x02, 0x06, 0x00, 0xF4, 0xFE, 0xFF, 0x06, 0xFC, 0x01, 0xFF, 0x00, 0x00, 0xFF, 0x00,
    0x00, 0xFF, 0x00, 0x00, 0x00, 0xFD, 0x00, 0xFF, 0x00, 0x00, 0xFF, 0x00, 0x00, 0x00, 0xFD, 0x00,
    0xFF, 0x00, 0x00, 0x01, 0x00, 0x00, 0x01, 0x00, 0x02, 0x00, 0x03, 0x00, 0x04, 0x00, 0x05, 0x00,
    0x06, 0x0A, 0x07, 0x1C, 0x08, 0x0F, 0x09, 0x0F, 0x0A, 0x10, 0x0B, 0x10, 0x0C, 0x10, 0x0D, 0x00,
    0x0E, 0x10, 0xFF, 0x00, 0x00, 0x01, 0x00, 0x02, 0x00, 0x03, 0x00, 0x04, 0x00, 0x05, 0x00, 0x06,
    0x3F, 0x07, 0x1C, 0x08, 0x0F, 0x09, 0x0F, 0x0A, 0x10, 0x0B, 0x10, 0x0C, 0x10, 0x0D, 0x00, 0x0E,
    0x12, 0xFF, 0x00, 0x40, 0x01, 0x10, 0x02, 0xF0, 0x03, 0x10, 0x04, 0xF0, 0x05, 0x10, 0x06, 0x00,
    0x07, 0x3D, 0x08, 0x0F, 0x09, 0x0F, 0x0A, 0x10, 0x0B, 0x10, 0x0C, 0x10, 0x0D, 0x00, 0x0E, 0x10,
    0xFF, 0x00, 0x00, 0x01, 0x00, 0x02, 0x00, 0x03, 0x00, 0x04, 0x00, 0x05, 0x00, 0x06, 0x00, 0x07,
    0x3D, 0x08, 0x0F, 0x09, 0x0F, 0x0A, 0x10, 0x0B, 0x10, 0x0C, 0x10, 0x0D, 0x00, 0x0E, 0x10, 0xFF,
    0xBD, 0x3F, 0xC4, 0x86, 0x01, 0xB7, 0xC8, 0xFF, 0xBD, 0x3F, 0xD9, 0x7E, 0x2B, 0x49, 0x86, 0x0A,
    0xB7, 0xCA, 0xA8, 0xB7, 0xCA, 0xA9, 0x8E, 0xC8, 0xB0, 0xBD, 0xF8, 0x4F, 0x8E, 0xC8, 0xC0, 0xBD,
    0xF8, 0x4F, 0xCC, 0x00, 0x01, 0x8E, 0xC8, 0xC0, 0xBD, 0xF8, 0x7C, 0x8E, 0xC8, 0xD0, 0xBD, 0xF8,
    0x4F, 0x8E, 0xC9, 0x00, 0x86, 0x20, 0xA7, 0x84, 0x30, 0x01, 0x8C, 0xCA, 0x86, 0x26, 0xF7, 0x8E,
    0xC9, 0x02, 0x86, 0x6D, 0xA7, 0x84, 0x30, 0x0F, 0x8C, 0xCA, 0x6A, 0x26, 0xF7, 0x8E, 0xC9, 0x0D,
    0x86, 0x6D, 0xA7, 0x84, 0x30, 0x0F, 0x8C, 0xCA, 0x75, 0x26, 0xF7, 0x8E, 0xCA, 0x5B, 0xA7, 0x84,
    0x30, 0x01, 0x8C, 0xCA, 0x67, 0x26, 0xF7, 0x86, 0x01, 0xB7, 0xCA, 0x98, 0xB7, 0xCA, 0x99, 0x86,
    0x06, 0xB7, 0xCA, 0x9D, 0x86, 0x08, 0xB7, 0xCA, 0x9E, 0x86, 0x01, 0xB7, 0xCA, 0xA2, 0xB7, 0xCA,
    0xA5, 0xBD, 0x28, 0x64, 0xBD, 0x28, 0x76, 0xBD, 0x28, 0xC0, 0x86, 0x00, 0xB7, 0xCA, 0xAA, 0xB7,
    0xCA, 0xAB, 0xB7, 0xCA, 0xAC, 0xBD, 0xF1, 0xAF, 0xBD, 0xF6, 0x87, 0xBD, 0xF1, 0x92, 0xBD, 0xF2,
    0x89, 0xB6, 0xCA, 0xAC, 0x81, 0x01, 0x26, 0x05, 0xBD, 0x29, 0x9E, 0x20, 0xE8, 0xBD, 0x2A, 0x15,
    0xBD, 0x25, 0xE2, 0xBD, 0x25, 0xD2, 0xBD, 0x25, 0xBE, 0xB6, 0xCA, 0xAA, 0x81, 0x01, 0x26, 0xD5,
    0x8E, 0xCA, 0x4D, 0x86, 0x58, 0xC6, 0x00, 0x34, 0x06, 0x34, 0x10, 0xBD, 0xF1, 0xAF, 0xBD, 0xF6,
    0x87, 0xBD, 0xF1, 0xAA, 0xBD, 0xF2, 0x89, 0x35, 0x10, 0x35, 0x06, 0xA7, 0x84, 0x30, 0x01, 0x5C,
    0xC1, 0x0A, 0x26, 0xE3, 0x30, 0x16, 0x30, 0x11, 0xC6, 0x00, 0x34, 0x10, 0x34, 0x06, 0xBD, 0xF3,
    0x54, 0xBD, 0x2A, 0x15, 0x35, 0x06, 0x35, 0x10, 0x8C, 0xC9, 0x5D, 0x2A, 0xCA, 0xBD, 0xF3, 0x54,
    0xBD, 0x2A, 0x15, 0x86, 0x60, 0xBD, 0xF2, 0xAB, 0xCE, 0x2C, 0xDE, 0xCC, 0x80, 0xC0, 0xBD, 0xF3,
    0x7A, 0x7C, 0xCA, 0xAA, 0xB6, 0xCA, 0xAA, 0x81, 0xFF, 0x26, 0xE2, 0x7E, 0x24, 0xA0, 0x7A, 0xCA,
    0xA8, 0xB6, 0xCA, 0xA8, 0x81, 0x00, 0x26, 0x09, 0xB6, 0xCA, 0xA9, 0xB7, 0xCA, 0xA8, 0xBD, 0x26,
    0xBD, 0x39, 0x7C, 0xCA, 0xA2, 0xB6, 0xCA, 0xA2, 0x81, 0x08, 0x26, 0x05, 0x86, 0x01, 0xB7, 0xCA,
    0xA2, 0x39, 0xBD, 0x3F, 0xD4, 0x7D, 0xC8, 0x13, 0x27, 0x19, 0xB6, 0xCA, 0x9C, 0x81, 0x01, 0x27,
    0x17, 0x86, 0x01, 0xB7, 0xCA, 0x9C, 0xB7, 0xCA, 0xAC, 0xBD, 0x29, 0x64, 0xBD, 0x28, 0x76, 0xBD,
    0x28, 0xC0, 0x39, 0x86, 0x00, 0xB7, 0xCA, 0x9C, 0x7D, 0xC8, 0x14, 0x27, 0x10, 0xB6, 0xCA, 0x9A,
    0x81, 0x01, 0x27, 0x0E, 0x86, 0x01, 0xB7, 0xCA, 0x9A, 0xBD, 0x28, 0x2B, 0x39, 0x86, 0x00, 0xB7,
    0xCA, 0x9A, 0x7D, 0xC8, 0x15, 0x27, 0x10, 0xB6, 0xCA, 0x9B, 0x81, 0x01, 0x27, 0x0E, 0x86, 0x01,
    0xB7, 0xCA, 0x9B, 0xBD, 0x27, 0xF2, 0x39, 0x86, 0x00, 0xB7, 0xCA, 0x9B, 0xBD, 0x2C, 0x6B, 0xB6,
    0xC8, 0x1B, 0x81, 0x00, 0x26, 0x05, 0xC6, 0x00, 0xF7, 0xCA, 0xA7, 0x7C, 0xCA, 0xA7, 0xF6, 0xCA,
    0xA7, 0xC1, 0x03, 0x26, 0x0D, 0xC6, 0x00, 0xF7, 0xCA, 0xA7, 0x81, 0x20, 0x2A, 0x0C, 0x81, 0x00,
    0x2B, 0x0B, 0xB6, 0xC8, 0x1C, 0x81, 0x00, 0x2B, 0x07, 0x39, 0x20, 0x07, 0x12, 0x20, 0x29, 0x12,
    0x20, 0x4B, 0x12, 0xBD, 0x29, 0x64, 0xB6, 0xCA, 0x9E, 0x81, 0x0C, 0x27, 0x0F, 0x7C, 0xCA, 0x9E,
    0xBD, 0x28, 0xF3, 0x81, 0x01, 0x26, 0x05, 0x7A, 0xCA, 0x9E, 0x20, 0x08, 0xCE, 0x2D, 0x16, 0x86,
    0x01, 0xB7, 0xC8, 0x56, 0xBD, 0x28, 0xC0, 0x39, 0xBD, 0x29, 0x64, 0xB6, 0xCA, 0x9E, 0x81, 0x01,
    0x27, 0x0F, 0x7A, 0xCA, 0x9E, 0xBD, 0x28, 0xF3, 0x81, 0x01, 0x26, 0x05, 0x7C, 0xCA, 0x9E, 0x20,
    0x08, 0xCE, 0x2D, 0x16, 0x86, 0x01, 0xB7, 0xC8, 0x56, 0xBD, 0x28, 0xC0, 0x39, 0xBD, 0x29, 0x64,
    0x7C, 0xCA, 0x9D, 0xBD, 0x28, 0xF3, 0x81, 0x01, 0x26, 0x2D, 0x7A, 0xCA, 0x9D, 0xBD, 0x28, 0xC0,
    0xBD, 0x26, 0xFB, 0xBD, 0x28, 0x64, 0xBD, 0x28, 0x76, 0x86, 0x05, 0xB7, 0xCA, 0x9D, 0x86, 0x08,
    0xB7, 0xCA, 0x9E, 0xCE, 0x2D, 0x1E, 0x86, 0x01, 0xB7, 0xC8, 0x56, 0xBD, 0x28, 0xF3, 0x81, 0x01,
    0x26, 0x05, 0x86, 0x01, 0xB7, 0xCA, 0xAA, 0xBD, 0x28, 0xC0, 0x39, 0x8E, 0xCA, 0x4D, 0x86, 0x00,
    0xB7, 0xCA, 0xA1, 0xB7, 0xCA, 0xAD, 0x86, 0x01, 0xC6, 0x00, 0xF7, 0xCA, 0xA0, 0xC6, 0x00, 0xA6,
    0x84, 0x81, 0x6D, 0x26, 0x03, 0x7C, 0xCA, 0xA0, 0x30, 0x01, 0x5C, 0xC1, 0x0A, 0x26, 0xF0, 0xB6,
    0xCA, 0xA0, 0x81, 0x0A, 0x26, 0x21, 0x30, 0x16, 0x86, 0x2A, 0xC6, 0x00, 0xA7, 0x84, 0x7C, 0xCA,
    0xA1, 0x5C, 0x30, 0x01, 0xC1, 0x0A, 0x26, 0xF4, 0x34, 0x10, 0xCC, 0x00, 0x01, 0xBD, 0x2B, 0x1B,
    0x7C, 0xCA, 0xAD, 0x35, 0x10, 0x30, 0x16, 0x30, 0x11, 0x8C, 0xC9, 0x5D, 0x2A, 0x02, 0x20, 0x02,
    0x20, 0xB6, 0xB6, 0xCA, 0xA1, 0x81, 0x00, 0x27, 0x35, 0xCE, 0x2D, 0x26, 0x86, 0x01, 0xB7, 0xC8,
    0x56, 0x86, 0x00, 0xB7, 0xCA, 0xA1, 0xBD, 0xF3, 0x54, 0xBD, 0xF1, 0xAF, 0xBD, 0xF6, 0x87, 0xBD,
    0xF1, 0x92, 0xBD, 0xF2, 0x89, 0xBD, 0x2A, 0x15, 0x7C, 0xCA, 0xA1, 0xB6, 0xCA, 0xA1, 0x81, 0x09,
    0x26, 0xE4, 0xBD, 0x27, 0xC1, 0xBD, 0x27, 0xC1, 0xBD, 0x27, 0xC1, 0xBD, 0x27, 0xC1, 0xB6, 0xCA,
    0xAD, 0x81, 0x04, 0x26, 0x06, 0xCC, 0x10, 0x00, 0x20, 0x20, 0x12, 0x81, 0x03, 0x26, 0x06, 0xCC,
    0x03, 0x00, 0x20, 0x16, 0x12, 0x81, 0x02, 0x26, 0x06, 0xCC, 0x02, 0x00, 0x20, 0x0C, 0x12, 0x81,
    0x01, 0x26, 0x06, 0xCC, 0x01, 0x00, 0x20, 0x02, 0x12, 0x39, 0x8E, 0xC8, 0xB0, 0xBD, 0xF8, 0x7C,
    0x39, 0x8E, 0xCA, 0x4D, 0x86, 0x00, 0xA6, 0x84, 0x81, 0x2A, 0x26, 0x03, 0x20, 0x09, 0x12, 0x30,
    0x11, 0x8C, 0xC9, 0x5D, 0x2A, 0xF0, 0x39, 0xC6, 0x00, 0x30, 0x11, 0xA6, 0x84, 0x30, 0x0F, 0xA7,
    0x84, 0x5C, 0x30, 0x01, 0xC1, 0x0A, 0x26, 0xF1, 0x30, 0x16, 0x30, 0x11, 0x8C, 0xC9, 0x5D, 0x2A,
    0xE6, 0x39, 0xBD, 0x29, 0x64, 0xB6, 0xCA, 0x99, 0xB7, 0xCA, 0x9F, 0x7C, 0xCA, 0x99, 0xB6, 0xCA,
    0x99, 0x81, 0x05, 0x26, 0x05, 0x86, 0x01, 0xB7, 0xCA, 0x99, 0xBD, 0x28, 0x76, 0xBD, 0x28, 0xF3,
    0x81, 0x01, 0x26, 0x0B, 0xB6, 0xCA, 0x9F, 0xB7, 0xCA, 0x99, 0xBD, 0x28, 0x76, 0x20, 0x08, 0xCE,
    0x2D, 0x08, 0x86, 0x01, 0xB7, 0xC8, 0x56, 0xBD, 0x28, 0xC0, 0x39, 0xBD, 0x29, 0x64, 0xB6, 0xCA,
    0x99, 0xB7, 0xCA, 0x9F, 0x7A, 0xCA, 0x99, 0xB6, 0xCA, 0x99, 0x81, 0x00, 0x26, 0x05, 0x86, 0x04,
    0xB7, 0xCA, 0x99, 0xBD, 0x28, 0x76, 0xBD, 0x28, 0xF3, 0x81, 0x01, 0x26, 0x0B, 0xB6, 0xCA, 0x9F,
    0xB7, 0xCA, 0x99, 0xBD, 0x28, 0x76, 0x20, 0x08, 0xCE, 0x2D, 0x08, 0x86, 0x01, 0xB7, 0xC8, 0x56,
    0xBD, 0x28, 0xC0, 0x39, 0xB6, 0xCA, 0xA5, 0xB7, 0xCA, 0x98, 0xB6, 0xCA, 0xA2, 0xB7, 0xCA, 0xA5,
    0x86, 0x01, 0xB7, 0xCA, 0x99, 0x39, 0x8E, 0x2D, 0xF8, 0x86, 0x01, 0xB1, 0xCA, 0x98, 0x27, 0x06,
    0x4C, 0x30, 0x88, 0x40, 0x20, 0xF5, 0x86, 0x01, 0xB1, 0xCA, 0x99, 0x27, 0x06, 0x4C, 0x30, 0x88,
    0x10, 0x20, 0xF5, 0xBD, 0x28, 0x97, 0x39, 0xEC, 0x84, 0xFD, 0xCA, 0x88, 0xEC, 0x02, 0xFD, 0xCA,
    0x8A, 0xEC, 0x04, 0xFD, 0xCA, 0x8C, 0xEC, 0x06, 0xFD, 0xCA, 0x8E, 0xEC, 0x08, 0xFD, 0xCA, 0x90,
    0xEC, 0x0A, 0xFD, 0xCA, 0x92, 0xEC, 0x0C, 0xFD, 0xCA, 0x94, 0xEC, 0x0E, 0xFD, 0xCA, 0x96, 0x39,
    0xBD, 0x29, 0x47, 0x10, 0x8E, 0xCA, 0x88, 0xC6, 0x01, 0xA6, 0xA4, 0x81, 0x6D, 0x26, 0x02, 0xA7,
    0x84, 0xA6, 0x21, 0x81, 0x6D, 0x26, 0x02, 0xA7, 0x01, 0xA6, 0x22, 0x81, 0x6D, 0x26, 0x02, 0xA7,
    0x02, 0xA6, 0x23, 0x81, 0x6D, 0x26, 0x02, 0xA7, 0x03, 0x30, 0x0F, 0x31, 0x24, 0x5C, 0xC1, 0x05,
    0x26, 0xD7, 0x39, 0xBD, 0x29, 0x47, 0x10, 0x8E, 0xCA, 0x88, 0xC6, 0x01, 0xA6, 0xA4, 0x81, 0x6D,
    0x26, 0x09, 0xA6, 0x84, 0x81, 0x6D, 0x26, 0x03, 0x20, 0x3A, 0x12, 0xA6, 0x21, 0x81, 0x6D, 0x26,
    0x09, 0xA6, 0x01, 0x81, 0x6D, 0x26, 0x03, 0x20, 0x2B, 0x12, 0xA6, 0x22, 0x81, 0x6D, 0x26, 0x09,
    0xA6, 0x02, 0x81, 0x6D, 0x26, 0x03, 0x20, 0x1C, 0x12, 0xA6, 0x23, 0x81, 0x6D, 0x26, 0x09, 0xA6,
    0x03, 0x81, 0x6D, 0x26, 0x03, 0x20, 0x0D, 0x12, 0x30, 0x0F, 0x31, 0x24, 0x5C, 0xC1, 0x05, 0x26,
    0xBB, 0x86, 0x00, 0x39, 0x86, 0x01, 0x39, 0x12, 0x8E, 0xC9, 0x00, 0xB6, 0xCA, 0x9D, 0x81, 0x01,
    0x27, 0x05, 0x30, 0x0F, 0x4A, 0x20, 0xF7, 0xB6, 0xCA, 0x9E, 0x81, 0x01, 0x27, 0x05, 0x30, 0x01,
    0x4A, 0x20, 0xF7, 0x39, 0x8D, 0xE1, 0x10, 0x8E, 0xCA, 0x88, 0xC6, 0x01, 0xA6, 0xA4, 0x81, 0x6D,
    0x26, 0x04, 0x86, 0x20, 0xA7, 0x84, 0xA6, 0x21, 0x81, 0x6D, 0x26, 0x04, 0x86, 0x20, 0xA7, 0x01,
    0xA6, 0x22, 0x81, 0x6D, 0x26, 0x04, 0x86, 0x20, 0xA7, 0x02, 0xA6, 0x23, 0x81, 0x6D, 0x26, 0x04,
    0x86, 0x20, 0xA7, 0x03, 0x30, 0x0F, 0x31, 0x24, 0x5C, 0xC1, 0x05, 0x26, 0xCF, 0x39, 0x86, 0x60,
    0xBD, 0xF2, 0xAB, 0xBD, 0x29, 0xCF, 0xCE, 0x2C, 0xEA, 0xCC, 0x80, 0xC0, 0xBD, 0xF3, 0x7A, 0xBD,
    0x3F, 0xD4, 0x7D, 0xC8, 0x13, 0x27, 0x12, 0xB6, 0xCA, 0x9C, 0x81, 0x01, 0x27, 0x0A, 0x86, 0x00,
    0xB7, 0xCA, 0xAC, 0x86, 0x01, 0xB7, 0xCA, 0x9C, 0x39, 0x86, 0x00, 0xB7, 0xCA, 0x9C, 0x39, 0xCC,
    0xFC, 0x47, 0xFD, 0xC8, 0x2A, 0xCE, 0x2C, 0xF6, 0xCC, 0x00, 0xC0, 0xBD, 0xF3, 0x7A, 0xCE, 0x2C,
    0xFC, 0xCC, 0x10, 0xC0, 0xBD, 0xF3, 0x7A, 0xCE, 0x2D, 0x02, 0xCC, 0x20, 0xC0, 0xBD, 0xF3, 0x7A,
    0xCC, 0x00, 0x00, 0xBD, 0xF2, 0xFC, 0xCE, 0xC8, 0xB0, 0xBD, 0xF4, 0x95, 0xCC, 0x10, 0x00, 0xBD,
    0xF2, 0xFC, 0xCE, 0xC8, 0xC0, 0xBD, 0xF4, 0x95, 0xCC, 0x20, 0x00, 0xBD, 0xF2, 0xFC, 0xCE, 0xC8,
    0xD0, 0xBD, 0xF4, 0x95, 0x39, 0x8E, 0xC9, 0x6C, 0xCC, 0x5F, 0xA0, 0xFD, 0xCA, 0xA3, 0x8E, 0xCA,
    0xA3, 0xBD, 0xF3, 0x0C, 0x86, 0x40, 0xBD, 0xF2, 0xAB, 0x86, 0x01, 0x8E, 0x2C, 0x83, 0xB1, 0xCA,
    0xA5, 0x27, 0x07, 0x4C, 0x30, 0x0D, 0x81, 0x08, 0x2B, 0xF4, 0xC6, 0xFF, 0xBD, 0xF4, 0x0E, 0xBD,
    0xF3, 0x54, 0x8E, 0xC9, 0x0D, 0x86, 0x80, 0xA7, 0x84, 0x30, 0x0F, 0x8C, 0xCA, 0x66, 0x26, 0xF7,
    0x86, 0x4A, 0xBD, 0xF2, 0xAB, 0xCC, 0xFA, 0x50, 0xFD, 0xC8, 0x2A, 0xB6, 0xC8, 0xFF, 0x81, 0x01,
    0x27, 0x3A, 0x86, 0x01, 0xB7, 0xC8, 0xFF, 0xCC, 0x38, 0xC0, 0xCE, 0xC9, 0x6C, 0xBD, 0x2B, 0x11,
    0xCE, 0xC9, 0x7B, 0xBD, 0x2B, 0x11, 0xCE, 0xC9, 0x8A, 0xBD, 0x2B, 0x11, 0xCE, 0xC9, 0x99, 0xBD,
    0x2B, 0x11, 0xCE, 0xC9, 0xA8, 0xBD, 0x2B, 0x11, 0xCE, 0xC9, 0xB7, 0xBD, 0x2B, 0x11, 0xCE, 0xC9,
    0xC6, 0xBD, 0x2B, 0x11, 0xCE, 0xC9, 0xD5, 0xBD, 0x2B, 0x11, 0x20, 0x38, 0xCC, 0xE9, 0xC0, 0xCE,
    0xC9, 0xE4, 0xBD, 0x2B, 0x11, 0xCE, 0xC9, 0xF3, 0xBD, 0x2B, 0x11, 0xCE, 0xCA, 0x02, 0xBD, 0x2B,
    0x11, 0xCE, 0xCA, 0x11, 0xBD, 0x2B, 0x11, 0xCE, 0xCA, 0x20, 0xBD, 0x2B, 0x11, 0xCE, 0xCA, 0x2F,
    0xBD, 0x2B, 0x11, 0xCE, 0xCA, 0x3E, 0xBD, 0x2B, 0x11, 0xCE, 0xCA, 0x4D, 0xBD, 0x2B, 0x11, 0x86,
    0x00, 0xB7, 0xC8, 0xFF, 0x86, 0x60, 0xBD, 0xF2, 0xAB, 0x8E, 0xC9, 0x0D, 0x86, 0x6D, 0xA7, 0x84,
    0x30, 0x0F, 0x8C, 0xCA, 0x66, 0x26, 0xF7, 0xCC, 0x3C, 0xC4, 0xFD, 0xCA, 0x86, 0x8E, 0xCA, 0x86,
    0xBD, 0xF3, 0x0C, 0x8E, 0x2C, 0x79, 0xC6, 0xFF, 0xBD, 0xF4, 0x0E, 0xBD, 0xF3, 0x54, 0xCC, 0x7F,
    0x20, 0xBD, 0xF2, 0xFC, 0xCE, 0xC8, 0xD0, 0xCC, 0xFC, 0x47, 0xFD, 0xC8, 0x2A, 0xBD, 0xF4, 0x95,
    0x39, 0x34, 0x06, 0xBD, 0xF3, 0x7A, 0x35, 0x06, 0x80, 0x0A, 0x39, 0x8E, 0xC8, 0xD0, 0xBD, 0xF8,
    0x7C, 0x7C, 0xCA, 0xAB, 0xB6, 0xCA, 0xAB, 0x81, 0x0A, 0x26, 0x1D, 0x86, 0x00, 0xB7, 0xCA, 0xAB,
    0xCC, 0x00, 0x01, 0x8E, 0xC8, 0xC0, 0xBD, 0xF8, 0x7C, 0x7A, 0xCA, 0xA9, 0xB6, 0xCA, 0xA9, 0x81,
    0x01, 0x2A, 0x05, 0x86, 0x02, 0xB7, 0xCA, 0xA9, 0x39, 0xBD, 0xF1, 0x92, 0xBD, 0x3F, 0xD4, 0x7D,
    0xC8, 0x12, 0x27, 0x03, 0x7E, 0x24, 0xAE, 0xCC, 0x3F, 0xA0, 0xFD, 0xCA, 0xA3, 0x8E, 0xCA, 0xA3,
    0xBD, 0xF3, 0x0C, 0xBD, 0xF2, 0xA9, 0xC6, 0xFF, 0x8E, 0x2D, 0x9A, 0xBD, 0xF4, 0x0E, 0xBD, 0xF3,
    0x54, 0xCC, 0x3F, 0xC0, 0xFD, 0xCA, 0xA3, 0x8E, 0xCA, 0xA3, 0xBD, 0xF3, 0x0C, 0xBD, 0xF2, 0xA9,
    0xC6, 0xFF, 0x8E, 0x2D, 0xA4, 0xBD, 0xF4, 0x0E, 0xBD, 0xF3, 0x54, 0xCC, 0x3F, 0xE0, 0xFD, 0xCA,
    0xA3, 0x8E, 0xCA, 0xA3, 0xBD, 0xF3, 0x0C, 0xBD, 0xF2, 0xA9, 0xC6, 0xFF, 0x8E, 0x2D, 0xB7, 0xBD,
    0xF4, 0x0E, 0xBD, 0xF3, 0x54, 0xCC, 0x3F, 0x00, 0xFD, 0xCA, 0xA3, 0x8E, 0xCA, 0xA3, 0xBD, 0xF3,
    0x0C, 0xBD, 0xF2, 0xA9, 0xC6, 0xFF, 0x8E, 0x2D, 0xC4, 0xBD, 0xF4, 0x0E, 0xBD, 0xF3, 0x54, 0xCC,
    0x3F, 0x20, 0xFD, 0xCA, 0xA3, 0x8E, 0xCA, 0xA3, 0xBD, 0xF3, 0x0C, 0xBD, 0xF2, 0xA9, 0xC6, 0xFF,
    0x8E, 0x2D, 0xCE, 0xBD, 0xF4, 0x0E, 0xBD, 0xF3, 0x54, 0xCC, 0x3F, 0x40, 0xFD, 0xCA, 0xA3, 0x8E,
    0xCA, 0xA3, 0xBD, 0xF3, 0x0C, 0xBD, 0xF2, 0xA9, 0xC6, 0xFF, 0x8E, 0x2D, 0xDB, 0xBD, 0xF4, 0x0E,
    0xBD, 0xF3, 0x54, 0xCC, 0x3F, 0x60, 0xFD, 0xCA, 0xA3, 0x8E, 0xCA, 0xA3, 0xBD, 0xF3, 0x0C, 0xBD,
    0xF2, 0xA9, 0xC6, 0xFF, 0x8E, 0x2D, 0xE5, 0xBD, 0xF4, 0x0E, 0xBD, 0xF3, 0x54, 0xCC, 0xFA, 0x50,
    0xFD, 0xC8, 0x2A, 0xCE, 0x2D, 0x4F, 0xCC, 0xDA, 0xB0, 0xBD, 0xF3, 0x7A, 0xCE, 0x2D, 0x5E, 0xCC,
    0xD0, 0xB0, 0xBD, 0xF3, 0x7A, 0xCE, 0x2D, 0x6D, 0xCC, 0xC5, 0xB0, 0xBD, 0xF3, 0x7A, 0xCE, 0x2D,
    0x7C, 0xCC, 0xBA, 0xB0, 0xBD, 0xF3, 0x7A, 0xCE, 0x2D, 0x8B, 0xCC, 0xB0, 0xB0, 0xBD, 0xF3, 0x7A,
    0xCE, 0x2D, 0x38, 0xCC, 0x80, 0x84, 0xBD, 0xF3, 0x7A, 0xBD, 0x29, 0xCF, 0xBD, 0x3F, 0xD4, 0x7D,
    0xC8, 0x15, 0x27, 0x0F, 0xB6, 0xC8, 0xFF, 0x81, 0x01, 0x27, 0x0D, 0x86, 0x01, 0xB7, 0xC8, 0xFF,
    0x7E, 0x2F, 0xB8, 0x86, 0x00, 0xB7, 0xC8, 0xFF, 0x7E, 0x2B, 0x49, 0x86, 0x00, 0xB7, 0xC8, 0x23,
    0x86, 0x20, 0xB7, 0xC8, 0x1A, 0xBD, 0xF1, 0xF8, 0x39, 0xFF, 0xAD, 0x00, 0xFF, 0x00, 0x39, 0xFF,
    0x53, 0x00, 0x01, 0xFF, 0x00, 0x08, 0x00, 0x00, 0xFC, 0xFF, 0x04, 0x00, 0x00, 0x00, 0x00, 0x01,
    0xFF, 0x00, 0x04, 0xFF, 0x04, 0x00, 0xFF, 0x00, 0x04, 0x00, 0x00, 0x00, 0x01, 0xFF, 0x00, 0x04,
    0xFF, 0xFC, 0x00, 0xFF, 0x00, 0x04, 0x00, 0x00, 0x00, 0x01, 0xFF, 0x00, 0x04, 0xFF, 0x04, 0x00,
    0xFF, 0x00, 0xFC, 0xFF, 0xFC, 0x00, 0x01, 0xFF, 0x00, 0x08, 0x00, 0x00, 0x00, 0x00, 0x00, 0x00,
    0x00, 0x00, 0x00, 0x01, 0xFF, 0x00, 0x08, 0xFF, 0x04, 0x00, 0x00, 0x00, 0x00, 0x00, 0x00, 0x00,
    0x01, 0xFF, 0xFC, 0x00, 0xFF, 0x00, 0x08, 0x00, 0x00, 0x00, 0x00, 0x00, 0x00, 0x01, 0x47, 0x41,
    0x4D, 0x45, 0x20, 0x4F, 0x56, 0x45, 0x52, 0x20, 0x21, 0x80, 0x20, 0x50, 0x41, 0x55, 0x53, 0x45,
    0x44, 0x2E, 0x2E, 0x2E, 0x20, 0x80, 0x53, 0x43, 0x4F, 0x52, 0x45, 0x80, 0x4C, 0x45, 0x56, 0x45,
    0x4C, 0x80, 0x4C, 0x49, 0x4E, 0x45, 0x53, 0x80, 0xFE, 0xE8, 0xFE, 0xB6, 0x28, 0x01, 0x24, 0x01,
    0x20, 0x01, 0x1C, 0x01, 0x00, 0x80, 0xFE, 0xE8, 0xFE, 0xB6, 0x2D, 0x01, 0x00, 0x80, 0xFE, 0xE8,
    0xFE, 0xB6, 0x4E, 0x02, 0x00, 0x80, 0xFE, 0xE8, 0xFE, 0xB6, 0x01, 0x01, 0x08, 0x01, 0x10, 0x01,
    0x18, 0x01, 0x20, 0x01, 0x28, 0x01, 0x00, 0x80, 0x50, 0x52, 0x45, 0x53, 0x53, 0x20, 0x42, 0x55,
    0x54, 0x54, 0x4F, 0x4E, 0x20, 0x31, 0x20, 0x54, 0x4F, 0x20, 0x50, 0x4C, 0x41, 0x59, 0x80, 0x20,
    0x6D, 0x20, 0x20, 0x20, 0x20, 0x20, 0x6D, 0x20, 0x20, 0x20, 0x20, 0x20, 0x20, 0x80, 0x20, 0x6D,
    0x20, 0x20, 0x20, 0x20, 0x20, 0x6D, 0x20, 0x20, 0x6D, 0x20, 0x20, 0x20, 0x80, 0x20, 0x6D, 0x6D,
    0x20, 0x20, 0x20, 0x6D, 0x6D, 0x20, 0x20, 0x6D, 0x20, 0x6D, 0x20, 0x80, 0x20, 0x6D, 0x6D, 0x20,
    0x6D, 0x6D, 0x6D, 0x6D, 0x6D, 0x6D, 0x6D, 0x6D, 0x6D, 0x6D, 0x80, 0x6D, 0x6D, 0x6D, 0x6D, 0x6D,
    0x6D, 0x20, 0x6D, 0x6D, 0x6D, 0x6D, 0x6D, 0x6D, 0x6D, 0x80, 0x00, 0x18, 0xFA, 0xFF, 0xE8, 0x06,
    0xFF, 0x18, 0x06, 0x01, 0x00, 0x00, 0x04, 0xFF, 0x00, 0xF8, 0xFF, 0x0C, 0x00, 0xFF, 0x00, 0x08,
    0xFF, 0xFA, 0x00, 0xFF, 0x00, 0xF8, 0x01, 0x00, 0x00, 0x04, 0xFF, 0x00, 0xF8, 0xFF, 0x0C, 0x00,
    0xFF, 0x00, 0x08, 0x01, 0xFF, 0x10, 0x00, 0x00, 0xFC, 0xFC, 0xFF, 0x00, 0x08, 0x01, 0x00, 0x00,
    0xFC, 0xFF, 0x0A, 0x00, 0xFF, 0x02, 0x02, 0xFF, 0x00, 0x06, 0x01, 0xFF, 0x0C, 0x00, 0x00, 0x02,
    0x00, 0xFF, 0x02, 0x00, 0x01, 0x00, 0x00, 0xFC, 0xFF, 0x00, 0x08, 0xFF, 0x06, 0x00, 0xFF, 0x00,
    0xF8, 0xFF, 0x06, 0x00, 0xFF, 0x00, 0x08, 0x01, 0x20, 0x20, 0x20, 0x20, 0x20, 0x6D, 0x20, 0x20,
    0x6D, 0x6D, 0x6D, 0x20, 0x20, 0x20, 0x20, 0x20, 0x20, 0x20, 0x20, 0x20, 0x20, 0x6D, 0x20, 0x20,
    0x20, 0x6D, 0x6D, 0x20, 0x20, 0x6D, 0x20, 0x20, 0x20, 0x20, 0x20, 0x20, 0x20, 0x20, 0x20, 0x20,
    0x6D, 0x6D, 0x6D, 0x20, 0x20, 0x6D, 0x20, 0x20, 0x20, 0x20, 0x20, 0x20, 0x20, 0x6D, 0x20, 0x20,
    0x6D, 0x6D, 0x20, 0x20, 0x20, 0x6D, 0x20, 0x20, 0x20, 0x20, 0x20, 0x20, 0x20, 0x20, 0x20, 0x20,
    0x20, 0x6D, 0x6D, 0x20, 0x6D, 0x6D, 0x20, 0x20, 0x20, 0x20, 0x20, 0x20, 0x20, 0x6D, 0x20, 0x20,
    0x20, 0x6D, 0x6D, 0x20, 0x20, 0x20, 0x6D, 0x20, 0x20, 0x20, 0x20, 0x20, 0x20, 0x20, 0x20, 0x20,
    0x20, 0x6D, 0x6D, 0x20, 0x6D, 0x6D, 0x20, 0x20, 0x20, 0x20, 0x20, 0x20, 0x20, 0x6D, 0x20, 0x20,
    0x20, 0x6D, 0x6D, 0x20, 0x20, 0x20, 0x6D, 0x20, 0x20, 0x20, 0x20, 0x20, 0x20, 0x20, 0x20, 0x20,
    0x6D, 0x6D, 0x20, 0x20, 0x20, 0x6D, 0x6D, 0x20, 0x20, 0x20, 0x20, 0x20, 0x20, 0x20, 0x6D, 0x20,
    0x20, 0x6D, 0x6D, 0x20, 0x20, 0x6D, 0x20, 0x20, 0x20, 0x20, 0x20, 0x20, 0x20, 0x20, 0x20, 0x20,
    0x6D, 0x6D, 0x20, 0x20, 0x20, 0x6D, 0x6D, 0x20, 0x20, 0x20, 0x20, 0x20, 0x20, 0x20, 0x6D, 0x20,
    0x20, 0x6D, 0x6D, 0x20, 0x20, 0x6D, 0x20, 0x20, 0x20, 0x20, 0x20, 0x20, 0x20, 0x20, 0x20, 0x20,
    0x6D, 0x6D, 0x20, 0x20, 0x6D, 0x6D, 0x20, 0x20, 0x20, 0x20, 0x20, 0x20, 0x20, 0x20, 0x20, 0x20,
    0x6D, 0x6D, 0x20, 0x20, 0x6D, 0x6D, 0x20, 0x20, 0x20, 0x20, 0x20, 0x20, 0x20, 0x20, 0x20, 0x20,
    0x6D, 0x6D, 0x20, 0x20, 0x6D, 0x6D, 0x20, 0x20, 0x20, 0x20, 0x20, 0x20, 0x20, 0x20, 0x20, 0x20,
    0x6D, 0x6D, 0x20, 0x20, 0x6D, 0x6D, 0x20, 0x20, 0x20, 0x20, 0x20, 0x20, 0x20, 0x20, 0x20, 0x20,
    0x20, 0x20, 0x20, 0x20, 0x6D, 0x6D, 0x6D, 0x6D, 0x20, 0x20, 0x6D, 0x20, 0x20, 0x20, 0x6D, 0x20,
    0x20, 0x20, 0x6D, 0x20, 0x20, 0x20, 0x6D, 0x20, 0x20, 0x20, 0x20, 0x20, 0x20, 0x20, 0x20, 0x20,
    0x20, 0x20, 0x20, 0x20, 0x6D, 0x6D, 0x6D, 0x6D, 0x20, 0x20, 0x6D, 0x20, 0x20, 0x20, 0x6D, 0x20,
    0x20, 0x20, 0x6D, 0x20, 0x20, 0x20, 0x6D, 0x20, 0x20, 0x20, 0x20, 0x20, 0x20, 0x20, 0x20, 0x20,
    0x20, 0x20, 0x6D, 0x20, 0x6D, 0x6D, 0x6D, 0x20, 0x20, 0x20, 0x20, 0x20, 0x20, 0x6D, 0x20, 0x20,
    0x20, 0x6D, 0x20, 0x20, 0x20, 0x6D, 0x6D, 0x20, 0x20, 0x20, 0x20, 0x20, 0x20, 0x20, 0x20, 0x20,
    0x20, 0x6D, 0x6D, 0x6D, 0x20, 0x6D, 0x20, 0x20, 0x20, 0x20, 0x20, 0x20, 0x20, 0x6D, 0x6D, 0x20,
    0x20, 0x20, 0x6D, 0x20, 0x20, 0x20, 0x6D, 0x20, 0x20, 0x20, 0x20, 0x20, 0x20, 0x20, 0x20, 0x20,
    0x20, 0x6D, 0x20, 0x20, 0x20, 0x6D, 0x6D, 0x6D, 0x20, 0x20, 0x20, 0x20, 0x20, 0x6D, 0x6D, 0x20,
    0x20, 0x6D, 0x20, 0x20, 0x20, 0x6D, 0x20, 0x20, 0x20, 0x20, 0x20, 0x20, 0x20, 0x20, 0x20, 0x20,
    0x20, 0x6D, 0x6D, 0x6D, 0x20, 0x20, 0x20, 0x6D, 0x20, 0x20, 0x20, 0x20, 0x20, 0x20, 0x6D, 0x20,
    0x20, 0x20, 0x6D, 0x20, 0x20, 0x6D, 0x6D, 0x20, 0xBD, 0x3F, 0xC4, 0xCC, 0x80, 0x10, 0xBD, 0xF2,
    0xFC, 0xCE, 0xC8, 0xA0, 0xCC, 0xFE, 0x49, 0xFD, 0xC8, 0x2A, 0xBD, 0xF4, 0x95, 0xCC, 0x80, 0xAA,
    0xCE, 0x10, 0x44, 0xBD, 0xF3, 0x7A, 0xCC, 0x00, 0x00, 0xFD, 0xC9, 0x4D, 0xCC, 0xFC, 0x47, 0xFD,
    0xC8, 0x2A, 0xBD, 0xF1, 0x92, 0xFC, 0xC9, 0x4D, 0xFD, 0xC9, 0x30, 0xBD, 0x31, 0xC2, 0x8E, 0xC9,
    0x4D, 0xBD, 0xF3, 0x0C, 0xC6, 0x80, 0x8E, 0x39, 0x07, 0xBD, 0xF4, 0x0E, 0xBD, 0xF3, 0x54, 0xCE,
    0x33, 0x33, 0xBD, 0xF3, 0x8A, 0xBD, 0x3F, 0xD4, 0x7D, 0xC8, 0x12, 0x27, 0x03, 0x20, 0x2B, 0x12,
    0x7D, 0xC8, 0x15, 0x27, 0x1E, 0xB6, 0xC8, 0xFF, 0x81, 0x01, 0x27, 0x1C, 0x86, 0x01, 0xB7, 0xC8,
    0xFF, 0x7D, 0xC8, 0x13, 0x27, 0x0A, 0x7D, 0xC8, 0x14, 0x27, 0x02, 0x20, 0x03, 0x7E, 0x3A, 0xDC,
    0x7E, 0x00, 0x6E, 0x86, 0x00, 0xB7, 0xC8, 0xFF, 0x20, 0x81, 0xCC, 0x00, 0x00, 0xFD, 0xC8, 0xA0,
    0x8E, 0xC8, 0xA0, 0xBD, 0xF8, 0x4F, 0x8E, 0xC9, 0x00, 0x86, 0x00, 0xA7, 0x84, 0x30, 0x01, 0x8C,
    0xCA, 0xFF, 0x26, 0xF7, 0xCC, 0x00, 0x00, 0xFD, 0xC8, 0xA0, 0xFD, 0xC9, 0x60, 0x8E, 0xC8, 0xA0,
    0xBD, 0xF8, 0x4F, 0x8E, 0xC9, 0x60, 0xBD, 0xF8, 0x4F, 0xCC, 0x00, 0x01, 0x8E, 0xC9, 0x60, 0xBD,
    0xF8, 0x7C, 0x86, 0x14, 0xB7, 0xC9, 0x3F, 0x86, 0x03, 0xB7, 0xC9, 0x40, 0x86, 0x01, 0xB7, 0xC9,
    0x42, 0xB7, 0xC9, 0x3A, 0x86, 0x07, 0xB7, 0xC9, 0x44, 0x86, 0x04, 0xB7, 0xC9, 0x39, 0x86, 0x00,
    0xB7, 0xC9, 0x50, 0xBD, 0x37, 0xF4, 0xCC, 0x90, 0x00, 0xFD, 0xC9, 0x30, 0x86, 0x3F, 0xB7, 0xC9,
    0x32, 0xBD, 0xF5, 0x11, 0x44, 0x8B, 0xB0, 0xB7, 0xC9, 0x33, 0x86, 0x01, 0xB7, 0xC9, 0x34, 0x86,
    0x09, 0xB7, 0xC9, 0x35, 0x8E, 0xCA, 0x00, 0x86, 0x00, 0xA7, 0x84, 0x30, 0x01, 0x8C, 0xCA, 0x36,
    0x2B, 0xF7, 0xCC, 0x3A, 0x80, 0xFD, 0xCA, 0x80, 0xB6, 0xC9, 0x3F, 0xB7, 0xC9, 0x3B, 0x86, 0x00,
    0xB7, 0xC9, 0x3D, 0xB7, 0xC9, 0x3E, 0xCC, 0x78, 0x96, 0xFD, 0xC9, 0x46, 0x86, 0x00, 0xB7, 0xC9,
    0x41, 0xCC, 0x76, 0x64, 0xFD, 0xC9, 0x48, 0xCC, 0x96, 0xE0, 0xFD, 0xC9, 0x4B, 0xCC, 0x90, 0x20,
    0xFD, 0xC9, 0x4D, 0xCE, 0xFF, 0x44, 0x86, 0x01, 0xB7, 0xC8, 0x56, 0xBD, 0x32, 0x2C, 0x86, 0x00,
    0xB7, 0xC9, 0x4A, 0xB7, 0xC9, 0x51, 0xB7, 0xC9, 0x52, 0xBD, 0xF1, 0xAA, 0xCE, 0x3A, 0x5F, 0xBD,
    0xF2, 0x7D, 0xB6, 0xC9, 0x40, 0x81, 0x00, 0x26, 0x08, 0xCE, 0x3A, 0xAE, 0x86, 0x01, 0xB7, 0xC8,
    0x56, 0xB6, 0xC9, 0x40, 0x81, 0x00, 0x26, 0x06, 0xBD, 0xF1, 0xAF, 0xBD, 0xF6, 0x87, 0xBD, 0xF1,
    0xAA, 0xBD, 0xF1, 0x92, 0xB6, 0xC9, 0x40, 0x81, 0x00, 0x26, 0x03, 0xBD, 0xF2, 0x89, 0xBD, 0x38,
    0x08, 0xBD, 0x33, 0xA6, 0xB6, 0xC9, 0x40, 0x81, 0x00, 0x26, 0x1C, 0xCC, 0xFC, 0x47, 0xFD, 0xC8,
    0x2A, 0xCC, 0x00, 0xD4, 0xCE, 0x33, 0x29, 0xBD, 0xF3, 0x7A, 0x7C, 0xC9, 0x50, 0xB6, 0xC9, 0x50,
    0x81, 0xFF, 0x26, 0xBD, 0x7E, 0x2F, 0xBB, 0xBD, 0x31, 0xEA, 0xBD, 0x35, 0x97, 0xBD, 0x37, 0x7F,
    0xBD, 0x33, 0x6C, 0xBD, 0x36, 0xD4, 0xBD, 0x34, 0xC9, 0xB6, 0xC9, 0x4A, 0x81, 0xFF, 0x27, 0x3C,
    0xB6, 0xC9, 0x3D, 0x81, 0x01, 0x27, 0x02, 0x20, 0x98, 0x7C, 0xC9, 0x3E, 0xB6, 0xC9, 0x3E, 0x81,
    0x00, 0x26, 0x8E, 0x7C, 0xC9, 0x3F, 0x7C, 0xC9, 0x3F, 0x7C, 0xC9, 0x3A, 0xB6, 0xC9, 0x42, 0x81,
    0x04, 0x2A, 0x03, 0x7C, 0xC9, 0x42, 0xB6, 0xC9, 0x44, 0x81, 0x01, 0x2A, 0x03, 0x7A, 0xC9, 0x44,
    0xCC, 0x00, 0x01, 0x8E, 0xC9, 0x60, 0xBD, 0xF8, 0x7C, 0x7E, 0x30, 0x93, 0x7A, 0xC9, 0x40, 0x7E,
    0x30, 0x93, 0x86, 0x60, 0xBD, 0xF2, 0xAB, 0x8E, 0xC9, 0x30, 0xBD, 0xF3, 0x0C, 0xC6, 0x80, 0x8E,
    0x38, 0x98, 0xBD, 0xF4, 0x0E, 0xBD, 0xF3, 0x54, 0x8E, 0xC9, 0x30, 0xBD, 0xF3, 0x0C, 0xC6, 0x80,
    0x8E, 0x38, 0xB7, 0xBD, 0xF4, 0x0E, 0xBD, 0xF3, 0x54, 0x39, 0xB6, 0xC9, 0x4F, 0x81, 0x00, 0x26,
    0x01, 0x39, 0xBD, 0xF1, 0xAA, 0xCC, 0x01, 0x00, 0xBD, 0xF2, 0x56, 0x86, 0x00, 0xF6, 0xC9, 0x4F,
    0xBD, 0xF2, 0x56, 0xB6, 0xC9, 0x4F, 0x80, 0x16, 0xB7, 0xC9, 0x4F, 0xB6, 0xC9, 0x4F, 0x81, 0x00,
    0x2A, 0x02, 0x20, 0x17, 0x81, 0x10, 0x2B, 0x02, 0x20, 0x11, 0x86, 0x00, 0xB7, 0xC9, 0x4F, 0xCC,
    0x00, 0x00, 0xBD, 0xF2, 0x56, 0xCC, 0x01, 0x00, 0xBD, 0xF2, 0x56, 0x39, 0xB6, 0xC9, 0x40, 0x81,
    0x00, 0x26, 0x01, 0x39, 0xBD, 0xF1, 0xAF, 0xBD, 0xF6, 0x87, 0xBD, 0xF1, 0x92, 0xBD, 0xF2, 0x89,
    0xBD, 0xF1, 0xAA, 0xBD, 0x38, 0x08, 0xBD, 0xF2, 0xA9, 0xCC, 0xFC, 0x47, 0xFD, 0xC8, 0x2A, 0xCE,
    0x33, 0x05, 0xCC, 0x10, 0xC8, 0xBD, 0xF3, 0x7A, 0xCE, 0x33, 0x11, 0xCC, 0x00, 0xB8, 0xBD, 0xF3,
    0x7A, 0xCC, 0x00, 0xF4, 0xBD, 0xF2, 0xFC, 0xCE, 0xC9, 0x60, 0xBD, 0xF4, 0x95, 0xFC, 0xC9, 0x4D,
    0xFD, 0xC9, 0x30, 0xBD, 0x31, 0xC2, 0x8E, 0xC9, 0x4D, 0xBD, 0xF3, 0x0C, 0xC6, 0x80, 0x8E, 0x39,
    0x07, 0xBD, 0xF4, 0x0E, 0xBD, 0xF3, 0x54, 0x86, 0x60, 0xBD, 0xF2, 0xAB, 0x8E, 0xC9, 0x4B, 0xBD,
    0xF3, 0x0C, 0xC6, 0x80, 0x8E, 0x38, 0x98, 0xBD, 0xF4, 0x0E, 0xBD, 0xF3, 0x54, 0x8E, 0xC9, 0x4B,
    0xBD, 0xF3, 0x0C, 0xC6, 0x80, 0x8E, 0x38, 0xB7, 0xBD, 0xF4, 0x0E, 0xBD, 0xF3, 0x54, 0x8E, 0xC9,
    0x4B, 0xBD, 0xF3, 0x0C, 0xC6, 0x80, 0x8E, 0x39, 0xD9, 0xBD, 0xF4, 0x0E, 0xBD, 0xF3, 0x54, 0x8E,
    0xC9, 0x4B, 0xBD, 0xF3, 0x0C, 0xC6, 0x80, 0x8E, 0x39, 0xEC, 0xBD, 0xF4, 0x0E, 0xBD, 0xF3, 0x54,
    0x86, 0x38, 0xBD, 0xF2, 0xAB, 0x8E, 0xC9, 0x4B, 0xBD, 0xF3, 0x0C, 0xC6, 0x80, 0x8E, 0x3A, 0x05,
    0xBD, 0xF4, 0x0E, 0xBD, 0xF3, 0x54, 0x8E, 0xC9, 0x4B, 0xBD, 0xF3, 0x0C, 0xC6, 0x80, 0x8E, 0x3A,
    0x2A, 0xBD, 0xF4, 0x0E, 0xBD, 0xF3, 0x54, 0x7C, 0xC9, 0x41, 0xB6, 0xC9, 0x41, 0x81, 0x00, 0x27,
    0x03, 0x7E, 0x32, 0x2C, 0x39, 0x47, 0x45, 0x54, 0x20, 0x52, 0x45, 0x41, 0x44, 0x59, 0x20, 0x80,
    0x00, 0x46, 0x4F, 0x52, 0x20, 0x4C, 0x45, 0x56, 0x45, 0x4C, 0x20, 0x20, 0x20, 0x20, 0x21, 0x80,
    0x00, 0x4F, 0x48, 0x20, 0x4E, 0x4F, 0x20, 0x21, 0x80, 0x47, 0x41, 0x4D, 0x45, 0x20, 0x4F, 0x56,
    0x45, 0x52, 0x80, 0x4F, 0xB6, 0x20, 0x20, 0x20, 0x20, 0x53, 0x50, 0x49, 0x4B, 0x45, 0x27, 0x53,
    0x80, 0x3F, 0xBC, 0x57, 0x41, 0x54, 0x45, 0x52, 0x20, 0x42, 0x41, 0x4C, 0x4C, 0x4F, 0x4F, 0x4E,
    0x53, 0x80, 0x90, 0x92, 0x50, 0x52, 0x45, 0x53, 0x53, 0x20, 0x42, 0x55, 0x54, 0x54, 0x4F, 0x4E,
    0x20, 0x31, 0x20, 0x54, 0x4F, 0x20, 0x50, 0x4C, 0x41, 0x59, 0x80, 0x00, 0xBD, 0x33, 0x85, 0xB6,
    0xC9, 0x3B, 0x81, 0x00, 0x27, 0x01, 0x39, 0xB6, 0xC9, 0x3C, 0x81, 0x00, 0x27, 0x01, 0x39, 0x86,
    0x01, 0xB7, 0xC9, 0x3D, 0x39, 0xB6, 0xC9, 0x3A, 0x81, 0x03, 0x2A, 0x09, 0xBD, 0xF5, 0x11, 0x44,
    0x81, 0x40, 0x2B, 0x01, 0x39, 0x7C, 0xC9, 0x43, 0xB6, 0xC9, 0x43, 0xB1, 0xC9, 0x44, 0x26, 0x05,
    0x86, 0x00, 0xB7, 0xC9, 0x43, 0x39, 0x8E, 0xCA, 0x80, 0xBD, 0xF3, 0x0C, 0x86, 0x50, 0xBD, 0xF2,
    0xAB, 0xCC, 0x00, 0x7F, 0xBD, 0xF3, 0xDF, 0xCC, 0x00, 0x7F, 0xBD, 0xF3, 0xDF, 0xBD, 0xF3, 0x54,
    0x86, 0x60, 0xBD, 0xF2, 0xAB, 0x8E, 0xC9, 0x46, 0xBD, 0xF3, 0x0C, 0xC6, 0x70, 0x8E, 0x38, 0x98,
    0xBD, 0xF4, 0x0E, 0xBD, 0xF3, 0x54, 0x8E, 0xC9, 0x46, 0xBD, 0xF3, 0x0C, 0xC6, 0x70, 0x8E, 0x38,
    0xB7, 0xBD, 0xF4, 0x0E, 0xBD, 0xF3, 0x54, 0x8E, 0xC9, 0x46, 0xBD, 0xF3, 0x0C, 0xC6, 0x70, 0x8E,
    0x39, 0xD9, 0xBD, 0xF4, 0x0E, 0xBD, 0xF3, 0x54, 0x8E, 0xC9, 0x46, 0xBD, 0xF3, 0x0C, 0xC6, 0x70,
    0x8E, 0x39, 0xEC, 0xBD, 0xF4, 0x0E, 0xBD, 0xF3, 0x54, 0x8E, 0xC9, 0x46, 0xBD, 0xF3, 0x0C, 0xC6,
    0x70, 0x8E, 0x3A, 0x05, 0xBD, 0xF4, 0x0E, 0xBD, 0xF3, 0x54, 0x8E, 0xC9, 0x46, 0xBD, 0xF3, 0x0C,
    0xC6, 0x70, 0x8E, 0x3A, 0x2A, 0xBD, 0xF4, 0x0E, 0xBD, 0xF3, 0x54, 0xBD, 0x31, 0xC2, 0x8E, 0xC9,
    0x30, 0xBD, 0xF3, 0x0C, 0xC6, 0x80, 0x8E, 0x39, 0x51, 0xB6, 0xC9, 0x51, 0x81, 0x00, 0x26, 0x1B,
    0x8E, 0x38, 0xE2, 0xB6, 0xC9, 0x45, 0x81, 0x00, 0x27, 0x11, 0x8E, 0x39, 0x07, 0x81, 0x01, 0x27,
    0x0A, 0x8E, 0x39, 0x2C, 0x81, 0x02, 0x27, 0x03, 0x8E, 0x39, 0x07, 0xBD, 0xF4, 0x0E, 0xBD, 0xF3,
    0x54, 0xB6, 0xC9, 0x51, 0x81, 0x00, 0x27, 0x0F, 0x7C, 0xC9, 0x51, 0xB6, 0xC9, 0x51, 0x81, 0x05,
    0x26, 0x05, 0x86, 0x00, 0xB7, 0xC9, 0x51, 0x86, 0x60, 0xBD, 0xF2, 0xAB, 0x8E, 0xC9, 0x32, 0xBD,
    0xF3, 0x0C, 0xC6, 0x80, 0x8E, 0x39, 0x76, 0xBD, 0xF4, 0x0E, 0xBD, 0xF3, 0x54, 0x8E, 0xC9, 0x32,
    0xBD, 0xF3, 0x0C, 0xC6, 0x80, 0x8E, 0x39, 0x8C, 0xBD, 0xF4, 0x0E, 0xBD, 0xF3, 0x54, 0x8E, 0xC9,
    0x32, 0xBD, 0xF3, 0x0C, 0xC6, 0x80, 0x8E, 0x39, 0xB4, 0xBD, 0xF4, 0x0E, 0xBD, 0xF3, 0x54, 0xB6,
    0xC9, 0x4A, 0x81, 0x00, 0x27, 0x12, 0xCC, 0xFC, 0x47, 0xFD, 0xC8, 0x2A, 0x7C, 0xC9, 0x4A, 0xCC,
    0x7D, 0xAA, 0xCE, 0x33, 0x21, 0xBD, 0xF3, 0x7A, 0x39, 0xB6, 0xC9, 0x4A, 0x81, 0x00, 0x27, 0x01,
    0x39, 0xB6, 0xC9, 0x3B, 0x81, 0x00, 0x26, 0x01, 0x39, 0xB6, 0xC9, 0x34, 0x81, 0x02, 0x27, 0x2E,
    0x81, 0x01, 0x27, 0x02, 0x20, 0x4E, 0xB6, 0xC9, 0x33, 0xBB, 0xC9, 0x42, 0xB7, 0xC9, 0x33, 0xB6,
    0xC9, 0x33, 0x81, 0x7B, 0x2A, 0x02, 0x20, 0x3C, 0x81, 0x7F, 0x2B, 0x02, 0x20, 0x36, 0x86, 0x02,
    0xB7, 0xC9, 0x34, 0xB6, 0xC9, 0x33, 0xB0, 0xC9, 0x42, 0xB7, 0xC9, 0x33, 0x20, 0x26, 0xB6, 0xC9,
    0x33, 0xB0, 0xC9, 0x42, 0xB7, 0xC9, 0x33, 0xB6, 0xC9, 0x33, 0x81, 0x80, 0x2A, 0x02, 0x20, 0x14,
    0x81, 0x84, 0x2B, 0x02, 0x20, 0x0E, 0x86, 0x01, 0xB7, 0xC9, 0x34, 0xB6, 0xC9, 0x33, 0xBB, 0xC9,
    0x42, 0xB7, 0xC9, 0x33, 0x7A, 0xC9, 0x35, 0xB6, 0xC9, 0x35, 0x81, 0x00, 0x27, 0x01, 0x39, 0xB6,
    0xC9, 0x3B, 0x81, 0x00, 0x27, 0x06, 0x7A, 0xC9, 0x3B, 0xBD, 0x35, 0x71, 0x86, 0x08, 0xBB, 0xC9,
    0x43, 0xF6, 0xC9, 0x3A, 0xC1, 0x03, 0x2A, 0x02, 0x8B, 0x0A, 0xB7, 0xC9, 0x35, 0xBD, 0xF5, 0x11,
    0x44, 0x81, 0x40, 0x2A, 0x06, 0x86, 0x01, 0xB7, 0xC9, 0x34, 0x39, 0x86, 0x02, 0xB7, 0xC9, 0x34,
    0x39, 0xBD, 0xF1, 0xAA, 0xCE, 0x3A, 0x9B, 0xBD, 0xF2, 0x7D, 0x8E, 0xCA, 0x00, 0xA6, 0x02, 0x81,
    0x00, 0x27, 0x08, 0x30, 0x03, 0x8C, 0xCA, 0x36, 0x2B, 0xF3, 0x39, 0xFC, 0xC9, 0x32, 0x80, 0x10,
    0xED, 0x84, 0x86, 0x01, 0xA7, 0x02, 0x39, 0x8E, 0xCA, 0x00, 0x86, 0x00, 0xB7, 0xC9, 0x3C, 0xA6,
    0x02, 0x81, 0x00, 0x26, 0x08, 0x30, 0x03, 0x8C, 0xCA, 0x36, 0x2B, 0xF3, 0x39, 0x7C, 0xC9, 0x3C,
    0x34, 0x10, 0xBD, 0xF3, 0x0C, 0x8E, 0x3A, 0x3D, 0xC6, 0x25, 0xBD, 0xF4, 0x0E, 0xBD, 0xF3, 0x54,
    0x35, 0x10, 0xA6, 0x02, 0x81, 0x02, 0x2B, 0x03, 0x7E, 0x36, 0x97, 0xB6, 0xC9, 0x4A, 0x81, 0x00,
    0x26, 0x17, 0x6A, 0x84, 0xB6, 0xC9, 0x3A, 0x81, 0x03, 0x2B, 0x0E, 0x81, 0x06, 0x2B, 0x08, 0x81,
    0x09, 0x2B, 0x02, 0x6A, 0x84, 0x6A, 0x84, 0x6A, 0x84, 0xEC, 0x84, 0x80, 0x14, 0xFD, 0xC9, 0x36,
    0x34, 0x10, 0xBE, 0xC9, 0x36, 0x10, 0xBE, 0xC9, 0x30, 0xCC, 0x04, 0x0D, 0xBD, 0xF8, 0xFF, 0x35,
    0x10, 0x25, 0x0A, 0xB6, 0xC9, 0x51, 0x81, 0x00, 0x27, 0x1C, 0x20, 0x46, 0x12, 0x86, 0xFF, 0xB7,
    0xC9, 0x4F, 0xBD, 0x37, 0xC3, 0x34, 0x10, 0xCC, 0x00, 0x01, 0x8E, 0xC8, 0xA0, 0xBD, 0xF8, 0x7C,
    0x35, 0x10, 0x86, 0x00, 0xA7, 0x02, 0xA6, 0x84, 0x81, 0x80, 0x2A, 0x03, 0x7E, 0x35, 0xA5, 0x81,
    0x85, 0x2B, 0x03, 0x7E, 0x35, 0xA5, 0xBD, 0x37, 0xC3, 0x86, 0x00, 0xA7, 0x02, 0x86, 0x01, 0xB7,
    0xC9, 0x4A, 0x34, 0x10, 0xBD, 0xF1, 0xAA, 0xCE, 0x3A, 0x7C, 0xBD, 0xF2, 0x7D, 0x35, 0x10, 0x7E,
    0x35, 0xA5, 0xEC, 0x84, 0xC0, 0x14, 0xFD, 0xC9, 0x36, 0x34, 0x10, 0xBE, 0xC9, 0x36, 0x10, 0xBE,
    0xC9, 0x30, 0xCC, 0x08, 0x0A, 0xBD, 0xF8, 0xFF, 0x35, 0x10, 0x25, 0x03, 0x20, 0x07, 0x12, 0x86,
    0x03, 0xA7, 0x02, 0x20, 0xB1, 0xEC, 0x84, 0xCB, 0x14, 0xFD, 0xC9, 0x36, 0x34, 0x10, 0xBE, 0xC9,
    0x36, 0x10, 0xBE, 0xC9, 0x30, 0xCC, 0x08, 0x0A, 0xBD, 0xF8, 0xFF, 0x35, 0x10, 0x25, 0x02, 0x20,
    0x95, 0x86, 0x02, 0xA7, 0x02, 0x20, 0x8F, 0x81, 0x03, 0x27, 0x10, 0x6A, 0x01, 0xA6, 0x01, 0x81,
    0x80, 0x27, 0x04, 0x81, 0x81, 0x26, 0x16, 0x86, 0x03, 0xA7, 0x02, 0x6C, 0x01, 0xA6, 0x01, 0x81,
    0x7F, 0x27, 0x04, 0x81, 0x7E, 0x26, 0x06, 0x86, 0x02, 0xA7, 0x02, 0x6A, 0x01, 0x6C, 0x84, 0x6C,
    0x84, 0x6C, 0x84, 0xA6, 0x84, 0x81, 0x2C, 0x2B, 0x08, 0x81, 0x2F, 0x2A, 0x04, 0x86, 0x01, 0xA7,
    0x02, 0x7E, 0x35, 0xA5, 0xBD, 0x3F, 0xD4, 0x7D, 0xC8, 0x12, 0x27, 0x07, 0x86, 0x04, 0xB7, 0xC9,
    0x39, 0x20, 0x18, 0x7D, 0xC8, 0x13, 0x27, 0x07, 0x86, 0x05, 0xB7, 0xC9, 0x39, 0x20, 0x0C, 0x7D,
    0xC8, 0x14, 0x27, 0x07, 0x86, 0x06, 0xB7, 0xC9, 0x39, 0x20, 0x00, 0x7D, 0xC8, 0x15, 0x27, 0x11,
    0xB6, 0xC9, 0x52, 0x81, 0x01, 0x27, 0x0F, 0x86, 0x01, 0xB7, 0xC9, 0x52, 0xB7, 0xC9, 0x51, 0x20,
    0x05, 0x86, 0x00, 0xB7, 0xC9, 0x52, 0xBD, 0x37, 0xE6, 0xB6, 0xC8, 0x1B, 0x81, 0x00, 0x27, 0x4E,
    0x81, 0x00, 0x2B, 0x05, 0x81, 0x00, 0x2A, 0x24, 0x39, 0xBD, 0x37, 0x6F, 0xB6, 0xC9, 0x31, 0xB0,
    0xC9, 0x39, 0xB7, 0xC9, 0x31, 0xB6, 0xC9, 0x31, 0x81, 0x85, 0x2B, 0x01, 0x39, 0x81, 0x80, 0x2A,
    0x01, 0x39, 0xB6, 0xC9, 0x31, 0xBB, 0xC9, 0x39, 0xB7, 0xC9, 0x31, 0x39, 0xBD, 0x37, 0x6F, 0xB6,
    0xC9, 0x31, 0xBB, 0xC9, 0x39, 0xB7, 0xC9, 0x31, 0xB6, 0xC9, 0x31, 0x81, 0x7A, 0x2A, 0x01, 0x39,
    0x81, 0x7F, 0x2B, 0x01, 0x39, 0xB6, 0xC9, 0x31, 0xB0, 0xC9, 0x39, 0xB7, 0xC9, 0x31, 0x39, 0x7C,
    0xC9, 0x45, 0xB6, 0xC9, 0x45, 0x81, 0x04, 0x26, 0x05, 0x86, 0x00, 0xB7, 0xC9, 0x45, 0x39, 0xBD,
    0xF2, 0xA9, 0x8E, 0xCA, 0xF0, 0xA6, 0x02, 0x81, 0x00, 0x26, 0x08, 0x30, 0x03, 0x8C, 0xCA, 0xFC,
    0x26, 0xF3, 0x39, 0x34, 0x10, 0xEC, 0x84, 0xFD, 0xC9, 0x4B, 0x8E, 0xC9, 0x4B, 0xBD, 0xF3, 0x0C,
    0x35, 0x10, 0xE6, 0x02, 0x34, 0x10, 0x8E, 0x38, 0x79, 0xBD, 0xF4, 0x0E, 0xBD, 0xF3, 0x54, 0x35,
    0x10, 0xA6, 0x02, 0x8B, 0x0C, 0xA7, 0x02, 0xA6, 0x02, 0x81, 0x7F, 0x2B, 0x04, 0x86, 0x00, 0xA7,
    0x02, 0x20, 0xC8, 0x34, 0x10, 0x8E, 0xCA, 0xF0, 0xA6, 0x02, 0x81, 0x00, 0x27, 0x0A, 0x30, 0x03,
    0x8C, 0xCA, 0xFC, 0x26, 0xF3, 0x35, 0x10, 0x39, 0xFC, 0xC9, 0x36, 0x8B, 0x14, 0xED, 0x84, 0x86,
    0x02, 0xA7, 0x02, 0x35, 0x10, 0x39, 0x86, 0x4F, 0xB7, 0xC8, 0x23, 0x86, 0x00, 0xB7, 0xC8, 0x1A,
    0xBD, 0xF1, 0xF8, 0x39, 0xBD, 0xF1, 0xAF, 0x8E, 0xC8, 0x1F, 0x86, 0x01, 0xA7, 0x80, 0x86, 0x00,
    0xA7, 0x80, 0x4F, 0xA7, 0x80, 0xA7, 0x80, 0x39, 0x86, 0x50, 0xBD, 0xF2, 0xAB, 0xCC, 0x7F, 0x4A,
    0xBD, 0xF2, 0xFC, 0xCE, 0xC8, 0xA0, 0xCC, 0xFD, 0x48, 0xFD, 0xC8, 0x2A, 0xBD, 0xF4, 0x95, 0xBD,
    0xF3, 0x54, 0xBE, 0xC9, 0x48, 0x86, 0x1A, 0xF6, 0xC9, 0x40, 0xBD, 0xF3, 0x93, 0xBD, 0xF3, 0x54,
    0x39, 0x00, 0x00, 0xF4, 0xFF, 0x00, 0x18, 0xFF, 0xFA, 0x00, 0xFF, 0x00, 0xE8, 0xFF, 0x05, 0x00,
    0x01, 0xFF, 0x3C, 0x1E, 0xFF, 0xE2, 0x0F, 0xFF, 0xC4, 0x00, 0xFF, 0xE2, 0xF1, 0xFF, 0x00, 0xC4,
    0xFF, 0x1E, 0xF1, 0xFF, 0x3C, 0x00, 0xFF, 0x1E, 0x0F, 0xFF, 0xC4, 0x1E, 0x01, 0x00, 0x14, 0x28,
    0xFF, 0x14, 0xEC, 0xFF, 0x00, 0xD8, 0xFF, 0xEC, 0xEC, 0xFF, 0xD8, 0x00, 0xFF, 0xEC, 0x14, 0xFF,
    0x00, 0x28, 0xFF, 0x14, 0x14, 0xFF, 0x28, 0x00, 0x01, 0x00, 0x06, 0xFA, 0xFF, 0x00, 0x00, 0x00,
    0xFE, 0x0C, 0xFF, 0x00, 0x00, 0x00, 0xFA, 0x02, 0xFF, 0x00, 0x00, 0x00, 0x00, 0xF6, 0xFF, 0x00,
    0x00, 0x00, 0xFE, 0xFC, 0xFF, 0x00, 0x00, 0x01, 0xFF, 0x06, 0x04, 0xFF, 0x02, 0x08, 0xFF, 0x06,
    0xFA, 0xFF, 0x06, 0xFE, 0xFF, 0xFA, 0xFC, 0xFF, 0x06, 0xFC, 0xFF, 0xFA, 0xFE, 0xFF, 0xFA, 0xFA,
    0xFF, 0xFC, 0x08, 0xFF, 0xF9, 0x05, 0x01, 0x00, 0x04, 0x00, 0xFF, 0x04, 0x04, 0xFF, 0x00, 0x02,
    0x00, 0x00, 0xFE, 0xFF, 0x02, 0x00, 0x00, 0xFA, 0xFC, 0xFF, 0x04, 0xFC, 0xFF, 0x00, 0xFE, 0x00,
    0x00, 0x02, 0xFF, 0x02, 0x00, 0x00, 0x02, 0x02, 0xFF, 0x00, 0x00, 0x00, 0x00, 0x04, 0xFF, 0x00,
    0x00, 0x01, 0x00, 0x06, 0xFC, 0xFF, 0xFC, 0xFE, 0xFF, 0xFC, 0x02, 0xFF, 0xFC, 0xFC, 0xFF, 0x00,
    0x08, 0xFF, 0x04, 0xFC, 0x00, 0x00, 0x08, 0xFF, 0xFC, 0xFC, 0xFF, 0x00, 0x08, 0xFF, 0x04, 0xFC,
    0xFF, 0x04, 0x02, 0xFF, 0x06, 0xFE, 0x01, 0x00, 0x06, 0xFC, 0xFF, 0xFC, 0xFC, 0xFF, 0xFA, 0x02,
    0xFF, 0xFC, 0xFC, 0xFF, 0x00, 0x08, 0xFF, 0x04, 0xFC, 0x00, 0x00, 0x0C, 0xFF, 0xFC, 0xFC, 0xFF,
    0x00, 0x08, 0xFF, 0x04, 0xFC, 0xFF, 0x06, 0x02, 0xFF, 0x04, 0xFC, 0x01, 0x00, 0x06, 0xFC, 0xFF,
    0xFC, 0xFA, 0xFF, 0xFA, 0x00, 0xFF, 0xFC, 0xFC, 0xFF, 0x00, 0x08, 0xFF, 0x04, 0xFC, 0x00, 0x00,
    0x14, 0xFF, 0xFC, 0xFC, 0xFF, 0x00, 0x08, 0xFF, 0x04, 0xFC, 0xFF, 0x06, 0x00, 0xFF, 0x04, 0xFA,
    0x01, 0x00, 0x06, 0xFC, 0xFF, 0xFC, 0xFA, 0xFF, 0x02, 0xFA, 0xFF, 0x00, 0xFC, 0xFF, 0x04, 0x04,
    0xFF, 0xFC, 0x00, 0x00, 0x02, 0x14, 0xFF, 0xFC, 0x06, 0xFF, 0x02, 0x06, 0xFF, 0x04, 0x00, 0xFF,
    0xFC, 0x04, 0xFF, 0x00, 0xFC, 0x01, 0xFF, 0x00, 0xFC, 0xFF, 0x14, 0xFC, 0xFF, 0x04, 0x04, 0xFF,
    0x00, 0x08, 0xFF, 0xFC, 0x04, 0xFF, 0xEC, 0xFC, 0xFF, 0x00, 0xFC, 0x01, 0x00, 0x0A, 0xFE, 0xFF,
    0xFC, 0x00, 0xFF, 0x04, 0xFE, 0xFF, 0x00, 0x08, 0xFF, 0xFC, 0xFE, 0xFF, 0x04, 0x00, 0x00, 0x08,
    0x00, 0xFF, 0x00, 0x00, 0x00, 0x00, 0xFC, 0xFF, 0x00, 0x00, 0x00, 0x04, 0xFE, 0xFF, 0xFC, 0x04,
    0xFF, 0x04, 0x04, 0x01, 0x00, 0x04, 0xF4, 0xFF, 0xFC, 0x00, 0xFF, 0x02, 0xFE, 0xFF, 0x02, 0x02,
    0xFF, 0x06, 0x02, 0xFF, 0x02, 0x04, 0x00, 0x00, 0x0C, 0xFF, 0xFE, 0x04, 0xFF, 0xFA, 0x04, 0xFF,
    0xFC, 0x00, 0xFF, 0x02, 0x02, 0xFF, 0x02, 0xFE, 0x01, 0x00, 0x06, 0xFC, 0xFF, 0xF4, 0xFC, 0xFF,
    0x00, 0x10, 0xFF, 0x0C, 0xFC, 0x00, 0xF8, 0x02, 0xFF, 0x00, 0xF4, 0x01, 0x00, 0xFA, 0xFE, 0xFF,
    0xFA, 0x00, 0xFF, 0x00, 0xFC, 0xFF, 0x04, 0x04, 0x00, 0x02, 0x04, 0xFF, 0xFA, 0x00, 0xFF, 0x00,
    0x04, 0xFF, 0x04, 0xFC, 0x01, 0x00, 0x14, 0xFE, 0xFF, 0x00, 0xFC, 0xFF, 0x02, 0x00, 0xFF, 0xFE,
    0x02, 0xFF, 0x02, 0x02, 0xFF, 0xFE, 0x00, 0x00, 0xF8, 0x00, 0xFF, 0x00, 0xFE, 0x00, 0x00, 0x02,
    0xFF, 0x02, 0x00, 0x00, 0xFE, 0x00, 0xFF, 0x02, 0xFE, 0x01, 0x00, 0x0D, 0x02, 0xFF, 0x00, 0x02,
    0xFF, 0x00, 0xFE, 0xFF, 0x02, 0x00, 0xFF, 0xFE, 0x00, 0xFF, 0x02, 0x02, 0x01, 0x00, 0x08, 0x00,
    0xFF, 0xFC, 0xF6, 0xFF, 0xF6, 0x00, 0xFF, 0xFC, 0x06, 0xFF, 0x00, 0x08, 0xFF, 0x04, 0x06, 0xFF,
    0x0A, 0x00, 0xFF, 0x04, 0xF6, 0xFF, 0x04, 0xFC, 0xFF, 0x00, 0x08, 0xFF, 0xFC, 0xFC, 0x01, 0x00,
    0x00, 0x01, 0x00, 0x02, 0x00, 0x03, 0x00, 0x04, 0x00, 0x05, 0x00, 0x07, 0x1C, 0x08, 0x0F, 0x09,
    0x0F, 0x0A, 0x10, 0x0B, 0x10, 0x0C, 0x10, 0x0D, 0x00, 0x0E, 0x20, 0xFF, 0x00, 0x00, 0x01, 0x00,
    0x02, 0x00, 0x03, 0x00, 0x04, 0x00, 0x05, 0x00, 0x06, 0x7F, 0x07, 0x1C, 0x08, 0x0F, 0x09, 0x0F,
    0x0A, 0x10, 0x0B, 0x10, 0x0C, 0x10, 0x0D, 0x00, 0x0E, 0x20, 0xFF, 0x06, 0x10, 0x07, 0x1C, 0x08,
    0x0F, 0x09, 0x0F, 0x0A, 0x10, 0x0B, 0x10, 0x0C, 0x10, 0x0D, 0x00, 0x0E, 0x20, 0xFF, 0xFE, 0x28,
    0xFE, 0xB6, 0x1D, 0x08, 0x1F, 0x04, 0x1D, 0x08, 0x1C, 0x04, 0x1D, 0x0E, 0x05, 0x08, 0x07, 0x04,
    0x05, 0x08, 0x04, 0x04, 0x05, 0x0C, 0x1D, 0x0C, 0x1A, 0x0C, 0x25, 0x02, 0x2D, 0x02, 0x25, 0x02,
    0x2D, 0x02, 0x25, 0x02, 0x2D, 0x02, 0x25, 0x02, 0x2D, 0x32, 0x2D, 0x80, 0xBD, 0x3F, 0xC4, 0x7E,
    0x3D, 0x1D, 0x86, 0x00, 0x8E, 0xC9, 0x00, 0xA7, 0x84, 0x30, 0x01, 0x8C, 0xCA, 0xFF, 0x26, 0xF7,
    0x86, 0x17, 0xB7, 0xC9, 0x30, 0xCC, 0x3F, 0x90, 0xFD, 0xC9, 0x36, 0xCC, 0x00, 0x00, 0xFD, 0xC9,
    0x00, 0x8E, 0xC9, 0x00, 0xBD, 0xF8, 0x4F, 0xCC, 0x01, 0x01, 0xFD, 0xC9, 0x32, 0xFD, 0xC9, 0x34,
    0xCE, 0xFF, 0x44, 0x86, 0x01, 0xB7, 0xC8, 0x56, 0xBD, 0xF1, 0xAF, 0xBD, 0xF6, 0x87, 0xBD, 0xF1,
    0x92, 0xBD, 0xF2, 0x89, 0xBE, 0xC9, 0x3E, 0x8C, 0x01, 0xFF, 0x2B, 0x02, 0x20, 0xAE, 0xB6, 0xC9,
    0x3D, 0x81, 0x00, 0x27, 0x02, 0x20, 0xAB, 0xBD, 0x3C, 0x0D, 0xB6, 0xC9, 0x3A, 0x81, 0x00, 0x26,
    0x05, 0xBD, 0x3C, 0x8C, 0x20, 0xD2, 0xBD, 0x3B, 0x4B, 0x20, 0xCD, 0xB6, 0xC9, 0x3A, 0x81, 0x01,
    0x26, 0x07, 0xB6, 0xC9, 0x30, 0x81, 0x01, 0x27, 0x6A, 0xB6, 0xC9, 0x3A, 0x81, 0x7F, 0x27, 0x02,
    0x20, 0x39, 0x8E, 0x3B, 0xF6, 0xF6, 0xC9, 0x30, 0xA6, 0x84, 0x30, 0x01, 0x5A, 0xC1, 0x00, 0x26,
    0xF7, 0xB7, 0xC9, 0x3B, 0x81, 0x00, 0x27, 0x0C, 0x81, 0x01, 0x27, 0x10, 0x81, 0x02, 0x27, 0x08,
    0xC6, 0x02, 0x20, 0x0B, 0xC6, 0x03, 0x20, 0x07, 0xC6, 0x01, 0x20, 0x03, 0xBD, 0x3B, 0xD5, 0xF7,
    0xC9, 0x3C, 0xB6, 0xC9, 0x30, 0xB0, 0xC9, 0x3C, 0xB7, 0xC9, 0x30, 0x7C, 0xC9, 0x3A, 0xCE, 0x3D,
    0xEA, 0xB6, 0xC9, 0x3A, 0x81, 0x7F, 0x2B, 0x14, 0xCE, 0x3D, 0xF5, 0xB6, 0xC9, 0x3C, 0x81, 0x01,
    0x27, 0x0A, 0xCE, 0x3E, 0x09, 0x81, 0x02, 0x27, 0x03, 0xCE, 0x3E, 0x1F, 0xCC, 0x00, 0x90, 0xBD,
    0xF3, 0x7A, 0x39, 0xCE, 0x3E, 0x35, 0xCC, 0x00, 0x90, 0xBD, 0xF3, 0x7A, 0xBE, 0xC9, 0x3E, 0x30,
    0x01, 0xBF, 0xC9, 0x3E, 0x39, 0x86, 0x01, 0xB7, 0xC9, 0x31, 0xBD, 0xF5, 0x11, 0x81, 0x0A, 0x2B,
    0x11, 0x7C, 0xC9, 0x31, 0xB6, 0xC9, 0x31, 0x81, 0x04, 0x26, 0xEF, 0x86, 0x01, 0xB7, 0xC9, 0x31,
    0x20, 0xE8, 0xF6, 0xC9, 0x31, 0x39, 0x01, 0x02, 0x03, 0x00, 0x01, 0x02, 0x03, 0x00, 0x01, 0x02,
    0x03, 0x00, 0x01, 0x02, 0x03, 0x00, 0x01, 0x02, 0x03, 0x00, 0x01, 0x02, 0x03, 0x86, 0x60, 0xBD,
    0xF2, 0xAB, 0xFC, 0xC9, 0x36, 0xFD, 0xC9, 0x38, 0xB6, 0xC9, 0x30, 0x34, 0x02, 0x8E, 0xC9, 0x38,
    0xBD, 0xF3, 0x0C, 0xC6, 0x50, 0x8E, 0x3F, 0xB4, 0xBD, 0xF4, 0x0E, 0xBD, 0xF3, 0x54, 0xB6, 0xC9,
    0x39, 0x8B, 0x0A, 0xB7, 0xC9, 0x39, 0x35, 0x02, 0x4A, 0x81, 0x00, 0x26, 0xDE, 0xCC, 0xFC, 0x47,
    0xFD, 0xC8, 0x2A, 0xCC, 0x00, 0x00, 0xFD, 0xC9, 0x00, 0x8E, 0xC9, 0x00, 0xBD, 0xF8, 0x4F, 0xB6,
    0xC9, 0x30, 0x34, 0x02, 0x8E, 0xC9, 0x00, 0xCC, 0x00, 0x01, 0xBD, 0xF8, 0x7C, 0x35, 0x02, 0x4A,
    0x81, 0x00, 0x26, 0xEE, 0xCE, 0x3D, 0xA5, 0xCC, 0x1F, 0x90, 0xBD, 0xF3, 0x7A, 0xCC, 0x1F, 0xEA,
    0xBD, 0xF2, 0xFC, 0xCE, 0xC9, 0x00, 0xBD, 0xF4, 0x95, 0x39, 0xCE, 0x3E, 0x48, 0xCC, 0x00, 0x90,
    0xBD, 0xF3, 0x7A, 0xBE, 0xC9, 0x3E, 0x30, 0x01, 0xBF, 0xC9, 0x3E, 0x39, 0xB6, 0xC9, 0x30, 0x81,
    0x01, 0x27, 0xE7, 0xCE, 0x3D, 0xB3, 0xCC, 0x00, 0x90, 0xBD, 0xF3, 0x7A, 0xCE, 0x3D, 0xBF, 0xB6,
    0xC9, 0x30, 0x81, 0x02, 0x2A, 0x03, 0xCE, 0x3D, 0xD6, 0xCC, 0xF0, 0x90, 0xBD, 0xF3, 0x7A, 0xBD,
    0x3F, 0xD4, 0x7D, 0xC8, 0x12, 0x27, 0x13, 0xB6, 0xC9, 0x32, 0x81, 0x01, 0x27, 0x11, 0x86, 0x01,
    0xB7, 0xC9, 0x32, 0xB7, 0xC9, 0x3A, 0x7A, 0xC9, 0x30, 0x39, 0x86, 0x00, 0xB7, 0xC9, 0x32, 0x7D,
    0xC8, 0x13, 0x27, 0x16, 0xB6, 0xC9, 0x33, 0x81, 0x01, 0x27, 0x14, 0x86, 0x01, 0xB7, 0xC9, 0x33,
    0xB7, 0xC9, 0x3A, 0x7A, 0xC9, 0x30, 0x7A, 0xC9, 0x30, 0x39, 0x86, 0x00, 0xB7, 0xC9, 0x33, 0x7D,
    0xC8, 0x14, 0x27, 0x19, 0xB6, 0xC9, 0x34, 0x81, 0x01, 0x27, 0x17, 0x86, 0x01, 0xB7, 0xC9, 0x34,
    0xB7, 0xC9, 0x3A, 0x7A, 0xC9, 0x30, 0x7A, 0xC9, 0x30, 0x7A, 0xC9, 0x30, 0x39, 0x86, 0x00, 0xB7,
    0xC9, 0x34, 0x7D, 0xC8, 0x15, 0x27, 0x05, 0x86, 0x01, 0xB7, 0xC9, 0x3D, 0x39, 0xCC, 0xFA, 0x43,
    0xFD, 0xC8, 0x2A, 0x86, 0x01, 0xB7, 0xC9, 0x32, 0xCE, 0xFF, 0x7A, 0x86, 0x01, 0xB7, 0xC8, 0x56,
    0x8E, 0x00, 0xFF, 0x34, 0x10, 0x86, 0x60, 0xBD, 0xF2, 0xAB, 0xBD, 0xF1, 0xAF, 0xBD, 0xF6, 0x87,
    0xBD, 0xF1, 0x92, 0xBD, 0xF2, 0x89, 0xCE, 0x3E, 0x61, 0xBD, 0xF3, 0x8A, 0x35, 0x10, 0x30, 0x1F,
    0x8C, 0x00, 0x00, 0x26, 0xDE, 0xBD, 0xF1, 0x92, 0x86, 0x60, 0xBD, 0xF2, 0xAB, 0xCE, 0x3E, 0xDE,
    0xBD, 0xF3, 0x8A, 0xBD, 0x3F, 0xD4, 0x7D, 0xC8, 0x12, 0x27, 0x0A, 0xB6, 0xC9, 0x32, 0x81, 0x01,
    0x27, 0xE3, 0x7E, 0x3A, 0xE2, 0x7D, 0xC8, 0x15, 0x27, 0x0F, 0xB6, 0xC8, 0xFF, 0x81, 0x01, 0x27,
    0x0D, 0x86, 0x01, 0xB7, 0xC8, 0xFF, 0x7E, 0x00, 0x6E, 0x86, 0x00, 0xB7, 0xC8, 0xFF, 0x86, 0x00,
    0xB7, 0xC9, 0x32, 0x20, 0xC0, 0x48, 0x45, 0x59, 0x2C, 0x20, 0x4E, 0x4F, 0x20, 0x50, 0x45, 0x45,
    0x4B, 0x49, 0x4E, 0x47, 0x21, 0x4D, 0x41, 0x54, 0x43, 0x48, 0x45, 0x53, 0x20, 0x4C, 0x45, 0x46,
    0x54, 0x3A, 0x80, 0x59, 0x4F, 0x55, 0x52, 0x20, 0x54, 0x55, 0x52, 0x4E, 0x20, 0x21, 0x80, 0x54,
    0x41, 0x4B, 0x45, 0x20, 0x31, 0x2C, 0x20, 0x32, 0x20, 0x4F, 0x52, 0x20, 0x33, 0x20, 0x4D, 0x41,
    0x54, 0x43, 0x48, 0x45, 0x53, 0x80, 0x54, 0x41, 0x4B, 0x45, 0x20, 0x31, 0x20, 0x4F, 0x52, 0x20,
    0x32, 0x20, 0x4D, 0x41, 0x54, 0x43, 0x48, 0x45, 0x53, 0x80, 0x48, 0x4D, 0x4D, 0x4D, 0x4D, 0x4D,
    0x20, 0x2E, 0x2E, 0x2E, 0x80, 0x49, 0x20, 0x57, 0x49, 0x4C, 0x4C, 0x20, 0x54, 0x41, 0x4B, 0x45,
    0x20, 0x31, 0x20, 0x4D, 0x41, 0x54, 0x43, 0x48, 0x80, 0x49, 0x20, 0x57, 0x49, 0x4C, 0x4C, 0x20,
    0x54, 0x41, 0x4B, 0x45, 0x20, 0x32, 0x20, 0x4D, 0x41, 0x54, 0x43, 0x48, 0x45, 0x53, 0x80, 0x49,
    0x20, 0x57, 0x49, 0x4C, 0x4C, 0x20, 0x54, 0x41, 0x4B, 0x45, 0x20, 0x33, 0x20, 0x4D, 0x41, 0x54,
    0x43, 0x48, 0x45, 0x53, 0x80, 0x59, 0x4F, 0x55, 0x20, 0x57, 0x4F, 0x4E, 0x20, 0x54, 0x48, 0x45,
    0x20, 0x47, 0x41, 0x4D, 0x45, 0x20, 0x21, 0x80, 0x31, 0x20, 0x4D, 0x41, 0x54, 0x43, 0x48, 0x20,
    0x4C, 0x45, 0x46, 0x54, 0x3A, 0x20, 0x59, 0x4F, 0x55, 0x20, 0x4C, 0x4F, 0x53, 0x45, 0x20, 0x21,
    0x80, 0x5F, 0x80, 0x32, 0x33, 0x20, 0x4D, 0x41, 0x54, 0x43, 0x48, 0x45, 0x53, 0x20, 0x21, 0x80,
    0x3F, 0x80, 0x41, 0x20, 0x4E, 0x4F, 0x53, 0x54, 0x41, 0x4C, 0x47, 0x49, 0x43, 0x20, 0x4C, 0x49,
    0x54, 0x54, 0x4C, 0x45, 0x20, 0x50, 0x55, 0x5A, 0x5A, 0x4C, 0x45, 0x80, 0x2F, 0x80, 0x47, 0x41,
    0x4D, 0x45, 0x20, 0x57, 0x48, 0x49, 0x43, 0x48, 0x20, 0x57, 0x49, 0x4C, 0x4C, 0x20, 0x42, 0x52,
    0x49, 0x4E, 0x47, 0x20, 0x59, 0x4F, 0x55, 0x80, 0x1F, 0x80, 0x42, 0x52, 0x49, 0x4E, 0x47, 0x20,
    0x59, 0x4F, 0x55, 0x20, 0x42, 0x41, 0x43, 0x4B, 0x20, 0x54, 0x4F, 0x20, 0x54, 0x48, 0x45, 0x20,
    0x44, 0x41, 0x59, 0x53, 0x80, 0x0F, 0x80, 0x4F, 0x46, 0x20, 0x54, 0x48, 0x45, 0x20, 0x47, 0x52,
    0x45, 0x41, 0x54, 0x20, 0x54, 0x52, 0x53, 0x2D, 0x38, 0x30, 0x20, 0x21, 0x80, 0x00, 0x6F, 0x80,
    0x54, 0x48, 0x45, 0x20, 0x47, 0x41, 0x4D, 0x45, 0x20, 0x49, 0x53, 0x20, 0x53, 0x49, 0x4D, 0x50,
    0x4C, 0x45, 0x2C, 0x80, 0x5F, 0x80, 0x53, 0x54, 0x41, 0x52, 0x54, 0x20, 0x54, 0x48, 0x45, 0x20,
    0x47, 0x41, 0x4D, 0x45, 0x20, 0x57, 0x49, 0x54, 0x48, 0x80, 0x4F, 0x80, 0x32, 0x33, 0x20, 0x4D,
    0x41, 0x54, 0x43, 0x48, 0x45, 0x53, 0x2E, 0x20, 0x54, 0x41, 0x4B, 0x45, 0x20, 0x31, 0x2C, 0x32,
    0x20, 0x4F, 0x52, 0x20, 0x33, 0x80, 0x3F, 0x80, 0x4D, 0x41, 0x54, 0x43, 0x48, 0x45, 0x53, 0x20,
    0x50, 0x45, 0x52, 0x20, 0x54, 0x55, 0x52, 0x4E, 0x2E, 0x80, 0x1F, 0x80, 0x57, 0x48, 0x4F, 0x45,
    0x56, 0x45, 0x52, 0x20, 0x54, 0x41, 0x4B, 0x45, 0x53, 0x20, 0x54, 0x48, 0x45, 0x20, 0x4C, 0x41,
    0x53, 0x54, 0x80, 0x0F, 0x80, 0x4D, 0x41, 0x54, 0x43, 0x48, 0x20, 0x4C, 0x4F, 0x53, 0x45, 0x53,
    0x2E, 0x20, 0x49, 0x54, 0x20, 0x49, 0x53, 0x20, 0x59, 0x4F, 0x55, 0x80, 0xFF, 0x80, 0x41, 0x47,
    0x41, 0x49, 0x4E, 0x53, 0x54, 0x20, 0x54, 0x48, 0x45, 0x20, 0x56, 0x45, 0x43, 0x54, 0x52, 0x45,
    0x58, 0x2E, 0x80, 0xDF, 0x80, 0x48, 0x45, 0x20, 0x43, 0x41, 0x4E, 0x20, 0x42, 0x45, 0x20, 0x42,
    0x45, 0x41, 0x54, 0x45, 0x4E, 0x20, 0x2E, 0x2E, 0x2E, 0x80, 0xAF, 0x80, 0x50, 0x52, 0x45, 0x53,
    0x53, 0x20, 0x42, 0x55, 0x54, 0x54, 0x4F, 0x4E, 0x20, 0x31, 0x20, 0x54, 0x4F, 0x20, 0x50, 0x4C,
    0x41, 0x59, 0x80, 0x00, 0xFF, 0x1E, 0x00, 0xFF, 0x04, 0xFC, 0xFF, 0x0A, 0x04, 0xFF, 0xF6, 0x04,
    0xFF, 0xFC, 0xFC, 0x01, 0xCC, 0x30, 0x75, 0xFD, 0xC8, 0x3D, 0xBD, 0xF1, 0xAA, 0xFD, 0x00, 0x08,
    0xBD, 0xF2, 0x72, 0x39, 0x4F, 0xBD, 0xF1, 0xB4, 0x39, 0x8E, 0xC8, 0x1F, 0x86, 0x01, 0xA7, 0x80,
    0x86, 0x03, 0xA7, 0x80, 0x4F, 0xA7, 0x80, 0xA7, 0x80, 0x39, 0xFE, 0xE8, 0xFE, 0xB6, 0x14, 0x0A,
    0x1A, 0x0A, 0x1B, 0x0A, 0x1E, 0x0A, 0x20, 0x0A, 0x19, 0x0A, 0x18, 0x0A, 0x16, 0x0F, 0x00, 0x80,
};

#endif
