// Auto-generated from Vectopia by John Dondzila (2001) (PD).vec
#ifndef _GBCART_VECTOPIA_BY_JOHN_DONDZILA_2001_PD_H
#define _GBCART_VECTOPIA_BY_JOHN_DONDZILA_2001_PD_H

const unsigned char gb_cart_Vectopia_by_John_Dondzila_2001_PD[] PROGMEM = {
    0x67, 0x20, 0x47, 0x43, 0x45, 0x20, 0x30, 0x30, 0x30, 0x30, 0x80, 0xFE, 0xE6, 0xFA, 0x48, 0xFF,
    0x82, 0x20, 0x80, 0x00, 0xFF, 0xFF, 0xFF, 0xFF, 0xFF, 0xFF, 0xFF, 0xFF, 0xFF, 0xFF, 0xFF, 0xFF,
    0xFF, 0xFF, 0xFF, 0xFF, 0xFF, 0xFF, 0xFF, 0xFF, 0xFF, 0xFF, 0xFF, 0xFF, 0xFF, 0xFF, 0xFF, 0xFF,
    0xFF, 0xFF, 0xFF, 0xFF, 0xFF, 0xFF, 0xFF, 0xFF, 0xFF, 0xFF, 0xFF, 0xFF, 0xFF, 0xFF, 0xFF, 0xFF,
    0xFF, 0xFF, 0xFF, 0xFF, 0xFF, 0xFF, 0xFF, 0xFF, 0xFF, 0xFF, 0xFF, 0xFF, 0xFF, 0xFF, 0xFF, 0xFF,
    0xFF, 0xFF, 0xFF, 0xFF, 0xFF, 0xFF, 0xFF, 0xFF, 0xFF, 0xB6, 0xC8, 0x00, 0x81, 0x00, 0x26, 0x06,
    0xBD, 0x00, 0xE3, 0x7E, 0x01, 0x04, 0x81, 0x09, 0x26, 0x06, 0xBD, 0x00, 0xC3, 0x7E, 0x01, 0x04,
    0x81, 0x01, 0x26, 0x06, 0xBD, 0x00, 0xE3, 0x7E, 0x1E, 0xD3, 0x81, 0x02, 0x26, 0x06, 0xBD, 0x00,
    0xE3, 0x7E, 0x48, 0xB9, 0x81, 0x03, 0x26, 0x06, 0xBD, 0x00, 0xE3, 0x7E, 0x5A, 0x41, 0x81, 0x04,
    0x26, 0x06, 0xBD, 0x00, 0xE3, 0x7E, 0x5C, 0xEB, 0x81, 0x08, 0x26, 0x06, 0xBD, 0x00, 0xC3, 0x7E,
    0x74, 0x17, 0x81, 0x05, 0x26, 0x06, 0xBD, 0x00, 0xE3, 0x7E, 0x68, 0x71, 0x81, 0x06, 0x26, 0x06,
    0xBD, 0x00, 0xE3, 0x7E, 0x6E, 0x6B, 0x81, 0x07, 0x26, 0x06, 0xBD, 0x00, 0xE3, 0x7E, 0x7A, 0xC8,
    0x7E, 0xF0, 0x00, 0x7F, 0xC8, 0x00, 0xBD, 0xF1, 0xAA, 0x86, 0xDF, 0xC6, 0xFF, 0xFD, 0xD0, 0x02,
    0xCC, 0x01, 0x00, 0xFD, 0xD0, 0x00, 0xCC, 0x98, 0x7F, 0xB7, 0xD0, 0x0B, 0xF7, 0xD0, 0x04, 0xBD,
    0xF3, 0x54, 0x39, 0x7F, 0xC8, 0x00, 0xBD, 0xF1, 0xAA, 0x86, 0x9F, 0xC6, 0xFF, 0xFD, 0xD0, 0x02,
    0xCC, 0x41, 0x00, 0xFD, 0xD0, 0x00, 0xCC, 0x98, 0x7F, 0xB7, 0xD0, 0x0B, 0xF7, 0xD0, 0x04, 0xBD,
    0xF3, 0x54, 0x39, 0x12, 0x12, 0x12, 0x12, 0x86, 0x16, 0xB7, 0xC8, 0x80, 0x7F, 0xC8, 0x81, 0x7F,
    0xC8, 0x82, 0xCC, 0x90, 0x00, 0xFD, 0xC8, 0x83, 0x86, 0x48, 0xB7, 0xC8, 0x85, 0x8E, 0xC8, 0x90,
    0xBD, 0xF5, 0x11, 0xA7, 0x84, 0xBD, 0xF5, 0x11, 0xA7, 0x01, 0x86, 0x01, 0x8C, 0xC8, 0x9C, 0x2B,
    0x09, 0x86, 0x02, 0x8C, 0xC8, 0xA8, 0x2B, 0x02, 0x86, 0x03, 0xA7, 0x02, 0x30, 0x03, 0x8C, 0xC8,
    0xB4, 0x2B, 0xDD, 0xCE, 0x07, 0x5B, 0xBD, 0x02, 0x99, 0xBD, 0xF1, 0x92, 0xBD, 0x18, 0x27, 0xBD,
    0x18, 0x91, 0xBD, 0x18, 0xE6, 0xBD, 0x01, 0x62, 0xFC, 0xC8, 0xC8, 0x27, 0x02, 0x20, 0xEA, 0x7E,
    0x19, 0x15, 0xFC, 0xC8, 0xC8, 0x27, 0x22, 0x83, 0x00, 0x01, 0xFD, 0xC8, 0xC8, 0x4F, 0xB7, 0xC8,
    0xC0, 0xCE, 0xC8, 0xCC, 0xBD, 0x01, 0xFF, 0xB6, 0xC8, 0xC0, 0xBD, 0xF2, 0x56, 0x33, 0x4E, 0x7C,
    0xC8, 0xC0, 0xB6, 0xC8, 0xC0, 0x81, 0x0B, 0x26, 0xEB, 0x39, 0xE6, 0x42, 0x26, 0x0C, 0xAE, 0xC4,
    0xE6, 0x80, 0xE7, 0x43, 0xAF, 0xC4, 0xC6, 0x80, 0xE7, 0x42, 0x64, 0x42, 0xE4, 0x43, 0x10, 0x26,
    0x00, 0x7F, 0x6C, 0x46, 0x7F, 0xC8, 0xC5, 0x7F, 0xC8, 0xC4, 0x78, 0xC8, 0xC4, 0x7C, 0xC8, 0xC5,
    0xE6, 0x42, 0x26, 0x0C, 0xAE, 0xC4, 0xE6, 0x80, 0xE7, 0x43, 0xAF, 0xC4, 0xC6, 0x80, 0xE7, 0x42,
    0x64, 0x42, 0xE4, 0x43, 0x27, 0x03, 0x7C, 0xC8, 0xC4, 0xAE, 0x47, 0x30, 0x03, 0xA6, 0x84, 0x84,
    0x7F, 0xB1, 0xC8, 0xC5, 0x2E, 0xD4, 0x26, 0xF3, 0xE6, 0x01, 0xF1, 0xC8, 0xC4, 0x26, 0xEC, 0xE6,
    0x02, 0xA6, 0x84, 0x84, 0x80, 0x27, 0x12, 0xAE, 0x4C, 0x5D, 0x27, 0x07, 0xA6, 0x80, 0x30, 0x86,
    0x5A, 0x26, 0xF9, 0xAF, 0x49, 0x6F, 0x4B, 0x20, 0x06, 0x6F, 0x49, 0x6F, 0x4A, 0xE7, 0x44, 0xEC,
    0x45, 0x27, 0x87, 0xAE, 0x49, 0x27, 0x12, 0xA6, 0x80, 0xE6, 0x4B, 0xE6, 0x85, 0xE7, 0x44, 0x6C,
    0x4B, 0xA1, 0x4B, 0x26, 0x09, 0x6F, 0x4B, 0xEC, 0x45, 0x83, 0x00, 0x01, 0xED, 0x45, 0xE6, 0x44,
    0x39, 0x86, 0x02, 0xB7, 0xC8, 0xC1, 0x7C, 0xC8, 0xC1, 0xE6, 0x42, 0x26, 0x0C, 0xAE, 0xC4, 0xE6,
    0x80, 0xE7, 0x43, 0xAF, 0xC4, 0xC6, 0x80, 0xE7, 0x42, 0x64, 0x42, 0xE4, 0x43, 0x26, 0xE7, 0x5C,
    0xF7, 0xC8, 0xC2, 0xF7, 0xC8, 0xC3, 0xE6, 0x42, 0x26, 0x0C, 0xAE, 0xC4, 0xE6, 0x80, 0xE7, 0x43,
    0xAF, 0xC4, 0xC6, 0x80, 0xE7, 0x42, 0x64, 0x42, 0xE4, 0x43, 0x27, 0x02, 0xC6, 0x01, 0xE7, 0x46,
    0xE6, 0x42, 0x26, 0x0C, 0xAE, 0xC4, 0xE6, 0x80, 0xE7, 0x43, 0xAF, 0xC4, 0xC6, 0x80, 0xE7, 0x42,
    0x64, 0x42, 0xE4, 0x43, 0x27, 0x02, 0xC6, 0x01, 0x4F, 0x48, 0x58, 0x24, 0x02, 0x8A, 0x01, 0x7A,
    0xC8, 0xC3, 0x26, 0xF5, 0xE3, 0x45, 0xED, 0x45, 0x7C, 0xC8, 0xC2, 0xB6, 0xC8, 0xC2, 0xB7, 0xC8,
    0xC3, 0xB1, 0xC8, 0xC1, 0x26, 0xCA, 0x7E, 0x01, 0xA4, 0x8E, 0xC8, 0xCC, 0xCC, 0x00, 0x9A, 0xBD,
    0xF5, 0x48, 0x10, 0xAE, 0xC1, 0xEC, 0xA4, 0xFD, 0xC8, 0xC6, 0xFD, 0xC8, 0xC8, 0xC6, 0x0B, 0x10,
    0xAE, 0xC1, 0x10, 0xAF, 0x07, 0x10, 0xAE, 0xC1, 0x10, 0xAF, 0x0C, 0x10, 0xAE, 0xC1, 0x10, 0xAF,
    0x84, 0x30, 0x0E, 0x5A, 0x26, 0xE9, 0xFF, 0xC8, 0xCA, 0x39, 0xBD, 0xF1, 0xAA, 0x86, 0xDF, 0xC6,
    0xFF, 0xFD, 0xD0, 0x02, 0xCC, 0x01, 0x00, 0xFD, 0xD0, 0x00, 0xCC, 0x98, 0x7F, 0xB7, 0xD0, 0x0B,
    0xF7, 0xD0, 0x04, 0xBD, 0xF3, 0x54, 0x39, 0xBD, 0xF1, 0xAA, 0x86, 0x9F, 0xC6, 0xFF, 0xFD, 0xD0,
    0x02, 0xCC, 0x41, 0x00, 0xFD, 0xD0, 0x00, 0xCC, 0x98, 0x7F, 0xB7, 0xD0, 0x0B, 0xF7, 0xD0, 0x04,
    0xBD, 0xF3, 0x54, 0x39, 0x02, 0x65, 0x82, 0x01, 0x00, 0x02, 0x02, 0xE1, 0x02, 0x03, 0xF7, 0x04,
    0x02, 0x8E, 0x04, 0x03, 0xFC, 0x05, 0x02, 0xDE, 0x05, 0x03, 0x70, 0x07, 0x03, 0xCA, 0x07, 0x05,
    0xFA, 0x07, 0x06, 0x18, 0x07, 0x07, 0x31, 0x08, 0x01, 0x98, 0x08, 0x02, 0xA2, 0x08, 0x03, 0xAC,
    0x08, 0x04, 0xB6, 0x08, 0x05, 0xC0, 0x08, 0x08, 0xD4, 0x08, 0x09, 0xF4, 0x09, 0x01, 0x38, 0x0A,
    0x70, 0x70, 0x38, 0x31, 0x18, 0xF4, 0xFA, 0x31, 0x18, 0x70, 0xE2, 0xC7, 0x9F, 0x1E, 0x7C, 0x72,
    0x8F, 0x8B, 0x9E, 0x7E, 0x79, 0xF9, 0xE2, 0x9E, 0x5C, 0xE5, 0xF8, 0xB1, 0xE7, 0xC7, 0x9F, 0x1C,
    0xA3, 0xE2, 0xE7, 0x9F, 0x9E, 0x7E, 0x78, 0xA7, 0x97, 0x39, 0x7E, 0x79, 0x00, 0x40, 0x40, 0x30,
    0x20, 0x14, 0x0C, 0x11, 0xC1, 0x10, 0x82, 0x01, 0x00, 0x02, 0x02, 0x08, 0x02, 0x03, 0x09, 0x03,
    0x01, 0x04, 0x04, 0x01, 0x00, 0x05, 0x01, 0x02, 0x06, 0x01, 0x03, 0x07, 0x01, 0x01, 0x0A, 0x04,
    0x04, 0x02, 0x04, 0x02, 0x03, 0x01, 0x04, 0x02, 0x04, 0xE2, 0xC7, 0x9F, 0x1E, 0x7C, 0x72, 0x9E,
    0x2E, 0x79, 0xF9, 0xE7, 0xE7, 0x8A, 0x72, 0xE7, 0x2F, 0xC5, 0x8F, 0x3E, 0x3C, 0xF8, 0xE5, 0x3C,
    0x5C, 0xF3, 0xF3, 0xCF, 0xCF, 0x14, 0xE5, 0xCE, 0x5F, 0xD5, 0x88, 0x82, 0x03, 0x00, 0x03, 0x04,
    0x1C, 0x03, 0x05, 0x9F, 0x04, 0x03, 0x7B, 0x84, 0x04, 0x01, 0x04, 0x05, 0xEF, 0x04, 0x06, 0xFD,
    0x04, 0x07, 0x8E, 0x05, 0x04, 0xDE, 0x05, 0x05, 0xD5, 0x06, 0x04, 0x9D, 0x06, 0x06, 0x1A, 0x06,
    0x07, 0xBE, 0x07, 0x05, 0x20, 0x07, 0x07, 0x18, 0x07, 0x0A, 0xA1, 0x07, 0x0B, 0x1E, 0x08, 0x03,
    0xA2, 0x08, 0x05, 0xC0, 0x08, 0x07, 0xDF, 0x08, 0x09, 0xF5, 0x08, 0x0C, 0x9B, 0x08, 0x0D, 0xA3,
    0x09, 0x01, 0x3C, 0x09, 0x02, 0x49, 0x09, 0x03, 0x54, 0x09, 0x04, 0x56, 0x09, 0x05, 0x98, 0x09,
    0x08, 0xAC, 0x09, 0x09, 0xB6, 0x09, 0x0C, 0xCA, 0x09, 0x0D, 0xD4, 0x09, 0x10, 0xE7, 0x09, 0x11,
    0xED, 0x0A, 0x01, 0x2F, 0x08, 0x9D, 0x9B, 0x9D, 0x9F, 0xA1, 0xA3, 0xA1, 0x9F, 0x08, 0x1C, 0x1A,
    0x18, 0x1A, 0x1C, 0x1E, 0x20, 0x1E, 0x03, 0x82, 0x18, 0x54, 0x11, 0x04, 0xE1, 0x6F, 0x0B, 0x03,
    0x03, 0x86, 0x40, 0xB0, 0x50, 0xB8, 0xA2, 0x06, 0x07, 0x0C, 0x81, 0x60, 0x04, 0x01, 0x00, 0x80,
    0x40, 0x0F, 0x28, 0xFE, 0x16, 0x85, 0x03, 0x42, 0x97, 0x1F, 0xC5, 0x2F, 0x3D, 0x79, 0xED, 0xCF,
    0x9C, 0xF3, 0xCA, 0xFE, 0x16, 0xED, 0xC2, 0x03, 0x3A, 0x77, 0x9E, 0xE0, 0x28, 0x0C, 0x08, 0x02,
    0x40, 0xA0, 0x60, 0x1B, 0xB4, 0x80, 0x01, 0x01, 0x00, 0x02, 0x01, 0x01, 0xE2, 0xFE, 0x5A, 0xFE,
    0x67, 0xF8, 0xF7, 0xF5, 0x5C, 0x82, 0x02, 0x01, 0x82, 0x03, 0x00, 0x03, 0x02, 0x1C, 0x03, 0x03,
    0x3F, 0x04, 0x02, 0xE1, 0x04, 0x03, 0x8E, 0x05, 0x01, 0xD5, 0x05, 0x02, 0xDE, 0x06, 0x06, 0xFD,
    0x06, 0x07, 0xBE, 0x07, 0x03, 0xD4, 0x08, 0x01, 0xA2, 0x08, 0x02, 0xAC, 0x08, 0x03, 0xB6, 0x08,
    0x04, 0xC0, 0x08, 0x05, 0xCA, 0x09, 0x01, 0x98, 0x09, 0xFD, 0xFD, 0xFD, 0xD5, 0xD5, 0xD5, 0x3F,
    0x3F, 0x3F, 0x09, 0xE1, 0xE1, 0xE1, 0xBE, 0xBE, 0xBE, 0x1C, 0x1C, 0x1C, 0x8A, 0xB5, 0x65, 0x6A,
    0xCA, 0xD5, 0x94, 0xA9, 0x2B, 0x15, 0x87, 0x8B, 0xB7, 0x67, 0x6E, 0xCE, 0xDD, 0x9C, 0xB9, 0x36,
    0x72, 0xE4, 0xDD, 0x86, 0xB0, 0x4E, 0x2A, 0xD5, 0x95, 0xAB, 0x2B, 0x56, 0x52, 0xA4, 0xAC, 0x56,
    0x1E, 0x2E, 0xDD, 0x9D, 0xBB, 0x3B, 0x76, 0x72, 0xE4, 0xD9, 0xCB, 0x93, 0x97, 0x85, 0xF3, 0xCC,
    0x01, 0x00, 0x80, 0x80, 0x60, 0x40, 0x28, 0x1C, 0xC4, 0x81, 0x01, 0x00, 0x02, 0x01, 0x01, 0x03,
    0x01, 0x00, 0x09, 0x00, 0x00, 0x00, 0x00, 0x00, 0x00, 0x01, 0x01, 0x01, 0x8B, 0x6D, 0x9B, 0x6C,
    0xDB, 0x66, 0x59, 0x29, 0xB6, 0xCD, 0xB6, 0x6D, 0xB3, 0x2C, 0x94, 0xCB, 0x26, 0x59, 0x36, 0xD9,
    0xB6, 0xCD, 0xB6, 0x65, 0x92, 0x9B, 0x6C, 0xDB, 0x66, 0xDB, 0x32, 0xC9, 0x4C, 0xB2, 0x65, 0xC2,
    0xFB, 0x52, 0x01, 0x01, 0x07, 0x82, 0x01, 0x00, 0x03, 0x01, 0x1F, 0x05, 0x03, 0x06, 0x06, 0x01,
    0x01, 0x06, 0x02, 0x02, 0x06, 0x03, 0x03, 0x06, 0x04, 0x04, 0x06, 0x05, 0x05, 0x07, 0x01, 0x00,
    0x09, 0x00, 0x01, 0x02, 0x03, 0x04, 0x05, 0x06, 0x07, 0x07, 0xE2, 0x93, 0xDF, 0x9E, 0xFC, 0xF7,
    0xE7, 0xBF, 0x3D, 0xF9, 0xEF, 0xCF, 0x7E, 0x7B, 0xF3, 0xDF, 0x9E, 0xFC, 0xF7, 0xE7, 0xBF, 0x3D,
    0xF9, 0xF8, 0x0C, 0x01, 0x01, 0x38, 0x02, 0x01, 0x30, 0xE2, 0xF2, 0xBC, 0xFE, 0x57, 0x9F, 0xCA,
    0xF3, 0xF9, 0x5E, 0x7F, 0x2B, 0xCF, 0xE5, 0x79, 0xFC, 0xAF, 0x3F, 0x95, 0xE7, 0xF2, 0xBC, 0xFE,
    0x57, 0x9F, 0xCA, 0xF3, 0xF9, 0x5E, 0x7F, 0x2B, 0xCF, 0xE5, 0x7D, 0xFC, 0x82, 0x02, 0x00, 0x82,
    0x03, 0x01, 0x03, 0x02, 0x0F, 0x83, 0x03, 0x02, 0x04, 0x02, 0x0C, 0x04, 0x03, 0x0D, 0x05, 0x02,
    0x0E, 0x05, 0x03, 0x00, 0x06, 0x02, 0x0A, 0x06, 0x03, 0x0B, 0x08, 0x01, 0x03, 0x08, 0x02, 0x04,
    0x08, 0x03, 0x05, 0x08, 0x04, 0x06, 0x08, 0x05, 0x07, 0x08, 0x06, 0x08, 0x08, 0x07, 0x09, 0x09,
    0x01, 0x02, 0x0E, 0x0F, 0x0F, 0x0E, 0x0E, 0x0D, 0x0D, 0x0C, 0x0C, 0x0B, 0x0B, 0x0F, 0x0F, 0x0F,
    0x0F, 0x06, 0x0E, 0x0E, 0x0E, 0x0E, 0x0D, 0x0D, 0x0C, 0x0D, 0x0D, 0x0D, 0x0C, 0x0C, 0x0C, 0x0C,
    0x0B, 0x0B, 0x0B, 0x0F, 0x0F, 0x8A, 0x76, 0x4C, 0x69, 0x9B, 0x91, 0xA7, 0x64, 0xC7, 0x24, 0xE4,
    0x69, 0xD9, 0x31, 0xC9, 0x39, 0x1A, 0x66, 0xE4, 0x69, 0xD9, 0x31, 0xC9, 0x39, 0x1A, 0x66, 0xE4,
    0x69, 0xC5, 0x3B, 0x26, 0x34, 0xCD, 0xC8, 0xD3, 0xB2, 0x63, 0x92, 0x72, 0x34, 0xEC, 0x98, 0xE4,
    0x9C, 0x8D, 0x33, 0x72, 0x34, 0xEC, 0x98, 0xE4, 0x9C, 0x8D, 0x33, 0x72, 0x34, 0xC1, 0x0A, 0x42,
    0x91, 0xF0, 0xC8, 0x18, 0x20, 0x38, 0x18, 0x0A, 0x04, 0x01, 0x80, 0x80, 0x20, 0x0E, 0xB1, 0x80,
    0x01, 0x01, 0x0C, 0x83, 0x02, 0x00, 0x83, 0x03, 0x01, 0x04, 0x03, 0x00, 0x05, 0x03, 0x09, 0x05,
    0x04, 0x0B, 0x05, 0x05, 0x0A, 0x06, 0x03, 0x08, 0x06, 0x04, 0x0D, 0x06, 0x05, 0x0E, 0x07, 0x01,
    0x03, 0x07, 0x02, 0x04, 0x07, 0x03, 0x05, 0x07, 0x04, 0x06, 0x07, 0x05, 0x07, 0x08, 0x01, 0x02,
    0x06, 0x0A, 0x0C, 0x0E, 0x0E, 0x0D, 0x0D, 0x09, 0x0C, 0x0C, 0x0C, 0x0C, 0x0B, 0x0A, 0x09, 0x08,
    0x07, 0x24, 0x41, 0x43, 0x24, 0x41, 0x43, 0x2F, 0xB4, 0xCC, 0x91, 0x05, 0x0C, 0xBE, 0xBF, 0x32,
    0xAC, 0xCB, 0x7C, 0xCB, 0x7C, 0xCB, 0x7C, 0xCB, 0x7C, 0xC9, 0x10, 0x50, 0xCB, 0xEC, 0xF3, 0x2A,
    0xCE, 0xA6, 0x5C, 0x59, 0x82, 0x01, 0x81, 0x00, 0x80, 0x70, 0x98, 0x82, 0x02, 0x01, 0x82, 0x03,
    0x00, 0x03, 0x02, 0x0B, 0x03, 0x03, 0x0C, 0x04, 0x02, 0x05, 0x05, 0x02, 0x00, 0x05, 0x03, 0x08,
    0x05, 0x06, 0x0A, 0x05, 0x07, 0x07, 0x06, 0x02, 0x06, 0x06, 0x03, 0x09, 0x07, 0x01, 0x0D, 0x07,
    0x02, 0x0E, 0x07, 0x03, 0x04, 0x08, 0x01, 0x03, 0x09, 0x01, 0x02, 0x0F, 0x0B, 0x0B, 0x0B, 0x0B,
    0x0A, 0x0A, 0x0A, 0x0A, 0x09, 0x09, 0x09, 0x09, 0x08, 0x08, 0x08, 0x0B, 0x08, 0x07, 0x07, 0x07,
    0x07, 0x06, 0x06, 0x06, 0x06, 0x05, 0x05, 0x8B, 0x6A, 0xCD, 0xA1, 0x49, 0xB5, 0x22, 0x36, 0x1D,
    0x8F, 0x27, 0x15, 0x13, 0x1B, 0x52, 0x20, 0x38, 0xB6, 0xAC, 0xDA, 0x14, 0x9B, 0x0E, 0x47, 0xB3,
    0x8A, 0xB1, 0xA4, 0xD8, 0x72, 0x3D, 0x9B, 0x0C, 0x78, 0xB6, 0xAC, 0xDA, 0x14, 0x9B, 0x52, 0x23,
    0x61, 0xD8, 0xF2, 0x71, 0x51, 0x31, 0xB5, 0x22, 0x03, 0x8B, 0x6A, 0xCD, 0xA1, 0x49, 0xB0, 0xE4,
    0x7B, 0x38, 0xAB, 0x1A, 0x4D, 0x87, 0x23, 0xD9, 0xB0, 0xC7, 0xCA, 0x21, 0x8E, 0x40, 0xA4, 0x07,
    0x86, 0xC8, 0x60, 0x61, 0x8E, 0x08, 0x40, 0x60, 0x10, 0x06, 0xC2, 0x03, 0x04, 0x03, 0x03, 0x03,
    0x3F, 0x03, 0x4A, 0x03, 0x73, 0x03, 0x8E, 0x03, 0x99, 0x03, 0xB8, 0x04, 0x24, 0x04, 0x36, 0x04,
    0x73, 0x04, 0x7C, 0x04, 0x7C, 0x04, 0x82, 0x04, 0xB8, 0x04, 0xCC, 0x05, 0x06, 0x05, 0x12, 0x05,
    0x1C, 0x05, 0x3F, 0x05, 0x60, 0x05, 0x6A, 0x05, 0x80, 0x05, 0x89, 0x05, 0x89, 0x05, 0xA9, 0x05,
    0xE2, 0x06, 0x05, 0x06, 0x4D, 0x06, 0x80, 0x06, 0x91, 0x06, 0xB8, 0x06, 0xEB, 0x07, 0x07, 0x80,
    0xFF, 0xBA, 0x23, 0xFF, 0x00, 0x23, 0xFF, 0x46, 0x00, 0xFF, 0x00, 0xF2, 0xFF, 0xC8, 0x00, 0xFF,
    0x00, 0xF2, 0xFF, 0x38, 0xE4, 0xFF, 0x00, 0xF2, 0x01, 0xFF, 0x00, 0xBA, 0xFF, 0x46, 0x00, 0xFF,
    0x00, 0x46, 0xFF, 0xD6, 0x00, 0xFF, 0x00, 0xC8, 0xFF, 0xF2, 0x00, 0xFF, 0x00, 0x38, 0xFF, 0xF2,
    0x00, 0x00, 0x2A, 0xF2, 0xFF, 0x00, 0xD6, 0xFF, 0x0E, 0x00, 0xFF, 0x00, 0x2A, 0xFF, 0xF2, 0x00,
    0x01, 0xFF, 0x00, 0xBA, 0xFF, 0x46, 0x00, 0xFF, 0x00, 0x46, 0xFF, 0xEB, 0x00, 0xFF, 0x00, 0xF2,
    0xFF, 0x07, 0x00, 0xFF, 0x00, 0xD6, 0xFF, 0xD6, 0x00, 0xFF, 0x00, 0x2A, 0xFF, 0x07, 0x00, 0xFF,
    0x00, 0x0E, 0xFF, 0xEB, 0x00, 0x01, 0x00, 0x00, 0xE4, 0xFF, 0x00, 0xF2, 0xFF, 0x38, 0x00, 0xFF,
    0x00, 0xE4, 0xFF, 0x0E, 0x00, 0xFF, 0x00, 0x46, 0xFF, 0xF2, 0x00, 0xFF, 0x00, 0xE4, 0xFF, 0xC8,
    0x00, 0x01, 0xFF, 0x00, 0xBA, 0xFF, 0x46, 0x00, 0xFF, 0x00, 0x46, 0xFF, 0xBA, 0x00, 0x00, 0x0E,
    0xF2, 0xFF, 0x00, 0xD6, 0xFF, 0x2A, 0x00, 0xFF, 0x00, 0x2A, 0xFF, 0xD6, 0x00, 0x01, 0x00, 0x00,
    0xC8, 0xFF, 0x00, 0xF2, 0xFF, 0x46, 0x00, 0xFF, 0x00, 0x46, 0xFF, 0xD6, 0x00, 0xFF, 0x00, 0xC8,
    0xFF, 0xE4, 0x00, 0x00, 0x2A, 0x00, 0xFF, 0x00, 0x2A, 0xFF, 0x0E, 0x00, 0xFF, 0x00, 0xD6, 0xFF,
    0xF2, 0x00, 0x01, 0xFF, 0x00, 0xBA, 0xFF, 0x0E, 0x00, 0xFF, 0x00, 0x1C, 0xFF, 0x2A, 0x00, 0xFF,
    0x00, 0xE4, 0xFF, 0x0E, 0x00, 0xFF, 0x00, 0x46, 0xFF, 0xF2, 0x00, 0xFF, 0x00, 0xE4, 0xFF, 0xD6,
    0x00, 0xFF, 0x00, 0x1C, 0xFF, 0xF2, 0x00, 0x01, 0xFF, 0x00, 0xF2, 0xFF, 0x1C, 0xF2, 0xFF, 0x00,
    0xEB, 0xFF, 0x0E, 0x00, 0xFF, 0x00, 0x0E, 0xFF, 0x0E, 0xF9, 0xFF, 0x00, 0xF2, 0xFF, 0xC8, 0x00,
    0xFF, 0x00, 0xF2, 0xFF, 0x46, 0x00, 0xFF, 0x00, 0x23, 0xFF, 0xBA, 0x23, 0x01, 0x8E, 0xC8, 0x1F,
    0x86, 0x01, 0xA7, 0x80, 0x86, 0x03, 0xA7, 0x80, 0x4F, 0xA7, 0x80, 0xA7, 0x80, 0x39, 0x86, 0x4F,
    0xB7, 0xC8, 0x23, 0xBD, 0xF1, 0xF8, 0x39, 0x00, 0x09, 0xA2, 0xFF, 0xEE, 0x0A, 0xFF, 0x00, 0x0A,
    0xFF, 0x12, 0x00, 0x00, 0x00, 0x19, 0xFF, 0x00, 0xEC, 0xFF, 0xEE, 0x00, 0xFF, 0x00, 0x14, 0x00,
    0x09, 0xEC, 0xFF, 0x00, 0x0A, 0x00, 0xF7, 0x23, 0xFF, 0x00, 0xEC, 0xFF, 0x12, 0x00, 0xFF, 0x00,
    0x14, 0x01, 0x00, 0x08, 0xA2, 0xFF, 0xF0, 0x0A, 0xFF, 0x00, 0x0A, 0xFF, 0x10, 0x00, 0x00, 0x00,
    0x19, 0xFF, 0x00, 0xEC, 0xFF, 0xF0, 0x00, 0xFF, 0x00, 0x14, 0x00, 0x08, 0xEC, 0xFF, 0x00, 0x0A,
    0x00, 0xF8, 0x23, 0xFF, 0x00, 0xEC, 0xFF, 0x10, 0x00, 0xFF, 0x00, 0x14, 0x01, 0x00, 0x08, 0xA2,
    0xFF, 0xF0, 0x0A, 0xFF, 0x00, 0x0A, 0xFF, 0x10, 0x00, 0x00, 0x00, 0x19, 0xFF, 0x00, 0xEC, 0xFF,
    0xF0, 0x00, 0xFF, 0x00, 0x14, 0x00, 0x08, 0xEC, 0xFF, 0x00, 0x0A, 0x00, 0xF8, 0x23, 0xFF, 0x00,
    0xEC, 0xFF, 0x10, 0x00, 0xFF, 0x00, 0x14, 0x01, 0x00, 0x07, 0xA2, 0xFF, 0xF2, 0x0A, 0xFF, 0x00,
    0x0A, 0xFF, 0x0E, 0x00, 0x00, 0x00, 0x19, 0xFF, 0x00, 0xEC, 0xFF, 0xF2, 0x00, 0xFF, 0x00, 0x14,
    0x00, 0x07, 0xEC, 0xFF, 0x00, 0x0A, 0x00, 0xF9, 0x23, 0xFF, 0x00, 0xEC, 0xFF, 0x0E, 0x00, 0xFF,
    0x00, 0x14, 0x01, 0x00, 0x06, 0xA2, 0xFF, 0xF4, 0x0A, 0xFF, 0x00, 0x0A, 0xFF, 0x0C, 0x00, 0x00,
    0x00, 0x19, 0xFF, 0x00, 0xEC, 0xFF, 0xF4, 0x00, 0xFF, 0x00, 0x14, 0x00, 0x06, 0xEC, 0xFF, 0x00,
    0x0A, 0x00, 0xFA, 0x23, 0xFF, 0x00, 0xEC, 0xFF, 0x0C, 0x00, 0xFF, 0x00, 0x14, 0x01, 0x00, 0x04,
    0xA2, 0xFF, 0xF8, 0x0A, 0xFF, 0x00, 0x0A, 0xFF, 0x08, 0x00, 0x00, 0x00, 0x19, 0xFF, 0x00, 0xEC,
    0xFF, 0xF8, 0x00, 0xFF, 0x00, 0x14, 0x00, 0x04, 0xEC, 0xFF, 0x00, 0x0A, 0x00, 0xFC, 0x23, 0xFF,
    0x00, 0xEC, 0xFF, 0x08, 0x00, 0xFF, 0x00, 0x14, 0x01, 0x00, 0x03, 0xA2, 0xFF, 0xFA, 0x0A, 0xFF,
    0x00, 0x0A, 0xFF, 0x06, 0x00, 0x00, 0x00, 0x19, 0xFF, 0x00, 0xEC, 0xFF, 0xFA, 0x00, 0xFF, 0x00,
    0x14, 0x00, 0x03, 0xEC, 0xFF, 0x00, 0x0A, 0x00, 0xFD, 0x23, 0xFF, 0x00, 0xEC, 0xFF, 0x06, 0x00,
    0xFF, 0x00, 0x14, 0x01, 0x00, 0x01, 0xA2, 0xFF, 0xFE, 0x0A, 0xFF, 0x00, 0x0A, 0xFF, 0x02, 0x00,
    0x00, 0x00, 0x19, 0xFF, 0x00, 0xEC, 0xFF, 0xFE, 0x00, 0xFF, 0x00, 0x14, 0x00, 0x01, 0xEC, 0xFF,
    0x00, 0x0A, 0x00, 0xFF, 0x23, 0xFF, 0x00, 0xEC, 0xFF, 0x02, 0x00, 0xFF, 0x00, 0x14, 0x01, 0x00,
    0x00, 0xA2, 0xFF, 0x00, 0x0A, 0xFF, 0x00, 0x0A, 0xFF, 0x00, 0x00, 0x00, 0x00, 0x19, 0xFF, 0x00,
    0xEC, 0xFF, 0x00, 0x00, 0xFF, 0x00, 0x14, 0x00, 0x00, 0xEC, 0xFF, 0x00, 0x0A, 0x00, 0x00, 0x23,
    0xFF, 0x00, 0xEC, 0xFF, 0x00, 0x00, 0xFF, 0x00, 0x14, 0x01, 0x00, 0xFF, 0xA2, 0xFF, 0x02, 0x0A,
    0xFF, 0x00, 0x0A, 0xFF, 0xFE, 0x00, 0x00, 0x00, 0x19, 0xFF, 0x00, 0xEC, 0xFF, 0x02, 0x00, 0xFF,
    0x00, 0x14, 0x00, 0xFF, 0xEC, 0xFF, 0x00, 0x0A, 0x00, 0x01, 0x23, 0xFF, 0x00, 0xEC, 0xFF, 0xFE,
    0x00, 0xFF, 0x00, 0x14, 0x01, 0x00, 0xFD, 0xA2, 0xFF, 0x06, 0x0A, 0xFF, 0x00, 0x0A, 0xFF, 0xFA,
    0x00, 0x00, 0x00, 0x19, 0xFF, 0x00, 0xEC, 0xFF, 0x06, 0x00, 0xFF, 0x00, 0x14, 0x00, 0xFD, 0xEC,
    0xFF, 0x00, 0x0A, 0x00, 0x03, 0x23, 0xFF, 0x00, 0xEC, 0xFF, 0xFA, 0x00, 0xFF, 0x00, 0x14, 0x01,
    0x00, 0xFC, 0xA2, 0xFF, 0x08, 0x0A, 0xFF, 0x00, 0x0A, 0xFF, 0xF8, 0x00, 0x00, 0x00, 0x19, 0xFF,
    0x00, 0xEC, 0xFF, 0x08, 0x00, 0xFF, 0x00, 0x14, 0x00, 0xFC, 0xEC, 0xFF, 0x00, 0x0A, 0x00, 0x04,
    0x23, 0xFF, 0x00, 0xEC, 0xFF, 0xF8, 0x00, 0xFF, 0x00, 0x14, 0x01, 0x00, 0xFA, 0xA2, 0xFF, 0x0C,
    0x0A, 0xFF, 0x00, 0x0A, 0xFF, 0xF4, 0x00, 0x00, 0x00, 0x19, 0xFF, 0x00, 0xEC, 0xFF, 0x0C, 0x00,
    0xFF, 0x00, 0x14, 0x00, 0xFA, 0xEC, 0xFF, 0x00, 0x0A, 0x00, 0x06, 0x23, 0xFF, 0x00, 0xEC, 0xFF,
    0xF4, 0x00, 0xFF, 0x00, 0x14, 0x01, 0x00, 0xF9, 0xA2, 0xFF, 0x0E, 0x0A, 0xFF, 0x00, 0x0A, 0xFF,
    0xF2, 0x00, 0x00, 0x00, 0x19, 0xFF, 0x00, 0xEC, 0xFF, 0x0E, 0x00, 0xFF, 0x00, 0x14, 0x00, 0xF9,
    0xEC, 0xFF, 0x00, 0x0A, 0x00, 0x07, 0x23, 0xFF, 0x00, 0xEC, 0xFF, 0xF2, 0x00, 0xFF, 0x00, 0x14,
    0x01, 0x00, 0xF8, 0xA2, 0xFF, 0x10, 0x0A, 0xFF, 0x00, 0x0A, 0xFF, 0xF0, 0x00, 0x00, 0x00, 0x19,
    0xFF, 0x00, 0xEC, 0xFF, 0x10, 0x00, 0xFF, 0x00, 0x14, 0x00, 0xF8, 0xEC, 0xFF, 0x00, 0x0A, 0x00,
    0x08, 0x23, 0xFF, 0x00, 0xEC, 0xFF, 0xF0, 0x00, 0xFF, 0x00, 0x14, 0x01, 0x00, 0xF8, 0xA2, 0xFF,
    0x10, 0x0A, 0xFF, 0x00, 0x0A, 0xFF, 0xF0, 0x00, 0x00, 0x00, 0x19, 0xFF, 0x00, 0xEC, 0xFF, 0x10,
    0x00, 0xFF, 0x00, 0x14, 0x00, 0xF8, 0xEC, 0xFF, 0x00, 0x0A, 0x00, 0x08, 0x23, 0xFF, 0x00, 0xEC,
    0xFF, 0xF0, 0x00, 0xFF, 0x00, 0x14, 0x01, 0x00, 0xF8, 0xA2, 0xFF, 0x10, 0x0A, 0xFF, 0x00, 0x0A,
    0xFF, 0xF0, 0x00, 0x00, 0x00, 0x19, 0xFF, 0x00, 0xEC, 0xFF, 0x10, 0x00, 0xFF, 0x00, 0x14, 0x00,
    0xF8, 0xEC, 0xFF, 0x00, 0x0A, 0x00, 0x08, 0x23, 0xFF, 0x00, 0xEC, 0xFF, 0xF0, 0x00, 0xFF, 0x00,
    0x14, 0x01, 0x00, 0xF8, 0xA2, 0xFF, 0x10, 0x0A, 0xFF, 0x00, 0x0A, 0xFF, 0xF0, 0x00, 0x00, 0x00,
    0x19, 0xFF, 0x00, 0xEC, 0xFF, 0x10, 0x00, 0xFF, 0x00, 0x14, 0x00, 0xF8, 0xEC, 0xFF, 0x00, 0x0A,
    0x00, 0x08, 0x23, 0xFF, 0x00, 0xEC, 0xFF, 0xF0, 0x00, 0xFF, 0x00, 0x14, 0x01, 0x00, 0xF8, 0xA2,
    0xFF, 0x10, 0x0A, 0xFF, 0x00, 0x0A, 0xFF, 0xF0, 0x00, 0x00, 0x00, 0x19, 0xFF, 0x00, 0xEC, 0xFF,
    0x10, 0x00, 0xFF, 0x00, 0x14, 0x00, 0xF8, 0xEC, 0xFF, 0x00, 0x0A, 0x00, 0x08, 0x23, 0xFF, 0x00,
    0xEC, 0xFF, 0xF0, 0x00, 0xFF, 0x00, 0x14, 0x01, 0x00, 0xF9, 0xA2, 0xFF, 0x0E, 0x0A, 0xFF, 0x00,
    0x0A, 0xFF, 0xF2, 0x00, 0x00, 0x00, 0x19, 0xFF, 0x00, 0xEC, 0xFF, 0x0E, 0x00, 0xFF, 0x00, 0x14,
    0x00, 0xF9, 0xEC, 0xFF, 0x00, 0x0A, 0x00, 0x07, 0x23, 0xFF, 0x00, 0xEC, 0xFF, 0xF2, 0x00, 0xFF,
    0x00, 0x14, 0x01, 0x00, 0xFA, 0xA2, 0xFF, 0x0C, 0x0A, 0xFF, 0x00, 0x0A, 0xFF, 0xF4, 0x00, 0x00,
    0x00, 0x19, 0xFF, 0x00, 0xEC, 0xFF, 0x0C, 0x00, 0xFF, 0x00, 0x14, 0x00, 0xFA, 0xEC, 0xFF, 0x00,
    0x0A, 0x00, 0x06, 0x23, 0xFF, 0x00, 0xEC, 0xFF, 0xF4, 0x00, 0xFF, 0x00, 0x14, 0x01, 0x00, 0xFC,
    0xA2, 0xFF, 0x08, 0x0A, 0xFF, 0x00, 0x0A, 0xFF, 0xF8, 0x00, 0x00, 0x00, 0x19, 0xFF, 0x00, 0xEC,
    0xFF, 0x08, 0x00, 0xFF, 0x00, 0x14, 0x00, 0xFC, 0xEC, 0xFF, 0x00, 0x0A, 0x00, 0x04, 0x23, 0xFF,
    0x00, 0xEC, 0xFF, 0xF8, 0x00, 0xFF, 0x00, 0x14, 0x01, 0x00, 0xFD, 0xA2, 0xFF, 0x06, 0x0A, 0xFF,
    0x00, 0x0A, 0xFF, 0xFA, 0x00, 0x00, 0x00, 0x19, 0xFF, 0x00, 0xEC, 0xFF, 0x06, 0x00, 0xFF, 0x00,
    0x14, 0x00, 0xFD, 0xEC, 0xFF, 0x00, 0x0A, 0x00, 0x03, 0x23, 0xFF, 0x00, 0xEC, 0xFF, 0xFA, 0x00,
    0xFF, 0x00, 0x14, 0x01, 0x00, 0xFF, 0xA2, 0xFF, 0x02, 0x0A, 0xFF, 0x00, 0x0A, 0xFF, 0xFE, 0x00,
    0x00, 0x00, 0x19, 0xFF, 0x00, 0xEC, 0xFF, 0x02, 0x00, 0xFF, 0x00, 0x14, 0x00, 0xFF, 0xEC, 0xFF,
    0x00, 0x0A, 0x00, 0x01, 0x23, 0xFF, 0x00, 0xEC, 0xFF, 0xFE, 0x00, 0xFF, 0x00, 0x14, 0x01, 0x00,
    0x00, 0xA2, 0xFF, 0x00, 0x0A, 0xFF, 0x00, 0x0A, 0xFF, 0x00, 0x00, 0x00, 0x00, 0x19, 0xFF, 0x00,
    0xEC, 0xFF, 0x00, 0x00, 0xFF, 0x00, 0x14, 0x00, 0x00, 0xEC, 0xFF, 0x00, 0x0A, 0x00, 0x00, 0x23,
    0xFF, 0x00, 0xEC, 0xFF, 0x00, 0x00, 0xFF, 0x00, 0x14, 0x01, 0x00, 0x01, 0xA2, 0xFF, 0xFE, 0x0A,
    0xFF, 0x00, 0x0A, 0xFF, 0x02, 0x00, 0x00, 0x00, 0x19, 0xFF, 0x00, 0xEC, 0xFF, 0xFE, 0x00, 0xFF,
    0x00, 0x14, 0x00, 0x01, 0xEC, 0xFF, 0x00, 0x0A, 0x00, 0xFF, 0x23, 0xFF, 0x00, 0xEC, 0xFF, 0x02,
    0x00, 0xFF, 0x00, 0x14, 0x01, 0x00, 0x03, 0xA2, 0xFF, 0xFA, 0x0A, 0xFF, 0x00, 0x0A, 0xFF, 0x06,
    0x00, 0x00, 0x00, 0x19, 0xFF, 0x00, 0xEC, 0xFF, 0xFA, 0x00, 0xFF, 0x00, 0x14, 0x00, 0x03, 0xEC,
    0xFF, 0x00, 0x0A, 0x00, 0xFD, 0x23, 0xFF, 0x00, 0xEC, 0xFF, 0x06, 0x00, 0xFF, 0x00, 0x14, 0x01,
    0x00, 0x04, 0xA2, 0xFF, 0xF8, 0x0A, 0xFF, 0x00, 0x0A, 0xFF, 0x08, 0x00, 0x00, 0x00, 0x19, 0xFF,
    0x00, 0xEC, 0xFF, 0xF8, 0x00, 0xFF, 0x00, 0x14, 0x00, 0x04, 0xEC, 0xFF, 0x00, 0x0A, 0x00, 0xFC,
    0x23, 0xFF, 0x00, 0xEC, 0xFF, 0x08, 0x00, 0xFF, 0x00, 0x14, 0x01, 0x00, 0x06, 0xA2, 0xFF, 0xF4,
    0x0A, 0xFF, 0x00, 0x0A, 0xFF, 0x0C, 0x00, 0x00, 0x00, 0x19, 0xFF, 0x00, 0xEC, 0xFF, 0xF4, 0x00,
    0xFF, 0x00, 0x14, 0x00, 0x06, 0xEC, 0xFF, 0x00, 0x0A, 0x00, 0xFA, 0x23, 0xFF, 0x00, 0xEC, 0xFF,
    0x0C, 0x00, 0xFF, 0x00, 0x14, 0x01, 0x00, 0x07, 0xA2, 0xFF, 0xF2, 0x0A, 0xFF, 0x00, 0x0A, 0xFF,
    0x0E, 0x00, 0x00, 0x00, 0x19, 0xFF, 0x00, 0xEC, 0xFF, 0xF2, 0x00, 0xFF, 0x00, 0x14, 0x00, 0x07,
    0xEC, 0xFF, 0x00, 0x0A, 0x00, 0xF9, 0x23, 0xFF, 0x00, 0xEC, 0xFF, 0x0E, 0x00, 0xFF, 0x00, 0x14,
    0x01, 0x00, 0x08, 0xA2, 0xFF, 0xF0, 0x0A, 0xFF, 0x00, 0x0A, 0xFF, 0x10, 0x00, 0x00, 0x00, 0x19,
    0xFF, 0x00, 0xEC, 0xFF, 0xF0, 0x00, 0xFF, 0x00, 0x14, 0x00, 0x08, 0xEC, 0xFF, 0x00, 0x0A, 0x00,
    0xF8, 0x23, 0xFF, 0x00, 0xEC, 0xFF, 0x10, 0x00, 0xFF, 0x00, 0x14, 0x01, 0x00, 0x08, 0xA2, 0xFF,
    0xF0, 0x0A, 0xFF, 0x00, 0x0A, 0xFF, 0x10, 0x00, 0x00, 0x00, 0x19, 0xFF, 0x00, 0xEC, 0xFF, 0xF0,
    0x00, 0xFF, 0x00, 0x14, 0x00, 0x08, 0xEC, 0xFF, 0x00, 0x0A, 0x00, 0xF8, 0x23, 0xFF, 0x00, 0xEC,
    0xFF, 0x10, 0x00, 0xFF, 0x00, 0x14, 0x01, 0x00, 0xF7, 0xF7, 0xFF, 0x12, 0x00, 0x00, 0x00, 0xF6,
    0xFF, 0x00, 0x13, 0x00, 0x00, 0x04, 0xFF, 0xEE, 0x00, 0xFF, 0x00, 0x14, 0xFF, 0x12, 0x00, 0xFF,
    0x00, 0xEC, 0x00, 0xEE, 0x19, 0xFF, 0x12, 0x00, 0xFF, 0x00, 0x14, 0xFF, 0xF7, 0x00, 0xFF, 0x00,
    0xEC, 0x01, 0x00, 0xF8, 0xF7, 0xFF, 0x10, 0x00, 0x00, 0x00, 0xF6, 0xFF, 0x00, 0x13, 0x00, 0x00,
    0x04, 0xFF, 0xF0, 0x00, 0xFF, 0x00, 0x14, 0xFF, 0x10, 0x00, 0xFF, 0x00, 0xEC, 0x00, 0xF0, 0x19,
    0xFF, 0x10, 0x00, 0xFF, 0x00, 0x14, 0xFF, 0xF8, 0x00, 0xFF, 0x00, 0xEC, 0x01, 0x00, 0xF8, 0xF7,
    0xFF, 0x10, 0x00, 0x00, 0x00, 0xF6, 0xFF, 0x00, 0x13, 0x00, 0x00, 0x04, 0xFF, 0xF0, 0x00, 0xFF,
    0x00, 0x14, 0xFF, 0x10, 0x00, 0xFF, 0x00, 0xEC, 0x00, 0xF0, 0x19, 0xFF, 0x10, 0x00, 0xFF, 0x00,
    0x14, 0xFF, 0xF8, 0x00, 0xFF, 0x00, 0xEC, 0x01, 0x00, 0xF9, 0xF7, 0xFF, 0x0E, 0x00, 0x00, 0x00,
    0xF6, 0xFF, 0x00, 0x13, 0x00, 0x00, 0x04, 0xFF, 0xF2, 0x00, 0xFF, 0x00, 0x14, 0xFF, 0x0E, 0x00,
    0xFF, 0x00, 0xEC, 0x00, 0xF2, 0x19, 0xFF, 0x0E, 0x00, 0xFF, 0x00, 0x14, 0xFF, 0xF9, 0x00, 0xFF,
    0x00, 0xEC, 0x01, 0x00, 0xFA, 0xF7, 0xFF, 0x0C, 0x00, 0x00, 0x00, 0xF6, 0xFF, 0x00, 0x13, 0x00,
    0x00, 0x04, 0xFF, 0xF4, 0x00, 0xFF, 0x00, 0x14, 0xFF, 0x0C, 0x00, 0xFF, 0x00, 0xEC, 0x00, 0xF4,
    0x19, 0xFF, 0x0C, 0x00, 0xFF, 0x00, 0x14, 0xFF, 0xFA, 0x00, 0xFF, 0x00, 0xEC, 0x01, 0x00, 0xFC,
    0xF7, 0xFF, 0x08, 0x00, 0x00, 0x00, 0xF6, 0xFF, 0x00, 0x13, 0x00, 0x00, 0x04, 0xFF, 0xF8, 0x00,
    0xFF, 0x00, 0x14, 0xFF, 0x08, 0x00, 0xFF, 0x00, 0xEC, 0x00, 0xF8, 0x19, 0xFF, 0x08, 0x00, 0xFF,
    0x00, 0x14, 0xFF, 0xFC, 0x00, 0xFF, 0x00, 0xEC, 0x01, 0x00, 0xFD, 0xF7, 0xFF, 0x06, 0x00, 0x00,
    0x00, 0xF6, 0xFF, 0x00, 0x13, 0x00, 0x00, 0x04, 0xFF, 0xFA, 0x00, 0xFF, 0x00, 0x14, 0xFF, 0x06,
    0x00, 0xFF, 0x00, 0xEC, 0x00, 0xFA, 0x19, 0xFF, 0x06, 0x00, 0xFF, 0x00, 0x14, 0xFF, 0xFD, 0x00,
    0xFF, 0x00, 0xEC, 0x01, 0x00, 0xFF, 0xF7, 0xFF, 0x02, 0x00, 0x00, 0x00, 0xF6, 0xFF, 0x00, 0x13,
    0x00, 0x00, 0x04, 0xFF, 0xFE, 0x00, 0xFF, 0x00, 0x14, 0xFF, 0x02, 0x00, 0xFF, 0x00, 0xEC, 0x00,
    0xFE, 0x19, 0xFF, 0x02, 0x00, 0xFF, 0x00, 0x14, 0xFF, 0xFF, 0x00, 0xFF, 0x00, 0xEC, 0x01, 0x00,
    0x00, 0xF7, 0xFF, 0x00, 0x00, 0x00, 0x00, 0xF6, 0xFF, 0x00, 0x13, 0x00, 0x00, 0x04, 0xFF, 0x00,
    0x00, 0xFF, 0x00, 0x14, 0xFF, 0x00, 0x00, 0xFF, 0x00, 0xEC, 0x00, 0x00, 0x19, 0xFF, 0x00, 0x00,
    0xFF, 0x00, 0x14, 0xFF, 0x00, 0x00, 0xFF, 0x00, 0xEC, 0x01, 0x00, 0x01, 0xF7, 0xFF, 0xFE, 0x00,
    0x00, 0x00, 0xF6, 0xFF, 0x00, 0x13, 0x00, 0x00, 0x04, 0xFF, 0x02, 0x00, 0xFF, 0x00, 0x14, 0xFF,
    0xFE, 0x00, 0xFF, 0x00, 0xEC, 0x00, 0x02, 0x19, 0xFF, 0xFE, 0x00, 0xFF, 0x00, 0x14, 0xFF, 0x01,
    0x00, 0xFF, 0x00, 0xEC, 0x01, 0x00, 0x03, 0xF7, 0xFF, 0xFA, 0x00, 0x00, 0x00, 0xF6, 0xFF, 0x00,
    0x13, 0x00, 0x00, 0x04, 0xFF, 0x06, 0x00, 0xFF, 0x00, 0x14, 0xFF, 0xFA, 0x00, 0xFF, 0x00, 0xEC,
    0x00, 0x06, 0x19, 0xFF, 0xFA, 0x00, 0xFF, 0x00, 0x14, 0xFF, 0x03, 0x00, 0xFF, 0x00, 0xEC, 0x01,
    0x00, 0x04, 0xF7, 0xFF, 0xF8, 0x00, 0x00, 0x00, 0xF6, 0xFF, 0x00, 0x13, 0x00, 0x00, 0x04, 0xFF,
    0x08, 0x00, 0xFF, 0x00, 0x14, 0xFF, 0xF8, 0x00, 0xFF, 0x00, 0xEC, 0x00, 0x08, 0x19, 0xFF, 0xF8,
    0x00, 0xFF, 0x00, 0x14, 0xFF, 0x04, 0x00, 0xFF, 0x00, 0xEC, 0x01, 0x00, 0x06, 0xF7, 0xFF, 0xF4,
    0x00, 0x00, 0x00, 0xF6, 0xFF, 0x00, 0x13, 0x00, 0x00, 0x04, 0xFF, 0x0C, 0x00, 0xFF, 0x00, 0x14,
    0xFF, 0xF4, 0x00, 0xFF, 0x00, 0xEC, 0x00, 0x0C, 0x19, 0xFF, 0xF4, 0x00, 0xFF, 0x00, 0x14, 0xFF,
    0x06, 0x00, 0xFF, 0x00, 0xEC, 0x01, 0x00, 0x07, 0xF7, 0xFF, 0xF2, 0x00, 0x00, 0x00, 0xF6, 0xFF,
    0x00, 0x13, 0x00, 0x00, 0x04, 0xFF, 0x0E, 0x00, 0xFF, 0x00, 0x14, 0xFF, 0xF2, 0x00, 0xFF, 0x00,
    0xEC, 0x00, 0x0E, 0x19, 0xFF, 0xF2, 0x00, 0xFF, 0x00, 0x14, 0xFF, 0x07, 0x00, 0xFF, 0x00, 0xEC,
    0x01, 0x00, 0x08, 0xF7, 0xFF, 0xF0, 0x00, 0x00, 0x00, 0xF6, 0xFF, 0x00, 0x13, 0x00, 0x00, 0x04,
    0xFF, 0x10, 0x00, 0xFF, 0x00, 0x14, 0xFF, 0xF0, 0x00, 0xFF, 0x00, 0xEC, 0x00, 0x10, 0x19, 0xFF,
    0xF0, 0x00, 0xFF, 0x00, 0x14, 0xFF, 0x08, 0x00, 0xFF, 0x00, 0xEC, 0x01, 0x00, 0x08, 0xF7, 0xFF,
    0xF0, 0x00, 0x00, 0x00, 0xF6, 0xFF, 0x00, 0x13, 0x00, 0x00, 0x04, 0xFF, 0x10, 0x00, 0xFF, 0x00,
    0x14, 0xFF, 0xF0, 0x00, 0xFF, 0x00, 0xEC, 0x00, 0x10, 0x19, 0xFF, 0xF0, 0x00, 0xFF, 0x00, 0x14,
    0xFF, 0x08, 0x00, 0xFF, 0x00, 0xEC, 0x01, 0x00, 0x08, 0xF7, 0xFF, 0xF0, 0x00, 0x00, 0x00, 0xF6,
    0xFF, 0x00, 0x13, 0x00, 0x00, 0x04, 0xFF, 0x10, 0x00, 0xFF, 0x00, 0x14, 0xFF, 0xF0, 0x00, 0xFF,
    0x00, 0xEC, 0x00, 0x10, 0x19, 0xFF, 0xF0, 0x00, 0xFF, 0x00, 0x14, 0xFF, 0x08, 0x00, 0xFF, 0x00,
    0xEC, 0x01, 0x00, 0x08, 0xF7, 0xFF, 0xF0, 0x00, 0x00, 0x00, 0xF6, 0xFF, 0x00, 0x13, 0x00, 0x00,
    0x04, 0xFF, 0x10, 0x00, 0xFF, 0x00, 0x14, 0xFF, 0xF0, 0x00, 0xFF, 0x00, 0xEC, 0x00, 0x10, 0x19,
    0xFF, 0xF0, 0x00, 0xFF, 0x00, 0x14, 0xFF, 0x08, 0x00, 0xFF, 0x00, 0xEC, 0x01, 0x00, 0x08, 0xF7,
    0xFF, 0xF0, 0x00, 0x00, 0x00, 0xF6, 0xFF, 0x00, 0x13, 0x00, 0x00, 0x04, 0xFF, 0x10, 0x00, 0xFF,
    0x00, 0x14, 0xFF, 0xF0, 0x00, 0xFF, 0x00, 0xEC, 0x00, 0x10, 0x19, 0xFF, 0xF0, 0x00, 0xFF, 0x00,
    0x14, 0xFF, 0x08, 0x00, 0xFF, 0x00, 0xEC, 0x01, 0x00, 0x07, 0xF7, 0xFF, 0xF2, 0x00, 0x00, 0x00,
    0xF6, 0xFF, 0x00, 0x13, 0x00, 0x00, 0x04, 0xFF, 0x0E, 0x00, 0xFF, 0x00, 0x14, 0xFF, 0xF2, 0x00,
    0xFF, 0x00, 0xEC, 0x00, 0x0E, 0x19, 0xFF, 0xF2, 0x00, 0xFF, 0x00, 0x14, 0xFF, 0x07, 0x00, 0xFF,
    0x00, 0xEC, 0x01, 0x00, 0x06, 0xF7, 0xFF, 0xF4, 0x00, 0x00, 0x00, 0xF6, 0xFF, 0x00, 0x13, 0x00,
    0x00, 0x04, 0xFF, 0x0C, 0x00, 0xFF, 0x00, 0x14, 0xFF, 0xF4, 0x00, 0xFF, 0x00, 0xEC, 0x00, 0x0C,
    0x19, 0xFF, 0xF4, 0x00, 0xFF, 0x00, 0x14, 0xFF, 0x06, 0x00, 0xFF, 0x00, 0xEC, 0x01, 0x00, 0x04,
    0xF7, 0xFF, 0xF8, 0x00, 0x00, 0x00, 0xF6, 0xFF, 0x00, 0x13, 0x00, 0x00, 0x04, 0xFF, 0x08, 0x00,
    0xFF, 0x00, 0x14, 0xFF, 0xF8, 0x00, 0xFF, 0x00, 0xEC, 0x00, 0x08, 0x19, 0xFF, 0xF8, 0x00, 0xFF,
    0x00, 0x14, 0xFF, 0x04, 0x00, 0xFF, 0x00, 0xEC, 0x01, 0x00, 0x03, 0xF7, 0xFF, 0xFA, 0x00, 0x00,
    0x00, 0xF6, 0xFF, 0x00, 0x13, 0x00, 0x00, 0x04, 0xFF, 0x06, 0x00, 0xFF, 0x00, 0x14, 0xFF, 0xFA,
    0x00, 0xFF, 0x00, 0xEC, 0x00, 0x06, 0x19, 0xFF, 0xFA, 0x00, 0xFF, 0x00, 0x14, 0xFF, 0x03, 0x00,
    0xFF, 0x00, 0xEC, 0x01, 0x00, 0x01, 0xF7, 0xFF, 0xFE, 0x00, 0x00, 0x00, 0xF6, 0xFF, 0x00, 0x13,
    0x00, 0x00, 0x04, 0xFF, 0x02, 0x00, 0xFF, 0x00, 0x14, 0xFF, 0xFE, 0x00, 0xFF, 0x00, 0xEC, 0x00,
    0x02, 0x19, 0xFF, 0xFE, 0x00, 0xFF, 0x00, 0x14, 0xFF, 0x01, 0x00, 0xFF, 0x00, 0xEC, 0x01, 0x00,
    0x00, 0xF7, 0xFF, 0x00, 0x00, 0x00, 0x00, 0xF6, 0xFF, 0x00, 0x13, 0x00, 0x00, 0x04, 0xFF, 0x00,
    0x00, 0xFF, 0x00, 0x14, 0xFF, 0x00, 0x00, 0xFF, 0x00, 0xEC, 0x00, 0x00, 0x19, 0xFF, 0x00, 0x00,
    0xFF, 0x00, 0x14, 0xFF, 0x00, 0x00, 0xFF, 0x00, 0xEC, 0x01, 0x00, 0xFF, 0xF7, 0xFF, 0x02, 0x00,
    0x00, 0x00, 0xF6, 0xFF, 0x00, 0x13, 0x00, 0x00, 0x04, 0xFF, 0xFE, 0x00, 0xFF, 0x00, 0x14, 0xFF,
    0x02, 0x00, 0xFF, 0x00, 0xEC, 0x00, 0xFE, 0x19, 0xFF, 0x02, 0x00, 0xFF, 0x00, 0x14, 0xFF, 0xFF,
    0x00, 0xFF, 0x00, 0xEC, 0x01, 0x00, 0xFD, 0xF7, 0xFF, 0x06, 0x00, 0x00, 0x00, 0xF6, 0xFF, 0x00,
    0x13, 0x00, 0x00, 0x04, 0xFF, 0xFA, 0x00, 0xFF, 0x00, 0x14, 0xFF, 0x06, 0x00, 0xFF, 0x00, 0xEC,
    0x00, 0xFA, 0x19, 0xFF, 0x06, 0x00, 0xFF, 0x00, 0x14, 0xFF, 0xFD, 0x00, 0xFF, 0x00, 0xEC, 0x01,
    0x00, 0xFC, 0xF7, 0xFF, 0x08, 0x00, 0x00, 0x00, 0xF6, 0xFF, 0x00, 0x13, 0x00, 0x00, 0x04, 0xFF,
    0xF8, 0x00, 0xFF, 0x00, 0x14, 0xFF, 0x08, 0x00, 0xFF, 0x00, 0xEC, 0x00, 0xF8, 0x19, 0xFF, 0x08,
    0x00, 0xFF, 0x00, 0x14, 0xFF, 0xFC, 0x00, 0xFF, 0x00, 0xEC, 0x01, 0x00, 0xFA, 0xF7, 0xFF, 0x0C,
    0x00, 0x00, 0x00, 0xF6, 0xFF, 0x00, 0x13, 0x00, 0x00, 0x04, 0xFF, 0xF4, 0x00, 0xFF, 0x00, 0x14,
    0xFF, 0x0C, 0x00, 0xFF, 0x00, 0xEC, 0x00, 0xF4, 0x19, 0xFF, 0x0C, 0x00, 0xFF, 0x00, 0x14, 0xFF,
    0xFA, 0x00, 0xFF, 0x00, 0xEC, 0x01, 0x00, 0xF9, 0xF7, 0xFF, 0x0E, 0x00, 0x00, 0x00, 0xF6, 0xFF,
    0x00, 0x13, 0x00, 0x00, 0x04, 0xFF, 0xF2, 0x00, 0xFF, 0x00, 0x14, 0xFF, 0x0E, 0x00, 0xFF, 0x00,
    0xEC, 0x00, 0xF2, 0x19, 0xFF, 0x0E, 0x00, 0xFF, 0x00, 0x14, 0xFF, 0xF9, 0x00, 0xFF, 0x00, 0xEC,
    0x01, 0x00, 0xF8, 0xF7, 0xFF, 0x10, 0x00, 0x00, 0x00, 0xF6, 0xFF, 0x00, 0x13, 0x00, 0x00, 0x04,
    0xFF, 0xF0, 0x00, 0xFF, 0x00, 0x14, 0xFF, 0x10, 0x00, 0xFF, 0x00, 0xEC, 0x00, 0xF0, 0x19, 0xFF,
    0x10, 0x00, 0xFF, 0x00, 0x14, 0xFF, 0xF8, 0x00, 0xFF, 0x00, 0xEC, 0x01, 0x00, 0xF8, 0xF7, 0xFF,
    0x10, 0x00, 0x00, 0x00, 0xF6, 0xFF, 0x00, 0x13, 0x00, 0x00, 0x04, 0xFF, 0xF0, 0x00, 0xFF, 0x00,
    0x14, 0xFF, 0x10, 0x00, 0xFF, 0x00, 0xEC, 0x00, 0xF0, 0x19, 0xFF, 0x10, 0x00, 0xFF, 0x00, 0x14,
    0xFF, 0xF8, 0x00, 0xFF, 0x00, 0xEC, 0x01, 0x00, 0xF7, 0x36, 0xFF, 0x00, 0x14, 0x00, 0x00, 0xF6,
    0xFF, 0x12, 0x00, 0x00, 0x00, 0xF6, 0xFF, 0x00, 0x14, 0x00, 0xEE, 0x05, 0xFF, 0x12, 0x00, 0xFF,
    0x00, 0x0A, 0xFF, 0xEE, 0x0A, 0x00, 0x09, 0xF6, 0xFF, 0x00, 0xF6, 0x01, 0x00, 0xF8, 0x36, 0xFF,
    0x00, 0x14, 0x00, 0x00, 0xF6, 0xFF, 0x10, 0x00, 0x00, 0x00, 0xF6, 0xFF, 0x00, 0x14, 0x00, 0xF0,
    0x05, 0xFF, 0x10, 0x00, 0xFF, 0x00, 0x0A, 0xFF, 0xF0, 0x0A, 0x00, 0x08, 0xF6, 0xFF, 0x00, 0xF6,
    0x01, 0x00, 0xF8, 0x36, 0xFF, 0x00, 0x14, 0x00, 0x00, 0xF6, 0xFF, 0x10, 0x00, 0x00, 0x00, 0xF6,
    0xFF, 0x00, 0x14, 0x00, 0xF0, 0x05, 0xFF, 0x10, 0x00, 0xFF, 0x00, 0x0A, 0xFF, 0xF0, 0x0A, 0x00,
    0x08, 0xF6, 0xFF, 0x00, 0xF6, 0x01, 0x00, 0xF9, 0x36, 0xFF, 0x00, 0x14, 0x00, 0x00, 0xF6, 0xFF,
    0x0E, 0x00, 0x00, 0x00, 0xF6, 0xFF, 0x00, 0x14, 0x00, 0xF2, 0x05, 0xFF, 0x0E, 0x00, 0xFF, 0x00,
    0x0A, 0xFF, 0xF2, 0x0A, 0x00, 0x07, 0xF6, 0xFF, 0x00, 0xF6, 0x01, 0x00, 0xFA, 0x36, 0xFF, 0x00,
    0x14, 0x00, 0x00, 0xF6, 0xFF, 0x0C, 0x00, 0x00, 0x00, 0xF6, 0xFF, 0x00, 0x14, 0x00, 0xF4, 0x05,
    0xFF, 0x0C, 0x00, 0xFF, 0x00, 0x0A, 0xFF, 0xF4, 0x0A, 0x00, 0x06, 0xF6, 0xFF, 0x00, 0xF6, 0x01,
    0x00, 0xFC, 0x36, 0xFF, 0x00, 0x14, 0x00, 0x00, 0xF6, 0xFF, 0x08, 0x00, 0x00, 0x00, 0xF6, 0xFF,
    0x00, 0x14, 0x00, 0xF8, 0x05, 0xFF, 0x08, 0x00, 0xFF, 0x00, 0x0A, 0xFF, 0xF8, 0x0A, 0x00, 0x04,
    0xF6, 0xFF, 0x00, 0xF6, 0x01, 0x00, 0xFD, 0x36, 0xFF, 0x00, 0x14, 0x00, 0x00, 0xF6, 0xFF, 0x06,
    0x00, 0x00, 0x00, 0xF6, 0xFF, 0x00, 0x14, 0x00, 0xFA, 0x05, 0xFF, 0x06, 0x00, 0xFF, 0x00, 0x0A,
    0xFF, 0xFA, 0x0A, 0x00, 0x03, 0xF6, 0xFF, 0x00, 0xF6, 0x01, 0x00, 0xFF, 0x36, 0xFF, 0x00, 0x14,
    0x00, 0x00, 0xF6, 0xFF, 0x02, 0x00, 0x00, 0x00, 0xF6, 0xFF, 0x00, 0x14, 0x00, 0xFE, 0x05, 0xFF,
    0x02, 0x00, 0xFF, 0x00, 0x0A, 0xFF, 0xFE, 0x0A, 0x00, 0x01, 0xF6, 0xFF, 0x00, 0xF6, 0x01, 0x00,
    0x00, 0x36, 0xFF, 0x00, 0x14, 0x00, 0x00, 0xF6, 0xFF, 0x00, 0x00, 0x00, 0x00, 0xF6, 0xFF, 0x00,
    0x14, 0x00, 0x00, 0x05, 0xFF, 0x00, 0x00, 0xFF, 0x00, 0x0A, 0xFF, 0x00, 0x0A, 0x00, 0x00, 0xF6,
    0xFF, 0x00, 0xF6, 0x01, 0x00, 0x01, 0x36, 0xFF, 0x00, 0x14, 0x00, 0x00, 0xF6, 0xFF, 0xFE, 0x00,
    0x00, 0x00, 0xF6, 0xFF, 0x00, 0x14, 0x00, 0x02, 0x05, 0xFF, 0xFE, 0x00, 0xFF, 0x00, 0x0A, 0xFF,
    0x02, 0x0A, 0x00, 0xFF, 0xF6, 0xFF, 0x00, 0xF6, 0x01, 0x00, 0x03, 0x36, 0xFF, 0x00, 0x14, 0x00,
    0x00, 0xF6, 0xFF, 0xFA, 0x00, 0x00, 0x00, 0xF6, 0xFF, 0x00, 0x14, 0x00, 0x06, 0x05, 0xFF, 0xFA,
    0x00, 0xFF, 0x00, 0x0A, 0xFF, 0x06, 0x0A, 0x00, 0xFD, 0xF6, 0xFF, 0x00, 0xF6, 0x01, 0x00, 0x04,
    0x36, 0xFF, 0x00, 0x14, 0x00, 0x00, 0xF6, 0xFF, 0xF8, 0x00, 0x00, 0x00, 0xF6, 0xFF, 0x00, 0x14,
    0x00, 0x08, 0x05, 0xFF, 0xF8, 0x00, 0xFF, 0x00, 0x0A, 0xFF, 0x08, 0x0A, 0x00, 0xFC, 0xF6, 0xFF,
    0x00, 0xF6, 0x01, 0x00, 0x06, 0x36, 0xFF, 0x00, 0x14, 0x00, 0x00, 0xF6, 0xFF, 0xF4, 0x00, 0x00,
    0x00, 0xF6, 0xFF, 0x00, 0x14, 0x00, 0x0C, 0x05, 0xFF, 0xF4, 0x00, 0xFF, 0x00, 0x0A, 0xFF, 0x0C,
    0x0A, 0x00, 0xFA, 0xF6, 0xFF, 0x00, 0xF6, 0x01, 0x00, 0x07, 0x36, 0xFF, 0x00, 0x14, 0x00, 0x00,
    0xF6, 0xFF, 0xF2, 0x00, 0x00, 0x00, 0xF6, 0xFF, 0x00, 0x14, 0x00, 0x0E, 0x05, 0xFF, 0xF2, 0x00,
    0xFF, 0x00, 0x0A, 0xFF, 0x0E, 0x0A, 0x00, 0xF9, 0xF6, 0xFF, 0x00, 0xF6, 0x01, 0x00, 0x08, 0x36,
    0xFF, 0x00, 0x14, 0x00, 0x00, 0xF6, 0xFF, 0xF0, 0x00, 0x00, 0x00, 0xF6, 0xFF, 0x00, 0x14, 0x00,
    0x10, 0x05, 0xFF, 0xF0, 0x00, 0xFF, 0x00, 0x0A, 0xFF, 0x10, 0x0A, 0x00, 0xF8, 0xF6, 0xFF, 0x00,
    0xF6, 0x01, 0x00, 0x08, 0x36, 0xFF, 0x00, 0x14, 0x00, 0x00, 0xF6, 0xFF, 0xF0, 0x00, 0x00, 0x00,
    0xF6, 0xFF, 0x00, 0x14, 0x00, 0x10, 0x05, 0xFF, 0xF0, 0x00, 0xFF, 0x00, 0x0A, 0xFF, 0x10, 0x0A,
    0x00, 0xF8, 0xF6, 0xFF, 0x00, 0xF6, 0x01, 0x00, 0x08, 0x36, 0xFF, 0x00, 0x14, 0x00, 0x00, 0xF6,
    0xFF, 0xF0, 0x00, 0x00, 0x00, 0xF6, 0xFF, 0x00, 0x14, 0x00, 0x10, 0x05, 0xFF, 0xF0, 0x00, 0xFF,
    0x00, 0x0A, 0xFF, 0x10, 0x0A, 0x00, 0xF8, 0xF6, 0xFF, 0x00, 0xF6, 0x01, 0x00, 0x08, 0x36, 0xFF,
    0x00, 0x14, 0x00, 0x00, 0xF6, 0xFF, 0xF0, 0x00, 0x00, 0x00, 0xF6, 0xFF, 0x00, 0x14, 0x00, 0x10,
    0x05, 0xFF, 0xF0, 0x00, 0xFF, 0x00, 0x0A, 0xFF, 0x10, 0x0A, 0x00, 0xF8, 0xF6, 0xFF, 0x00, 0xF6,
    0x01, 0x00, 0x08, 0x36, 0xFF, 0x00, 0x14, 0x00, 0x00, 0xF6, 0xFF, 0xF0, 0x00, 0x00, 0x00, 0xF6,
    0xFF, 0x00, 0x14, 0x00, 0x10, 0x05, 0xFF, 0xF0, 0x00, 0xFF, 0x00, 0x0A, 0xFF, 0x10, 0x0A, 0x00,
    0xF8, 0xF6, 0xFF, 0x00, 0xF6, 0x01, 0x00, 0x07, 0x36, 0xFF, 0x00, 0x14, 0x00, 0x00, 0xF6, 0xFF,
    0xF2, 0x00, 0x00, 0x00, 0xF6, 0xFF, 0x00, 0x14, 0x00, 0x0E, 0x05, 0xFF, 0xF2, 0x00, 0xFF, 0x00,
    0x0A, 0xFF, 0x0E, 0x0A, 0x00, 0xF9, 0xF6, 0xFF, 0x00, 0xF6, 0x01, 0x00, 0x06, 0x36, 0xFF, 0x00,
    0x14, 0x00, 0x00, 0xF6, 0xFF, 0xF4, 0x00, 0x00, 0x00, 0xF6, 0xFF, 0x00, 0x14, 0x00, 0x0C, 0x05,
    0xFF, 0xF4, 0x00, 0xFF, 0x00, 0x0A, 0xFF, 0x0C, 0x0A, 0x00, 0xFA, 0xF6, 0xFF, 0x00, 0xF6, 0x01,
    0x00, 0x04, 0x36, 0xFF, 0x00, 0x14, 0x00, 0x00, 0xF6, 0xFF, 0xF8, 0x00, 0x00, 0x00, 0xF6, 0xFF,
    0x00, 0x14, 0x00, 0x08, 0x05, 0xFF, 0xF8, 0x00, 0xFF, 0x00, 0x0A, 0xFF, 0x08, 0x0A, 0x00, 0xFC,
    0xF6, 0xFF, 0x00, 0xF6, 0x01, 0x00, 0x03, 0x36, 0xFF, 0x00, 0x14, 0x00, 0x00, 0xF6, 0xFF, 0xFA,
    0x00, 0x00, 0x00, 0xF6, 0xFF, 0x00, 0x14, 0x00, 0x06, 0x05, 0xFF, 0xFA, 0x00, 0xFF, 0x00, 0x0A,
    0xFF, 0x06, 0x0A, 0x00, 0xFD, 0xF6, 0xFF, 0x00, 0xF6, 0x01, 0x00, 0x01, 0x36, 0xFF, 0x00, 0x14,
    0x00, 0x00, 0xF6, 0xFF, 0xFE, 0x00, 0x00, 0x00, 0xF6, 0xFF, 0x00, 0x14, 0x00, 0x02, 0x05, 0xFF,
    0xFE, 0x00, 0xFF, 0x00, 0x0A, 0xFF, 0x02, 0x0A, 0x00, 0xFF, 0xF6, 0xFF, 0x00, 0xF6, 0x01, 0x00,
    0x00, 0x36, 0xFF, 0x00, 0x14, 0x00, 0x00, 0xF6, 0xFF, 0x00, 0x00, 0x00, 0x00, 0xF6, 0xFF, 0x00,
    0x14, 0x00, 0x00, 0x05, 0xFF, 0x00, 0x00, 0xFF, 0x00, 0x0A, 0xFF, 0x00, 0x0A, 0x00, 0x00, 0xF6,
    0xFF, 0x00, 0xF6, 0x01, 0x00, 0xFF, 0x36, 0xFF, 0x00, 0x14, 0x00, 0x00, 0xF6, 0xFF, 0x02, 0x00,
    0x00, 0x00, 0xF6, 0xFF, 0x00, 0x14, 0x00, 0xFE, 0x05, 0xFF, 0x02, 0x00, 0xFF, 0x00, 0x0A, 0xFF,
    0xFE, 0x0A, 0x00, 0x01, 0xF6, 0xFF, 0x00, 0xF6, 0x01, 0x00, 0xFD, 0x36, 0xFF, 0x00, 0x14, 0x00,
    0x00, 0xF6, 0xFF, 0x06, 0x00, 0x00, 0x00, 0xF6, 0xFF, 0x00, 0x14, 0x00, 0xFA, 0x05, 0xFF, 0x06,
    0x00, 0xFF, 0x00, 0x0A, 0xFF, 0xFA, 0x0A, 0x00, 0x03, 0xF6, 0xFF, 0x00, 0xF6, 0x01, 0x00, 0xFC,
    0x36, 0xFF, 0x00, 0x14, 0x00, 0x00, 0xF6, 0xFF, 0x08, 0x00, 0x00, 0x00, 0xF6, 0xFF, 0x00, 0x14,
    0x00, 0xF8, 0x05, 0xFF, 0x08, 0x00, 0xFF, 0x00, 0x0A, 0xFF, 0xF8, 0x0A, 0x00, 0x04, 0xF6, 0xFF,
    0x00, 0xF6, 0x01, 0x00, 0xFA, 0x36, 0xFF, 0x00, 0x14, 0x00, 0x00, 0xF6, 0xFF, 0x0C, 0x00, 0x00,
    0x00, 0xF6, 0xFF, 0x00, 0x14, 0x00, 0xF4, 0x05, 0xFF, 0x0C, 0x00, 0xFF, 0x00, 0x0A, 0xFF, 0xF4,
    0x0A, 0x00, 0x06, 0xF6, 0xFF, 0x00, 0xF6, 0x01, 0x00, 0xF9, 0x36, 0xFF, 0x00, 0x14, 0x00, 0x00,
    0xF6, 0xFF, 0x0E, 0x00, 0x00, 0x00, 0xF6, 0xFF, 0x00, 0x14, 0x00, 0xF2, 0x05, 0xFF, 0x0E, 0x00,
    0xFF, 0x00, 0x0A, 0xFF, 0xF2, 0x0A, 0x00, 0x07, 0xF6, 0xFF, 0x00, 0xF6, 0x01, 0x00, 0xF8, 0x36,
    0xFF, 0x00, 0x14, 0x00, 0x00, 0xF6, 0xFF, 0x10, 0x00, 0x00, 0x00, 0xF6, 0xFF, 0x00, 0x14, 0x00,
    0xF0, 0x05, 0xFF, 0x10, 0x00, 0xFF, 0x00, 0x0A, 0xFF, 0xF0, 0x0A, 0x00, 0x08, 0xF6, 0xFF, 0x00,
    0xF6, 0x01, 0x00, 0xF8, 0x36, 0xFF, 0x00, 0x14, 0x00, 0x00, 0xF6, 0xFF, 0x10, 0x00, 0x00, 0x00,
    0xF6, 0xFF, 0x00, 0x14, 0x00, 0xF0, 0x05, 0xFF, 0x10, 0x00, 0xFF, 0x00, 0x0A, 0xFF, 0xF0, 0x0A,
    0x00, 0x08, 0xF6, 0xFF, 0x00, 0xF6, 0x01, 0x8E, 0xC8, 0x90, 0xBF, 0xC8, 0xB6, 0x86, 0x38, 0x8C,
    0xC8, 0x9C, 0x2B, 0x09, 0x86, 0x48, 0x8C, 0xC8, 0xA8, 0x2B, 0x02, 0x86, 0x60, 0xBD, 0xF2, 0xAB,
    0xB6, 0xC9, 0x06, 0x81, 0xFF, 0x26, 0x23, 0x8C, 0xC8, 0x90, 0x26, 0x1E, 0xBD, 0xF3, 0x0C, 0x8E,
    0x1E, 0x75, 0xC6, 0x50, 0xBD, 0xF4, 0x0E, 0xBD, 0xF3, 0x54, 0xBE, 0xC8, 0xB6, 0xBD, 0xF3, 0x0C,
    0x8E, 0x1E, 0x4A, 0xC6, 0x50, 0xBD, 0xF4, 0x0E, 0x20, 0x06, 0xBD, 0xF3, 0x0C, 0xBD, 0xF2, 0xC5,
    0xBD, 0xF3, 0x54, 0xBE, 0xC8, 0xB6, 0xA6, 0x01, 0xA0, 0x02, 0x29, 0x0A, 0xA7, 0x01, 0x30, 0x03,
    0x8C, 0xC8, 0xB4, 0x2B, 0xA5, 0x39, 0x86, 0x7F, 0xA7, 0x01, 0xBD, 0xF5, 0x11, 0xA7, 0x84, 0x20,
    0xED, 0xB6, 0xC8, 0x85, 0xBD, 0xF2, 0xAB, 0xFC, 0xC8, 0x83, 0xBD, 0xF2, 0xFC, 0x8E, 0x08, 0xC7,
    0xB6, 0xC8, 0x80, 0xC6, 0x2B, 0x3D, 0x30, 0x8B, 0xF6, 0xC8, 0x82, 0xBD, 0xF4, 0x0E, 0xBD, 0xF3,
    0x54, 0xFC, 0xC8, 0x83, 0xBD, 0xF2, 0xFC, 0x8E, 0x0E, 0x27, 0xB6, 0xC8, 0x80, 0xC6, 0x2B, 0x3D,
    0x30, 0x8B, 0xF6, 0xC8, 0x82, 0xBD, 0xF4, 0x0E, 0xBD, 0xF3, 0x54, 0xFC, 0xC8, 0x83, 0xBD, 0xF2,
    0xFC, 0x8E, 0x13, 0x87, 0xB6, 0xC8, 0x80, 0xC6, 0x25, 0x3D, 0x30, 0x8B, 0xF6, 0xC8, 0x82, 0xBD,
    0xF4, 0x0E, 0xBD, 0xF3, 0x54, 0x39, 0x7C, 0xC8, 0x81, 0xB6, 0xC8, 0x81, 0x81, 0x01, 0x26, 0x10,
    0x7F, 0xC8, 0x81, 0x7C, 0xC8, 0x80, 0xB6, 0xC8, 0x80, 0x81, 0x20, 0x26, 0x03, 0x7F, 0xC8, 0x80,
    0xB6, 0xC8, 0x82, 0x81, 0xA0, 0x27, 0x03, 0x7C, 0xC8, 0x82, 0xB6, 0xC8, 0x83, 0x81, 0x40, 0x27,
    0x03, 0x7C, 0xC8, 0x83, 0x39, 0x7F, 0xC9, 0x00, 0x7F, 0xC9, 0x01, 0x7F, 0xC8, 0x80, 0x86, 0x01,
    0xB7, 0xC9, 0x00, 0xB7, 0xC9, 0x01, 0x7F, 0xC9, 0x02, 0x7F, 0xC9, 0x03, 0x7F, 0xC9, 0x04, 0x7F,
    0xC9, 0x05, 0x7F, 0xC9, 0x06, 0x4F, 0xBD, 0xF1, 0xB4, 0x7F, 0xC8, 0x15, 0xBD, 0xF1, 0x92, 0xBD,
    0x18, 0x27, 0xBD, 0x18, 0x91, 0xB6, 0xC8, 0x85, 0x81, 0x7C, 0x2A, 0x0E, 0x7C, 0xC8, 0x85, 0x7C,
    0xC8, 0x85, 0x7C, 0xC8, 0x85, 0x7C, 0xC8, 0x85, 0x20, 0xE2, 0xBD, 0xF1, 0x92, 0xBD, 0x18, 0x27,
    0xBD, 0x18, 0x91, 0xBD, 0x1A, 0x0F, 0xB6, 0xC8, 0x85, 0x81, 0x58, 0x27, 0x03, 0x7A, 0xC8, 0x85,
    0x4F, 0xBD, 0xF1, 0xB4, 0x7D, 0xC8, 0x15, 0x27, 0x03, 0x7E, 0x1E, 0x94, 0xB6, 0xC9, 0x06, 0x81,
    0xFF, 0x27, 0x14, 0x7D, 0xC8, 0x13, 0x27, 0x0C, 0xB6, 0xC9, 0x06, 0x81, 0xFF, 0x27, 0x08, 0x7C,
    0xC9, 0x06, 0x20, 0x03, 0x7F, 0xC9, 0x06, 0x7D, 0xC8, 0x12, 0x27, 0x21, 0xB6, 0xC9, 0x01, 0x26,
    0x1F, 0x86, 0x01, 0xB7, 0xC9, 0x01, 0x7F, 0xC9, 0x04, 0x7F, 0xC9, 0x05, 0x7C, 0xC9, 0x00, 0xB6,
    0xC9, 0x00, 0x81, 0x08, 0x26, 0x0A, 0x86, 0x01, 0xB7, 0xC9, 0x00, 0x20, 0x03, 0x7F, 0xC9, 0x01,
    0xBD, 0x19, 0xEA, 0xFC, 0xC9, 0x02, 0xC3, 0x00, 0x01, 0xFD, 0xC9, 0x02, 0x10, 0x83, 0x01, 0x00,
    0x2B, 0x88, 0x7C, 0xC8, 0x80, 0xB6, 0xC8, 0x80, 0x81, 0x20, 0x10, 0x26, 0xFF, 0x7C, 0x7F, 0xC8,
    0x80, 0x7F, 0xC9, 0x02, 0x7F, 0xC9, 0x03, 0x7E, 0x19, 0x5A, 0xFC, 0xC9, 0x04, 0xC3, 0x00, 0x01,
    0xFD, 0xC9, 0x04, 0x10, 0x83, 0x01, 0x80, 0x26, 0x15, 0x7F, 0xC9, 0x04, 0x7F, 0xC9, 0x05, 0x7C,
    0xC9, 0x00, 0xB6, 0xC9, 0x00, 0x81, 0x08, 0x26, 0x05, 0x86, 0x01, 0xB7, 0xC9, 0x00, 0x39, 0x10,
    0x8E, 0x1D, 0x76, 0xB6, 0xC9, 0x00, 0x81, 0x01, 0x27, 0x3C, 0x10, 0x8E, 0x1D, 0x81, 0x81, 0x02,
    0x27, 0x34, 0x10, 0x8E, 0x1D, 0x94, 0x81, 0x03, 0x27, 0x2C, 0x10, 0x8E, 0x1D, 0xA3, 0x81, 0x04,
    0x27, 0x24, 0x10, 0x8E, 0x1D, 0xD3, 0x81, 0x05, 0x27, 0x1C, 0x10, 0x8E, 0x1D, 0xEA, 0x81, 0x06,
    0x27, 0x14, 0x10, 0x8E, 0x1E, 0x02, 0x81, 0x07, 0x27, 0x0C, 0x10, 0x8E, 0x1D, 0xBB, 0x81, 0x08,
    0x27, 0x04, 0x10, 0x8E, 0x1D, 0x6B, 0x86, 0x50, 0xBD, 0xF2, 0xAB, 0xBD, 0x1D, 0x20, 0x86, 0x40,
    0xBD, 0xF2, 0xAB, 0x39, 0xFF, 0x08, 0x00, 0xFF, 0x08, 0x08, 0xFF, 0xF8, 0x08, 0xFF, 0xF8, 0x00,
    0xFF, 0x08, 0xF8, 0x01, 0x01, 0x01, 0x01, 0x01, 0x01, 0x01, 0x01, 0x01, 0x01, 0x01, 0x01, 0x01,
    0xFF, 0x10, 0x00, 0xFF, 0x00, 0x08, 0xFF, 0xF8, 0x08, 0xFF, 0x00, 0xF8, 0xFF, 0xF8, 0x08, 0xFF,
    0x00, 0xF0, 0x01, 0x01, 0x01, 0x01, 0x01, 0x01, 0x01, 0x01, 0x01, 0x01, 0x00, 0x00, 0x10, 0xFF,
    0x00, 0xF8, 0xFF, 0x08, 0xF8, 0xFF, 0x08, 0x08, 0xFF, 0x00, 0x08, 0x01, 0x01, 0x01, 0x01, 0x01,
    0x01, 0x01, 0x01, 0x01, 0x01, 0x01, 0x01, 0x01, 0xFF, 0x10, 0x00, 0xFF, 0x00, 0x08, 0xFF, 0xF8,
    0x08, 0xFF, 0xF8, 0xF8, 0xFF, 0x00, 0xF8, 0x01, 0x01, 0x01, 0x01, 0x01, 0x01, 0x01, 0x01, 0x01,
    0x01, 0x01, 0x01, 0x01, 0x00, 0x00, 0x10, 0xFF, 0x00, 0xF8, 0xFF, 0x08, 0xF8, 0xFF, 0x08, 0x08,
    0xFF, 0x00, 0x08, 0x00, 0xF8, 0xF8, 0xFF, 0x00, 0xF8, 0x01, 0x01, 0x01, 0x01, 0x01, 0x01, 0x01,
    0x00, 0x00, 0x08, 0xFF, 0x08, 0xF8, 0xFF, 0x08, 0x08, 0xFF, 0x00, 0x08, 0x00, 0xF8, 0xF8, 0xFF,
    0x00, 0xF8, 0x01, 0x01, 0x01, 0x01, 0x01, 0x01, 0x01, 0x01, 0x01, 0x01, 0x00, 0x10, 0x10, 0xFF,
    0x00, 0xF8, 0xFF, 0xF8, 0xF8, 0xFF, 0xF8, 0x08, 0xFF, 0x00, 0x08, 0xFF, 0x08, 0x00, 0xFF, 0x00,
    0xF8, 0x01, 0x01, 0x01, 0x01, 0x01, 0x01, 0x01, 0xFF, 0x10, 0x00, 0x00, 0xF8, 0x00, 0xFF, 0x00,
    0x10, 0x00, 0x08, 0x00, 0xFF, 0xF0, 0x00, 0x01, 0x01, 0x01, 0x01, 0x01, 0x01, 0x01, 0x01, 0x01,
    0x01, 0x01, 0x01, 0x01, 0xFF, 0x00, 0x10, 0x00, 0x00, 0xF8, 0xFF, 0x10, 0x00, 0x00, 0x00, 0xF8,
    0xFF, 0x00, 0x10, 0x01, 0x01, 0x01, 0x01, 0x01, 0x01, 0x01, 0x01, 0x01, 0x01, 0x01, 0x01, 0x01,
    0x00, 0x08, 0x00, 0xFF, 0xF8, 0x08, 0xFF, 0x08, 0x08, 0xFF, 0x08, 0x00, 0x01, 0x01, 0x01, 0x01,
    0x01, 0x01, 0x01, 0x01, 0x01, 0x01, 0x01, 0x01, 0x01, 0x01, 0x01, 0x01, 0xFF, 0x10, 0x00, 0x00,
    0x00, 0x10, 0xFF, 0xF8, 0xF0, 0xFF, 0xF8, 0x10, 0x01, 0x01, 0x01, 0x01, 0x01, 0x01, 0x01, 0x01,
    0x01, 0x01, 0x01, 0x01, 0x01, 0x01, 0x01, 0x01, 0x00, 0x00, 0x10, 0xFF, 0x00, 0xF0, 0xFF, 0x10,
    0x00, 0x01, 0x01, 0x01, 0x01, 0x01, 0x01, 0x01, 0x01, 0x01, 0x01, 0x01, 0x01, 0x01, 0x01, 0x01,
    0x01, 0x01, 0x01, 0x01, 0xFF, 0x10, 0x00, 0xFF, 0xF8, 0x08, 0xFF, 0x08, 0x08, 0xFF, 0xF0, 0x00,
    0x01, 0x01, 0x01, 0x01, 0x01, 0x01, 0x01, 0x01, 0x01, 0x01, 0x01, 0x01, 0x01, 0x01, 0x01, 0x01,
    0xFF, 0x10, 0x00, 0xFF, 0xF0, 0x10, 0xFF, 0x10, 0x00, 0x01, 0x01, 0x01, 0x01, 0x01, 0x01, 0x01,
    0x01, 0x01, 0x01, 0x01, 0x01, 0x01, 0x01, 0x01, 0x01, 0x01, 0x01, 0x01, 0xFF, 0x10, 0x00, 0xFF,
    0x00, 0x10, 0xFF, 0xF0, 0x00, 0xFF, 0x00, 0xF0, 0x01, 0x01, 0x01, 0x01, 0x01, 0x01, 0x01, 0x01,
    0x01, 0x01, 0x01, 0x01, 0x01, 0x01, 0x01, 0x01, 0xFF, 0x10, 0x00, 0xFF, 0x00, 0x10, 0xFF, 0xF8,
    0x00, 0xFF, 0x00, 0xF0, 0x01, 0x01, 0x01, 0x01, 0x01, 0x01, 0x01, 0x01, 0x01, 0x01, 0x01, 0x01,
    0x01, 0x01, 0x01, 0x01, 0xFF, 0x10, 0x00, 0xFF, 0x00, 0x10, 0xFF, 0xF0, 0x00, 0xFF, 0x00, 0xF0,
    0x00, 0x08, 0x08, 0xFF, 0xF8, 0x08, 0x01, 0x01, 0x01, 0x01, 0x01, 0x01, 0x01, 0x01, 0x01, 0x01,
    0xFF, 0x10, 0x00, 0xFF, 0x00, 0x10, 0xFF, 0xF8, 0x00, 0xFF, 0x00, 0xF0, 0xFF, 0xF8, 0x10, 0x01,
    0x01, 0x01, 0x01, 0x01, 0x01, 0x01, 0x01, 0x01, 0x01, 0x01, 0x01, 0x01, 0xFF, 0x00, 0x10, 0xFF,
    0x08, 0x00, 0xFF, 0x00, 0xF0, 0xFF, 0x08, 0x00, 0xFF, 0x00, 0x10, 0x01, 0x01, 0x01, 0x01, 0x01,
    0x01, 0x01, 0x01, 0x01, 0x01, 0x01, 0x01, 0x01, 0x00, 0x00, 0x08, 0xFF, 0x10, 0x00, 0x00, 0x00,
    0xF8, 0xFF, 0x00, 0x10, 0x01, 0x01, 0x01, 0x01, 0x01, 0x01, 0x01, 0x01, 0x01, 0x01, 0x01, 0x01,
    0x01, 0x01, 0x01, 0x01, 0x00, 0x10, 0x00, 0xFF, 0xF0, 0x00, 0xFF, 0x00, 0x10, 0xFF, 0x10, 0x00,
    0x01, 0x01, 0x01, 0x01, 0x01, 0x01, 0x01, 0x01, 0x01, 0x01, 0x01, 0x01, 0x01, 0x01, 0x01, 0x01,
    0x00, 0x10, 0x00, 0xFF, 0xF0, 0x08, 0xFF, 0x10, 0x08, 0x01, 0x01, 0x01, 0x01, 0x01, 0x01, 0x01,
    0x01, 0x01, 0x01, 0x01, 0x01, 0x01, 0x01, 0x01, 0x01, 0x01, 0x01, 0x01, 0x00, 0x10, 0x00, 0xFF,
    0xF0, 0x00, 0xFF, 0x08, 0x08, 0xFF, 0xF8, 0x08, 0xFF, 0x10, 0x00, 0x01, 0x01, 0x01, 0x01, 0x01,
    0x01, 0x01, 0x01, 0x01, 0x01, 0x01, 0x01, 0x01, 0xFF, 0x10, 0x10, 0x00, 0x00, 0xF0, 0xFF, 0xF0,
    0x10, 0x01, 0x01, 0x01, 0x01, 0x01, 0x01, 0x01, 0x01, 0x01, 0x01, 0x01, 0x01, 0x01, 0x01, 0x01,
    0x01, 0x01, 0x01, 0x01, 0x00, 0x00, 0x08, 0xFF, 0x08, 0x00, 0xFF, 0x08, 0xF8, 0x00, 0x00, 0x10,
    0xFF, 0xF8, 0xF8, 0x01, 0x01, 0x01, 0x01, 0x01, 0x01, 0x01, 0x01, 0x01, 0x01, 0x01, 0x01, 0x01,
    0xEC, 0xA4, 0xFD, 0xC8, 0xB6, 0x31, 0x22, 0xA6, 0xA4, 0x81, 0xFF, 0x27, 0x1D, 0x34, 0x02, 0x34,
    0x20, 0x8E, 0xC8, 0xB6, 0xBD, 0xF3, 0x0C, 0xBD, 0x1D, 0x4B, 0xFC, 0xC8, 0xB6, 0xCB, 0x08, 0xFD,
    0xC8, 0xB6, 0x35, 0x20, 0x31, 0x21, 0x35, 0x02, 0x20, 0xDD, 0x39, 0x8E, 0x1A, 0x64, 0xA6, 0xA4,
    0x81, 0x20, 0x27, 0x13, 0x80, 0x40, 0x81, 0x01, 0x27, 0x08, 0x30, 0x88, 0x1C, 0x4A, 0x81, 0x01,
    0x26, 0xF8, 0xC6, 0x28, 0xBD, 0xF4, 0x0E, 0xBD, 0xF3, 0x54, 0x39, 0xC0, 0xE8, 0x57, 0x4F, 0x52,
    0x4D, 0x48, 0x4F, 0x4C, 0x45, 0xFF, 0xC0, 0xE8, 0x54, 0x52, 0x41, 0x4B, 0x4B, 0x45, 0x52, 0x53,
    0xFF, 0xC0, 0xC4, 0x56, 0x45, 0x43, 0x54, 0x52, 0x4F, 0x50, 0x4F, 0x4C, 0x49, 0x53, 0x20, 0x44,
    0x45, 0x4D, 0x4F, 0xFF, 0xC0, 0xC8, 0x43, 0x4F, 0x4E, 0x54, 0x52, 0x4F, 0x4C, 0x20, 0x54, 0x45,
    0x53, 0x54, 0xFF, 0xC0, 0xB0, 0x53, 0x50, 0x49, 0x4B, 0x45, 0x53, 0x20, 0x57, 0x41, 0x54, 0x45,
    0x52, 0x20, 0x42, 0x41, 0x4C, 0x4C, 0x4F, 0x4F, 0x4E, 0x53, 0xFF, 0xC0, 0xB0, 0x4D, 0x41, 0x44,
    0x20, 0x50, 0x4C, 0x41, 0x4E, 0x45, 0x54, 0x4F, 0x49, 0x44, 0x20, 0x54, 0x45, 0x53, 0x54, 0x20,
    0x57, 0x4B, 0xFF, 0xC0, 0xB0, 0x53, 0x54, 0x41, 0x52, 0x20, 0x46, 0x49, 0x52, 0x45, 0x20, 0x45,
    0x41, 0x52, 0x4C, 0x59, 0x20, 0x57, 0x4F, 0x52, 0x4B, 0xFF, 0xC0, 0xB0, 0x53, 0x54, 0x41, 0x52,
    0x20, 0x46, 0x49, 0x52, 0x45, 0x20, 0x45, 0x41, 0x52, 0x4C, 0x59, 0x20, 0x57, 0x4B, 0x20, 0x49,
    0x49, 0xFF, 0xC0, 0xB4, 0x53, 0x54, 0x41, 0x52, 0x20, 0x46, 0x55, 0x52, 0x59, 0x20, 0x54, 0x45,
    0x53, 0x54, 0x20, 0x57, 0x4F, 0x52, 0x4B, 0xFF, 0xE0, 0xA4, 0x42, 0x55, 0x54, 0x54, 0x4F, 0x4E,
    0x20, 0x4F, 0x4E, 0x45, 0x20, 0x43, 0x48, 0x41, 0x4E, 0x47, 0x45, 0x53, 0x20, 0x47, 0x41, 0x4D,
    0x45, 0xFF, 0xE0, 0xB0, 0x42, 0x55, 0x54, 0x54, 0x4F, 0x4E, 0x20, 0x54, 0x57, 0x4F, 0x20, 0x50,
    0x4C, 0x41, 0x59, 0x53, 0x20, 0x47, 0x41, 0x4D, 0x45, 0xFF, 0x00, 0x04, 0x00, 0xFF, 0x04, 0x04,
    0xFF, 0x00, 0x02, 0x00, 0x00, 0xFE, 0xFF, 0x02, 0x00, 0x00, 0xFA, 0xFC, 0xFF, 0x04, 0xFC, 0xFF,
    0x00, 0xFE, 0x00, 0x00, 0x02, 0xFF, 0x02, 0x00, 0x00, 0x02, 0x02, 0xFF, 0x00, 0x00, 0x00, 0x00,
    0x04, 0xFF, 0x00, 0x00, 0x01, 0xFF, 0x06, 0x04, 0xFF, 0x02, 0x08, 0xFF, 0x06, 0xFA, 0xFF, 0x06,
    0xFE, 0xFF, 0xFA, 0xFC, 0xFF, 0x06, 0xFC, 0xFF, 0xFA, 0xFE, 0xFF, 0xFA, 0xFA, 0xFF, 0xFC, 0x08,
    0xFF, 0xF9, 0x05, 0x01, 0xF6, 0xC9, 0x00, 0xBD, 0xF1, 0xAA, 0x86, 0x9F, 0xC6, 0xFF, 0xFD, 0xD0,
    0x02, 0xCC, 0x41, 0x00, 0xFD, 0xD0, 0x00, 0xCC, 0x98, 0x7F, 0xB7, 0xD0, 0x0B, 0xF7, 0xD0, 0x04,
    0xBD, 0xF3, 0x54, 0xF6, 0xC9, 0x00, 0xF7, 0xC8, 0x00, 0x7E, 0x00, 0x59, 0xFF, 0xFF, 0xFF, 0xFF,
    0xFF, 0xFF, 0xFF, 0xFF, 0xFF, 0xFF, 0xFF, 0xFF, 0xFF, 0xFF, 0xFF, 0xFF, 0xFF, 0xFF, 0xFF, 0xFF,
    0xFF, 0xFF, 0x12, 0x12, 0x12, 0x12, 0xCC, 0x30, 0x75, 0xFD, 0xC8, 0x3D, 0xFD, 0xD0, 0x08, 0x7F,
    0xCA, 0xFA, 0x7F, 0xCA, 0xFB, 0x7F, 0xCA, 0xFC, 0x7F, 0xCA, 0xFD, 0x7F, 0xCA, 0xFE, 0x7F, 0xCA,
    0xFF, 0x8E, 0xC8, 0x80, 0x6F, 0x84, 0x30, 0x01, 0x8C, 0xCA, 0xEF, 0x26, 0xF7, 0x7E, 0x3A, 0x76,
    0xBD, 0x36, 0xB3, 0x7F, 0xCA, 0xFA, 0x7F, 0xCA, 0xFB, 0x7F, 0xCA, 0xFC, 0x7F, 0xCA, 0xFD, 0x7F,
    0xCA, 0xFE, 0x7F, 0xCA, 0xFF, 0x8E, 0xC8, 0x80, 0x6F, 0x84, 0x30, 0x01, 0x8C, 0xCA, 0xEF, 0x26,
    0xF7, 0x86, 0x08, 0xB7, 0xC9, 0x3D, 0xB7, 0xC9, 0x46, 0x86, 0x01, 0xB7, 0xC9, 0x3E, 0x86, 0x70,
    0xB7, 0xC9, 0x3F, 0xB7, 0xC9, 0x40, 0x86, 0x70, 0xB7, 0xC9, 0x41, 0xB7, 0xC9, 0x42, 0x86, 0x05,
    0xB7, 0xC8, 0x86, 0x86, 0x01, 0xB7, 0xC9, 0x43, 0xBD, 0x2A, 0x13, 0x7F, 0xCA, 0x01, 0x7F, 0xCA,
    0x02, 0x7F, 0xCA, 0x00, 0x7F, 0xCA, 0x34, 0x7F, 0xC9, 0x39, 0xCC, 0x90, 0x70, 0xFD, 0xC9, 0x00,
    0xFD, 0xC9, 0x0B, 0x7F, 0xC9, 0x48, 0x7F, 0xC9, 0x4A, 0x7F, 0xC9, 0x4B, 0x7F, 0xC9, 0x4C, 0x7F,
    0xC9, 0x4D, 0x7F, 0xC9, 0x4E, 0xCC, 0x00, 0x01, 0xFD, 0xC9, 0x13, 0xF7, 0xC9, 0x15, 0x7F, 0xC9,
    0x0D, 0x7F, 0xC9, 0x0E, 0x86, 0x10, 0xB7, 0xC9, 0x0F, 0xB7, 0xC9, 0x10, 0x86, 0x20, 0xB7, 0xC9,
    0x11, 0xB7, 0xC9, 0x12, 0x86, 0x03, 0xB7, 0xC9, 0x0A, 0xB7, 0xC9, 0x08, 0x8E, 0xCA, 0x00, 0x10,
    0x8E, 0x2B, 0x11, 0xA6, 0xA4, 0xA7, 0x84, 0x30, 0x01, 0x31, 0x21, 0x8C, 0xCA, 0x20, 0x26, 0xF3,
    0x7F, 0xCA, 0x20, 0x7F, 0xCA, 0x21, 0x7F, 0xCA, 0x22, 0x7F, 0xCA, 0x23, 0x7F, 0xC9, 0x15, 0x7F,
    0xC9, 0x45, 0x7F, 0xC9, 0x44, 0x7F, 0xC9, 0x2D, 0x8E, 0x36, 0x53, 0xB6, 0xC9, 0x43, 0x4A, 0x81,
    0x0C, 0x2B, 0x02, 0x86, 0x0B, 0x81, 0x00, 0x27, 0x05, 0x30, 0x08, 0x4A, 0x20, 0xF7, 0xA6, 0x84,
    0xB7, 0xC9, 0x3D, 0xB7, 0xC9, 0x46, 0xA6, 0x01, 0xB7, 0xC9, 0x3E, 0xA6, 0x02, 0xB7, 0xC9, 0x3F,
    0xB7, 0xC9, 0x40, 0xA6, 0x03, 0xB7, 0xC9, 0x41, 0xB7, 0xC9, 0x42, 0xA6, 0x04, 0xB7, 0xC9, 0x47,
    0xA6, 0x05, 0xB7, 0xC9, 0x55, 0xEC, 0x06, 0xFD, 0xC9, 0x37, 0xFC, 0xC9, 0x37, 0xFD, 0xC9, 0x35,
    0x86, 0x01, 0xB7, 0xC9, 0x49, 0x4F, 0xBD, 0xF1, 0xB4, 0x7F, 0xC8, 0x12, 0xBD, 0x35, 0xA3, 0xB6,
    0xC8, 0x86, 0x26, 0x03, 0x7E, 0x39, 0xF1, 0xBD, 0x38, 0x2C, 0xCC, 0x0C, 0x00, 0xFD, 0xC9, 0x57,
    0xBD, 0xF1, 0x92, 0xBD, 0x36, 0xD7, 0xBD, 0x2F, 0x9F, 0xBD, 0x27, 0x42, 0x7D, 0xC8, 0x13, 0x27,
    0x03, 0xBD, 0x27, 0x7B, 0xBD, 0x28, 0xE2, 0xBD, 0x2D, 0xD7, 0xBD, 0x2B, 0x46, 0xBD, 0x20, 0x7E,
    0xB6, 0xC9, 0x45, 0x27, 0x10, 0x7A, 0xC9, 0x45, 0xB6, 0xC9, 0x45, 0x81, 0x00, 0x26, 0x09, 0x7E,
    0x34, 0x8B, 0xBD, 0x20, 0x7E, 0xBD, 0x22, 0x12, 0xB6, 0xC9, 0x2D, 0x27, 0xC3, 0x4A, 0x7A, 0xC9,
    0x2D, 0x26, 0xBD, 0xB6, 0xC8, 0x86, 0x27, 0x03, 0x7E, 0x1F, 0x4B, 0x7E, 0x39, 0xF1, 0xB6, 0xC9,
    0x3F, 0x4A, 0x26, 0x03, 0xB6, 0xC9, 0x40, 0xB7, 0xC9, 0x3F, 0xB6, 0xC9, 0x41, 0x4A, 0x26, 0x03,
    0xB6, 0xC9, 0x42, 0xB7, 0xC9, 0x41, 0x86, 0x60, 0xBD, 0xF2, 0xAB, 0xB6, 0xC9, 0x34, 0x27, 0x6A,
    0x47, 0xB7, 0xC9, 0x02, 0x8E, 0xC9, 0x2E, 0xBD, 0xF3, 0x0C, 0xBD, 0xF5, 0x11, 0xB4, 0xC9, 0x34,
    0xB0, 0xC9, 0x02, 0x1F, 0x89, 0xBD, 0xF5, 0x11, 0xB4, 0xC9, 0x34, 0xB0, 0xC9, 0x02, 0xBD, 0xF3,
    0xDF, 0xBD, 0xF3, 0x54, 0x8E, 0xC9, 0x30, 0xBD, 0xF3, 0x0C, 0xBD, 0xF5, 0x11, 0xB4, 0xC9, 0x34,
    0xB0, 0xC9, 0x02, 0x1F, 0x89, 0xBD, 0xF5, 0x11, 0xB4, 0xC9, 0x34, 0xB0, 0xC9, 0x02, 0xBD, 0xF3,
    0xDF, 0xBD, 0xF3, 0x54, 0x8E, 0xC9, 0x32, 0xBD, 0xF3, 0x0C, 0xBD, 0xF5, 0x11, 0xB4, 0xC9, 0x34,
    0xB0, 0xC9, 0x02, 0x1F, 0x89, 0xBD, 0xF5, 0x11, 0xB4, 0xC9, 0x34, 0xB0, 0xC9, 0x02, 0xBD, 0xF3,
    0xDF, 0xBD, 0xF3, 0x54, 0x7A, 0xC9, 0x34, 0x7A, 0xC9, 0x34, 0xB6, 0xC9, 0x45, 0x27, 0x12, 0xCC,
    0x02, 0x00, 0xBD, 0xF2, 0x56, 0xCC, 0x03, 0x00, 0xBD, 0xF2, 0x56, 0x7F, 0xC9, 0x39, 0x7E, 0x21,
    0xAA, 0xBE, 0xC9, 0x35, 0x27, 0x1E, 0x30, 0x1F, 0xBF, 0xC9, 0x35, 0x26, 0x77, 0xBD, 0x21, 0xF3,
    0xB7, 0xCA, 0x20, 0xBD, 0x21, 0xF3, 0xB7, 0xCA, 0x21, 0x7F, 0xCA, 0x22, 0x7F, 0xCA, 0x23, 0x86,
    0xF0, 0xB7, 0xC9, 0x39, 0xB6, 0xC9, 0x39, 0x27, 0x5B, 0xBD, 0xF2, 0xA9, 0xCE, 0xCA, 0xC0, 0x8E,
    0x2D, 0x87, 0xB6, 0xC9, 0x54, 0xBD, 0xF6, 0x1F, 0x7C, 0xC9, 0x54, 0x8E, 0xCA, 0x20, 0xBD, 0xF3,
    0x0C, 0x8E, 0xCA, 0xC0, 0xF6, 0xC9, 0x39, 0x54, 0x54, 0xCB, 0x08, 0xBD, 0xF4, 0x0E, 0xBD, 0xF3,
    0x54, 0xB6, 0xC9, 0x39, 0xB0, 0xC9, 0x55, 0xB7, 0xC9, 0x39, 0xB6, 0xC9, 0x39, 0x81, 0x00, 0x27,
    0x0E, 0x81, 0x01, 0x27, 0x0A, 0x81, 0x02, 0x27, 0x06, 0x81, 0x03, 0x27, 0x02, 0x20, 0x15, 0xBD,
    0xF5, 0x11, 0x84, 0x03, 0x4C, 0xB7, 0xCA, 0x22, 0xCC, 0x02, 0x00, 0xBD, 0xF2, 0x56, 0xCC, 0x03,
    0x00, 0xBD, 0xF2, 0x56, 0x7C, 0xCA, 0x34, 0x7C, 0xCA, 0x34, 0xB6, 0xC9, 0x45, 0x26, 0x0C, 0xB6,
    0xC9, 0x44, 0x81, 0x09, 0x26, 0x05, 0x86, 0xFF, 0xB7, 0xC9, 0x45, 0x7A, 0xC9, 0x3D, 0xB6, 0xC9,
    0x3D, 0x26, 0x06, 0xB6, 0xC9, 0x46, 0xB7, 0xC9, 0x3D, 0xB6, 0xC9, 0x49, 0x40, 0xB7, 0xC9, 0x49,
    0xFC, 0xC9, 0x57, 0x10, 0x83, 0x00, 0x00, 0x27, 0x19, 0x83, 0x00, 0x01, 0xFD, 0xC9, 0x57, 0x10,
    0x83, 0x00, 0x00, 0x26, 0x0D, 0x86, 0x05, 0xB7, 0xC9, 0x3E, 0x86, 0x01, 0xB7, 0xC9, 0x3F, 0xB7,
    0xC9, 0x40, 0x39, 0xBD, 0xF5, 0x11, 0x81, 0xB0, 0x27, 0x17, 0x81, 0xD0, 0x27, 0x13, 0x81, 0xF0,
    0x27, 0x0F, 0x81, 0x10, 0x27, 0x0B, 0x81, 0x30, 0x27, 0x07, 0x81, 0x50, 0x27, 0x03, 0x4C, 0x20,
    0xE5, 0x39, 0x86, 0x60, 0xBD, 0xF2, 0xAB, 0x7F, 0xC9, 0x44, 0x8E, 0xCA, 0x00, 0xBF, 0xC9, 0x02,
    0xA6, 0x02, 0x26, 0x05, 0x7C, 0xC9, 0x44, 0x20, 0x03, 0xBD, 0x22, 0x37, 0xBE, 0xC9, 0x02, 0x30,
    0x04, 0x8C, 0xCA, 0x24, 0x26, 0xE7, 0x39, 0xB6, 0xC9, 0x2D, 0x26, 0x15, 0xEC, 0x84, 0x34, 0x06,
    0x35, 0x10, 0x10, 0xBE, 0xC9, 0x00, 0xCC, 0x05, 0x05, 0xBD, 0xF8, 0xFF, 0x24, 0x03, 0xBD, 0x2C,
    0x86, 0xBE, 0xC9, 0x02, 0xEC, 0x84, 0xFD, 0xC9, 0x16, 0xB6, 0xC9, 0x15, 0x27, 0x58, 0xBE, 0xC9,
    0x16, 0x10, 0xBE, 0xC9, 0x0B, 0xCC, 0x03, 0x03, 0xBD, 0xF8, 0xFF, 0x24, 0x49, 0x7F, 0xC9, 0x15,
    0xBE, 0xC9, 0x02, 0x6F, 0x02, 0xA6, 0x84, 0xE6, 0x01, 0xFD, 0xC9, 0x2E, 0xFD, 0xC9, 0x30, 0xFD,
    0xC9, 0x32, 0x6F, 0x01, 0x6F, 0x84, 0x86, 0x60, 0xB7, 0xC9, 0x34, 0x34, 0x10, 0xCE, 0x37, 0xB7,
    0xBD, 0xF2, 0x7D, 0x35, 0x10, 0x8C, 0xCA, 0x20, 0x26, 0x0E, 0x34, 0x10, 0xBD, 0x30, 0xD5, 0x35,
    0x10, 0xFC, 0xC9, 0x37, 0xFD, 0xC9, 0x35, 0x39, 0x34, 0x10, 0xBD, 0x30, 0x6E, 0xBD, 0x30, 0x6E,
    0xBD, 0x30, 0x6E, 0x35, 0x10, 0x39, 0xBE, 0xC9, 0x02, 0xBD, 0xF3, 0x0C, 0xBE, 0xC9, 0x02, 0x8C,
    0xCA, 0x20, 0x2B, 0x1E, 0xC6, 0x12, 0xA6, 0x02, 0x8E, 0x2C, 0xE7, 0x81, 0x01, 0x27, 0x2F, 0x8E,
    0x2D, 0x0F, 0x81, 0x02, 0x27, 0x28, 0x8E, 0x2D, 0x37, 0x81, 0x03, 0x27, 0x21, 0x8E, 0x2D, 0x5F,
    0x20, 0x1C, 0xA6, 0x02, 0x8E, 0x2A, 0xDD, 0x81, 0x01, 0x27, 0x11, 0x8E, 0x2A, 0xEA, 0x81, 0x02,
    0x27, 0x0A, 0x8E, 0x2A, 0xF7, 0x81, 0x03, 0x27, 0x03, 0x8E, 0x2B, 0x04, 0xC6, 0x30, 0xBD, 0xF4,
    0x0E, 0xBD, 0xF3, 0x54, 0xBE, 0xC9, 0x02, 0xA6, 0x02, 0x81, 0x01, 0x26, 0x03, 0x20, 0x17, 0x12,
    0x81, 0x02, 0x26, 0x03, 0x7E, 0x24, 0x2D, 0x81, 0x03, 0x26, 0x03, 0x7E, 0x25, 0x34, 0x81, 0x04,
    0x26, 0x03, 0x7E, 0x26, 0x3B, 0x39, 0xB6, 0xC9, 0x2D, 0x26, 0x38, 0xA6, 0x03, 0x27, 0x05, 0x4A,
    0xA7, 0x03, 0x20, 0x2F, 0xBD, 0xF5, 0x11, 0xA6, 0x01, 0xB1, 0xC9, 0x01, 0x26, 0x25, 0xB6, 0xC9,
    0x00, 0x47, 0xB7, 0xC9, 0x04, 0xA6, 0x84, 0x47, 0xB1, 0xC9, 0x04, 0x2A, 0x16, 0xBD, 0x2E, 0x88,
    0x10, 0x8C, 0xFF, 0xFF, 0x27, 0x0D, 0xEC, 0x84, 0xED, 0xA4, 0x86, 0x01, 0xA7, 0x22, 0xB6, 0xC9,
    0x47, 0xA7, 0x03, 0x6C, 0x84, 0xA6, 0x84, 0x81, 0x70, 0x27, 0x02, 0x20, 0x38, 0xA6, 0x01, 0x81,
    0x90, 0x27, 0x28, 0x81, 0x70, 0x27, 0x29, 0x8C, 0xCA, 0x20, 0x27, 0x09, 0xB6, 0xC9, 0x3D, 0x81,
    0x01, 0x27, 0x02, 0x20, 0x11, 0xA6, 0x01, 0x47, 0xB7, 0xC9, 0x04, 0xB6, 0xC9, 0x01, 0x47, 0xB1,
    0xC9, 0x04, 0x2B, 0x0C, 0x20, 0x05, 0xBD, 0xF5, 0x11, 0x2A, 0x05, 0x86, 0x04, 0xA7, 0x02, 0x39,
    0x86, 0x03, 0xA7, 0x02, 0x39, 0x81, 0xB0, 0x27, 0x15, 0x81, 0xD0, 0x27, 0x11, 0x81, 0xF0, 0x27,
    0x0D, 0x81, 0x10, 0x27, 0x09, 0x81, 0x30, 0x27, 0x05, 0x81, 0x50, 0x27, 0x01, 0x39, 0xB6, 0xC9,
    0x15, 0x27, 0x1B, 0x8C, 0xCA, 0x20, 0x27, 0x07, 0xB6, 0xC9, 0x41, 0x81, 0x01, 0x26, 0x0F, 0xB6,
    0xC9, 0x0C, 0xA1, 0x01, 0x26, 0x08, 0xBD, 0xF5, 0x11, 0x84, 0x01, 0x4C, 0x20, 0x30, 0xE6, 0x01,
    0xF1, 0xC9, 0x01, 0x26, 0x01, 0x39, 0x8C, 0xCA, 0x20, 0x27, 0x09, 0xB6, 0xC9, 0x3D, 0x81, 0x01,
    0x27, 0x02, 0x20, 0x15, 0xE6, 0x01, 0x57, 0xF7, 0xC9, 0x04, 0xF6, 0xC9, 0x01, 0x57, 0x86, 0x01,
    0xF1, 0xC9, 0x04, 0x2B, 0x09, 0x86, 0x02, 0x20, 0x05, 0xBD, 0xF5, 0x11, 0x84, 0x03, 0x81, 0x01,
    0x27, 0x10, 0x81, 0x02, 0x27, 0x01, 0x39, 0xA6, 0x01, 0x81, 0x70, 0x27, 0xA0, 0x86, 0x04, 0xA7,
    0x02, 0x39, 0xA6, 0x01, 0x81, 0x90, 0x27, 0x95, 0x86, 0x03, 0xA7, 0x02, 0x39, 0xB6, 0xC9, 0x2D,
    0x26, 0x38, 0xA6, 0x03, 0x27, 0x05, 0x4A, 0xA7, 0x03, 0x20, 0x2F, 0xBD, 0xF5, 0x11, 0xA6, 0x01,
    0xB1, 0xC9, 0x01, 0x26, 0x25, 0xB6, 0xC9, 0x00, 0x47, 0xB7, 0xC9, 0x04, 0xA6, 0x84, 0x47, 0xB1,
    0xC9, 0x04, 0x2B, 0x16, 0xBD, 0x2E, 0x88, 0x10, 0x8C, 0xFF, 0xFF, 0x27, 0x0D, 0xEC, 0x84, 0xED,
    0xA4, 0x86, 0x02, 0xA7, 0x22, 0xB6, 0xC9, 0x47, 0xA7, 0x03, 0x6A, 0x84, 0xA6, 0x84, 0x81, 0x90,
    0x27, 0x02, 0x20, 0x38, 0xA6, 0x01, 0x81, 0x90, 0x27, 0x28, 0x81, 0x70, 0x27, 0x29, 0x8C, 0xCA,
    0x20, 0x27, 0x09, 0xB6, 0xC9, 0x3D, 0x81, 0x01, 0x27, 0x02, 0x20, 0x11, 0xA6, 0x01, 0x47, 0xB7,
    0xC9, 0x04, 0xB6, 0xC9, 0x01, 0x47, 0xB1, 0xC9, 0x04, 0x2B, 0x0C, 0x20, 0x05, 0xBD, 0xF5, 0x11,
    0x2A, 0x05, 0x86, 0x04, 0xA7, 0x02, 0x39, 0x86, 0x03, 0xA7, 0x02, 0x39, 0x81, 0xB0, 0x27, 0x15,
    0x81, 0xD0, 0x27, 0x11, 0x81, 0xF0, 0x27, 0x0D, 0x81, 0x10, 0x27, 0x09, 0x81, 0x30, 0x27, 0x05,
    0x81, 0x50, 0x27, 0x01, 0x39, 0xB6, 0xC9, 0x15, 0x27, 0x1B, 0x8C, 0xCA, 0x20, 0x27, 0x07, 0xB6,
    0xC9, 0x41, 0x81, 0x01, 0x26, 0x0F, 0xB6, 0xC9, 0x0C, 0xA1, 0x01, 0x26, 0x08, 0xBD, 0xF5, 0x11,
    0x84, 0x01, 0x4C, 0x20, 0x30, 0xE6, 0x01, 0xF1, 0xC9, 0x01, 0x26, 0x01, 0x39, 0x8C, 0xCA, 0x20,
    0x27, 0x09, 0xB6, 0xC9, 0x3D, 0x81, 0x01, 0x27, 0x02, 0x20, 0x15, 0xE6, 0x01, 0x57, 0xF7, 0xC9,
    0x04, 0xF6, 0xC9, 0x01, 0x57, 0x86, 0x01, 0xF1, 0xC9, 0x04, 0x2B, 0x09, 0x86, 0x02, 0x20, 0x05,
    0xBD, 0xF5, 0x11, 0x84, 0x03, 0x81, 0x01, 0x27, 0x10, 0x81, 0x02, 0x27, 0x01, 0x39, 0xA6, 0x01,
    0x81, 0x70, 0x27, 0xA0, 0x86, 0x04, 0xA7, 0x02, 0x39, 0xA6, 0x01, 0x81, 0x90, 0x27, 0x95, 0x86,
    0x03, 0xA7, 0x02, 0x39, 0xB6, 0xC9, 0x2D, 0x26, 0x38, 0xA6, 0x03, 0x27, 0x05, 0x4A, 0xA7, 0x03,
    0x20, 0x2F, 0xBD, 0xF5, 0x11, 0xA6, 0x84, 0xB1, 0xC9, 0x00, 0x26, 0x25, 0xB6, 0xC9, 0x01, 0x47,
    0xB7, 0xC9, 0x04, 0xA6, 0x01, 0x47, 0xB1, 0xC9, 0x04, 0x2B, 0x16, 0xBD, 0x2E, 0x88, 0x10, 0x8C,
    0xFF, 0xFF, 0x27, 0x0D, 0xEC, 0x84, 0xED, 0xA4, 0x86, 0x03, 0xA7, 0x22, 0xB6, 0xC9, 0x47, 0xA7,
    0x03, 0x6A, 0x01, 0xA6, 0x01, 0x81, 0x90, 0x27, 0x02, 0x20, 0x38, 0xA6, 0x84, 0x81, 0x90, 0x27,
    0x28, 0x81, 0x70, 0x27, 0x29, 0x8C, 0xCA, 0x20, 0x27, 0x09, 0xB6, 0xC9, 0x3D, 0x81, 0x01, 0x27,
    0x02, 0x20, 0x11, 0xA6, 0x84, 0x47, 0xB7, 0xC9, 0x04, 0xB6, 0xC9, 0x00, 0x47, 0xB1, 0xC9, 0x04,
    0x2B, 0x0C, 0x20, 0x05, 0xBD, 0xF5, 0x11, 0x2A, 0x05, 0x86, 0x01, 0xA7, 0x02, 0x39, 0x86, 0x02,
    0xA7, 0x02, 0x39, 0x81, 0xB0, 0x27, 0x15, 0x81, 0xD0, 0x27, 0x11, 0x81, 0xF0, 0x27, 0x0D, 0x81,
    0x10, 0x27, 0x09, 0x81, 0x30, 0x27, 0x05, 0x81, 0x50, 0x27, 0x01, 0x39, 0xB6, 0xC9, 0x15, 0x27,
    0x1B, 0x8C, 0xCA, 0x20, 0x27, 0x07, 0xB6, 0xC9, 0x41, 0x81, 0x01, 0x26, 0x0F, 0xB6, 0xC9, 0x0B,
    0xA1, 0x84, 0x26, 0x08, 0xBD, 0xF5, 0x11, 0x84, 0x01, 0x4C, 0x20, 0x30, 0xE6, 0x84, 0xF1, 0xC9,
    0x00, 0x26, 0x01, 0x39, 0x8C, 0xCA, 0x20, 0x27, 0x09, 0xB6, 0xC9, 0x3D, 0x81, 0x01, 0x27, 0x02,
    0x20, 0x15, 0xE6, 0x84, 0x57, 0xF7, 0xC9, 0x04, 0xF6, 0xC9, 0x00, 0x57, 0x86, 0x01, 0xF1, 0xC9,
    0x04, 0x2B, 0x09, 0x86, 0x02, 0x20, 0x05, 0xBD, 0xF5, 0x11, 0x84, 0x03, 0x81, 0x01, 0x27, 0x10,
    0x81, 0x02, 0x27, 0x01, 0x39, 0xA6, 0x84, 0x81, 0x70, 0x27, 0xA0, 0x86, 0x01, 0xA7, 0x02, 0x39,
    0xA6, 0x84, 0x81, 0x90, 0x27, 0x95, 0x86, 0x02, 0xA7, 0x02, 0x39, 0xA6, 0x03, 0x27, 0x05, 0x4A,
    0xA7, 0x03, 0x20, 0x34, 0xB6, 0xC9, 0x2D, 0x26, 0x2F, 0xBD, 0xF5, 0x11, 0xA6, 0x84, 0xB1, 0xC9,
    0x00, 0x26, 0x25, 0xB6, 0xC9, 0x01, 0x47, 0xB7, 0xC9, 0x04, 0xA6, 0x01, 0x47, 0xB1, 0xC9, 0x04,
    0x2A, 0x16, 0xBD, 0x2E, 0x88, 0x10, 0x8C, 0xFF, 0xFF, 0x27, 0x0D, 0xEC, 0x84, 0xED, 0xA4, 0x86,
    0x04, 0xA7, 0x22, 0xB6, 0xC9, 0x47, 0xA7, 0x03, 0x6C, 0x01, 0xA6, 0x01, 0x81, 0x70, 0x27, 0x02,
    0x20, 0x38, 0xA6, 0x84, 0x81, 0x90, 0x27, 0x28, 0x81, 0x70, 0x27, 0x29, 0x8C, 0xCA, 0x20, 0x2B,
    0x09, 0xB6, 0xC9, 0x3D, 0x81, 0x01, 0x27, 0x02, 0x20, 0x11, 0xA6, 0x84, 0x47, 0xB7, 0xC9, 0x04,
    0xB6, 0xC9, 0x00, 0x47, 0xB1, 0xC9, 0x04, 0x2B, 0x0C, 0x20, 0x05, 0xBD, 0xF5, 0x11, 0x2A, 0x05,
    0x86, 0x01, 0xA7, 0x02, 0x39, 0x86, 0x02, 0xA7, 0x02, 0x39, 0x81, 0xB0, 0x27, 0x15, 0x81, 0xD0,
    0x27, 0x11, 0x81, 0xF0, 0x27, 0x0D, 0x81, 0x10, 0x27, 0x09, 0x81, 0x30, 0x27, 0x05, 0x81, 0x50,
    0x27, 0x01, 0x39, 0xB6, 0xC9, 0x15, 0x27, 0x1B, 0x8C, 0xCA, 0x20, 0x27, 0x07, 0xB6, 0xC9, 0x41,
    0x81, 0x01, 0x26, 0x0F, 0xB6, 0xC9, 0x0B, 0xA1, 0x84, 0x26, 0x08, 0xBD, 0xF5, 0x11, 0x84, 0x01,
    0x4C, 0x20, 0x30, 0xE6, 0x84, 0xF1, 0xC9, 0x00, 0x26, 0x01, 0x39, 0x8C, 0xCA, 0x20, 0x27, 0x09,
    0xB6, 0xC9, 0x3D, 0x81, 0x01, 0x27, 0x02, 0x20, 0x15, 0xE6, 0x84, 0x57, 0xF7, 0xC9, 0x04, 0xF6,
    0xC9, 0x00, 0x57, 0x86, 0x01, 0xF1, 0xC9, 0x04, 0x2B, 0x09, 0x86, 0x02, 0x20, 0x05, 0xBD, 0xF5,
    0x11, 0x84, 0x03, 0x81, 0x01, 0x27, 0x10, 0x81, 0x02, 0x27, 0x01, 0x39, 0xA6, 0x84, 0x81, 0x70,
    0x27, 0xA0, 0x86, 0x01, 0xA7, 0x02, 0x39, 0xA6, 0x84, 0x81, 0x90, 0x27, 0x95, 0x86, 0x02, 0xA7,
    0x02, 0x39, 0xB6, 0xC9, 0x2D, 0x27, 0x03, 0x7E, 0x2C, 0x3B, 0x8E, 0xC9, 0x00, 0xBD, 0xF3, 0x0C,
    0x86, 0x60, 0xBD, 0xF2, 0xAB, 0xB6, 0xC9, 0x08, 0x8E, 0x2A, 0xB5, 0x81, 0x01, 0x27, 0x11, 0x8E,
    0x2A, 0x8D, 0x81, 0x02, 0x27, 0x0A, 0x8E, 0x2A, 0x3D, 0x81, 0x03, 0x27, 0x03, 0x8E, 0x2A, 0x65,
    0xC6, 0x20, 0xBD, 0xF4, 0x0E, 0xBD, 0xF3, 0x54, 0xBD, 0x2A, 0x24, 0xB6, 0xC8, 0x1B, 0x81, 0x00,
    0x26, 0x03, 0x20, 0x4F, 0x12, 0x81, 0x00, 0x2A, 0x26, 0xB6, 0xC9, 0x0A, 0x81, 0x04, 0x27, 0x43,
    0x81, 0x03, 0x27, 0x3F, 0xB6, 0xC9, 0x01, 0x81, 0x90, 0x27, 0x38, 0xB6, 0xC9, 0x00, 0xBD, 0x2C,
    0x07, 0xC1, 0x00, 0x27, 0x2E, 0x86, 0x03, 0xB7, 0xC9, 0x0A, 0xB7, 0xC9, 0x08, 0x20, 0x24, 0xB6,
    0xC9, 0x0A, 0x81, 0x03, 0x27, 0x1D, 0x81, 0x04, 0x27, 0x19, 0xB6, 0xC9, 0x01, 0x81, 0x70, 0x27,
    0x12, 0xB6, 0xC9, 0x00, 0xBD, 0x2C, 0x07, 0xC1, 0x00, 0x27, 0x08, 0x86, 0x04, 0xB7, 0xC9, 0x0A,
    0xB7, 0xC9, 0x08, 0xB6, 0xC8, 0x1C, 0x81, 0x00, 0x26, 0x03, 0x20, 0x4F, 0x12, 0x81, 0x00, 0x2A,
    0x26, 0xB6, 0xC9, 0x0A, 0x81, 0x02, 0x27, 0x43, 0x81, 0x01, 0x27, 0x3F, 0xB6, 0xC9, 0x00, 0x81,
    0x90, 0x27, 0x38, 0xB6, 0xC9, 0x01, 0xBD, 0x2C, 0x07, 0xC1, 0x00, 0x27, 0x2E, 0x86, 0x02, 0xB7,
    0xC9, 0x0A, 0xB7, 0xC9, 0x08, 0x20, 0x24, 0xB6, 0xC9, 0x0A, 0x81, 0x01, 0x27, 0x1D, 0x81, 0x02,
    0x27, 0x19, 0xB6, 0xC9, 0x00, 0x81, 0x70, 0x27, 0x12, 0xB6, 0xC9, 0x01, 0xBD, 0x2C, 0x07, 0xC1,
    0x00, 0x27, 0x08, 0x86, 0x01, 0xB7, 0xC9, 0x0A, 0xB7, 0xC9, 0x08, 0xB6, 0xC9, 0x0A, 0x81, 0x04,
    0x27, 0x0E, 0x81, 0x03, 0x27, 0x1A, 0x81, 0x01, 0x27, 0x26, 0x81, 0x02, 0x27, 0x32, 0x20, 0x40,
    0xB6, 0xC9, 0x01, 0x4C, 0xB7, 0xC9, 0x01, 0x81, 0x70, 0x26, 0x35, 0x7F, 0xC9, 0x0A, 0x20, 0x30,
    0xB6, 0xC9, 0x01, 0x4A, 0xB7, 0xC9, 0x01, 0x81, 0x90, 0x26, 0x25, 0x7F, 0xC9, 0x0A, 0x20, 0x20,
    0xB6, 0xC9, 0x00, 0x4C, 0xB7, 0xC9, 0x00, 0x81, 0x70, 0x26, 0x15, 0x7F, 0xC9, 0x0A, 0x20, 0x10,
    0xB6, 0xC9, 0x00, 0x4A, 0xB7, 0xC9, 0x00, 0x81, 0x90, 0x26, 0x05, 0x7F, 0xC9, 0x0A, 0x20, 0x00,
    0x4F, 0xBD, 0xF1, 0xB4, 0x7D, 0xC8, 0x15, 0x27, 0x15, 0xB6, 0xC9, 0x18, 0x26, 0x13, 0x86, 0x01,
    0xB7, 0xC9, 0x18, 0xCE, 0x36, 0xBA, 0xBD, 0xF2, 0x7D, 0xBD, 0x47, 0xCB, 0x20, 0x03, 0x7F, 0xC9,
    0x18, 0xB6, 0xC9, 0x15, 0x26, 0x38, 0xB6, 0xC9, 0x2D, 0x26, 0x33, 0x7D, 0xC8, 0x12, 0x27, 0x2E,
    0xFC, 0xC9, 0x00, 0xFD, 0xC9, 0x0B, 0xB6, 0xC9, 0x08, 0x8E, 0x01, 0x00, 0x81, 0x01, 0x27, 0x11,
    0x8E, 0xFF, 0x00, 0x81, 0x02, 0x27, 0x0A, 0x8E, 0x00, 0xFF, 0x81, 0x03, 0x27, 0x03, 0x8E, 0x00,
    0x01, 0xBF, 0xC9, 0x13, 0x86, 0x01, 0xB7, 0xC9, 0x15, 0x86, 0x10, 0xB7, 0xC9, 0x48, 0x7D, 0xC8,
    0x13, 0x39, 0xCC, 0x00, 0x20, 0xFD, 0xC9, 0x04, 0x86, 0x40, 0xBD, 0xF2, 0xAB, 0xCC, 0x6F, 0x90,
    0xBD, 0xF2, 0xFC, 0x8E, 0x29, 0xFE, 0xC6, 0xE1, 0xBD, 0xF4, 0x0E, 0xBD, 0xF3, 0x54, 0xCC, 0x6F,
    0x90, 0xBD, 0xF2, 0xFC, 0x8E, 0x2A, 0x02, 0xC6, 0xDF, 0xBD, 0xF4, 0x0E, 0xBD, 0xF3, 0x54, 0xCC,
    0x91, 0x90, 0xBD, 0xF2, 0xFC, 0x8E, 0x29, 0xFE, 0xC6, 0xE1, 0xBD, 0xF4, 0x0E, 0xBD, 0xF3, 0x54,
    0xCC, 0x6F, 0x6F, 0xBD, 0xF2, 0xFC, 0x8E, 0x2A, 0x02, 0xC6, 0xDF, 0xBD, 0xF4, 0x0E, 0xBD, 0xF3,
    0x54, 0xCC, 0x6F, 0xB0, 0xBD, 0xF2, 0xFC, 0x8E, 0x2A, 0x02, 0xC6, 0xDF, 0xBD, 0xF4, 0x0E, 0xBD,
    0xF3, 0x54, 0xCC, 0x6F, 0xD0, 0xBD, 0xF2, 0xFC, 0x8E, 0x2A, 0x02, 0xC6, 0xDF, 0xBD, 0xF4, 0x0E,
    0xBD, 0xF3, 0x54, 0xCC, 0x6F, 0xF0, 0xBD, 0xF2, 0xFC, 0x8E, 0x2A, 0x02, 0xC6, 0xDF, 0xBD, 0xF4,
    0x0E, 0xBD, 0xF3, 0x54, 0xCC, 0x6F, 0x10, 0xBD, 0xF2, 0xFC, 0x8E, 0x2A, 0x02, 0xC6, 0xDF, 0xBD,
    0xF4, 0x0E, 0xBD, 0xF3, 0x54, 0xCC, 0x6F, 0x30, 0xBD, 0xF2, 0xFC, 0x8E, 0x2A, 0x02, 0xC6, 0xDF,
    0xBD, 0xF4, 0x0E, 0xBD, 0xF3, 0x54, 0xCC, 0x6F, 0x50, 0xBD, 0xF2, 0xFC, 0x8E, 0x2A, 0x02, 0xC6,
    0xDF, 0xBD, 0xF4, 0x0E, 0xBD, 0xF3, 0x54, 0xCC, 0x50, 0x90, 0xBD, 0xF2, 0xFC, 0x8E, 0x29, 0xFE,
    0xC6, 0xE1, 0xBD, 0xF4, 0x0E, 0xBD, 0xF3, 0x54, 0xCC, 0x30, 0x90, 0xBD, 0xF2, 0xFC, 0x8E, 0x29,
    0xFE, 0xC6, 0xE1, 0xBD, 0xF4, 0x0E, 0xBD, 0xF3, 0x54, 0xCC, 0x10, 0x90, 0xBD, 0xF2, 0xFC, 0x8E,
    0x29, 0xFE, 0xC6, 0xE1, 0xBD, 0xF4, 0x0E, 0xBD, 0xF3, 0x54, 0xCC, 0xF0, 0x90, 0xBD, 0xF2, 0xFC,
    0x8E, 0x29, 0xFE, 0xC6, 0xE1, 0xBD, 0xF4, 0x0E, 0xBD, 0xF3, 0x54, 0xCC, 0xD0, 0x90, 0xBD, 0xF2,
    0xFC, 0x8E, 0x29, 0xFE, 0xC6, 0xE1, 0xBD, 0xF4, 0x0E, 0xBD, 0xF3, 0x54, 0xCC, 0xB0, 0x90, 0xBD,
    0xF2, 0xFC, 0x8E, 0x29, 0xFE, 0xC6, 0xE1, 0xBD, 0xF4, 0x0E, 0xBD, 0xF3, 0x54, 0x39, 0xFF, 0x00,
    0x7F, 0x01, 0xFF, 0x80, 0x00, 0x01, 0x00, 0x0A, 0x00, 0xFF, 0xEC, 0x00, 0x00, 0x0A, 0xF6, 0xFF,
    0x00, 0x14, 0x01, 0x8E, 0xC8, 0x1F, 0x86, 0x01, 0xA7, 0x80, 0x86, 0x03, 0xA7, 0x80, 0x4F, 0xA7,
    0x80, 0xA7, 0x80, 0x39, 0x86, 0x4F, 0xB7, 0xC8, 0x23, 0xBD, 0xF1, 0xF8, 0x39, 0xFF, 0x20, 0x00,
    0x01, 0xFF, 0xE0, 0x00, 0x01, 0xFF, 0x00, 0xE0, 0x01, 0xFF, 0x00, 0x20, 0x01, 0x00, 0x07, 0xF9,
    0xFF, 0x07, 0x07, 0xFF, 0xF9, 0xEB, 0xFF, 0xF2, 0x00, 0xFF, 0xF9, 0x15, 0xFF, 0x07, 0xF9, 0xFF,
    0xF9, 0x0E, 0xFF, 0x00, 0x0E, 0xFF, 0x07, 0xF9, 0xFF, 0x0E, 0x00, 0xFF, 0x07, 0x07, 0xFF, 0x00,
    0xF2, 0xFF, 0xF9, 0xF2, 0x01, 0x00, 0x07, 0x07, 0xFF, 0x07, 0xF9, 0xFF, 0xF9, 0x15, 0xFF, 0xF2,
    0x00, 0xFF, 0xF9, 0xEB, 0xFF, 0x07, 0x07, 0xFF, 0xF9, 0xF2, 0xFF, 0x00, 0xF2, 0xFF, 0x07, 0x07,
    0xFF, 0x0E, 0x00, 0xFF, 0x07, 0xF9, 0xFF, 0x00, 0x0E, 0xFF, 0xF9, 0x0E, 0x01, 0x00, 0x07, 0xF9,
    0xFF, 0x07, 0xF9, 0xFF, 0xEB, 0x07, 0xFF, 0x00, 0x0E, 0xFF, 0x15, 0x07, 0xFF, 0xF9, 0xF9, 0xFF,
    0x0E, 0x07, 0xFF, 0x0E, 0x00, 0xFF, 0xF9, 0xF9, 0xFF, 0x00, 0xF2, 0xFF, 0x07, 0xF9, 0xFF, 0xF2,
    0x00, 0xFF, 0xF2, 0x07, 0x01, 0x00, 0xF9, 0xF9, 0xFF, 0xF9, 0xF9, 0xFF, 0x15, 0x07, 0xFF, 0x00,
    0x0E, 0xFF, 0xEB, 0x07, 0xFF, 0x07, 0xF9, 0xFF, 0xF2, 0x07, 0xFF, 0xF2, 0x00, 0xFF, 0x07, 0xF9,
    0xFF, 0x00, 0xF2, 0xFF, 0xF9, 0xF9, 0xFF, 0x0E, 0x00, 0xFF, 0x0E, 0x07, 0x01, 0x00, 0x0A, 0x00,
    0xFF, 0xEC, 0xF6, 0xFF, 0x00, 0x14, 0xFF, 0x14, 0xF6, 0x01, 0x00, 0xF6, 0x00, 0xFF, 0x14, 0xF6,
    0xFF, 0x00, 0x14, 0xFF, 0xEC, 0xF6, 0x01, 0x00, 0x00, 0xF6, 0xFF, 0x0A, 0x14, 0xFF, 0xEC, 0x00,
    0xFF, 0x0A, 0xEC, 0x01, 0x00, 0x00, 0x0A, 0xFF, 0x0A, 0xEC, 0xFF, 0xEC, 0x00, 0xFF, 0x0A, 0x14,
    0x01, 0x70, 0x90, 0x02, 0x00, 0x70, 0xB0, 0x02, 0x00, 0x70, 0xD0, 0x02, 0x00, 0x70, 0xF0, 0x02,
    0x00, 0x70, 0x10, 0x02, 0x00, 0x70, 0x30, 0x02, 0x00, 0x70, 0x50, 0x02, 0x00, 0x70, 0x70, 0x02,
    0x00, 0x00, 0x15, 0xEB, 0xFF, 0xD6, 0x2A, 0x01, 0x00, 0x15, 0x0E, 0xFF, 0xD6, 0xE4, 0x01, 0x00,
    0xF9, 0xEB, 0xFF, 0x0E, 0x2A, 0x01, 0xB6, 0xC9, 0x15, 0x26, 0x01, 0x39, 0xBD, 0xF2, 0xA9, 0x8E,
    0xC9, 0x0B, 0xBD, 0xF3, 0x0C, 0x8E, 0x2B, 0x31, 0xF6, 0xC9, 0x0E, 0xBD, 0xF4, 0x0E, 0xBD, 0xF3,
    0x54, 0x8E, 0xC9, 0x0B, 0xBD, 0xF3, 0x0C, 0x8E, 0x2B, 0x38, 0xF6, 0xC9, 0x10, 0xBD, 0xF4, 0x0E,
    0xBD, 0xF3, 0x54, 0x8E, 0xC9, 0x0B, 0xBD, 0xF3, 0x0C, 0x8E, 0x2B, 0x3F, 0xF6, 0xC9, 0x12, 0xBD,
    0xF4, 0x0E, 0xBD, 0xF3, 0x54, 0x8E, 0xC9, 0x0D, 0xA6, 0x84, 0x81, 0x20, 0x2A, 0x12, 0x6C, 0x01,
    0x6C, 0x84, 0x6C, 0x01, 0x6C, 0x84, 0x6C, 0x01, 0x6C, 0x84, 0x6C, 0x01, 0x6C, 0x84, 0x20, 0x10,
    0x6A, 0x01, 0x6A, 0x01, 0x6C, 0x84, 0x6A, 0x01, 0x6C, 0x84, 0x6A, 0x01, 0x6C, 0x84, 0x6C, 0x84,
    0xA6, 0x84, 0x81, 0x40, 0x26, 0x02, 0x6F, 0x84, 0x30, 0x02, 0x8C, 0xC9, 0x13, 0x26, 0xC9, 0xBD,
    0x2B, 0xC9, 0xBD, 0x2B, 0xC9, 0xBD, 0x2B, 0xC9, 0x39, 0xFC, 0xC9, 0x0B, 0xBB, 0xC9, 0x13, 0xFB,
    0xC9, 0x14, 0xFD, 0xC9, 0x0B, 0xB6, 0xC9, 0x0B, 0x81, 0x71, 0x27, 0x21, 0x81, 0x72, 0x27, 0x1D,
    0x81, 0x8F, 0x27, 0x19, 0x81, 0x8E, 0x27, 0x15, 0xB6, 0xC9, 0x0C, 0x81, 0x71, 0x27, 0x0E, 0x81,
    0x72, 0x27, 0x0A, 0x81, 0x8F, 0x27, 0x06, 0x81, 0x8E, 0x27, 0x02, 0x20, 0x09, 0xFC, 0xC9, 0x00,
    0xFD, 0xC9, 0x0B, 0x7F, 0xC9, 0x15, 0x39, 0x5F, 0x81, 0xB0, 0x27, 0x1D, 0x81, 0x90, 0x27, 0x19,
    0x81, 0xD0, 0x27, 0x15, 0x81, 0xF0, 0x27, 0x11, 0x81, 0x10, 0x27, 0x0D, 0x81, 0x30, 0x27, 0x09,
    0x81, 0x50, 0x27, 0x05, 0x81, 0x70, 0x27, 0x01, 0x39, 0x5C, 0x39, 0x00, 0x1E, 0x00, 0xFF, 0xE2,
    0x1E, 0xFF, 0xE2, 0xE2, 0xFF, 0x1E, 0xE2, 0xFF, 0x1E, 0x1E, 0x01, 0xBD, 0xF2, 0xA9, 0x8E, 0xC9,
    0x19, 0xBF, 0xC9, 0x02, 0xA6, 0x04, 0x27, 0x03, 0xBD, 0x2C, 0x53, 0x30, 0x05, 0x8C, 0xC9, 0x2D,
    0x26, 0xEF, 0x39, 0xE6, 0x04, 0x34, 0x04, 0xBD, 0xF3, 0x0C, 0x8E, 0x2C, 0x2B, 0x35, 0x04, 0xBD,
    0xF4, 0x0E, 0xBD, 0xF3, 0x54, 0xBE, 0xC9, 0x02, 0x6C, 0x04, 0x6C, 0x04, 0x6C, 0x04, 0xEC, 0x84,
    0xAB, 0x02, 0x29, 0x0F, 0xEB, 0x03, 0x29, 0x0B, 0xED, 0x84, 0xA6, 0x04, 0x81, 0x60, 0x2B, 0x02,
    0x6F, 0x04, 0x39, 0x6F, 0x04, 0x39, 0xFC, 0xC9, 0x00, 0xFD, 0xC9, 0x19, 0xCC, 0x04, 0x04, 0xFD,
    0xC9, 0x1B, 0x86, 0x01, 0xB7, 0xC9, 0x1D, 0xFC, 0xC9, 0x00, 0xFD, 0xC9, 0x1E, 0xCC, 0x03, 0xFD,
    0xFD, 0xC9, 0x20, 0x86, 0x01, 0xB7, 0xC9, 0x22, 0xFC, 0xC9, 0x00, 0xFD, 0xC9, 0x23, 0xCC, 0xFD,
    0x03, 0xFD, 0xC9, 0x25, 0x86, 0x01, 0xB7, 0xC9, 0x27, 0xFC, 0xC9, 0x00, 0xFD, 0xC9, 0x28, 0xCC,
    0xFD, 0xFD, 0xFD, 0xC9, 0x2A, 0x86, 0x01, 0xB7, 0xC9, 0x2C, 0x86, 0xFF, 0xB7, 0xC9, 0x2D, 0x34,
    0x10, 0xCE, 0x37, 0xA4, 0xBD, 0xF2, 0x7D, 0x35, 0x10, 0x7A, 0xC8, 0x86, 0xB6, 0xC8, 0x86, 0x81,
    0xFF, 0x26, 0x03, 0x7F, 0xC8, 0x86, 0x39, 0x00, 0x2A, 0x00, 0xFF, 0xDD, 0xEB, 0xFF, 0x07, 0x0E,
    0xFF, 0xDD, 0xF2, 0xFF, 0x0E, 0xF9, 0xFF, 0xEB, 0x00, 0xFF, 0xF9, 0x1C, 0xFF, 0x07, 0x1C, 0xFF,
    0x15, 0x00, 0xFF, 0xF2, 0xF9, 0xFF, 0x23, 0xF2, 0xFF, 0xF9, 0x0E, 0xFF, 0x23, 0xEB, 0x01, 0x00,
    0xD6, 0x00, 0xFF, 0x23, 0xEB, 0xFF, 0xF9, 0x0E, 0xFF, 0x23, 0xF2, 0xFF, 0xF2, 0xF9, 0xFF, 0x15,
    0x00, 0xFF, 0x07, 0x1C, 0xFF, 0xF9, 0x1C, 0xFF, 0xEB, 0x00, 0xFF, 0x0E, 0xF9, 0xFF, 0xDD, 0xF2,
    0xFF, 0x07, 0x0E, 0xFF, 0xDD, 0xEB, 0x01, 0x00, 0x00, 0xD6, 0xFF, 0x15, 0x23, 0xFF, 0xF2, 0xF9,
    0xFF, 0x0E, 0x23, 0xFF, 0x07, 0xF2, 0xFF, 0x00, 0x15, 0xFF, 0xE4, 0x07, 0xFF, 0xE4, 0xF9, 0xFF,
    0x00, 0xEB, 0xFF, 0x07, 0x0E, 0xFF, 0x0E, 0xDD, 0xFF, 0xF2, 0x07, 0xFF, 0x15, 0xDD, 0x01, 0x00,
    0x00, 0x2A, 0xFF, 0x15, 0xDD, 0xFF, 0xF2, 0x07, 0xFF, 0x0E, 0xDD, 0xFF, 0x07, 0x0E, 0xFF, 0x00,
    0xEB, 0xFF, 0xE4, 0xF9, 0xFF, 0xE4, 0x07, 0xFF, 0x00, 0x15, 0xFF, 0x07, 0xF2, 0xFF, 0x0E, 0x23,
    0xFF, 0xF2, 0xF9, 0xFF, 0x15, 0x23, 0x01, 0x00, 0x28, 0xD8, 0xFF, 0x3C, 0xEC, 0xFF, 0xD8, 0xD8,
    0xFF, 0xEC, 0x3C, 0x00, 0xB0, 0x00, 0xFF, 0xC4, 0xEC, 0xFF, 0x28, 0xD8, 0xFF, 0x14, 0x3C, 0x00,
    0x00, 0x50, 0xFF, 0xC4, 0x14, 0xFF, 0x28, 0x28, 0xFF, 0x14, 0xC4, 0x00, 0x50, 0x00, 0xFF, 0x3C,
    0x14, 0xFF, 0xD8, 0x28, 0xFF, 0xEC, 0xC4, 0x01, 0x00, 0x00, 0xF9, 0xFF, 0x23, 0x07, 0xFF, 0xDD,
    0x07, 0xFF, 0xDD, 0xF9, 0xFF, 0x23, 0xF9, 0x00, 0x07, 0x07, 0xFF, 0xF9, 0x23, 0xFF, 0xF9, 0xDD,
    0xFF, 0x07, 0xDD, 0xFF, 0x07, 0x23, 0x01, 0xCE, 0xCA, 0xC0, 0x8E, 0x2D, 0xB8, 0xB6, 0xCA, 0x34,
    0xBD, 0xF6, 0x1F, 0x8E, 0xCA, 0x25, 0xBF, 0xC9, 0x3B, 0xA6, 0x02, 0x27, 0x03, 0xBD, 0x2D, 0xFB,
    0xBE, 0xC9, 0x3B, 0x30, 0x03, 0x8C, 0xCA, 0x34, 0x26, 0xEC, 0x39, 0xBD, 0xF3, 0x0C, 0x8E, 0xCA,
    0xC0, 0xC6, 0x10, 0xBD, 0xF4, 0x0E, 0xBD, 0xF3, 0x54, 0xB6, 0xC9, 0x2D, 0x26, 0x1E, 0xBE, 0xC9,
    0x3B, 0xEC, 0x84, 0x34, 0x06, 0x35, 0x10, 0x10, 0xBE, 0xC9, 0x00, 0xCC, 0x05, 0x05, 0xBD, 0xF8,
    0xFF, 0x24, 0x09, 0xBE, 0xC9, 0x3B, 0x6F, 0x02, 0xBD, 0x2C, 0x86, 0x39, 0xBE, 0xC9, 0x3B, 0xA6,
    0x02, 0x81, 0x01, 0x26, 0x08, 0xEC, 0x84, 0x8B, 0x02, 0xED, 0x84, 0x20, 0x22, 0x81, 0x02, 0x26,
    0x08, 0xEC, 0x84, 0x80, 0x02, 0xED, 0x84, 0x20, 0x16, 0x81, 0x03, 0x26, 0x08, 0xEC, 0x84, 0xC0,
    0x02, 0xED, 0x84, 0x20, 0x0A, 0x81, 0x04, 0x26, 0x06, 0xEC, 0x84, 0xCB, 0x02, 0xED, 0x84, 0xA6,
    0x84, 0x81, 0x71, 0x27, 0x20, 0x81, 0x72, 0x27, 0x1C, 0x81, 0x8F, 0x27, 0x18, 0x81, 0x8E, 0x27,
    0x14, 0xA6, 0x01, 0x81, 0x71, 0x27, 0x0E, 0x81, 0x72, 0x27, 0x0A, 0x81, 0x8F, 0x27, 0x06, 0x81,
    0x8E, 0x27, 0x02, 0x20, 0x02, 0x6F, 0x02, 0x39, 0xB6, 0xC9, 0x2D, 0x26, 0x37, 0xFC, 0xC9, 0x57,
    0x10, 0x83, 0x00, 0x00, 0x27, 0x07, 0xB6, 0xC9, 0x43, 0x81, 0x03, 0x2B, 0x27, 0xB6, 0xC9, 0x3F,
    0x81, 0x01, 0x26, 0x20, 0x10, 0x8E, 0xCA, 0x25, 0xF6, 0xC9, 0x3E, 0xA6, 0x22, 0x27, 0x0F, 0x31,
    0x23, 0x5A, 0xC1, 0x00, 0x27, 0x0E, 0x10, 0x8C, 0xCA, 0x34, 0x27, 0x08, 0x20, 0xED, 0x86, 0x10,
    0xB7, 0xC9, 0x4B, 0x39, 0x10, 0x8E, 0xFF, 0xFF, 0x39, 0x4C, 0x45, 0x53, 0x53, 0x20, 0x80, 0x4D,
    0x4F, 0x52, 0x45, 0x20, 0x80, 0x52, 0x49, 0x47, 0x48, 0x54, 0x80, 0x55, 0x50, 0x20, 0x20, 0x20,
    0x80, 0xFF, 0xE4, 0x00, 0xFF, 0x00, 0x0E, 0xFF, 0x1C, 0x00, 0xFF, 0x00, 0xF2, 0x01, 0x00, 0x00,
    0x00, 0x00, 0x00, 0x00, 0x00, 0x00, 0x07, 0xFF, 0xE4, 0x00, 0x01, 0x00, 0x00, 0x00, 0x00, 0x00,
    0x00, 0x00, 0x00, 0x00, 0x00, 0x00, 0x00, 0xFF, 0x00, 0x0E, 0xFF, 0xF2, 0x00, 0xFF, 0x00, 0xF2,
    0xFF, 0xF2, 0x00, 0xFF, 0x00, 0x0E, 0x01, 0x00, 0x00, 0x00, 0xFF, 0x00, 0x0E, 0xFF, 0xF2, 0x00,
    0xFF, 0x00, 0xF9, 0x00, 0x00, 0x07, 0xFF, 0xF2, 0x00, 0xFF, 0x00, 0xF2, 0x01, 0xFF, 0xF2, 0x00,
    0xFF, 0x00, 0x0E, 0xFF, 0x0E, 0x00, 0x00, 0xF2, 0x00, 0xFF, 0xF2, 0x00, 0x01, 0x00, 0x00, 0x00,
    0x00, 0x00, 0x0E, 0xFF, 0x00, 0xF2, 0xFF, 0xF2, 0x00, 0xFF, 0x00, 0x0E, 0xFF, 0xF2, 0x00, 0xFF,
    0x00, 0xF2, 0x01, 0x00, 0x00, 0x0E, 0xFF, 0x00, 0xF2, 0xFF, 0xE4, 0x00, 0xFF, 0x00, 0x0E, 0xFF,
    0x0E, 0x00, 0xFF, 0x00, 0xF2, 0x01, 0xFF, 0x00, 0x0E, 0xFF, 0xE4, 0xF2, 0x01, 0x00, 0x00, 0x00,
    0x00, 0x00, 0x00, 0x00, 0x00, 0x00, 0x00, 0x00, 0x00, 0xFF, 0xE4, 0x00, 0xFF, 0x00, 0x0E, 0xFF,
    0x1C, 0x00, 0xFF, 0x00, 0xF2, 0x00, 0xF2, 0x00, 0xFF, 0x00, 0x0E, 0x01, 0x00, 0xE4, 0x00, 0xFF,
    0x00, 0x0E, 0xFF, 0x1C, 0x00, 0xFF, 0x00, 0xF2, 0xFF, 0xF2, 0x00, 0xFF, 0x00, 0x0E, 0x01, 0x86,
    0x40, 0xBD, 0xF2, 0xAB, 0xCC, 0x7F, 0x40, 0xBD, 0xF2, 0xFC, 0x8E, 0x2E, 0xE1, 0xB6, 0xCA, 0xFF,
    0x27, 0x06, 0x30, 0x88, 0x13, 0x4A, 0x20, 0xF8, 0xC6, 0x20, 0xBD, 0xF4, 0x0E, 0xBD, 0xF3, 0x54,
    0xCC, 0x7F, 0x46, 0xBD, 0xF2, 0xFC, 0x8E, 0x2E, 0xE1, 0xB6, 0xCA, 0xFE, 0x27, 0x06, 0x30, 0x88,
    0x13, 0x4A, 0x20, 0xF8, 0xC6, 0x20, 0xBD, 0xF4, 0x0E, 0xBD, 0xF3, 0x54, 0xCC, 0x7F, 0x4C, 0xBD,
    0xF2, 0xFC, 0x8E, 0x2E, 0xE1, 0xB6, 0xCA, 0xFD, 0x27, 0x06, 0x30, 0x88, 0x13, 0x4A, 0x20, 0xF8,
    0xC6, 0x20, 0xBD, 0xF4, 0x0E, 0xBD, 0xF3, 0x54, 0xCC, 0x7F, 0x52, 0xBD, 0xF2, 0xFC, 0x8E, 0x2E,
    0xE1, 0xB6, 0xCA, 0xFC, 0x27, 0x06, 0x30, 0x88, 0x13, 0x4A, 0x20, 0xF8, 0xC6, 0x20, 0xBD, 0xF4,
    0x0E, 0xBD, 0xF3, 0x54, 0xCC, 0x7F, 0x58, 0xBD, 0xF2, 0xFC, 0x8E, 0x2E, 0xE1, 0xB6, 0xCA, 0xFB,
    0x27, 0x06, 0x30, 0x88, 0x13, 0x4A, 0x20, 0xF8, 0xC6, 0x20, 0xBD, 0xF4, 0x0E, 0xBD, 0xF3, 0x54,
    0xCC, 0x7F, 0x5E, 0xBD, 0xF2, 0xFC, 0x8E, 0x2E, 0xE1, 0xB6, 0xCA, 0xFA, 0x27, 0x06, 0x30, 0x88,
    0x13, 0x4A, 0x20, 0xF8, 0xC6, 0x20, 0xBD, 0xF4, 0x0E, 0xBD, 0xF3, 0x54, 0x86, 0x5A, 0xBD, 0xF2,
    0xAB, 0xCC, 0x7F, 0x6A, 0xBD, 0xF2, 0xFC, 0x8E, 0x2E, 0xE1, 0xB6, 0xC8, 0x86, 0x27, 0x06, 0x30,
    0x88, 0x13, 0x4A, 0x20, 0xF8, 0xC6, 0x20, 0xBD, 0xF4, 0x0E, 0xBD, 0xF3, 0x54, 0x39, 0x7C, 0xCA,
    0xFB, 0xB6, 0xCA, 0xFB, 0x81, 0x0A, 0x27, 0x01, 0x39, 0x7F, 0xCA, 0xFB, 0x7C, 0xCA, 0xFC, 0xB6,
    0xCA, 0xFC, 0x81, 0x0A, 0x27, 0x01, 0x39, 0x7F, 0xCA, 0xFC, 0x7C, 0xCA, 0xFD, 0xB6, 0xCA, 0xFD,
    0x81, 0x01, 0x26, 0x00, 0xB6, 0xCA, 0xFD, 0x81, 0x0A, 0x27, 0x01, 0x39, 0x7F, 0xCA, 0xFD, 0x7C,
    0xCA, 0xFE, 0xB6, 0xCA, 0xFE, 0x81, 0x01, 0x27, 0x0A, 0x81, 0x02, 0x27, 0x06, 0x81, 0x03, 0x27,
    0x02, 0x20, 0x08, 0x86, 0xF0, 0xB7, 0xC9, 0x4D, 0x7C, 0xC8, 0x86, 0xB6, 0xCA, 0xFE, 0x81, 0x0A,
    0x27, 0x01, 0x39, 0x7F, 0xCA, 0xFE, 0x7C, 0xCA, 0xFF, 0xB6, 0xCA, 0xFF, 0x81, 0x0A, 0x27, 0x01,
    0x39, 0x7F, 0xCA, 0xFF, 0x39, 0xBD, 0xF5, 0x11, 0x84, 0x03, 0x4C, 0x34, 0x02, 0x8D, 0x9D, 0x35,
    0x02, 0x4A, 0x26, 0xF7, 0x39, 0xFF, 0x08, 0x00, 0xFF, 0x08, 0x08, 0xFF, 0xF8, 0x08, 0xFF, 0xF8,
    0x00, 0xFF, 0x08, 0xF8, 0x01, 0x01, 0x01, 0x01, 0x01, 0x01, 0x01, 0x01, 0x01, 0x01, 0x01, 0x01,
    0x01, 0xFF, 0x10, 0x00, 0xFF, 0x00, 0x08, 0xFF, 0xF8, 0x08, 0xFF, 0x00, 0xF8, 0xFF, 0xF8, 0x08,
    0xFF, 0x00, 0xF0, 0x01, 0x01, 0x01, 0x01, 0x01, 0x01, 0x01, 0x01, 0x01, 0x01, 0x00, 0x00, 0x10,
    0xFF, 0x00, 0xF8, 0xFF, 0x08, 0xF8, 0xFF, 0x08, 0x08, 0xFF, 0x00, 0x08, 0x01, 0x01, 0x01, 0x01,
    0x01, 0x01, 0x01, 0x01, 0x01, 0x01, 0x01, 0x01, 0x01, 0xFF, 0x10, 0x00, 0xFF, 0x00, 0x08, 0xFF,
    0xF8, 0x08, 0xFF, 0xF8, 0xF8, 0xFF, 0x00, 0xF8, 0x01, 0x01, 0x01, 0x01, 0x01, 0x01, 0x01, 0x01,
    0x01, 0x01, 0x01, 0x01, 0x01, 0x00, 0x00, 0x10, 0xFF, 0x00, 0xF8, 0xFF, 0x08, 0xF8, 0xFF, 0x08,
    0x08, 0xFF, 0x00, 0x08, 0x00, 0xF8, 0xF8, 0xFF, 0x00, 0xF8, 0x01, 0x01, 0x01, 0x01, 0x01, 0x01,
    0x01, 0x00, 0x00, 0x08, 0xFF, 0x08, 0xF8, 0xFF, 0x08, 0x08, 0xFF, 0x00, 0x08, 0x00, 0xF8, 0xF8,
    0xFF, 0x00, 0xF8, 0x01, 0x01, 0x01, 0x01, 0x01, 0x01, 0x01, 0x01, 0x01, 0x01, 0x00, 0x10, 0x10,
    0xFF, 0x00, 0xF8, 0xFF, 0xF8, 0xF8, 0xFF, 0xF8, 0x08, 0xFF, 0x00, 0x08, 0xFF, 0x08, 0x00, 0xFF,
    0x00, 0xF8, 0x01, 0x01, 0x01, 0x01, 0x01, 0x01, 0x01, 0xFF, 0x10, 0x00, 0x00, 0xF8, 0x00, 0xFF,
    0x00, 0x10, 0x00, 0x08, 0x00, 0xFF, 0xF0, 0x00, 0x01, 0x01, 0x01, 0x01, 0x01, 0x01, 0x01, 0x01,
    0x01, 0x01, 0x01, 0x01, 0x01, 0xFF, 0x00, 0x10, 0x00, 0x00, 0xF8, 0xFF, 0x10, 0x00, 0x00, 0x00,
    0xF8, 0xFF, 0x00, 0x10, 0x01, 0x01, 0x01, 0x01, 0x01, 0x01, 0x01, 0x01, 0x01, 0x01, 0x01, 0x01,
    0x01, 0x00, 0x08, 0x00, 0xFF, 0xF8, 0x08, 0xFF, 0x08, 0x08, 0xFF, 0x08, 0x00, 0x01, 0x01, 0x01,
    0x01, 0x01, 0x01, 0x01, 0x01, 0x01, 0x01, 0x01, 0x01, 0x01, 0x01, 0x01, 0x01, 0xFF, 0x10, 0x00,
    0x00, 0x00, 0x10, 0xFF, 0xF8, 0xF0, 0xFF, 0xF8, 0x10, 0x01, 0x01, 0x01, 0x01, 0x01, 0x01, 0x01,
    0x01, 0x01, 0x01, 0x01, 0x01, 0x01, 0x01, 0x01, 0x01, 0x00, 0x00, 0x10, 0xFF, 0x00, 0xF0, 0xFF,
    0x10, 0x00, 0x01, 0x01, 0x01, 0x01, 0x01, 0x01, 0x01, 0x01, 0x01, 0x01, 0x01, 0x01, 0x01, 0x01,
    0x01, 0x01, 0x01, 0x01, 0x01, 0xFF, 0x10, 0x00, 0xFF, 0xF8, 0x08, 0xFF, 0x08, 0x08, 0xFF, 0xF0,
    0x00, 0x01, 0x01, 0x01, 0x01, 0x01, 0x01, 0x01, 0x01, 0x01, 0x01, 0x01, 0x01, 0x01, 0x01, 0x01,
    0x01, 0xFF, 0x10, 0x00, 0xFF, 0xF0, 0x10, 0xFF, 0x10, 0x00, 0x01, 0x01, 0x01, 0x01, 0x01, 0x01,
    0x01, 0x01, 0x01, 0x01, 0x01, 0x01, 0x01, 0x01, 0x01, 0x01, 0x01, 0x01, 0x01, 0xFF, 0x10, 0x00,
    0xFF, 0x00, 0x10, 0xFF, 0xF0, 0x00, 0xFF, 0x00, 0xF0, 0x01, 0x01, 0x01, 0x01, 0x01, 0x01, 0x01,
    0x01, 0x01, 0x01, 0x01, 0x01, 0x01, 0x01, 0x01, 0x01, 0xFF, 0x10, 0x00, 0xFF, 0x00, 0x10, 0xFF,
    0xF8, 0x00, 0xFF, 0x00, 0xF0, 0x01, 0x01, 0x01, 0x01, 0x01, 0x01, 0x01, 0x01, 0x01, 0x01, 0x01,
    0x01, 0x01, 0x01, 0x01, 0x01, 0xFF, 0x10, 0x00, 0xFF, 0x00, 0x10, 0xFF, 0xF0, 0x00, 0xFF, 0x00,
    0xF0, 0x00, 0x08, 0x08, 0xFF, 0xF8, 0x08, 0x01, 0x01, 0x01, 0x01, 0x01, 0x01, 0x01, 0x01, 0x01,
    0x01, 0xFF, 0x10, 0x00, 0xFF, 0x00, 0x10, 0xFF, 0xF8, 0x00, 0xFF, 0x00, 0xF0, 0xFF, 0xF8, 0x10,
    0x01, 0x01, 0x01, 0x01, 0x01, 0x01, 0x01, 0x01, 0x01, 0x01, 0x01, 0x01, 0x01, 0xFF, 0x00, 0x10,
    0xFF, 0x08, 0x00, 0xFF, 0x00, 0xF0, 0xFF, 0x08, 0x00, 0xFF, 0x00, 0x10, 0x01, 0x01, 0x01, 0x01,
    0x01, 0x01, 0x01, 0x01, 0x01, 0x01, 0x01, 0x01, 0x01, 0x00, 0x00, 0x08, 0xFF, 0x10, 0x00, 0x00,
    0x00, 0xF8, 0xFF, 0x00, 0x10, 0x01, 0x01, 0x01, 0x01, 0x01, 0x01, 0x01, 0x01, 0x01, 0x01, 0x01,
    0x01, 0x01, 0x01, 0x01, 0x01, 0x00, 0x10, 0x00, 0xFF, 0xF0, 0x00, 0xFF, 0x00, 0x10, 0xFF, 0x10,
    0x00, 0x01, 0x01, 0x01, 0x01, 0x01, 0x01, 0x01, 0x01, 0x01, 0x01, 0x01, 0x01, 0x01, 0x01, 0x01,
    0x01, 0x00, 0x10, 0x00, 0xFF, 0xF0, 0x08, 0xFF, 0x10, 0x08, 0x01, 0x01, 0x01, 0x01, 0x01, 0x01,
    0x01, 0x01, 0x01, 0x01, 0x01, 0x01, 0x01, 0x01, 0x01, 0x01, 0x01, 0x01, 0x01, 0x00, 0x10, 0x00,
    0xFF, 0xF0, 0x00, 0xFF, 0x08, 0x08, 0xFF, 0xF8, 0x08, 0xFF, 0x10, 0x00, 0x01, 0x01, 0x01, 0x01,
    0x01, 0x01, 0x01, 0x01, 0x01, 0x01, 0x01, 0x01, 0x01, 0xFF, 0x10, 0x10, 0x00, 0x00, 0xF0, 0xFF,
    0xF0, 0x10, 0x01, 0x01, 0x01, 0x01, 0x01, 0x01, 0x01, 0x01, 0x01, 0x01, 0x01, 0x01, 0x01, 0x01,
    0x01, 0x01, 0x01, 0x01, 0x01, 0x00, 0x00, 0x08, 0xFF, 0x08, 0x00, 0xFF, 0x08, 0xF8, 0x00, 0x00,
    0x10, 0xFF, 0xF8, 0xF8, 0x01, 0x01, 0x01, 0x01, 0x01, 0x01, 0x01, 0x01, 0x01, 0x01, 0x01, 0x01,
    0x01, 0x00, 0x10, 0x00, 0xFF, 0x00, 0x10, 0xFF, 0xF0, 0xF0, 0xFF, 0x00, 0x10, 0x01, 0x01, 0x01,
    0x01, 0x01, 0x01, 0x01, 0x01, 0x01, 0x01, 0x01, 0x01, 0x01, 0x01, 0x01, 0x01, 0xEC, 0xA4, 0xFD,
    0xC9, 0x02, 0x31, 0x22, 0xA6, 0xA4, 0x81, 0xFF, 0x27, 0x1D, 0x34, 0x02, 0x34, 0x20, 0x8E, 0xC9,
    0x02, 0xBD, 0xF3, 0x0C, 0xBD, 0x33, 0xE8, 0xFC, 0xC9, 0x02, 0xCB, 0x08, 0xFD, 0xC9, 0x02, 0x35,
    0x20, 0x31, 0x21, 0x35, 0x02, 0x20, 0xDD, 0x39, 0x8E, 0x30, 0xE5, 0xA6, 0xA4, 0x81, 0x20, 0x27,
    0x13, 0x80, 0x40, 0x81, 0x01, 0x27, 0x08, 0x30, 0x88, 0x1C, 0x4A, 0x81, 0x01, 0x26, 0xF8, 0xC6,
    0x28, 0xBD, 0xF4, 0x0E, 0xBD, 0xF3, 0x54, 0x39, 0x40, 0xC0, 0x4C, 0x45, 0x56, 0x45, 0x4C, 0x20,
    0x43, 0x4F, 0x4D, 0x50, 0x4C, 0x45, 0x54, 0x45, 0xFF, 0x10, 0xCC, 0x42, 0x4F, 0x4E, 0x55, 0x53,
    0x20, 0x41, 0x57, 0x41, 0x52, 0x44, 0xFF, 0xE0, 0xE0, 0x50, 0x4F, 0x49, 0x4E, 0x54, 0x53, 0xFF,
    0x10, 0xC2, 0x42, 0x45, 0x47, 0x49, 0x4E, 0x20, 0x4C, 0x45, 0x56, 0x45, 0x4C, 0xFF, 0xFE, 0xC4,
    0x20, 0x50, 0x4C, 0x41, 0x59, 0x20, 0x54, 0x52, 0x41, 0x4B, 0x4B, 0x45, 0x52, 0x53, 0xFF, 0xFE,
    0xC4, 0x42, 0x59, 0x20, 0x4A, 0x4F, 0x48, 0x4E, 0x20, 0x44, 0x4F, 0x4E, 0x44, 0x5A, 0x49, 0x4C,
    0x41, 0xFF, 0xFE, 0xC4, 0x50, 0x55, 0x53, 0x48, 0x20, 0x55, 0x50, 0x20, 0x54, 0x4F, 0x20, 0x50,
    0x4C, 0x41, 0x59, 0xFF, 0xFE, 0xB0, 0x4F, 0x52, 0x20, 0x44, 0x4F, 0x57, 0x4E, 0x20, 0x46, 0x4F,
    0x52, 0x20, 0x56, 0x45, 0x43, 0x54, 0x4F, 0x50, 0x49, 0x41, 0xFF, 0x8E, 0x02, 0x00, 0xBF, 0xC9,
    0x3B, 0x7F, 0xC9, 0x48, 0x7F, 0xC9, 0x4A, 0x7F, 0xC9, 0x4B, 0x7F, 0xC9, 0x4C, 0x7F, 0xC9, 0x4D,
    0xCC, 0x00, 0x00, 0xBD, 0xF2, 0x56, 0xCC, 0x01, 0x00, 0xBD, 0xF2, 0x56, 0xCC, 0x02, 0x00, 0xBD,
    0xF2, 0x56, 0xCC, 0x03, 0x00, 0xBD, 0xF2, 0x56, 0x7F, 0xC8, 0x87, 0x7F, 0xC8, 0x88, 0xB6, 0xC9,
    0x43, 0x4A, 0x7C, 0xC8, 0x87, 0xF6, 0xC8, 0x87, 0xC1, 0x0A, 0x26, 0x06, 0x7F, 0xC8, 0x87, 0x7C,
    0xC8, 0x88, 0x81, 0x00, 0x26, 0xEB, 0xBD, 0xF1, 0x92, 0xBD, 0x36, 0xD7, 0xBD, 0x35, 0x11, 0xFC,
    0xC9, 0x3B, 0x83, 0x00, 0x01, 0xFD, 0xC9, 0x3B, 0x10, 0x83, 0x01, 0x00, 0x26, 0x0D, 0xB6, 0xC9,
    0x43, 0x34, 0x02, 0xBD, 0x30, 0x8A, 0x35, 0x02, 0x4A, 0x26, 0xF6, 0xFC, 0xC9, 0x3B, 0x10, 0x83,
    0x00, 0x00, 0x26, 0xD2, 0xB6, 0xC9, 0x43, 0x81, 0x63, 0x27, 0x03, 0x7C, 0xC9, 0x43, 0x7E, 0x1F,
    0x4B, 0xBD, 0x2F, 0x9F, 0x86, 0x50, 0xBD, 0xF2, 0xAB, 0x10, 0x8E, 0x34, 0x08, 0xBD, 0x33, 0xBD,
    0x10, 0x8E, 0x34, 0x19, 0xBD, 0x33, 0xBD, 0x10, 0x8E, 0x34, 0x27, 0xBD, 0x33, 0xBD, 0xBD, 0xF2,
    0xA9, 0xCC, 0x00, 0x00, 0xC0, 0x0C, 0xBD, 0xF2, 0xFC, 0x8E, 0x2E, 0xE1, 0xC6, 0x20, 0xBD, 0xF4,
    0x0E, 0xBD, 0xF3, 0x54, 0xCC, 0x00, 0x06, 0xC0, 0x0C, 0xBD, 0xF2, 0xFC, 0x8E, 0x2E, 0xE1, 0xC6,
    0x20, 0xBD, 0xF4, 0x0E, 0xBD, 0xF3, 0x54, 0xCC, 0x00, 0x0C, 0xC0, 0x0C, 0xBD, 0xF2, 0xFC, 0x8E,
    0x2E, 0xE1, 0xC6, 0x20, 0xBD, 0xF4, 0x0E, 0xBD, 0xF3, 0x54, 0xCC, 0x00, 0xEE, 0xBD, 0xF2, 0xFC,
    0x8E, 0x2E, 0xE1, 0xB6, 0xC8, 0x87, 0x27, 0x06, 0x30, 0x88, 0x13, 0x4A, 0x20, 0xF8, 0xC6, 0x20,
    0xBD, 0xF4, 0x0E, 0xBD, 0xF3, 0x54, 0xCC, 0x00, 0xE8, 0xBD, 0xF2, 0xFC, 0x8E, 0x2E, 0xE1, 0xB6,
    0xC8, 0x88, 0x27, 0x06, 0x30, 0x88, 0x13, 0x4A, 0x20, 0xF8, 0xC6, 0x20, 0xBD, 0xF4, 0x0E, 0xBD,
    0xF3, 0x54, 0x39, 0xCC, 0x00, 0x00, 0xBD, 0xF2, 0x56, 0xCC, 0x01, 0x00, 0xBD, 0xF2, 0x56, 0xCC,
    0x02, 0x00, 0xBD, 0xF2, 0x56, 0xCC, 0x03, 0x00, 0xBD, 0xF2, 0x56, 0x7F, 0xC8, 0x87, 0x7F, 0xC8,
    0x88, 0xB6, 0xC9, 0x43, 0x4A, 0x7C, 0xC8, 0x87, 0xF6, 0xC8, 0x87, 0xC1, 0x0A, 0x26, 0x06, 0x7F,
    0xC8, 0x87, 0x7C, 0xC8, 0x88, 0x81, 0x00, 0x26, 0xEB, 0x86, 0x01, 0xB7, 0xC9, 0x18, 0x8E, 0x01,
    0x00, 0xBF, 0xC9, 0x04, 0xBD, 0xF1, 0x92, 0xBD, 0x2F, 0x9F, 0x86, 0x60, 0xBD, 0xF2, 0xAB, 0x10,
    0x8E, 0x34, 0x30, 0xBD, 0x33, 0xBD, 0xCC, 0x00, 0xEE, 0xBD, 0xF2, 0xFC, 0x8E, 0x2E, 0xE1, 0xB6,
    0xC8, 0x87, 0x27, 0x06, 0x30, 0x88, 0x13, 0x4A, 0x20, 0xF8, 0xC6, 0x20, 0xBD, 0xF4, 0x0E, 0xBD,
    0xF3, 0x54, 0xCC, 0x00, 0xE8, 0xBD, 0xF2, 0xFC, 0x8E, 0x2E, 0xE1, 0xB6, 0xC8, 0x88, 0x27, 0x06,
    0x30, 0x88, 0x13, 0x4A, 0x20, 0xF8, 0xC6, 0x20, 0xBD, 0xF4, 0x0E, 0xBD, 0xF3, 0x54, 0x4F, 0xBD,
    0xF1, 0xB4, 0x7D, 0xC8, 0x14, 0x27, 0x0B, 0xB6, 0xC9, 0x18, 0x26, 0x09, 0x8E, 0x00, 0x01, 0xBF,
    0xC9, 0x04, 0x7F, 0xC9, 0x18, 0xBE, 0xC9, 0x04, 0x30, 0x1F, 0xBF, 0xC9, 0x04, 0x8C, 0x00, 0x00,
    0x26, 0x8F, 0x39, 0x70, 0x01, 0x70, 0x70, 0x40, 0x01, 0x01, 0x80, 0x70, 0x01, 0x70, 0x01, 0x40,
    0x01, 0x01, 0x70, 0x70, 0x01, 0x10, 0x70, 0x40, 0x01, 0x01, 0x60, 0x70, 0x01, 0x08, 0x01, 0x40,
    0x02, 0x01, 0x50, 0x02, 0x02, 0x07, 0x02, 0x40, 0x02, 0x01, 0x40, 0x02, 0x02, 0x06, 0x02, 0x40,
    0x02, 0x01, 0x30, 0x02, 0x02, 0x05, 0x01, 0x30, 0x03, 0x01, 0x20, 0x02, 0x03, 0x04, 0x01, 0x30,
    0x03, 0x01, 0x10, 0x02, 0x03, 0x03, 0x01, 0x30, 0x03, 0x01, 0x00, 0x02, 0x04, 0x02, 0x01, 0x20,
    0x04, 0x00, 0xF0, 0x02, 0x04, 0x02, 0x01, 0x20, 0x04, 0x00, 0xD0, 0x02, 0x05, 0x01, 0x01, 0x10,
    0x04, 0x00, 0xA0, 0xCE, 0x36, 0xBA, 0xBD, 0xF2, 0x7D, 0x39, 0x00, 0x00, 0x01, 0x00, 0x02, 0x00,
    0x03, 0x00, 0x04, 0x00, 0x05, 0x00, 0x07, 0x1C, 0x08, 0x0F, 0x09, 0x0F, 0x0A, 0x10, 0x0B, 0x10,
    0x0C, 0x10, 0x0D, 0x00, 0x0E, 0x20, 0xFF, 0xF6, 0xC9, 0x48, 0x27, 0x28, 0xCB, 0x30, 0x86, 0x00,
    0xBD, 0xF2, 0x56, 0xCC, 0x01, 0x00, 0xBD, 0xF2, 0x56, 0xB6, 0xC9, 0x48, 0x8B, 0x07, 0xB7, 0xC9,
    0x48, 0x81, 0x70, 0x2B, 0x0F, 0x7F, 0xC9, 0x48, 0xCC, 0x00, 0x00, 0xBD, 0xF2, 0x56, 0xCC, 0x01,
    0x00, 0xBD, 0xF2, 0x56, 0xB6, 0xC9, 0x39, 0x27, 0x1F, 0xB6, 0xC9, 0x4A, 0x2A, 0x0E, 0xCC, 0x02,
    0x60, 0xBD, 0xF2, 0x56, 0xCC, 0x03, 0x00, 0xBD, 0xF2, 0x56, 0x20, 0x0C, 0xCC, 0x02, 0x00, 0xBD,
    0xF2, 0x56, 0xCC, 0x03, 0x00, 0xBD, 0xF2, 0x56, 0xB6, 0xC9, 0x4A, 0x8B, 0x20, 0xB7, 0xC9, 0x4A,
    0xB6, 0xC9, 0x4D, 0x26, 0x2B, 0xF6, 0xC9, 0x4B, 0x27, 0x26, 0x86, 0x00, 0xBD, 0xF2, 0x56, 0xCC,
    0x01, 0x00, 0xBD, 0xF2, 0x56, 0xB6, 0xC9, 0x4B, 0x8B, 0x0D, 0xB7, 0xC9, 0x4B, 0x81, 0x70, 0x2B,
    0x0F, 0x7F, 0xC9, 0x4B, 0xCC, 0x00, 0x00, 0xBD, 0xF2, 0x56, 0xCC, 0x01, 0x00, 0xBD, 0xF2, 0x56,
    0xB6, 0xC9, 0x4D, 0x27, 0x3E, 0xB6, 0xC9, 0x4C, 0x2A, 0x0E, 0xCC, 0x02, 0x70, 0xBD, 0xF2, 0x56,
    0xCC, 0x03, 0x01, 0xBD, 0xF2, 0x56, 0x20, 0x0C, 0xCC, 0x02, 0x00, 0xBD, 0xF2, 0x56, 0xCC, 0x03,
    0x00, 0xBD, 0xF2, 0x56, 0xB6, 0xC9, 0x4C, 0x8B, 0x10, 0xB7, 0xC9, 0x4C, 0x7A, 0xC9, 0x4D, 0xB6,
    0xC9, 0x4D, 0x26, 0x0F, 0xCC, 0x02, 0x00, 0xBD, 0xF2, 0x56, 0xCC, 0x03, 0x00, 0xBD, 0xF2, 0x56,
    0x7F, 0xC9, 0x4C, 0x39, 0x06, 0x1F, 0x07, 0x1C, 0x08, 0x0F, 0x09, 0x0F, 0x0A, 0x10, 0x0B, 0x0F,
    0x0C, 0xCF, 0x0D, 0x10, 0x0E, 0x00, 0xFF, 0x06, 0x1F, 0x07, 0x1C, 0x08, 0x0F, 0x09, 0x0F, 0x0A,
    0x10, 0x0B, 0x0F, 0x0C, 0x7F, 0x0D, 0x10, 0x0E, 0x00, 0xFF, 0x00, 0xC1, 0xC1, 0xFF, 0x7E, 0x00,
    0x00, 0x00, 0x12, 0xFF, 0x82, 0x00, 0x00, 0x00, 0x12, 0xFF, 0x7E, 0x00, 0x00, 0x00, 0x12, 0xFF,
    0x82, 0x00, 0x00, 0x00, 0x12, 0xFF, 0x7E, 0x00, 0x00, 0x00, 0x12, 0xFF, 0x82, 0x00, 0x00, 0x00,
    0x12, 0xFF, 0x7E, 0x00, 0x00, 0x00, 0x12, 0xFF, 0x82, 0x00, 0x01, 0x00, 0xC1, 0xC1, 0xFF, 0x00,
    0x7E, 0x00, 0x12, 0x00, 0xFF, 0x00, 0x82, 0x00, 0x12, 0x00, 0xFF, 0x00, 0x7E, 0x00, 0x12, 0x00,
    0xFF, 0x00, 0x82, 0x00, 0x12, 0x00, 0xFF, 0x00, 0x7E, 0x00, 0x12, 0x00, 0xFF, 0x00, 0x82, 0x00,
    0x12, 0x00, 0xFF, 0x00, 0x7E, 0x00, 0x12, 0x00, 0xFF, 0x00, 0x82, 0x01, 0x86, 0x00, 0xB7, 0xC9,
    0x02, 0xB7, 0xC9, 0x03, 0x86, 0xFF, 0xB7, 0xC9, 0x04, 0xBD, 0xF1, 0x92, 0xBD, 0x2F, 0x9F, 0x86,
    0x40, 0xBD, 0xF2, 0xAB, 0xCE, 0xCA, 0xC0, 0x8E, 0x37, 0xCA, 0xB6, 0xC9, 0x03, 0xBD, 0xF6, 0x1F,
    0xCC, 0x00, 0x00, 0xBD, 0xF2, 0xFC, 0xF6, 0xC9, 0x02, 0x8E, 0xCA, 0xC0, 0xBD, 0xF4, 0x0E, 0xBD,
    0xF3, 0x54, 0xCE, 0xCA, 0xC0, 0x8E, 0x37, 0xFB, 0xB6, 0xC9, 0x03, 0xBD, 0xF6, 0x1F, 0xCC, 0x00,
    0x00, 0xBD, 0xF2, 0xFC, 0xF6, 0xC9, 0x02, 0x8E, 0xCA, 0xC0, 0xBD, 0xF4, 0x0E, 0xBD, 0xF3, 0x54,
    0xB6, 0xC9, 0x03, 0x81, 0x80, 0x27, 0x03, 0x7C, 0xC9, 0x03, 0x86, 0x00, 0xF6, 0xC9, 0x04, 0xBD,
    0xF2, 0x56, 0xCC, 0x01, 0x00, 0xBD, 0xF2, 0x56, 0x86, 0x02, 0xF6, 0xC9, 0x04, 0xCB, 0x10, 0xBD,
    0xF2, 0x56, 0xCC, 0x03, 0x00, 0xBD, 0xF2, 0x56, 0x7A, 0xC9, 0x04, 0x7A, 0xC9, 0x04, 0x7C, 0xC9,
    0x02, 0x7C, 0xC9, 0x02, 0xB6, 0xC9, 0x02, 0x81, 0xE0, 0x10, 0x26, 0xFF, 0x7C, 0xCC, 0x00, 0x00,
    0xBD, 0xF2, 0x56, 0xCC, 0x01, 0x00, 0xBD, 0xF2, 0x56, 0xCC, 0x02, 0x00, 0xBD, 0xF2, 0x56, 0xCC,
    0x03, 0x00, 0xBD, 0xF2, 0x56, 0xCC, 0x00, 0x00, 0xBD, 0xF2, 0x56, 0x39, 0x86, 0xE0, 0xB7, 0xC9,
    0x02, 0x86, 0x00, 0xB7, 0xC9, 0x04, 0xBD, 0xF1, 0x92, 0xBD, 0x2F, 0x9F, 0x86, 0x40, 0xBD, 0xF2,
    0xAB, 0xCC, 0x00, 0x00, 0xBD, 0xF2, 0xFC, 0xF6, 0xC9, 0x02, 0x8E, 0x37, 0xCA, 0xBD, 0xF4, 0x0E,
    0xBD, 0xF3, 0x54, 0xCC, 0x00, 0x00, 0xBD, 0xF2, 0xFC, 0xF6, 0xC9, 0x02, 0x8E, 0x37, 0xFB, 0xBD,
    0xF4, 0x0E, 0xBD, 0xF3, 0x54, 0x86, 0x00, 0xF6, 0xC9, 0x04, 0xBD, 0xF2, 0x56, 0xCC, 0x01, 0x00,
    0xBD, 0xF2, 0x56, 0x86, 0x02, 0xF6, 0xC9, 0x04, 0xCB, 0x10, 0xBD, 0xF2, 0x56, 0xCC, 0x03, 0x00,
    0xBD, 0xF2, 0x56, 0x7C, 0xC9, 0x04, 0x7C, 0xC9, 0x04, 0x7A, 0xC9, 0x02, 0x7A, 0xC9, 0x02, 0xB6,
    0xC9, 0x02, 0x81, 0x00, 0x26, 0xA0, 0xCC, 0x00, 0x00, 0xBD, 0xF2, 0x56, 0xCC, 0x01, 0x00, 0xBD,
    0xF2, 0x56, 0xCC, 0x02, 0x00, 0xBD, 0xF2, 0x56, 0xCC, 0x03, 0x00, 0xBD, 0xF2, 0x56, 0xCC, 0x00,
    0x00, 0xBD, 0xF2, 0x56, 0x39, 0x00, 0x08, 0xA8, 0xFF, 0x00, 0xF8, 0xFF, 0xF8, 0xF8, 0xFF, 0xF8,
    0x08, 0xFF, 0x00, 0x08, 0xFF, 0x08, 0x00, 0xFF, 0x00, 0xF8, 0x00, 0xF8, 0x10, 0xFF, 0x08, 0x00,
    0xFF, 0x08, 0x08, 0xFF, 0xF8, 0x08, 0xFF, 0xF8, 0x00, 0xFF, 0x08, 0xF8, 0x00, 0xF8, 0x10, 0xFF,
    0x10, 0x00, 0xFF, 0xF8, 0x08, 0xFF, 0x08, 0x08, 0xFF, 0xF0, 0x00, 0x00, 0x00, 0x18, 0xFF, 0x00,
    0xF8, 0xFF, 0x08, 0xF8, 0xFF, 0x08, 0x08, 0xFF, 0x00, 0x08, 0x00, 0xF8, 0xF8, 0xFF, 0x00, 0xF8,
    0x01, 0x00, 0xF8, 0x10, 0xFF, 0x10, 0x00, 0xFF, 0x00, 0x10, 0xFF, 0xF0, 0x00, 0xFF, 0x00, 0xF0,
    0x00, 0x10, 0x18, 0xFF, 0xF0, 0x08, 0xFF, 0x10, 0x08, 0x00, 0xF0, 0x18, 0xFF, 0x00, 0xF8, 0xFF,
    0x08, 0xF8, 0xFF, 0x08, 0x08, 0xFF, 0x00, 0x08, 0x00, 0xF8, 0xF8, 0xFF, 0x00, 0xF8, 0x00, 0xF8,
    0x18, 0xFF, 0x10, 0x00, 0xFF, 0x00, 0x10, 0xFF, 0xF8, 0x00, 0xFF, 0x00, 0xF0, 0xFF, 0xF8, 0x10,
    0x01, 0xBD, 0x38, 0xDC, 0x86, 0x01, 0xB7, 0xC9, 0x4F, 0x8E, 0x01, 0x80, 0xB7, 0xC9, 0x50, 0x86,
    0x7F, 0xB7, 0xC9, 0x52, 0xCE, 0x37, 0xA4, 0xBD, 0xF2, 0x7D, 0xBD, 0xF1, 0x92, 0xBD, 0x2F, 0x9F,
    0xBD, 0x3A, 0x2B, 0xBE, 0xC9, 0x50, 0x30, 0x1F, 0xBF, 0xC9, 0x50, 0x8C, 0x00, 0x80, 0x2A, 0xEA,
    0x7A, 0xC9, 0x52, 0x8C, 0x00, 0x00, 0x26, 0xE2, 0x7E, 0x1E, 0xF1, 0xB6, 0xC9, 0x4F, 0x81, 0x00,
    0x26, 0x01, 0x39, 0xB6, 0xC9, 0x52, 0xBD, 0xF2, 0xAB, 0xCC, 0x00, 0x00, 0xFD, 0xC9, 0x02, 0x8E,
    0xC9, 0x02, 0xBD, 0xF3, 0x0C, 0xF6, 0xC9, 0x4F, 0x8E, 0x39, 0x65, 0xBD, 0xF4, 0x0E, 0xBD, 0xF3,
    0x54, 0xCC, 0x00, 0x00, 0xFD, 0xC9, 0x02, 0x8E, 0xC9, 0x02, 0xBD, 0xF3, 0x0C, 0xF6, 0xC9, 0x4F,
    0x8E, 0x39, 0xB1, 0xBD, 0xF4, 0x0E, 0xBD, 0xF3, 0x54, 0xB6, 0xC9, 0x4F, 0x81, 0x7C, 0x2A, 0x05,
    0x8B, 0x02, 0xB7, 0xC9, 0x4F, 0x39, 0xBD, 0x2A, 0x13, 0xCE, 0x46, 0x06, 0xBD, 0x3C, 0x17, 0xBD,
    0x2A, 0x13, 0x86, 0x00, 0xB7, 0xC9, 0x02, 0xCC, 0x00, 0x00, 0xFD, 0xC8, 0x90, 0xBD, 0xF1, 0x92,
    0xBD, 0xF1, 0xAA, 0xBD, 0x46, 0xE0, 0xBD, 0x47, 0xAA, 0xBD, 0x2A, 0x24, 0xB6, 0xC8, 0x1C, 0x81,
    0x00, 0x27, 0x06, 0x81, 0x00, 0x2A, 0x0F, 0x2B, 0x12, 0xBD, 0x48, 0x1C, 0xBD, 0x3A, 0xE0, 0xFC,
    0xC8, 0xC8, 0x27, 0xC2, 0x20, 0xD7, 0x7E, 0x1F, 0x00, 0x20, 0xD2, 0xBD, 0xF2, 0x72, 0x7F, 0xC8,
    0x00, 0xBD, 0xF1, 0xAA, 0x86, 0x9F, 0xC6, 0xFF, 0xFD, 0xD0, 0x02, 0xCC, 0x41, 0x00, 0xFD, 0xD0,
    0x00, 0xCC, 0x98, 0x7F, 0xB7, 0xD0, 0x0B, 0xF7, 0xD0, 0x04, 0xBD, 0xF3, 0x54, 0x7E, 0xF0, 0x00,
    0xFC, 0xC8, 0xC8, 0x27, 0x22, 0x83, 0x00, 0x01, 0xFD, 0xC8, 0xC8, 0x4F, 0xB7, 0xC8, 0xC0, 0xCE,
    0xC8, 0xCC, 0xBD, 0x3B, 0x7D, 0xB6, 0xC8, 0xC0, 0xBD, 0xF2, 0x56, 0x33, 0x4E, 0x7C, 0xC8, 0xC0,
    0xB6, 0xC8, 0xC0, 0x81, 0x0B, 0x26, 0xEB, 0x39, 0xE6, 0x42, 0x26, 0x0C, 0xAE, 0xC4, 0xE6, 0x80,
    0xE7, 0x43, 0xAF, 0xC4, 0xC6, 0x80, 0xE7, 0x42, 0x64, 0x42, 0xE4, 0x43, 0x10, 0x26, 0x00, 0x7F,
    0x6C, 0x46, 0x7F, 0xC8, 0xC5, 0x7F, 0xC8, 0xC4, 0x78, 0xC8, 0xC4, 0x7C, 0xC8, 0xC5, 0xE6, 0x42,
    0x26, 0x0C, 0xAE, 0xC4, 0xE6, 0x80, 0xE7, 0x43, 0xAF, 0xC4, 0xC6, 0x80, 0xE7, 0x42, 0x64, 0x42,
    0xE4, 0x43, 0x27, 0x03, 0x7C, 0xC8, 0xC4, 0xAE, 0x47, 0x30, 0x03, 0xA6, 0x84, 0x84, 0x7F, 0xB1,
    0xC8, 0xC5, 0x2E, 0xD4, 0x26, 0xF3, 0xE6, 0x01, 0xF1, 0xC8, 0xC4, 0x26, 0xEC, 0xE6, 0x02, 0xA6,
    0x84, 0x84, 0x80, 0x27, 0x12, 0xAE, 0x4C, 0x5D, 0x27, 0x07, 0xA6, 0x80, 0x30, 0x86, 0x5A, 0x26,
    0xF9, 0xAF, 0x49, 0x6F, 0x4B, 0x20, 0x06, 0x6F, 0x49, 0x6F, 0x4A, 0xE7, 0x44, 0xEC, 0x45, 0x27,
    0x87, 0xAE, 0x49, 0x27, 0x12, 0xA6, 0x80, 0xE6, 0x4B, 0xE6, 0x85, 0xE7, 0x44, 0x6C, 0x4B, 0xA1,
    0x4B, 0x26, 0x09, 0x6F, 0x4B, 0xEC, 0x45, 0x83, 0x00, 0x01, 0xED, 0x45, 0xE6, 0x44, 0x39, 0x86,
    0x02, 0xB7, 0xC8, 0xC1, 0x7C, 0xC8, 0xC1, 0xE6, 0x42, 0x26, 0x0C, 0xAE, 0xC4, 0xE6, 0x80, 0xE7,
    0x43, 0xAF, 0xC4, 0xC6, 0x80, 0xE7, 0x42, 0x64, 0x42, 0xE4, 0x43, 0x26, 0xE7, 0x5C, 0xF7, 0xC8,
    0xC2, 0xF7, 0xC8, 0xC3, 0xE6, 0x42, 0x26, 0x0C, 0xAE, 0xC4, 0xE6, 0x80, 0xE7, 0x43, 0xAF, 0xC4,
    0xC6, 0x80, 0xE7, 0x42, 0x64, 0x42, 0xE4, 0x43, 0x27, 0x02, 0xC6, 0x01, 0xE7, 0x46, 0xE6, 0x42,
    0x26, 0x0C, 0xAE, 0xC4, 0xE6, 0x80, 0xE7, 0x43, 0xAF, 0xC4, 0xC6, 0x80, 0xE7, 0x42, 0x64, 0x42,
    0xE4, 0x43, 0x27, 0x02, 0xC6, 0x01, 0x4F, 0x48, 0x58, 0x24, 0x02, 0x8A, 0x01, 0x7A, 0xC8, 0xC3,
    0x26, 0xF5, 0xE3, 0x45, 0xED, 0x45, 0x7C, 0xC8, 0xC2, 0xB6, 0xC8, 0xC2, 0xB7, 0xC8, 0xC3, 0xB1,
    0xC8, 0xC1, 0x26, 0xCA, 0x7E, 0x3B, 0x22, 0x8E, 0xC8, 0xCC, 0xCC, 0x00, 0x9A, 0xBD, 0xF5, 0x48,
    0x10, 0xAE, 0xC1, 0xEC, 0xA4, 0xFD, 0xC8, 0xC6, 0xFD, 0xC8, 0xC8, 0xC6, 0x0B, 0x10, 0xAE, 0xC1,
    0x10, 0xAF, 0x07, 0x10, 0xAE, 0xC1, 0x10, 0xAF, 0x0C, 0x10, 0xAE, 0xC1, 0x10, 0xAF, 0x84, 0x30,
    0x0E, 0x5A, 0x26, 0xE9, 0xFF, 0xC8, 0xCA, 0x39, 0x06, 0xC0, 0x03, 0x04, 0x0C, 0x83, 0x06, 0x09,
    0x83, 0x07, 0x00, 0x04, 0x04, 0xEE, 0x04, 0x06, 0xB2, 0x84, 0x0A, 0x02, 0x84, 0x0B, 0x01, 0x05,
    0x06, 0xE1, 0x05, 0x0A, 0x86, 0x05, 0x0B, 0x61, 0x85, 0x0E, 0x03, 0x85, 0x0F, 0x04, 0x06, 0x08,
    0x65, 0x86, 0x09, 0x08, 0x86, 0x0A, 0x06, 0x06, 0x0B, 0xDD, 0x06, 0x0E, 0x96, 0x86, 0x0F, 0x05,
    0x07, 0x08, 0x91, 0x87, 0x09, 0x0B, 0x07, 0x0A, 0x2C, 0x07, 0x0B, 0x3E, 0x87, 0x0C, 0x0A, 0x07,
    0x0D, 0xA8, 0x07, 0x0E, 0xC8, 0x87, 0x0F, 0x07, 0x08, 0x08, 0x0A, 0x08, 0x09, 0x1C, 0x08, 0x0A,
    0x41, 0x08, 0x0B, 0x51, 0x08, 0x0C, 0x8E, 0x08, 0x0D, 0x9F, 0x08, 0x0E, 0xC2, 0x09, 0x06, 0x0E,
    0x09, 0x08, 0x71, 0x09, 0x0A, 0x78, 0x09, 0x0C, 0x7A, 0x09, 0x0D, 0xB0, 0x09, 0x0E, 0xB1, 0x09,
    0x0F, 0x08, 0x09, 0x1E, 0x70, 0x09, 0x1F, 0x77, 0x0A, 0x03, 0x80, 0x0A, 0x05, 0x83, 0x0A, 0x07,
    0xB7, 0x0A, 0x09, 0xBE, 0x0A, 0x0B, 0xC6, 0x0A, 0x0E, 0x6E, 0x0A, 0x0F, 0x6F, 0x0A, 0x12, 0x75,
    0x0A, 0x13, 0x76, 0x0A, 0x16, 0xB3, 0x0A, 0x17, 0xB4, 0x0B, 0x01, 0x72, 0x0B, 0x02, 0x79, 0x0B,
    0x03, 0x7B, 0x0B, 0x04, 0x7D, 0x0B, 0x05, 0x7F, 0x0B, 0x08, 0x81, 0x0B, 0x09, 0x82, 0x0B, 0x0C,
    0x84, 0x0B, 0x0D, 0x85, 0x0B, 0x10, 0xBA, 0x0B, 0x11, 0xBC, 0x0B, 0x14, 0xC0, 0x0B, 0x15, 0xC4,
    0x0C, 0x01, 0x10, 0x0C, 0x61, 0x61, 0x51, 0x41, 0x41, 0x51, 0x61, 0x61, 0x61, 0x61, 0x61, 0x61,
    0x09, 0x0C, 0x0A, 0x08, 0x08, 0x0A, 0x0C, 0x0E, 0x10, 0x0E, 0x04, 0x91, 0x91, 0x3E, 0x3E, 0x06,
    0xC2, 0xC2, 0x65, 0x65, 0x2C, 0x2C, 0x06, 0x65, 0x65, 0x2C, 0x2C, 0xEE, 0xEE, 0x06, 0xB3, 0xB4,
    0xB3, 0xB2, 0xB1, 0xB0, 0x06, 0x70, 0x6F, 0x6E, 0x6E, 0x6F, 0x70, 0x05, 0x78, 0x79, 0x78, 0x77,
    0x76, 0x03, 0xB0, 0xB1, 0xB2, 0x0C, 0xE1, 0xE1, 0xE1, 0xE1, 0xE1, 0xE1, 0xC8, 0xC8, 0xC8, 0xC8,
    0xC8, 0xC8, 0x04, 0x75, 0x75, 0x76, 0x77, 0x03, 0x71, 0x72, 0x71, 0xBA, 0xC1, 0x72, 0x0A, 0x05,
    0xCD, 0x6F, 0x35, 0xDB, 0xCD, 0x71, 0xF3, 0x5D, 0xBC, 0xD7, 0x1F, 0x35, 0xDB, 0xCD, 0x71, 0xF3,
    0x5D, 0xBC, 0xD6, 0xF2, 0x58, 0x2E, 0x41, 0x40, 0xB2, 0xE7, 0x30, 0xDA, 0x02, 0x24, 0x0F, 0x04,
    0x5E, 0x34, 0xE3, 0x4E, 0x34, 0xE3, 0x4E, 0x34, 0xE3, 0x00, 0xB0, 0x15, 0x07, 0x00, 0xA0, 0x09,
    0x01, 0x10, 0x10, 0x00, 0xE0, 0x5C, 0xC0, 0x70, 0x1A, 0x3C, 0x48, 0xF1, 0x23, 0xC4, 0x8F, 0x12,
    0x3C, 0x48, 0xF1, 0x23, 0xC4, 0x8F, 0x13, 0x36, 0x99, 0xD3, 0x54, 0xDA, 0x67, 0x4D, 0x53, 0x69,
    0x9D, 0x35, 0x4D, 0xA6, 0x74, 0xD5, 0x36, 0x99, 0xD3, 0x54, 0xDA, 0x67, 0x4D, 0x40, 0x1A, 0x01,
    0x80, 0x14, 0x02, 0x40, 0x20, 0x01, 0x80, 0x28, 0x02, 0x00, 0x1D, 0x81, 0x81, 0xE1, 0x81, 0xE1,
    0x81, 0xE1, 0x81, 0xE1, 0x93, 0x0F, 0x0A, 0x09, 0x14, 0x12, 0x28, 0x24, 0x50, 0x48, 0xA9, 0x87,
    0xE6, 0xA9, 0x9D, 0x30, 0xD9, 0xB4, 0xC7, 0x4C, 0xD3, 0x49, 0xC9, 0x8A, 0x98, 0xB9, 0x91, 0x61,
    0x16, 0x0E, 0xB0, 0x8B, 0x11, 0x61, 0x76, 0x22, 0xC2, 0xEC, 0x2A, 0x72, 0x69, 0x33, 0x4E, 0x4D,
    0x1A, 0x68, 0xD3, 0x66, 0x9B, 0x4C, 0x6C, 0xC7, 0x4D, 0x9A, 0x69, 0x33, 0x4E, 0x4C, 0xD3, 0x09,
    0x9C, 0x8D, 0xCC, 0x89, 0xC9, 0xA4, 0xCD, 0x39, 0x34, 0x69, 0xA3, 0x4D, 0x9A, 0x6D, 0x31, 0xB3,
    0x54, 0xC3, 0x26, 0xA9, 0x8D, 0x9A, 0xA6, 0xD3, 0x54, 0xD2, 0x6D, 0x39, 0x1B, 0x40, 0x44, 0x81,
    0xE0, 0x84, 0x91, 0x6A, 0x91, 0x6A, 0x91, 0x6A, 0x91, 0x6A, 0x91, 0x6A, 0x91, 0x6A, 0x91, 0x6A,
    0x91, 0x6A, 0xC2, 0xE5, 0x4A, 0x2A, 0x51, 0x52, 0x8A, 0x94, 0x54, 0xA2, 0xA5, 0x15, 0x28, 0xA9,
    0x4C, 0x2F, 0x91, 0x6A, 0x91, 0x6A, 0x91, 0x6A, 0x91, 0x6A, 0x91, 0x6A, 0x91, 0x6A, 0x91, 0x6A,
    0x91, 0x6A, 0xC2, 0xE5, 0x4A, 0x2A, 0x51, 0x52, 0x8A, 0x94, 0x54, 0xA2, 0xA5, 0x15, 0x28, 0xA9,
    0x4C, 0x2F, 0x02, 0x01, 0x08, 0x02, 0x02, 0x01, 0x02, 0x03, 0x00, 0x83, 0x01, 0x00, 0x06, 0x00,
    0x00, 0x01, 0x01, 0x01, 0x01, 0xFE, 0x01, 0xBF, 0x2D, 0xB1, 0xF3, 0xB1, 0xF3, 0xB1, 0xF3, 0xB1,
    0xF3, 0xB1, 0xF3, 0xBF, 0x8E, 0xBF, 0x9B, 0xB1, 0xF3, 0xBE, 0x67, 0xCE, 0x9F, 0xE3, 0xEC, 0x7C,
    0xEF, 0x87, 0xFF, 0x88, 0xEC, 0x27, 0xF0, 0x4D, 0x73, 0x2C, 0x03, 0x04, 0xE1, 0x03, 0x06, 0x0C,
    0x03, 0x07, 0xEE, 0x04, 0x04, 0x86, 0x84, 0x05, 0x03, 0x04, 0x06, 0xB2, 0x84, 0x0A, 0x00, 0x84,
    0x0B, 0x01, 0x05, 0x06, 0xDD, 0x05, 0x0E, 0xC8, 0x85, 0x0F, 0x02, 0x06, 0x08, 0xA8, 0x86, 0x09,
    0x06, 0x86, 0x0A, 0x07, 0x86, 0x0B, 0x05, 0x06, 0x0E, 0x96, 0x86, 0x0F, 0x04, 0x07, 0x08, 0x3E,
    0x07, 0x09, 0x70, 0x07, 0x0A, 0x77, 0x87, 0x0C, 0x0A, 0x07, 0x0D, 0x91, 0x87, 0x0E, 0x08, 0x07,
    0x0F, 0x65, 0x08, 0x0A, 0x0A, 0x08, 0x0C, 0x1C, 0x08, 0x0D, 0x84, 0x08, 0x0E, 0x8E, 0x08, 0x0F,
    0x9F, 0x08, 0x16, 0x2C, 0x88, 0x17, 0x09, 0x09, 0x07, 0x6E, 0x09, 0x08, 0x6F, 0x09, 0x0A, 0x76,
    0x09, 0x0C, 0xB3, 0x09, 0x0E, 0x7A, 0x09, 0x0F, 0xB0, 0x09, 0x10, 0xB1, 0x09, 0x11, 0xC2, 0x09,
    0x12, 0xC7, 0x09, 0x13, 0x08, 0x09, 0x16, 0x85, 0x09, 0x17, 0xC6, 0x0A, 0x01, 0x72, 0x0A, 0x03,
    0x7D, 0x0A, 0x05, 0x81, 0x0A, 0x07, 0x88, 0x0A, 0x09, 0xBC, 0x0A, 0x0B, 0xC4, 0x0A, 0x0C, 0xCA,
    0x0A, 0x0D, 0x0E, 0x0A, 0x12, 0x71, 0x0A, 0x13, 0x75, 0x0A, 0x16, 0x78, 0x0A, 0x17, 0x87, 0x0A,
    0x1A, 0xB4, 0x0A, 0x1B, 0xC9, 0x0B, 0x01, 0x17, 0x0B, 0x04, 0x79, 0x0B, 0x05, 0x7B, 0x0B, 0x08,
    0x7F, 0x0B, 0x09, 0x80, 0x0B, 0x0C, 0x82, 0x0B, 0x0D, 0x83, 0x0B, 0x10, 0xB7, 0x0B, 0x11, 0xBA,
    0x0B, 0x14, 0xBE, 0x0B, 0x15, 0xC0, 0x0C, 0x01, 0x10, 0x09, 0x0C, 0x0A, 0x08, 0x08, 0x0A, 0x0C,
    0x0E, 0x10, 0x0E, 0x04, 0x91, 0x91, 0x3E, 0x3E, 0x06, 0xC2, 0xC2, 0x65, 0x65, 0x2C, 0x2C, 0x06,
    0x65, 0x65, 0x2C, 0x2C, 0xEE, 0xEE, 0x06, 0xB3, 0xB4, 0xB3, 0xB2, 0xB1, 0xB0, 0x06, 0x70, 0x6F,
    0x6E, 0x6E, 0x6F, 0x70, 0x06, 0x78, 0x79, 0x78, 0x77, 0x76, 0x75, 0x03, 0xB0, 0xB1, 0xB2, 0x05,
    0x85, 0x86, 0x87, 0x88, 0x87, 0x03, 0x75, 0x76, 0x77, 0x03, 0x71, 0x72, 0x71, 0x00, 0x1F, 0xED,
    0x1F, 0x9E, 0xBD, 0x30, 0x28, 0x13, 0x9E, 0x9C, 0x9E, 0x9C, 0x9B, 0xA7, 0xA7, 0x26, 0xE9, 0xE9,
    0xC9, 0xBA, 0x7A, 0x72, 0x6E, 0x9E, 0x9C, 0x9B, 0xA7, 0xA7, 0x26, 0xE0, 0x5C, 0x05, 0x82, 0x20,
    0x2A, 0x02, 0x80, 0x24, 0x04, 0x40, 0x40, 0x0D, 0x18, 0x10, 0x03, 0xC7, 0x8A, 0x1E, 0x28, 0x78,
    0xA1, 0xE2, 0x87, 0x8A, 0x1E, 0x28, 0x78, 0xA1, 0xE2, 0xA6, 0xD3, 0x3A, 0x69, 0x36, 0x99, 0xD3,
    0x49, 0xB4, 0xCE, 0x9A, 0x4D, 0xA6, 0x74, 0xD2, 0x6D, 0x33, 0xA6, 0x93, 0x69, 0x9D, 0x34, 0x05,
    0x81, 0xA0, 0x1A, 0x01, 0x80, 0x14, 0x02, 0x40, 0x20, 0x01, 0x80, 0x2D, 0x81, 0xC2, 0x42, 0xE2,
    0x42, 0xE2, 0x42, 0xE2, 0x42, 0xF3, 0x12, 0x2C, 0x30, 0x58, 0x60, 0xB0, 0xC1, 0x61, 0x82, 0xE6,
    0x2A, 0x69, 0x33, 0xA6, 0x1F, 0x36, 0x9B, 0xB1, 0xC9, 0xE9, 0x8B, 0x4C, 0x44, 0xC7, 0xE3, 0x1A,
    0x70, 0x25, 0x20, 0xB8, 0x24, 0x70, 0x1B, 0x01, 0x80, 0x6C, 0xE0, 0x48, 0x17, 0x9E, 0x9F, 0x9C,
    0x9E, 0x9F, 0x9C, 0x9B, 0xA7, 0xE7, 0x26, 0xE9, 0xB4, 0xE4, 0xDD, 0x36, 0x99, 0x13, 0x74, 0xDA,
    0x72, 0x6E, 0x9F, 0x9C, 0x9E, 0x9C, 0x98, 0x64, 0xF4, 0x6A, 0x63, 0xE7, 0xA7, 0xE7, 0x27, 0xA7,
    0xE7, 0x26, 0xE9, 0xF9, 0xC9, 0xBA, 0x6D, 0x39, 0x37, 0x4D, 0xA6, 0x44, 0xD2, 0x61, 0xD3, 0x49,
    0x91, 0x34, 0x9B, 0x4D, 0x27, 0xE6, 0xD3, 0xD6, 0xA6, 0x05, 0x02, 0x60, 0xD0, 0xE2, 0x02, 0xD2,
    0x0D, 0x0E, 0x20, 0x2D, 0x20, 0xD0, 0xE9, 0x19, 0x72, 0x32, 0xE4, 0x65, 0xC8, 0xCB, 0x91, 0x97,
    0x23, 0x2E, 0x46, 0x5C, 0x8C, 0xBC, 0x2F, 0x5C, 0xB2, 0xE5, 0x97, 0x2C, 0xB9, 0x65, 0xCB, 0x2E,
    0x59, 0x72, 0xCB, 0x96, 0xC2, 0xB2, 0x32, 0xE4, 0x65, 0xC8, 0xCB, 0x91, 0x97, 0x23, 0x2E, 0x46,
    0x5C, 0x8C, 0xB9, 0x19, 0x78, 0x5E, 0xB9, 0x65, 0xCB, 0x2E, 0x59, 0x72, 0xCB, 0x96, 0x5C, 0xB2,
    0xE5, 0x97, 0x2D, 0x15, 0x02, 0x01, 0x0E, 0x02, 0x02, 0x01, 0x02, 0x03, 0x00, 0x83, 0x01, 0x00,
    0x06, 0x00, 0x00, 0x01, 0x01, 0x01, 0x01, 0xFE, 0x31, 0xBF, 0x39, 0xA7, 0xCE, 0xC7, 0xCE, 0xC7,
    0xCE, 0xC7, 0xCE, 0xC7, 0xCE, 0xC7, 0xCE, 0xFE, 0x3A, 0xFE, 0x26, 0xC7, 0xCE, 0xC7, 0xCE, 0xF9,
    0x9F, 0x3A, 0x7F, 0x8F, 0xB1, 0xF3, 0xBE, 0x1F, 0xF8, 0x9B, 0x87, 0xFE, 0x29, 0xB0, 0x9F, 0xC1,
    0x35, 0x8C, 0xB0, 0x82, 0x02, 0x03, 0x83, 0x06, 0x01, 0x83, 0x07, 0x00, 0x84, 0x04, 0x04, 0x84,
    0x05, 0x05, 0x84, 0x06, 0x08, 0x05, 0x04, 0x47, 0x85, 0x05, 0x0A, 0x85, 0x06, 0x07, 0x85, 0x07,
    0x09, 0x85, 0x0E, 0x06, 0x85, 0x0F, 0x02, 0x06, 0x04, 0x3F, 0x86, 0x06, 0x0B, 0x06, 0x07, 0xB8,
    0x07, 0x04, 0x6F, 0x07, 0x06, 0x0B, 0x07, 0x0A, 0x77, 0x87, 0x0B, 0x0C, 0x08, 0x02, 0x87, 0x08,
    0x04, 0xFB, 0x08, 0x05, 0x03, 0x08, 0x06, 0x51, 0x08, 0x0A, 0xC0, 0x08, 0x0B, 0x97, 0x08, 0x0E,
    0x61, 0x08, 0x0F, 0x67, 0x09, 0x01, 0x85, 0x09, 0x02, 0xBB, 0x09, 0x03, 0x41, 0x09, 0x06, 0x23,
    0x09, 0x07, 0x8F, 0x09, 0x0E, 0x37, 0x09, 0x0F, 0x57, 0x0A, 0x01, 0xCB, 0x0B, 0x01, 0xB3, 0x0C,
    0x01, 0x30, 0x06, 0x30, 0x61, 0x61, 0x61, 0x51, 0x41, 0x0C, 0xC0, 0x51, 0x41, 0x41, 0x51, 0x61,
    0xB8, 0x61, 0x61, 0x61, 0x61, 0x51, 0x0C, 0xC0, 0x57, 0x47, 0x47, 0x57, 0x67, 0xB3, 0x67, 0x67,
    0x67, 0x57, 0x47, 0x0D, 0xC0, 0x57, 0x47, 0x47, 0x57, 0x67, 0xB8, 0x67, 0x67, 0x67, 0x67, 0x57,
    0xB8, 0x0F, 0x77, 0x77, 0x77, 0x77, 0x6F, 0xBB, 0x77, 0x77, 0x77, 0x6F, 0x67, 0xC0, 0x6F, 0x67,
    0x67, 0x0F, 0x85, 0x0B, 0x0B, 0x0B, 0x03, 0xFB, 0x85, 0x0B, 0x0B, 0x0B, 0x03, 0xFB, 0xC0, 0x03,
    0xFB, 0x05, 0x61, 0x61, 0x61, 0x61, 0x51, 0x06, 0xCB, 0x97, 0x97, 0x97, 0x8F, 0x87, 0x0F, 0x47,
    0x47, 0x47, 0x47, 0x3F, 0x23, 0x47, 0x47, 0x47, 0x3F, 0x37, 0xC0, 0x3F, 0x37, 0x37, 0x0C, 0xC0,
    0x8F, 0x87, 0x87, 0x8F, 0x97, 0xB8, 0x97, 0x97, 0x97, 0x97, 0x8F, 0x09, 0xFB, 0x03, 0x0B, 0xB8,
    0x0B, 0x0B, 0x0B, 0x0B, 0x03, 0x09, 0x6F, 0x77, 0xB8, 0x77, 0x77, 0x77, 0x77, 0x6F, 0xB8, 0x08,
    0x6F, 0x77, 0xBB, 0x77, 0x77, 0x77, 0x6F, 0x67, 0x0E, 0x73, 0xB0, 0x73, 0x9C, 0xF9, 0x76, 0x97,
    0x47, 0x3B, 0x07, 0x39, 0xCF, 0x97, 0x69, 0x74, 0x73, 0xB0, 0x73, 0x9C, 0xF9, 0x76, 0x97, 0x47,
    0x3B, 0x07, 0x39, 0xCF, 0x97, 0x69, 0x74, 0x73, 0xB0, 0x73, 0x9C, 0xF9, 0x76, 0x97, 0x47, 0x3B,
    0x07, 0x39, 0xCF, 0x97, 0x69, 0x74, 0x73, 0xB0, 0x73, 0x9C, 0xF9, 0x76, 0x97, 0x47, 0x3B, 0x07,
    0x39, 0xCF, 0x97, 0x69, 0x74, 0x40, 0xC4, 0x0B, 0x28, 0xA5, 0x14, 0x39, 0x82, 0x08, 0x1E, 0x24,
    0x08, 0x1C, 0xC1, 0x04, 0x01, 0xAC, 0x40, 0x80, 0x74, 0x8C, 0x3C, 0x8C, 0x38, 0x73, 0x9D, 0x83,
    0x9C, 0xE7, 0xCB, 0xB4, 0xBA, 0x39, 0xD8, 0x39, 0xCE, 0x7C, 0xBB, 0x4B, 0xA3, 0x9D, 0x83, 0x9C,
    0xE7, 0xCB, 0xB4, 0xBA, 0x39, 0xD8, 0x39, 0xCE, 0x7C, 0xBB, 0x4B, 0xA2, 0x06, 0x20, 0x59, 0x45,
    0x28, 0xA1, 0xCC, 0x10, 0x40, 0xF1, 0x20, 0x40, 0xE6, 0x08, 0x20, 0x0D, 0x62, 0x04, 0x03, 0xA4,
    0x61, 0xE4, 0x61, 0xC3, 0x90, 0x31, 0x02, 0xCA, 0x29, 0x45, 0x0E, 0x60, 0x82, 0x07, 0x89, 0x02,
    0x07, 0x30, 0x41, 0x00, 0x6B, 0x10, 0x20, 0x1D, 0x23, 0x0F, 0x23, 0x0E, 0x82, 0x03, 0x00, 0x83,
    0x04, 0x02, 0x83, 0x05, 0x01, 0x84, 0x04, 0x07, 0x84, 0x05, 0x04, 0x84, 0x06, 0x06, 0x84, 0x07,
    0x03, 0x05, 0x02, 0x0A, 0x05, 0x03, 0x07, 0x85, 0x04, 0x09, 0x05, 0x05, 0x06, 0x85, 0x06, 0x08,
    0x85, 0x07, 0x05, 0x06, 0x02, 0x09, 0x06, 0x03, 0x05, 0x07, 0x01, 0x03, 0x07, 0x02, 0x04, 0x07,
    0x03, 0x08, 0x08, 0x01, 0x02, 0x0B, 0x08, 0x08, 0x08, 0x08, 0x08, 0x04, 0x08, 0x08, 0x08, 0x08,
    0x08, 0x06, 0x08, 0x08, 0x08, 0x08, 0x08, 0x0A, 0x0D, 0x0A, 0x09, 0x09, 0x09, 0x09, 0x09, 0x04,
    0x09, 0x09, 0x09, 0x09, 0x09, 0x04, 0x06, 0x09, 0x09, 0x09, 0x09, 0x09, 0x0A, 0x05, 0x03, 0x07,
    0x07, 0x07, 0x07, 0x0D, 0x06, 0x0A, 0x07, 0x06, 0x06, 0x07, 0x07, 0x0A, 0x07, 0x07, 0x07, 0x07,
    0x07, 0x0C, 0x0A, 0x06, 0x06, 0x06, 0x06, 0x06, 0x03, 0x06, 0x06, 0x06, 0x06, 0x06, 0x06, 0x05,
    0x05, 0x05, 0x05, 0x05, 0x0A, 0x06, 0x07, 0x0A, 0x07, 0x07, 0x07, 0x07, 0x07, 0x02, 0x05, 0x05,
    0x05, 0x05, 0x05, 0x02, 0x09, 0x85, 0x2A, 0xD1, 0x84, 0xAC, 0x09, 0x64, 0xEC, 0x29, 0x56, 0x8C,
    0x25, 0x60, 0x4B, 0x27, 0x61, 0x4A, 0xB4, 0x61, 0x2B, 0x02, 0x59, 0x3B, 0x0A, 0x55, 0xA3, 0x09,
    0x58, 0x12, 0xC9, 0xD8, 0x52, 0xAD, 0x18, 0x4A, 0xC0, 0x96, 0x4E, 0xC2, 0x95, 0x68, 0xC2, 0x56,
    0x04, 0xB2, 0x76, 0x14, 0xAB, 0x46, 0x12, 0xB0, 0x25, 0x93, 0xB0, 0xA5, 0x5A, 0x30, 0x95, 0x81,
    0x2C, 0x9E, 0xA3, 0x2D, 0x8C, 0x19, 0x46, 0x0C, 0xA1, 0x94, 0x52, 0x8E, 0x51, 0x4A, 0x39, 0x82,
    0xA9, 0x42, 0xA9, 0x64, 0xC2, 0x49, 0x2A, 0x18, 0x96, 0x46, 0x14, 0xAB, 0x46, 0x12, 0xB0, 0x25,
    0x93, 0xB0, 0xA5, 0x5A, 0x30, 0x95, 0x81, 0x2C, 0x9D, 0x85, 0x2A, 0xD1, 0x84, 0xAC, 0x09, 0x64,
    0xEC, 0x29, 0x56, 0x8C, 0x25, 0x60, 0x4B, 0x27, 0xA8, 0xCB, 0x63, 0x06, 0x51, 0x83, 0x28, 0x65,
    0x14, 0xA3, 0x94, 0x52, 0x8E, 0x60, 0xAA, 0x50, 0xAA, 0x59, 0x30, 0x92, 0x4A, 0x86, 0x25, 0x92,
    0xA3, 0x2D, 0x8C, 0x19, 0x46, 0x0C, 0xA1, 0x94, 0x52, 0x8E, 0x51, 0x4A, 0x39, 0x82, 0xA9, 0x42,
    0xA9, 0x64, 0xC2, 0x49, 0x2A, 0x18, 0x92, 0x4A, 0x86, 0x01, 0x01, 0x00, 0xFF, 0x80, 0xDC, 0x81,
    0x01, 0x00, 0x02, 0x01, 0x38, 0x03, 0x01, 0x3C, 0x06, 0x3C, 0x3C, 0x38, 0x38, 0x38, 0x38, 0x66,
    0xDB, 0x35, 0xE4, 0xB2, 0xE3, 0x6D, 0x9B, 0x6C, 0xD7, 0x92, 0xCB, 0x8D, 0xB6, 0x6D, 0xB3, 0x5E,
    0x4B, 0x2E, 0x36, 0xD9, 0xB6, 0xCD, 0x79, 0x2C, 0xB8, 0xDB, 0x66, 0xDB, 0x35, 0xE4, 0xB2, 0xE3,
    0x6D, 0x9B, 0x6C, 0xD7, 0x92, 0xCB, 0x8D, 0xB6, 0x6D, 0xB3, 0x5E, 0x4B, 0x2E, 0x36, 0xD9, 0xB6,
    0xCD, 0x79, 0x2C, 0xB8, 0xDB, 0x66, 0xDB, 0x35, 0xE4, 0xB2, 0xE3, 0x6D, 0x9B, 0x6C, 0xD7, 0x92,
    0xCB, 0x8D, 0xB6, 0x6D, 0xB3, 0x5E, 0x4B, 0x2E, 0x36, 0xD9, 0xB6, 0xCD, 0x79, 0x2C, 0xB8, 0xDB,
    0x66, 0xDB, 0x35, 0xE4, 0xB2, 0xE3, 0x6D, 0x9B, 0x6C, 0xD7, 0x92, 0xCB, 0x8D, 0xB6, 0x6D, 0xB3,
    0x5E, 0x4B, 0x2E, 0x36, 0xD9, 0xB6, 0xCD, 0x79, 0x2C, 0xB8, 0xDB, 0x66, 0xDB, 0x35, 0xE4, 0xB2,
    0xE3, 0x6D, 0x9B, 0x6C, 0xD7, 0x92, 0xCB, 0x8D, 0x94, 0x82, 0x01, 0x00, 0x02, 0x02, 0x0C, 0x02,
    0x03, 0x0D, 0x03, 0x01, 0x0B, 0x04, 0x01, 0x0A, 0x05, 0x01, 0x09, 0x0C, 0x0D, 0x0C, 0x0C, 0x0C,
    0x0D, 0x0D, 0x0D, 0x0D, 0x0D, 0x0D, 0x0D, 0x0D, 0xC3, 0xC9, 0x9F, 0x66, 0x7C, 0x59, 0xF6, 0x67,
    0xC5, 0x9F, 0x66, 0x7C, 0x59, 0xF6, 0x67, 0xC9, 0x7E, 0x26, 0xED, 0x9D, 0x23, 0x60, 0xFD, 0x5F,
    0xF1, 0x37, 0x6C, 0xE9, 0x1B, 0x07, 0xEA, 0xFF, 0x89, 0xAC, 0x74, 0xFE, 0x26, 0xB1, 0xFD, 0x3F,
    0xFA, 0x1B, 0xF7, 0xCF, 0xE2, 0x6B, 0x1E, 0xFD, 0x94, 0xDC, 0x7B, 0xF6, 0x53, 0x71, 0xEF, 0xD9,
    0x4D, 0xC7, 0xBF, 0x65, 0x37, 0x1E, 0xFD, 0x94, 0xDC, 0x7B, 0xF6, 0x53, 0x71, 0xEF, 0xD9, 0x4D,
    0xC7, 0xBF, 0x65, 0x37, 0x10, 0x01, 0x01, 0x0A, 0x03, 0x01, 0x08, 0x03, 0x02, 0x09, 0x03, 0x03,
    0x00, 0x04, 0x01, 0x07, 0x05, 0x01, 0x06, 0xFE, 0x31, 0xBD, 0x3F, 0x12, 0xBB, 0x67, 0xF4, 0x0F,
    0xC4, 0xAE, 0xD9, 0xD2, 0x36, 0x0F, 0xD5, 0xFE, 0x25, 0x58, 0xE9, 0xF8, 0x95, 0x63, 0xF7, 0x5E,
    0x95, 0xFA, 0x67, 0xE8, 0x57, 0xEF, 0x9F, 0x6D, 0x69, 0xEF, 0x5D, 0xFE, 0x55, 0x73, 0xDF, 0xE5,
    0x57, 0x3D, 0xFE, 0x55, 0x73, 0xDF, 0xE5, 0x57, 0x3D, 0xFE, 0x55, 0x73, 0xDF, 0xE5, 0x57, 0x3D,
    0xFE, 0x55, 0x73, 0xC3, 0x80, 0x82, 0x02, 0x01, 0x82, 0x03, 0x00, 0x03, 0x01, 0x0C, 0x83, 0x02,
    0x02, 0x83, 0x03, 0x03, 0x04, 0x01, 0x0D, 0x05, 0x01, 0x0E, 0x06, 0x01, 0x01, 0x07, 0x01, 0x02,
    0x0F, 0x0D, 0x0C, 0x0C, 0x0C, 0x0C, 0x02, 0x0D, 0x0D, 0x0C, 0x0C, 0x0C, 0x01, 0x0D, 0x0D, 0x0D,
    0x09, 0x0C, 0x0C, 0x01, 0x0D, 0x0D, 0x0D, 0x0C, 0x0C, 0x0E, 0x0D, 0x0D, 0x0C, 0x0C, 0x0C, 0x0C,
    0x02, 0x0D, 0x0D, 0x0C, 0x0C, 0x0C, 0x0E, 0x0D, 0x07, 0x0E, 0x0D, 0x0C, 0x0C, 0x0C, 0x0C, 0x0E,
    0x03, 0x61, 0x91, 0x05, 0xA2, 0x89, 0x37, 0x22, 0x6D, 0x34, 0x51, 0x26, 0xE4, 0x4D, 0xA6, 0x8A,
    0x24, 0xDC, 0x89, 0xB4, 0xD1, 0x44, 0x9B, 0x91, 0x36, 0x9A, 0x28, 0x93, 0x72, 0x26, 0xD3, 0x45,
    0x12, 0x6E, 0x44, 0xDA, 0x68, 0xA2, 0x4D, 0xC8, 0x9B, 0x4D, 0x14, 0x49, 0xB9, 0x13, 0x69, 0xA2,
    0x89, 0x37, 0x22, 0x6D, 0x34, 0x51, 0x26, 0xE4, 0x4D, 0xA6, 0x8A, 0x24, 0xDC, 0x89, 0xB4, 0xD1,
    0x44, 0x9B, 0x91, 0x36, 0x9A, 0x28, 0x93, 0x72, 0x26, 0xD3, 0x45, 0x12, 0x6E, 0x44, 0xDA, 0x68,
    0xA2, 0x4D, 0xC8, 0x9B, 0x4D, 0x14, 0x49, 0xB9, 0x13, 0x69, 0xA2, 0x89, 0x37, 0x22, 0x6D, 0x34,
    0x51, 0x26, 0xE4, 0x4D, 0xC8, 0x80, 0x3C, 0x48, 0x3C, 0x47, 0x3D, 0x13, 0x3D, 0x6B, 0x3E, 0x7F,
    0x3E, 0x8E, 0x3E, 0x95, 0x3E, 0xB7, 0x3F, 0x89, 0x3F, 0xCD, 0x40, 0xE1, 0x40, 0xF0, 0x40, 0xF7,
    0x41, 0x20, 0x41, 0x92, 0x42, 0x28, 0x42, 0xC9, 0x43, 0x05, 0x43, 0x64, 0x44, 0x06, 0x44, 0x0C,
    0x44, 0x0C, 0x44, 0x0C, 0x44, 0x18, 0x44, 0x1F, 0x44, 0x96, 0x44, 0xAB, 0x44, 0xB8, 0x45, 0x02,
    0x45, 0x17, 0x45, 0x17, 0x45, 0x52, 0x45, 0x70, 0x45, 0xA0, 0x80, 0x00, 0xF7, 0x21, 0xFF, 0x00,
    0x0F, 0xFF, 0x09, 0x00, 0xFF, 0x00, 0xF4, 0xFF, 0x09, 0x00, 0xFF, 0x00, 0x0C, 0xFF, 0x03, 0x00,
    0xFF, 0x00, 0x9A, 0xFF, 0xFD, 0xFD, 0xFF, 0x00, 0x09, 0xFF, 0xEE, 0x00, 0xFF, 0x00, 0x03, 0x01,
    0x00, 0xF7, 0x21, 0xFF, 0x09, 0xF7, 0xFF, 0x00, 0x06, 0xFF, 0x03, 0x03, 0xFF, 0x03, 0x00, 0xFF,
    0x03, 0xFD, 0xFF, 0x00, 0xF1, 0xFF, 0xF7, 0xFD, 0xFF, 0x00, 0x06, 0x00, 0x00, 0xFA, 0xFF, 0xF7,
    0x03, 0xFF, 0x00, 0x06, 0x01, 0x00, 0xF7, 0xD3, 0xFF, 0x12, 0x00, 0xFF, 0x00, 0x0C, 0xFF, 0xFD,
    0x03, 0xFF, 0xFD, 0x00, 0xFF, 0xFD, 0xFD, 0xFF, 0x00, 0xFA, 0xFF, 0xF7, 0x09, 0xFF, 0x00, 0x03,
    0xFF, 0x12, 0x03, 0xFF, 0x00, 0x06, 0xFF, 0xEE, 0x03, 0x01, 0x00, 0x00, 0xE8, 0xFF, 0x00, 0x06,
    0x00, 0xF7, 0x06, 0xFF, 0x12, 0x00, 0x00, 0x00, 0x09, 0xFF, 0xF7, 0xF7, 0xFF, 0xF7, 0x09, 0x00,
    0x00, 0x03, 0xFF, 0x12, 0x00, 0x00, 0x00, 0x09, 0xFF, 0xF7, 0xF7, 0xFF, 0xF7, 0x09, 0x01, 0x39,
    0xBE, 0xC8, 0x90, 0x30, 0x01, 0xBF, 0xC8, 0x90, 0x8C, 0x01, 0x80, 0x2B, 0xF2, 0x8C, 0x03, 0x00,
    0x2B, 0x3D, 0x8C, 0x03, 0x20, 0x2B, 0xE8, 0x10, 0x8E, 0x34, 0x3E, 0x8C, 0x04, 0x00, 0x2B, 0x2B,
    0x8C, 0x04, 0x20, 0x2B, 0xDA, 0x10, 0x8E, 0x34, 0x4F, 0x8C, 0x05, 0x00, 0x2B, 0x1D, 0x8C, 0x05,
    0x20, 0x2B, 0xCC, 0x10, 0x8E, 0x34, 0x62, 0x8C, 0x06, 0x00, 0x2B, 0x0F, 0x8C, 0x06, 0x20, 0x2B,
    0xBE, 0x10, 0x8E, 0x34, 0x74, 0x8C, 0x07, 0x00, 0x2B, 0x01, 0x39, 0xBD, 0x33, 0xBD, 0x39, 0x86,
    0x50, 0xBD, 0xF2, 0xAB, 0xCC, 0x00, 0x00, 0xBD, 0xF2, 0xFC, 0xF6, 0xC9, 0x02, 0x8E, 0x46, 0x4B,
    0xBD, 0xF4, 0x0E, 0xBD, 0xF3, 0x54, 0xCC, 0x00, 0x00, 0xBD, 0xF2, 0xFC, 0xF6, 0xC9, 0x02, 0x8E,
    0x46, 0x70, 0xBD, 0xF4, 0x0E, 0xBD, 0xF3, 0x54, 0xCC, 0x00, 0x00, 0xBD, 0xF2, 0xFC, 0xF6, 0xC9,
    0x02, 0x8E, 0x46, 0x95, 0xBD, 0xF4, 0x0E, 0xBD, 0xF3, 0x54, 0xCC, 0x00, 0x00, 0xBD, 0xF2, 0xFC,
    0xF6, 0xC9, 0x02, 0x8E, 0x46, 0xBA, 0xBD, 0xF4, 0x0E, 0xBD, 0xF3, 0x54, 0xB6, 0xC9, 0x02, 0x81,
    0xFF, 0x27, 0x03, 0x7C, 0xC9, 0x02, 0x39, 0x86, 0x50, 0xBD, 0xF2, 0xAB, 0x10, 0x8E, 0x34, 0x3E,
    0xBD, 0x33, 0xBD, 0x39, 0xBD, 0xF2, 0xA9, 0x10, 0x8E, 0x34, 0x4F, 0xBD, 0x33, 0xBD, 0x39, 0xBD,
    0xF2, 0xA9, 0x10, 0x8E, 0x34, 0x62, 0xBD, 0x33, 0xBD, 0x39, 0x86, 0x50, 0xBD, 0xF2, 0xAB, 0xCC,
    0x00, 0x00, 0xBD, 0xF2, 0xFC, 0xBD, 0xF5, 0x11, 0x1F, 0x89, 0xBD, 0xF5, 0x11, 0xBD, 0xF3, 0xDF,
    0xBD, 0xF3, 0x54, 0x39, 0x50, 0x41, 0x55, 0x53, 0x45, 0x44, 0xFF, 0x86, 0x50, 0xBD, 0xF2, 0xAB,
    0xBD, 0xF5, 0x11, 0xBD, 0xF5, 0x84, 0x80, 0x40, 0xB7, 0xC9, 0x16, 0xBD, 0xF5, 0x11, 0xBD, 0xF5,
    0x84, 0x80, 0x40, 0xB7, 0xC9, 0x17, 0x86, 0x80, 0xB7, 0xC9, 0x3B, 0xBD, 0xF1, 0x92, 0x10, 0x8E,
    0x47, 0xC4, 0xFC, 0xC9, 0x16, 0xFD, 0xC9, 0x02, 0xBD, 0x33, 0xC4, 0x7A, 0xC9, 0x3B, 0xB6, 0xC9,
    0x3B, 0x27, 0xC8, 0x4F, 0xBD, 0xF1, 0xB4, 0x7D, 0xC8, 0x15, 0x27, 0x0B, 0xB6, 0xC9, 0x18, 0x26,
    0x09, 0x86, 0x01, 0xB7, 0xC9, 0x18, 0x39, 0x7F, 0xC9, 0x18, 0x20, 0xCF, 0x86, 0x40, 0xBD, 0xF2,
    0xAB, 0xCC, 0x7F, 0x40, 0xBD, 0xF2, 0xFC, 0x8E, 0x2E, 0xE1, 0xB6, 0xCA, 0xFF, 0xC6, 0x13, 0x3D,
    0x30, 0x8B, 0xC6, 0x20, 0xBD, 0xF4, 0x0E, 0xBD, 0xF3, 0x54, 0xCC, 0x7F, 0x46, 0xBD, 0xF2, 0xFC,
    0x8E, 0x2E, 0xE1, 0xB6, 0xCA, 0xFE, 0xC6, 0x13, 0x3D, 0x30, 0x8B, 0xC6, 0x20, 0xBD, 0xF4, 0x0E,
    0xBD, 0xF3, 0x54, 0xCC, 0x7F, 0x4C, 0xBD, 0xF2, 0xFC, 0x8E, 0x2E, 0xE1, 0xB6, 0xCA, 0xFD, 0xC6,
    0x13, 0x3D, 0x30, 0x8B, 0xC6, 0x20, 0xBD, 0xF4, 0x0E, 0xBD, 0xF3, 0x54, 0xCC, 0x7F, 0x52, 0xBD,
    0xF2, 0xFC, 0x8E, 0x2E, 0xE1, 0xB6, 0xCA, 0xFC, 0xC6, 0x13, 0x3D, 0x30, 0x8B, 0xC6, 0x20, 0xBD,
    0xF4, 0x0E, 0xBD, 0xF3, 0x54, 0xCC, 0x7F, 0x58, 0xBD, 0xF2, 0xFC, 0x8E, 0x2E, 0xE1, 0xB6, 0xCA,
    0xFB, 0xC6, 0x13, 0x3D, 0x30, 0x8B, 0xC6, 0x20, 0xBD, 0xF4, 0x0E, 0xBD, 0xF3, 0x54, 0xCC, 0x7F,
    0x5E, 0xBD, 0xF2, 0xFC, 0x8E, 0x2E, 0xE1, 0xB6, 0xCA, 0xFA, 0xC6, 0x13, 0x3D, 0x30, 0x8B, 0xC6,
    0x20, 0xBD, 0xF4, 0x0E, 0xBD, 0xF3, 0x54, 0x39, 0x12, 0x12, 0x12, 0x12, 0x12, 0xCC, 0x30, 0x75,
    0xFD, 0xC8, 0x3D, 0xBD, 0xF1, 0xAA, 0x97, 0x08, 0x7E, 0x59, 0xC0, 0x8E, 0xC8, 0x80, 0x6F, 0x84,
    0x30, 0x01, 0x8C, 0xCA, 0xFF, 0x26, 0xF7, 0xBD, 0x51, 0xF9, 0x86, 0x00, 0xB7, 0xC9, 0x92, 0x7C,
    0xC9, 0x92, 0xB6, 0xC9, 0x92, 0x81, 0x0A, 0x26, 0x05, 0x86, 0x01, 0xB7, 0xC9, 0x92, 0xBD, 0x55,
    0x26, 0x86, 0x31, 0xB7, 0xC9, 0x0F, 0xB7, 0xC9, 0x2F, 0xB7, 0xC9, 0x4F, 0xB7, 0xC9, 0x6F, 0xCC,
    0x00, 0x00, 0xFD, 0xCA, 0x00, 0x8E, 0xCA, 0x00, 0xBD, 0xF8, 0x4F, 0xCC, 0x11, 0x11, 0x8E, 0xCA,
    0x00, 0xBD, 0xF8, 0x7C, 0xCC, 0x00, 0x00, 0xFD, 0xCA, 0x10, 0x8E, 0xCA, 0x10, 0xBD, 0xF8, 0x4F,
    0x7F, 0xC9, 0x98, 0x8E, 0xC9, 0x00, 0x6F, 0x84, 0x30, 0x01, 0x8C, 0xC9, 0x6F, 0x26, 0xF7, 0x8E,
    0x55, 0x3B, 0xB6, 0xC9, 0x92, 0x81, 0x01, 0x27, 0x06, 0x4A, 0x30, 0x88, 0x35, 0x20, 0xF6, 0xA6,
    0x84, 0xB7, 0xC9, 0x96, 0xEC, 0x01, 0xFD, 0xC9, 0x9B, 0xEC, 0x03, 0xFD, 0xC9, 0x9D, 0xEC, 0x05,
    0xFD, 0xC9, 0x9F, 0xEC, 0x07, 0xFD, 0xC9, 0xA1, 0xEC, 0x09, 0xFD, 0xC9, 0xA3, 0xEC, 0x0B, 0xFD,
    0xC9, 0xA5, 0xEC, 0x0D, 0xFD, 0xC9, 0xA7, 0xEC, 0x0F, 0xFD, 0xC9, 0xA9, 0xEC, 0x88, 0x11, 0xFD,
    0xC9, 0xAB, 0xEC, 0x88, 0x13, 0xFD, 0xC9, 0xAD, 0xEC, 0x88, 0x15, 0xFD, 0xC9, 0xAF, 0xEC, 0x88,
    0x17, 0xFD, 0xC9, 0xB1, 0xEC, 0x88, 0x19, 0xFD, 0xC9, 0xB9, 0xEC, 0x88, 0x1B, 0xFD, 0xC9, 0xB7,
    0xEC, 0x88, 0x1D, 0xFD, 0xC9, 0xB3, 0xEC, 0x88, 0x1F, 0xFD, 0xC9, 0xB5, 0xEC, 0x88, 0x21, 0xFD,
    0xC9, 0xBB, 0xEC, 0x88, 0x23, 0xFD, 0xC9, 0xBD, 0xEC, 0x88, 0x25, 0xFD, 0xC9, 0xBF, 0xEC, 0x88,
    0x27, 0xFD, 0xC9, 0xC1, 0xC6, 0x00, 0xA6, 0x88, 0x29, 0xFD, 0xC9, 0x00, 0xA6, 0x88, 0x2A, 0xFD,
    0xC9, 0x02, 0xA6, 0x88, 0x2B, 0xFD, 0xC9, 0x20, 0xA6, 0x88, 0x2C, 0xFD, 0xC9, 0x22, 0xA6, 0x88,
    0x2D, 0xFD, 0xC9, 0x40, 0xA6, 0x88, 0x2E, 0xFD, 0xC9, 0x42, 0xA6, 0x88, 0x2F, 0xFD, 0xC9, 0x60,
    0xA6, 0x88, 0x30, 0xFD, 0xC9, 0x62, 0xA6, 0x88, 0x31, 0xB7, 0xC9, 0x04, 0xB7, 0xC9, 0x24, 0xB7,
    0xC9, 0x44, 0xB7, 0xC9, 0x64, 0xEC, 0x88, 0x32, 0xFD, 0xC9, 0xC9, 0xA6, 0x88, 0x34, 0xB7, 0xC9,
    0xCB, 0xBD, 0xF1, 0x92, 0xBD, 0x4E, 0x7F, 0xBD, 0x4A, 0xC6, 0xBD, 0x52, 0x17, 0xBD, 0x52, 0x6D,
    0xBD, 0x52, 0x85, 0xBD, 0x52, 0xF6, 0xBD, 0x53, 0x67, 0xBD, 0x53, 0xD8, 0xBD, 0x54, 0x49, 0xBD,
    0x4A, 0xA7, 0xB6, 0xC9, 0x98, 0x27, 0xDA, 0x8E, 0x01, 0x80, 0xBF, 0xC9, 0xCC, 0xBD, 0xF1, 0x92,
    0xBD, 0x4A, 0x4F, 0xBD, 0x4A, 0xC6, 0xBD, 0x52, 0x17, 0xBD, 0x52, 0x6D, 0xBD, 0x4E, 0x7F, 0xBE,
    0xC9, 0xCC, 0x30, 0x1F, 0xBF, 0xC9, 0xCC, 0x8C, 0x00, 0x00, 0x26, 0xE1, 0x7E, 0x48, 0xDF, 0xBD,
    0xF2, 0xA9, 0xB6, 0xC9, 0x98, 0xCE, 0xCA, 0x80, 0x81, 0x01, 0x27, 0x11, 0xCE, 0xCA, 0x89, 0x81,
    0x02, 0x27, 0x0A, 0xCE, 0xCA, 0x92, 0x81, 0x03, 0x27, 0x03, 0xCE, 0xCA, 0x9B, 0xB6, 0xC9, 0xC8,
    0x2A, 0x0F, 0xFC, 0xC9, 0xB3, 0xBD, 0xF3, 0x7A, 0xCE, 0x55, 0x19, 0xFC, 0xC9, 0xB5, 0xBD, 0xF3,
    0x7A, 0xCE, 0x55, 0x20, 0xFC, 0xC9, 0xB7, 0xBD, 0xF3, 0x7A, 0xFC, 0xC9, 0xB7, 0xCB, 0x20, 0xBD,
    0xF2, 0xFC, 0xCE, 0xCA, 0x10, 0xCC, 0xFA, 0x45, 0xFD, 0xC8, 0x2A, 0xBD, 0xF4, 0x95, 0xB6, 0xC9,
    0xC8, 0x8B, 0x10, 0xB7, 0xC9, 0xC8, 0x39, 0xCC, 0x00, 0x01, 0x8E, 0xCA, 0x10, 0xBD, 0xF8, 0x7C,
    0xB6, 0xC9, 0xC3, 0x27, 0x03, 0x7A, 0xC9, 0xC3, 0x7C, 0xC9, 0xC7, 0xB6, 0xC9, 0xC7, 0x81, 0x04,
    0x26, 0x03, 0x7F, 0xC9, 0xC7, 0x39, 0x86, 0x48, 0xBD, 0xF2, 0xAB, 0xB6, 0xC9, 0x92, 0x81, 0x01,
    0x26, 0x03, 0x20, 0x35, 0x12, 0x81, 0x02, 0x26, 0x03, 0x20, 0x53, 0x12, 0x81, 0x03, 0x26, 0x03,
    0x20, 0x71, 0x12, 0x81, 0x04, 0x26, 0x03, 0x7E, 0x4B, 0x78, 0x81, 0x05, 0x26, 0x03, 0x7E, 0x4B,
    0x9D, 0x81, 0x06, 0x26, 0x03, 0x7E, 0x4B, 0xC2, 0x81, 0x07, 0x26, 0x03, 0x7E, 0x4B, 0xE7, 0x81,
    0x08, 0x26, 0x03, 0x7E, 0x4C, 0x0C, 0x7E, 0x4C, 0x31, 0xCC, 0x7F, 0x80, 0xBD, 0xF2, 0xFC, 0x8E,
    0x4C, 0x77, 0xC6, 0x7F, 0xBD, 0xF4, 0x0E, 0xBD, 0xF3, 0x54, 0xCC, 0x3F, 0xC0, 0xBD, 0xF2, 0xFC,
    0x8E, 0x4C, 0x90, 0xC6, 0x7F, 0xBD, 0xF4, 0x0E, 0xBD, 0xF3, 0x54, 0x7E, 0x4C, 0x53, 0xCC, 0x50,
    0xC0, 0xBD, 0xF2, 0xFC, 0x8E, 0x4C, 0x9D, 0xC6, 0xFF, 0xBD, 0xF4, 0x0E, 0xBD, 0xF3, 0x54, 0xCC,
    0x7F, 0x80, 0xBD, 0xF2, 0xFC, 0x8E, 0x4C, 0xC2, 0xC6, 0xFF, 0xBD, 0xF4, 0x0E, 0xBD, 0xF3, 0x54,
    0x7E, 0x4C, 0x53, 0xCC, 0x80, 0x80, 0xBD, 0xF2, 0xFC, 0x8E, 0x4C, 0xE7, 0xC6, 0xFF, 0xBD, 0xF4,
    0x0E, 0xBD, 0xF3, 0x54, 0xCC, 0xB0, 0xC0, 0xBD, 0xF2, 0xFC, 0x8E, 0x4D, 0x00, 0xC6, 0xFF, 0xBD,
    0xF4, 0x0E, 0xBD, 0xF3, 0x54, 0x7E, 0x4C, 0x53, 0xCC, 0x80, 0x80, 0xBD, 0xF2, 0xFC, 0x8E, 0x4D,
    0x19, 0xC6, 0xFF, 0xBD, 0xF4, 0x0E, 0xBD, 0xF3, 0x54, 0xCC, 0xC0, 0xB0, 0xBD, 0xF2, 0xFC, 0x8E,
    0x4D, 0x38, 0xC6, 0xFF, 0xBD, 0xF4, 0x0E, 0xBD, 0xF3, 0x54, 0x7E, 0x4C, 0x53, 0xCC, 0x80, 0x80,
    0xBD, 0xF2, 0xFC, 0x8E, 0x4D, 0x57, 0xC6, 0xFF, 0xBD, 0xF4, 0x0E, 0xBD, 0xF3, 0x54, 0xCC, 0xC0,
    0xB0, 0xBD, 0xF2, 0xFC, 0x8E, 0x4D, 0x7C, 0xC6, 0xFF, 0xBD, 0xF4, 0x0E, 0xBD, 0xF3, 0x54, 0x7E,
    0x4C, 0x53, 0xCC, 0x80, 0x80, 0xBD, 0xF2, 0xFC, 0x8E, 0x4D, 0xA1, 0xC6, 0xFF, 0xBD, 0xF4, 0x0E,
    0xBD, 0xF3, 0x54, 0xCC, 0xC0, 0xC0, 0xBD, 0xF2, 0xFC, 0x8E, 0x4D, 0xBA, 0xC6, 0xFF, 0xBD, 0xF4,
    0x0E, 0xBD, 0xF3, 0x54, 0x20, 0x6D, 0x12, 0xCC, 0xC0, 0x80, 0xBD, 0xF2, 0xFC, 0x8E, 0x4D, 0xD3,
    0xC6, 0xFF, 0xBD, 0xF4, 0x0E, 0xBD, 0xF3, 0x54, 0xCC, 0xB0, 0xF0, 0xBD, 0xF2, 0xFC, 0x8E, 0x4D,
    0xEC, 0xC6, 0xFF, 0xBD, 0xF4, 0x0E, 0xBD, 0xF3, 0x54, 0x20, 0x48, 0x12, 0xCC, 0x80, 0x80, 0xBD,
    0xF2, 0xFC, 0x8E, 0x4E, 0x05, 0xC6, 0xFF, 0xBD, 0xF4, 0x0E, 0xBD, 0xF3, 0x54, 0xCC, 0xC0, 0xB0,
    0xBD, 0xF2, 0xFC, 0x8E, 0x4E, 0x24, 0xC6, 0xFF, 0xBD, 0xF4, 0x0E, 0xBD, 0xF3, 0x54, 0x20, 0x23,
    0x12, 0xCC, 0x80, 0x80, 0xBD, 0xF2, 0xFC, 0x8E, 0x4E, 0x43, 0xC6, 0xFF, 0xBD, 0xF4, 0x0E, 0xBD,
    0xF3, 0x54, 0xCC, 0xC0, 0xB0, 0xBD, 0xF2, 0xFC, 0x8E, 0x4E, 0x5C, 0xC6, 0xFF, 0xBD, 0xF4, 0x0E,
    0xBD, 0xF3, 0x54, 0x8E, 0xF0, 0xFD, 0xE6, 0x85, 0xF7, 0xC8, 0x29, 0xC6, 0x02, 0xF7, 0xC8, 0x24,
    0xFC, 0xC9, 0xC9, 0xBD, 0xF2, 0xFC, 0x8E, 0x4E, 0x7B, 0xB6, 0xC9, 0xCB, 0x27, 0x03, 0x8E, 0x4E,
    0x7D, 0x86, 0x00, 0xBD, 0xF4, 0x34, 0x39, 0xFF, 0x00, 0x7F, 0xFF, 0x00, 0x7F, 0xFF, 0x80, 0x00,
    0xFF, 0x80, 0x00, 0xFF, 0x00, 0x80, 0xFF, 0x00, 0x81, 0xFF, 0x7F, 0x00, 0xFF, 0x7F, 0x00, 0x01,
    0xFF, 0x00, 0x7F, 0xFF, 0x80, 0x00, 0xFF, 0x00, 0x80, 0xFF, 0x7F, 0x00, 0x01, 0xFF, 0x00, 0x40,
    0xFF, 0xF8, 0x00, 0xFF, 0x00, 0xE8, 0xFF, 0xC8, 0x00, 0xFF, 0x00, 0x18, 0xFF, 0xF8, 0x00, 0xFF,
    0x00, 0xC0, 0xFF, 0x08, 0x00, 0xFF, 0x00, 0x18, 0xFF, 0x38, 0x00, 0xFF, 0x00, 0xE8, 0xFF, 0x08,
    0x00, 0x01, 0xFF, 0x00, 0x7F, 0xFF, 0xC8, 0x00, 0xFF, 0x00, 0xE8, 0xFF, 0xF8, 0x00, 0xFF, 0x00,
    0x18, 0xFF, 0xC0, 0x00, 0xFF, 0x00, 0x81, 0xFF, 0x40, 0x00, 0xFF, 0x00, 0x18, 0xFF, 0x08, 0x00,
    0xFF, 0x00, 0xE8, 0xFF, 0x38, 0x00, 0x01, 0xFF, 0x7F, 0x00, 0xFF, 0x00, 0x40, 0xFF, 0xB8, 0x00,
    0xFF, 0x00, 0x08, 0xFF, 0x48, 0x00, 0xFF, 0x00, 0x38, 0xFF, 0x81, 0x00, 0xFF, 0x00, 0x80, 0x01,
    0xFF, 0x50, 0x00, 0xFF, 0x00, 0x08, 0xFF, 0xB8, 0x00, 0xFF, 0x00, 0x38, 0xFF, 0x48, 0x00, 0xFF,
    0x00, 0x08, 0xFF, 0xB0, 0x00, 0xFF, 0x00, 0xB8, 0x01, 0xFF, 0x40, 0x00, 0xFF, 0x00, 0x28, 0xFF,
    0x08, 0x00, 0xFF, 0x00, 0xD8, 0xFF, 0x38, 0x00, 0xFF, 0x00, 0x70, 0xFF, 0xC0, 0x00, 0xFF, 0x00,
    0x10, 0xFF, 0xC0, 0x00, 0xFF, 0x00, 0x80, 0x01, 0xFF, 0x08, 0x00, 0xFF, 0x00, 0x28, 0xFF, 0x38,
    0x00, 0xFF, 0x00, 0xD8, 0xFF, 0x08, 0x00, 0xFF, 0x00, 0x40, 0xFF, 0xC0, 0x00, 0xFF, 0x00, 0x10,
    0xFF, 0xF8, 0x00, 0xFF, 0x00, 0xB0, 0x01, 0xFF, 0x38, 0x00, 0xFF, 0x00, 0x20, 0xFF, 0x10, 0x00,
    0xFF, 0x00, 0xE0, 0xFF, 0x38, 0x00, 0xFF, 0x00, 0x7F, 0xFF, 0xC8, 0x00, 0xFF, 0x00, 0xE0, 0xFF,
    0xF0, 0x00, 0xFF, 0x00, 0x20, 0xFF, 0xC8, 0x00, 0xFF, 0x00, 0x81, 0x01, 0xFF, 0x08, 0x00, 0xFF,
    0x00, 0x20, 0xFF, 0x30, 0x00, 0xFF, 0x00, 0xE0, 0xFF, 0x10, 0x00, 0xFF, 0x00, 0x50, 0xFF, 0xF0,
    0x00, 0xFF, 0x00, 0xE0, 0xFF, 0xD0, 0x00, 0xFF, 0x00, 0x20, 0xFF, 0xF8, 0x00, 0xFF, 0x00, 0xB0,
    0x01, 0xFF, 0x7F, 0x00, 0xFF, 0x00, 0x7F, 0xFF, 0xC8, 0x00, 0xFF, 0x00, 0xC0, 0xFF, 0xF8, 0x00,
    0xFF, 0x00, 0x40, 0xFF, 0xC0, 0x00, 0xFF, 0x00, 0x80, 0x01, 0xFF, 0x48, 0x00, 0xFF, 0x00, 0x48,
    0xFF, 0xF8, 0x00, 0xFF, 0x00, 0xC0, 0xFF, 0xC8, 0x00, 0xFF, 0x00, 0x40, 0xFF, 0xF8, 0x00, 0xFF,
    0x00, 0xB8, 0x01, 0xFF, 0x60, 0x00, 0xFF, 0x00, 0x7F, 0xFF, 0xA0, 0x00, 0xFF, 0x00, 0xE0, 0xFF,
    0xE0, 0x00, 0xFF, 0x00, 0xC0, 0xFF, 0x20, 0x00, 0xFF, 0x00, 0xE1, 0x01, 0xFF, 0x28, 0x00, 0xFF,
    0x00, 0xE0, 0xFF, 0x20, 0x00, 0xFF, 0x00, 0x50, 0xFF, 0xE0, 0x00, 0xFF, 0x00, 0xE0, 0xFF, 0xD8,
    0x00, 0xFF, 0x00, 0xF0, 0x01, 0xFF, 0x7F, 0x00, 0xFF, 0x00, 0x38, 0xFF, 0xD0, 0x00, 0xFF, 0x00,
    0x10, 0xFF, 0x30, 0x00, 0xFF, 0x00, 0x38, 0xFF, 0xA0, 0x00, 0xFF, 0x00, 0xD0, 0xFF, 0xE1, 0x00,
    0xFF, 0x00, 0xB0, 0x01, 0xFF, 0x50, 0x00, 0xFF, 0x00, 0x10, 0xFF, 0xD0, 0x00, 0xFF, 0x00, 0x30,
    0xFF, 0x30, 0x00, 0xFF, 0x00, 0x10, 0xFF, 0xC8, 0x00, 0xFF, 0x00, 0xC0, 0xFF, 0xE8, 0x00, 0xFF,
    0x00, 0xF0, 0x01, 0xFF, 0x40, 0x00, 0xFF, 0x00, 0x48, 0xFF, 0x10, 0x00, 0xFF, 0x00, 0xB8, 0xFF,
    0x30, 0x00, 0xFF, 0x00, 0x7F, 0xFF, 0x80, 0x00, 0xFF, 0x00, 0x81, 0x01, 0xFF, 0x10, 0x00, 0xFF,
    0x00, 0x48, 0xFF, 0x30, 0x00, 0xFF, 0x00, 0xB8, 0xFF, 0x10, 0x00, 0xFF, 0x00, 0x50, 0xFF, 0xA0,
    0x00, 0xFF, 0x00, 0xE8, 0xFF, 0x10, 0x00, 0xFF, 0x00, 0xC8, 0x01, 0xC3, 0x00, 0x00, 0xC3, 0x4F,
    0xBD, 0xF1, 0xB4, 0xBD, 0x52, 0x0E, 0x86, 0x60, 0xBD, 0xF2, 0xAB, 0x7F, 0xC9, 0x05, 0x7F, 0xC9,
    0x06, 0x7F, 0xC9, 0x25, 0x7F, 0xC9, 0x26, 0x7F, 0xC9, 0x45, 0x7F, 0xC9, 0x46, 0x7F, 0xC9, 0x65,
    0x7F, 0xC9, 0x66, 0xB6, 0xC9, 0x0A, 0x27, 0x17, 0xB6, 0xC8, 0x1B, 0x81, 0x00, 0x27, 0x10, 0x81,
    0x00, 0x2A, 0x07, 0x86, 0x01, 0xB7, 0xC9, 0x05, 0x20, 0x05, 0x86, 0x01, 0xB7, 0xC9, 0x06, 0x7D,
    0xC8, 0x12, 0x27, 0x0F, 0xB6, 0xC9, 0x0A, 0x81, 0x50, 0x2A, 0x23, 0x7C, 0xC9, 0x0A, 0x7C, 0xC9,
    0x0A, 0x20, 0x1B, 0xB6, 0xC9, 0x0A, 0x27, 0x16, 0x7A, 0xC9, 0x0A, 0xB6, 0xC9, 0x0A, 0x81, 0x00,
    0x26, 0x0C, 0xCC, 0x00, 0x00, 0xBD, 0xF2, 0x56, 0xCC, 0x01, 0x00, 0xBD, 0xF2, 0x56, 0xB6, 0xC9,
    0x2A, 0x27, 0x17, 0xB6, 0xC8, 0x1D, 0x81, 0x00, 0x27, 0x10, 0x81, 0x00, 0x2A, 0x07, 0x86, 0x01,
    0xB7, 0xC9, 0x25, 0x20, 0x05, 0x86, 0x01, 0xB7, 0xC9, 0x26, 0x7D, 0xC8, 0x16, 0x27, 0x0F, 0xB6,
    0xC9, 0x2A, 0x81, 0x50, 0x2A, 0x10, 0x7C, 0xC9, 0x2A, 0x7C, 0xC9, 0x2A, 0x20, 0x08, 0xB6, 0xC9,
    0x2A, 0x27, 0x03, 0x7A, 0xC9, 0x2A, 0xB6, 0xC9, 0x4A, 0x27, 0x18, 0x7D, 0xC8, 0x14, 0x27, 0x02,
    0x20, 0x0C, 0x7D, 0xC8, 0x13, 0x27, 0x0C, 0x86, 0x01, 0xB7, 0xC9, 0x45, 0x20, 0x05, 0x86, 0x01,
    0xB7, 0xC9, 0x46, 0x7D, 0xC8, 0x15, 0x27, 0x0F, 0xB6, 0xC9, 0x4A, 0x81, 0x50, 0x2A, 0x10, 0x7C,
    0xC9, 0x4A, 0x7C, 0xC9, 0x4A, 0x20, 0x08, 0xB6, 0xC9, 0x4A, 0x27, 0x03, 0x7A, 0xC9, 0x4A, 0xB6,
    0xC9, 0x6A, 0x27, 0x18, 0x7D, 0xC8, 0x18, 0x27, 0x02, 0x20, 0x0C, 0x7D, 0xC8, 0x17, 0x27, 0x0C,
    0x86, 0x01, 0xB7, 0xC9, 0x65, 0x20, 0x05, 0x86, 0x01, 0xB7, 0xC9, 0x66, 0x7D, 0xC8, 0x19, 0x27,
    0x0F, 0xB6, 0xC9, 0x6A, 0x81, 0x50, 0x2A, 0x10, 0x7C, 0xC9, 0x6A, 0x7C, 0xC9, 0x6A, 0x20, 0x08,
    0xB6, 0xC9, 0x6A, 0x27, 0x03, 0x7A, 0xC9, 0x6A, 0x8E, 0xC9, 0x00, 0xCC, 0x51, 0x2B, 0xFD, 0xC9,
    0x90, 0x86, 0x01, 0xB7, 0xC9, 0x97, 0xBD, 0x4F, 0xEC, 0x86, 0x58, 0xBD, 0xF2, 0xAB, 0x8E, 0xC9,
    0x20, 0xCC, 0x51, 0x5C, 0xFD, 0xC9, 0x90, 0x86, 0x02, 0xB7, 0xC9, 0x97, 0xBD, 0x4F, 0xEC, 0x86,
    0x50, 0xBD, 0xF2, 0xAB, 0x8E, 0xC9, 0x40, 0xCC, 0x51, 0x7B, 0xFD, 0xC9, 0x90, 0x86, 0x03, 0xB7,
    0xC9, 0x97, 0xBD, 0x4F, 0xEC, 0x86, 0x48, 0xBD, 0xF2, 0xAB, 0x8E, 0xC9, 0x60, 0xCC, 0x51, 0xA9,
    0xFD, 0xC9, 0x90, 0x86, 0x04, 0xB7, 0xC9, 0x97, 0xBD, 0x4F, 0xEC, 0x39, 0xA6, 0x04, 0x34, 0x10,
    0xCE, 0xCA, 0xD0, 0xBE, 0xC9, 0x90, 0xBD, 0xF6, 0x1F, 0x35, 0x10, 0x34, 0x10, 0xA6, 0x84, 0xE6,
    0x02, 0xFD, 0xC9, 0x90, 0x8E, 0xC9, 0x90, 0xBD, 0xF3, 0x0C, 0x8E, 0xCA, 0xD0, 0xC6, 0x18, 0xBD,
    0xF4, 0x0E, 0xBD, 0xF3, 0x54, 0x35, 0x10, 0xB6, 0xC9, 0x98, 0x27, 0x01, 0x39, 0xA6, 0x88, 0x10,
    0x27, 0x14, 0x2B, 0x09, 0x6C, 0x04, 0x6C, 0x04, 0x6A, 0x88, 0x10, 0x20, 0x1A, 0x6A, 0x04, 0x6A,
    0x04, 0x6C, 0x88, 0x10, 0x20, 0x11, 0xB6, 0xC9, 0x97, 0xA6, 0x05, 0x27, 0x04, 0x6C, 0x04, 0x20,
    0x06, 0xA6, 0x06, 0x27, 0x02, 0x6A, 0x04, 0xBD, 0xF1, 0xAF, 0xA6, 0x0A, 0xE6, 0x04, 0x34, 0x10,
    0xBD, 0xF6, 0x01, 0x35, 0x10, 0xED, 0x08, 0x86, 0x10, 0xE6, 0x08, 0xBD, 0x51, 0x04, 0xED, 0x0B,
    0xE3, 0x84, 0xED, 0x84, 0x86, 0x10, 0xE6, 0x09, 0xBD, 0x51, 0x04, 0xED, 0x0D, 0xE3, 0x02, 0xED,
    0x02, 0xBD, 0xF1, 0xAA, 0xA6, 0x84, 0x81, 0x7C, 0x2A, 0x02, 0x20, 0x04, 0x81, 0x83, 0x2B, 0x0E,
    0xA6, 0x02, 0x81, 0x7C, 0x2A, 0x02, 0x20, 0x09, 0x81, 0x83, 0x2B, 0x02, 0x20, 0x03, 0x20, 0x5A,
    0x12, 0x34, 0x10, 0xA6, 0x84, 0xE6, 0x02, 0xFD, 0xC9, 0x90, 0xBE, 0xC9, 0x90, 0x10, 0xBE, 0xC9,
    0x9B, 0xFC, 0xC9, 0x9D, 0xBD, 0xF8, 0xFF, 0x25, 0x3F, 0xBE, 0xC9, 0x90, 0x10, 0xBE, 0xC9, 0x9F,
    0xFC, 0xC9, 0xA1, 0xBD, 0xF8, 0xFF, 0x25, 0x30, 0xBE, 0xC9, 0x90, 0x10, 0xBE, 0xC9, 0xA3, 0xFC,
    0xC9, 0xA5, 0xBD, 0xF8, 0xFF, 0x25, 0x21, 0xBE, 0xC9, 0x90, 0x10, 0xBE, 0xC9, 0xA7, 0xFC, 0xC9,
    0xA9, 0xBD, 0xF8, 0xFF, 0x25, 0x12, 0xBE, 0xC9, 0x90, 0x10, 0xBE, 0xC9, 0xAB, 0xFC, 0xC9, 0xAD,
    0xBD, 0xF8, 0xFF, 0x25, 0x03, 0x35, 0x10, 0x39, 0x35, 0x10, 0xA6, 0x04, 0x8B, 0x20, 0xA7, 0x04,
    0x86, 0x10, 0xA7, 0x0A, 0xEC, 0x84, 0xA3, 0x0B, 0xED, 0x84, 0xEC, 0x02, 0xA3, 0x0D, 0xED, 0x02,
    0xBD, 0x52, 0x4F, 0x39, 0x34, 0x10, 0x7F, 0xC8, 0x83, 0x5D, 0x2A, 0x03, 0x7C, 0xC8, 0x83, 0xBD,
    0xF5, 0x84, 0x3D, 0xFD, 0xC8, 0x80, 0x74, 0xC8, 0x83, 0x24, 0x08, 0x43, 0x53, 0xC3, 0x00, 0x01,
    0xFD, 0xC8, 0x80, 0x35, 0x10, 0x39, 0x4F, 0xBD, 0xF1, 0xB4, 0x39, 0xFF, 0xEB, 0xF2, 0xFF, 0x00,
    0xF9, 0xFF, 0x0E, 0x00, 0xFF, 0xF9, 0x07, 0xFF, 0x1C, 0x07, 0xFF, 0x00, 0xF9, 0xFF, 0x07, 0x00,
    0xFF, 0x00, 0x1C, 0xFF, 0xF9, 0x00, 0xFF, 0x00, 0xF9, 0xFF, 0xE4, 0x07, 0xFF, 0x07, 0x07, 0xFF,
    0xF2, 0x00, 0xFF, 0x00, 0xDD, 0x00, 0x15, 0x0E, 0xFF, 0xEB, 0x0E, 0x01, 0xFF, 0xEB, 0xF9, 0xFF,
    0x0E, 0xF2, 0xFF, 0x1C, 0x0E, 0xFF, 0x00, 0x0E, 0xFF, 0xE4, 0x0E, 0xFF, 0xF2, 0xF2, 0xFF, 0x15,
    0xF9, 0x00, 0x15, 0xF9, 0xFF, 0xF9, 0x07, 0xFF, 0x07, 0x07, 0x01, 0xFF, 0xEB, 0xF2, 0xFF, 0x00,
    0xF9, 0xFF, 0x0E, 0x00, 0xFF, 0x00, 0x07, 0xFF, 0x0E, 0x07, 0xFF, 0x07, 0xF2, 0xFF, 0x07, 0x0E,
    0xFF, 0x00, 0x0E, 0xFF, 0xF9, 0x0E, 0xFF, 0xF9, 0xF2, 0xFF, 0xF2, 0x07, 0xFF, 0x00, 0x07, 0xFF,
    0xF2, 0x00, 0xFF, 0x00, 0xF9, 0xFF, 0x15, 0xF2, 0x01, 0x00, 0xF9, 0xF2, 0xFF, 0x0E, 0x07, 0xFF,
    0x00, 0xF9, 0xFF, 0x0E, 0x00, 0xFF, 0x00, 0x1C, 0xFF, 0xF2, 0x00, 0xFF, 0x00, 0xF9, 0xFF, 0xF2,
    0x07, 0xFF, 0x00, 0x07, 0xFF, 0xF2, 0x00, 0xFF, 0x00, 0xD6, 0xFF, 0x0E, 0x00, 0xFF, 0x00, 0x07,
    0xFF, 0xF2, 0x00, 0x00, 0x00, 0x1C, 0xFF, 0x0E, 0x00, 0x01, 0x00, 0x06, 0xFA, 0xFF, 0x00, 0x00,
    0x00, 0xFE, 0x0C, 0xFF, 0x00, 0x00, 0x00, 0xFA, 0x02, 0xFF, 0x00, 0x00, 0x00, 0x00, 0xF6, 0xFF,
    0x00, 0x00, 0x00, 0xFE, 0xFC, 0xFF, 0x00, 0x00, 0x01, 0x8E, 0xC8, 0x1F, 0x86, 0x01, 0xA7, 0x80,
    0x86, 0x00, 0xA7, 0x80, 0x86, 0x05, 0xA7, 0x80, 0x86, 0x03, 0x4F, 0xA7, 0x80, 0x39, 0x86, 0x4F,
    0xB7, 0xC8, 0x23, 0xBD, 0xF1, 0xF8, 0x39, 0x8E, 0xC9, 0x80, 0xA6, 0x02, 0x27, 0x03, 0xBD, 0x52,
    0x29, 0x30, 0x03, 0x8C, 0xC9, 0x8C, 0x26, 0xF2, 0x39, 0xBD, 0xF2, 0xA9, 0x34, 0x10, 0xBD, 0xF3,
    0x0C, 0x35, 0x10, 0xE6, 0x02, 0x34, 0x10, 0x8E, 0x51, 0xDA, 0xBD, 0xF4, 0x0E, 0xBD, 0xF3, 0x54,
    0x35, 0x10, 0xA6, 0x02, 0x8B, 0x08, 0xA7, 0x02, 0x81, 0x50, 0x2B, 0x02, 0x6F, 0x02, 0x39, 0x10,
    0x8E, 0xC9, 0x80, 0xA6, 0x22, 0x27, 0x09, 0x31, 0x23, 0x10, 0x8C, 0xC9, 0x8C, 0x26, 0xF4, 0x39,
    0x86, 0x01, 0xA7, 0x22, 0xA6, 0x84, 0xA7, 0xA4, 0xA6, 0x02, 0xA7, 0x21, 0x39, 0x86, 0x50, 0xBD,
    0xF2, 0xAB, 0xFC, 0xC9, 0xB9, 0xBD, 0xF2, 0xFC, 0xCE, 0xCA, 0x00, 0xCC, 0xFA, 0x45, 0xFD, 0xC8,
    0x2A, 0xBD, 0xF4, 0x95, 0x39, 0xB6, 0xC9, 0x00, 0xF6, 0xC9, 0x02, 0xFD, 0xC9, 0x90, 0xB6, 0xC9,
    0x20, 0xF6, 0xC9, 0x22, 0xFD, 0xC9, 0x94, 0xBE, 0xC9, 0x90, 0x10, 0xBE, 0xC9, 0x94, 0xCC, 0x08,
    0x08, 0xBD, 0xF8, 0xFF, 0x25, 0x31, 0xB6, 0xC9, 0x40, 0xF6, 0xC9, 0x42, 0xFD, 0xC9, 0x94, 0xBE,
    0xC9, 0x90, 0x10, 0xBE, 0xC9, 0x94, 0xCC, 0x08, 0x08, 0xBD, 0xF8, 0xFF, 0x25, 0x19, 0xB6, 0xC9,
    0x60, 0xF6, 0xC9, 0x62, 0xFD, 0xC9, 0x94, 0xBE, 0xC9, 0x90, 0x10, 0xBE, 0xC9, 0x94, 0xCC, 0x08,
    0x08, 0xBD, 0xF8, 0xFF, 0x25, 0x01, 0x39, 0xF6, 0xC9, 0x10, 0x26, 0x19, 0xF6, 0xC9, 0x0A, 0xCB,
    0x10, 0xF7, 0xC9, 0x0A, 0xCB, 0x10, 0xF7, 0xC9, 0x10, 0xBD, 0xF5, 0x11, 0x2A, 0x07, 0xB6, 0xC9,
    0x10, 0x40, 0xB7, 0xC9, 0x10, 0x39, 0xB6, 0xC9, 0x20, 0xF6, 0xC9, 0x22, 0xFD, 0xC9, 0x90, 0xB6,
    0xC9, 0x00, 0xF6, 0xC9, 0x02, 0xFD, 0xC9, 0x94, 0xBE, 0xC9, 0x90, 0x10, 0xBE, 0xC9, 0x94, 0xCC,
    0x08, 0x08, 0xBD, 0xF8, 0xFF, 0x25, 0x31, 0xB6, 0xC9, 0x40, 0xF6, 0xC9, 0x42, 0xFD, 0xC9, 0x94,
    0xBE, 0xC9, 0x90, 0x10, 0xBE, 0xC9, 0x94, 0xCC, 0x08, 0x08, 0xBD, 0xF8, 0xFF, 0x25, 0x19, 0xB6,
    0xC9, 0x60, 0xF6, 0xC9, 0x62, 0xFD, 0xC9, 0x94, 0xBE, 0xC9, 0x90, 0x10, 0xBE, 0xC9, 0x94, 0xCC,
    0x08, 0x08, 0xBD, 0xF8, 0xFF, 0x25, 0x01, 0x39, 0xF6, 0xC9, 0x30, 0x26, 0x19, 0xF6, 0xC9, 0x2A,
    0xCB, 0x10, 0xF7, 0xC9, 0x2A, 0xCB, 0x10, 0xF7, 0xC9, 0x30, 0xBD, 0xF5, 0x11, 0x2A, 0x07, 0xB6,
    0xC9, 0x30, 0x40, 0xB7, 0xC9, 0x30, 0x39, 0xB6, 0xC9, 0x40, 0xF6, 0xC9, 0x42, 0xFD, 0xC9, 0x90,
    0xB6, 0xC9, 0x00, 0xF6, 0xC9, 0x02, 0xFD, 0xC9, 0x94, 0xBE, 0xC9, 0x90, 0x10, 0xBE, 0xC9, 0x94,
    0xCC, 0x08, 0x08, 0xBD, 0xF8, 0xFF, 0x25, 0x31, 0xB6, 0xC9, 0x20, 0xF6, 0xC9, 0x22, 0xFD, 0xC9,
    0x94, 0xBE, 0xC9, 0x90, 0x10, 0xBE, 0xC9, 0x94, 0xCC, 0x08, 0x08, 0xBD, 0xF8, 0xFF, 0x25, 0x19,
    0xB6, 0xC9, 0x60, 0xF6, 0xC9, 0x62, 0xFD, 0xC9, 0x94, 0xBE, 0xC9, 0x90, 0x10, 0xBE, 0xC9, 0x94,
    0xCC, 0x08, 0x08, 0xBD, 0xF8, 0xFF, 0x25, 0x01, 0x39, 0xF6, 0xC9, 0x50, 0x26, 0xA8, 0xF6, 0xC9,
    0x4A, 0xCB, 0x10, 0xF7, 0xC9, 0x4A, 0xCB, 0x10, 0xF7, 0xC9, 0x50, 0xBD, 0xF5, 0x11, 0x2A, 0x07,
    0xB6, 0xC9, 0x50, 0x40, 0xB7, 0xC9, 0x50, 0x39, 0xB6, 0xC9, 0x60, 0xF6, 0xC9, 0x62, 0xFD, 0xC9,
    0x90, 0xB6, 0xC9, 0x00, 0xF6, 0xC9, 0x02, 0xFD, 0xC9, 0x94, 0xBE, 0xC9, 0x90, 0x10, 0xBE, 0xC9,
    0x94, 0xCC, 0x08, 0x08, 0xBD, 0xF8, 0xFF, 0x25, 0x31, 0xB6, 0xC9, 0x20, 0xF6, 0xC9, 0x22, 0xFD,
    0xC9, 0x94, 0xBE, 0xC9, 0x90, 0x10, 0xBE, 0xC9, 0x94, 0xCC, 0x08, 0x08, 0xBD, 0xF8, 0xFF, 0x25,
    0x19, 0xB6, 0xC9, 0x40, 0xF6, 0xC9, 0x42, 0xFD, 0xC9, 0x94, 0xBE, 0xC9, 0x90, 0x10, 0xBE, 0xC9,
    0x94, 0xCC, 0x08, 0x08, 0xBD, 0xF8, 0xFF, 0x25, 0x01, 0x39, 0xF6, 0xC9, 0x70, 0x26, 0x19, 0xF6,
    0xC9, 0x6A, 0xCB, 0x10, 0xF7, 0xC9, 0x6A, 0xCB, 0x10, 0xF7, 0xC9, 0x70, 0xBD, 0xF5, 0x11, 0x2A,
    0x07, 0xB6, 0xC9, 0x70, 0x40, 0xB7, 0xC9, 0x70, 0x39, 0x8E, 0xC9, 0x00, 0xCC, 0x00, 0x01, 0xFD,
    0xC9, 0x94, 0x86, 0x01, 0xB7, 0xC9, 0x97, 0xBD, 0x54, 0x8E, 0x8E, 0xC9, 0x20, 0xCC, 0x00, 0x10,
    0xFD, 0xC9, 0x94, 0x86, 0x02, 0xB7, 0xC9, 0x97, 0xBD, 0x54, 0x8E, 0x8E, 0xC9, 0x40, 0xCC, 0x01,
    0x00, 0xFD, 0xC9, 0x94, 0x86, 0x03, 0xB7, 0xC9, 0x97, 0xBD, 0x54, 0x8E, 0x8E, 0xC9, 0x60, 0xCC,
    0x10, 0x00, 0xFD, 0xC9, 0x94, 0x86, 0x04, 0xB7, 0xC9, 0x97, 0xBD, 0x54, 0x8E, 0x39, 0xA6, 0x88,
    0x11, 0x81, 0x00, 0x27, 0x3F, 0xA6, 0x84, 0xE6, 0x02, 0xFD, 0xC9, 0x90, 0x34, 0x10, 0xBE, 0xC9,
    0x90, 0x10, 0xBE, 0xC9, 0xBF, 0xFC, 0xC9, 0xC1, 0xBD, 0xF8, 0xFF, 0x35, 0x10, 0x25, 0x01, 0x39,
    0x86, 0x00, 0xA7, 0x88, 0x11, 0x34, 0x10, 0xFC, 0xC9, 0x94, 0x8E, 0xCA, 0x00, 0xBD, 0xF8, 0x7C,
    0x35, 0x10, 0x6C, 0x88, 0x12, 0xA6, 0x88, 0x12, 0xB1, 0xC9, 0x96, 0x26, 0x06, 0xB6, 0xC9, 0x97,
    0xB7, 0xC9, 0x98, 0x39, 0xA6, 0x84, 0xE6, 0x02, 0xFD, 0xC9, 0x90, 0x34, 0x10, 0xBE, 0xC9, 0x90,
    0x10, 0xBE, 0xC9, 0xBB, 0xFC, 0xC9, 0xBD, 0xBD, 0xF8, 0xFF, 0x35, 0x10, 0x25, 0x01, 0x39, 0x86,
    0x01, 0xA7, 0x88, 0x11, 0x39, 0x50, 0x4C, 0x41, 0x59, 0x45, 0x52, 0x20, 0x31, 0x80, 0x50, 0x4C,
    0x41, 0x59, 0x45, 0x52, 0x20, 0x32, 0x80, 0x50, 0x4C, 0x41, 0x59, 0x45, 0x52, 0x20, 0x33, 0x80,
    0x50, 0x4C, 0x41, 0x59, 0x45, 0x52, 0x20, 0x34, 0x80, 0x57, 0x49, 0x4E, 0x53, 0x20, 0x21, 0x80,
    0x54, 0x49, 0x4D, 0x45, 0x3A, 0x80, 0x8E, 0xCA, 0x80, 0x10, 0x8E, 0x54, 0xF5, 0xA6, 0xA4, 0xA7,
    0x84, 0x30, 0x01, 0x31, 0x21, 0x8C, 0xCA, 0xA4, 0x26, 0xF3, 0x39, 0x03, 0x00, 0x00, 0x42, 0x42,
    0x00, 0x00, 0x42, 0x42, 0x00, 0x00, 0x42, 0x42, 0x00, 0x00, 0x42, 0x42, 0x00, 0x00, 0x42, 0x42,
    0x00, 0x00, 0x42, 0x42, 0x00, 0xD5, 0xD0, 0xCD, 0x30, 0xD0, 0x20, 0xDC, 0x60, 0x00, 0x24, 0x02,
    0xA0, 0xFA, 0x24, 0x02, 0xB8, 0x00, 0xA8, 0x00, 0x98, 0x00, 0x88, 0x00, 0x10, 0xBD, 0xF8, 0x00,
    0x03, 0x00, 0x00, 0x46, 0x12, 0xC8, 0x00, 0x0A, 0x40, 0x47, 0x00, 0x0A, 0x40, 0x07, 0x98, 0x0A,
    0x1A, 0x07, 0x67, 0x0A, 0x1A, 0x07, 0x67, 0x0A, 0x1A, 0x4C, 0xD5, 0xCC, 0xCD, 0xF0, 0x90, 0xE0,
    0x9C, 0x60, 0x00, 0x20, 0x02, 0xA0, 0xFA, 0x20, 0x02, 0xB8, 0x00, 0xA8, 0x00, 0x98, 0x00, 0x88,
    0x00, 0x10, 0xBD, 0xF8, 0x00, 0x03, 0x00, 0xC8, 0x52, 0x0A, 0x00, 0x48, 0x52, 0x0A, 0x38, 0x08,
    0x4A, 0x0A, 0xB8, 0x08, 0x0A, 0x4A, 0xB8, 0x08, 0x0A, 0x4A, 0xB8, 0x08, 0x0A, 0x4A, 0xBC, 0xE0,
    0xD8, 0xD8, 0xA0, 0x90, 0x90, 0x9C, 0xF0, 0x28, 0x02, 0x1A, 0xC0, 0xA0, 0x02, 0x20, 0xB8, 0x88,
    0xB8, 0x98, 0xB8, 0xA8, 0xB8, 0xB8, 0x00, 0xC0, 0xBF, 0x01, 0x03, 0x08, 0xA8, 0x0A, 0x2A, 0x48,
    0xF0, 0x0A, 0x42, 0x08, 0x18, 0x4A, 0x1A, 0xC8, 0x00, 0x0A, 0x52, 0x40, 0x70, 0x42, 0x12, 0x40,
    0x70, 0x42, 0x12, 0xCA, 0xF0, 0x4A, 0xC0, 0xA0, 0x90, 0x90, 0x9C, 0x68, 0x00, 0x1A, 0x02, 0xA0,
    0xFA, 0x20, 0x02, 0xB8, 0x00, 0xA8, 0x00, 0x98, 0x00, 0x88, 0x00, 0x10, 0xBD, 0xF8, 0x00, 0x03,
    0x40, 0x00, 0x12, 0x50, 0xC8, 0x00, 0x0A, 0x50, 0x08, 0x00, 0x4A, 0x12, 0x00, 0xA0, 0x12, 0x22,
    0x00, 0x60, 0x12, 0x22, 0x00, 0x60, 0x12, 0x22, 0xCC, 0xD8, 0x90, 0x80, 0x4B, 0xD8, 0x3B, 0xE5,
    0x68, 0x00, 0x20, 0x02, 0xA0, 0xFA, 0x26, 0x02, 0xB8, 0x00, 0xA8, 0x00, 0x98, 0x00, 0x88, 0x00,
    0x10, 0xBD, 0xF8, 0x00, 0x03, 0x48, 0x08, 0x0A, 0x4A, 0xC8, 0x08, 0x0A, 0x4A, 0x08, 0xC8, 0x4A,
    0x0A, 0x08, 0x40, 0x0A, 0x42, 0x08, 0x40, 0x0A, 0x42, 0x08, 0x40, 0x0A, 0x42, 0xCC, 0xD8, 0x90,
    0x80, 0x74, 0x88, 0x64, 0x95, 0x68, 0x00, 0x20, 0x02, 0xA0, 0xFA, 0x26, 0x02, 0xB8, 0x00, 0xA8,
    0x00, 0x98, 0x00, 0x88, 0x00, 0x10, 0xBD, 0xF8, 0x00, 0x03, 0x20, 0x00, 0x22, 0x52, 0xF8, 0x00,
    0x4A, 0x12, 0xA0, 0xA0, 0x22, 0x22, 0xA0, 0x60, 0x22, 0x22, 0xA0, 0x60, 0x22, 0x22, 0xA0, 0x60,
    0x22, 0x22, 0xA0, 0x38, 0x32, 0xD0, 0x22, 0xD8, 0x12, 0xE5, 0x98, 0x00, 0x20, 0x02, 0x60, 0x0A,
    0x26, 0x02, 0x78, 0x00, 0x68, 0x00, 0x58, 0x00, 0x48, 0x00, 0x30, 0x7D, 0x08, 0x00, 0x03, 0xA0,
    0x50, 0x22, 0x32, 0x50, 0x00, 0x34, 0x12, 0x10, 0xC0, 0x52, 0x12, 0x28, 0x40, 0x3A, 0x12, 0xF8,
    0x00, 0x0A, 0x52, 0xE0, 0xD8, 0x22, 0x2A, 0xFC, 0xD4, 0xB2, 0x20, 0xA2, 0x28, 0x92, 0x35, 0x10,
    0x00, 0x14, 0x02, 0xA0, 0xBA, 0x26, 0x02, 0xB8, 0xC0, 0xA8, 0xC0, 0x98, 0xC0, 0x88, 0xC0, 0x10,
    0xBD, 0xB8, 0x00, 0x03, 0x50, 0x00, 0x12, 0x52, 0xD0, 0x00, 0x12, 0x52, 0xC0, 0x38, 0x22, 0x1A,
    0x00, 0x48, 0x62, 0x0A, 0x10, 0xC8, 0x12, 0x4A, 0xE0, 0xD8, 0x22, 0x2A, 0xAC, 0x0C, 0xD0, 0xC0,
    0x5A, 0xBA, 0x4A, 0xC5, 0x60, 0x00, 0x26, 0x02, 0xA0, 0xFA, 0x26, 0x02, 0xB8, 0x00, 0xA8, 0x00,
    0x98, 0x00, 0x88, 0x00, 0x10, 0xBD, 0xF8, 0x00, 0x6F, 0x80, 0x56, 0x45, 0x43, 0x54, 0x52, 0x4F,
    0x50, 0x4F, 0x4C, 0x49, 0x53, 0x20, 0x35, 0x30, 0x30, 0x80, 0x4F, 0x80, 0x59, 0x45, 0x50, 0x2C,
    0x20, 0x41, 0x4E, 0x4F, 0x54, 0x48, 0x45, 0x52, 0x20, 0x4F, 0x4E, 0x45, 0x80, 0x3F, 0x80, 0x4F,
    0x46, 0x20, 0x4D, 0x59, 0x20, 0x55, 0x4E, 0x46, 0x49, 0x4E, 0x49, 0x53, 0x48, 0x45, 0x44, 0x80,
    0x2F, 0x80, 0x53, 0x59, 0x4D, 0x50, 0x48, 0x4F, 0x4E, 0x49, 0x45, 0x53, 0x20, 0x21, 0x80, 0xBF,
    0x80, 0x50, 0x52, 0x45, 0x53, 0x53, 0x20, 0x31, 0x20, 0x46, 0x4F, 0x52, 0x20, 0x4D, 0x4F, 0x52,
    0x45, 0x80, 0xAF, 0x80, 0x20, 0x20, 0x20, 0x20, 0x20, 0x20, 0x32, 0x20, 0x54, 0x4F, 0x20, 0x50,
    0x4C, 0x41, 0x59, 0x80, 0x9F, 0x80, 0x20, 0x20, 0x20, 0x20, 0x20, 0x20, 0x33, 0x20, 0x46, 0x4F,
    0x52, 0x20, 0x56, 0x45, 0x43, 0x54, 0x4F, 0x50, 0x49, 0x41, 0x80, 0x00, 0x6F, 0x80, 0x4C, 0x4F,
    0x4F, 0x4B, 0x45, 0x44, 0x20, 0x54, 0x4F, 0x4F, 0x20, 0x42, 0x4C, 0x4F, 0x43, 0x4B, 0x59, 0x80,
    0x5F, 0x80, 0x54, 0x4F, 0x20, 0x4D, 0x45, 0x20, 0x41, 0x4E, 0x44, 0x20, 0x49, 0x20, 0x4C, 0x4F,
    0x53, 0x54, 0x80, 0x4F, 0x80, 0x49, 0x4E, 0x54, 0x45, 0x52, 0x45, 0x53, 0x54, 0x20, 0x41, 0x46,
    0x54, 0x45, 0x52, 0x20, 0x41, 0x57, 0x48, 0x49, 0x4C, 0x45, 0x2E, 0x80, 0x2F, 0x80, 0x54, 0x48,
    0x45, 0x52, 0x45, 0x20, 0x49, 0x53, 0x20, 0x4E, 0x4F, 0x20, 0x41, 0x49, 0x20, 0x49, 0x4E, 0x20,
    0x54, 0x48, 0x49, 0x53, 0x80, 0x1F, 0x80, 0x47, 0x41, 0x4D, 0x45, 0x2E, 0x20, 0x49, 0x54, 0x20,
    0x49, 0x53, 0x20, 0x59, 0x4F, 0x55, 0x20, 0x41, 0x4C, 0x4F, 0x4E, 0x45, 0x80, 0x0F, 0x80, 0x4F,
    0x52, 0x20, 0x55, 0x50, 0x20, 0x54, 0x4F, 0x20, 0x34, 0x20, 0x50, 0x4C, 0x41, 0x59, 0x45, 0x52,
    0x53, 0x2E, 0x80, 0xBF, 0x80, 0x50, 0x52, 0x45, 0x53, 0x53, 0x20, 0x31, 0x20, 0x46, 0x4F, 0x52,
    0x20, 0x4D, 0x4F, 0x52, 0x45, 0x80, 0xAF, 0x80, 0x20, 0x20, 0x20, 0x20, 0x20, 0x20, 0x32, 0x20,
    0x54, 0x4F, 0x20, 0x50, 0x4C, 0x41, 0x59, 0x80, 0x9F, 0x80, 0x20, 0x20, 0x20, 0x20, 0x20, 0x20,
    0x33, 0x20, 0x46, 0x4F, 0x52, 0x20, 0x56, 0x45, 0x43, 0x54, 0x4F, 0x50, 0x49, 0x41, 0x80, 0x00,
    0x6F, 0x80, 0x50, 0x4C, 0x41, 0x59, 0x45, 0x52, 0x53, 0x20, 0x31, 0x20, 0x26, 0x20, 0x32, 0x20,
    0x55, 0x53, 0x45, 0x20, 0x54, 0x48, 0x45, 0x80, 0x5F, 0x80, 0x53, 0x54, 0x49, 0x43, 0x4B, 0x53,
    0x20, 0x54, 0x4F, 0x20, 0x53, 0x54, 0x45, 0x45, 0x52, 0x20, 0x42, 0x55, 0x54, 0x54, 0x4F, 0x4E,
    0x20, 0x31, 0x80, 0x4F, 0x80, 0x50, 0x4C, 0x41, 0x59, 0x45, 0x52, 0x53, 0x20, 0x33, 0x20, 0x41,
    0x4E, 0x44, 0x20, 0x34, 0x20, 0x53, 0x54, 0x45, 0x45, 0x52, 0x20, 0x57, 0x49, 0x54, 0x48, 0x80,
    0x3F, 0x80, 0x42, 0x55, 0x54, 0x54, 0x4F, 0x4E, 0x53, 0x20, 0x33, 0x20, 0x26, 0x20, 0x34, 0x20,
    0x41, 0x4E, 0x44, 0x20, 0x32, 0x20, 0x46, 0x4F, 0x52, 0x20, 0x47, 0x41, 0x53, 0x2E, 0x80, 0xBF,
    0x80, 0x50, 0x52, 0x45, 0x53, 0x53, 0x20, 0x31, 0x20, 0x46, 0x4F, 0x52, 0x20, 0x4D, 0x4F, 0x52,
    0x45, 0x80, 0xAF, 0x80, 0x20, 0x20, 0x20, 0x20, 0x20, 0x20, 0x32, 0x20, 0x54, 0x4F, 0x20, 0x50,
    0x4C, 0x41, 0x59, 0x80, 0x9F, 0x80, 0x20, 0x20, 0x20, 0x20, 0x20, 0x20, 0x33, 0x20, 0x46, 0x4F,
    0x52, 0x20, 0x56, 0x45, 0x43, 0x54, 0x4F, 0x50, 0x49, 0x41, 0x80, 0x00, 0x6F, 0x80, 0x49, 0x20,
    0x54, 0x48, 0x49, 0x4E, 0x4B, 0x20, 0x59, 0x4F, 0x55, 0x20, 0x57, 0x49, 0x4C, 0x4C, 0x20, 0x47,
    0x45, 0x54, 0x20, 0x54, 0x48, 0x45, 0x80, 0x5F, 0x80, 0x52, 0x45, 0x53, 0x54, 0x20, 0x4F, 0x4E,
    0x20, 0x59, 0x4F, 0x55, 0x52, 0x20, 0x4F, 0x57, 0x4E, 0x2E, 0x20, 0x50, 0x52, 0x45, 0x54, 0x54,
    0x59, 0x80, 0x4F, 0x80, 0x46, 0x55, 0x4E, 0x20, 0x43, 0x52, 0x41, 0x4D, 0x4D, 0x49, 0x4E, 0x47,
    0x20, 0x34, 0x20, 0x50, 0x45, 0x4F, 0x50, 0x4C, 0x45, 0x20, 0x4F, 0x4E, 0x54, 0x4F, 0x80, 0x3F,
    0x80, 0x32, 0x20, 0x43, 0x4F, 0x4E, 0x54, 0x52, 0x4F, 0x4C, 0x53, 0x20, 0x41, 0x4E, 0x44, 0x20,
    0x41, 0x20, 0x39, 0x22, 0x20, 0x53, 0x43, 0x52, 0x45, 0x45, 0x4E, 0x20, 0x3F, 0x80, 0xBF, 0x80,
    0x50, 0x52, 0x45, 0x53, 0x53, 0x20, 0x31, 0x20, 0x46, 0x4F, 0x52, 0x20, 0x42, 0x45, 0x47, 0x49,
    0x4E, 0x4E, 0x49, 0x4E, 0x47, 0x80, 0xAF, 0x80, 0x20, 0x20, 0x20, 0x20, 0x20, 0x20, 0x32, 0x20,
    0x54, 0x4F, 0x20, 0x50, 0x4C, 0x41, 0x59, 0x80, 0x9F, 0x80, 0x20, 0x20, 0x20, 0x20, 0x20, 0x20,
    0x33, 0x20, 0x46, 0x4F, 0x52, 0x20, 0x56, 0x45, 0x43, 0x54, 0x4F, 0x50, 0x49, 0x41, 0x80, 0x00,
    0x7F, 0xC9, 0x00, 0x86, 0x01, 0xB7, 0xC9, 0x01, 0xBD, 0xF1, 0x92, 0x86, 0x50, 0xBD, 0xF2, 0xAB,
    0xCE, 0x57, 0x18, 0xB6, 0xC9, 0x00, 0x27, 0x11, 0xCE, 0x57, 0x9C, 0x81, 0x01, 0x27, 0x0A, 0xCE,
    0x58, 0x60, 0x81, 0x02, 0x27, 0x03, 0xCE, 0x59, 0x0C, 0xBD, 0xF3, 0x8A, 0xBD, 0x51, 0x26, 0x7D,
    0xC8, 0x12, 0x27, 0x19, 0xB6, 0xC9, 0x01, 0x26, 0x17, 0x86, 0x01, 0xB7, 0xC9, 0x01, 0x7C, 0xC9,
    0x00, 0xB6, 0xC9, 0x00, 0x81, 0x04, 0x26, 0x08, 0x7F, 0xC9, 0x00, 0x20, 0x03, 0x7F, 0xC9, 0x01,
    0x7D, 0xC8, 0x13, 0x27, 0x03, 0x7E, 0x48, 0xCB, 0x7D, 0xC8, 0x14, 0x27, 0xAB, 0x7F, 0xC8, 0x00,
    0xBD, 0xF1, 0xAA, 0x86, 0x9F, 0xC6, 0xFF, 0xFD, 0xD0, 0x02, 0xCC, 0x41, 0x00, 0xFD, 0xD0, 0x00,
    0xCC, 0x98, 0x7F, 0xB7, 0xD0, 0x0B, 0xF7, 0xD0, 0x04, 0xBD, 0xF3, 0x54, 0x7E, 0xF0, 0x00, 0xFF,
    0x12, 0x12, 0x12, 0x12, 0xCC, 0x30, 0x75, 0xFD, 0xC8, 0x3D, 0xBD, 0xF1, 0xAA, 0x97, 0x08, 0x7F,
    0xC8, 0x00, 0x8E, 0xC8, 0x80, 0x6F, 0x84, 0x30, 0x01, 0x8C, 0xCB, 0x00, 0x26, 0xF7, 0xCC, 0xFA,
    0x48, 0xFD, 0xC8, 0x2A, 0xBD, 0x5C, 0x55, 0xBD, 0xF1, 0x92, 0x86, 0x48, 0xBD, 0xF2, 0xAB, 0xCE,
    0x5C, 0xB7, 0xBD, 0xF3, 0x78, 0xCE, 0x5C, 0xC6, 0xBD, 0xF3, 0x78, 0xCE, 0x5C, 0xD8, 0xBD, 0xF3,
    0x78, 0xBD, 0x5C, 0x6D, 0xBD, 0x5A, 0x89, 0x20, 0xDE, 0x86, 0x00, 0xBD, 0xF2, 0xAB, 0xCC, 0x00,
    0xC0, 0xBD, 0xF2, 0xFC, 0x8E, 0x5C, 0x7B, 0xC6, 0xC0, 0xBD, 0xF4, 0x0E, 0xBD, 0xF3, 0x54, 0xCC,
    0x00, 0xC0, 0xBD, 0xF2, 0xFC, 0x8E, 0x5C, 0x7B, 0xC6, 0xC0, 0xBD, 0xF4, 0x0E, 0xBD, 0xF3, 0x54,
    0x86, 0x48, 0xBD, 0xF2, 0xAB, 0xCC, 0x00, 0xC0, 0xBD, 0xF2, 0xFC, 0x8E, 0x5C, 0x7B, 0xC6, 0xC0,
    0xBD, 0xF4, 0x0E, 0xBD, 0xF3, 0x54, 0xBD, 0x5C, 0x50, 0xCC, 0x0C, 0x28, 0xBD, 0xF2, 0xFC, 0x8E,
    0x5C, 0x91, 0x7D, 0xC8, 0x15, 0x27, 0x03, 0x8E, 0x5C, 0xA7, 0xC6, 0x40, 0xBD, 0xF4, 0x0E, 0xBD,
    0xF3, 0x54, 0xCC, 0x0C, 0x16, 0xBD, 0xF2, 0xFC, 0x8E, 0x5C, 0x91, 0x7D, 0xC8, 0x14, 0x27, 0x03,
    0x8E, 0x5C, 0xA7, 0xC6, 0x40, 0xBD, 0xF4, 0x0E, 0xBD, 0xF3, 0x54, 0xCC, 0x0C, 0x04, 0xBD, 0xF2,
    0xFC, 0x8E, 0x5C, 0x91, 0x7D, 0xC8, 0x13, 0x27, 0x03, 0x8E, 0x5C, 0xA7, 0xC6, 0x40, 0xBD, 0xF4,
    0x0E, 0xBD, 0xF3, 0x54, 0xCC, 0x0C, 0xF2, 0xBD, 0xF2, 0xFC, 0x8E, 0x5C, 0x91, 0x7D, 0xC8, 0x12,
    0x27, 0x03, 0x8E, 0x5C, 0xA7, 0xC6, 0x40, 0xBD, 0xF4, 0x0E, 0xBD, 0xF3, 0x54, 0xCC, 0x0C, 0xDC,
    0xBD, 0xF2, 0xFC, 0xB6, 0xC8, 0x1C, 0xF6, 0xC8, 0x1B, 0x47, 0x57, 0x47, 0x57, 0x8B, 0x10, 0xC0,
    0x04, 0xFD, 0xC9, 0x00, 0xBD, 0xF3, 0xDF, 0xBD, 0xF2, 0xC5, 0xBD, 0xF3, 0x54, 0xCC, 0x0C, 0xDC,
    0xBD, 0xF2, 0xFC, 0xB6, 0xC8, 0x1C, 0xF6, 0xC8, 0x1B, 0x47, 0x57, 0x47, 0x57, 0x8B, 0x10, 0xCB,
    0x04, 0xFD, 0xC9, 0x02, 0xBD, 0xF3, 0xDF, 0xBD, 0xF2, 0xC5, 0xBD, 0xF3, 0x54, 0xCC, 0x0C, 0xDC,
    0xBD, 0xF2, 0xFC, 0xFC, 0xC9, 0x00, 0xBD, 0xF2, 0xFC, 0xCC, 0x00, 0x08, 0xBD, 0xF3, 0xDF, 0xBD,
    0xF3, 0x54, 0xCC, 0xA0, 0xC0, 0xBD, 0xF2, 0xFC, 0x8E, 0x5C, 0x7B, 0xC6, 0xC0, 0xBD, 0xF4, 0x0E,
    0xBD, 0xF3, 0x54, 0xBD, 0x5C, 0x50, 0xCC, 0xAC, 0x28, 0xBD, 0xF2, 0xFC, 0x8E, 0x5C, 0x91, 0x7D,
    0xC8, 0x19, 0x27, 0x03, 0x8E, 0x5C, 0xA7, 0xC6, 0x40, 0xBD, 0xF4, 0x0E, 0xBD, 0xF3, 0x54, 0xCC,
    0xAC, 0x16, 0xBD, 0xF2, 0xFC, 0x8E, 0x5C, 0x91, 0x7D, 0xC8, 0x18, 0x27, 0x03, 0x8E, 0x5C, 0xA7,
    0xC6, 0x40, 0xBD, 0xF4, 0x0E, 0xBD, 0xF3, 0x54, 0xCC, 0xAC, 0x04, 0xBD, 0xF2, 0xFC, 0x8E, 0x5C,
    0x91, 0x7D, 0xC8, 0x17, 0x27, 0x03, 0x8E, 0x5C, 0xA7, 0xC6, 0x40, 0xBD, 0xF4, 0x0E, 0xBD, 0xF3,
    0x54, 0xCC, 0xAC, 0xF2, 0xBD, 0xF2, 0xFC, 0x8E, 0x5C, 0x91, 0x7D, 0xC8, 0x16, 0x27, 0x03, 0x8E,
    0x5C, 0xA7, 0xC6, 0x40, 0xBD, 0xF4, 0x0E, 0xBD, 0xF3, 0x54, 0xCC, 0xAC, 0xDC, 0xBD, 0xF2, 0xFC,
    0xB6, 0xC8, 0x1E, 0xF6, 0xC8, 0x1D, 0x47, 0x57, 0x47, 0x57, 0x8B, 0x10, 0xC0, 0x04, 0xFD, 0xC9,
    0x00, 0xBD, 0xF3, 0xDF, 0xBD, 0xF2, 0xC5, 0xBD, 0xF3, 0x54, 0xCC, 0xAC, 0xDC, 0xBD, 0xF2, 0xFC,
    0xB6, 0xC8, 0x1E, 0xF6, 0xC8, 0x1D, 0x47, 0x57, 0x47, 0x57, 0x8B, 0x10, 0xCB, 0x04, 0xFD, 0xC9,
    0x02, 0xBD, 0xF3, 0xDF, 0xBD, 0xF2, 0xC5, 0xBD, 0xF3, 0x54, 0xCC, 0xAC, 0xDC, 0xBD, 0xF2, 0xFC,
    0xFC, 0xC9, 0x00, 0xBD, 0xF2, 0xFC, 0xCC, 0x00, 0x08, 0xBD, 0xF3, 0xDF, 0xBD, 0xF3, 0x54, 0x39,
    0x4F, 0xBD, 0xF1, 0xB4, 0x39, 0xBD, 0xF1, 0xAF, 0x86, 0x01, 0xB7, 0xC8, 0x1F, 0x86, 0x03, 0xB7,
    0xC8, 0x20, 0x86, 0x05, 0xB7, 0xC8, 0x21, 0x86, 0x07, 0xB7, 0xC8, 0x22, 0x39, 0x86, 0x80, 0xB7,
    0xC8, 0x23, 0xBD, 0xF1, 0xF8, 0x86, 0x00, 0xB7, 0xC8, 0x1A, 0x39, 0xFF, 0x00, 0x5A, 0xFF, 0xF4,
    0x00, 0xFF, 0x00, 0xA6, 0xFF, 0x0C, 0x00, 0xFF, 0x0C, 0x0C, 0xFF, 0x00, 0x42, 0xFF, 0xF4, 0x0C,
    0x01, 0xFF, 0xF9, 0x00, 0xFF, 0x00, 0x1C, 0xFF, 0x07, 0x00, 0xFF, 0x00, 0xE4, 0xFF, 0x07, 0x07,
    0xFF, 0x00, 0x0E, 0xFF, 0xF9, 0x07, 0x01, 0x00, 0xF9, 0x00, 0xFF, 0x07, 0x07, 0xFF, 0x00, 0x0E,
    0xFF, 0xF9, 0x07, 0xFF, 0x00, 0xE4, 0x01, 0x70, 0xBC, 0x53, 0x55, 0x50, 0x45, 0x52, 0x20, 0x43,
    0x48, 0x45, 0x45, 0x53, 0x59, 0x80, 0x60, 0xB0, 0x43, 0x4F, 0x4E, 0x54, 0x52, 0x4F, 0x4C, 0x4C,
    0x45, 0x52, 0x20, 0x54, 0x45, 0x53, 0x54, 0x80, 0x48, 0xB0, 0x28, 0x52, 0x45, 0x53, 0x45, 0x54,
    0x29, 0x20, 0x54, 0x4F, 0x20, 0x45, 0x58, 0x49, 0x54, 0x80, 0x12, 0x12, 0x12, 0x12, 0x12, 0xBD,
    0x68, 0x3E, 0xCC, 0x00, 0x00, 0xFD, 0xC8, 0xA0, 0x8E, 0xC8, 0xA0, 0xBD, 0xF8, 0x4F, 0xCC, 0x80,
    0x10, 0xBD, 0xF2, 0xFC, 0xCE, 0xC8, 0xA0, 0xCC, 0xFE, 0x49, 0xFD, 0xC8, 0x2A, 0xBD, 0xF4, 0x95,
    0xCC, 0x80, 0xAA, 0xCE, 0x68, 0x64, 0xBD, 0xF3, 0x7A, 0xCC, 0x00, 0x00, 0xFD, 0xC9, 0x4D, 0xCC,
    0xFC, 0x47, 0xFD, 0xC8, 0x2A, 0xBD, 0xF1, 0x92, 0xFC, 0xC9, 0x4D, 0xFD, 0xC9, 0x30, 0xBD, 0x5F,
    0x0B, 0x8E, 0xC9, 0x4D, 0xBD, 0xF3, 0x0C, 0xC6, 0x80, 0x8E, 0x66, 0x69, 0xBD, 0xF4, 0x0E, 0xBD,
    0xF3, 0x54, 0xCE, 0x60, 0x7C, 0xBD, 0xF3, 0x8A, 0xBD, 0x68, 0x4E, 0x7D, 0xC8, 0x12, 0x27, 0x03,
    0x20, 0x28, 0x12, 0x7D, 0xC8, 0x13, 0x27, 0xA6, 0x7F, 0xC8, 0x00, 0xBD, 0xF1, 0xAA, 0x86, 0x9F,
    0xC6, 0xFF, 0xFD, 0xD0, 0x02, 0xCC, 0x41, 0x00, 0xFD, 0xD0, 0x00, 0xCC, 0x98, 0x7F, 0xB7, 0xD0,
    0x0B, 0xF7, 0xD0, 0x04, 0xBD, 0xF3, 0x54, 0x7E, 0xF0, 0x00, 0xCC, 0x00, 0x00, 0xFD, 0xC8, 0xA0,
    0x8E, 0xC8, 0xA0, 0xBD, 0xF8, 0x4F, 0x8E, 0xC9, 0x00, 0x86, 0x00, 0xA7, 0x84, 0x30, 0x01, 0x8C,
    0xCA, 0xFF, 0x26, 0xF7, 0xCC, 0x00, 0x00, 0xFD, 0xC8, 0xA0, 0xFD, 0xC9, 0x60, 0x8E, 0xC8, 0xA0,
    0xBD, 0xF8, 0x4F, 0x8E, 0xC9, 0x60, 0xBD, 0xF8, 0x4F, 0xCC, 0x00, 0x01, 0x8E, 0xC9, 0x60, 0xBD,
    0xF8, 0x7C, 0x86, 0x14, 0xB7, 0xC9, 0x3F, 0x86, 0x03, 0xB7, 0xC9, 0x40, 0x86, 0x01, 0xB7, 0xC9,
    0x42, 0xB7, 0xC9, 0x3A, 0x86, 0x07, 0xB7, 0xC9, 0x44, 0x86, 0x04, 0xB7, 0xC9, 0x39, 0x86, 0x00,
    0xB7, 0xC9, 0x50, 0xBD, 0x65, 0x56, 0xCC, 0x90, 0x00, 0xFD, 0xC9, 0x30, 0x86, 0x3F, 0xB7, 0xC9,
    0x32, 0xBD, 0xF5, 0x11, 0x44, 0x8B, 0xB0, 0xB7, 0xC9, 0x33, 0x86, 0x01, 0xB7, 0xC9, 0x34, 0x86,
    0x09, 0xB7, 0xC9, 0x35, 0x8E, 0xCA, 0x00, 0x86, 0x00, 0xA7, 0x84, 0x30, 0x01, 0x8C, 0xCA, 0x36,
    0x2B, 0xF7, 0xCC, 0x3A, 0x80, 0xFD, 0xCA, 0x80, 0xB6, 0xC9, 0x3F, 0xB7, 0xC9, 0x3B, 0x86, 0x00,
    0xB7, 0xC9, 0x3D, 0xB7, 0xC9, 0x3E, 0xCC, 0x78, 0x96, 0xFD, 0xC9, 0x46, 0x86, 0x00, 0xB7, 0xC9,
    0x41, 0xCC, 0x76, 0x64, 0xFD, 0xC9, 0x48, 0xCC, 0x96, 0xE0, 0xFD, 0xC9, 0x4B, 0xCC, 0x90, 0x20,
    0xFD, 0xC9, 0x4D, 0xCE, 0xFF, 0x44, 0x86, 0x01, 0xB7, 0xC8, 0x56, 0xBD, 0x5F, 0x75, 0x86, 0x00,
    0xB7, 0xC9, 0x4A, 0xB7, 0xC9, 0x51, 0xB7, 0xC9, 0x52, 0xBD, 0xF1, 0xAA, 0xCE, 0x67, 0xC1, 0xBD,
    0xF2, 0x7D, 0xB6, 0xC9, 0x40, 0x81, 0x00, 0x26, 0x11, 0xCE, 0x68, 0x10, 0x86, 0x01, 0xB7, 0xC8,
    0x56, 0xBD, 0x65, 0x48, 0xB6, 0xC8, 0x1B, 0xB7, 0xCA, 0xFF, 0xB6, 0xC9, 0x40, 0x81, 0x00, 0x26,
    0x06, 0xBD, 0xF1, 0xAF, 0xBD, 0xF6, 0x87, 0xBD, 0xF1, 0xAA, 0xBD, 0xF1, 0x92, 0xB6, 0xC9, 0x40,
    0x81, 0x00, 0x26, 0x03, 0xBD, 0xF2, 0x89, 0xBD, 0x65, 0x6A, 0xBD, 0x61, 0x06, 0xB6, 0xC9, 0x40,
    0x81, 0x00, 0x26, 0x1C, 0xCC, 0xFC, 0x47, 0xFD, 0xC8, 0x2A, 0xCC, 0x00, 0xD4, 0xCE, 0x60, 0x72,
    0xBD, 0xF3, 0x7A, 0x7C, 0xC9, 0x50, 0xB6, 0xC9, 0x50, 0x81, 0xFF, 0x26, 0xBD, 0x7E, 0x5C, 0xFE,
    0xBD, 0x5F, 0x33, 0xBD, 0x62, 0xF7, 0xBD, 0x64, 0xE1, 0xBD, 0x60, 0xCC, 0xBD, 0x64, 0x34, 0xBD,
    0x62, 0x29, 0xB6, 0xC9, 0x4A, 0x81, 0xFF, 0x27, 0x3C, 0xB6, 0xC9, 0x3D, 0x81, 0x01, 0x27, 0x02,
    0x20, 0x98, 0x7C, 0xC9, 0x3E, 0xB6, 0xC9, 0x3E, 0x81, 0x00, 0x26, 0x8E, 0x7C, 0xC9, 0x3F, 0x7C,
    0xC9, 0x3F, 0x7C, 0xC9, 0x3A, 0xB6, 0xC9, 0x42, 0x81, 0x04, 0x2A, 0x03, 0x7C, 0xC9, 0x42, 0xB6,
    0xC9, 0x44, 0x81, 0x01, 0x2A, 0x03, 0x7A, 0xC9, 0x44, 0xCC, 0x00, 0x01, 0x8E, 0xC9, 0x60, 0xBD,
    0xF8, 0x7C, 0x7E, 0x5D, 0xD3, 0x7A, 0xC9, 0x40, 0x7E, 0x5D, 0xD3, 0x86, 0x50, 0xBD, 0xF2, 0xAB,
    0x8E, 0xC9, 0x30, 0xBD, 0xF3, 0x0C, 0xC6, 0x80, 0x8E, 0x65, 0xFA, 0xBD, 0xF4, 0x0E, 0xBD, 0xF3,
    0x54, 0x8E, 0xC9, 0x30, 0xBD, 0xF3, 0x0C, 0xC6, 0x80, 0x8E, 0x66, 0x19, 0xBD, 0xF4, 0x0E, 0xBD,
    0xF3, 0x54, 0x39, 0xB6, 0xC9, 0x4F, 0x81, 0x00, 0x26, 0x01, 0x39, 0xBD, 0xF1, 0xAA, 0xCC, 0x01,
    0x00, 0xBD, 0xF2, 0x56, 0x86, 0x00, 0xF6, 0xC9, 0x4F, 0xBD, 0xF2, 0x56, 0xB6, 0xC9, 0x4F, 0x80,
    0x16, 0xB7, 0xC9, 0x4F, 0xB6, 0xC9, 0x4F, 0x81, 0x00, 0x2A, 0x02, 0x20, 0x17, 0x81, 0x10, 0x2B,
    0x02, 0x20, 0x11, 0x86, 0x00, 0xB7, 0xC9, 0x4F, 0xCC, 0x00, 0x00, 0xBD, 0xF2, 0x56, 0xCC, 0x01,
    0x00, 0xBD, 0xF2, 0x56, 0x39, 0xB6, 0xC9, 0x40, 0x81, 0x00, 0x26, 0x01, 0x39, 0xBD, 0xF1, 0xAF,
    0xBD, 0xF6, 0x87, 0xBD, 0xF1, 0x92, 0xBD, 0xF2, 0x89, 0xBD, 0xF1, 0xAA, 0xBD, 0x65, 0x6A, 0xBD,
    0xF2, 0xA9, 0xCC, 0xFC, 0x47, 0xFD, 0xC8, 0x2A, 0xCE, 0x60, 0x4E, 0xCC, 0x10, 0xC8, 0xBD, 0xF3,
    0x7A, 0xCE, 0x60, 0x5A, 0xCC, 0x00, 0xB8, 0xBD, 0xF3, 0x7A, 0xCC, 0x00, 0xF4, 0xBD, 0xF2, 0xFC,
    0xCE, 0xC9, 0x60, 0xBD, 0xF4, 0x95, 0xFC, 0xC9, 0x4D, 0xFD, 0xC9, 0x30, 0xBD, 0x5F, 0x0B, 0x8E,
    0xC9, 0x4D, 0xBD, 0xF3, 0x0C, 0xC6, 0x80, 0x8E, 0x66, 0x69, 0xBD, 0xF4, 0x0E, 0xBD, 0xF3, 0x54,
    0x86, 0x40, 0xBD, 0xF2, 0xAB, 0x8E, 0xC9, 0x4B, 0xBD, 0xF3, 0x0C, 0xC6, 0x80, 0x8E, 0x65, 0xFA,
    0xBD, 0xF4, 0x0E, 0xBD, 0xF3, 0x54, 0x8E, 0xC9, 0x4B, 0xBD, 0xF3, 0x0C, 0xC6, 0x80, 0x8E, 0x66,
    0x19, 0xBD, 0xF4, 0x0E, 0xBD, 0xF3, 0x54, 0x8E, 0xC9, 0x4B, 0xBD, 0xF3, 0x0C, 0xC6, 0x80, 0x8E,
    0x67, 0x3B, 0xBD, 0xF4, 0x0E, 0xBD, 0xF3, 0x54, 0x8E, 0xC9, 0x4B, 0xBD, 0xF3, 0x0C, 0xC6, 0x80,
    0x8E, 0x67, 0x4E, 0xBD, 0xF4, 0x0E, 0xBD, 0xF3, 0x54, 0x86, 0x38, 0xBD, 0xF2, 0xAB, 0x8E, 0xC9,
    0x4B, 0xBD, 0xF3, 0x0C, 0xC6, 0x80, 0x8E, 0x67, 0x67, 0xBD, 0xF4, 0x0E, 0xBD, 0xF3, 0x54, 0x8E,
    0xC9, 0x4B, 0xBD, 0xF3, 0x0C, 0xC6, 0x80, 0x8E, 0x67, 0x8C, 0xBD, 0xF4, 0x0E, 0xBD, 0xF3, 0x54,
    0x7C, 0xC9, 0x41, 0xB6, 0xC9, 0x41, 0x81, 0x00, 0x27, 0x03, 0x7E, 0x5F, 0x75, 0x39, 0x47, 0x45,
    0x54, 0x20, 0x52, 0x45, 0x41, 0x44, 0x59, 0x20, 0x80, 0x00, 0x46, 0x4F, 0x52, 0x20, 0x4C, 0x45,
    0x56, 0x45, 0x4C, 0x20, 0x20, 0x20, 0x20, 0x21, 0x80, 0x00, 0x4F, 0x48, 0x20, 0x4E, 0x4F, 0x20,
    0x21, 0x80, 0x47, 0x41, 0x4D, 0x45, 0x20, 0x4F, 0x56, 0x45, 0x52, 0x80, 0x5F, 0xB6, 0x20, 0x20,
    0x20, 0x20, 0x53, 0x50, 0x49, 0x4B, 0x45, 0x27, 0x53, 0x80, 0x4F, 0xBC, 0x57, 0x41, 0x54, 0x45,
    0x52, 0x20, 0x42, 0x41, 0x4C, 0x4C, 0x4F, 0x4F, 0x4E, 0x53, 0x80, 0x3F, 0xB0, 0x22, 0x41, 0x4E,
    0x41, 0x4C, 0x4F, 0x47, 0x20, 0x56, 0x45, 0x52, 0x53, 0x49, 0x4F, 0x4E, 0x22, 0x80, 0xC0, 0xC0,
    0x31, 0x20, 0x54, 0x4F, 0x20, 0x50, 0x4C, 0x41, 0x59, 0x80, 0xB0, 0xC0, 0x32, 0x20, 0x46, 0x4F,
    0x52, 0x20, 0x56, 0x45, 0x43, 0x54, 0x4F, 0x50, 0x49, 0x41, 0x80, 0x00, 0xBD, 0x60, 0xE5, 0xB6,
    0xC9, 0x3B, 0x81, 0x00, 0x27, 0x01, 0x39, 0xB6, 0xC9, 0x3C, 0x81, 0x00, 0x27, 0x01, 0x39, 0x86,
    0x01, 0xB7, 0xC9, 0x3D, 0x39, 0xB6, 0xC9, 0x3A, 0x81, 0x03, 0x2A, 0x09, 0xBD, 0xF5, 0x11, 0x44,
    0x81, 0x40, 0x2B, 0x01, 0x39, 0x7C, 0xC9, 0x43, 0xB6, 0xC9, 0x43, 0xB1, 0xC9, 0x44, 0x26, 0x05,
    0x86, 0x00, 0xB7, 0xC9, 0x43, 0x39, 0x8E, 0xCA, 0x80, 0xBD, 0xF3, 0x0C, 0x86, 0x50, 0xBD, 0xF2,
    0xAB, 0xCC, 0x00, 0x7F, 0xBD, 0xF3, 0xDF, 0xCC, 0x00, 0x7F, 0xBD, 0xF3, 0xDF, 0xBD, 0xF3, 0x54,
    0x86, 0x50, 0xBD, 0xF2, 0xAB, 0x8E, 0xC9, 0x46, 0xBD, 0xF3, 0x0C, 0xC6, 0x70, 0x8E, 0x65, 0xFA,
    0xBD, 0xF4, 0x0E, 0xBD, 0xF3, 0x54, 0x8E, 0xC9, 0x46, 0xBD, 0xF3, 0x0C, 0xC6, 0x70, 0x8E, 0x66,
    0x19, 0xBD, 0xF4, 0x0E, 0xBD, 0xF3, 0x54, 0x8E, 0xC9, 0x46, 0xBD, 0xF3, 0x0C, 0xC6, 0x70, 0x8E,
    0x67, 0x3B, 0xBD, 0xF4, 0x0E, 0xBD, 0xF3, 0x54, 0x8E, 0xC9, 0x46, 0xBD, 0xF3, 0x0C, 0xC6, 0x70,
    0x8E, 0x67, 0x4E, 0xBD, 0xF4, 0x0E, 0xBD, 0xF3, 0x54, 0x8E, 0xC9, 0x46, 0xBD, 0xF3, 0x0C, 0xC6,
    0x70, 0x8E, 0x67, 0x67, 0xBD, 0xF4, 0x0E, 0xBD, 0xF3, 0x54, 0x8E, 0xC9, 0x46, 0xBD, 0xF3, 0x0C,
    0xC6, 0x70, 0x8E, 0x67, 0x8C, 0xBD, 0xF4, 0x0E, 0xBD, 0xF3, 0x54, 0xBD, 0x5F, 0x0B, 0x8E, 0xC9,
    0x30, 0xBD, 0xF3, 0x0C, 0xC6, 0x80, 0x8E, 0x66, 0xB3, 0xB6, 0xC9, 0x51, 0x81, 0x00, 0x26, 0x1B,
    0x8E, 0x66, 0x44, 0xB6, 0xC9, 0x45, 0x81, 0x00, 0x27, 0x11, 0x8E, 0x66, 0x69, 0x81, 0x01, 0x27,
    0x0A, 0x8E, 0x66, 0x8E, 0x81, 0x02, 0x27, 0x03, 0x8E, 0x66, 0x69, 0xBD, 0xF4, 0x0E, 0xBD, 0xF3,
    0x54, 0xB6, 0xC9, 0x51, 0x81, 0x00, 0x27, 0x0F, 0x7C, 0xC9, 0x51, 0xB6, 0xC9, 0x51, 0x81, 0x05,
    0x26, 0x05, 0x86, 0x00, 0xB7, 0xC9, 0x51, 0x86, 0x50, 0xBD, 0xF2, 0xAB, 0x8E, 0xC9, 0x32, 0xBD,
    0xF3, 0x0C, 0xC6, 0x80, 0x8E, 0x66, 0xD8, 0xBD, 0xF4, 0x0E, 0xBD, 0xF3, 0x54, 0x8E, 0xC9, 0x32,
    0xBD, 0xF3, 0x0C, 0xC6, 0x80, 0x8E, 0x66, 0xEE, 0xBD, 0xF4, 0x0E, 0xBD, 0xF3, 0x54, 0x8E, 0xC9,
    0x32, 0xBD, 0xF3, 0x0C, 0xC6, 0x80, 0x8E, 0x67, 0x16, 0xBD, 0xF4, 0x0E, 0xBD, 0xF3, 0x54, 0xB6,
    0xC9, 0x4A, 0x81, 0x00, 0x27, 0x12, 0xCC, 0xFC, 0x47, 0xFD, 0xC8, 0x2A, 0x7C, 0xC9, 0x4A, 0xCC,
    0x7D, 0xAA, 0xCE, 0x60, 0x6A, 0xBD, 0xF3, 0x7A, 0x39, 0xB6, 0xC9, 0x4A, 0x81, 0x00, 0x27, 0x01,
    0x39, 0xB6, 0xC9, 0x3B, 0x81, 0x00, 0x26, 0x01, 0x39, 0xB6, 0xC9, 0x34, 0x81, 0x02, 0x27, 0x2E,
    0x81, 0x01, 0x27, 0x02, 0x20, 0x4E, 0xB6, 0xC9, 0x33, 0xBB, 0xC9, 0x42, 0xB7, 0xC9, 0x33, 0xB6,
    0xC9, 0x33, 0x81, 0x7B, 0x2A, 0x02, 0x20, 0x3C, 0x81, 0x7F, 0x2B, 0x02, 0x20, 0x36, 0x86, 0x02,
    0xB7, 0xC9, 0x34, 0xB6, 0xC9, 0x33, 0xB0, 0xC9, 0x42, 0xB7, 0xC9, 0x33, 0x20, 0x26, 0xB6, 0xC9,
    0x33, 0xB0, 0xC9, 0x42, 0xB7, 0xC9, 0x33, 0xB6, 0xC9, 0x33, 0x81, 0x80, 0x2A, 0x02, 0x20, 0x14,
    0x81, 0x84, 0x2B, 0x02, 0x20, 0x0E, 0x86, 0x01, 0xB7, 0xC9, 0x34, 0xB6, 0xC9, 0x33, 0xBB, 0xC9,
    0x42, 0xB7, 0xC9, 0x33, 0x7A, 0xC9, 0x35, 0xB6, 0xC9, 0x35, 0x81, 0x00, 0x27, 0x01, 0x39, 0xB6,
    0xC9, 0x3B, 0x81, 0x00, 0x27, 0x06, 0x7A, 0xC9, 0x3B, 0xBD, 0x62, 0xD1, 0x86, 0x08, 0xBB, 0xC9,
    0x43, 0xF6, 0xC9, 0x3A, 0xC1, 0x03, 0x2A, 0x02, 0x8B, 0x0A, 0xB7, 0xC9, 0x35, 0xBD, 0xF5, 0x11,
    0x44, 0x81, 0x40, 0x2A, 0x06, 0x86, 0x01, 0xB7, 0xC9, 0x34, 0x39, 0x86, 0x02, 0xB7, 0xC9, 0x34,
    0x39, 0xBD, 0xF1, 0xAA, 0xCE, 0x67, 0xFD, 0xBD, 0xF2, 0x7D, 0x8E, 0xCA, 0x00, 0xA6, 0x02, 0x81,
    0x00, 0x27, 0x08, 0x30, 0x03, 0x8C, 0xCA, 0x36, 0x2B, 0xF3, 0x39, 0xFC, 0xC9, 0x32, 0x80, 0x10,
    0xED, 0x84, 0x86, 0x01, 0xA7, 0x02, 0x39, 0x8E, 0xCA, 0x00, 0x86, 0x00, 0xB7, 0xC9, 0x3C, 0xA6,
    0x02, 0x81, 0x00, 0x26, 0x08, 0x30, 0x03, 0x8C, 0xCA, 0x36, 0x2B, 0xF3, 0x39, 0x7C, 0xC9, 0x3C,
    0x34, 0x10, 0xBD, 0xF3, 0x0C, 0x8E, 0x67, 0x9F, 0xC6, 0x25, 0xBD, 0xF4, 0x0E, 0xBD, 0xF3, 0x54,
    0x35, 0x10, 0xA6, 0x02, 0x81, 0x02, 0x2B, 0x03, 0x7E, 0x63, 0xF7, 0xB6, 0xC9, 0x4A, 0x81, 0x00,
    0x26, 0x17, 0x6A, 0x84, 0xB6, 0xC9, 0x3A, 0x81, 0x03, 0x2B, 0x0E, 0x81, 0x06, 0x2B, 0x08, 0x81,
    0x09, 0x2B, 0x02, 0x6A, 0x84, 0x6A, 0x84, 0x6A, 0x84, 0xEC, 0x84, 0x80, 0x14, 0xFD, 0xC9, 0x36,
    0x34, 0x10, 0xBE, 0xC9, 0x36, 0x10, 0xBE, 0xC9, 0x30, 0xCC, 0x04, 0x0D, 0xBD, 0xF8, 0xFF, 0x35,
    0x10, 0x25, 0x0A, 0xB6, 0xC9, 0x51, 0x81, 0x00, 0x27, 0x1C, 0x20, 0x46, 0x12, 0x86, 0xFF, 0xB7,
    0xC9, 0x4F, 0xBD, 0x65, 0x25, 0x34, 0x10, 0xCC, 0x00, 0x01, 0x8E, 0xC8, 0xA0, 0xBD, 0xF8, 0x7C,
    0x35, 0x10, 0x86, 0x00, 0xA7, 0x02, 0xA6, 0x84, 0x81, 0x80, 0x2A, 0x03, 0x7E, 0x63, 0x05, 0x81,
    0x85, 0x2B, 0x03, 0x7E, 0x63, 0x05, 0xBD, 0x65, 0x25, 0x86, 0x00, 0xA7, 0x02, 0x86, 0x01, 0xB7,
    0xC9, 0x4A, 0x34, 0x10, 0xBD, 0xF1, 0xAA, 0xCE, 0x67, 0xDE, 0xBD, 0xF2, 0x7D, 0x35, 0x10, 0x7E,
    0x63, 0x05, 0xEC, 0x84, 0xC0, 0x14, 0xFD, 0xC9, 0x36, 0x34, 0x10, 0xBE, 0xC9, 0x36, 0x10, 0xBE,
    0xC9, 0x30, 0xCC, 0x08, 0x0A, 0xBD, 0xF8, 0xFF, 0x35, 0x10, 0x25, 0x03, 0x20, 0x07, 0x12, 0x86,
    0x03, 0xA7, 0x02, 0x20, 0xB1, 0xEC, 0x84, 0xCB, 0x14, 0xFD, 0xC9, 0x36, 0x34, 0x10, 0xBE, 0xC9,
    0x36, 0x10, 0xBE, 0xC9, 0x30, 0xCC, 0x08, 0x0A, 0xBD, 0xF8, 0xFF, 0x35, 0x10, 0x25, 0x02, 0x20,
    0x95, 0x86, 0x02, 0xA7, 0x02, 0x20, 0x8F, 0x81, 0x03, 0x27, 0x10, 0x6A, 0x01, 0xA6, 0x01, 0x81,
    0x80, 0x27, 0x04, 0x81, 0x81, 0x26, 0x16, 0x86, 0x03, 0xA7, 0x02, 0x6C, 0x01, 0xA6, 0x01, 0x81,
    0x7F, 0x27, 0x04, 0x81, 0x7E, 0x26, 0x06, 0x86, 0x02, 0xA7, 0x02, 0x6A, 0x01, 0x6C, 0x84, 0x6C,
    0x84, 0x6C, 0x84, 0xA6, 0x84, 0x81, 0x2C, 0x2B, 0x08, 0x81, 0x2F, 0x2A, 0x04, 0x86, 0x01, 0xA7,
    0x02, 0x7E, 0x63, 0x05, 0xBD, 0x68, 0x4E, 0x7D, 0xC8, 0x12, 0x27, 0x07, 0x86, 0x04, 0xB7, 0xC9,
    0x39, 0x20, 0x18, 0x7D, 0xC8, 0x13, 0x27, 0x07, 0x86, 0x05, 0xB7, 0xC9, 0x39, 0x20, 0x0C, 0x7D,
    0xC8, 0x14, 0x27, 0x07, 0x86, 0x06, 0xB7, 0xC9, 0x39, 0x20, 0x00, 0x7D, 0xC8, 0x15, 0x27, 0x11,
    0xB6, 0xC9, 0x52, 0x81, 0x01, 0x27, 0x0F, 0x86, 0x01, 0xB7, 0xC9, 0x52, 0xB7, 0xC9, 0x51, 0x20,
    0x05, 0x86, 0x00, 0xB7, 0xC9, 0x52, 0xBD, 0x65, 0x48, 0xB6, 0xC8, 0x1B, 0xB7, 0xC9, 0x31, 0xB1,
    0xCA, 0xFF, 0x27, 0x06, 0xB7, 0xCA, 0xFF, 0xBD, 0x64, 0xD1, 0x39, 0xBD, 0x64, 0xD1, 0xB6, 0xC9,
    0x31, 0xB0, 0xC9, 0x39, 0xB7, 0xC9, 0x31, 0xB6, 0xC9, 0x31, 0x81, 0x85, 0x2B, 0x01, 0x39, 0x81,
    0x80, 0x2A, 0x01, 0x39, 0xB6, 0xC9, 0x31, 0xBB, 0xC9, 0x39, 0xB7, 0xC9, 0x31, 0x39, 0xBD, 0x64,
    0xD1, 0xB6, 0xC9, 0x31, 0xBB, 0xC9, 0x39, 0xB7, 0xC9, 0x31, 0xB6, 0xC9, 0x31, 0x81, 0x7A, 0x2A,
    0x01, 0x39, 0x81, 0x7F, 0x2B, 0x01, 0x39, 0xB6, 0xC9, 0x31, 0xB0, 0xC9, 0x39, 0xB7, 0xC9, 0x31,
    0x39, 0x7C, 0xC9, 0x45, 0xB6, 0xC9, 0x45, 0x81, 0x04, 0x26, 0x05, 0x86, 0x00, 0xB7, 0xC9, 0x45,
    0x39, 0xBD, 0xF2, 0xA9, 0x8E, 0xCA, 0xF0, 0xA6, 0x02, 0x81, 0x00, 0x26, 0x08, 0x30, 0x03, 0x8C,
    0xCA, 0xFC, 0x26, 0xF3, 0x39, 0x34, 0x10, 0xEC, 0x84, 0xFD, 0xC9, 0x4B, 0x8E, 0xC9, 0x4B, 0xBD,
    0xF3, 0x0C, 0x35, 0x10, 0xE6, 0x02, 0x34, 0x10, 0x8E, 0x65, 0xDB, 0xBD, 0xF4, 0x0E, 0xBD, 0xF3,
    0x54, 0x35, 0x10, 0xA6, 0x02, 0x8B, 0x0C, 0xA7, 0x02, 0xA6, 0x02, 0x81, 0x7F, 0x2B, 0x04, 0x86,
    0x00, 0xA7, 0x02, 0x20, 0xC8, 0x34, 0x10, 0x8E, 0xCA, 0xF0, 0xA6, 0x02, 0x81, 0x00, 0x27, 0x0A,
    0x30, 0x03, 0x8C, 0xCA, 0xFC, 0x26, 0xF3, 0x35, 0x10, 0x39, 0xFC, 0xC9, 0x36, 0x8B, 0x14, 0xED,
    0x84, 0x86, 0x02, 0xA7, 0x02, 0x35, 0x10, 0x39, 0x86, 0xFF, 0xB7, 0xC8, 0x23, 0x86, 0x00, 0xB7,
    0xC8, 0x1A, 0xBD, 0xF1, 0xF8, 0x39, 0xBD, 0xF1, 0xAF, 0x8E, 0xC8, 0x1F, 0x86, 0x01, 0xA7, 0x80,
    0x86, 0x03, 0xA7, 0x80, 0x4F, 0xA7, 0x80, 0xA7, 0x80, 0x39, 0x86, 0x50, 0xBD, 0xF2, 0xAB, 0xCC,
    0x7F, 0x4A, 0xBD, 0xF2, 0xFC, 0xCE, 0xC8, 0xA0, 0xCC, 0xFD, 0x48, 0xFD, 0xC8, 0x2A, 0xBD, 0xF4,
    0x95, 0xBD, 0xF3, 0x54, 0xBE, 0xC9, 0x48, 0x86, 0x1A, 0xF6, 0xC9, 0x40, 0xBD, 0xF3, 0x93, 0xBD,
    0xF3, 0x54, 0x39, 0x00, 0x00, 0xF4, 0xFF, 0x00, 0x18, 0xFF, 0xFA, 0x00, 0xFF, 0x00, 0xE8, 0xFF,
    0x05, 0x00, 0x01, 0xFF, 0x3C, 0x1E, 0xFF, 0xE2, 0x0F, 0xFF, 0xC4, 0x00, 0xFF, 0xE2, 0xF1, 0xFF,
    0x00, 0xC4, 0xFF, 0x1E, 0xF1, 0xFF, 0x3C, 0x00, 0xFF, 0x1E, 0x0F, 0xFF, 0xC4, 0x1E, 0x01, 0x00,
    0x14, 0x28, 0xFF, 0x14, 0xEC, 0xFF, 0x00, 0xD8, 0xFF, 0xEC, 0xEC, 0xFF, 0xD8, 0x00, 0xFF, 0xEC,
    0x14, 0xFF, 0x00, 0x28, 0xFF, 0x14, 0x14, 0xFF, 0x28, 0x00, 0x01, 0x00, 0x06, 0xFA, 0xFF, 0x00,
    0x00, 0x00, 0xFE, 0x0C, 0xFF, 0x00, 0x00, 0x00, 0xFA, 0x02, 0xFF, 0x00, 0x00, 0x00, 0x00, 0xF6,
    0xFF, 0x00, 0x00, 0x00, 0xFE, 0xFC, 0xFF, 0x00, 0x00, 0x01, 0xFF, 0x06, 0x04, 0xFF, 0x02, 0x08,
    0xFF, 0x06, 0xFA, 0xFF, 0x06, 0xFE, 0xFF, 0xFA, 0xFC, 0xFF, 0x06, 0xFC, 0xFF, 0xFA, 0xFE, 0xFF,
    0xFA, 0xFA, 0xFF, 0xFC, 0x08, 0xFF, 0xF9, 0x05, 0x01, 0x00, 0x04, 0x00, 0xFF, 0x04, 0x04, 0xFF,
    0x00, 0x02, 0x00, 0x00, 0xFE, 0xFF, 0x02, 0x00, 0x00, 0xFA, 0xFC, 0xFF, 0x04, 0xFC, 0xFF, 0x00,
    0xFE, 0x00, 0x00, 0x02, 0xFF, 0x02, 0x00, 0x00, 0x02, 0x02, 0xFF, 0x00, 0x00, 0x00, 0x00, 0x04,
    0xFF, 0x00, 0x00, 0x01, 0x00, 0x06, 0xFC, 0xFF, 0xFC, 0xFE, 0xFF, 0xFC, 0x02, 0xFF, 0xFC, 0xFC,
    0xFF, 0x00, 0x08, 0xFF, 0x04, 0xFC, 0x00, 0x00, 0x08, 0xFF, 0xFC, 0xFC, 0xFF, 0x00, 0x08, 0xFF,
    0x04, 0xFC, 0xFF, 0x04, 0x02, 0xFF, 0x06, 0xFE, 0x01, 0x00, 0x06, 0xFC, 0xFF, 0xFC, 0xFC, 0xFF,
    0xFA, 0x02, 0xFF, 0xFC, 0xFC, 0xFF, 0x00, 0x08, 0xFF, 0x04, 0xFC, 0x00, 0x00, 0x0C, 0xFF, 0xFC,
    0xFC, 0xFF, 0x00, 0x08, 0xFF, 0x04, 0xFC, 0xFF, 0x06, 0x02, 0xFF, 0x04, 0xFC, 0x01, 0x00, 0x06,
    0xFC, 0xFF, 0xFC, 0xFA, 0xFF, 0xFA, 0x00, 0xFF, 0xFC, 0xFC, 0xFF, 0x00, 0x08, 0xFF, 0x04, 0xFC,
    0x00, 0x00, 0x14, 0xFF, 0xFC, 0xFC, 0xFF, 0x00, 0x08, 0xFF, 0x04, 0xFC, 0xFF, 0x06, 0x00, 0xFF,
    0x04, 0xFA, 0x01, 0x00, 0x06, 0xFC, 0xFF, 0xFC, 0xFA, 0xFF, 0x02, 0xFA, 0xFF, 0x00, 0xFC, 0xFF,
    0x04, 0x04, 0xFF, 0xFC, 0x00, 0x00, 0x02, 0x14, 0xFF, 0xFC, 0x06, 0xFF, 0x02, 0x06, 0xFF, 0x04,
    0x00, 0xFF, 0xFC, 0x04, 0xFF, 0x00, 0xFC, 0x01, 0xFF, 0x00, 0xFC, 0xFF, 0x14, 0xFC, 0xFF, 0x04,
    0x04, 0xFF, 0x00, 0x08, 0xFF, 0xFC, 0x04, 0xFF, 0xEC, 0xFC, 0xFF, 0x00, 0xFC, 0x01, 0x00, 0x0A,
    0xFE, 0xFF, 0xFC, 0x00, 0xFF, 0x04, 0xFE, 0xFF, 0x00, 0x08, 0xFF, 0xFC, 0xFE, 0xFF, 0x04, 0x00,
    0x00, 0x08, 0x00, 0xFF, 0x00, 0x00, 0x00, 0x00, 0xFC, 0xFF, 0x00, 0x00, 0x00, 0x04, 0xFE, 0xFF,
    0xFC, 0x04, 0xFF, 0x04, 0x04, 0x01, 0x00, 0x04, 0xF4, 0xFF, 0xFC, 0x00, 0xFF, 0x02, 0xFE, 0xFF,
    0x02, 0x02, 0xFF, 0x06, 0x02, 0xFF, 0x02, 0x04, 0x00, 0x00, 0x0C, 0xFF, 0xFE, 0x04, 0xFF, 0xFA,
    0x04, 0xFF, 0xFC, 0x00, 0xFF, 0x02, 0x02, 0xFF, 0x02, 0xFE, 0x01, 0x00, 0x06, 0xFC, 0xFF, 0xF4,
    0xFC, 0xFF, 0x00, 0x10, 0xFF, 0x0C, 0xFC, 0x00, 0xF8, 0x02, 0xFF, 0x00, 0xF4, 0x01, 0x00, 0xFA,
    0xFE, 0xFF, 0xFA, 0x00, 0xFF, 0x00, 0xFC, 0xFF, 0x04, 0x04, 0x00, 0x02, 0x04, 0xFF, 0xFA, 0x00,
    0xFF, 0x00, 0x04, 0xFF, 0x04, 0xFC, 0x01, 0x00, 0x14, 0xFE, 0xFF, 0x00, 0xFC, 0xFF, 0x02, 0x00,
    0xFF, 0xFE, 0x02, 0xFF, 0x02, 0x02, 0xFF, 0xFE, 0x00, 0x00, 0xF8, 0x00, 0xFF, 0x00, 0xFE, 0x00,
    0x00, 0x02, 0xFF, 0x02, 0x00, 0x00, 0xFE, 0x00, 0xFF, 0x02, 0xFE, 0x01, 0x00, 0x0D, 0x02, 0xFF,
    0x00, 0x02, 0xFF, 0x00, 0xFE, 0xFF, 0x02, 0x00, 0xFF, 0xFE, 0x00, 0xFF, 0x02, 0x02, 0x01, 0x00,
    0x08, 0x00, 0xFF, 0xFC, 0xF6, 0xFF, 0xF6, 0x00, 0xFF, 0xFC, 0x06, 0xFF, 0x00, 0x08, 0xFF, 0x04,
    0x06, 0xFF, 0x0A, 0x00, 0xFF, 0x04, 0xF6, 0xFF, 0x04, 0xFC, 0xFF, 0x00, 0x08, 0xFF, 0xFC, 0xFC,
    0x01, 0x00, 0x00, 0x01, 0x00, 0x02, 0x00, 0x03, 0x00, 0x04, 0x00, 0x05, 0x00, 0x07, 0x1C, 0x08,
    0x0F, 0x09, 0x0F, 0x0A, 0x10, 0x0B, 0x10, 0x0C, 0x10, 0x0D, 0x00, 0x0E, 0x20, 0xFF, 0x00, 0x00,
    0x01, 0x00, 0x02, 0x00, 0x03, 0x00, 0x04, 0x00, 0x05, 0x00, 0x06, 0x7F, 0x07, 0x1C, 0x08, 0x0F,
    0x09, 0x0F, 0x0A, 0x10, 0x0B, 0x10, 0x0C, 0x10, 0x0D, 0x00, 0x0E, 0x20, 0xFF, 0x06, 0x10, 0x07,
    0x1C, 0x08, 0x0F, 0x09, 0x0F, 0x0A, 0x10, 0x0B, 0x10, 0x0C, 0x10, 0x0D, 0x00, 0x0E, 0x20, 0xFF,
    0xFE, 0x28, 0xFE, 0xB6, 0x1D, 0x08, 0x1F, 0x04, 0x1D, 0x08, 0x1C, 0x04, 0x1D, 0x0E, 0x05, 0x08,
    0x07, 0x04, 0x05, 0x08, 0x04, 0x04, 0x05, 0x0C, 0x1D, 0x0C, 0x1A, 0x0C, 0x25, 0x02, 0x2D, 0x02,
    0x25, 0x02, 0x2D, 0x02, 0x25, 0x02, 0x2D, 0x02, 0x25, 0x02, 0x2D, 0x32, 0x2D, 0x80, 0xCC, 0x30,
    0x75, 0xFD, 0xC8, 0x3D, 0xBD, 0xF1, 0xAA, 0xFD, 0xD0, 0x08, 0xBD, 0xF2, 0x72, 0x39, 0x4F, 0xBD,
    0xF1, 0xB4, 0x39, 0x8E, 0xC8, 0x1F, 0x86, 0x01, 0xA7, 0x80, 0x86, 0x00, 0xA7, 0x80, 0x4F, 0xA7,
    0x80, 0xA7, 0x80, 0x39, 0x4C, 0x41, 0x53, 0x54, 0x20, 0x47, 0x41, 0x4D, 0x45, 0x20, 0x3A, 0x80,
    0x12, 0x12, 0x12, 0x12, 0x8E, 0xC8, 0x80, 0xBD, 0xF5, 0x45, 0x8E, 0xC8, 0x80, 0xBD, 0xF8, 0x4F,
    0x8E, 0xC8, 0x90, 0xBD, 0xF8, 0x4F, 0x8E, 0xC8, 0xA0, 0xBD, 0xF8, 0x4F, 0x8E, 0xC8, 0xE0, 0xBD,
    0xF8, 0x4F, 0x8E, 0xC8, 0xB0, 0xBD, 0xF8, 0x4F, 0x8E, 0xC8, 0xC0, 0xBD, 0xF8, 0x4F, 0x8E, 0xC8,
    0xD0, 0xBD, 0xF8, 0x4F, 0x8E, 0xCB, 0xEB, 0xBD, 0xF8, 0x4F, 0xBD, 0x6D, 0xBC, 0xCC, 0xFC, 0x47,
    0xFD, 0xC8, 0x2A, 0x8E, 0xCA, 0x15, 0x34, 0x10, 0xBD, 0xF5, 0x11, 0x35, 0x10, 0xA7, 0x84, 0xBD,
    0xF5, 0x84, 0x44, 0x44, 0xA7, 0x01, 0x30, 0x02, 0x8C, 0xCA, 0x3D, 0x26, 0xE9, 0x86, 0x00, 0xB7,
    0xCA, 0x13, 0xB7, 0xCA, 0x42, 0xB7, 0xCA, 0x43, 0xB7, 0xC9, 0x02, 0x86, 0x01, 0xB7, 0xC8, 0xFF,
    0x86, 0x01, 0xB7, 0xC9, 0x0B, 0xBD, 0xF2, 0x72, 0x86, 0x00, 0xB7, 0xC9, 0x00, 0xB7, 0xC8, 0xFF,
    0xBD, 0xF1, 0x92, 0xBD, 0x68, 0xFE, 0xBD, 0x6C, 0xA2, 0xBD, 0x6B, 0x62, 0x20, 0xF2, 0xB6, 0xC9,
    0x01, 0x81, 0x00, 0x26, 0x03, 0x7C, 0xC9, 0x01, 0xB6, 0xC9, 0x02, 0x81, 0x00, 0x26, 0x03, 0x7C,
    0xC9, 0x02, 0x86, 0x50, 0xBD, 0xF2, 0xAB, 0x8E, 0xC9, 0x01, 0xBD, 0xF3, 0x0C, 0x8E, 0x6D, 0xF9,
    0xC6, 0x40, 0xBD, 0xF4, 0x0E, 0xBD, 0xF3, 0x54, 0xB6, 0xC9, 0x13, 0x81, 0x00, 0x27, 0x62, 0x81,
    0x50, 0x2B, 0x02, 0x86, 0x7F, 0xBD, 0xF2, 0xAB, 0xCC, 0x84, 0x80, 0xFD, 0xC9, 0x10, 0x8E, 0xC9,
    0x10, 0xBD, 0xF3, 0x0C, 0x86, 0x00, 0xB7, 0xC8, 0x23, 0x86, 0xFF, 0x97, 0x04, 0xFC, 0xC9, 0x01,
    0x8B, 0x7F, 0xCB, 0x83, 0x44, 0x54, 0xBD, 0xF3, 0xDF, 0xBD, 0xF3, 0x54, 0xCC, 0x80, 0x84, 0xFD,
    0xC9, 0x10, 0x8E, 0xC9, 0x10, 0xBD, 0xF3, 0x0C, 0x86, 0x00, 0xB7, 0xC8, 0x23, 0x86, 0xFF, 0x97,
    0x04, 0xFC, 0xC9, 0x01, 0x8B, 0x83, 0xCB, 0x7F, 0x44, 0x54, 0xBD, 0xF3, 0xDF, 0xBD, 0xF3, 0x54,
    0xB6, 0xC9, 0x13, 0x80, 0x08, 0xB7, 0xC9, 0x13, 0x81, 0x10, 0x2A, 0x05, 0x86, 0x00, 0xB7, 0xC9,
    0x13, 0xB6, 0xC9, 0x15, 0x81, 0x00, 0x26, 0x03, 0x7E, 0x6A, 0x1B, 0x81, 0x50, 0x2B, 0x02, 0x86,
    0x7F, 0xBD, 0xF2, 0xAB, 0xCC, 0x84, 0x7F, 0xFD, 0xC9, 0x10, 0x8E, 0xC9, 0x10, 0xBD, 0xF3, 0x0C,
    0x86, 0x00, 0xB7, 0xC8, 0x23, 0x86, 0xFF, 0x97, 0x04, 0xFC, 0xC9, 0x01, 0x8B, 0x7F, 0x50, 0x44,
    0x34, 0x02, 0x54, 0x50, 0xB6, 0xC9, 0x02, 0x2A, 0x04, 0xC0, 0x42, 0x20, 0x02, 0xCB, 0x3E, 0x35,
    0x02, 0xBD, 0xF3, 0xDF, 0xBD, 0xF3, 0x54, 0xCC, 0x80, 0x7C, 0xFD, 0xC9, 0x10, 0x8E, 0xC9, 0x10,
    0xBD, 0xF3, 0x0C, 0x86, 0x00, 0xB7, 0xC8, 0x23, 0x86, 0xFF, 0x97, 0x04, 0xFC, 0xC9, 0x01, 0x8B,
    0x83, 0x50, 0x44, 0x34, 0x02, 0x54, 0x50, 0xB6, 0xC9, 0x02, 0x2A, 0x04, 0xC0, 0x40, 0x20, 0x02,
    0xCB, 0x40, 0x35, 0x02, 0xBD, 0xF3, 0xDF, 0xBD, 0xF3, 0x54, 0xB6, 0xC9, 0x15, 0x80, 0x08, 0xB7,
    0xC9, 0x15, 0x81, 0x10, 0x2A, 0x05, 0x86, 0x00, 0xB7, 0xC9, 0x15, 0xB6, 0xC9, 0x17, 0x81, 0x00,
    0x26, 0x03, 0x7E, 0x6A, 0xAF, 0x81, 0x50, 0x2B, 0x02, 0x86, 0x7F, 0xBD, 0xF2, 0xAB, 0xCC, 0x7F,
    0x84, 0xFD, 0xC9, 0x10, 0x8E, 0xC9, 0x10, 0xBD, 0xF3, 0x0C, 0x86, 0x00, 0xB7, 0xC8, 0x23, 0x86,
    0xFF, 0x97, 0x04, 0xF6, 0xC9, 0x02, 0xCB, 0x7C, 0x54, 0x34, 0x04, 0xB6, 0xC9, 0x01, 0x40, 0x44,
    0xF6, 0xC9, 0x01, 0xC1, 0x00, 0x2B, 0x04, 0x80, 0x40, 0x20, 0x02, 0x8B, 0x40, 0x40, 0x35, 0x04,
    0xBD, 0xF3, 0xDF, 0xBD, 0xF3, 0x54, 0xCC, 0x7C, 0x80, 0xFD, 0xC9, 0x10, 0x8E, 0xC9, 0x10, 0xBD,
    0xF3, 0x0C, 0x86, 0x00, 0xB7, 0xC8, 0x23, 0x86, 0xFF, 0x97, 0x04, 0xF6, 0xC9, 0x02, 0xCB, 0x7F,
    0x54, 0x34, 0x04, 0xB6, 0xC9, 0x01, 0x40, 0x44, 0xF6, 0xC9, 0x01, 0xC1, 0x00, 0x2B, 0x04, 0x80,
    0x42, 0x20, 0x02, 0x8B, 0x3E, 0x40, 0x35, 0x04, 0xBD, 0xF3, 0xDF, 0xBD, 0xF3, 0x54, 0xB6, 0xC9,
    0x17, 0x80, 0x08, 0xB7, 0xC9, 0x17, 0x81, 0x10, 0x2A, 0x05, 0x86, 0x00, 0xB7, 0xC9, 0x17, 0xB6,
    0xC9, 0x19, 0x81, 0x00, 0x26, 0x03, 0x7E, 0x6B, 0x61, 0x81, 0x50, 0x2B, 0x02, 0x86, 0x7F, 0xBD,
    0xF2, 0xAB, 0xCC, 0x7F, 0x7C, 0xFD, 0xC9, 0x10, 0x8E, 0xC9, 0x10, 0xBD, 0xF3, 0x0C, 0x86, 0x00,
    0xB7, 0xC8, 0x23, 0x86, 0xFF, 0x97, 0x04, 0xF6, 0xC9, 0x02, 0x54, 0x50, 0xB6, 0xC9, 0x02, 0x81,
    0x00, 0x2B, 0x04, 0xCB, 0x3E, 0x20, 0x02, 0xC0, 0x42, 0x50, 0xF7, 0xC9, 0x10, 0xB6, 0xC9, 0x01,
    0x44, 0x40, 0xF6, 0xC9, 0x01, 0xC1, 0x00, 0x2A, 0x04, 0x80, 0x40, 0x20, 0x02, 0x8B, 0x40, 0x40,
    0xF6, 0xC9, 0x10, 0xBD, 0xF3, 0xDF, 0xBD, 0xF3, 0x54, 0xCC, 0x7C, 0x7F, 0xFD, 0xC9, 0x10, 0x8E,
    0xC9, 0x10, 0xBD, 0xF3, 0x0C, 0x86, 0x00, 0xB7, 0xC8, 0x23, 0x86, 0xFF, 0x97, 0x04, 0xF6, 0xC9,
    0x02, 0x54, 0x50, 0xB6, 0xC9, 0x02, 0x81, 0x00, 0x2B, 0x04, 0xCB, 0x3E, 0x20, 0x02, 0xC0, 0x42,
    0x50, 0xF7, 0xC9, 0x10, 0xB6, 0xC9, 0x01, 0x44, 0x40, 0xF6, 0xC9, 0x01, 0xC1, 0x00, 0x2A, 0x04,
    0x80, 0x42, 0x20, 0x02, 0x8B, 0x3E, 0x40, 0xF6, 0xC9, 0x10, 0xBD, 0xF3, 0xDF, 0xBD, 0xF3, 0x54,
    0xB6, 0xC9, 0x19, 0x80, 0x08, 0xB7, 0xC9, 0x19, 0x81, 0x10, 0x2A, 0x05, 0x86, 0x00, 0xB7, 0xC9,
    0x19, 0x39, 0xBD, 0x6D, 0xCC, 0x7D, 0xC8, 0x15, 0x27, 0x05, 0x7C, 0xC9, 0x00, 0x20, 0x08, 0x7D,
    0xC8, 0x14, 0x27, 0x03, 0x7A, 0xC9, 0x00, 0x7D, 0xC8, 0x12, 0x27, 0x11, 0xB6, 0xC9, 0x07, 0x81,
    0x01, 0x27, 0x11, 0x86, 0x01, 0xB7, 0xC9, 0x07, 0xBD, 0x6E, 0x18, 0x20, 0x07, 0x86, 0x00, 0xB7,
    0xC9, 0x07, 0x20, 0x00, 0xBD, 0x6D, 0xE2, 0xB6, 0xC8, 0x1B, 0x81, 0x00, 0x27, 0x3F, 0x81, 0x00,
    0x2A, 0x1F, 0xBD, 0x6C, 0x1D, 0x7A, 0xC9, 0x02, 0x7A, 0xC9, 0x02, 0x7A, 0xC9, 0x02, 0xB6, 0xC9,
    0x02, 0x81, 0x90, 0x2A, 0x28, 0x81, 0x80, 0x2B, 0x24, 0x86, 0x90, 0xB7, 0xC9, 0x02, 0x20, 0x1D,
    0x12, 0xBD, 0x6C, 0x3D, 0x7C, 0xC9, 0x02, 0x7C, 0xC9, 0x02, 0x7C, 0xC9, 0x02, 0xB6, 0xC9, 0x02,
    0x81, 0x70, 0x2B, 0x09, 0x81, 0x7F, 0x2A, 0x05, 0x86, 0x70, 0xB7, 0xC9, 0x02, 0xB6, 0xC8, 0x1C,
    0x81, 0x00, 0x27, 0x38, 0x81, 0x00, 0x2A, 0x1B, 0x7A, 0xC9, 0x01, 0x7A, 0xC9, 0x01, 0x7A, 0xC9,
    0x01, 0xB6, 0xC9, 0x01, 0x81, 0x90, 0x2A, 0x24, 0x81, 0x80, 0x2B, 0x20, 0x86, 0x90, 0xB7, 0xC9,
    0x01, 0x20, 0x19, 0x7C, 0xC9, 0x01, 0x7C, 0xC9, 0x01, 0x7C, 0xC9, 0x01, 0xB6, 0xC9, 0x01, 0x81,
    0x70, 0x2B, 0x09, 0x81, 0x7F, 0x2A, 0x05, 0x86, 0x70, 0xB7, 0xC9, 0x01, 0x39, 0xB6, 0xC9, 0x02,
    0x81, 0xF0, 0x2B, 0x0A, 0xB6, 0xC9, 0x00, 0x81, 0x00, 0x2A, 0x11, 0xBD, 0x6C, 0x62, 0x81, 0x7F,
    0x2A, 0x30, 0xB6, 0xC9, 0x00, 0x81, 0x00, 0x2A, 0x03, 0xBD, 0x6C, 0x62, 0x39, 0xB6, 0xC9, 0x02,
    0x81, 0x0F, 0x2A, 0x0C, 0xB6, 0xC9, 0x00, 0x81, 0x00, 0x27, 0x15, 0x2B, 0x13, 0xBD, 0x6C, 0x82,
    0x81, 0x80, 0x2B, 0x2E, 0xB6, 0xC9, 0x00, 0x81, 0x00, 0x27, 0x05, 0x2B, 0x03, 0xBD, 0x6C, 0x82,
    0x39, 0x39, 0x7C, 0xC9, 0x1A, 0xB6, 0xC9, 0x1A, 0x81, 0x05, 0x27, 0x01, 0x39, 0x86, 0x00, 0xB7,
    0xC9, 0x1A, 0x7C, 0xC9, 0x00, 0xB6, 0xC9, 0x00, 0x81, 0x06, 0x2B, 0x05, 0x86, 0x05, 0xB7, 0xC9,
    0x00, 0x39, 0x7C, 0xC9, 0x1A, 0xB6, 0xC9, 0x1A, 0x81, 0x05, 0x27, 0x01, 0x39, 0x86, 0x00, 0xB7,
    0xC9, 0x1A, 0x7A, 0xC9, 0x00, 0xB6, 0xC9, 0x00, 0x81, 0xFA, 0x2A, 0x05, 0x86, 0xFA, 0xB7, 0xC9,
    0x00, 0x39, 0x8E, 0xCA, 0x15, 0x34, 0x10, 0xA6, 0x84, 0x81, 0xFF, 0x2A, 0x02, 0x86, 0x7F, 0xBD,
    0xF2, 0xAB, 0xE6, 0x84, 0x34, 0x04, 0xA6, 0x01, 0xBB, 0xC9, 0x00, 0xCE, 0xCA, 0x00, 0x8E, 0x6D,
    0xB0, 0xBD, 0xF6, 0x1F, 0xCC, 0x00, 0x00, 0xFD, 0xCA, 0x11, 0x8E, 0xCA, 0x11, 0xBD, 0xF3, 0x0C,
    0x35, 0x04, 0x8E, 0xCA, 0x00, 0xBD, 0xF4, 0x0E, 0xBD, 0xF2, 0xC5, 0xBD, 0xF3, 0x54, 0x35, 0x10,
    0x6C, 0x84, 0x6C, 0x84, 0xA6, 0x84, 0x81, 0xFF, 0x26, 0x0E, 0x34, 0x10, 0xBD, 0xF5, 0x11, 0x35,
    0x10, 0xBD, 0xF5, 0x84, 0x44, 0x44, 0xA7, 0x01, 0x30, 0x02, 0x8C, 0xCA, 0x40, 0x2B, 0xA6, 0x86,
    0x50, 0xBD, 0xF2, 0xAB, 0xB6, 0xC9, 0x00, 0xCE, 0xCA, 0x00, 0x8E, 0x6D, 0xB4, 0xBD, 0xF6, 0x1F,
    0xCC, 0x00, 0x00, 0xFD, 0xCA, 0x11, 0x8E, 0xCA, 0x11, 0xBD, 0xF3, 0x0C, 0xC6, 0xFF, 0x8E, 0xCA,
    0x00, 0xBD, 0xF4, 0x0E, 0xBD, 0xF3, 0x54, 0xB6, 0xC9, 0x00, 0xCE, 0xCA, 0x00, 0x8E, 0x6D, 0xB8,
    0xBD, 0xF6, 0x1F, 0xCC, 0x00, 0x00, 0xFD, 0xC9, 0x10, 0x8E, 0xC9, 0x10, 0xBD, 0xF3, 0x0C, 0xC6,
    0xFE, 0x8E, 0xCA, 0x00, 0xBD, 0xF4, 0x0E, 0xBD, 0xF3, 0x54, 0x86, 0x40, 0xBD, 0xF2, 0xAB, 0xB6,
    0xC9, 0x00, 0xCE, 0xCA, 0x00, 0x8E, 0x6E, 0x48, 0xBD, 0xF6, 0x1F, 0xFC, 0xCA, 0x01, 0xFD, 0xC9,
    0x1C, 0xCC, 0xF0, 0x00, 0xFD, 0xC9, 0x10, 0x8E, 0xC9, 0x10, 0xBD, 0xF3, 0x0C, 0xF6, 0xC8, 0xFF,
    0x8E, 0xCA, 0x00, 0xBD, 0xF4, 0x0E, 0x30, 0x1D, 0xEC, 0x01, 0x8B, 0x03, 0xC0, 0x0C, 0xFD, 0xC9,
    0x10, 0x8E, 0xC9, 0x10, 0xBD, 0xF3, 0x0C, 0xBD, 0xF2, 0xA9, 0xBD, 0xF3, 0x54, 0x7C, 0xC8, 0xFF,
    0xB6, 0xC8, 0xFF, 0x2A, 0x03, 0x7F, 0xC8, 0xFF, 0xBD, 0xF2, 0xA9, 0xFC, 0xC9, 0x1C, 0xFB, 0xC8,
    0xFF, 0xCB, 0x80, 0xFD, 0xC9, 0x10, 0x8E, 0xC9, 0x10, 0xBD, 0xF3, 0x0C, 0xBD, 0xF3, 0x54, 0x39,
    0x00, 0x00, 0x80, 0x01, 0xFF, 0x00, 0x80, 0x01, 0xFF, 0x00, 0x7F, 0x01, 0xCC, 0x30, 0x75, 0xFD,
    0xC8, 0x3D, 0xBD, 0xF1, 0xAA, 0xFD, 0x00, 0x08, 0xBD, 0xF2, 0x72, 0x39, 0x4F, 0xBD, 0xF1, 0xB4,
    0x39, 0x8E, 0xC8, 0x1F, 0x86, 0x01, 0xA7, 0x80, 0x86, 0x03, 0xA7, 0x80, 0x4F, 0xA7, 0x80, 0xA7,
    0x80, 0x39, 0x86, 0x4F, 0xB7, 0xC8, 0x23, 0xBD, 0xF1, 0xF8, 0x39, 0xFE, 0xE8, 0xFE, 0xB6, 0x14,
    0x0A, 0x1A, 0x0A, 0x1B, 0x0A, 0x1E, 0x0A, 0x00, 0x80, 0x00, 0xFA, 0xF4, 0xFF, 0x06, 0x08, 0xFF,
    0x06, 0xF8, 0x00, 0x00, 0x19, 0xFF, 0xFA, 0xF8, 0xFF, 0xFA, 0x08, 0x00, 0xFE, 0xF5, 0xFF, 0x04,
    0x00, 0x00, 0x08, 0x00, 0xFF, 0x04, 0x00, 0x01, 0xB6, 0xC9, 0x0B, 0x81, 0x01, 0x26, 0x0A, 0x86,
    0x7F, 0xB7, 0xC9, 0x13, 0xB7, 0xC9, 0x19, 0x20, 0x0F, 0xB6, 0xC9, 0x0B, 0x81, 0x02, 0x26, 0x08,
    0x86, 0x7F, 0xB7, 0xC9, 0x15, 0xB7, 0xC9, 0x17, 0x7C, 0xC9, 0x0B, 0xB6, 0xC9, 0x0B, 0x81, 0x03,
    0x26, 0x05, 0x86, 0x01, 0xB7, 0xC9, 0x0B, 0x39, 0x00, 0x00, 0x7F, 0xFF, 0x08, 0xF0, 0xFF, 0x40,
    0x08, 0xFF, 0xFC, 0x08, 0xFF, 0xBC, 0x00, 0xFF, 0x08, 0x10, 0xFF, 0x40, 0xF8, 0xFF, 0xFC, 0xF8,
    0x00, 0x04, 0xF8, 0xFF, 0x08, 0x08, 0xFF, 0xF8, 0x08, 0x01, 0x12, 0x12, 0x12, 0x12, 0xBD, 0x77,
    0x27, 0xCC, 0x00, 0x00, 0xFD, 0xC8, 0x80, 0x8E, 0xC8, 0x80, 0xBD, 0xF8, 0x4F, 0x8E, 0xC8, 0x80,
    0xBD, 0xF5, 0x45, 0x8E, 0xC8, 0x80, 0xBD, 0xF8, 0x4F, 0x8E, 0xC8, 0x90, 0xBD, 0xF8, 0x4F, 0x8E,
    0xC8, 0xA0, 0xBD, 0xF8, 0x4F, 0x8E, 0xC8, 0xE0, 0xBD, 0xF8, 0x4F, 0x8E, 0xC8, 0xB0, 0xBD, 0xF8,
    0x4F, 0x8E, 0xC8, 0xC0, 0xBD, 0xF8, 0x4F, 0x8E, 0xC8, 0xD0, 0xBD, 0xF8, 0x4F, 0xBD, 0x75, 0x49,
    0xCC, 0xFC, 0x47, 0xFD, 0xC8, 0x2A, 0x86, 0x36, 0xB7, 0xC9, 0x2A, 0x8E, 0xCA, 0x15, 0x34, 0x10,
    0xBD, 0xF5, 0x11, 0x35, 0x10, 0xA7, 0x84, 0xBD, 0xF5, 0x84, 0x44, 0x44, 0xA7, 0x01, 0x30, 0x02,
    0x8C, 0xCA, 0x29, 0x26, 0xE9, 0x86, 0x00, 0xB7, 0xCA, 0x13, 0xB7, 0xCA, 0x42, 0xB7, 0xCA, 0x43,
    0xB7, 0xC9, 0x02, 0x86, 0x01, 0xB7, 0xC8, 0xFF, 0x86, 0x01, 0xB7, 0xC9, 0x0B, 0xBD, 0xF2, 0x72,
    0x86, 0x00, 0xB7, 0xC9, 0x00, 0xB7, 0xC8, 0xFF, 0x86, 0xFF, 0xB7, 0xC9, 0x1F, 0x86, 0x50, 0xB7,
    0xC9, 0x23, 0xBD, 0x76, 0x3B, 0xBD, 0x78, 0xED, 0x86, 0xFF, 0xB7, 0xC9, 0x2C, 0x86, 0x00, 0xB7,
    0xC9, 0x31, 0xBD, 0xF1, 0x92, 0xBD, 0x7A, 0x7F, 0xBD, 0x78, 0x88, 0xB6, 0xC9, 0x31, 0x81, 0x00,
    0x26, 0x09, 0xBD, 0x71, 0x8C, 0xBD, 0x73, 0xF0, 0xBD, 0x78, 0x2D, 0xBD, 0x6F, 0x9B, 0xBD, 0x70,
    0x07, 0xBD, 0x77, 0x78, 0xBD, 0x6F, 0x3C, 0xBD, 0x79, 0x6D, 0x20, 0xD6, 0x7A, 0xC9, 0x1F, 0xB6,
    0xC9, 0x1F, 0x81, 0x00, 0x26, 0x08, 0x86, 0x40, 0xB7, 0xC9, 0x1F, 0xBD, 0x76, 0x97, 0x7A, 0xC9,
    0x23, 0xB6, 0xC9, 0x23, 0x81, 0x00, 0x26, 0x08, 0x86, 0x50, 0xB7, 0xC9, 0x23, 0xBD, 0x77, 0x36,
    0xB6, 0xC9, 0x28, 0x81, 0x00, 0x27, 0x03, 0x7A, 0xC9, 0x28, 0x7A, 0xC9, 0x2C, 0xB6, 0xC9, 0x2C,
    0x81, 0x00, 0x26, 0x0B, 0x86, 0xFF, 0xB7, 0xC9, 0x2C, 0xB6, 0xC9, 0x2E, 0xB7, 0xC9, 0x2B, 0xBD,
    0x6F, 0x8B, 0xBD, 0xF5, 0x11, 0x2B, 0x03, 0xBD, 0x6F, 0x8B, 0x39, 0x7C, 0xC9, 0x2E, 0xB6, 0xC9,
    0x2E, 0x81, 0x10, 0x26, 0x05, 0x86, 0x00, 0xB7, 0xC9, 0x2E, 0x39, 0x86, 0x40, 0xBD, 0xF2, 0xAB,
    0x8E, 0xC9, 0x80, 0x34, 0x10, 0xBD, 0xF3, 0x0C, 0xBD, 0xF2, 0xC5, 0xBD, 0xF3, 0x54, 0x35, 0x10,
    0xB6, 0xC9, 0x2B, 0x10, 0x8E, 0x76, 0x73, 0xA6, 0xA6, 0x10, 0x8E, 0x76, 0x85, 0xE6, 0xA5, 0xAB,
    0x84, 0xA7, 0x84, 0xEB, 0x01, 0xE7, 0x01, 0xA6, 0x84, 0x81, 0x7F, 0x27, 0x16, 0x81, 0x7E, 0x27,
    0x12, 0x81, 0x7D, 0x27, 0x0E, 0x81, 0x80, 0x27, 0x0A, 0x81, 0x81, 0x27, 0x06, 0x81, 0x82, 0x27,
    0x02, 0x20, 0x00, 0xA6, 0x01, 0x81, 0x7F, 0x27, 0x16, 0x81, 0x7E, 0x27, 0x12, 0x81, 0x7D, 0x27,
    0x0E, 0x81, 0x80, 0x27, 0x0A, 0x81, 0x81, 0x27, 0x06, 0x81, 0x82, 0x27, 0x02, 0x20, 0x00, 0x30,
    0x04, 0x8C, 0xC9, 0xA4, 0x2B, 0x9D, 0x39, 0x8E, 0xCA, 0x80, 0xA6, 0x08, 0x81, 0x00, 0x27, 0x03,
    0xBD, 0x70, 0x1B, 0x30, 0x0A, 0x8C, 0xCA, 0xBC, 0x2B, 0xF0, 0x39, 0xBD, 0x71, 0x1D, 0xA6, 0x08,
    0x81, 0x00, 0x26, 0x01, 0x39, 0xE6, 0x02, 0xF7, 0xC9, 0x10, 0x34, 0x10, 0xA6, 0x03, 0xCE, 0xCA,
    0x00, 0x8E, 0x75, 0xFA, 0xBD, 0xF6, 0x1F, 0xBD, 0xF2, 0xA9, 0x35, 0x10, 0x34, 0x10, 0xBD, 0xF3,
    0x0C, 0x8E, 0xCA, 0x00, 0xF6, 0xC9, 0x10, 0xBD, 0xF4, 0x0E, 0xBD, 0xF3, 0x54, 0x35, 0x10, 0xA6,
    0x08, 0x81, 0xFF, 0x26, 0x03, 0x7E, 0x70, 0xFB, 0xA6, 0x08, 0x81, 0x03, 0x27, 0x5A, 0xA6, 0x04,
    0x10, 0x8E, 0x76, 0x73, 0xA6, 0xA6, 0xE6, 0x04, 0x10, 0x8E, 0x76, 0x85, 0xE6, 0xA5, 0xAB, 0x84,
    0xA7, 0x84, 0xEB, 0x01, 0xE7, 0x01, 0xA6, 0x08, 0x81, 0x03, 0x27, 0x3C, 0x81, 0x02, 0x27, 0x1C,
    0x6A, 0x03, 0x6A, 0x05, 0xA6, 0x05, 0x81, 0x00, 0x26, 0x2E, 0xA6, 0x09, 0xA7, 0x05, 0x6A, 0x04,
    0xA6, 0x04, 0x81, 0xFF, 0x26, 0x22, 0x86, 0x0F, 0xA7, 0x04, 0x20, 0x1C, 0x6C, 0x03, 0x6A, 0x05,
    0xA6, 0x05, 0x81, 0x00, 0x26, 0x12, 0xA6, 0x09, 0xA7, 0x05, 0x6C, 0x04, 0xA6, 0x04, 0x81, 0x10,
    0x26, 0x06, 0x86, 0x00, 0xA7, 0x04, 0x20, 0x00, 0x6A, 0x06, 0xA6, 0x06, 0x81, 0x00, 0x26, 0x13,
    0xA6, 0x07, 0xA7, 0x06, 0x6C, 0x02, 0xA6, 0x02, 0x2A, 0x09, 0x86, 0xFF, 0xA7, 0x08, 0xBD, 0x79,
    0x22, 0x20, 0x26, 0xA6, 0x84, 0x81, 0x79, 0x2A, 0x02, 0x20, 0x0B, 0x81, 0x86, 0x2B, 0x02, 0x20,
    0x05, 0xBD, 0x71, 0x0F, 0x20, 0x14, 0xA6, 0x01, 0x81, 0x79, 0x2A, 0x02, 0x20, 0x0B, 0x81, 0x86,
    0x2B, 0x02, 0x20, 0x05, 0xBD, 0x71, 0x0F, 0x20, 0x01, 0x39, 0x39, 0x6C, 0x03, 0x6C, 0x03, 0x6C,
    0x03, 0x6A, 0x02, 0x6A, 0x02, 0xA6, 0x02, 0x81, 0x03, 0x2A, 0x03, 0xBD, 0x71, 0x0F, 0x39, 0xCC,
    0x00, 0x00, 0xED, 0x84, 0xED, 0x02, 0xED, 0x04, 0xED, 0x06, 0xED, 0x08, 0x39, 0xB6, 0xC9, 0x28,
    0x81, 0x00, 0x27, 0x67, 0x34, 0x10, 0xEC, 0x84, 0xFD, 0xC9, 0x10, 0xBE, 0xC9, 0x10, 0x10, 0xBE,
    0xC9, 0x01, 0xCC, 0x08, 0x08, 0xBD, 0xF8, 0xFF, 0x35, 0x10, 0x25, 0x01, 0x39, 0x86, 0x00, 0xA7,
    0x08, 0xEC, 0x84, 0xFD, 0xCB, 0x00, 0xC0, 0x08, 0xFD, 0xCB, 0x07, 0xCB, 0x10, 0xFD, 0xCB, 0x0E,
    0x34, 0x10, 0xBD, 0xF5, 0x11, 0x35, 0x10, 0x81, 0x00, 0x2A, 0x08, 0xCC, 0x01, 0xFE, 0xFD, 0xCB,
    0x02, 0x20, 0x06, 0xCC, 0xFE, 0x01, 0xFD, 0xCB, 0x02, 0xCC, 0xFF, 0x01, 0xFD, 0xCB, 0x09, 0xCC,
    0x02, 0x01, 0xFD, 0xCB, 0x10, 0x86, 0x7F, 0xB7, 0xCB, 0x06, 0xB7, 0xCB, 0x0D, 0xB7, 0xCB, 0x14,
    0xA6, 0x02, 0xB7, 0xCB, 0x04, 0xB7, 0xCB, 0x0B, 0xB7, 0xCB, 0x12, 0x39, 0xB6, 0xC9, 0x01, 0x81,
    0x00, 0x26, 0x03, 0x7C, 0xC9, 0x01, 0xB6, 0xC9, 0x02, 0x81, 0x00, 0x26, 0x03, 0x7C, 0xC9, 0x02,
    0x86, 0x50, 0xBD, 0xF2, 0xAB, 0x8E, 0xC9, 0x01, 0xBD, 0xF3, 0x0C, 0x8E, 0x75, 0x78, 0xC6, 0x40,
    0xBD, 0xF4, 0x0E, 0xBD, 0xF3, 0x54, 0xB6, 0xC9, 0x13, 0x81, 0x00, 0x27, 0x62, 0x81, 0x50, 0x2B,
    0x02, 0x86, 0x7F, 0xBD, 0xF2, 0xAB, 0xCC, 0x84, 0x80, 0xFD, 0xC9, 0x10, 0x8E, 0xC9, 0x10, 0xBD,
    0xF3, 0x0C, 0x86, 0x00, 0xB7, 0xC8, 0x23, 0x86, 0xFF, 0x97, 0x04, 0xFC, 0xC9, 0x01, 0x8B, 0x7F,
    0xCB, 0x83, 0x44, 0x54, 0xBD, 0xF3, 0xDF, 0xBD, 0xF3, 0x54, 0xCC, 0x80, 0x84, 0xFD, 0xC9, 0x10,
    0x8E, 0xC9, 0x10, 0xBD, 0xF3, 0x0C, 0x86, 0x00, 0xB7, 0xC8, 0x23, 0x86, 0xFF, 0x97, 0x04, 0xFC,
    0xC9, 0x01, 0x8B, 0x83, 0xCB, 0x7F, 0x44, 0x54, 0xBD, 0xF3, 0xDF, 0xBD, 0xF3, 0x54, 0xB6, 0xC9,
    0x13, 0x80, 0x08, 0xB7, 0xC9, 0x13, 0x81, 0x10, 0x2A, 0x05, 0x86, 0x00, 0xB7, 0xC9, 0x13, 0xB6,
    0xC9, 0x15, 0x81, 0x00, 0x26, 0x03, 0x7E, 0x72, 0xA9, 0x81, 0x50, 0x2B, 0x02, 0x86, 0x7F, 0xBD,
    0xF2, 0xAB, 0xCC, 0x84, 0x7F, 0xFD, 0xC9, 0x10, 0x8E, 0xC9, 0x10, 0xBD, 0xF3, 0x0C, 0x86, 0x00,
    0xB7, 0xC8, 0x23, 0x86, 0xFF, 0x97, 0x04, 0xFC, 0xC9, 0x01, 0x8B, 0x7F, 0x50, 0x44, 0x34, 0x02,
    0x54, 0x50, 0xB6, 0xC9, 0x02, 0x2A, 0x04, 0xC0, 0x42, 0x20, 0x02, 0xCB, 0x3E, 0x35, 0x02, 0xBD,
    0xF3, 0xDF, 0xBD, 0xF3, 0x54, 0xCC, 0x80, 0x7C, 0xFD, 0xC9, 0x10, 0x8E, 0xC9, 0x10, 0xBD, 0xF3,
    0x0C, 0x86, 0x00, 0xB7, 0xC8, 0x23, 0x86, 0xFF, 0x97, 0x04, 0xFC, 0xC9, 0x01, 0x8B, 0x83, 0x50,
    0x44, 0x34, 0x02, 0x54, 0x50, 0xB6, 0xC9, 0x02, 0x2A, 0x04, 0xC0, 0x40, 0x20, 0x02, 0xCB, 0x40,
    0x35, 0x02, 0xBD, 0xF3, 0xDF, 0xBD, 0xF3, 0x54, 0xB6, 0xC9, 0x15, 0x80, 0x08, 0xB7, 0xC9, 0x15,
    0x81, 0x10, 0x2A, 0x05, 0x86, 0x00, 0xB7, 0xC9, 0x15, 0xB6, 0xC9, 0x17, 0x81, 0x00, 0x26, 0x03,
    0x7E, 0x73, 0x3D, 0x81, 0x50, 0x2B, 0x02, 0x86, 0x7F, 0xBD, 0xF2, 0xAB, 0xCC, 0x7F, 0x84, 0xFD,
    0xC9, 0x10, 0x8E, 0xC9, 0x10, 0xBD, 0xF3, 0x0C, 0x86, 0x00, 0xB7, 0xC8, 0x23, 0x86, 0xFF, 0x97,
    0x04, 0xF6, 0xC9, 0x02, 0xCB, 0x7C, 0x54, 0x34, 0x04, 0xB6, 0xC9, 0x01, 0x40, 0x44, 0xF6, 0xC9,
    0x01, 0xC1, 0x00, 0x2B, 0x04, 0x80, 0x40, 0x20, 0x02, 0x8B, 0x40, 0x40, 0x35, 0x04, 0xBD, 0xF3,
    0xDF, 0xBD, 0xF3, 0x54, 0xCC, 0x7C, 0x80, 0xFD, 0xC9, 0x10, 0x8E, 0xC9, 0x10, 0xBD, 0xF3, 0x0C,
    0x86, 0x00, 0xB7, 0xC8, 0x23, 0x86, 0xFF, 0x97, 0x04, 0xF6, 0xC9, 0x02, 0xCB, 0x7F, 0x54, 0x34,
    0x04, 0xB6, 0xC9, 0x01, 0x40, 0x44, 0xF6, 0xC9, 0x01, 0xC1, 0x00, 0x2B, 0x04, 0x80, 0x42, 0x20,
    0x02, 0x8B, 0x3E, 0x40, 0x35, 0x04, 0xBD, 0xF3, 0xDF, 0xBD, 0xF3, 0x54, 0xB6, 0xC9, 0x17, 0x80,
    0x08, 0xB7, 0xC9, 0x17, 0x81, 0x10, 0x2A, 0x05, 0x86, 0x00, 0xB7, 0xC9, 0x17, 0xB6, 0xC9, 0x19,
    0x81, 0x00, 0x26, 0x03, 0x7E, 0x73, 0xEF, 0x81, 0x50, 0x2B, 0x02, 0x86, 0x7F, 0xBD, 0xF2, 0xAB,
    0xCC, 0x7F, 0x7C, 0xFD, 0xC9, 0x10, 0x8E, 0xC9, 0x10, 0xBD, 0xF3, 0x0C, 0x86, 0x00, 0xB7, 0xC8,
    0x23, 0x86, 0xFF, 0x97, 0x04, 0xF6, 0xC9, 0x02, 0x54, 0x50, 0xB6, 0xC9, 0x02, 0x81, 0x00, 0x2B,
    0x04, 0xCB, 0x3E, 0x20, 0x02, 0xC0, 0x42, 0x50, 0xF7, 0xC9, 0x10, 0xB6, 0xC9, 0x01, 0x44, 0x40,
    0xF6, 0xC9, 0x01, 0xC1, 0x00, 0x2A, 0x04, 0x80, 0x40, 0x20, 0x02, 0x8B, 0x40, 0x40, 0xF6, 0xC9,
    0x10, 0xBD, 0xF3, 0xDF, 0xBD, 0xF3, 0x54, 0xCC, 0x7C, 0x7F, 0xFD, 0xC9, 0x10, 0x8E, 0xC9, 0x10,
    0xBD, 0xF3, 0x0C, 0x86, 0x00, 0xB7, 0xC8, 0x23, 0x86, 0xFF, 0x97, 0x04, 0xF6, 0xC9, 0x02, 0x54,
    0x50, 0xB6, 0xC9, 0x02, 0x81, 0x00, 0x2B, 0x04, 0xCB, 0x3E, 0x20, 0x02, 0xC0, 0x42, 0x50, 0xF7,
    0xC9, 0x10, 0xB6, 0xC9, 0x01, 0x44, 0x40, 0xF6, 0xC9, 0x01, 0xC1, 0x00, 0x2A, 0x04, 0x80, 0x42,
    0x20, 0x02, 0x8B, 0x3E, 0x40, 0xF6, 0xC9, 0x10, 0xBD, 0xF3, 0xDF, 0xBD, 0xF3, 0x54, 0xB6, 0xC9,
    0x19, 0x80, 0x08, 0xB7, 0xC9, 0x19, 0x81, 0x10, 0x2A, 0x05, 0x86, 0x00, 0xB7, 0xC9, 0x19, 0x39,
    0xBD, 0x75, 0x59, 0x7D, 0xC8, 0x15, 0x27, 0x05, 0x7C, 0xC9, 0x00, 0x20, 0x08, 0x7D, 0xC8, 0x14,
    0x27, 0x03, 0x7A, 0xC9, 0x00, 0x7D, 0xC8, 0x12, 0x27, 0x11, 0xB6, 0xC9, 0x07, 0x81, 0x01, 0x27,
    0x11, 0x86, 0x01, 0xB7, 0xC9, 0x07, 0xBD, 0x75, 0x97, 0x20, 0x07, 0x86, 0x00, 0xB7, 0xC9, 0x07,
    0x20, 0x00, 0x86, 0x00, 0xB7, 0xC9, 0x1E, 0xBD, 0x75, 0x6F, 0xB6, 0xC8, 0x1B, 0x81, 0x00, 0x27,
    0x49, 0x81, 0x00, 0x2A, 0x24, 0xBD, 0x74, 0xC4, 0x86, 0x03, 0xB7, 0xC9, 0x1E, 0x7A, 0xC9, 0x02,
    0x7A, 0xC9, 0x02, 0x7A, 0xC9, 0x02, 0xB6, 0xC9, 0x02, 0x81, 0x90, 0x2A, 0x2D, 0x81, 0x80, 0x2B,
    0x29, 0x86, 0x90, 0xB7, 0xC9, 0x02, 0x20, 0x22, 0x12, 0xBD, 0x74, 0xE4, 0x7C, 0xC9, 0x02, 0x7C,
    0xC9, 0x02, 0x7C, 0xC9, 0x02, 0x86, 0x04, 0xB7, 0xC9, 0x1E, 0xB6, 0xC9, 0x02, 0x81, 0x70, 0x2B,
    0x09, 0x81, 0x7F, 0x2A, 0x05, 0x86, 0x70, 0xB7, 0xC9, 0x02, 0xB6, 0xC8, 0x1C, 0x81, 0x00, 0x27,
    0x42, 0x81, 0x00, 0x2A, 0x20, 0x86, 0x02, 0xB7, 0xC9, 0x1E, 0x7A, 0xC9, 0x01, 0x7A, 0xC9, 0x01,
    0x7A, 0xC9, 0x01, 0xB6, 0xC9, 0x01, 0x81, 0x90, 0x2A, 0x29, 0x81, 0x80, 0x2B, 0x25, 0x86, 0x90,
    0xB7, 0xC9, 0x01, 0x20, 0x1E, 0x86, 0x01, 0xB7, 0xC9, 0x1E, 0x7C, 0xC9, 0x01, 0x7C, 0xC9, 0x01,
    0x7C, 0xC9, 0x01, 0xB6, 0xC9, 0x01, 0x81, 0x70, 0x2B, 0x09, 0x81, 0x7F, 0x2A, 0x05, 0x86, 0x70,
    0xB7, 0xC9, 0x01, 0x39, 0xB6, 0xC9, 0x02, 0x81, 0xF0, 0x2B, 0x0A, 0xB6, 0xC9, 0x00, 0x81, 0x00,
    0x2A, 0x11, 0xBD, 0x75, 0x09, 0x81, 0x7F, 0x2A, 0x30, 0xB6, 0xC9, 0x00, 0x81, 0x00, 0x2A, 0x03,
    0xBD, 0x75, 0x09, 0x39, 0xB6, 0xC9, 0x02, 0x81, 0x0F, 0x2A, 0x0C, 0xB6, 0xC9, 0x00, 0x81, 0x00,
    0x27, 0x15, 0x2B, 0x13, 0xBD, 0x75, 0x29, 0x81, 0x80, 0x2B, 0x2E, 0xB6, 0xC9, 0x00, 0x81, 0x00,
    0x27, 0x05, 0x2B, 0x03, 0xBD, 0x75, 0x29, 0x39, 0x39, 0x7C, 0xC9, 0x1A, 0xB6, 0xC9, 0x1A, 0x81,
    0x05, 0x27, 0x01, 0x39, 0x86, 0x00, 0xB7, 0xC9, 0x1A, 0x7C, 0xC9, 0x00, 0xB6, 0xC9, 0x00, 0x81,
    0x06, 0x2B, 0x05, 0x86, 0x05, 0xB7, 0xC9, 0x00, 0x39, 0x7C, 0xC9, 0x1A, 0xB6, 0xC9, 0x1A, 0x81,
    0x05, 0x27, 0x01, 0x39, 0x86, 0x00, 0xB7, 0xC9, 0x1A, 0x7A, 0xC9, 0x00, 0xB6, 0xC9, 0x00, 0x81,
    0xFA, 0x2A, 0x05, 0x86, 0xFA, 0xB7, 0xC9, 0x00, 0x39, 0xCC, 0x30, 0x75, 0xFD, 0xC8, 0x3D, 0xBD,
    0xF1, 0xAA, 0xFD, 0x00, 0x08, 0xBD, 0xF2, 0x72, 0x39, 0x4F, 0xBD, 0xF1, 0xB4, 0x39, 0x8E, 0xC8,
    0x1F, 0x86, 0x01, 0xA7, 0x80, 0x86, 0x03, 0xA7, 0x80, 0x4F, 0xA7, 0x80, 0xA7, 0x80, 0x39, 0x86,
    0x4F, 0xB7, 0xC8, 0x23, 0xBD, 0xF1, 0xF8, 0x39, 0x00, 0xFA, 0xF4, 0xFF, 0x06, 0x08, 0xFF, 0x06,
    0xF8, 0x00, 0x00, 0x19, 0xFF, 0xFA, 0xF8, 0xFF, 0xFA, 0x08, 0x00, 0xFE, 0xF5, 0xFF, 0x04, 0x00,
    0x00, 0x08, 0x00, 0xFF, 0x04, 0x00, 0x01, 0x86, 0x05, 0xB7, 0xC9, 0x28, 0xB6, 0xC9, 0x0B, 0x81,
    0x01, 0x26, 0x0A, 0x86, 0x7F, 0xB7, 0xC9, 0x13, 0xB7, 0xC9, 0x19, 0x20, 0x0F, 0xB6, 0xC9, 0x0B,
    0x81, 0x02, 0x26, 0x08, 0x86, 0x7F, 0xB7, 0xC9, 0x15, 0xB7, 0xC9, 0x17, 0x7C, 0xC9, 0x0B, 0xB6,
    0xC9, 0x0B, 0x81, 0x03, 0x26, 0x05, 0x86, 0x01, 0xB7, 0xC9, 0x0B, 0x39, 0x00, 0x10, 0xF8, 0xFF,
    0xF0, 0xF0, 0xFF, 0x40, 0xF8, 0xFF, 0xC0, 0xF8, 0xFF, 0xC0, 0x08, 0xFF, 0x40, 0x08, 0xFF, 0xF0,
    0x10, 0xFF, 0x00, 0x10, 0xFF, 0x10, 0x10, 0xFF, 0xC0, 0x08, 0xFF, 0x40, 0x08, 0xFF, 0x40, 0xF8,
    0xFF, 0xC0, 0xF8, 0xFF, 0x10, 0xF0, 0xFF, 0x00, 0xF0, 0x01, 0x00, 0x18, 0x00, 0xFF, 0xE8, 0xE8,
    0xFF, 0x40, 0xF8, 0xFF, 0xC0, 0xF8, 0xFF, 0xC0, 0x08, 0xFF, 0x40, 0x08, 0xFF, 0xE8, 0x18, 0xFF,
    0x18, 0x18, 0xFF, 0x40, 0x08, 0xFF, 0xC0, 0x08, 0xFF, 0xC0, 0xF8, 0xFF, 0x40, 0xF8, 0xFF, 0x18,
    0xE8, 0x01, 0x00, 0x20, 0xE0, 0xFF, 0xC0, 0x40, 0x00, 0x40, 0x00, 0xFF, 0xC0, 0xC0, 0x00, 0x20,
    0x08, 0xFF, 0x00, 0x30, 0x00, 0x18, 0xE8, 0xFF, 0xD0, 0x00, 0x01, 0x8E, 0xC9, 0x80, 0xBD, 0x76,
    0x49, 0x30, 0x04, 0x8C, 0xC9, 0xA4, 0x2B, 0xF6, 0x39, 0x34, 0x10, 0xBD, 0xF5, 0x11, 0x35, 0x10,
    0xA7, 0x84, 0x34, 0x10, 0xBD, 0xF5, 0x11, 0x35, 0x10, 0xA7, 0x01, 0x39, 0xBD, 0xF5, 0x11, 0xBD,
    0xF5, 0x84, 0x81, 0x28, 0x2B, 0x07, 0x81, 0x50, 0x2B, 0x06, 0x86, 0x00, 0x39, 0x86, 0x01, 0x39,
    0x86, 0x02, 0x39, 0x02, 0x02, 0x02, 0x01, 0x00, 0xFF, 0xFE, 0xFE, 0xFE, 0xFE, 0xFE, 0xFF, 0x00,
    0x01, 0x02, 0x02, 0x00, 0x00, 0x00, 0x01, 0x02, 0x02, 0x02, 0x02, 0x02, 0x01, 0x00, 0xFF, 0xFE,
    0xFE, 0xFE, 0xFE, 0xFE, 0xFF, 0x00, 0x00, 0x8D, 0xC3, 0xB7, 0xC9, 0x21, 0xBD, 0xF5, 0x11, 0x34,
    0x02, 0x35, 0x04, 0xBD, 0xF5, 0x11, 0xFD, 0xC9, 0x10, 0xBD, 0x76, 0xCD, 0xC1, 0x00, 0x27, 0x1C,
    0xBD, 0x76, 0xE3, 0xB6, 0xC9, 0x21, 0x81, 0x00, 0x27, 0x12, 0xBD, 0x76, 0xCD, 0xC1, 0x00, 0x27,
    0x0B, 0xB6, 0xC9, 0x11, 0x8B, 0x30, 0xB7, 0xC9, 0x11, 0xBD, 0x76, 0xE3, 0x39, 0x8E, 0xCA, 0x80,
    0xC6, 0x00, 0xA6, 0x08, 0x81, 0x00, 0x27, 0x08, 0x30, 0x0A, 0x8C, 0xCA, 0xBC, 0x2B, 0xF3, 0x39,
    0xC6, 0x01, 0x39, 0xFC, 0xC9, 0x10, 0xED, 0x84, 0xCC, 0x01, 0x00, 0xED, 0x02, 0x86, 0x05, 0xA7,
    0x04, 0x86, 0x10, 0xA7, 0x05, 0xCC, 0x08, 0x08, 0xED, 0x06, 0xCC, 0x01, 0x10, 0xED, 0x08, 0x34,
    0x10, 0xBD, 0xF5, 0x11, 0x35, 0x10, 0x81, 0x00, 0x2B, 0x04, 0x86, 0x02, 0xA7, 0x08, 0x34, 0x10,
    0xBD, 0xF5, 0x11, 0x35, 0x10, 0x81, 0x20, 0x2A, 0x0D, 0x81, 0x00, 0x2B, 0x09, 0x86, 0x03, 0xA7,
    0x08, 0xCC, 0x04, 0x04, 0xED, 0x06, 0x39, 0x8E, 0xC8, 0x80, 0x86, 0x00, 0xA7, 0x84, 0x30, 0x01,
    0x8C, 0xCB, 0x30, 0x26, 0xF7, 0x39, 0xBD, 0x77, 0x5B, 0x34, 0x10, 0x8E, 0xCA, 0xBC, 0xA6, 0x04,
    0x81, 0x00, 0x27, 0x09, 0x30, 0x05, 0x8C, 0xCA, 0xDA, 0x2B, 0xF3, 0x20, 0x0B, 0xFC, 0xC9, 0x1C,
    0xED, 0x84, 0x86, 0x01, 0xA7, 0x04, 0xA7, 0x02, 0x35, 0x10, 0x39, 0x10, 0x8E, 0xCA, 0x80, 0xA6,
    0x28, 0x81, 0xFF, 0x27, 0x04, 0x81, 0x00, 0x26, 0x09, 0x31, 0x2A, 0x10, 0x8C, 0xCA, 0xBC, 0x2B,
    0xEE, 0x39, 0xEC, 0xA4, 0xFD, 0xC9, 0x1C, 0x39, 0x8E, 0xCA, 0xBC, 0xA6, 0x04, 0x81, 0x00, 0x26,
    0x08, 0x30, 0x05, 0x8C, 0xCA, 0xDA, 0x2B, 0xF3, 0x39, 0x34, 0x10, 0xA6, 0x02, 0xB7, 0xC9, 0x21,
    0x81, 0x20, 0x2A, 0x04, 0x8B, 0x30, 0x20, 0x02, 0x86, 0x7F, 0xBD, 0xF2, 0xAB, 0x35, 0x10, 0x34,
    0x10, 0xA6, 0x04, 0xB7, 0xC9, 0x10, 0xBD, 0xF3, 0x0C, 0xB6, 0xC9, 0x10, 0xCE, 0xCA, 0x00, 0x8E,
    0x76, 0x22, 0xBD, 0xF6, 0x1F, 0xF6, 0xC9, 0x21, 0x8E, 0xCA, 0x00, 0xBD, 0xF4, 0x0E, 0xBD, 0xF3,
    0x54, 0x35, 0x10, 0xB6, 0xC9, 0x28, 0x81, 0x00, 0x27, 0x35, 0x34, 0x10, 0xEC, 0x84, 0xFD, 0xC9,
    0x10, 0xA6, 0x04, 0x81, 0x10, 0x2A, 0x05, 0xCC, 0x02, 0x02, 0x20, 0x15, 0x81, 0x20, 0x2A, 0x05,
    0xCC, 0x0A, 0x0A, 0x20, 0x0C, 0x81, 0x40, 0x2A, 0x05, 0xCC, 0x18, 0x18, 0x20, 0x03, 0xCC, 0x30,
    0x30, 0xBE, 0xC9, 0x10, 0x10, 0xBE, 0xC9, 0x01, 0xBD, 0xF8, 0xFF, 0x35, 0x10, 0x25, 0x22, 0x6C,
    0x02, 0xA6, 0x02, 0x81, 0x80, 0x2B, 0x09, 0x86, 0x00, 0xA7, 0x04, 0xBD, 0x79, 0x22, 0x20, 0x0E,
    0x6C, 0x04, 0x6C, 0x04, 0xA6, 0x04, 0x81, 0x40, 0x2B, 0x04, 0x86, 0x01, 0xA7, 0x04, 0x7E, 0x77,
    0x81, 0xCC, 0x00, 0x00, 0xED, 0x84, 0xED, 0x02, 0xA7, 0x04, 0x7E, 0x77, 0x81, 0xB6, 0xC9, 0x25,
    0x81, 0x00, 0x26, 0x01, 0x39, 0x2A, 0x02, 0x86, 0x7F, 0xBD, 0xF2, 0xAB, 0xCC, 0x7F, 0x80, 0xFD,
    0xC9, 0x10, 0x8E, 0xC9, 0x10, 0xBD, 0xF3, 0x0C, 0x8E, 0x78, 0x71, 0xBD, 0xF4, 0x04, 0xBD, 0xF3,
    0x54, 0xCC, 0x7F, 0x00, 0xFD, 0xC9, 0x10, 0x8E, 0xC9, 0x10, 0xBD, 0xF3, 0x0C, 0x8E, 0x78, 0x7B,
    0xC6, 0x7F, 0xBD, 0xF4, 0x0E, 0xBD, 0xF3, 0x54, 0xB6, 0xC9, 0x25, 0x80, 0x08, 0xB7, 0xC9, 0x25,
    0x39, 0xFF, 0x80, 0x7F, 0x00, 0x00, 0x80, 0xFF, 0x7F, 0x7F, 0x01, 0xFF, 0x80, 0x7F, 0xFF, 0x80,
    0x80, 0xFF, 0x7F, 0x80, 0xFF, 0x7F, 0x7F, 0x01, 0xCC, 0xFC, 0x24, 0xFD, 0xC8, 0x2A, 0xB6, 0xC9,
    0x27, 0x81, 0x00, 0x27, 0x10, 0xB6, 0xC9, 0x27, 0x4A, 0xB7, 0xC9, 0x27, 0x81, 0x40, 0x2A, 0x07,
    0x86, 0x00, 0xB7, 0xC9, 0x27, 0x86, 0x40, 0xBD, 0xF2, 0xAB, 0xCC, 0x7F, 0x80, 0xBD, 0xF2, 0xFC,
    0xCE, 0xC8, 0x80, 0xBD, 0xF4, 0x95, 0xB6, 0xC9, 0x26, 0x81, 0x00, 0x27, 0x10, 0xB6, 0xC9, 0x26,
    0x4A, 0xB7, 0xC9, 0x26, 0x81, 0x40, 0x2A, 0x07, 0x86, 0x00, 0xB7, 0xC9, 0x26, 0x86, 0x40, 0xBD,
    0xF2, 0xAB, 0x86, 0x20, 0x34, 0x04, 0xC6, 0x80, 0x33, 0x78, 0x36, 0x06, 0x35, 0x02, 0x8E, 0x78,
    0x99, 0xB6, 0xC9, 0x2A, 0xC6, 0x20, 0x36, 0x06, 0x36, 0x10, 0x7E, 0xF3, 0x78, 0x8E, 0xCA, 0x80,
    0x10, 0x8E, 0x79, 0x04, 0x86, 0x1F, 0xE6, 0xA4, 0xE7, 0x84, 0x30, 0x01, 0x31, 0x21, 0x4A, 0x81,
    0x00, 0x26, 0xF3, 0x39, 0x6F, 0x00, 0x05, 0x00, 0x08, 0xA0, 0x02, 0x02, 0x02, 0xA0, 0x5F, 0xF8,
    0x05, 0x00, 0x09, 0xA0, 0x02, 0x02, 0x01, 0xA0, 0x5F, 0x0A, 0x05, 0x00, 0x07, 0xA0, 0x02, 0x02,
    0x01, 0xA0, 0xB6, 0xC9, 0x2A, 0x81, 0x30, 0x27, 0x19, 0x7A, 0xC9, 0x2A, 0xB6, 0xC9, 0x2A, 0x81,
    0x30, 0x26, 0x05, 0x86, 0x01, 0xB7, 0xC9, 0x31, 0x86, 0xF0, 0xB7, 0xC9, 0x25, 0x86, 0x70, 0xB7,
    0xC9, 0x26, 0x39, 0xFF, 0x40, 0xF8, 0xFF, 0xC0, 0xF8, 0xFF, 0xC0, 0x08, 0xFF, 0x40, 0x08, 0x01,
    0x00, 0x18, 0x00, 0xFF, 0xE8, 0xE8, 0xFF, 0xE8, 0x18, 0xFF, 0x18, 0x18, 0xFF, 0x18, 0xE8, 0x01,
    0xFF, 0x40, 0x08, 0xFF, 0xC0, 0x08, 0xFF, 0xC0, 0xF8, 0xFF, 0x40, 0xF8, 0x01, 0x8E, 0xCB, 0x00,
    0xC6, 0x01, 0xA6, 0x06, 0x34, 0x04, 0x81, 0x00, 0x26, 0x0B, 0x35, 0x04, 0x30, 0x07, 0x5C, 0x8C,
    0xCB, 0x15, 0x2B, 0xEE, 0x39, 0xC1, 0x01, 0x26, 0x05, 0xCC, 0x79, 0x43, 0x20, 0x0C, 0xC1, 0x02,
    0x26, 0x05, 0xCC, 0x79, 0x50, 0x20, 0x03, 0xCC, 0x79, 0x60, 0xFD, 0xC9, 0x10, 0x34, 0x10, 0xBD,
    0xF3, 0x0C, 0x35, 0x10, 0x34, 0x10, 0xA6, 0x06, 0xB7, 0xC9, 0x1C, 0xA6, 0x04, 0xB7, 0xC9, 0x2F,
    0xA6, 0x05, 0xCE, 0xCA, 0x00, 0xBE, 0xC9, 0x10, 0xBD, 0xF6, 0x1F, 0xB6, 0xC9, 0x1C, 0xBD, 0xF2,
    0xAB, 0x8E, 0xCA, 0x00, 0xF6, 0xC9, 0x2F, 0xBD, 0xF4, 0x0E, 0xBD, 0xF3, 0x54, 0x35, 0x10, 0xA6,
    0x84, 0xAB, 0x02, 0xA7, 0x84, 0xA6, 0x01, 0xAB, 0x03, 0xA7, 0x01, 0x6C, 0x05, 0x6C, 0x05, 0x6A,
    0x06, 0x6A, 0x06, 0x6A, 0x06, 0x6A, 0x06, 0xA6, 0x06, 0x81, 0x20, 0x2A, 0x04, 0x86, 0x00, 0xA7,
    0x06, 0x20, 0x87, 0x00, 0x08, 0xA8, 0xFF, 0x00, 0xF8, 0xFF, 0xF8, 0xF8, 0xFF, 0xF8, 0x08, 0xFF,
    0x00, 0x08, 0xFF, 0x08, 0x00, 0xFF, 0x00, 0xF8, 0x00, 0xF8, 0x10, 0xFF, 0x08, 0x00, 0xFF, 0x08,
    0x08, 0xFF, 0xF8, 0x08, 0xFF, 0xF8, 0x00, 0xFF, 0x08, 0xF8, 0x00, 0xF8, 0x10, 0xFF, 0x10, 0x00,
    0xFF, 0xF8, 0x08, 0xFF, 0x08, 0x08, 0xFF, 0xF0, 0x00, 0x00, 0x00, 0x18, 0xFF, 0x00, 0xF8, 0xFF,
    0x08, 0xF8, 0xFF, 0x08, 0x08, 0xFF, 0x00, 0x08, 0x00, 0xF8, 0xF8, 0xFF, 0x00, 0xF8, 0x01, 0x00,
    0xF8, 0x10, 0xFF, 0x10, 0x00, 0xFF, 0x00, 0x10, 0xFF, 0xF0, 0x00, 0xFF, 0x00, 0xF0, 0x00, 0x10,
    0x18, 0xFF, 0xF0, 0x08, 0xFF, 0x10, 0x08, 0x00, 0xF0, 0x18, 0xFF, 0x00, 0xF8, 0xFF, 0x08, 0xF8,
    0xFF, 0x08, 0x08, 0xFF, 0x00, 0x08, 0x00, 0xF8, 0xF8, 0xFF, 0x00, 0xF8, 0x00, 0xF8, 0x18, 0xFF,
    0x10, 0x00, 0xFF, 0x00, 0x10, 0xFF, 0xF8, 0x00, 0xFF, 0x00, 0xF0, 0xFF, 0xF8, 0x10, 0x01, 0xB6,
    0xC9, 0x31, 0x81, 0x00, 0x26, 0x01, 0x39, 0xBD, 0xF2, 0xA9, 0xCC, 0x30, 0x00, 0xFD, 0xC9, 0x10,
    0x8E, 0xC9, 0x10, 0xBD, 0xF3, 0x0C, 0xF6, 0xC9, 0x31, 0x8E, 0x79, 0xF3, 0xBD, 0xF4, 0x0E, 0xBD,
    0xF3, 0x54, 0xCC, 0x30, 0x00, 0xFD, 0xC9, 0x10, 0x8E, 0xC9, 0x10, 0xBD, 0xF3, 0x0C, 0xF6, 0xC9,
    0x31, 0x8E, 0x7A, 0x3F, 0xBD, 0xF4, 0x0E, 0xBD, 0xF3, 0x54, 0xB6, 0xC9, 0x31, 0x81, 0x7C, 0x2A,
    0x05, 0x8B, 0x02, 0xB7, 0xC9, 0x31, 0x39, 0xFF, 0x12, 0x12, 0x12, 0x12, 0x8E, 0xC8, 0x80, 0x6F,
    0x84, 0x30, 0x01, 0x8C, 0xCB, 0x00, 0x26, 0xF7, 0x8E, 0xCA, 0x64, 0x10, 0x8E, 0xCA, 0x00, 0xBD,
    0xF5, 0x11, 0x84, 0x40, 0x80, 0x20, 0xA7, 0x84, 0xBD, 0xF5, 0x11, 0x84, 0xB0, 0x8B, 0x20, 0xA7,
    0x01, 0xEC, 0x84, 0x8B, 0x20, 0xC0, 0x20, 0xED, 0xA4, 0xCC, 0xFF, 0x01, 0xED, 0x22, 0x86, 0x20,
    0xA7, 0x24, 0xEC, 0x84, 0x8B, 0x20, 0xCB, 0x20, 0xED, 0x25, 0xCC, 0xFF, 0xFF, 0xED, 0x27, 0x86,
    0x20, 0xA7, 0x29, 0xEC, 0x84, 0x80, 0x20, 0xC0, 0x20, 0xED, 0x2A, 0xCC, 0x01, 0x01, 0xED, 0x2C,
    0x86, 0x20, 0xA7, 0x2E, 0xEC, 0x84, 0x80, 0x20, 0xCB, 0x20, 0xED, 0x2F, 0xCC, 0x01, 0xFF, 0xED,
    0xA8, 0x11, 0x86, 0x20, 0xA7, 0xA8, 0x13, 0x30, 0x05, 0x31, 0xA8, 0x14, 0x8C, 0xCA, 0x7D, 0x26,
    0x9E, 0x86, 0x20, 0xB7, 0xC9, 0x04, 0x86, 0x01, 0xB7, 0xC9, 0x17, 0x86, 0x1F, 0xB7, 0xC9, 0x0F,
    0xBD, 0xF1, 0x92, 0xBD, 0x7E, 0x52, 0xBD, 0x7D, 0x4D, 0xBD, 0x7B, 0x67, 0xBD, 0x7C, 0x0B, 0xBD,
    0x7C, 0x3A, 0xBD, 0x7B, 0xD1, 0x20, 0xE9, 0x8E, 0xCA, 0x64, 0xBF, 0xC9, 0x00, 0xA6, 0x04, 0x27,
    0x03, 0xBD, 0x7B, 0x7F, 0xBE, 0xC9, 0x00, 0x30, 0x05, 0x8C, 0xCA, 0x7D, 0x26, 0xEC, 0x39, 0xBD,
    0xF3, 0x0C, 0x8E, 0x7E, 0xFC, 0xC6, 0x20, 0xBD, 0xF4, 0x0E, 0xBD, 0xF3, 0x54, 0xBD, 0xF1, 0xAF,
    0xBE, 0xC9, 0x00, 0xA6, 0x84, 0x47, 0xB7, 0xC9, 0x84, 0xB6, 0xC9, 0x05, 0x47, 0xB0, 0xC9, 0x84,
    0xE6, 0x01, 0x57, 0xF7, 0xC9, 0x85, 0xF6, 0xC9, 0x07, 0x57, 0xF0, 0xC9, 0x85, 0xBD, 0xF5, 0x93,
    0xC0, 0x10, 0x86, 0x03, 0xBD, 0xF6, 0x01, 0xBE, 0xC9, 0x00, 0xA7, 0x02, 0xE7, 0x03, 0xB6, 0xC9,
    0x04, 0x81, 0x01, 0x26, 0x08, 0xEC, 0x84, 0xAB, 0x02, 0xEB, 0x03, 0xED, 0x84, 0xBD, 0xF1, 0xAA,
    0x39, 0xBD, 0xF2, 0xA9, 0x8E, 0xC9, 0x18, 0xBF, 0xC9, 0x00, 0xA6, 0x04, 0x26, 0x01, 0x39, 0xBD,
    0xF1, 0xAA, 0xBD, 0xF3, 0x0C, 0xBD, 0xF2, 0xC5, 0xBD, 0xF3, 0x54, 0xBE, 0xC9, 0x00, 0xEC, 0x84,
    0xAB, 0x02, 0xEB, 0x03, 0x81, 0x40, 0x2A, 0x06, 0x81, 0xC0, 0x2B, 0x06, 0x20, 0x08, 0x86, 0xC0,
    0x20, 0x04, 0x86, 0x40, 0x20, 0x00, 0xED, 0x84, 0x6A, 0x04, 0x39, 0x86, 0x50, 0xBD, 0xF2, 0xAB,
    0x8E, 0x7E, 0xB6, 0xCE, 0xC8, 0x80, 0xB6, 0xC9, 0x09, 0xBD, 0xF6, 0x1F, 0xB6, 0xC9, 0x05, 0xB7,
    0xC9, 0x00, 0xB6, 0xC9, 0x07, 0xB7, 0xC9, 0x01, 0x8E, 0xC9, 0x00, 0xBD, 0xF3, 0x0C, 0x8E, 0xC8,
    0x80, 0xC6, 0x0D, 0xBD, 0xF4, 0x0E, 0xBD, 0xF3, 0x54, 0x39, 0x7F, 0xC9, 0x0D, 0x7F, 0xC9, 0x0B,
    0xBD, 0x7E, 0x97, 0x7D, 0xC8, 0x12, 0x27, 0x17, 0x86, 0x01, 0xB7, 0xC9, 0x0B, 0xB6, 0xC9, 0x09,
    0xBB, 0xC9, 0x17, 0xB7, 0xC9, 0x09, 0x81, 0x40, 0x2B, 0x05, 0x86, 0x00, 0xB7, 0xC9, 0x09, 0x7D,
    0xC8, 0x13, 0x27, 0x17, 0x86, 0x02, 0xB7, 0xC9, 0x0B, 0xB6, 0xC9, 0x09, 0xB0, 0xC9, 0x17, 0xB7,
    0xC9, 0x09, 0x81, 0xFF, 0x2A, 0x05, 0x86, 0x3F, 0xB7, 0xC9, 0x09, 0x7D, 0xC8, 0x15, 0x27, 0x08,
    0xB6, 0xC9, 0x1C, 0x26, 0x03, 0xBD, 0x7D, 0x2D, 0x7D, 0xC8, 0x14, 0x27, 0x19, 0x86, 0x03, 0xB7,
    0xC9, 0x0B, 0xBD, 0xF1, 0xAF, 0x7C, 0xC9, 0x0D, 0xB6, 0xC9, 0x0F, 0xF6, 0xC9, 0x09, 0xBD, 0xF6,
    0x01, 0xFD, 0xC9, 0x15, 0x20, 0x0C, 0xCC, 0x00, 0x00, 0xBD, 0xF2, 0x56, 0xCC, 0x01, 0x00, 0xBD,
    0xF2, 0x56, 0xBD, 0xF1, 0xAF, 0xB6, 0xC9, 0x0D, 0xF6, 0xC9, 0x15, 0xBD, 0x7E, 0xDE, 0xF3, 0xC9,
    0x13, 0xFD, 0xC9, 0x13, 0xB6, 0xC9, 0x0D, 0xF6, 0xC9, 0x16, 0xBD, 0x7E, 0xDE, 0xF3, 0xC9, 0x11,
    0xFD, 0xC9, 0x11, 0xFC, 0xC9, 0x11, 0x2D, 0x04, 0x2E, 0x0A, 0x20, 0x0E, 0xC3, 0x00, 0x0A, 0xFD,
    0xC9, 0x11, 0x20, 0x06, 0x83, 0x00, 0x0A, 0xFD, 0xC9, 0x11, 0xFC, 0xC9, 0x13, 0x2D, 0x04, 0x2E,
    0x0A, 0x20, 0x0E, 0xC3, 0x00, 0x0A, 0xFD, 0xC9, 0x13, 0x20, 0x06, 0x83, 0x00, 0x0A, 0xFD, 0xC9,
    0x13, 0xFC, 0xC9, 0x05, 0xF3, 0xC9, 0x13, 0xFD, 0xC9, 0x05, 0xFC, 0xC9, 0x07, 0xF3, 0xC9, 0x11,
    0xFD, 0xC9, 0x07, 0xB6, 0xC9, 0x05, 0x81, 0x3F, 0x2A, 0x07, 0x20, 0x00, 0x81, 0xC0, 0x2B, 0x07,
    0x39, 0x86, 0xC0, 0xB7, 0xC9, 0x05, 0x39, 0x86, 0x3F, 0xB7, 0xC9, 0x05, 0x39, 0xB6, 0xC9, 0x05,
    0xF6, 0xC9, 0x07, 0xFD, 0xC9, 0x18, 0xBD, 0xF1, 0xAF, 0x86, 0x06, 0xF6, 0xC9, 0x09, 0xBD, 0xF6,
    0x01, 0xFD, 0xC9, 0x1A, 0x86, 0x10, 0xB7, 0xC9, 0x1C, 0xBD, 0xF1, 0xAA, 0x39, 0x8E, 0xCA, 0x00,
    0x10, 0x8E, 0xCA, 0x64, 0xBF, 0xC9, 0x00, 0x10, 0xBF, 0xC9, 0x82, 0xBD, 0x7D, 0x70, 0xBE, 0xC9,
    0x00, 0x10, 0xBE, 0xC9, 0x82, 0x31, 0x29, 0x30, 0x88, 0x14, 0x8C, 0xCA, 0x64, 0x26, 0xE5, 0x39,
    0xA6, 0x04, 0x27, 0x33, 0xEC, 0x84, 0xFD, 0xC9, 0x02, 0x8E, 0xC9, 0x02, 0xBD, 0xF3, 0x0C, 0xBD,
    0xF2, 0xC5, 0xBD, 0xF3, 0x54, 0xBE, 0xC9, 0x00, 0xB6, 0xC9, 0x04, 0x81, 0x01, 0x26, 0x18, 0xEC,
    0x84, 0xAB, 0x02, 0xEB, 0x03, 0xED, 0x84, 0x6A, 0x04, 0xA6, 0x04, 0x26, 0x0A, 0x10, 0xBE, 0xC9,
    0x82, 0xA6, 0x24, 0x88, 0x01, 0xA7, 0x24, 0xA6, 0x09, 0x27, 0x33, 0xEC, 0x05, 0xFD, 0xC9, 0x02,
    0x8E, 0xC9, 0x02, 0xBD, 0xF3, 0x0C, 0xBD, 0xF2, 0xC5, 0xBD, 0xF3, 0x54, 0xBE, 0xC9, 0x00, 0xB6,
    0xC9, 0x04, 0x81, 0x01, 0x26, 0x18, 0xEC, 0x05, 0xAB, 0x07, 0xEB, 0x08, 0xED, 0x05, 0x6A, 0x09,
    0xA6, 0x09, 0x26, 0x0A, 0x10, 0xBE, 0xC9, 0x82, 0xA6, 0x24, 0x88, 0x02, 0xA7, 0x24, 0xA6, 0x0E,
    0x27, 0x33, 0xEC, 0x0A, 0xFD, 0xC9, 0x02, 0x8E, 0xC9, 0x02, 0xBD, 0xF3, 0x0C, 0xBD, 0xF2, 0xC5,
    0xBD, 0xF3, 0x54, 0xBE, 0xC9, 0x00, 0xB6, 0xC9, 0x04, 0x81, 0x01, 0x26, 0x18, 0xEC, 0x0A, 0xAB,
    0x0C, 0xEB, 0x0D, 0xED, 0x0A, 0x6A, 0x0E, 0xA6, 0x0E, 0x26, 0x0A, 0x10, 0xBE, 0xC9, 0x82, 0xA6,
    0x24, 0x88, 0x04, 0xA7, 0x24, 0xA6, 0x88, 0x13, 0x27, 0x37, 0xEC, 0x0F, 0xFD, 0xC9, 0x02, 0x8E,
    0xC9, 0x02, 0xBD, 0xF3, 0x0C, 0xBD, 0xF2, 0xC5, 0xBD, 0xF3, 0x54, 0xBE, 0xC9, 0x00, 0xB6, 0xC9,
    0x04, 0x81, 0x01, 0x26, 0x1C, 0xEC, 0x0F, 0xAB, 0x88, 0x11, 0xEB, 0x88, 0x12, 0xED, 0x0F, 0x6A,
    0x88, 0x13, 0xA6, 0x88, 0x13, 0x26, 0x0A, 0x10, 0xBE, 0xC9, 0x82, 0xA6, 0x24, 0x88, 0x08, 0xA7,
    0x24, 0x39, 0x7A, 0xC9, 0x04, 0xB6, 0xC9, 0x04, 0x26, 0x05, 0x86, 0x04, 0xB7, 0xC9, 0x04, 0x86,
    0x40, 0xBD, 0xF2, 0xAB, 0xCC, 0x40, 0x80, 0xFD, 0xC9, 0x00, 0x8E, 0xC9, 0x00, 0xBD, 0xF3, 0x0C,
    0x8E, 0x7E, 0x93, 0xC6, 0xFF, 0xBD, 0xF4, 0x0E, 0xBD, 0xF3, 0x54, 0xCC, 0xC0, 0x80, 0xFD, 0xC9,
    0x00, 0x8E, 0xC9, 0x00, 0xBD, 0xF3, 0x0C, 0x8E, 0x7E, 0x93, 0xC6, 0xFF, 0xBD, 0xF4, 0x0E, 0xBD,
    0xF3, 0x54, 0x39, 0xFF, 0x00, 0x7F, 0x01, 0x4F, 0xBD, 0xF1, 0xB4, 0x39, 0x86, 0x4F, 0xB7, 0xC8,
    0x23, 0xBD, 0xF1, 0xF8, 0x39, 0x8E, 0xC8, 0x1F, 0x86, 0x01, 0xA7, 0x80, 0x86, 0x03, 0xA7, 0x80,
    0x4F, 0xA7, 0x80, 0xA7, 0x80, 0x39, 0x00, 0x1C, 0x00, 0xFF, 0xDD, 0xF2, 0xFF, 0x15, 0x00, 0xFF,
    0xE4, 0xF9, 0xFF, 0xF2, 0x07, 0xFF, 0x00, 0x07, 0xFF, 0x0E, 0x07, 0xFF, 0xF2, 0x07, 0xFF, 0x00,
    0x07, 0xFF, 0x0E, 0x07, 0xFF, 0x1C, 0xF9, 0xFF, 0xEB, 0x00, 0xFF, 0x23, 0xF2, 0x01, 0x7F, 0xC8,
    0x83, 0x5D, 0x2A, 0x03, 0x7C, 0xC8, 0x83, 0xBD, 0xF5, 0x84, 0x3D, 0xFD, 0xC8, 0x80, 0x74, 0xC8,
    0x83, 0x24, 0x08, 0x43, 0x53, 0xC3, 0x00, 0x01, 0xFD, 0xC8, 0x80, 0x39, 0x00, 0x0A, 0x00, 0xFF,
    0xEC, 0x00, 0x00, 0x0A, 0xF6, 0xFF, 0x00, 0x14, 0x01, 0xFF, 0xFF, 0xFF, 0xFF, 0xFF, 0xFF, 0xFF,
    0xFF, 0xFF, 0xFF, 0xFF, 0xFF, 0xFF, 0xFF, 0xFF, 0xFF, 0xFF, 0xFF, 0xFF, 0xFF, 0xFF, 0xFF, 0xFF,
    0xFF, 0xFF, 0xFF, 0xFF, 0xFF, 0xFF, 0xFF, 0xFF, 0xFF, 0xFF, 0xFF, 0xFF, 0xFF, 0xFF, 0xFF, 0xFF,
    0xFF, 0xFF, 0xFF, 0xFF, 0xFF, 0xFF, 0xFF, 0xFF, 0xFF, 0xFF, 0xFF, 0xFF, 0xFF, 0xFF, 0xFF, 0xFF,
    0xFF, 0xFF, 0xFF, 0xFF, 0xFF, 0xFF, 0xFF, 0xFF, 0xFF, 0xFF, 0xFF, 0xFF, 0xFF, 0xFF, 0xFF, 0xFF,
    0xFF, 0xFF, 0xFF, 0xFF, 0xFF, 0xFF, 0xFF, 0xFF, 0xFF, 0xFF, 0xFF, 0xFF, 0xFF, 0xFF, 0xFF, 0xFF,
    0xFF, 0xFF, 0xFF, 0xFF, 0xFF, 0xFF, 0xFF, 0xFF, 0xFF, 0xFF, 0xFF, 0xFF, 0xFF, 0xFF, 0xFF, 0xFF,
    0xFF, 0xFF, 0xFF, 0xFF, 0xFF, 0xFF, 0xFF, 0xFF, 0xFF, 0xFF, 0xFF, 0xFF, 0xFF, 0xFF, 0xFF, 0xFF,
    0xFF, 0xFF, 0xFF, 0xFF, 0xFF, 0xFF, 0xFF, 0xFF, 0xFF, 0xFF, 0xFF, 0xFF, 0xFF, 0xFF, 0xFF, 0xFF,
    0xFF, 0xFF, 0xFF, 0xFF, 0xFF, 0xFF, 0xFF, 0xFF, 0xFF, 0xFF, 0xFF, 0xFF, 0xFF, 0xFF, 0xFF, 0xFF,
    0xFF, 0xFF, 0xFF, 0xFF, 0xFF, 0xFF, 0xFF, 0xFF, 0xFF, 0xFF, 0xFF, 0xFF, 0xFF, 0xFF, 0xFF, 0xFF,
    0xFF, 0xFF, 0xFF, 0xFF, 0xFF, 0xFF, 0xFF, 0xFF, 0xFF, 0xFF, 0xFF, 0xFF, 0xFF, 0xFF, 0xFF, 0xFF,
    0xFF, 0xFF, 0xFF, 0xFF, 0xFF, 0xFF, 0xFF, 0xFF, 0xFF, 0xFF, 0xFF, 0xFF, 0xFF, 0xFF, 0xFF, 0xFF,
    0xFF, 0xFF, 0xFF, 0xFF, 0xFF, 0xFF, 0xFF, 0xFF, 0xFF, 0xFF, 0xFF, 0xFF, 0xFF, 0xFF, 0xFF, 0xFF,
    0xFF, 0xFF, 0xFF, 0xFF, 0xFF, 0xFF, 0xFF, 0xFF, 0xFF, 0xFF, 0xFF, 0xFF, 0xFF, 0xFF, 0xFF, 0xFF,
    0xFF, 0xFF, 0xFF, 0xFF, 0xFF, 0xFF, 0xFF, 0xFF, 0xFF, 0xFF, 0xFF, 0xFF, 0xFF, 0xFF, 0xFF, 0x12,
};

#endif
