// Auto-generated from Vecmania Part 1 (1999) (PD).vec
#ifndef _GBCART_VECMANIA_PART_1_1999_PD_H
#define _GBCART_VECMANIA_PART_1_1999_PD_H

const unsigned char gb_cart_Vecmania_Part_1_1999_PD[] PROGMEM = {
    0x67, 0x20, 0x47, 0x43, 0x45, 0x20, 0x4E, 0x4F, 0x54, 0x21, 0x80, 0xFE, 0xE6, 0xF8, 0x40, 0x2F,
    0x90, 0x49, 0x54, 0x20, 0x57, 0x41, 0x53, 0x20, 0x57, 0x4F, 0x52, 0x54, 0x48, 0x20, 0x54, 0x48,
    0x45, 0x20, 0x57, 0x41, 0x49, 0x54, 0x20, 0x2E, 0x2E, 0x2E, 0x80, 0x00, 0x7E, 0x6E, 0xB8, 0xCC,
    0x00, 0x00, 0xFD, 0xCB, 0xEB, 0x8E, 0xCB, 0xEB, 0xBD, 0xF8, 0x4F, 0xBD, 0x1F, 0xD0, 0x7E, 0x1E,
    0x2A, 0xBD, 0x1F, 0xD0, 0xCC, 0x00, 0x00, 0xFD, 0xCB, 0xEB, 0x8E, 0xCB, 0xEB, 0xBD, 0xF8, 0x4F,
    0x86, 0x06, 0xB7, 0xC8, 0xFF, 0xCC, 0x00, 0x00, 0xFD, 0xC8, 0xFC, 0x86, 0x18, 0xB7, 0xC9, 0x61,
    0xB7, 0xC9, 0x62, 0x86, 0x41, 0xB7, 0xC9, 0x51, 0x86, 0x80, 0xB7, 0xC9, 0x6D, 0x86, 0x04, 0xB7,
    0xC9, 0x0F, 0xBD, 0x07, 0x23, 0xCC, 0x00, 0x00, 0xFD, 0xCA, 0x00, 0xFD, 0xC9, 0x01, 0x86, 0x01,
    0xB7, 0xCA, 0x02, 0xCC, 0x00, 0x00, 0xFD, 0xCA, 0x03, 0x86, 0x00, 0xB7, 0xCA, 0x05, 0xB7, 0xC9,
    0x63, 0x7F, 0xC9, 0x5E, 0x7F, 0xC9, 0x5F, 0x7F, 0xC9, 0x64, 0x7F, 0xC9, 0x65, 0x7F, 0xC9, 0x66,
    0x7F, 0xC9, 0x67, 0x7F, 0xC9, 0x68, 0x7F, 0xC9, 0x16, 0x7F, 0xC9, 0x70, 0xBD, 0x07, 0x81, 0x86,
    0x01, 0xB7, 0xC9, 0x20, 0xB7, 0xC9, 0x5C, 0xB7, 0xC9, 0x5D, 0x86, 0xFF, 0xB7, 0xC9, 0x13, 0xB7,
    0xC9, 0x21, 0xBD, 0x17, 0x20, 0x86, 0x01, 0xB7, 0xC9, 0x6F, 0xB7, 0xC9, 0x06, 0xBD, 0x15, 0xA9,
    0xBD, 0x1C, 0xB1, 0xBD, 0x21, 0x17, 0xBD, 0xF1, 0x92, 0xBD, 0x16, 0x21, 0xBE, 0xC8, 0xFC, 0x8C,
    0x00, 0x00, 0x27, 0x0D, 0x30, 0x1F, 0xBF, 0xC8, 0xFC, 0x8C, 0x00, 0x00, 0x26, 0x09, 0x7E, 0x00,
    0x3B, 0xBD, 0x03, 0x1C, 0xBD, 0x05, 0x85, 0xBD, 0x0C, 0x79, 0xBD, 0x01, 0x94, 0xBD, 0x0B, 0x42,
    0xBD, 0x0C, 0x1C, 0xBD, 0x09, 0x8A, 0xBD, 0x07, 0xBE, 0xBD, 0x08, 0x82, 0xBD, 0x01, 0x31, 0xBD,
    0x17, 0x27, 0xB6, 0xC9, 0x61, 0x26, 0xBF, 0xB6, 0xC9, 0x63, 0x26, 0xBA, 0xB6, 0xCB, 0x06, 0x26,
    0xB5, 0xFC, 0xC8, 0xFC, 0x26, 0xB0, 0x86, 0x00, 0xB7, 0xC9, 0x6C, 0xBD, 0x13, 0x1A, 0x7E, 0x19,
    0x63, 0xB6, 0xC9, 0x13, 0x4A, 0xB7, 0xC9, 0x13, 0x81, 0x00, 0x26, 0x10, 0xBD, 0xF5, 0x11, 0x84,
    0x14, 0x8B, 0x05, 0xBB, 0xC9, 0x51, 0xB7, 0xC9, 0x13, 0xBD, 0x08, 0xED, 0xB6, 0xC9, 0x18, 0x27,
    0x04, 0x4A, 0xB7, 0xC9, 0x18, 0xB6, 0xC9, 0x1A, 0x8B, 0x01, 0xB7, 0xC9, 0x1A, 0x7A, 0xC9, 0x21,
    0xB6, 0xC9, 0x21, 0x81, 0x00, 0x26, 0x0E, 0xBD, 0x0A, 0xBF, 0xBD, 0xF5, 0x11, 0x84, 0x0A, 0xBB,
    0xC9, 0x6D, 0xB7, 0xC9, 0x21, 0x7C, 0xC9, 0x5C, 0xB6, 0xC9, 0x5C, 0x81, 0x04, 0x26, 0x05, 0x86,
    0x01, 0xB7, 0xC9, 0x5C, 0x7C, 0xC9, 0x5D, 0xB6, 0xC9, 0x5D, 0x81, 0x02, 0x26, 0x05, 0x86, 0x00,
    0xB7, 0xC9, 0x5D, 0x39, 0x86, 0x00, 0xB7, 0xC9, 0x63, 0x8E, 0xCA, 0x00, 0xA6, 0x02, 0x27, 0x0A,
    0x34, 0x10, 0xBD, 0x01, 0xB2, 0x7C, 0xC9, 0x63, 0x35, 0x10, 0x30, 0x06, 0x8C, 0xCA, 0x1E, 0x26,
    0xEB, 0x39, 0xB6, 0xC9, 0x18, 0x27, 0x3F, 0xEC, 0x84, 0xFD, 0xC9, 0x03, 0x34, 0x10, 0xA6, 0x02,
    0xE6, 0x02, 0x2C, 0x09, 0xBD, 0xF5, 0x84, 0x47, 0x47, 0x57, 0x57, 0x20, 0x06, 0x47, 0x47, 0x47,
    0x57, 0x57, 0x57, 0xBE, 0xC9, 0x03, 0x10, 0xBE, 0xC9, 0x01, 0x8B, 0x08, 0xCB, 0x08, 0xBD, 0xF8,
    0xFF, 0x35, 0x10, 0x24, 0x11, 0xBD, 0x0A, 0x35, 0x34, 0x10, 0xCC, 0x00, 0x25, 0x8E, 0xCB, 0xEB,
    0xBD, 0xF8, 0x7C, 0x35, 0x10, 0x39, 0xEC, 0x84, 0xFD, 0xC9, 0x03, 0xA6, 0x02, 0xB7, 0xC9, 0x11,
    0x34, 0x10, 0xBD, 0x02, 0x72, 0x35, 0x10, 0xA6, 0x02, 0xBB, 0xC9, 0x20, 0xA7, 0x02, 0xB6, 0xC9,
    0x20, 0x2B, 0x17, 0xA6, 0x02, 0x81, 0xCF, 0x27, 0x06, 0x81, 0xCE, 0x27, 0x02, 0x20, 0x0B, 0x34,
    0x10, 0xBD, 0x0C, 0xD4, 0xBD, 0x0A, 0x35, 0x35, 0x10, 0x39, 0xA6, 0x01, 0xBB, 0xC9, 0x0D, 0xA7,
    0x01, 0xA6, 0x84, 0xBB, 0xC9, 0x0E, 0xA7, 0x84, 0xA6, 0x84, 0x81, 0x7F, 0x27, 0x2F, 0x81, 0x7E,
    0x27, 0x2B, 0x81, 0x7D, 0x27, 0x27, 0x81, 0x80, 0x27, 0x23, 0x81, 0x81, 0x27, 0x1F, 0x81, 0x82,
    0x27, 0x1B, 0xA6, 0x01, 0x81, 0x7F, 0x27, 0x15, 0x81, 0x7E, 0x27, 0x11, 0x81, 0x7D, 0x27, 0x0D,
    0x81, 0x80, 0x27, 0x09, 0x81, 0x81, 0x27, 0x05, 0x81, 0x82, 0x27, 0x01, 0x39, 0x86, 0x00, 0xA7,
    0x02, 0x39, 0xB6, 0xC9, 0x11, 0x81, 0x50, 0x2B, 0x02, 0x86, 0x50, 0xBD, 0xF2, 0xAB, 0xBD, 0xF3,
    0x0C, 0xF6, 0xC9, 0x11, 0x8E, 0x02, 0xA0, 0xBD, 0xF4, 0x0E, 0xBD, 0xF3, 0x54, 0x8E, 0xC9, 0x03,
    0xBD, 0xF3, 0x0C, 0xF6, 0xC9, 0x11, 0x8E, 0x02, 0xD7, 0xBD, 0xF4, 0x0E, 0xBD, 0xF3, 0x54, 0x39,
    0x00, 0x0C, 0xFC, 0xFF, 0xF8, 0xFC, 0xFF, 0xFC, 0xF0, 0xFF, 0xFC, 0x10, 0xFF, 0xF8, 0x04, 0xFF,
    0x00, 0x0C, 0xFF, 0x08, 0x04, 0xFF, 0x04, 0x10, 0xFF, 0x04, 0xF0, 0xFF, 0x08, 0xFC, 0xFF, 0x00,
    0xF4, 0x00, 0xF4, 0x00, 0xFF, 0xFC, 0x04, 0xFF, 0x00, 0x04, 0xFF, 0x04, 0x04, 0xFF, 0x04, 0xFC,
    0xFF, 0x00, 0xFC, 0xFF, 0xFC, 0xFC, 0x01, 0x00, 0x04, 0xEC, 0xFF, 0x0C, 0x00, 0xFF, 0x18, 0xF8,
    0xFF, 0xB0, 0x00, 0xFF, 0x18, 0x08, 0xFF, 0x0C, 0x00, 0x00, 0x00, 0x2C, 0xFF, 0xF4, 0x00, 0xFF,
    0xE8, 0x08, 0xFF, 0x50, 0x00, 0xFF, 0xE8, 0xF8, 0xFF, 0xF4, 0x00, 0x01, 0x00, 0xFA, 0xF4, 0xFF,
    0x06, 0x08, 0xFF, 0x06, 0xF8, 0x00, 0x00, 0x19, 0xFF, 0xFA, 0xF8, 0xFF, 0xFA, 0x08, 0x00, 0xFE,
    0xF5, 0xFF, 0x04, 0x00, 0x00, 0x08, 0x00, 0xFF, 0x04, 0x00, 0x01, 0x39, 0xB6, 0xC9, 0x01, 0x81,
    0x00, 0x26, 0x03, 0x7C, 0xC9, 0x01, 0xB6, 0xC9, 0x02, 0x81, 0x00, 0x26, 0x03, 0x7C, 0xC9, 0x02,
    0x86, 0x50, 0xBD, 0xF2, 0xAB, 0x8E, 0xC9, 0x01, 0xBD, 0xF3, 0x0C, 0x8E, 0x02, 0xFC, 0xC6, 0x40,
    0xBD, 0xF4, 0x0E, 0xBD, 0xF3, 0x54, 0xB6, 0xC9, 0x5D, 0x27, 0x03, 0x7E, 0x04, 0x66, 0xB6, 0xC9,
    0x08, 0x81, 0x00, 0x26, 0x03, 0x7E, 0x04, 0x66, 0x81, 0x50, 0x2B, 0x02, 0x86, 0x7F, 0xBD, 0xF2,
    0xAB, 0xCC, 0x84, 0x80, 0xFD, 0xC9, 0x03, 0x8E, 0xC9, 0x03, 0xBD, 0xF3, 0x0C, 0x86, 0x00, 0xB7,
    0xC8, 0x23, 0x86, 0xFF, 0x97, 0x04, 0xFC, 0xC9, 0x01, 0x8B, 0x7F, 0xCB, 0x83, 0x44, 0x54, 0xBD,
    0xF3, 0xDF, 0xBD, 0xF3, 0x54, 0xCC, 0x80, 0x84, 0xFD, 0xC9, 0x03, 0x8E, 0xC9, 0x03, 0xBD, 0xF3,
    0x0C, 0x86, 0x00, 0xB7, 0xC8, 0x23, 0x86, 0xFF, 0x97, 0x04, 0xFC, 0xC9, 0x01, 0x8B, 0x83, 0xCB,
    0x7F, 0x44, 0x54, 0xBD, 0xF3, 0xDF, 0xBD, 0xF3, 0x54, 0xB6, 0xC9, 0x08, 0x80, 0x10, 0xB7, 0xC9,
    0x08, 0x81, 0x10, 0x2A, 0x05, 0x86, 0x00, 0xB7, 0xC9, 0x08, 0xB6, 0xC9, 0x08, 0x81, 0x50, 0x2B,
    0x02, 0x86, 0x7F, 0xBD, 0xF2, 0xAB, 0xCC, 0x7F, 0x7C, 0xFD, 0xC9, 0x03, 0x8E, 0xC9, 0x03, 0xBD,
    0xF3, 0x0C, 0x86, 0x00, 0xB7, 0xC8, 0x23, 0x86, 0xFF, 0x97, 0x04, 0xF6, 0xC9, 0x02, 0x54, 0x50,
    0xB6, 0xC9, 0x02, 0x81, 0x00, 0x2B, 0x04, 0xCB, 0x3E, 0x20, 0x02, 0xC0, 0x42, 0x50, 0xF7, 0xC9,
    0x03, 0xB6, 0xC9, 0x01, 0x44, 0x40, 0xF6, 0xC9, 0x01, 0xC1, 0x00, 0x2A, 0x04, 0x80, 0x40, 0x20,
    0x02, 0x8B, 0x40, 0x40, 0xF6, 0xC9, 0x03, 0xBD, 0xF3, 0xDF, 0xBD, 0xF3, 0x54, 0xCC, 0x7C, 0x7F,
    0xFD, 0xC9, 0x03, 0x8E, 0xC9, 0x03, 0xBD, 0xF3, 0x0C, 0x86, 0x00, 0xB7, 0xC8, 0x23, 0x86, 0xFF,
    0x97, 0x04, 0xF6, 0xC9, 0x02, 0x54, 0x50, 0xB6, 0xC9, 0x02, 0x81, 0x00, 0x2B, 0x04, 0xCB, 0x3E,
    0x20, 0x02, 0xC0, 0x42, 0x50, 0xF7, 0xC9, 0x03, 0xB6, 0xC9, 0x01, 0x44, 0x40, 0xF6, 0xC9, 0x01,
    0xC1, 0x00, 0x2A, 0x04, 0x80, 0x42, 0x20, 0x02, 0x8B, 0x3E, 0x40, 0xF6, 0xC9, 0x03, 0xBD, 0xF3,
    0xDF, 0xBD, 0xF3, 0x54, 0xB6, 0xC9, 0x0B, 0x80, 0x08, 0xB7, 0xC9, 0x0B, 0x81, 0x10, 0x2A, 0x05,
    0x86, 0x00, 0xB7, 0xC9, 0x0B, 0x39, 0xB6, 0xC9, 0x5D, 0x81, 0x01, 0x27, 0x01, 0x39, 0xB6, 0xC9,
    0x09, 0x81, 0x00, 0x26, 0x01, 0x39, 0x81, 0x50, 0x2B, 0x02, 0x86, 0x7F, 0xBD, 0xF2, 0xAB, 0xCC,
    0x84, 0x7F, 0xFD, 0xC9, 0x03, 0x8E, 0xC9, 0x03, 0xBD, 0xF3, 0x0C, 0x86, 0x00, 0xB7, 0xC8, 0x23,
    0x86, 0xFF, 0x97, 0x04, 0xFC, 0xC9, 0x01, 0x8B, 0x7F, 0x50, 0x44, 0x34, 0x02, 0x54, 0x50, 0xB6,
    0xC9, 0x02, 0x2A, 0x04, 0xC0, 0x42, 0x20, 0x02, 0xCB, 0x3E, 0x35, 0x02, 0xBD, 0xF3, 0xDF, 0xBD,
    0xF3, 0x54, 0xCC, 0x80, 0x7C, 0xFD, 0xC9, 0x03, 0x8E, 0xC9, 0x03, 0xBD, 0xF3, 0x0C, 0x86, 0x00,
    0xB7, 0xC8, 0x23, 0x86, 0xFF, 0x97, 0x04, 0xFC, 0xC9, 0x01, 0x8B, 0x83, 0x50, 0x44, 0x34, 0x02,
    0x54, 0x50, 0xB6, 0xC9, 0x02, 0x2A, 0x04, 0xC0, 0x40, 0x20, 0x02, 0xCB, 0x40, 0x35, 0x02, 0xBD,
    0xF3, 0xDF, 0xBD, 0xF3, 0x54, 0xB6, 0xC9, 0x09, 0x80, 0x10, 0xB7, 0xC9, 0x09, 0x81, 0x10, 0x2A,
    0x06, 0x86, 0x00, 0xB7, 0xC9, 0x09, 0x39, 0xB6, 0xC9, 0x09, 0x81, 0x50, 0x2B, 0x02, 0x86, 0x7F,
    0xBD, 0xF2, 0xAB, 0xCC, 0x7F, 0x84, 0xFD, 0xC9, 0x03, 0x8E, 0xC9, 0x03, 0xBD, 0xF3, 0x0C, 0x86,
    0x00, 0xB7, 0xC8, 0x23, 0x86, 0xFF, 0x97, 0x04, 0xF6, 0xC9, 0x02, 0xCB, 0x7C, 0x54, 0x34, 0x04,
    0xB6, 0xC9, 0x01, 0x40, 0x44, 0xF6, 0xC9, 0x01, 0xC1, 0x00, 0x2B, 0x04, 0x80, 0x40, 0x20, 0x02,
    0x8B, 0x40, 0x40, 0x35, 0x04, 0xBD, 0xF3, 0xDF, 0xBD, 0xF3, 0x54, 0xCC, 0x7C, 0x80, 0xFD, 0xC9,
    0x03, 0x8E, 0xC9, 0x03, 0xBD, 0xF3, 0x0C, 0x86, 0x00, 0xB7, 0xC8, 0x23, 0x86, 0xFF, 0x97, 0x04,
    0xF6, 0xC9, 0x02, 0xCB, 0x7F, 0x54, 0x34, 0x04, 0xB6, 0xC9, 0x01, 0x40, 0x44, 0xF6, 0xC9, 0x01,
    0xC1, 0x00, 0x2B, 0x04, 0x80, 0x42, 0x20, 0x02, 0x8B, 0x3E, 0x40, 0x35, 0x04, 0xBD, 0xF3, 0xDF,
    0xBD, 0xF3, 0x54, 0xB6, 0xC9, 0x0A, 0x80, 0x08, 0xB7, 0xC9, 0x0A, 0x81, 0x10, 0x2A, 0x05, 0x86,
    0x00, 0xB7, 0xC9, 0x0A, 0x39, 0xBD, 0x07, 0x1E, 0x7D, 0xC8, 0x12, 0x27, 0x14, 0xB6, 0xC9, 0x06,
    0x81, 0x01, 0x27, 0x12, 0x86, 0x01, 0xB7, 0xC9, 0x06, 0xBD, 0x07, 0x3D, 0x7F, 0xC9, 0x70, 0x20,
    0x05, 0x86, 0x00, 0xB7, 0xC9, 0x06, 0x7D, 0xC8, 0x15, 0x27, 0x0F, 0xB6, 0xC9, 0x1B, 0x26, 0x0F,
    0x86, 0x01, 0xB7, 0xC9, 0x1B, 0xBD, 0x18, 0xCF, 0x20, 0x05, 0x86, 0x00, 0xB7, 0xC9, 0x1B, 0x86,
    0x01, 0xB7, 0xC9, 0x20, 0xB6, 0xC9, 0x6F, 0x81, 0x01, 0x26, 0x17, 0x7D, 0xC8, 0x13, 0x27, 0x12,
    0x86, 0xFF, 0xB7, 0xC9, 0x20, 0xB6, 0xC9, 0x65, 0x26, 0x08, 0x86, 0x01, 0xB7, 0xC9, 0x64, 0xB7,
    0xC9, 0x65, 0x86, 0x00, 0xB7, 0xC9, 0x07, 0xB7, 0xC9, 0x0B, 0xB7, 0xC9, 0x0A, 0xBD, 0x07, 0x34,
    0xB6, 0xC8, 0x1B, 0x81, 0x00, 0x27, 0x4D, 0x81, 0x00, 0x2A, 0x26, 0x86, 0x03, 0xB7, 0xC9, 0x07,
    0x86, 0x01, 0xB7, 0xC9, 0x0A, 0xB6, 0xC9, 0x02, 0x81, 0x90, 0x27, 0x38, 0x81, 0x91, 0x27, 0x34,
    0x81, 0x92, 0x27, 0x30, 0x81, 0x93, 0x27, 0x2C, 0xB0, 0xC9, 0x0F, 0xB7, 0xC9, 0x02, 0x20, 0x24,
    0x12, 0xB6, 0xC9, 0x02, 0x81, 0x6F, 0x27, 0x1C, 0x81, 0x70, 0x27, 0x18, 0x81, 0x71, 0x27, 0x14,
    0x81, 0x72, 0x27, 0x10, 0xBB, 0xC9, 0x0F, 0xB7, 0xC9, 0x02, 0x86, 0x04, 0xB7, 0xC9, 0x07, 0x86,
    0x02, 0xB7, 0xC9, 0x0A, 0xB6, 0xC8, 0x1C, 0x81, 0x00, 0x27, 0x4C, 0x81, 0x00, 0x2A, 0x25, 0x86,
    0x02, 0xB7, 0xC9, 0x07, 0x86, 0x02, 0xB7, 0xC9, 0x0B, 0xB6, 0xC9, 0x01, 0x81, 0x90, 0x27, 0x37,
    0x81, 0x91, 0x27, 0x33, 0x81, 0x92, 0x27, 0x2F, 0x81, 0x93, 0x27, 0x2B, 0xB0, 0xC9, 0x0F, 0xB7,
    0xC9, 0x01, 0x20, 0x23, 0x86, 0x01, 0xB7, 0xC9, 0x07, 0x86, 0x01, 0xB7, 0xC9, 0x0B, 0xB6, 0xC9,
    0x01, 0x81, 0x6F, 0x27, 0x12, 0x81, 0x70, 0x27, 0x0E, 0x81, 0x71, 0x27, 0x0A, 0x81, 0x72, 0x27,
    0x06, 0xBB, 0xC9, 0x0F, 0xB7, 0xC9, 0x01, 0xB6, 0xC9, 0x02, 0x27, 0x09, 0x2A, 0x03, 0x40, 0x20,
    0x1C, 0x81, 0x0F, 0x2A, 0x04, 0x86, 0x00, 0x20, 0x2E, 0x81, 0x2F, 0x2A, 0x04, 0x86, 0xFF, 0x20,
    0x26, 0x81, 0x5F, 0x2A, 0x04, 0x86, 0xFE, 0x20, 0x1E, 0x86, 0xFC, 0x20, 0x1A, 0x81, 0x0F, 0x2A,
    0x04, 0x86, 0x00, 0x20, 0x12, 0x81, 0x2F, 0x2A, 0x04, 0x86, 0x01, 0x20, 0x0A, 0x81, 0x5F, 0x2A,
    0x04, 0x86, 0x02, 0x20, 0x02, 0x86, 0x03, 0xB7, 0xC9, 0x0D, 0xB6, 0xC9, 0x01, 0x27, 0x09, 0x2A,
    0x03, 0x40, 0x20, 0x1C, 0x81, 0x0F, 0x2A, 0x04, 0x86, 0x00, 0x20, 0x2E, 0x81, 0x2F, 0x2A, 0x04,
    0x86, 0xFF, 0x20, 0x26, 0x81, 0x5F, 0x2A, 0x04, 0x86, 0xFE, 0x20, 0x1E, 0x86, 0xFC, 0x20, 0x1A,
    0x81, 0x0F, 0x2A, 0x04, 0x86, 0x00, 0x20, 0x12, 0x81, 0x2F, 0x2A, 0x04, 0x86, 0x01, 0x20, 0x0A,
    0x81, 0x5F, 0x2A, 0x04, 0x86, 0x02, 0x20, 0x02, 0x86, 0x03, 0xB7, 0xC9, 0x0E, 0x39, 0x4F, 0xBD,
    0xF1, 0xB4, 0x39, 0x8E, 0xC8, 0x1F, 0x86, 0x01, 0xA7, 0x80, 0x86, 0x03, 0xA7, 0x80, 0x4F, 0xA7,
    0x80, 0xA7, 0x80, 0x39, 0x86, 0x4F, 0xB7, 0xC8, 0x23, 0xBD, 0xF1, 0xF8, 0x39, 0xB6, 0xC9, 0x10,
    0x81, 0x01, 0x26, 0x14, 0x86, 0x7F, 0xB7, 0xC9, 0x08, 0xB7, 0xC9, 0x0B, 0x86, 0x05, 0xB7, 0xC9,
    0x18, 0x86, 0x01, 0xB7, 0xC9, 0x5E, 0x20, 0x19, 0xB6, 0xC9, 0x10, 0x81, 0x02, 0x26, 0x12, 0x86,
    0x7F, 0xB7, 0xC9, 0x09, 0xB7, 0xC9, 0x0A, 0x86, 0x05, 0xB7, 0xC9, 0x18, 0x86, 0x01, 0xB7, 0xC9,
    0x5E, 0x7C, 0xC9, 0x10, 0xB6, 0xC9, 0x10, 0x81, 0x03, 0x26, 0x05, 0x86, 0x01, 0xB7, 0xC9, 0x10,
    0x39, 0x8E, 0xCA, 0x20, 0xBD, 0xF5, 0x11, 0xA7, 0x84, 0x30, 0x01, 0x8C, 0xCA, 0x3E, 0x26, 0xF4,
    0x8E, 0xCA, 0x3E, 0xBD, 0x07, 0x9E, 0x30, 0x04, 0x8C, 0xCA, 0x52, 0x26, 0xF6, 0x39, 0x34, 0x10,
    0xCC, 0x00, 0x00, 0xED, 0x84, 0xBD, 0xF1, 0xAF, 0xBD, 0xF5, 0x11, 0xB7, 0xC9, 0x03, 0xF6, 0xC9,
    0x03, 0x86, 0x04, 0xBD, 0xF6, 0x01, 0x35, 0x10, 0xED, 0x02, 0xBD, 0xF1, 0xAA, 0x39, 0x8E, 0xCA,
    0x20, 0xBD, 0x07, 0xCC, 0x30, 0x02, 0x8C, 0xCA, 0x3E, 0x26, 0xF6, 0x39, 0x34, 0x10, 0xBD, 0xF3,
    0x0C, 0x35, 0x10, 0x86, 0x30, 0x8C, 0xCA, 0x2A, 0x2B, 0x09, 0x86, 0x40, 0x8C, 0xCA, 0x34, 0x2B,
    0x02, 0x86, 0x60, 0x34, 0x10, 0xBD, 0xF2, 0xAB, 0xBD, 0xF2, 0xC5, 0xBD, 0xF3, 0x54, 0x35, 0x10,
    0xB6, 0xC9, 0x0D, 0x27, 0x47, 0x8C, 0xCA, 0x2A, 0x2B, 0x33, 0x8C, 0xCA, 0x34, 0x2B, 0x19, 0xB6,
    0xC9, 0x0D, 0x2B, 0x04, 0x2A, 0x0A, 0x20, 0x34, 0x6A, 0x01, 0x6A, 0x01, 0x6A, 0x01, 0x20, 0x2C,
    0x6C, 0x01, 0x6C, 0x01, 0x6C, 0x01, 0x20, 0x24, 0xB6, 0xC9, 0x0D, 0x2B, 0x04, 0x2A, 0x08, 0x20,
    0x1B, 0x6A, 0x01, 0x6A, 0x01, 0x20, 0x15, 0x6C, 0x01, 0x6C, 0x01, 0x20, 0x0F, 0xB6, 0xC9, 0x0D,
    0x2B, 0x04, 0x2A, 0x06, 0x20, 0x06, 0x6A, 0x01, 0x20, 0x02, 0x6C, 0x01, 0xB6, 0xC9, 0x0E, 0x26,
    0x01, 0x39, 0x8C, 0xCA, 0x2A, 0x2B, 0x2D, 0x8C, 0xCA, 0x34, 0x2B, 0x16, 0xB6, 0xC9, 0x0E, 0x2B,
    0x03, 0x2A, 0x08, 0x39, 0x6A, 0x84, 0x6A, 0x84, 0x6A, 0x84, 0x39, 0x6C, 0x84, 0x6C, 0x84, 0x6C,
    0x84, 0x39, 0xB6, 0xC9, 0x0E, 0x2B, 0x03, 0x2A, 0x06, 0x39, 0x6A, 0x84, 0x6A, 0x84, 0x39, 0x6C,
    0x84, 0x6C, 0x84, 0x39, 0xB6, 0xC9, 0x0E, 0x2B, 0x03, 0x2A, 0x04, 0x39, 0x6A, 0x84, 0x39, 0x6C,
    0x84, 0x39, 0x8E, 0xCA, 0x3E, 0x34, 0x10, 0xA6, 0x84, 0xBD, 0xF5, 0x84, 0xBD, 0xF2, 0xAB, 0xBD,
    0xF3, 0x0C, 0xBD, 0xF2, 0xC5, 0xBD, 0xF3, 0x54, 0x35, 0x10, 0xB6, 0xC9, 0x20, 0x2A, 0x01, 0x39,
    0xA6, 0x84, 0xAB, 0x02, 0xA7, 0x84, 0xA6, 0x01, 0xAB, 0x03, 0xA7, 0x01, 0xA6, 0x84, 0x81, 0x7D,
    0x27, 0x36, 0x81, 0x7E, 0x27, 0x32, 0x81, 0x7F, 0x27, 0x2E, 0x81, 0x80, 0x27, 0x2A, 0x81, 0x81,
    0x27, 0x26, 0x81, 0x82, 0x27, 0x22, 0xA6, 0x01, 0x81, 0x7D, 0x27, 0x1C, 0x81, 0x7E, 0x27, 0x18,
    0x81, 0x7F, 0x27, 0x14, 0x81, 0x80, 0x27, 0x10, 0x81, 0x81, 0x27, 0x0C, 0x81, 0x82, 0x27, 0x08,
    0x30, 0x04, 0x8C, 0xCA, 0x52, 0x26, 0x9E, 0x39, 0xBD, 0x07, 0x9E, 0x20, 0x98, 0xB6, 0xC9, 0x61,
    0x26, 0x01, 0x39, 0x8E, 0xCA, 0x00, 0xA6, 0x02, 0x81, 0x00, 0x27, 0x08, 0x30, 0x06, 0x8C, 0xCA,
    0x1E, 0x26, 0xF3, 0x39, 0xBD, 0xF5, 0x11, 0xA7, 0x84, 0xA7, 0x01, 0x86, 0x01, 0xA7, 0x02, 0xB6,
    0xC9, 0x20, 0x81, 0x01, 0x27, 0x04, 0x86, 0xF0, 0xA7, 0x02, 0xCC, 0x00, 0x00, 0xED, 0x03, 0x86,
    0x00, 0xA7, 0x05, 0x39, 0xFF, 0x0C, 0x00, 0xFF, 0x18, 0xF8, 0xFF, 0xB0, 0x00, 0xFF, 0x18, 0x08,
    0xFF, 0x0C, 0x00, 0x01, 0x00, 0x0C, 0xFC, 0xFF, 0xF8, 0xFC, 0xFF, 0xFC, 0xF0, 0xFF, 0xFC, 0x10,
    0xFF, 0xF8, 0x04, 0xFF, 0x00, 0x0C, 0xFF, 0x08, 0x04, 0xFF, 0x04, 0x0C, 0xFF, 0x04, 0xF4, 0xFF,
    0x08, 0xFC, 0xFF, 0x00, 0xF4, 0x01, 0xFF, 0x0C, 0x00, 0xFF, 0x18, 0x08, 0xFF, 0xB0, 0x00, 0xFF,
    0x18, 0xF8, 0xFF, 0x0C, 0x00, 0x01, 0xFF, 0xE4, 0xE4, 0xFF, 0x38, 0x0E, 0xFF, 0xEB, 0x1C, 0xFF,
    0xF9, 0xF2, 0x01, 0xFF, 0xEB, 0xE4, 0xFF, 0xEB, 0x0E, 0xFF, 0x0E, 0x2A, 0xFF, 0x1C, 0xE4, 0x01,
    0xFF, 0xDD, 0x15, 0xFF, 0x1C, 0x07, 0xFF, 0x07, 0xE4, 0x01, 0x8E, 0xCB, 0x00, 0xC6, 0x01, 0xA6,
    0x06, 0x34, 0x04, 0x81, 0x00, 0x26, 0x0B, 0x35, 0x04, 0x30, 0x07, 0x5C, 0x8C, 0xCB, 0x15, 0x2B,
    0xEE, 0x39, 0xC1, 0x01, 0x26, 0x0F, 0xB6, 0xC9, 0x16, 0x27, 0x05, 0xCC, 0x09, 0x66, 0x20, 0x25,
    0xCC, 0x09, 0x24, 0x20, 0x20, 0xC1, 0x02, 0x26, 0x0F, 0xB6, 0xC9, 0x16, 0x27, 0x05, 0xCC, 0x09,
    0x73, 0x20, 0x12, 0xCC, 0x09, 0x34, 0x20, 0x0D, 0xB6, 0xC9, 0x16, 0x27, 0x05, 0xCC, 0x09, 0x80,
    0x20, 0x03, 0xCC, 0x09, 0x56, 0xFD, 0xC9, 0x03, 0x34, 0x10, 0xBD, 0xF3, 0x0C, 0x35, 0x10, 0x34,
    0x10, 0xA6, 0x06, 0xB7, 0xC9, 0x11, 0xA6, 0x04, 0xB7, 0xC9, 0x60, 0xA6, 0x05, 0xCE, 0xC8, 0x80,
    0xBE, 0xC9, 0x03, 0xBD, 0xF6, 0x1F, 0xB6, 0xC9, 0x11, 0x81, 0x50, 0x2B, 0x02, 0x86, 0x50, 0xBD,
    0xF2, 0xAB, 0x8E, 0xC8, 0x80, 0xF6, 0xCB, 0x04, 0xBD, 0xF4, 0x0E, 0xBD, 0xF3, 0x54, 0x35, 0x10,
    0xA6, 0x84, 0xAB, 0x02, 0xA7, 0x84, 0xA6, 0x01, 0xAB, 0x03, 0xA7, 0x01, 0x6C, 0x05, 0x6C, 0x05,
    0x6A, 0x06, 0x6A, 0x06, 0x6A, 0x06, 0x6A, 0x06, 0xA6, 0x06, 0x81, 0x20, 0x2A, 0x04, 0x86, 0x00,
    0xA7, 0x06, 0x7E, 0x09, 0x97, 0xA6, 0x02, 0xB7, 0xCB, 0x04, 0x86, 0x00, 0xA7, 0x02, 0xEC, 0x84,
    0xFD, 0xCB, 0x00, 0xC0, 0x08, 0xFD, 0xCB, 0x07, 0xCB, 0x10, 0xFD, 0xCB, 0x0E, 0x34, 0x10, 0xBD,
    0xF5, 0x11, 0x35, 0x10, 0x81, 0x00, 0x2A, 0x08, 0xCC, 0x01, 0xFE, 0xFD, 0xCB, 0x02, 0x20, 0x06,
    0xCC, 0xFE, 0x01, 0xFD, 0xCB, 0x02, 0xCC, 0xFF, 0x01, 0xFD, 0xCB, 0x09, 0xCC, 0x02, 0x01, 0xFD,
    0xCB, 0x10, 0x86, 0x7F, 0xB7, 0xCB, 0x06, 0xB7, 0xCB, 0x0D, 0xB7, 0xCB, 0x14, 0xB7, 0xCB, 0x0B,
    0xB7, 0xCB, 0x12, 0x34, 0x10, 0xBD, 0x18, 0x1F, 0x35, 0x10, 0xB6, 0xC9, 0x61, 0x27, 0x03, 0x7A,
    0xC9, 0x61, 0x39, 0x00, 0x50, 0x00, 0xFF, 0xB8, 0x08, 0xFF, 0xF8, 0x48, 0xFF, 0xF8, 0xB8, 0xFF,
    0xB8, 0xF8, 0xFF, 0x48, 0xF8, 0xFF, 0x08, 0xB8, 0xFF, 0x08, 0x48, 0xFF, 0x48, 0x08, 0x01, 0xFF,
    0x27, 0x00, 0x00, 0xD9, 0xD9, 0xFF, 0x00, 0x4E, 0x00, 0x00, 0xD9, 0xFF, 0xD9, 0x00, 0x01, 0x8E,
    0xCA, 0x00, 0xA6, 0x02, 0x26, 0x08, 0x30, 0x06, 0x8C, 0xCA, 0x1E, 0x26, 0xF5, 0x39, 0xEC, 0x84,
    0xFD, 0xC9, 0x03, 0x8E, 0xCA, 0x52, 0xA6, 0x02, 0x27, 0x08, 0x30, 0x05, 0x8C, 0xCA, 0x61, 0x26,
    0xF5, 0x39, 0xFC, 0xC9, 0x03, 0xED, 0x84, 0x86, 0x01, 0xA7, 0x02, 0xCC, 0x00, 0x00, 0xED, 0x03,
    0xC6, 0x00, 0xA6, 0x84, 0x27, 0x1E, 0x81, 0x3F, 0x2C, 0x02, 0x20, 0x0A, 0x81, 0x7F, 0x2F, 0x02,
    0x20, 0x04, 0xC6, 0xFF, 0x20, 0x0E, 0x81, 0xC0, 0x2F, 0x02, 0x20, 0x08, 0x81, 0x80, 0x2C, 0x02,
    0x20, 0x02, 0xC6, 0x01, 0xE7, 0x03, 0xC6, 0x00, 0xA6, 0x01, 0x27, 0x1E, 0x81, 0x3F, 0x2C, 0x02,
    0x20, 0x0A, 0x81, 0x7F, 0x2F, 0x02, 0x20, 0x04, 0xC6, 0xFF, 0x20, 0x0E, 0x81, 0xC0, 0x2F, 0x02,
    0x20, 0x08, 0x81, 0x80, 0x2C, 0x02, 0x20, 0x02, 0xC6, 0x01, 0xE7, 0x04, 0x86, 0xB0, 0xB7, 0xC9,
    0x5F, 0x39, 0x8E, 0xCA, 0x52, 0xA6, 0x02, 0x27, 0x07, 0x34, 0x10, 0xBD, 0x0B, 0x58, 0x35, 0x10,
    0x30, 0x05, 0x8C, 0xCA, 0x61, 0x26, 0xEE, 0x39, 0x81, 0x6D, 0x2A, 0x1B, 0xA6, 0x84, 0xAB, 0x03,
    0xBB, 0xC9, 0x0E, 0xA7, 0x84, 0xA6, 0x01, 0xAB, 0x04, 0xBB, 0xC9, 0x0D, 0xA7, 0x01, 0xA6, 0x84,
    0x81, 0x80, 0x26, 0x03, 0x7E, 0x0B, 0xFF, 0x6C, 0x02, 0x6C, 0x02, 0xA6, 0x02, 0x81, 0x6D, 0x2A,
    0x63, 0xA6, 0x84, 0x81, 0x80, 0x27, 0x5B, 0x81, 0x81, 0x27, 0x57, 0x81, 0x82, 0x27, 0x53, 0x81,
    0x7F, 0x27, 0x4F, 0x81, 0x7E, 0x27, 0x4B, 0x81, 0x7D, 0x27, 0x7C, 0xA6, 0x01, 0x81, 0x80, 0x27,
    0x76, 0x81, 0x81, 0x27, 0x72, 0x81, 0x82, 0x27, 0x6E, 0x81, 0x7F, 0x27, 0x6A, 0x81, 0x7E, 0x27,
    0x66, 0x81, 0x7D, 0x27, 0x62, 0xB6, 0xC9, 0x18, 0x27, 0x2A, 0xEC, 0x84, 0xFD, 0xC9, 0x03, 0x34,
    0x10, 0xA6, 0x02, 0xE6, 0x02, 0x2C, 0x07, 0xBD, 0xF5, 0x84, 0x47, 0x57, 0x20, 0x04, 0x47, 0x47,
    0x57, 0x57, 0xBE, 0xC9, 0x03, 0x10, 0xBE, 0xC9, 0x01, 0xBD, 0xF8, 0xFF, 0x35, 0x10, 0x24, 0x04,
    0x20, 0x1D, 0x20, 0x33, 0xA6, 0x02, 0x81, 0x6D, 0x27, 0x0D, 0x81, 0x6C, 0x27, 0x09, 0x81, 0x7E,
    0x27, 0x25, 0x81, 0x7F, 0x27, 0x21, 0x39, 0x86, 0x00, 0xA7, 0x02, 0xBD, 0x0C, 0xD4, 0x39, 0x86,
    0x6E, 0xA7, 0x02, 0x34, 0x10, 0xCE, 0x18, 0x39, 0xBD, 0xF2, 0x7D, 0xCC, 0x00, 0x10, 0x8E, 0xCB,
    0xEB, 0xBD, 0xF8, 0x7C, 0x35, 0x10, 0x39, 0x86, 0x00, 0xA7, 0x02, 0x39, 0xB6, 0xC9, 0x5C, 0x8E,
    0xCA, 0x52, 0x81, 0x01, 0x27, 0x0A, 0x8E, 0xCA, 0x57, 0x81, 0x02, 0x27, 0x03, 0x8E, 0xCA, 0x5C,
    0x86, 0x60, 0xBD, 0xF2, 0xAB, 0xE6, 0x02, 0x27, 0x3F, 0xF7, 0xC9, 0x11, 0xBD, 0xF3, 0x0C, 0xCE,
    0xC8, 0x80, 0x8E, 0x0A, 0x93, 0xB6, 0xC9, 0x11, 0x81, 0x6E, 0x2B, 0x18, 0x8E, 0x18, 0x5F, 0x81,
    0x72, 0x2B, 0x11, 0x8E, 0x18, 0x7B, 0x81, 0x76, 0x2B, 0x0A, 0x8E, 0x18, 0x97, 0x81, 0x7A, 0x2B,
    0x03, 0x8E, 0x18, 0xB3, 0xB6, 0xC9, 0x1A, 0xBD, 0xF6, 0x1F, 0x8E, 0xC8, 0x80, 0xF6, 0xC9, 0x11,
    0xCB, 0x20, 0xBD, 0xF4, 0x0E, 0xBD, 0xF3, 0x54, 0x39, 0xB6, 0xC9, 0x1D, 0x81, 0x00, 0x26, 0x01,
    0x39, 0x2A, 0x02, 0x86, 0x7F, 0xBD, 0xF2, 0xAB, 0xCC, 0x7F, 0x80, 0xFD, 0xC9, 0x03, 0x8E, 0xC9,
    0x03, 0xBD, 0xF3, 0x0C, 0x8E, 0x0C, 0xBD, 0xBD, 0xF4, 0x04, 0xBD, 0xF3, 0x54, 0xCC, 0x7F, 0x00,
    0xFD, 0xC9, 0x03, 0x8E, 0xC9, 0x03, 0xBD, 0xF3, 0x0C, 0x8E, 0x0C, 0xC7, 0xC6, 0x7F, 0xBD, 0xF4,
    0x0E, 0xBD, 0xF3, 0x54, 0xB6, 0xC9, 0x1D, 0x80, 0x08, 0xB7, 0xC9, 0x1D, 0x39, 0xFF, 0x80, 0x7F,
    0x00, 0x00, 0x80, 0xFF, 0x7F, 0x7F, 0x01, 0xFF, 0x80, 0x7F, 0xFF, 0x80, 0x80, 0xFF, 0x7F, 0x80,
    0xFF, 0x7F, 0x7F, 0x01, 0xB6, 0xC8, 0xFF, 0x81, 0xFF, 0x27, 0x24, 0x7A, 0xC8, 0xFF, 0xB6, 0xC8,
    0xFF, 0x81, 0xFF, 0x26, 0x06, 0xCC, 0x02, 0x00, 0xFD, 0xC8, 0xFC, 0x86, 0xF0, 0xB7, 0xC9, 0x1D,
    0x86, 0x60, 0xB7, 0xC9, 0x67, 0x86, 0x08, 0xB7, 0xC9, 0x68, 0x86, 0x70, 0xB7, 0xC9, 0x1F, 0x39,
    0xBD, 0x1C, 0xB1, 0xBD, 0x21, 0x17, 0xCC, 0x60, 0xA0, 0xFD, 0xC9, 0x32, 0xCC, 0x60, 0x60, 0xFD,
    0xC9, 0x34, 0xCC, 0xB0, 0xA0, 0xFD, 0xC9, 0x36, 0xCC, 0xB0, 0x60, 0xFD, 0xC9, 0x38, 0xCC, 0xD0,
    0xA0, 0xFD, 0xC9, 0x3A, 0xCC, 0xD0, 0x60, 0xFD, 0xC9, 0x3C, 0x8E, 0x01, 0x00, 0xBF, 0xC9, 0x3E,
    0x86, 0x01, 0xB7, 0xC9, 0x41, 0xB7, 0xC9, 0x06, 0x86, 0x80, 0xB7, 0xC9, 0x44, 0x8E, 0x04, 0x00,
    0xBF, 0xC9, 0x4A, 0x86, 0x00, 0xB7, 0xC9, 0x4C, 0xB7, 0xC9, 0x48, 0xB6, 0xC9, 0x6D, 0xB7, 0xC9,
    0x21, 0x8E, 0xC9, 0x80, 0x86, 0x00, 0xA7, 0x84, 0x30, 0x01, 0x8C, 0xCB, 0x00, 0x26, 0xF7, 0xBD,
    0xF5, 0x11, 0x81, 0x00, 0x2B, 0xF9, 0x81, 0x1F, 0x2A, 0xF5, 0xB7, 0xC9, 0x40, 0x86, 0x03, 0xB7,
    0xC9, 0x6F, 0x86, 0x01, 0xB7, 0xC9, 0x70, 0xBD, 0xF1, 0x92, 0xBD, 0x16, 0x21, 0xBD, 0x17, 0x27,
    0xBD, 0x0E, 0xAA, 0xBE, 0xC8, 0xFC, 0x8C, 0x00, 0x00, 0x27, 0x0D, 0x30, 0x1F, 0xBF, 0xC8, 0xFC,
    0x8C, 0x00, 0x00, 0x26, 0x09, 0x7E, 0x00, 0x3B, 0xBD, 0x03, 0x1C, 0xBD, 0x05, 0x85, 0xBD, 0x0B,
    0x42, 0xBD, 0x0C, 0x1C, 0xBD, 0x0C, 0x79, 0xBD, 0x0D, 0xDC, 0xBD, 0x11, 0x14, 0xBD, 0x14, 0x20,
    0xBD, 0x17, 0x27, 0xB6, 0xC9, 0x4C, 0x81, 0x00, 0x27, 0xBD, 0x86, 0x01, 0xB7, 0xC9, 0x6C, 0xB6,
    0xC9, 0x70, 0x27, 0x12, 0xCC, 0x50, 0x00, 0x8E, 0xCB, 0xEB, 0xBD, 0xF8, 0x7C, 0xCC, 0x50, 0x00,
    0x8E, 0xCB, 0xEB, 0xBD, 0xF8, 0x7C, 0xBD, 0x13, 0x1A, 0x7E, 0x19, 0x34, 0xB6, 0xC9, 0x1A, 0x8B,
    0x01, 0xB7, 0xC9, 0x1A, 0x7A, 0xC9, 0x21, 0xB6, 0xC9, 0x21, 0x81, 0x00, 0x26, 0x0E, 0xBD, 0x20,
    0x9B, 0xBD, 0xF5, 0x11, 0x84, 0x0A, 0xBB, 0xC9, 0x6D, 0xB7, 0xC9, 0x21, 0xB6, 0xC9, 0x41, 0x40,
    0xB7, 0xC9, 0x41, 0x7A, 0xC9, 0x44, 0xB6, 0xC9, 0x44, 0x81, 0x00, 0x26, 0x08, 0x86, 0x10, 0xB7,
    0xC9, 0x44, 0xBD, 0x12, 0x90, 0xB6, 0xC9, 0x18, 0x81, 0x00, 0x27, 0x03, 0x7A, 0xC9, 0x18, 0xBE,
    0xC9, 0x4A, 0x8C, 0x00, 0x00, 0x27, 0x02, 0x30, 0x1F, 0xBF, 0xC9, 0x4A, 0x39, 0x8E, 0xCA, 0xBC,
    0xA6, 0x04, 0x81, 0x00, 0x27, 0x09, 0x30, 0x05, 0x8C, 0xCA, 0xDA, 0x2B, 0xF3, 0x20, 0x29, 0xBD,
    0x0E, 0x74, 0x81, 0x01, 0x27, 0x01, 0x39, 0x34, 0x10, 0x86, 0xB0, 0xB7, 0xC9, 0x5F, 0xBD, 0xF5,
    0x11, 0x2A, 0x05, 0xCC, 0x1F, 0xF0, 0x20, 0x03, 0xCC, 0x1F, 0x0F, 0x35, 0x10, 0xB0, 0xC9, 0x40,
    0xED, 0x84, 0x86, 0x01, 0xA7, 0x04, 0xA7, 0x02, 0xBD, 0xF5, 0x11, 0x2A, 0x03, 0xBD, 0x0E, 0x9A,
    0xBD, 0x0E, 0x9A, 0x39, 0x10, 0x8E, 0xC9, 0x80, 0xA6, 0x28, 0x81, 0x00, 0x26, 0x0B, 0x31, 0x2A,
    0x10, 0x8C, 0xC9, 0xB0, 0x2B, 0xF2, 0x86, 0x01, 0x39, 0xA6, 0xA4, 0xE6, 0x21, 0xED, 0x84, 0x86,
    0x01, 0xA7, 0x02, 0xA6, 0x24, 0xA7, 0x04, 0x86, 0x01, 0x39, 0x7C, 0xC9, 0x40, 0xB6, 0xC9, 0x40,
    0x81, 0x20, 0x26, 0x05, 0x86, 0x00, 0xB7, 0xC9, 0x40, 0x39, 0x86, 0x30, 0xBD, 0xF2, 0xAB, 0x86,
    0x09, 0x8E, 0x15, 0x7B, 0x34, 0x02, 0x34, 0x10, 0xBD, 0xF3, 0x0C, 0xBD, 0xF2, 0xC5, 0xBD, 0xF3,
    0x54, 0x35, 0x10, 0x35, 0x02, 0x30, 0x02, 0x4A, 0x26, 0xEA, 0x86, 0x60, 0xBD, 0xF2, 0xAB, 0xCC,
    0x1F, 0xF0, 0xFD, 0xC9, 0x03, 0x8E, 0xC9, 0x03, 0xBD, 0xF3, 0x0C, 0xCC, 0x00, 0x00, 0xFD, 0xC9,
    0x03, 0x8E, 0xC9, 0x03, 0xBD, 0xF3, 0x08, 0xFC, 0xC8, 0x25, 0x57, 0xC4, 0x03, 0x8E, 0xF0, 0xFD,
    0xE6, 0x85, 0xF7, 0xC8, 0x29, 0x8E, 0xC9, 0x32, 0x86, 0x00, 0xBD, 0xF4, 0x34, 0xBD, 0xF3, 0x54,
    0xCC, 0x1F, 0x0F, 0xFD, 0xC9, 0x03, 0x8E, 0xC9, 0x03, 0xBD, 0xF3, 0x0C, 0xFC, 0xC8, 0x25, 0x57,
    0xC4, 0x03, 0x8E, 0xF0, 0xFD, 0xE6, 0x85, 0xF7, 0xC8, 0x29, 0xCC, 0x00, 0x00, 0xFD, 0xC9, 0x03,
    0x8E, 0xC9, 0x03, 0xBD, 0xF3, 0x08, 0x8E, 0xC9, 0x34, 0x86, 0x00, 0xBD, 0xF4, 0x34, 0xBD, 0xF3,
    0x54, 0xCC, 0x00, 0xF0, 0xFD, 0xC9, 0x03, 0x8E, 0xC9, 0x03, 0xBD, 0xF3, 0x0C, 0xFC, 0xC8, 0x25,
    0x57, 0xC4, 0x03, 0x8E, 0xF0, 0xFD, 0xE6, 0x85, 0xF7, 0xC8, 0x29, 0xCC, 0x00, 0x00, 0xFD, 0xC9,
    0x03, 0x8E, 0xC9, 0x03, 0xBD, 0xF3, 0x08, 0x8E, 0xC9, 0x36, 0x86, 0x00, 0xBD, 0xF4, 0x34, 0xBD,
    0xF3, 0x54, 0xCC, 0x00, 0x0F, 0xFD, 0xC9, 0x03, 0x8E, 0xC9, 0x03, 0xBD, 0xF3, 0x0C, 0xFC, 0xC8,
    0x25, 0x57, 0xC4, 0x03, 0x8E, 0xF0, 0xFD, 0xE6, 0x85, 0xF7, 0xC8, 0x29, 0xCC, 0x00, 0x00, 0xFD,
    0xC9, 0x03, 0x8E, 0xC9, 0x03, 0xBD, 0xF3, 0x08, 0x8E, 0xC9, 0x38, 0x86, 0x00, 0xBD, 0xF4, 0x34,
    0xBD, 0xF3, 0x54, 0xCC, 0x00, 0xF0, 0xFD, 0xC9, 0x03, 0x8E, 0xC9, 0x03, 0xBD, 0xF3, 0x0C, 0xFC,
    0xC8, 0x25, 0x57, 0xC4, 0x03, 0x8E, 0xF0, 0xFD, 0xE6, 0x85, 0xF7, 0xC8, 0x29, 0xCC, 0x00, 0x00,
    0xFD, 0xC9, 0x03, 0x8E, 0xC9, 0x03, 0xBD, 0xF3, 0x08, 0x8E, 0xC9, 0x3A, 0x86, 0x00, 0xBD, 0xF4,
    0x34, 0xBD, 0xF3, 0x54, 0xCC, 0x00, 0x0F, 0xFD, 0xC9, 0x03, 0x8E, 0xC9, 0x03, 0xBD, 0xF3, 0x0C,
    0xFC, 0xC8, 0x25, 0x57, 0xC4, 0x03, 0x8E, 0xF0, 0xFD, 0xE6, 0x85, 0xF7, 0xC8, 0x29, 0xCC, 0x00,
    0x00, 0xFD, 0xC9, 0x03, 0x8E, 0xC9, 0x03, 0xBD, 0xF3, 0x08, 0x8E, 0xC9, 0x3C, 0x86, 0x00, 0xBD,
    0xF4, 0x34, 0xBD, 0xF3, 0x54, 0x86, 0x50, 0xBD, 0xF2, 0xAB, 0xCC, 0x1F, 0xF0, 0xFD, 0xC9, 0x03,
    0x8E, 0xC9, 0x03, 0xBD, 0xF3, 0x0C, 0xC6, 0x7F, 0x8E, 0x14, 0x70, 0xBD, 0xF4, 0x0E, 0xBD, 0xF3,
    0x54, 0xB6, 0xC9, 0x0A, 0x81, 0x02, 0x26, 0x48, 0x7A, 0xC9, 0x33, 0x7A, 0xC9, 0x35, 0x7A, 0xC9,
    0x37, 0x7A, 0xC9, 0x39, 0x7A, 0xC9, 0x3B, 0x7A, 0xC9, 0x3D, 0xB6, 0xC9, 0x35, 0x81, 0x2F, 0x26,
    0x16, 0x86, 0x30, 0xB7, 0xC9, 0x35, 0x7C, 0xC9, 0x33, 0x7C, 0xC9, 0x37, 0x7C, 0xC9, 0x39, 0x7C,
    0xC9, 0x3B, 0x7C, 0xC9, 0x3D, 0x20, 0x19, 0xB6, 0xC9, 0x33, 0x81, 0x7F, 0x26, 0x12, 0x7C, 0xC9,
    0x33, 0x7C, 0xC9, 0x35, 0x7C, 0xC9, 0x37, 0x7C, 0xC9, 0x39, 0x7C, 0xC9, 0x3B, 0x7C, 0xC9, 0x3D,
    0xB6, 0xC9, 0x0A, 0x81, 0x01, 0x26, 0x48, 0x7C, 0xC9, 0x35, 0x7C, 0xC9, 0x33, 0x7C, 0xC9, 0x37,
    0x7C, 0xC9, 0x39, 0x7C, 0xC9, 0x3B, 0x7C, 0xC9, 0x3D, 0xB6, 0xC9, 0x35, 0x81, 0x80, 0x26, 0x16,
    0x86, 0x7F, 0xB7, 0xC9, 0x35, 0x7A, 0xC9, 0x33, 0x7A, 0xC9, 0x37, 0x7A, 0xC9, 0x39, 0x7A, 0xC9,
    0x3B, 0x7A, 0xC9, 0x3D, 0x20, 0x19, 0xB6, 0xC9, 0x33, 0x81, 0xD0, 0x26, 0x12, 0x7A, 0xC9, 0x33,
    0x7A, 0xC9, 0x35, 0x7A, 0xC9, 0x37, 0x7A, 0xC9, 0x39, 0x7A, 0xC9, 0x3B, 0x7A, 0xC9, 0x3D, 0xB6,
    0xC9, 0x0B, 0x81, 0x02, 0x26, 0x2B, 0x7C, 0xC9, 0x32, 0x7C, 0xC9, 0x34, 0x7C, 0xC9, 0x36, 0x7C,
    0xC9, 0x38, 0x7C, 0xC9, 0x3A, 0x7C, 0xC9, 0x3C, 0xB6, 0xC9, 0x32, 0x81, 0x7F, 0x26, 0x12, 0x7A,
    0xC9, 0x32, 0x7A, 0xC9, 0x34, 0x7A, 0xC9, 0x36, 0x7A, 0xC9, 0x38, 0x7A, 0xC9, 0x3A, 0x7A, 0xC9,
    0x3C, 0xB6, 0xC9, 0x0B, 0x81, 0x01, 0x26, 0x2B, 0x7A, 0xC9, 0x32, 0x7A, 0xC9, 0x34, 0x7A, 0xC9,
    0x36, 0x7A, 0xC9, 0x38, 0x7A, 0xC9, 0x3A, 0x7A, 0xC9, 0x3C, 0xB6, 0xC9, 0x36, 0x81, 0x80, 0x26,
    0x12, 0x7C, 0xC9, 0x32, 0x7C, 0xC9, 0x34, 0x7C, 0xC9, 0x36, 0x7C, 0xC9, 0x38, 0x7C, 0xC9, 0x3A,
    0x7C, 0xC9, 0x3C, 0x39, 0x8E, 0xCA, 0x80, 0xA6, 0x08, 0x81, 0x00, 0x27, 0x02, 0x20, 0x08, 0x30,
    0x0A, 0x8C, 0xCA, 0xBC, 0x2B, 0xF1, 0x39, 0x34, 0x10, 0xE6, 0x04, 0xF7, 0xC9, 0x03, 0x86, 0x2A,
    0xC1, 0x10, 0x2B, 0x0E, 0x86, 0x40, 0xC1, 0x1A, 0x2B, 0x08, 0x86, 0x50, 0xC1, 0x2A, 0x2B, 0x02,
    0x86, 0x60, 0xBD, 0xF2, 0xAB, 0xBD, 0xF3, 0x0C, 0x35, 0x10, 0x34, 0x10, 0xA6, 0x08, 0x8E, 0x15,
    0x37, 0x81, 0x01, 0x27, 0x1C, 0x8E, 0x15, 0x59, 0x81, 0x02, 0x27, 0x15, 0x8E, 0x14, 0x7E, 0x81,
    0x03, 0x27, 0x0E, 0x8E, 0x14, 0xA0, 0x81, 0x04, 0x27, 0x07, 0x8E, 0x14, 0x57, 0x81, 0x05, 0x27,
    0x00, 0xF6, 0xC9, 0x03, 0xBD, 0xF4, 0x0E, 0xBD, 0xF3, 0x54, 0x35, 0x10, 0xB6, 0xC9, 0x41, 0x81,
    0x01, 0x26, 0x0C, 0xA6, 0x84, 0xAB, 0x02, 0xA7, 0x84, 0xA6, 0x08, 0x81, 0x05, 0x27, 0x43, 0xA6,
    0x01, 0xAB, 0x03, 0xA7, 0x01, 0xB6, 0xC9, 0x41, 0x81, 0x01, 0x26, 0x22, 0xB6, 0xC9, 0x0B, 0x81,
    0x02, 0x26, 0x04, 0x6C, 0x84, 0x20, 0x06, 0x81, 0x01, 0x26, 0x02, 0x6A, 0x84, 0xB6, 0xC9, 0x0A,
    0x81, 0x01, 0x26, 0x04, 0x6C, 0x01, 0x20, 0x06, 0x81, 0x02, 0x26, 0x02, 0x6A, 0x01, 0x6C, 0x04,
    0xA6, 0x01, 0x81, 0x6F, 0x2A, 0x02, 0x20, 0x0A, 0x81, 0x90, 0x2B, 0x02, 0x20, 0x04, 0x86, 0x00,
    0xA7, 0x08, 0xA6, 0x08, 0x81, 0x03, 0x27, 0x49, 0x81, 0x04, 0x27, 0x45, 0x81, 0x05, 0x27, 0x41,
    0x34, 0x10, 0xEC, 0x84, 0xFD, 0xC9, 0x03, 0x1C, 0xFE, 0xB6, 0xC9, 0x18, 0x81, 0x00, 0x27, 0x0D,
    0xBE, 0xC9, 0x03, 0x10, 0xBE, 0xC9, 0x01, 0xCC, 0x08, 0x08, 0xBD, 0xF8, 0xFF, 0x35, 0x10, 0x25,
    0x02, 0x20, 0x1E, 0x34, 0x10, 0xBD, 0x18, 0x1F, 0xCC, 0x00, 0x25, 0x8E, 0xCB, 0xEB, 0xBD, 0xF8,
    0x7C, 0x35, 0x10, 0xA6, 0x08, 0x81, 0x01, 0x27, 0x04, 0x86, 0x04, 0x20, 0x02, 0x86, 0x03, 0xA7,
    0x08, 0xA6, 0x08, 0x81, 0x03, 0x27, 0x0B, 0x81, 0x04, 0x27, 0x07, 0x81, 0x05, 0x27, 0x18, 0x7E,
    0x11, 0x1F, 0xA6, 0x04, 0x8B, 0x10, 0xA7, 0x04, 0x44, 0x81, 0x50, 0x2A, 0x03, 0x7E, 0x11, 0x1F,
    0x86, 0x00, 0xA7, 0x08, 0x7E, 0x11, 0x1F, 0xBD, 0x12, 0x65, 0xA6, 0x84, 0x81, 0x80, 0x2A, 0x02,
    0x20, 0xF2, 0x81, 0xA0, 0x2B, 0x02, 0x20, 0xEC, 0xCC, 0x04, 0x00, 0xFD, 0xC9, 0x4A, 0x86, 0x00,
    0xB7, 0xC9, 0x48, 0x20, 0xDB, 0xA6, 0x84, 0x81, 0xC0, 0x2B, 0x01, 0x39, 0x81, 0xA1, 0x2A, 0x01,
    0x39, 0xEC, 0x84, 0xFD, 0xC9, 0x03, 0x34, 0x10, 0xBE, 0xC9, 0x03, 0x10, 0xBE, 0xC9, 0x01, 0xCC,
    0x0D, 0x0D, 0xBD, 0xF8, 0xFF, 0x35, 0x10, 0x25, 0x01, 0x39, 0x86, 0x01, 0xB7, 0xC9, 0x4C, 0x39,
    0x8E, 0xCA, 0x80, 0xA6, 0x08, 0x81, 0x00, 0x27, 0x08, 0x30, 0x0A, 0x8C, 0xCA, 0xBC, 0x2B, 0xF3,
    0x39, 0xB6, 0xC9, 0x48, 0x81, 0x01, 0x27, 0x0C, 0x10, 0xBE, 0xC9, 0x4A, 0x10, 0x8C, 0x00, 0x00,
    0x26, 0x02, 0x20, 0x43, 0xBD, 0x13, 0x12, 0x81, 0x00, 0x2B, 0x1F, 0xCC, 0x0F, 0x0F, 0xED, 0x84,
    0xCC, 0x00, 0x01, 0xED, 0x02, 0x86, 0x01, 0xA7, 0x04, 0x86, 0x02, 0xA7, 0x08, 0xBD, 0x13, 0x12,
    0x81, 0x00, 0x2B, 0x22, 0xCC, 0x01, 0x01, 0xED, 0x02, 0x39, 0xCC, 0x0F, 0xF0, 0xED, 0x84, 0xCC,
    0x00, 0xFF, 0xED, 0x02, 0x86, 0x01, 0xA7, 0x04, 0xA7, 0x08, 0xBD, 0x13, 0x12, 0x81, 0x00, 0x2B,
    0x05, 0xCC, 0x01, 0xFF, 0xED, 0x02, 0x39, 0x8E, 0xCA, 0x80, 0xCC, 0x00, 0x00, 0xED, 0x84, 0xCC,
    0xFF, 0x00, 0xED, 0x02, 0x86, 0x01, 0xA7, 0x04, 0x86, 0x05, 0xA7, 0x08, 0x86, 0x01, 0xB7, 0xC9,
    0x48, 0x39, 0x34, 0x10, 0xBD, 0xF5, 0x11, 0x35, 0x10, 0x39, 0xCC, 0x00, 0x00, 0xFD, 0xC9, 0x45,
    0xB7, 0xC9, 0x59, 0x86, 0xFF, 0xF6, 0xC9, 0x6C, 0x26, 0x02, 0x86, 0x00, 0xB7, 0xC9, 0x47, 0xBD,
    0xF1, 0x92, 0xBD, 0x08, 0x82, 0xBD, 0x13, 0xC4, 0xBD, 0x03, 0x1C, 0xBD, 0x05, 0x85, 0xBD, 0x14,
    0x20, 0xBD, 0x17, 0x27, 0xBD, 0x0C, 0x79, 0xB6, 0xC9, 0x6C, 0x26, 0x0B, 0x7C, 0xC9, 0x47, 0xB6,
    0xC9, 0x47, 0x81, 0xFF, 0x26, 0xD9, 0x39, 0x7A, 0xC9, 0x47, 0xB6, 0xC9, 0x47, 0x81, 0x00, 0x27,
    0x02, 0x20, 0xCC, 0x8E, 0xCA, 0x80, 0x86, 0x02, 0xA7, 0x84, 0x30, 0x0A, 0x48, 0x8C, 0xCA, 0xBC,
    0x2B, 0xF6, 0xBD, 0x21, 0x3D, 0xBD, 0xF1, 0x92, 0xBD, 0xF2, 0xA9, 0xBD, 0x13, 0x89, 0xBD, 0x13,
    0xFF, 0xB6, 0xC9, 0x59, 0x81, 0x1A, 0x2B, 0xED, 0x39, 0x8E, 0xCA, 0x80, 0x34, 0x10, 0xCC, 0x00,
    0x00, 0xFD, 0xC9, 0x03, 0x8E, 0xC9, 0x03, 0xBD, 0xF3, 0x0C, 0x35, 0x10, 0xE6, 0x84, 0x34, 0x10,
    0x8E, 0x15, 0x8D, 0xBD, 0xF4, 0x0E, 0xBD, 0xF3, 0x54, 0x35, 0x10, 0xA6, 0x84, 0x8B, 0x02, 0xA7,
    0x84, 0x81, 0xFC, 0x2B, 0x07, 0x81, 0xFF, 0x2A, 0x03, 0x7C, 0xC9, 0x59, 0x30, 0x0A, 0x8C, 0xCA,
    0xBC, 0x2B, 0xC9, 0x39, 0x86, 0x50, 0xBD, 0xF2, 0xAB, 0x8E, 0xC9, 0x45, 0xBD, 0xF3, 0x0C, 0x8E,
    0x14, 0xC2, 0xF6, 0xC9, 0x47, 0xBD, 0xF4, 0x0E, 0xBD, 0xF3, 0x54, 0x8E, 0xC9, 0x45, 0xBD, 0xF3,
    0x0C, 0x8E, 0x14, 0xEA, 0xF6, 0xC9, 0x47, 0xBD, 0xF4, 0x0E, 0xBD, 0xF3, 0x54, 0x8E, 0xC9, 0x45,
    0xBD, 0xF3, 0x0C, 0x8E, 0x15, 0x0C, 0xF6, 0xC9, 0x47, 0xBD, 0xF4, 0x0E, 0xBD, 0xF3, 0x54, 0x86,
    0x40, 0xBD, 0xF2, 0xAB, 0x86, 0x0C, 0x8E, 0x14, 0x3F, 0x34, 0x10, 0x34, 0x02, 0xBD, 0xF3, 0x0C,
    0xBD, 0xF2, 0xC5, 0xBD, 0xF3, 0x54, 0x35, 0x02, 0x35, 0x10, 0x30, 0x02, 0x4A, 0x26, 0xEA, 0x39,
    0x7C, 0xC9, 0x5C, 0xB6, 0xC9, 0x5C, 0x81, 0x04, 0x26, 0x05, 0x86, 0x01, 0xB7, 0xC9, 0x5C, 0x7C,
    0xC9, 0x5D, 0xB6, 0xC9, 0x5D, 0x81, 0x02, 0x26, 0x05, 0x86, 0x00, 0xB7, 0xC9, 0x5D, 0x39, 0x6F,
    0x90, 0x4F, 0x80, 0x5F, 0xC0, 0x90, 0x80, 0xB0, 0xA0, 0x80, 0xB0, 0x7F, 0x6F, 0x5F, 0x4F, 0x4F,
    0x7F, 0xB0, 0x5F, 0xA0, 0x6F, 0x90, 0x3F, 0x00, 0x08, 0xF0, 0xFF, 0xF0, 0xF0, 0xFF, 0x00, 0x40,
    0xFF, 0x10, 0xF0, 0xFF, 0xF0, 0x00, 0x00, 0x00, 0xE0, 0xFF, 0x10, 0x00, 0xFF, 0x00, 0x20, 0x01,
    0xFF, 0xE0, 0x00, 0xFF, 0x00, 0x20, 0xFF, 0x20, 0x00, 0x01, 0x00, 0x00, 0x00, 0x01, 0x00, 0x10,
    0x00, 0xFF, 0x18, 0x18, 0xFF, 0xF0, 0xF8, 0xFF, 0x10, 0x30, 0xFF, 0xE0, 0xD8, 0xFF, 0xF8, 0x40,
    0xFF, 0xF8, 0xC0, 0xFF, 0xE0, 0x28, 0xFF, 0x10, 0xD0, 0xFF, 0xF0, 0x08, 0xFF, 0x18, 0xE8, 0x01,
    0x00, 0xF0, 0x00, 0xFF, 0xE8, 0xE8, 0xFF, 0x10, 0x08, 0xFF, 0xF0, 0xD0, 0xFF, 0x20, 0x28, 0xFF,
    0x08, 0xC0, 0xFF, 0x08, 0x40, 0xFF, 0x20, 0xD8, 0xFF, 0xF0, 0x30, 0xFF, 0x10, 0xF8, 0xFF, 0xE8,
    0x18, 0x01, 0x00, 0x0E, 0x38, 0xFF, 0x1C, 0xF2, 0xFF, 0x0E, 0xE4, 0xFF, 0x00, 0xE4, 0xFF, 0xF2,
    0xE4, 0xFF, 0xE4, 0xF2, 0xFF, 0xE4, 0x00, 0xFF, 0xE4, 0x0E, 0xFF, 0xF2, 0x1C, 0xFF, 0x00, 0x1C,
    0xFF, 0x0E, 0x1C, 0xFF, 0x1C, 0x0E, 0xFF, 0x1C, 0x00, 0x01, 0x00, 0x0E, 0x38, 0xFF, 0xE4, 0x90,
    0x00, 0x1C, 0x1C, 0xFF, 0x07, 0xF9, 0xFF, 0x07, 0x00, 0xFF, 0x07, 0x07, 0xFF, 0x00, 0x07, 0xFF,
    0xF9, 0x07, 0xFF, 0xF9, 0x00, 0xFF, 0xF9, 0xF9, 0xFF, 0x00, 0xF9, 0x01, 0x00, 0x15, 0x00, 0xFF,
    0x00, 0x00, 0x00, 0x07, 0x1C, 0xFF, 0x00, 0x00, 0x00, 0xD6, 0x0E, 0xFF, 0x00, 0x00, 0x00, 0xF9,
    0xE4, 0xFF, 0x00, 0x00, 0x00, 0xF2, 0x0E, 0xFF, 0x00, 0x00, 0x00, 0xF9, 0xEB, 0xFF, 0x00, 0x00,
    0x00, 0x0E, 0xEB, 0xFF, 0x00, 0x00, 0x01, 0x00, 0x04, 0x04, 0xFF, 0x0C, 0x00, 0xFF, 0x10, 0xF0,
    0xFF, 0xBC, 0x00, 0xFF, 0x10, 0x10, 0xFF, 0x0C, 0x00, 0xFF, 0xF8, 0xF8, 0xFF, 0x1C, 0x00, 0xFF,
    0xF4, 0x0C, 0xFF, 0xFC, 0x00, 0xFF, 0xFC, 0xFC, 0x01, 0x00, 0xFC, 0xFC, 0xFF, 0xF4, 0x00, 0xFF,
    0xF0, 0x10, 0xFF, 0x44, 0x00, 0xFF, 0xF0, 0xF0, 0xFF, 0xF4, 0x00, 0xFF, 0x08, 0x08, 0xFF, 0xE4,
    0x00, 0xFF, 0x0C, 0xF4, 0xFF, 0x04, 0x00, 0xFF, 0x04, 0x04, 0x01, 0x6F, 0xD0, 0x7A, 0x0F, 0x7D,
    0x4F, 0x5F, 0x2F, 0x4F, 0xD8, 0x5A, 0x00, 0x5F, 0x2F, 0x3F, 0x1A, 0x2F, 0xF4, 0x00, 0x60, 0xD0,
    0xFF, 0x00, 0x60, 0xFF, 0xD0, 0x30, 0xFF, 0xA0, 0x00, 0xFF, 0xD0, 0xD0, 0xFF, 0x00, 0xA0, 0xFF,
    0x30, 0xD0, 0xFF, 0x60, 0x00, 0xFF, 0x30, 0x30, 0x01, 0x8E, 0xCB, 0x00, 0x86, 0x00, 0xA7, 0x84,
    0x30, 0x01, 0x8C, 0xCB, 0x15, 0x26, 0xF7, 0x39, 0x86, 0x00, 0xB7, 0xC9, 0x18, 0xFC, 0xC9, 0x01,
    0xFD, 0xCB, 0x00, 0xC0, 0x08, 0xFD, 0xCB, 0x07, 0xCB, 0x10, 0xFD, 0xCB, 0x0E, 0x34, 0x10, 0xBD,
    0xF5, 0x11, 0x35, 0x10, 0x81, 0x00, 0x2A, 0x08, 0xCC, 0x01, 0xFE, 0xFD, 0xCB, 0x02, 0x20, 0x06,
    0xCC, 0xFE, 0x01, 0xFD, 0xCB, 0x02, 0xCC, 0xFF, 0x01, 0xFD, 0xCB, 0x09, 0xCC, 0x02, 0x01, 0xFD,
    0xCB, 0x10, 0x86, 0x7F, 0xB7, 0xCB, 0x06, 0xB7, 0xCB, 0x0D, 0xB7, 0xCB, 0x14, 0xA6, 0x04, 0xB7,
    0xCB, 0x04, 0xB7, 0xCB, 0x0B, 0xB7, 0xCB, 0x12, 0xA6, 0x08, 0x81, 0x03, 0x26, 0x12, 0xCC, 0x01,
    0xFE, 0xFD, 0xCB, 0x02, 0xCC, 0x02, 0x00, 0xFD, 0xCB, 0x09, 0xCC, 0x01, 0x02, 0xFD, 0xCB, 0x10,
    0x39, 0x86, 0x50, 0xBD, 0xF2, 0xAB, 0xCC, 0xFA, 0x30, 0xFD, 0xC8, 0x2A, 0xCC, 0x7F, 0x80, 0xBD,
    0xF2, 0xFC, 0xCE, 0xCB, 0xEB, 0xBD, 0xF4, 0x95, 0x8E, 0x7F, 0xC0, 0x86, 0x53, 0xF6, 0xC8, 0xFF,
    0x27, 0x09, 0xC1, 0xFF, 0x27, 0x10, 0xBD, 0xF3, 0x93, 0x20, 0x16, 0xCE, 0x16, 0xAB, 0xCC, 0x7F,
    0xB8, 0xBD, 0xF3, 0x7A, 0x20, 0x0B, 0xCE, 0x16, 0xB8, 0xCC, 0x6F, 0x80, 0xBD, 0xF3, 0x7A, 0x20,
    0x00, 0xB6, 0xC9, 0x69, 0x27, 0x31, 0xB6, 0xC9, 0x0F, 0xCE, 0x16, 0xC2, 0x81, 0x04, 0x27, 0x0A,
    0xCE, 0x16, 0xD2, 0x81, 0x05, 0x27, 0x03, 0xCE, 0x16, 0xE4, 0x86, 0x50, 0xF6, 0xC9, 0x69, 0x2B,
    0x07, 0xC1, 0x50, 0x2A, 0x03, 0xB6, 0xC9, 0x69, 0xBD, 0xF2, 0xAB, 0xCC, 0x6F, 0x80, 0xBD, 0xF3,
    0x7A, 0x7A, 0xC9, 0x69, 0x7A, 0xC9, 0x69, 0xB6, 0xC9, 0x70, 0x27, 0x0E, 0x86, 0x50, 0xBD, 0xF2,
    0xAB, 0xCE, 0x16, 0xF4, 0xCC, 0x7F, 0x10, 0xBD, 0xF3, 0x7A, 0x39, 0x53, 0x48, 0x49, 0x45, 0x4C,
    0x44, 0x53, 0x20, 0x47, 0x4F, 0x4E, 0x45, 0x80, 0x47, 0x41, 0x4D, 0x45, 0x20, 0x4F, 0x56, 0x45,
    0x52, 0x80, 0x53, 0x49, 0x54, 0x45, 0x20, 0x53, 0x50, 0x45, 0x45, 0x44, 0x20, 0x53, 0x4C, 0x4F,
    0x57, 0x80, 0x53, 0x49, 0x54, 0x45, 0x20, 0x53, 0x50, 0x45, 0x45, 0x44, 0x20, 0x4D, 0x45, 0x44,
    0x49, 0x55, 0x4D, 0x80, 0x53, 0x49, 0x54, 0x45, 0x20, 0x53, 0x50, 0x45, 0x45, 0x44, 0x20, 0x46,
    0x41, 0x53, 0x54, 0x80, 0x55, 0x53, 0x45, 0x20, 0x54, 0x48, 0x45, 0x20, 0x53, 0x4F, 0x55, 0x52,
    0x43, 0x45, 0x80, 0x00, 0x00, 0x01, 0x00, 0x02, 0x00, 0x03, 0x00, 0x04, 0x00, 0x05, 0x00, 0x07,
    0x1C, 0x08, 0x0F, 0x09, 0x0F, 0x0A, 0x10, 0x0B, 0x10, 0x0C, 0x10, 0x0D, 0x00, 0x0E, 0x20, 0xFF,
    0xCE, 0x17, 0x03, 0xBD, 0xF2, 0x7D, 0x39, 0xF6, 0xC9, 0x5E, 0x27, 0x28, 0x86, 0x02, 0xCB, 0x00,
    0xBD, 0xF2, 0x56, 0x86, 0x03, 0xC6, 0x01, 0xBD, 0xF2, 0x56, 0xF6, 0xC9, 0x5E, 0xCB, 0x0F, 0xC1,
    0x70, 0x2B, 0x0E, 0xCC, 0x02, 0x00, 0xBD, 0xF2, 0x56, 0xCC, 0x03, 0x00, 0xBD, 0xF2, 0x56, 0xC6,
    0x00, 0xF7, 0xC9, 0x5E, 0xF6, 0xC9, 0x5F, 0x27, 0x2D, 0xB6, 0xC9, 0x5C, 0x81, 0x01, 0x27, 0x02,
    0xC0, 0x20, 0x86, 0x00, 0xBD, 0xF2, 0x56, 0x86, 0x01, 0xC6, 0x01, 0xBD, 0xF2, 0x56, 0xF6, 0xC9,
    0x5F, 0xCB, 0x09, 0x2B, 0x0E, 0xCC, 0x00, 0x00, 0xBD, 0xF2, 0x56, 0xCC, 0x01, 0x00, 0xBD, 0xF2,
    0x56, 0xC6, 0x00, 0xF7, 0xC9, 0x5F, 0xB6, 0xC9, 0x65, 0x27, 0x58, 0x86, 0x00, 0xF6, 0xC9, 0x64,
    0xBD, 0xF2, 0x56, 0x86, 0x01, 0xC6, 0x03, 0xBD, 0xF2, 0x56, 0xB6, 0xC9, 0x65, 0x81, 0x02, 0x27,
    0x21, 0xB6, 0xC9, 0x64, 0x8B, 0x02, 0xB7, 0xC9, 0x64, 0xBD, 0xF5, 0x84, 0x81, 0x7A, 0x2B, 0x33,
    0x7D, 0xC8, 0x13, 0x27, 0x08, 0x7A, 0xC9, 0x64, 0x7A, 0xC9, 0x64, 0x20, 0x26, 0x86, 0x02, 0xB7,
    0xC9, 0x65, 0xB6, 0xC9, 0x64, 0x80, 0x03, 0xB7, 0xC9, 0x64, 0xBD, 0xF5, 0x84, 0x81, 0x08, 0x2A,
    0x12, 0xCC, 0x00, 0x00, 0xBD, 0xF2, 0x56, 0xCC, 0x01, 0x00, 0xBD, 0xF2, 0x56, 0x7F, 0xC9, 0x64,
    0x7F, 0xC9, 0x65, 0xB6, 0xC9, 0x67, 0x27, 0x36, 0x86, 0x02, 0xF6, 0xC9, 0x67, 0xC0, 0x40, 0xBD,
    0xF2, 0x56, 0xCC, 0x03, 0x00, 0xBD, 0xF2, 0x56, 0xB6, 0xC9, 0x67, 0x8B, 0x08, 0xB7, 0xC9, 0x67,
    0x2A, 0x1C, 0x86, 0x60, 0xB7, 0xC9, 0x67, 0x7A, 0xC9, 0x68, 0xB6, 0xC9, 0x68, 0x26, 0x0F, 0x7F,
    0xC9, 0x67, 0xCC, 0x02, 0x00, 0xBD, 0xF2, 0x56, 0xCC, 0x03, 0x00, 0xBD, 0xF2, 0x56, 0x39, 0xCE,
    0x18, 0x26, 0xBD, 0xF2, 0x7D, 0x39, 0x06, 0x1F, 0x07, 0x1C, 0x08, 0x0F, 0x09, 0x0F, 0x0A, 0x10,
    0x0B, 0x0F, 0x0C, 0x4F, 0x0D, 0x10, 0x0E, 0x00, 0xFF, 0x06, 0x0A, 0x07, 0x1C, 0x08, 0x0F, 0x09,
    0x0F, 0x0A, 0x10, 0x0B, 0x0F, 0x0C, 0x4F, 0x0D, 0x10, 0x0E, 0x00, 0xFF, 0x06, 0x1F, 0x07, 0x1C,
    0x08, 0x0F, 0x09, 0x0F, 0x0A, 0x10, 0x0B, 0x0F, 0x0C, 0xCF, 0x0D, 0x10, 0x0E, 0x00, 0xFF, 0x00,
    0x48, 0x00, 0xFF, 0xC8, 0xF0, 0xFF, 0xF0, 0xB8, 0xFF, 0xF0, 0x48, 0xFF, 0xC8, 0x10, 0xFF, 0x38,
    0x10, 0xFF, 0x10, 0x48, 0xFF, 0x10, 0xB8, 0xFF, 0x38, 0xF0, 0x01, 0x00, 0x48, 0x00, 0xFF, 0xD0,
    0xE8, 0xFF, 0xE8, 0xC0, 0xFF, 0xE8, 0x40, 0xFF, 0xD0, 0x18, 0xFF, 0x30, 0x18, 0xFF, 0x18, 0x40,
    0xFF, 0x18, 0xC0, 0xFF, 0x30, 0xE8, 0x01, 0x00, 0x48, 0x00, 0xFF, 0xD8, 0xD8, 0xFF, 0xE0, 0xD0,
    0xFF, 0xE0, 0x30, 0xFF, 0xD8, 0x28, 0xFF, 0x28, 0x28, 0xFF, 0x20, 0x30, 0xFF, 0x20, 0xD0, 0xFF,
    0x28, 0xD8, 0x01, 0x00, 0x48, 0x00, 0xFF, 0xF0, 0xB8, 0xFF, 0xC8, 0xF0, 0xFF, 0xC8, 0x10, 0xFF,
    0xF0, 0x48, 0xFF, 0x10, 0x48, 0xFF, 0x38, 0x10, 0xFF, 0x38, 0xF0, 0xFF, 0x10, 0xB8, 0x01, 0xB6,
    0xC9, 0x0F, 0x8B, 0x01, 0x81, 0x07, 0x26, 0x02, 0x86, 0x04, 0xB7, 0xC9, 0x0F, 0x86, 0xC0, 0xB7,
    0xC9, 0x69, 0x39, 0xFF, 0x07, 0xF2, 0xFF, 0x90, 0xF2, 0xFF, 0xF2, 0x1C, 0xFF, 0x77, 0x00, 0xFF,
    0x07, 0x0E, 0xFF, 0x0E, 0xF2, 0xFF, 0xF2, 0xF2, 0x00, 0x00, 0x1C, 0xFF, 0x90, 0x0E, 0xFF, 0xF2,
    0xE4, 0x01, 0xFF, 0x07, 0xF2, 0xFF, 0x90, 0xF2, 0xFF, 0xF2, 0x1C, 0xFF, 0x77, 0x00, 0xFF, 0x07,
    0x0E, 0xFF, 0x90, 0x0E, 0xFF, 0xF2, 0xE4, 0x01, 0xFF, 0x0E, 0xE4, 0xFF, 0x0E, 0x07, 0xFF, 0xF9,
    0x15, 0xFF, 0xEB, 0x00, 0xFF, 0x0E, 0x1C, 0xFF, 0x0E, 0xF9, 0xFF, 0xF9, 0xEB, 0x00, 0x07, 0xEB,
    0xFF, 0x00, 0x2A, 0x01, 0xBD, 0x1C, 0xB1, 0xB6, 0xC9, 0x62, 0x8B, 0x08, 0x81, 0x41, 0x2B, 0x02,
    0x86, 0x40, 0xB7, 0xC9, 0x62, 0xB7, 0xC9, 0x61, 0xB6, 0xC9, 0x51, 0x81, 0x01, 0x27, 0x02, 0x80,
    0x10, 0xB7, 0xC9, 0x51, 0xB6, 0xC9, 0x6D, 0x81, 0x20, 0x27, 0x05, 0x80, 0x20, 0xB7, 0xC9, 0x6D,
    0x7E, 0x00, 0x72, 0xBD, 0x15, 0xA9, 0xBD, 0x1C, 0xB1, 0xBD, 0x21, 0x17, 0x8E, 0xC9, 0x80, 0x86,
    0x00, 0xA7, 0x84, 0x30, 0x01, 0x8C, 0xC9, 0xB0, 0x26, 0xF7, 0x86, 0x01, 0xB7, 0xC9, 0x41, 0xB7,
    0xC9, 0x06, 0xCC, 0x10, 0x00, 0xFD, 0xC9, 0x54, 0x86, 0x10, 0xB7, 0xC9, 0x13, 0xB7, 0xC9, 0x51,
    0x86, 0x50, 0xB7, 0xC9, 0x6A, 0x86, 0x14, 0xB7, 0xC9, 0x49, 0x86, 0x01, 0xB7, 0xC9, 0x16, 0xB7,
    0xC9, 0x5C, 0x86, 0x00, 0xB7, 0xC8, 0xD1, 0xB7, 0xC9, 0x70, 0xBD, 0x1C, 0x1C, 0x86, 0x02, 0xB7,
    0xC9, 0x6F, 0xBD, 0xF1, 0x92, 0xBD, 0x16, 0x21, 0xBD, 0x1C, 0x43, 0x86, 0x01, 0xB7, 0xC9, 0x4F,
    0xBD, 0x1A, 0x08, 0xBD, 0x1A, 0x77, 0xBD, 0x09, 0x8A, 0xBD, 0x0B, 0x42, 0xBD, 0x0C, 0x1C, 0xBD,
    0x17, 0x27, 0xBD, 0x0C, 0x79, 0xBE, 0xC8, 0xFC, 0x8C, 0x00, 0x00, 0x26, 0x06, 0xBD, 0x03, 0x1C,
    0xBD, 0x05, 0x85, 0xBE, 0xC8, 0xFC, 0x8C, 0x00, 0x00, 0x27, 0x0D, 0x30, 0x1F, 0xBF, 0xC8, 0xFC,
    0x8C, 0x00, 0x01, 0x26, 0xBD, 0x7E, 0x00, 0x3B, 0xBE, 0xC9, 0x54, 0x30, 0x1F, 0xBF, 0xC9, 0x54,
    0x8C, 0x00, 0x01, 0x26, 0xAD, 0x7E, 0x0D, 0x00, 0xB6, 0xC9, 0x41, 0x40, 0xB7, 0xC9, 0x41, 0x7A,
    0xC9, 0x13, 0xB6, 0xC9, 0x13, 0x81, 0x00, 0x26, 0x09, 0xBD, 0x1B, 0xAC, 0xB6, 0xC9, 0x51, 0xB7,
    0xC9, 0x13, 0x7A, 0xC9, 0x6A, 0xB6, 0xC9, 0x6A, 0x81, 0x00, 0x26, 0x16, 0xBD, 0xF5, 0x11, 0x84,
    0x0A, 0xBB, 0xC9, 0x6D, 0xB7, 0xC9, 0x6A, 0xBE, 0xC9, 0x54, 0x8C, 0x01, 0x00, 0x2B, 0x03, 0xBD,
    0x1C, 0x0A, 0xB6, 0xC9, 0x18, 0x81, 0x00, 0x27, 0x03, 0x7A, 0xC9, 0x18, 0x7C, 0xC9, 0x5C, 0xB6,
    0xC9, 0x5C, 0x81, 0x04, 0x26, 0x05, 0x86, 0x01, 0xB7, 0xC9, 0x5C, 0x7C, 0xC9, 0x1A, 0x7C, 0xC9,
    0x5D, 0xB6, 0xC9, 0x5D, 0x81, 0x02, 0x26, 0x03, 0x7F, 0xC9, 0x5D, 0xBE, 0xC9, 0x54, 0x8C, 0x00,
    0x70, 0x2A, 0x03, 0x7C, 0xC8, 0xD1, 0x39, 0x86, 0x00, 0xBD, 0xF2, 0xA9, 0x8E, 0xC9, 0x80, 0xA6,
    0x08, 0x81, 0x00, 0x27, 0x02, 0x20, 0x08, 0x30, 0x0A, 0x8C, 0xC9, 0xB0, 0x2B, 0xF1, 0x39, 0xA6,
    0x04, 0x8B, 0x20, 0xBD, 0xF2, 0xAB, 0xB6, 0xC9, 0x07, 0x81, 0x04, 0x26, 0x06, 0x6A, 0x01, 0x6A,
    0x01, 0x20, 0x08, 0x81, 0x03, 0x26, 0x04, 0x6C, 0x01, 0x6C, 0x01, 0x34, 0x10, 0xBD, 0xF3, 0x0C,
    0x35, 0x10, 0xE6, 0x04, 0x34, 0x10, 0xA6, 0x08, 0x8E, 0x18, 0xE3, 0x81, 0x01, 0x27, 0x0A, 0x8E,
    0x19, 0x02, 0x81, 0x02, 0x27, 0x03, 0x8E, 0x19, 0x18, 0xBD, 0xF4, 0x0E, 0xBD, 0xF3, 0x54, 0x35,
    0x10, 0x6C, 0x04, 0xB6, 0xC9, 0x5D, 0x81, 0x02, 0x26, 0x02, 0x6A, 0x84, 0xA6, 0x04, 0xBD, 0xF5,
    0x84, 0x81, 0x50, 0x2A, 0x6F, 0xA6, 0x84, 0xAB, 0x02, 0xA7, 0x84, 0xA6, 0x01, 0xAB, 0x03, 0xA7,
    0x01, 0xA6, 0x01, 0x81, 0x80, 0x27, 0x5D, 0x81, 0x81, 0x27, 0x59, 0x81, 0x82, 0x27, 0x55, 0x81,
    0x83, 0x27, 0x51, 0x81, 0x7F, 0x27, 0x4D, 0x81, 0x7E, 0x27, 0x49, 0x81, 0x7D, 0x27, 0x45, 0x81,
    0x7C, 0x27, 0x41, 0xA6, 0x84, 0x81, 0x80, 0x27, 0x3B, 0x81, 0x81, 0x27, 0x37, 0x81, 0x82, 0x27,
    0x33, 0xB6, 0xC9, 0x18, 0x81, 0x00, 0x26, 0x02, 0x20, 0x7F, 0xA6, 0x08, 0x81, 0x01, 0x27, 0x07,
    0x81, 0x03, 0x27, 0x03, 0x7E, 0x1A, 0x87, 0x34, 0x10, 0xEC, 0x84, 0x8B, 0x06, 0xFD, 0xC9, 0x03,
    0xBE, 0xC9, 0x03, 0x10, 0xBE, 0xC9, 0x01, 0xCC, 0x08, 0x08, 0xBD, 0xF8, 0xFF, 0x35, 0x10, 0x25,
    0x0A, 0x7E, 0x1A, 0x87, 0x86, 0x00, 0xA7, 0x04, 0xA7, 0x08, 0x39, 0xBD, 0x15, 0xB8, 0x34, 0x10,
    0xBD, 0x18, 0x1F, 0xCC, 0x00, 0x25, 0x8E, 0xCB, 0xEB, 0xBD, 0xF8, 0x7C, 0x35, 0x10, 0xA6, 0x08,
    0x81, 0x01, 0x27, 0x06, 0x81, 0x03, 0x27, 0x2B, 0x20, 0x2F, 0x86, 0x02, 0xA7, 0x08, 0xB6, 0xC9,
    0x49, 0x27, 0x26, 0x7A, 0xC9, 0x49, 0xB6, 0xC9, 0x49, 0x26, 0x1E, 0x34, 0x10, 0xCC, 0x50, 0x00,
    0x8E, 0xCB, 0xEB, 0xBD, 0xF8, 0x7C, 0xCC, 0x50, 0x00, 0x8E, 0xCB, 0xEB, 0xBD, 0xF8, 0x7C, 0x35,
    0x10, 0x20, 0x06, 0x86, 0x00, 0xA7, 0x08, 0x20, 0x00, 0x7E, 0x1A, 0x87, 0xBE, 0xC9, 0x54, 0x8C,
    0x00, 0xFF, 0x2A, 0x01, 0x39, 0x86, 0x00, 0x8E, 0xC9, 0x80, 0xA6, 0x08, 0x81, 0x00, 0x27, 0x08,
    0x30, 0x0A, 0x8C, 0xC9, 0xB0, 0x2B, 0xF3, 0x39, 0x34, 0x10, 0xBD, 0xF5, 0x17, 0x35, 0x10, 0xA7,
    0x01, 0x86, 0x20, 0xA7, 0x84, 0x86, 0x01, 0xA7, 0x04, 0x86, 0x01, 0xA7, 0x08, 0xCC, 0x00, 0x00,
    0xED, 0x02, 0xB6, 0xC9, 0x49, 0x27, 0x07, 0xBD, 0x13, 0x12, 0x81, 0x00, 0x2B, 0x0C, 0x86, 0x03,
    0xA7, 0x08, 0x86, 0x20, 0xA7, 0x84, 0x86, 0xFF, 0xA7, 0x02, 0xA6, 0x01, 0x2B, 0x07, 0x27, 0x05,
    0x86, 0x01, 0xA7, 0x03, 0x39, 0x86, 0xFF, 0xA7, 0x03, 0x39, 0x8E, 0xC9, 0x80, 0xA6, 0x08, 0x26,
    0x08, 0x30, 0x0A, 0x8C, 0xC9, 0xB0, 0x26, 0xF5, 0x39, 0x7E, 0x0A, 0xCE, 0x8E, 0xC8, 0xA0, 0xBD,
    0x1C, 0x2A, 0x30, 0x04, 0x8C, 0xC8, 0xD0, 0x26, 0xF6, 0x39, 0xBD, 0xF5, 0x11, 0xBD, 0xF5, 0x84,
    0x40, 0xA7, 0x84, 0xBD, 0xF5, 0x11, 0xA7, 0x01, 0xBD, 0x1C, 0x9C, 0xA6, 0x01, 0x2C, 0x01, 0x50,
    0xE7, 0x03, 0x39, 0x86, 0x40, 0xBD, 0xF2, 0xAB, 0x8E, 0xC8, 0xA0, 0x34, 0x10, 0xBD, 0xF3, 0x0C,
    0xBD, 0xF2, 0xC5, 0xBD, 0xF3, 0x54, 0x35, 0x10, 0xE6, 0x01, 0xEB, 0x03, 0xE7, 0x01, 0xA6, 0x03,
    0xBD, 0xF5, 0x84, 0x40, 0xAB, 0x84, 0xA7, 0x84, 0xA6, 0x84, 0x81, 0x80, 0x27, 0x0A, 0x81, 0x81,
    0x27, 0x06, 0x81, 0x82, 0x27, 0x02, 0x20, 0x07, 0xB6, 0xC8, 0xD1, 0xA7, 0x84, 0x8D, 0xB4, 0xA6,
    0x01, 0x81, 0x7C, 0x2A, 0x02, 0x20, 0x0D, 0x81, 0x84, 0x2B, 0x02, 0x20, 0x07, 0xB6, 0xC8, 0xD1,
    0xA7, 0x84, 0x8D, 0x9F, 0x30, 0x04, 0x8C, 0xC8, 0xD0, 0x26, 0xB0, 0x39, 0xBD, 0xF5, 0x11, 0xBD,
    0xF5, 0x84, 0xC6, 0x01, 0x81, 0x2A, 0x2B, 0x08, 0xC6, 0x02, 0x81, 0x54, 0x2B, 0x02, 0xC6, 0x03,
    0x39, 0x8E, 0xCA, 0x00, 0x6F, 0x84, 0x30, 0x01, 0x8C, 0xCA, 0x1E, 0x26, 0xF7, 0x8E, 0xCA, 0x52,
    0x6F, 0x84, 0x30, 0x01, 0x8C, 0xCA, 0x61, 0x26, 0xF7, 0x39, 0x00, 0xF9, 0xF2, 0xFF, 0x00, 0x90,
    0xFF, 0xAC, 0x00, 0xFF, 0x00, 0x0E, 0xFF, 0x23, 0x00, 0xFF, 0x00, 0x23, 0xFF, 0x0E, 0x00, 0xFF,
    0x00, 0xDD, 0xFF, 0x15, 0x00, 0xFF, 0x00, 0x62, 0xFF, 0x0E, 0x00, 0x01, 0x00, 0xE4, 0xE4, 0xFF,
    0x00, 0xF2, 0xFF, 0xCF, 0x00, 0xFF, 0x00, 0xEB, 0xFF, 0xF2, 0x00, 0xFF, 0x00, 0x31, 0xFF, 0x0E,
    0x00, 0xFF, 0x00, 0xF2, 0xFF, 0x31, 0x00, 0x01, 0x00, 0xF9, 0xF9, 0xFF, 0xAC, 0x00, 0xFF, 0x00,
    0x0E, 0xFF, 0x1C, 0x00, 0xFF, 0xE4, 0x1C, 0xFF, 0x00, 0x15, 0xFF, 0x0E, 0x00, 0xFF, 0x00, 0xF2,
    0xFF, 0x15, 0xEB, 0xFF, 0x00, 0x15, 0xFF, 0x07, 0x07, 0xFF, 0x23, 0x00, 0xFF, 0x07, 0xF9, 0xFF,
    0x00, 0xCF, 0x01, 0x00, 0xEB, 0x07, 0xFF, 0xEB, 0x00, 0xFF, 0x00, 0x15, 0xFF, 0x07, 0x07, 0xFF,
    0x07, 0x00, 0xFF, 0x07, 0xF9, 0xFF, 0x00, 0xEB, 0x01, 0x00, 0xF9, 0x3F, 0xFF, 0xAC, 0x00, 0xFF,
    0x00, 0x3F, 0xFF, 0x0E, 0x00, 0xFF, 0x00, 0xCF, 0xFF, 0x15, 0x00, 0xFF, 0x00, 0x23, 0xFF, 0x0E,
    0x00, 0xFF, 0x00, 0xDD, 0xFF, 0x15, 0x00, 0xFF, 0x00, 0x31, 0xFF, 0x0E, 0x00, 0xFF, 0x00, 0xC1,
    0x01, 0x00, 0x07, 0x82, 0xFF, 0x00, 0x38, 0xFF, 0x07, 0x07, 0xFF, 0x23, 0x00, 0xFF, 0x07, 0xF9,
    0xFF, 0x00, 0xDD, 0xFF, 0x07, 0xF9, 0xFF, 0x07, 0x00, 0xFF, 0x07, 0x07, 0xFF, 0x00, 0x3F, 0xFF,
    0xBA, 0x00, 0xFF, 0x00, 0x0E, 0x01, 0x00, 0x07, 0xE4, 0xFF, 0x46, 0x00, 0xFF, 0x00, 0x15, 0xFF,
    0x0E, 0x07, 0xFF, 0x00, 0x89, 0xFF, 0xF9, 0xF9, 0xFF, 0xDD, 0x00, 0xFF, 0xF9, 0x07, 0xFF, 0x00,
    0x23, 0xFF, 0xF9, 0x07, 0xFF, 0xF9, 0x00, 0xFF, 0xF9, 0xF9, 0xFF, 0x00, 0xD6, 0xFF, 0xF2, 0x00,
    0x01, 0x00, 0x07, 0xF2, 0xFF, 0x54, 0x15, 0xFF, 0x00, 0x1C, 0xFF, 0xAC, 0x15, 0xFF, 0x00, 0xEB,
    0xFF, 0x23, 0xF9, 0xFF, 0x00, 0xF2, 0xFF, 0xDD, 0xF9, 0xFF, 0x00, 0xEB, 0x00, 0x31, 0x1C, 0xFF,
    0x00, 0x0E, 0xFF, 0x15, 0xF9, 0xFF, 0xEB, 0xF9, 0x01, 0x00, 0x07, 0x3F, 0xFF, 0x54, 0x00, 0xFF,
    0x00, 0x31, 0xFF, 0xF9, 0x07, 0xFF, 0xDD, 0x00, 0xFF, 0xF9, 0xF9, 0xFF, 0x00, 0xEB, 0xFF, 0xEB,
    0x15, 0xFF, 0x00, 0x0E, 0xFF, 0xF2, 0x00, 0xFF, 0x00, 0xEB, 0xFF, 0x1C, 0xE4, 0xFF, 0xE4, 0x00,
    0xFF, 0x00, 0xF2, 0x01, 0x00, 0x38, 0x4D, 0xFF, 0x00, 0x15, 0xFF, 0x07, 0x07, 0xFF, 0x07, 0x00,
    0xFF, 0x07, 0xF9, 0xFF, 0x00, 0xEB, 0xFF, 0xEB, 0x00, 0x01, 0xCC, 0xFA, 0x40, 0xFD, 0xC8, 0x2A,
    0xBD, 0x07, 0x81, 0xBD, 0x07, 0x1E, 0x7F, 0xC8, 0x14, 0x7F, 0xC8, 0x15, 0xCE, 0x18, 0x26, 0xBD,
    0xF2, 0x7D, 0xCC, 0x00, 0x00, 0xFD, 0xC9, 0x00, 0x86, 0xFF, 0xB7, 0xC9, 0x02, 0xBD, 0xF1, 0x92,
    0xBD, 0x07, 0x1E, 0x7D, 0xC8, 0x15, 0x27, 0x03, 0x7E, 0x00, 0x41, 0x7D, 0xC8, 0x14, 0x27, 0x03,
    0x7E, 0xF0, 0x00, 0xBD, 0x07, 0xBE, 0xBD, 0x08, 0x82, 0xBD, 0x1F, 0x08, 0x7A, 0xC9, 0x02, 0xB6,
    0xC9, 0x02, 0x81, 0x00, 0x26, 0xD7, 0x86, 0x01, 0xB7, 0xC9, 0x00, 0x86, 0xFF, 0xB7, 0xC9, 0x01,
    0xBD, 0xF1, 0x92, 0xBD, 0x07, 0x1E, 0x7D, 0xC8, 0x15, 0x27, 0x03, 0x7E, 0x00, 0x41, 0x7D, 0xC8,
    0x14, 0x27, 0x03, 0x7E, 0xF0, 0x00, 0xBD, 0x07, 0xBE, 0xBD, 0x08, 0x82, 0x86, 0x60, 0xBD, 0xF2,
    0xAB, 0xB6, 0xC9, 0x00, 0xCE, 0x1F, 0xDF, 0x81, 0x01, 0x27, 0x2B, 0xCE, 0x1F, 0xF8, 0x81, 0x02,
    0x27, 0x24, 0xCE, 0x20, 0x11, 0x81, 0x03, 0x27, 0x1D, 0xCE, 0x20, 0x2A, 0x81, 0x04, 0x27, 0x16,
    0xCE, 0x20, 0x43, 0x81, 0x05, 0x27, 0x0F, 0xCE, 0x20, 0x5C, 0x81, 0x06, 0x27, 0x08, 0x86, 0x0A,
    0xBD, 0xF2, 0xAB, 0xCE, 0x20, 0x75, 0xCC, 0x00, 0x90, 0xBD, 0xF3, 0x7A, 0xCE, 0x20, 0x8F, 0xCC,
    0x80, 0xAA, 0xBD, 0xF3, 0x7A, 0xCC, 0x80, 0x1F, 0xBD, 0xF2, 0xFC, 0xCE, 0xCB, 0xEB, 0xBD, 0xF4,
    0x95, 0x7A, 0xC9, 0x01, 0xB6, 0xC9, 0x01, 0x26, 0x87, 0x7C, 0xC9, 0x00, 0xB6, 0xC9, 0x00, 0x81,
    0x08, 0x10, 0x26, 0xFF, 0x7B, 0x7E, 0x1E, 0x3C, 0x86, 0x50, 0xF6, 0xC9, 0x02, 0x2B, 0x09, 0xC1,
    0x30, 0x2A, 0x05, 0xB6, 0xC9, 0x02, 0x8B, 0x20, 0xBD, 0xF2, 0xAB, 0x8E, 0xC9, 0x00, 0xBD, 0xF3,
    0x0C, 0x8E, 0x1C, 0xCA, 0xF6, 0xC9, 0x02, 0xBD, 0xF4, 0x0E, 0xBD, 0xF3, 0x54, 0x8E, 0xC9, 0x00,
    0xBD, 0xF3, 0x0C, 0x8E, 0x1C, 0xEC, 0xF6, 0xC9, 0x02, 0xBD, 0xF4, 0x0E, 0xBD, 0xF3, 0x54, 0x8E,
    0xC9, 0x00, 0xBD, 0xF3, 0x0C, 0x8E, 0x1D, 0x08, 0xF6, 0xC9, 0x02, 0xBD, 0xF4, 0x0E, 0xBD, 0xF3,
    0x54, 0x8E, 0xC9, 0x00, 0xBD, 0xF3, 0x0C, 0x8E, 0x1D, 0x33, 0xF6, 0xC9, 0x02, 0xBD, 0xF4, 0x0E,
    0xBD, 0xF3, 0x54, 0x8E, 0xC9, 0x00, 0xBD, 0xF3, 0x0C, 0x8E, 0x1D, 0x49, 0xF6, 0xC9, 0x02, 0xBD,
    0xF4, 0x0E, 0xBD, 0xF3, 0x54, 0x8E, 0xC9, 0x00, 0xBD, 0xF3, 0x0C, 0x8E, 0x1D, 0x71, 0xF6, 0xC9,
    0x02, 0xBD, 0xF4, 0x0E, 0xBD, 0xF3, 0x54, 0x8E, 0xC9, 0x00, 0xBD, 0xF3, 0x0C, 0x8E, 0x1D, 0x96,
    0xF6, 0xC9, 0x02, 0xBD, 0xF4, 0x0E, 0xBD, 0xF3, 0x54, 0x8E, 0xC9, 0x00, 0xBD, 0xF3, 0x0C, 0x8E,
    0x1D, 0xC1, 0xF6, 0xC9, 0x02, 0xBD, 0xF4, 0x0E, 0xBD, 0xF3, 0x54, 0x8E, 0xC9, 0x00, 0xBD, 0xF3,
    0x0C, 0x8E, 0x1D, 0xE9, 0xF6, 0xC9, 0x02, 0xBD, 0xF4, 0x0E, 0xBD, 0xF3, 0x54, 0x8E, 0xC9, 0x00,
    0xBD, 0xF3, 0x0C, 0x8E, 0x1E, 0x14, 0xF6, 0xC9, 0x02, 0xBD, 0xF4, 0x0E, 0xBD, 0xF3, 0x54, 0x39,
    0x8E, 0xC8, 0x80, 0x86, 0x00, 0xA7, 0x84, 0x30, 0x01, 0x8C, 0xCB, 0x00, 0x26, 0xF7, 0x39, 0x20,
    0x20, 0x20, 0x44, 0x45, 0x46, 0x45, 0x4E, 0x44, 0x20, 0x54, 0x48, 0x45, 0x20, 0x47, 0x41, 0x4C,
    0x41, 0x58, 0x59, 0x20, 0x21, 0x20, 0x20, 0x80, 0x20, 0x20, 0x20, 0x20, 0x20, 0x20, 0x20, 0x50,
    0x4C, 0x41, 0x59, 0x20, 0x2E, 0x2E, 0x2E, 0x2E, 0x20, 0x20, 0x20, 0x20, 0x20, 0x20, 0x20, 0x20,
    0x80, 0x20, 0x20, 0x20, 0x53, 0x54, 0x41, 0x52, 0x20, 0x46, 0x49, 0x52, 0x45, 0x20, 0x53, 0x50,
    0x49, 0x52, 0x49, 0x54, 0x53, 0x20, 0x20, 0x20, 0x20, 0x80, 0x67, 0x20, 0x31, 0x39, 0x39, 0x39,
    0x20, 0x20, 0x42, 0x59, 0x20, 0x4A, 0x4F, 0x48, 0x4E, 0x20, 0x44, 0x4F, 0x4E, 0x44, 0x5A, 0x49,
    0x4C, 0x41, 0x80, 0x20, 0x50, 0x52, 0x45, 0x53, 0x53, 0x20, 0x42, 0x55, 0x54, 0x54, 0x4F, 0x4E,
    0x20, 0x34, 0x20, 0x54, 0x4F, 0x20, 0x50, 0x4C, 0x41, 0x59, 0x20, 0x80, 0x4F, 0x52, 0x20, 0x42,
    0x55, 0x54, 0x54, 0x4F, 0x4E, 0x20, 0x33, 0x20, 0x46, 0x4F, 0x52, 0x20, 0x56, 0x45, 0x43, 0x4D,
    0x41, 0x4E, 0x49, 0x41, 0x80, 0x53, 0x4F, 0x52, 0x52, 0x59, 0x20, 0x46, 0x4F, 0x52, 0x20, 0x54,
    0x48, 0x45, 0x20, 0x43, 0x48, 0x45, 0x41, 0x50, 0x20, 0x49, 0x4E, 0x54, 0x52, 0x4F, 0x80, 0x4C,
    0x41, 0x53, 0x54, 0x20, 0x53, 0x43, 0x4F, 0x52, 0x45, 0x3A, 0x80, 0x8E, 0xCA, 0x80, 0xA6, 0x08,
    0x81, 0x05, 0x27, 0x06, 0x81, 0x00, 0x27, 0x02, 0x20, 0x08, 0x30, 0x0A, 0x8C, 0xCA, 0xBC, 0x2B,
    0xED, 0x39, 0x20, 0x01, 0x12, 0xEC, 0x84, 0xFD, 0xC9, 0x71, 0x8E, 0xCA, 0x52, 0xA6, 0x02, 0x27,
    0x08, 0x30, 0x05, 0x8C, 0xCA, 0x61, 0x26, 0xF5, 0x39, 0xFC, 0xC9, 0x71, 0xED, 0x84, 0x86, 0x01,
    0xA7, 0x02, 0xCC, 0x00, 0x00, 0xED, 0x03, 0x34, 0x10, 0xBD, 0xF1, 0xAF, 0xB6, 0xC9, 0x71, 0x47,
    0xB7, 0xC9, 0x03, 0xB6, 0xC9, 0x01, 0x47, 0xB0, 0xC9, 0x03, 0xF6, 0xC9, 0x72, 0x57, 0xF7, 0xC9,
    0x04, 0xF6, 0xC9, 0x02, 0x57, 0xF0, 0xC9, 0x04, 0xBD, 0xF5, 0x93, 0xC0, 0x10, 0x86, 0x03, 0xBD,
    0xF6, 0x01, 0xFD, 0xC9, 0x71, 0xBD, 0xF1, 0xAA, 0x35, 0x10, 0xFC, 0xC9, 0x71, 0xED, 0x03, 0x86,
    0xB0, 0xB7, 0xC9, 0x5F, 0x39, 0x34, 0x10, 0xCE, 0x21, 0x1E, 0xBD, 0xF2, 0x7D, 0x39, 0x00, 0x00,
    0x01, 0x00, 0x02, 0x00, 0x03, 0x00, 0x04, 0x00, 0x05, 0x00, 0x06, 0x1F, 0x07, 0x1C, 0x08, 0x0F,
    0x09, 0x0F, 0x0A, 0x10, 0x0B, 0x0F, 0x0C, 0x00, 0x0D, 0x10, 0x0E, 0x00, 0xFF, 0xCE, 0x21, 0x44,
    0xBD, 0xF2, 0x7D, 0x39, 0x06, 0x1F, 0x07, 0x1C, 0x08, 0x0F, 0x09, 0x0F, 0x0A, 0x10, 0x0B, 0x0F,
    0x0C, 0xFF, 0x0D, 0x10, 0x0E, 0x00, 0xFF, 0xCC, 0x00, 0x00, 0xFD, 0xCB, 0xEB, 0x8E, 0xCB, 0xEB,
    0xBD, 0xF8, 0x4F, 0x7E, 0x37, 0x27, 0x34, 0x02, 0x8E, 0xC8, 0x80, 0x86, 0x00, 0xA7, 0x84, 0x30,
    0x01, 0x8C, 0xCB, 0x00, 0x26, 0xF7, 0x35, 0x02, 0xB7, 0xC9, 0xD2, 0xBD, 0x33, 0x2F, 0xCC, 0x00,
    0x00, 0xFD, 0xC8, 0x90, 0x8E, 0xC8, 0x90, 0xBD, 0xF8, 0x4F, 0xCC, 0x00, 0x00, 0xFD, 0xC8, 0xA0,
    0x8E, 0xC8, 0xA0, 0xBD, 0xF8, 0x4F, 0xCC, 0x00, 0x05, 0x8E, 0xC8, 0xA0, 0xBD, 0xF8, 0x7C, 0xCC,
    0x00, 0x00, 0xFD, 0xC8, 0xB0, 0x8E, 0xC8, 0xB0, 0xBD, 0xF8, 0x4F, 0xCC, 0x00, 0x01, 0x8E, 0xC8,
    0xB0, 0xBD, 0xF8, 0x7C, 0x86, 0x01, 0xB7, 0xC9, 0x92, 0xB7, 0xC9, 0xB6, 0x86, 0x02, 0xB7, 0xC9,
    0x95, 0xB7, 0xC9, 0x94, 0x86, 0x05, 0xB7, 0xC8, 0xFF, 0x86, 0x03, 0xB7, 0xC9, 0xB7, 0x86, 0x30,
    0xB7, 0xC9, 0xB8, 0x86, 0x10, 0xB7, 0xC9, 0xB9, 0xCC, 0x00, 0x00, 0xFD, 0xC9, 0x12, 0xFD, 0xC9,
    0x10, 0xFD, 0xC9, 0x04, 0xFD, 0xC9, 0x0B, 0xFD, 0xC9, 0x0A, 0xB7, 0xC9, 0xA9, 0xB7, 0xC9, 0xAA,
    0xB7, 0xC9, 0xB0, 0x86, 0x1F, 0xB7, 0xC9, 0x06, 0x8E, 0xCA, 0x00, 0x6F, 0x84, 0x30, 0x01, 0x8C,
    0xCA, 0x4F, 0x26, 0xF7, 0xCC, 0x90, 0xA0, 0xB7, 0xCA, 0x00, 0xF7, 0xCA, 0x02, 0xCC, 0x90, 0xD0,
    0xB7, 0xCA, 0x10, 0xF7, 0xCA, 0x12, 0xCC, 0x90, 0x00, 0xB7, 0xCA, 0x20, 0xF7, 0xCA, 0x22, 0xCC,
    0x90, 0x2F, 0xB7, 0xCA, 0x30, 0xF7, 0xCA, 0x32, 0xCC, 0x90, 0x5F, 0xB7, 0xCA, 0x40, 0xF7, 0xCA,
    0x42, 0xCC, 0x00, 0x00, 0xFD, 0xC9, 0x18, 0xBD, 0xF5, 0x11, 0xBD, 0xF5, 0x84, 0x81, 0x20, 0x2B,
    0x20, 0x81, 0x40, 0x2B, 0x14, 0x81, 0x60, 0x2B, 0x08, 0xCC, 0x01, 0x02, 0xFD, 0xC9, 0x3B, 0x20,
    0x18, 0xCC, 0x01, 0xFE, 0xFD, 0xC9, 0x3B, 0x20, 0x10, 0xCC, 0x02, 0x01, 0xFD, 0xC9, 0x3B, 0x20,
    0x08, 0xCC, 0xFE, 0x01, 0xFD, 0xC9, 0x3B, 0x20, 0x00, 0x86, 0x10, 0xB7, 0xC9, 0x0E, 0x86, 0x01,
    0xB7, 0xC9, 0x6C, 0xB6, 0xC9, 0xB8, 0xB7, 0xC9, 0x90, 0x86, 0x00, 0xB7, 0xC9, 0x91, 0xB7, 0xC9,
    0x93, 0xB7, 0xC9, 0x2C, 0xB7, 0xC9, 0xA0, 0xB6, 0xC9, 0x95, 0xB7, 0xC9, 0x94, 0xCC, 0x00, 0x00,
    0xFD, 0xC9, 0x18, 0xFD, 0xC9, 0x99, 0xFD, 0xC9, 0xCE, 0xCC, 0x5F, 0x00, 0xB7, 0xC9, 0x00, 0xF7,
    0xC9, 0x02, 0x8E, 0xC9, 0x70, 0x6F, 0x84, 0x30, 0x01, 0x8C, 0xC9, 0x8E, 0x26, 0xF7, 0xBD, 0x32,
    0x85, 0xB6, 0xC8, 0xFF, 0x26, 0x18, 0xCC, 0x00, 0x00, 0xFD, 0xCB, 0xEB, 0x8E, 0xCB, 0xEB, 0xBD,
    0xF8, 0x4F, 0x8E, 0xC8, 0x90, 0xCE, 0xCB, 0xEB, 0xBD, 0xF8, 0xD8, 0x7E, 0x21, 0x63, 0xBD, 0xF1,
    0x92, 0xBD, 0x33, 0x36, 0xBD, 0x28, 0x19, 0xBD, 0x25, 0x5B, 0xBD, 0x23, 0xA4, 0xBD, 0x29, 0x42,
    0xBE, 0xC9, 0xCE, 0x27, 0x05, 0xBD, 0x35, 0x28, 0x20, 0x15, 0xBD, 0x23, 0xEF, 0xBD, 0x2B, 0xC9,
    0xBD, 0x2E, 0x30, 0xBD, 0x24, 0xC1, 0xBD, 0x2E, 0xA4, 0xBD, 0xF1, 0xAA, 0xBD, 0x2A, 0xCD, 0xB6,
    0xC9, 0x93, 0x26, 0x0A, 0xBE, 0xC9, 0x99, 0x8C, 0x00, 0x01, 0x27, 0x7E, 0x20, 0xC0, 0xCC, 0x00,
    0x01, 0x8E, 0xC8, 0xB0, 0xBD, 0xF8, 0x7C, 0xB6, 0xC9, 0xB6, 0x81, 0x06, 0x2B, 0x02, 0x86, 0x05,
    0x34, 0x02, 0xCC, 0x10, 0x00, 0x8E, 0xC8, 0x90, 0xBD, 0xF8, 0x7C, 0x35, 0x02, 0x4A, 0x26, 0xF0,
    0xB6, 0xC9, 0xB6, 0x81, 0x14, 0x2A, 0x03, 0x7C, 0xC9, 0xB6, 0x7C, 0xC9, 0x92, 0xB6, 0xC9, 0x92,
    0x81, 0x06, 0x26, 0x37, 0x86, 0x01, 0xB7, 0xC9, 0x92, 0xB6, 0xC9, 0xB6, 0x81, 0x14, 0x2A, 0x2B,
    0xB6, 0xC9, 0xB8, 0x80, 0x08, 0xB7, 0xC9, 0xB8, 0xB6, 0xC9, 0xB9, 0x81, 0x40, 0x27, 0x05, 0x8B,
    0x10, 0xB7, 0xC9, 0xB9, 0xB6, 0xC9, 0x95, 0x81, 0x07, 0x2A, 0x06, 0x7C, 0xC9, 0x95, 0x7C, 0xC9,
    0x95, 0xB6, 0xC9, 0xB7, 0x81, 0x01, 0x27, 0x03, 0x7A, 0xC9, 0xB7, 0x7C, 0xC8, 0xFF, 0xCC, 0x00,
    0x01, 0x8E, 0xC8, 0xA0, 0xBD, 0xF8, 0x7C, 0x7E, 0x21, 0xD8, 0x7A, 0xC8, 0xFF, 0x8E, 0xC8, 0xA0,
    0xCC, 0x00, 0x00, 0xBD, 0xF8, 0x4F, 0x86, 0x00, 0xF6, 0xC8, 0xFF, 0x8E, 0xC8, 0xA0, 0xBD, 0xF8,
    0x7C, 0x7E, 0x21, 0xD8, 0xBD, 0xF1, 0xAA, 0xB6, 0xC9, 0xAA, 0x88, 0x01, 0xB7, 0xC9, 0xAA, 0x86,
    0x40, 0xBD, 0xF2, 0xAB, 0xCC, 0x7F, 0x80, 0xFD, 0xC9, 0x16, 0x8E, 0xC9, 0x16, 0xBD, 0xF3, 0x0C,
    0x8E, 0x2A, 0xAD, 0xC6, 0xFF, 0xBD, 0xF4, 0x0E, 0xBD, 0xF3, 0x54, 0x7C, 0xC9, 0x1B, 0xB6, 0xC9,
    0x1B, 0x81, 0x20, 0x27, 0x02, 0x20, 0x08, 0x86, 0x00, 0xB7, 0xC9, 0x1B, 0x7C, 0xC9, 0x1A, 0xB6,
    0xC9, 0x1A, 0x81, 0x40, 0x26, 0x05, 0x86, 0x00, 0xB7, 0xC9, 0x1A, 0xCC, 0x00, 0x7F, 0x39, 0x86,
    0x50, 0xBD, 0xF2, 0xAB, 0xB6, 0xC9, 0x1A, 0xCE, 0xCA, 0xD0, 0x8E, 0x24, 0x77, 0xBD, 0xF6, 0x1F,
    0x8E, 0xC9, 0x18, 0xBD, 0xF3, 0x0C, 0x8E, 0xCA, 0xD0, 0xC6, 0x40, 0xBD, 0xF4, 0x0E, 0xBD, 0xF3,
    0x54, 0xB6, 0xC9, 0x1A, 0xCE, 0xCA, 0xD0, 0x8E, 0x24, 0x9C, 0xBD, 0xF6, 0x1F, 0x8E, 0xC9, 0x18,
    0xBD, 0xF3, 0x0C, 0x8E, 0xCA, 0xD0, 0xC6, 0x40, 0xBD, 0xF4, 0x0E, 0xBD, 0xF3, 0x54, 0xB6, 0xC9,
    0xA0, 0xBB, 0xC9, 0xB9, 0xB7, 0xC9, 0xA0, 0x2A, 0x3D, 0x7F, 0xC9, 0xA0, 0xB6, 0xC9, 0x18, 0xBB,
    0xC9, 0x3B, 0xB7, 0xC9, 0x18, 0xB6, 0xC9, 0x19, 0xBB, 0xC9, 0x3C, 0xB7, 0xC9, 0x19, 0xB6, 0xC9,
    0x18, 0x81, 0x48, 0x27, 0x06, 0x81, 0xB8, 0x27, 0x02, 0x20, 0x07, 0xB6, 0xC9, 0x3B, 0x40, 0xB7,
    0xC9, 0x3B, 0xB6, 0xC9, 0x19, 0x81, 0x48, 0x27, 0x06, 0x81, 0xB8, 0x27, 0x02, 0x20, 0x07, 0xB6,
    0xC9, 0x3C, 0x40, 0xB7, 0xC9, 0x3C, 0x39, 0x00, 0x12, 0xFA, 0xFF, 0x00, 0x0C, 0xFF, 0xF4, 0x0C,
    0xFF, 0xF4, 0x00, 0xFF, 0xF4, 0xF4, 0xFF, 0xB8, 0x00, 0xFF, 0x00, 0x0C, 0xFF, 0x18, 0x30, 0xFF,
    0x30, 0x18, 0xFF, 0x24, 0x00, 0xFF, 0x30, 0xE8, 0xFF, 0x18, 0xD0, 0x01, 0x00, 0x12, 0xFA, 0xFF,
    0xF4, 0xF4, 0xFF, 0xF4, 0x00, 0xFF, 0xF4, 0x0C, 0xFF, 0xB8, 0x00, 0xFF, 0x00, 0xF4, 0xFF, 0x18,
    0xD0, 0xFF, 0x30, 0xE8, 0xFF, 0x24, 0x00, 0xFF, 0x30, 0x18, 0xFF, 0x18, 0x30, 0xFF, 0x00, 0x24,
    0x01, 0xBD, 0xF1, 0xAF, 0xF6, 0xC9, 0x1A, 0x86, 0xF6, 0x34, 0x10, 0xBD, 0xF6, 0x01, 0x35, 0x10,
    0xBB, 0xC9, 0x18, 0xFB, 0xC9, 0x19, 0xFD, 0xC9, 0x1C, 0xF6, 0xC9, 0x1A, 0x86, 0xF1, 0x34, 0x10,
    0xBD, 0xF6, 0x01, 0x35, 0x10, 0xBB, 0xC9, 0x18, 0xFB, 0xC9, 0x19, 0xFD, 0xC9, 0x1E, 0xF6, 0xC9,
    0x1A, 0x86, 0xEA, 0x34, 0x10, 0xBD, 0xF6, 0x01, 0x35, 0x10, 0xBB, 0xC9, 0x18, 0xFB, 0xC9, 0x19,
    0xFD, 0xC9, 0x20, 0xF6, 0xC9, 0x1A, 0x86, 0xE4, 0x34, 0x10, 0xBD, 0xF6, 0x01, 0x35, 0x10, 0xBB,
    0xC9, 0x18, 0xFB, 0xC9, 0x19, 0xFD, 0xC9, 0x22, 0xF6, 0xC9, 0x1A, 0x86, 0xDE, 0x34, 0x10, 0xBD,
    0xF6, 0x01, 0x35, 0x10, 0xBB, 0xC9, 0x18, 0xFB, 0xC9, 0x19, 0xFD, 0xC9, 0x24, 0xF6, 0xC9, 0x1A,
    0x86, 0xD8, 0x34, 0x10, 0xBD, 0xF6, 0x01, 0x35, 0x10, 0xBB, 0xC9, 0x18, 0xFB, 0xC9, 0x19, 0xFD,
    0xC9, 0x26, 0xF6, 0xC9, 0x1A, 0x86, 0xD2, 0x34, 0x10, 0xBD, 0xF6, 0x01, 0x35, 0x10, 0xBB, 0xC9,
    0x18, 0xFB, 0xC9, 0x19, 0xFD, 0xC9, 0x28, 0xBD, 0xF1, 0xAA, 0x39, 0xBE, 0xC9, 0x99, 0x8C, 0x00,
    0x00, 0x27, 0x06, 0x30, 0x1F, 0xBF, 0xC9, 0x99, 0x39, 0x7F, 0xC9, 0x04, 0x7F, 0xC9, 0xA9, 0xBD,
    0x29, 0x17, 0x7D, 0xC8, 0x12, 0x27, 0x17, 0x86, 0x01, 0xB7, 0xC9, 0xA9, 0xB6, 0xC9, 0x0E, 0xBB,
    0xC9, 0xD2, 0xB7, 0xC9, 0x0E, 0x81, 0x40, 0x2B, 0x05, 0x86, 0x00, 0xB7, 0xC9, 0x0E, 0x7D, 0xC8,
    0x13, 0x27, 0x17, 0x86, 0x02, 0xB7, 0xC9, 0xA9, 0xB6, 0xC9, 0x0E, 0xB0, 0xC9, 0xD2, 0xB7, 0xC9,
    0x0E, 0x81, 0xFF, 0x2A, 0x05, 0x86, 0x3F, 0xB7, 0xC9, 0x0E, 0x7D, 0xC8, 0x15, 0x27, 0x16, 0xB6,
    0xC9, 0x3D, 0x81, 0x01, 0x27, 0x14, 0x86, 0x01, 0xB7, 0xC9, 0x3D, 0xBD, 0x29, 0x1C, 0x86, 0x10,
    0xB7, 0xC9, 0xB1, 0x20, 0x05, 0x86, 0x00, 0xB7, 0xC9, 0x3D, 0x7D, 0xC8, 0x14, 0x27, 0x1E, 0x86,
    0x03, 0xB7, 0xC9, 0xA9, 0x86, 0x01, 0xB7, 0xC9, 0xB5, 0xBD, 0xF1, 0xAF, 0x7C, 0xC9, 0x04, 0xB6,
    0xC9, 0x06, 0xF6, 0xC9, 0x0E, 0xBD, 0xF6, 0x01, 0xFD, 0xC9, 0x0A, 0x20, 0x11, 0xB6, 0xC9, 0xB1,
    0x26, 0x0C, 0xCC, 0x00, 0x00, 0xBD, 0xF2, 0x56, 0xCC, 0x01, 0x00, 0xBD, 0xF2, 0x56, 0xBD, 0xF1,
    0xAF, 0xB6, 0xC9, 0x04, 0xF6, 0xC9, 0x0A, 0xBD, 0x27, 0xFB, 0xF3, 0xC9, 0x10, 0xFD, 0xC9, 0x10,
    0xB6, 0xC9, 0x04, 0xF6, 0xC9, 0x0B, 0xBD, 0x27, 0xFB, 0xF3, 0xC9, 0x12, 0xFD, 0xC9, 0x12, 0xFC,
    0xC9, 0x12, 0x2D, 0x04, 0x2E, 0x0A, 0x20, 0x0E, 0xC3, 0x00, 0x0A, 0xFD, 0xC9, 0x12, 0x20, 0x06,
    0x83, 0x00, 0x0A, 0xFD, 0xC9, 0x12, 0xFC, 0xC9, 0x10, 0x2D, 0x04, 0x2E, 0x0A, 0x20, 0x0E, 0xC3,
    0x00, 0x0A, 0xFD, 0xC9, 0x10, 0x20, 0x06, 0x83, 0x00, 0x0A, 0xFD, 0xC9, 0x10, 0xFC, 0xC9, 0x00,
    0xF3, 0xC9, 0x10, 0xFD, 0xC9, 0x00, 0xFC, 0xC9, 0x02, 0xF3, 0xC9, 0x12, 0xFD, 0xC9, 0x02, 0xB6,
    0xC9, 0x00, 0xB7, 0xC9, 0x16, 0xB6, 0xC9, 0x02, 0xB7, 0xC9, 0x17, 0xBE, 0xC9, 0xCE, 0x26, 0x29,
    0xBE, 0xC9, 0x16, 0x10, 0xBE, 0xC9, 0x18, 0xCC, 0x2D, 0x2D, 0xBD, 0xF8, 0xFF, 0x24, 0x1A, 0x86,
    0x40, 0xB7, 0xC9, 0xB4, 0xFC, 0xC9, 0x16, 0xFD, 0xC9, 0x96, 0x86, 0x01, 0xB7, 0xC9, 0x98, 0xCC,
    0x01, 0x00, 0xFD, 0xC9, 0x99, 0xBD, 0x36, 0x90, 0x39, 0xB6, 0xC9, 0x00, 0x81, 0x7C, 0x27, 0x1F,
    0x81, 0x7D, 0x27, 0x1B, 0x81, 0x7E, 0x27, 0x17, 0x81, 0x7F, 0x27, 0x13, 0x81, 0x80, 0x27, 0x33,
    0x81, 0x81, 0x27, 0x2F, 0x81, 0x82, 0x27, 0x2B, 0x81, 0x83, 0x27, 0x27, 0x7E, 0x27, 0x4B, 0x86,
    0x01, 0xB7, 0xC9, 0xB3, 0xB6, 0xC9, 0x0E, 0x81, 0x3F, 0x27, 0x10, 0x81, 0x00, 0x27, 0x0C, 0x81,
    0x01, 0x27, 0x08, 0x81, 0x10, 0x2B, 0x08, 0x80, 0x10, 0x20, 0x2C, 0x8B, 0x20, 0x20, 0x28, 0x8B,
    0x10, 0x20, 0x24, 0x86, 0x01, 0xB7, 0xC9, 0xB3, 0xB6, 0xC9, 0x0E, 0x81, 0x1F, 0x27, 0x10, 0x81,
    0x20, 0x27, 0x0C, 0x81, 0x21, 0x27, 0x08, 0x81, 0x21, 0x2A, 0x08, 0x80, 0x10, 0x20, 0x08, 0x8B,
    0x20, 0x20, 0x04, 0x8B, 0x10, 0x20, 0x00, 0x81, 0x40, 0x2B, 0x02, 0x80, 0x40, 0xB7, 0xC9, 0x0E,
    0xF6, 0xC9, 0x0E, 0xB6, 0xC9, 0x06, 0xBD, 0xF6, 0x01, 0xFD, 0xC9, 0x0A, 0x86, 0x06, 0xF6, 0xC9,
    0x0A, 0xBD, 0x27, 0xFB, 0xB3, 0xC9, 0x10, 0xFD, 0xC9, 0x10, 0x86, 0x06, 0xF6, 0xC9, 0x0B, 0xBD,
    0x27, 0xFB, 0xF3, 0xC9, 0x12, 0xFD, 0xC9, 0x12, 0xFC, 0xC9, 0x00, 0xF3, 0xC9, 0x10, 0xFD, 0xC9,
    0x00, 0xFC, 0xC9, 0x00, 0xF3, 0xC9, 0x10, 0xFD, 0xC9, 0x00, 0x39, 0xB6, 0xC9, 0x02, 0x81, 0x7C,
    0x27, 0x1D, 0x81, 0x7D, 0x27, 0x19, 0x81, 0x7E, 0x27, 0x15, 0x81, 0x7F, 0x27, 0x11, 0x81, 0x80,
    0x27, 0x31, 0x81, 0x81, 0x27, 0x2D, 0x81, 0x82, 0x27, 0x29, 0x81, 0x83, 0x27, 0x25, 0x39, 0x86,
    0x01, 0xB7, 0xC9, 0xB3, 0xB6, 0xC9, 0x0E, 0x81, 0x2F, 0x27, 0x10, 0x81, 0x30, 0x27, 0x0C, 0x81,
    0x31, 0x27, 0x08, 0x81, 0x30, 0x2B, 0x08, 0x8B, 0x10, 0x20, 0x2C, 0x80, 0x20, 0x20, 0x28, 0x80,
    0x10, 0x20, 0x24, 0x86, 0x01, 0xB7, 0xC9, 0xB3, 0xB6, 0xC9, 0x0E, 0x81, 0x0F, 0x27, 0x10, 0x81,
    0x10, 0x27, 0x0C, 0x81, 0x11, 0x27, 0x08, 0x81, 0x11, 0x2A, 0x08, 0x80, 0x10, 0x20, 0x08, 0x8B,
    0x20, 0x20, 0x04, 0x80, 0x30, 0x20, 0x00, 0x81, 0x40, 0x2B, 0x02, 0x80, 0x40, 0xB7, 0xC9, 0x0E,
    0xF6, 0xC9, 0x0E, 0xB6, 0xC9, 0x06, 0xBD, 0xF6, 0x01, 0xFD, 0xC9, 0x0A, 0x86, 0x06, 0xF6, 0xC9,
    0x0A, 0xBD, 0x27, 0xFB, 0xF3, 0xC9, 0x10, 0xFD, 0xC9, 0x10, 0x86, 0x06, 0xF6, 0xC9, 0x0B, 0xBD,
    0x27, 0xFB, 0xB3, 0xC9, 0x12, 0xFD, 0xC9, 0x12, 0xFC, 0xC9, 0x02, 0xF3, 0xC9, 0x12, 0xFD, 0xC9,
    0x02, 0xFC, 0xC9, 0x02, 0xF3, 0xC9, 0x12, 0xFD, 0xC9, 0x02, 0x39, 0x7F, 0xC8, 0x83, 0x5D, 0x2A,
    0x03, 0x7C, 0xC8, 0x83, 0xBD, 0xF5, 0x84, 0x3D, 0xFD, 0xC8, 0x80, 0x74, 0xC8, 0x83, 0x24, 0x08,
    0x43, 0x53, 0xC3, 0x00, 0x01, 0xFD, 0xC8, 0x80, 0x39, 0xBE, 0xC9, 0x99, 0x8C, 0x00, 0x00, 0x27,
    0x01, 0x39, 0x86, 0x60, 0xBD, 0xF2, 0xAB, 0x8E, 0x28, 0xD7, 0xCE, 0xCA, 0xD0, 0xB6, 0xC9, 0x0E,
    0xBD, 0xF6, 0x1F, 0xB6, 0xC9, 0x00, 0xF6, 0xC9, 0x02, 0xFD, 0xC9, 0x16, 0x8E, 0xC9, 0x16, 0xBD,
    0xF3, 0x0C, 0x8E, 0xCA, 0xD0, 0xC6, 0x0A, 0xBD, 0xF4, 0x0E, 0xBD, 0xF3, 0x54, 0xB6, 0xC9, 0xAA,
    0x27, 0xA8, 0xB6, 0xC9, 0xA9, 0x81, 0x03, 0x27, 0x57, 0x81, 0x02, 0x27, 0x2C, 0x81, 0x01, 0x27,
    0x01, 0x39, 0x8E, 0x29, 0x0D, 0xCE, 0xCA, 0xD0, 0xB6, 0xC9, 0x0E, 0xBD, 0xF6, 0x1F, 0xB6, 0xC9,
    0x00, 0xF6, 0xC9, 0x02, 0xFD, 0xC9, 0x16, 0x8E, 0xC9, 0x16, 0xBD, 0xF3, 0x0C, 0x8E, 0xCA, 0xD0,
    0xC6, 0x0A, 0xBD, 0xF4, 0x0E, 0xBD, 0xF3, 0x54, 0x39, 0x8E, 0x29, 0x03, 0xCE, 0xCA, 0xD0, 0xB6,
    0xC9, 0x0E, 0xBD, 0xF6, 0x1F, 0xB6, 0xC9, 0x00, 0xF6, 0xC9, 0x02, 0xFD, 0xC9, 0x16, 0x8E, 0xC9,
    0x16, 0xBD, 0xF3, 0x0C, 0x8E, 0xCA, 0xD0, 0xC6, 0x0A, 0xBD, 0xF4, 0x0E, 0xBD, 0xF3, 0x54, 0x39,
    0x8E, 0x28, 0xF0, 0xCE, 0xCA, 0xD0, 0xB6, 0xC9, 0x0E, 0xBD, 0xF6, 0x1F, 0xB6, 0xC9, 0x00, 0xF6,
    0xC9, 0x02, 0xFD, 0xC9, 0x16, 0x8E, 0xC9, 0x16, 0xBD, 0xF3, 0x0C, 0x8E, 0xCA, 0xD0, 0xC6, 0x0A,
    0xBD, 0xF4, 0x0E, 0xBD, 0xF3, 0x54, 0x39, 0xFF, 0xE4, 0x0E, 0xFF, 0x00, 0x0E, 0xFF, 0x1C, 0x0E,
    0xFF, 0x23, 0xD6, 0xFF, 0xDD, 0xD6, 0xFF, 0xE4, 0x0E, 0xFF, 0x00, 0x0E, 0xFF, 0x1C, 0x0E, 0x01,
    0x00, 0xE4, 0xF2, 0xFF, 0xF2, 0xF2, 0xFF, 0x0E, 0xF2, 0x00, 0x00, 0x38, 0xFF, 0xF2, 0x0E, 0xFF,
    0x0E, 0x0E, 0x01, 0x00, 0xE4, 0xF2, 0xFF, 0xF2, 0xF2, 0xFF, 0x0E, 0xF2, 0x01, 0xFF, 0xE4, 0x0E,
    0xFF, 0xF2, 0x0E, 0xFF, 0x0E, 0x0E, 0x01, 0x4F, 0xBD, 0xF1, 0xB4, 0x39, 0xB6, 0xC9, 0x00, 0xB7,
    0xC9, 0x2A, 0xB6, 0xC9, 0x02, 0xB7, 0xC9, 0x2B, 0x86, 0x30, 0xB7, 0xC9, 0x2C, 0xBD, 0xF1, 0xAF,
    0xF6, 0xC9, 0x0E, 0x86, 0x05, 0xBD, 0xF6, 0x01, 0xB7, 0xC9, 0x2D, 0xF7, 0xC9, 0x2E, 0xBD, 0xF1,
    0xAA, 0x39, 0xBD, 0xF1, 0xAA, 0xB6, 0xC9, 0x2C, 0x26, 0x01, 0x39, 0x7A, 0xC9, 0x2C, 0xBD, 0xF2,
    0xA9, 0x8E, 0xC9, 0x2A, 0xBD, 0xF3, 0x0C, 0xBD, 0xF2, 0xC5, 0xBD, 0xF3, 0x54, 0xB6, 0xC9, 0x2A,
    0xBB, 0xC9, 0x2D, 0xB7, 0xC9, 0x2A, 0xB6, 0xC9, 0x2B, 0xBB, 0xC9, 0x2E, 0xB7, 0xC9, 0x2B, 0xFC,
    0xC9, 0x2A, 0xBD, 0x2A, 0x52, 0x81, 0x01, 0x27, 0x02, 0x20, 0x07, 0xB6, 0xC9, 0x2D, 0x40, 0xB7,
    0xC9, 0x2D, 0xC1, 0x01, 0x27, 0x02, 0x20, 0x07, 0xB6, 0xC9, 0x2E, 0x40, 0xB7, 0xC9, 0x2E, 0xBE,
    0xC9, 0xCE, 0x26, 0xAD, 0x10, 0xBE, 0xC9, 0x18, 0xBE, 0xC9, 0x2A, 0xCC, 0x28, 0x28, 0xBD, 0xF8,
    0xFF, 0x25, 0x03, 0x7E, 0x2A, 0x51, 0x86, 0x00, 0xB7, 0xC9, 0x16, 0x10, 0xBE, 0xC9, 0x28, 0xBE,
    0xC9, 0x2A, 0xCC, 0x04, 0x04, 0xBD, 0xF8, 0xFF, 0x24, 0x03, 0x7C, 0xC9, 0x16, 0x10, 0xBE, 0xC9,
    0x26, 0xBE, 0xC9, 0x2A, 0xCC, 0x04, 0x04, 0xBD, 0xF8, 0xFF, 0x24, 0x03, 0x7C, 0xC9, 0x16, 0x10,
    0xBE, 0xC9, 0x24, 0xBE, 0xC9, 0x2A, 0xCC, 0x04, 0x04, 0xBD, 0xF8, 0xFF, 0x24, 0x03, 0x7C, 0xC9,
    0x16, 0x10, 0xBE, 0xC9, 0x22, 0xBE, 0xC9, 0x2A, 0xCC, 0x04, 0x04, 0xBD, 0xF8, 0xFF, 0x24, 0x03,
    0x7C, 0xC9, 0x16, 0x10, 0xBE, 0xC9, 0x20, 0xBE, 0xC9, 0x2A, 0xCC, 0x04, 0x04, 0xBD, 0xF8, 0xFF,
    0x24, 0x03, 0x7C, 0xC9, 0x16, 0x10, 0xBE, 0xC9, 0x1E, 0xBE, 0xC9, 0x2A, 0xCC, 0x04, 0x04, 0xBD,
    0xF8, 0xFF, 0x24, 0x03, 0x7C, 0xC9, 0x16, 0x10, 0xBE, 0xC9, 0x1C, 0xBE, 0xC9, 0x2A, 0xCC, 0x04,
    0x04, 0xBD, 0xF8, 0xFF, 0x24, 0x03, 0x7C, 0xC9, 0x16, 0xB6, 0xC9, 0x16, 0x27, 0x10, 0x10, 0xBE,
    0xC9, 0x18, 0xBE, 0xC9, 0x2A, 0xCC, 0x0A, 0x0A, 0x24, 0x03, 0xBD, 0x34, 0xE9, 0x39, 0x86, 0x00,
    0xB7, 0xC9, 0x2C, 0xFC, 0xC9, 0x2A, 0xFD, 0xC9, 0x9D, 0x86, 0x01, 0xB7, 0xC9, 0x9F, 0xB7, 0xC9,
    0xD4, 0x39, 0x81, 0x80, 0x27, 0x51, 0x81, 0x81, 0x27, 0x4D, 0x81, 0x82, 0x27, 0x49, 0x81, 0x83,
    0x27, 0x45, 0x81, 0x84, 0x27, 0x41, 0x81, 0x7F, 0x27, 0x3D, 0x81, 0x7E, 0x27, 0x39, 0x81, 0x7D,
    0x27, 0x35, 0x81, 0x7C, 0x27, 0x31, 0x81, 0x7B, 0x27, 0x2D, 0x86, 0x00, 0xC1, 0x80, 0x27, 0x2A,
    0xC1, 0x81, 0x27, 0x26, 0xC1, 0x82, 0x27, 0x22, 0xC1, 0x83, 0x27, 0x1E, 0xC1, 0x84, 0x27, 0x1A,
    0xC1, 0x7F, 0x27, 0x16, 0xC1, 0x7E, 0x27, 0x12, 0xC1, 0x7D, 0x27, 0x0E, 0xC1, 0x7C, 0x27, 0x0A,
    0xC1, 0x7B, 0x27, 0x06, 0xC6, 0x00, 0x39, 0x86, 0x01, 0x39, 0xC6, 0x01, 0x39, 0xFF, 0x80, 0x00,
    0xFF, 0x00, 0x7F, 0xFF, 0x7F, 0x00, 0xFF, 0x00, 0x80, 0x01, 0xFF, 0x18, 0xF8, 0xFF, 0xD8, 0xF0,
    0xFF, 0xF8, 0x18, 0xFF, 0x08, 0x18, 0xFF, 0x28, 0xF0, 0xFF, 0xE8, 0xF8, 0x01, 0xBD, 0xF2, 0xA9,
    0x8E, 0xC9, 0x70, 0x34, 0x10, 0xA6, 0x04, 0x27, 0x03, 0xBD, 0x2A, 0xE6, 0x35, 0x10, 0x30, 0x05,
    0x8C, 0xC9, 0x8E, 0x26, 0xEE, 0x39, 0x6A, 0x04, 0x34, 0x10, 0xBD, 0xF3, 0x0C, 0xBD, 0xF2, 0xC5,
    0xBD, 0xF3, 0x54, 0x35, 0x10, 0xA6, 0x84, 0xAB, 0x02, 0xA7, 0x84, 0xA6, 0x01, 0xAB, 0x03, 0xA7,
    0x01, 0xEC, 0x84, 0xBD, 0x2A, 0x52, 0x81, 0x01, 0x27, 0x02, 0x20, 0x05, 0xA6, 0x02, 0x40, 0xA7,
    0x02, 0xC1, 0x01, 0x27, 0x02, 0x20, 0x05, 0xA6, 0x03, 0x40, 0xA7, 0x03, 0x34, 0x10, 0x10, 0xBE,
    0xC9, 0x18, 0xEC, 0x84, 0xFD, 0xC9, 0x16, 0xBE, 0xC9, 0x16, 0xCC, 0x28, 0x28, 0xBD, 0xF8, 0xFF,
    0x35, 0x10, 0x25, 0x02, 0x20, 0x12, 0x86, 0x00, 0xA7, 0x04, 0xEC, 0x84, 0xFD, 0xC9, 0x9D, 0x86,
    0x01, 0xB7, 0xC9, 0x9F, 0xB7, 0xC9, 0xD4, 0x39, 0x34, 0x10, 0xBE, 0xC9, 0x16, 0xB6, 0xC9, 0x00,
    0xB7, 0xC9, 0x31, 0xB6, 0xC9, 0x02, 0xB7, 0xC9, 0x32, 0x10, 0xBE, 0xC9, 0x31, 0xCC, 0x06, 0x06,
    0xBD, 0xF8, 0xFF, 0x35, 0x10, 0x25, 0x01, 0x39, 0x34, 0x10, 0x86, 0x01, 0xB7, 0xC9, 0xB3, 0x35,
    0x10, 0x86, 0x00, 0xA7, 0x04, 0xEC, 0x02, 0xFD, 0xC9, 0x0A, 0xBD, 0xF1, 0xAF, 0x86, 0x7F, 0xF6,
    0xC9, 0x0A, 0xBD, 0x27, 0xFB, 0xFD, 0xC9, 0x10, 0x86, 0x7F, 0xF6, 0xC9, 0x0B, 0xBD, 0x27, 0xFB,
    0xFD, 0xC9, 0x12, 0xBD, 0xF1, 0xAA, 0x86, 0x7F, 0xF6, 0xC9, 0x0A, 0xBD, 0x27, 0xFB, 0xF3, 0xC9,
    0x10, 0xFD, 0xC9, 0x10, 0x86, 0x7F, 0xF6, 0xC9, 0x0B, 0xBD, 0x27, 0xFB, 0xF3, 0xC9, 0x12, 0xFD,
    0xC9, 0x12, 0xBD, 0xF1, 0xAA, 0x39, 0xFF, 0xE8, 0xF8, 0xFF, 0x40, 0xE8, 0xFF, 0x98, 0x20, 0xFF,
    0x68, 0x20, 0xFF, 0xC0, 0xE8, 0xFF, 0x18, 0xF8, 0x01, 0xB6, 0xC9, 0x00, 0xF6, 0xC9, 0x02, 0xFD,
    0xC9, 0x9B, 0xB6, 0xC9, 0x6C, 0x81, 0x0A, 0x2B, 0x33, 0xB6, 0xC9, 0xAB, 0x27, 0x05, 0x7A, 0xC9,
    0xAB, 0x20, 0x36, 0xB6, 0xC9, 0xB0, 0x26, 0x31, 0xFC, 0xC9, 0x68, 0xFD, 0xC9, 0xAC, 0xBD, 0xF1,
    0xAF, 0xF6, 0xC9, 0x6B, 0x86, 0x04, 0xBD, 0xF6, 0x01, 0xB7, 0xC9, 0xAE, 0xF7, 0xC9, 0xAF, 0xBD,
    0xF1, 0xAA, 0x86, 0x20, 0xB7, 0xC9, 0xB0, 0xB7, 0xC9, 0xD1, 0x20, 0x0D, 0xFC, 0xC9, 0x18, 0xFD,
    0xC9, 0x68, 0x86, 0xC0, 0xB7, 0xC9, 0xAB, 0x20, 0x22, 0xBE, 0xC9, 0x99, 0x8C, 0x00, 0x00, 0x27,
    0x1A, 0xFC, 0xC9, 0x18, 0xFD, 0xC9, 0x9B, 0x10, 0xBE, 0xC9, 0x18, 0xBE, 0xC9, 0x68, 0xCC, 0x10,
    0x10, 0xBD, 0xF8, 0xFF, 0x24, 0x05, 0x86, 0x01, 0xB7, 0xC9, 0x6C, 0xBE, 0xC9, 0x99, 0x8C, 0x00,
    0x01, 0x2A, 0x31, 0xBE, 0xC9, 0x68, 0xB6, 0xC9, 0x00, 0xF6, 0xC9, 0x02, 0xFD, 0xC9, 0x16, 0x10,
    0xBE, 0xC9, 0x16, 0xCC, 0x08, 0x08, 0xBD, 0xF8, 0xFF, 0x24, 0x19, 0x86, 0x40, 0xB7, 0xC9, 0xB4,
    0xFC, 0xC9, 0x16, 0xFD, 0xC9, 0x96, 0x86, 0x01, 0xB7, 0xC9, 0x98, 0xCC, 0x01, 0x00, 0xFD, 0xC9,
    0x99, 0xBD, 0x36, 0x90, 0x86, 0x50, 0xBD, 0xF2, 0xAB, 0xBD, 0xF1, 0xAF, 0xB6, 0xC9, 0x68, 0x47,
    0xB7, 0xC9, 0x16, 0xB6, 0xC9, 0x9B, 0x47, 0xB0, 0xC9, 0x16, 0xF6, 0xC9, 0x69, 0x57, 0xF7, 0xC9,
    0x17, 0xF6, 0xC9, 0x9C, 0x57, 0xF0, 0xC9, 0x17, 0xBD, 0xF5, 0x93, 0xC0, 0x10, 0xF7, 0xC9, 0x6B,
    0x86, 0x04, 0xBD, 0xF6, 0x01, 0xFD, 0xC9, 0x6D, 0xBD, 0xF1, 0xAA, 0x8E, 0xC9, 0x68, 0xBD, 0xF3,
    0x0C, 0xB6, 0xC9, 0x6B, 0x8B, 0x20, 0xCE, 0xCA, 0xD0, 0x8E, 0x2B, 0xB6, 0xBD, 0xF6, 0x1F, 0x8E,
    0xCA, 0xD0, 0xF6, 0xC9, 0x6C, 0xBD, 0xF4, 0x0E, 0xBD, 0xF3, 0x54, 0x7A, 0xC9, 0x90, 0xB6, 0xC9,
    0x90, 0x27, 0x02, 0x20, 0x10, 0xB6, 0xC9, 0xB8, 0xB7, 0xC9, 0x90, 0xB6, 0xC9, 0x6C, 0x81, 0x0A,
    0x2A, 0x03, 0x7C, 0xC9, 0x6C, 0x7C, 0xC9, 0x91, 0xB6, 0xC9, 0x91, 0x81, 0x03, 0x26, 0x0F, 0x7F,
    0xC9, 0x91, 0xFC, 0xC9, 0x68, 0xBB, 0xC9, 0x6D, 0xFB, 0xC9, 0x6E, 0xFD, 0xC9, 0x68, 0xB6, 0xC9,
    0x2C, 0x27, 0x0F, 0x10, 0xBE, 0xC9, 0x68, 0xBE, 0xC9, 0x2A, 0xCC, 0x08, 0x08, 0xBD, 0xF8, 0xFF,
    0x25, 0x02, 0x20, 0x48, 0x7A, 0xC9, 0x94, 0xB6, 0xC9, 0x94, 0x27, 0x12, 0xFC, 0xC9, 0x2A, 0xFD,
    0xC9, 0x9D, 0x86, 0x01, 0xB7, 0xC9, 0x9F, 0xB7, 0xC9, 0xD4, 0x7F, 0xC9, 0x2C, 0x39, 0x86, 0x40,
    0xB7, 0xC9, 0xB4, 0xB6, 0xC9, 0x95, 0xB7, 0xC9, 0x94, 0xFC, 0xC9, 0x68, 0xFD, 0xC9, 0x96, 0x86,
    0x01, 0xB7, 0xC9, 0x98, 0x86, 0x00, 0xB7, 0xC9, 0x2C, 0x86, 0x01, 0xB7, 0xC9, 0x6C, 0x34, 0x10,
    0xCC, 0x01, 0x00, 0x8E, 0xC8, 0x90, 0xBD, 0xF8, 0x7C, 0x35, 0x10, 0x39, 0xBE, 0xC9, 0x99, 0x8C,
    0x00, 0x00, 0x26, 0xF7, 0xB6, 0xC9, 0xB0, 0x26, 0x01, 0x39, 0x86, 0x60, 0xBD, 0xF2, 0xAB, 0x8E,
    0xC9, 0xAC, 0xBD, 0xF3, 0x0C, 0x8E, 0x36, 0xB6, 0xCE, 0xCA, 0xD0, 0xB6, 0xC9, 0xD0, 0xBD, 0xF6,
    0x1F, 0x8E, 0xCA, 0xD0, 0xC6, 0x10, 0xBD, 0xF4, 0x0E, 0xBD, 0xF3, 0x54, 0x7C, 0xC9, 0xD0, 0x7C,
    0xC9, 0xD0, 0x7C, 0xC9, 0xD0, 0xFC, 0xC9, 0xAC, 0xBB, 0xC9, 0xAE, 0xFB, 0xC9, 0xAF, 0xFD, 0xC9,
    0xAC, 0xB6, 0xC9, 0x00, 0xF6, 0xC9, 0x02, 0xFD, 0xC9, 0x16, 0xBE, 0xC9, 0x16, 0x10, 0xBE, 0xC9,
    0xAC, 0xCC, 0x06, 0x06, 0xBD, 0xF8, 0xFF, 0x24, 0x38, 0x86, 0x40, 0xB7, 0xC9, 0xB4, 0xFC, 0xC9,
    0x16, 0xFD, 0xC9, 0x96, 0x86, 0x01, 0xB7, 0xC9, 0x98, 0xCC, 0x01, 0x00, 0xFD, 0xC9, 0x99, 0xCC,
    0x00, 0x00, 0xBD, 0xF2, 0x56, 0xCC, 0x01, 0x00, 0xBD, 0xF2, 0x56, 0xCC, 0x02, 0x00, 0xBD, 0xF2,
    0x56, 0xCC, 0x03, 0x00, 0xBD, 0xF2, 0x56, 0x7F, 0xC9, 0xB5, 0x7F, 0xC9, 0xB0, 0x7F, 0xC9, 0xD1,
    0x39, 0x7A, 0xC9, 0xB0, 0xB6, 0xC9, 0xB0, 0x26, 0x14, 0x86, 0x10, 0xB7, 0xC9, 0xAB, 0xCC, 0x02,
    0x00, 0xBD, 0xF2, 0x56, 0xCC, 0x03, 0x00, 0xBD, 0xF2, 0x56, 0x7F, 0xC9, 0xD1, 0x39, 0x00, 0x08,
    0x00, 0xFF, 0x10, 0xE0, 0xFF, 0xE8, 0x10, 0xFF, 0xE0, 0xE8, 0xFF, 0x10, 0x28, 0xFF, 0xE8, 0x20,
    0xFF, 0x18, 0xF0, 0xFF, 0x18, 0x18, 0xFF, 0xF8, 0xE8, 0xFF, 0x28, 0x08, 0xFF, 0xE0, 0xE8, 0x01,
    0xB6, 0xC9, 0x98, 0x26, 0x02, 0x20, 0x24, 0xBD, 0xF2, 0xA9, 0x8E, 0xC9, 0x96, 0xBD, 0xF3, 0x0C,
    0x8E, 0x2E, 0x0E, 0xF6, 0xC9, 0x98, 0xBD, 0xF4, 0x0E, 0xBD, 0xF3, 0x54, 0xB6, 0xC9, 0x98, 0x8B,
    0x08, 0x81, 0x40, 0x2B, 0x02, 0x86, 0x00, 0xB7, 0xC9, 0x98, 0x39, 0xB6, 0xC9, 0x9F, 0x26, 0x01,
    0x39, 0xBD, 0xF2, 0xA9, 0x8E, 0xC9, 0x9D, 0xBD, 0xF3, 0x0C, 0x8E, 0x2E, 0x85, 0xF6, 0xC9, 0x9F,
    0xBD, 0xF4, 0x0E, 0xBD, 0xF3, 0x54, 0xB6, 0xC9, 0x9F, 0x8B, 0x08, 0x81, 0x40, 0x2B, 0x02, 0x86,
    0x00, 0xB7, 0xC9, 0x9F, 0x39, 0x00, 0x06, 0xFA, 0xFF, 0x00, 0x00, 0x00, 0xFE, 0x0C, 0xFF, 0x00,
    0x00, 0x00, 0xFA, 0x02, 0xFF, 0x00, 0x00, 0x00, 0x00, 0xF6, 0xFF, 0x00, 0x00, 0x00, 0xFE, 0xFC,
    0xFF, 0x00, 0x00, 0x01, 0xBD, 0xF1, 0xAA, 0xCC, 0xC9, 0x70, 0xFD, 0xC9, 0x2F, 0x86, 0x0D, 0xB7,
    0xC9, 0xA6, 0x8E, 0xCA, 0x00, 0xBD, 0x2F, 0x28, 0xB6, 0xC9, 0x92, 0x81, 0x01, 0x27, 0x68, 0xBD,
    0xF1, 0xAA, 0xCC, 0xC9, 0x75, 0xFD, 0xC9, 0x2F, 0x86, 0x0D, 0xB7, 0xC9, 0xA6, 0x8E, 0xCA, 0x10,
    0xBD, 0x2F, 0x28, 0xBD, 0xF1, 0xAA, 0xB6, 0xC9, 0x92, 0x81, 0x02, 0x27, 0x4A, 0xCC, 0xC9, 0x7A,
    0xFD, 0xC9, 0x2F, 0x86, 0x0E, 0xB7, 0xC9, 0xA6, 0x8E, 0xCA, 0x20, 0xBD, 0x2F, 0x28, 0xBD, 0xF1,
    0xAA, 0xB6, 0xC9, 0x92, 0x81, 0x03, 0x27, 0x2F, 0xCC, 0xC9, 0x7F, 0xFD, 0xC9, 0x2F, 0x86, 0x0D,
    0xB7, 0xC9, 0xA6, 0x8E, 0xCA, 0x30, 0xBD, 0x2F, 0x28, 0xBD, 0xF1, 0xAA, 0xB6, 0xC9, 0x92, 0x81,
    0x04, 0x27, 0x14, 0xCC, 0xC9, 0x84, 0xFD, 0xC9, 0x2F, 0x86, 0x0F, 0xB7, 0xC9, 0xA6, 0x8E, 0xCA,
    0x40, 0xBD, 0x2F, 0x28, 0xBD, 0xF1, 0xAA, 0x39, 0xBF, 0xC9, 0xA4, 0xA6, 0x0D, 0x27, 0x4E, 0x6A,
    0x0D, 0xA6, 0x0D, 0x26, 0x47, 0xBD, 0xF5, 0x11, 0x84, 0x04, 0x81, 0x00, 0x27, 0x0A, 0x81, 0x01,
    0x27, 0x0B, 0x81, 0x02, 0x27, 0x0C, 0x20, 0x0F, 0xCC, 0x6F, 0x90, 0x20, 0x0D, 0xCC, 0x6F, 0x6F,
    0x20, 0x08, 0xCC, 0x90, 0x90, 0x20, 0x03, 0xCC, 0x90, 0x6F, 0x6F, 0x84, 0x6F, 0x01, 0x6F, 0x02,
    0x6F, 0x03, 0x6F, 0x04, 0x6F, 0x05, 0x6F, 0x06, 0x6F, 0x07, 0x6F, 0x08, 0x6F, 0x09, 0x6F, 0x0A,
    0x6F, 0x0B, 0x6F, 0x0C, 0x6F, 0x0D, 0x6F, 0x0E, 0xA7, 0x84, 0xE7, 0x02, 0x39, 0xA6, 0x84, 0xE6,
    0x02, 0xFD, 0xC9, 0x16, 0xBE, 0xC9, 0x16, 0x10, 0xBE, 0xC9, 0x18, 0xCC, 0x28, 0x28, 0xBD, 0xF8,
    0xFF, 0x24, 0x25, 0x86, 0x40, 0xB7, 0xC9, 0xB4, 0xFC, 0xC9, 0x16, 0xFD, 0xC9, 0x96, 0x86, 0x01,
    0xB7, 0xC9, 0x98, 0xBE, 0xC9, 0xA4, 0x86, 0xB0, 0xA7, 0x0D, 0x34, 0x10, 0xCC, 0x00, 0x25, 0x8E,
    0xC8, 0x90, 0xBD, 0xF8, 0x7C, 0x35, 0x10, 0x39, 0xB6, 0xC9, 0x2C, 0x27, 0x66, 0xBE, 0xC9, 0x16,
    0x10, 0xBE, 0xC9, 0x2A, 0xCC, 0x06, 0x06, 0xBD, 0xF8, 0xFF, 0x24, 0x57, 0x34, 0x10, 0x86, 0x01,
    0xB7, 0xC9, 0xB3, 0xCC, 0x00, 0x05, 0x8E, 0xC8, 0x90, 0xBD, 0xF8, 0x7C, 0x35, 0x10, 0x86, 0x00,
    0xB7, 0xC9, 0x2C, 0xBE, 0xC9, 0xA4, 0x86, 0x5F, 0xA7, 0x0E, 0xFC, 0xC9, 0x2D, 0xED, 0x08, 0xBD,
    0xF1, 0xAF, 0x86, 0x7F, 0xE6, 0x08, 0xBD, 0x27, 0xFB, 0xED, 0x04, 0xBE, 0xC9, 0xA4, 0x86, 0x7F,
    0xE6, 0x09, 0xBD, 0x27, 0xFB, 0xBE, 0xC9, 0xA4, 0xED, 0x06, 0xBD, 0xF1, 0xAA, 0x86, 0x7F, 0xE6,
    0x08, 0xBD, 0x27, 0xFB, 0xE3, 0x04, 0xED, 0x04, 0x86, 0x7F, 0xE6, 0x09, 0xBD, 0x27, 0xFB, 0xE3,
    0x06, 0xED, 0x06, 0xBD, 0xF1, 0xAA, 0xBE, 0xC9, 0x99, 0x8C, 0x00, 0x01, 0x2A, 0x33, 0xBE, 0xC9,
    0xA4, 0xA6, 0x0E, 0x26, 0x2C, 0x10, 0xBE, 0xC9, 0x2F, 0xA6, 0x24, 0x26, 0x24, 0xA6, 0x84, 0xA7,
    0xA4, 0xA6, 0x02, 0xA7, 0x21, 0x86, 0x50, 0xA7, 0x24, 0x86, 0x30, 0xB7, 0xC9, 0xB2, 0x34, 0x20,
    0xBD, 0xF1, 0xAF, 0xE6, 0x0C, 0x86, 0x03, 0xBD, 0xF6, 0x01, 0x35, 0x20, 0xED, 0x22, 0xBD, 0xF1,
    0xAA, 0x86, 0x50, 0xBD, 0xF2, 0xAB, 0x8E, 0xC9, 0x16, 0xBD, 0xF3, 0x0C, 0xBE, 0xC9, 0xA4, 0xA6,
    0x0C, 0xCE, 0xCA, 0xD0, 0x8E, 0x2A, 0xBA, 0xBD, 0xF6, 0x1F, 0x8E, 0xCA, 0xD0, 0xC6, 0x14, 0xBD,
    0xF4, 0x0E, 0xBD, 0xF3, 0x54, 0xBE, 0xC9, 0xA4, 0xA6, 0x0E, 0x26, 0x40, 0xBD, 0xF1, 0xAF, 0xBE,
    0xC9, 0xA4, 0xA6, 0x84, 0x47, 0xB7, 0xC9, 0x16, 0xB6, 0xC9, 0x00, 0x10, 0xBE, 0xC9, 0x99, 0x27,
    0x04, 0xB6, 0xC9, 0x18, 0x40, 0x47, 0xB0, 0xC9, 0x16, 0xE6, 0x02, 0x57, 0xF7, 0xC9, 0x17, 0x10,
    0xBE, 0xC9, 0x99, 0x27, 0x04, 0xF6, 0xC9, 0x19, 0x50, 0xF6, 0xC9, 0x02, 0x57, 0xF0, 0xC9, 0x17,
    0xBD, 0xF5, 0x93, 0x80, 0x10, 0xC0, 0x10, 0xBE, 0xC9, 0xA4, 0xE7, 0x0C, 0xA6, 0x0E, 0x27, 0x0A,
    0x6A, 0x0E, 0x6C, 0x0C, 0x6C, 0x0C, 0x6C, 0x0C, 0x20, 0x19, 0x6F, 0x0A, 0xBD, 0xF1, 0xAF, 0xBE,
    0xC9, 0xA4, 0x6C, 0x0A, 0xA6, 0x0B, 0xB6, 0xC9, 0xA6, 0xE6, 0x0C, 0xBD, 0xF6, 0x01, 0xBE, 0xC9,
    0xA4, 0xED, 0x08, 0xBD, 0xF1, 0xAF, 0xBE, 0xC9, 0xA4, 0xA6, 0x0A, 0xE6, 0x08, 0xBD, 0x27, 0xFB,
    0xBE, 0xC9, 0xA4, 0xE3, 0x04, 0xED, 0x04, 0xA6, 0x0A, 0xE6, 0x09, 0xBD, 0x27, 0xFB, 0xBE, 0xC9,
    0xA4, 0xE3, 0x06, 0xED, 0x06, 0xEC, 0x06, 0x2D, 0x04, 0x2E, 0x09, 0x20, 0x0C, 0xC3, 0x00, 0x0A,
    0xED, 0x06, 0x20, 0x05, 0x83, 0x00, 0x0A, 0xED, 0x06, 0xEC, 0x04, 0x2D, 0x04, 0x2E, 0x09, 0x20,
    0x0C, 0xC3, 0x00, 0x0A, 0xED, 0x04, 0x20, 0x05, 0x83, 0x00, 0x0A, 0xED, 0x04, 0xEC, 0x84, 0xE3,
    0x04, 0xED, 0x84, 0xEC, 0x02, 0xE3, 0x06, 0xED, 0x02, 0xA6, 0x84, 0x81, 0x7C, 0x27, 0x1F, 0x81,
    0x7D, 0x27, 0x1B, 0x81, 0x7E, 0x27, 0x17, 0x81, 0x7F, 0x27, 0x13, 0x81, 0x80, 0x27, 0x2D, 0x81,
    0x81, 0x27, 0x29, 0x81, 0x82, 0x27, 0x25, 0x81, 0x83, 0x27, 0x21, 0x20, 0x7B, 0x12, 0xA6, 0x0C,
    0x81, 0x3F, 0x27, 0x10, 0x81, 0x00, 0x27, 0x0C, 0x81, 0x01, 0x27, 0x08, 0x81, 0x10, 0x2B, 0x08,
    0x80, 0x10, 0x20, 0x26, 0x8B, 0x20, 0x20, 0x22, 0x8B, 0x10, 0x20, 0x1E, 0xA6, 0x0C, 0x81, 0x1F,
    0x27, 0x10, 0x81, 0x20, 0x27, 0x0C, 0x81, 0x21, 0x27, 0x08, 0x81, 0x21, 0x2A, 0x08, 0x80, 0x10,
    0x20, 0x08, 0x8B, 0x20, 0x20, 0x04, 0x8B, 0x10, 0x20, 0x00, 0x81, 0x40, 0x2B, 0x02, 0x80, 0x40,
    0xA7, 0x0C, 0xE6, 0x0C, 0xB6, 0xC9, 0xA6, 0xBD, 0xF6, 0x01, 0xBE, 0xC9, 0xA4, 0xED, 0x08, 0x86,
    0x06, 0xE6, 0x08, 0xBD, 0x27, 0xFB, 0xBE, 0xC9, 0xA4, 0xA3, 0x04, 0xED, 0x04, 0x86, 0x06, 0xE6,
    0x09, 0xBD, 0x27, 0xFB, 0xBE, 0xC9, 0xA4, 0xE3, 0x06, 0xED, 0x06, 0xEC, 0x84, 0xE3, 0x04, 0xED,
    0x84, 0xEC, 0x84, 0xE3, 0x04, 0xED, 0x84, 0x39, 0xA6, 0x02, 0x81, 0x7C, 0x27, 0x1D, 0x81, 0x7D,
    0x27, 0x19, 0x81, 0x7E, 0x27, 0x15, 0x81, 0x7F, 0x27, 0x11, 0x81, 0x80, 0x27, 0x2B, 0x81, 0x81,
    0x27, 0x27, 0x81, 0x82, 0x27, 0x23, 0x81, 0x83, 0x27, 0x1F, 0x39, 0xA6, 0x0C, 0x81, 0x2F, 0x27,
    0x10, 0x81, 0x30, 0x27, 0x0C, 0x81, 0x31, 0x27, 0x08, 0x81, 0x30, 0x2B, 0x08, 0x8B, 0x10, 0x20,
    0x26, 0x80, 0x20, 0x20, 0x22, 0x80, 0x10, 0x20, 0x1E, 0xA6, 0x0C, 0x81, 0x0F, 0x27, 0x10, 0x81,
    0x10, 0x27, 0x0C, 0x81, 0x11, 0x27, 0x08, 0x81, 0x11, 0x2A, 0x08, 0x80, 0x10, 0x20, 0x08, 0x8B,
    0x20, 0x20, 0x04, 0x80, 0x30, 0x20, 0x00, 0x81, 0x40, 0x2B, 0x02, 0x80, 0x40, 0xA7, 0x0C, 0xE6,
    0x0C, 0xB6, 0xC9, 0xA6, 0xBD, 0xF6, 0x01, 0xBE, 0xC9, 0xA4, 0xED, 0x08, 0x86, 0x06, 0xE6, 0x08,
    0xBD, 0x27, 0xFB, 0xBE, 0xC9, 0xA4, 0xE3, 0x04, 0xED, 0x04, 0x86, 0x06, 0xE6, 0x09, 0xBD, 0x27,
    0xFB, 0xBE, 0xC9, 0xA4, 0xA3, 0x06, 0xED, 0x06, 0xEC, 0x02, 0xE3, 0x06, 0xED, 0x02, 0xEC, 0x02,
    0xE3, 0x06, 0xED, 0x02, 0x39, 0xBD, 0x36, 0x84, 0xB6, 0xC8, 0xFF, 0x27, 0x08, 0xCC, 0x01, 0x20,
    0xFD, 0xC9, 0x16, 0x20, 0x06, 0xCC, 0x03, 0x00, 0xFD, 0xC9, 0x16, 0xBD, 0xF1, 0x92, 0x86, 0x50,
    0xBD, 0xF2, 0xAB, 0xCC, 0x3F, 0x00, 0xBD, 0xF2, 0xFC, 0xCE, 0xC8, 0xB0, 0xCC, 0xFE, 0x49, 0xFD,
    0xC8, 0x2A, 0xBD, 0xF4, 0x95, 0xCC, 0x1F, 0x00, 0xBD, 0xF2, 0xFC, 0xCE, 0xC8, 0x90, 0xCC, 0xFE,
    0x49, 0xFD, 0xC8, 0x2A, 0xBD, 0xF4, 0x95, 0xCC, 0x00, 0x00, 0xBD, 0xF2, 0xFC, 0xCE, 0xC8, 0xA0,
    0xCC, 0xFE, 0x49, 0xFD, 0xC8, 0x2A, 0xBD, 0xF4, 0x95, 0xCE, 0x33, 0x10, 0xCC, 0x1F, 0xB0, 0xBD,
    0xF3, 0x7A, 0xCE, 0x33, 0x16, 0xCC, 0x00, 0xB0, 0xBD, 0xF3, 0x7A, 0xCE, 0x33, 0x29, 0xCC, 0x3F,
    0xB0, 0xBD, 0xF3, 0x7A, 0xB6, 0xC8, 0xFF, 0x26, 0x09, 0xCE, 0x33, 0x1C, 0xCC, 0xE0, 0xB0, 0xBD,
    0xF3, 0x7A, 0xBE, 0xC9, 0x16, 0x30, 0x1F, 0xBF, 0xC9, 0x16, 0x8C, 0x00, 0x00, 0x26, 0x8C, 0x39,
    0x53, 0x43, 0x4F, 0x52, 0x45, 0x80, 0x53, 0x48, 0x49, 0x50, 0x53, 0x80, 0x20, 0x20, 0x20, 0x47,
    0x41, 0x4D, 0x45, 0x20, 0x4F, 0x56, 0x45, 0x52, 0x80, 0x4C, 0x45, 0x56, 0x45, 0x4C, 0x80, 0xCE,
    0x34, 0x3B, 0xBD, 0xF2, 0x7D, 0x39, 0xBE, 0xC9, 0x99, 0x27, 0x1B, 0xCC, 0x00, 0x00, 0xBD, 0xF2,
    0x56, 0xCC, 0x01, 0x00, 0xBD, 0xF2, 0x56, 0xCC, 0x02, 0x00, 0xBD, 0xF2, 0x56, 0xCC, 0x03, 0x00,
    0xBD, 0xF2, 0x56, 0x7E, 0x33, 0xEA, 0xB6, 0xC9, 0xB5, 0x27, 0x20, 0x7F, 0xC9, 0xB5, 0xCC, 0x00,
    0x40, 0xBD, 0xF2, 0x56, 0xCC, 0x01, 0x03, 0xBD, 0xF2, 0x56, 0xB6, 0xC9, 0xAA, 0x27, 0x0C, 0xCC,
    0x00, 0x00, 0xBD, 0xF2, 0x56, 0xCC, 0x01, 0x00, 0xBD, 0xF2, 0x56, 0xF6, 0xC9, 0xB1, 0x27, 0x26,
    0x86, 0x00, 0xBD, 0xF2, 0x56, 0xCC, 0x01, 0x01, 0xBD, 0xF2, 0x56, 0xB6, 0xC9, 0xB1, 0x8B, 0x10,
    0xB7, 0xC9, 0xB1, 0x81, 0x80, 0x26, 0x0F, 0xCC, 0x00, 0x00, 0xBD, 0xF2, 0x56, 0xCC, 0x01, 0x00,
    0xBD, 0xF2, 0x56, 0x7F, 0xC9, 0xB1, 0xF6, 0xC9, 0xD1, 0x27, 0x14, 0x86, 0x02, 0xBD, 0xF2, 0x56,
    0xCC, 0x03, 0x00, 0xBD, 0xF2, 0x56, 0xB6, 0xC9, 0xD1, 0x80, 0x36, 0xB7, 0xC9, 0xD1, 0x39, 0xF6,
    0xC9, 0xB2, 0x27, 0x26, 0x86, 0x02, 0xBD, 0xF2, 0x56, 0xCC, 0x03, 0x00, 0xBD, 0xF2, 0x56, 0xB6,
    0xC9, 0xB2, 0x8B, 0x10, 0xB7, 0xC9, 0xB2, 0x81, 0xB0, 0x26, 0x0F, 0xCC, 0x02, 0x00, 0xBD, 0xF2,
    0x56, 0xCC, 0x03, 0x00, 0xBD, 0xF2, 0x56, 0x7F, 0xC9, 0xB2, 0xB6, 0xC9, 0xB4, 0x27, 0x05, 0x7A,
    0xC9, 0xB4, 0x20, 0x0E, 0xB6, 0xC9, 0xB3, 0x27, 0x09, 0x7F, 0xC9, 0xB3, 0xCE, 0x34, 0x28, 0xBD,
    0xF2, 0x7D, 0xB6, 0xC9, 0xB4, 0x27, 0x0D, 0x81, 0x3F, 0x2B, 0x06, 0xCE, 0x34, 0x58, 0xBD, 0xF2,
    0x7D, 0x7A, 0xC9, 0xB4, 0xBE, 0xC9, 0x99, 0x26, 0x0E, 0xB6, 0xC9, 0xD4, 0x27, 0x09, 0xCE, 0x34,
    0x7E, 0xBD, 0xF2, 0x7D, 0x7F, 0xC9, 0xD4, 0x39, 0x06, 0x0A, 0x07, 0x1C, 0x08, 0x0F, 0x09, 0x0F,
    0x0A, 0x10, 0x0B, 0x0F, 0x0C, 0x08, 0x0D, 0x10, 0x0E, 0x00, 0xFF, 0x00, 0x00, 0x01, 0x00, 0x02,
    0x00, 0x03, 0x00, 0x04, 0x00, 0x05, 0x00, 0x07, 0x1C, 0x08, 0x0F, 0x09, 0x0F, 0x0A, 0x10, 0x0B,
    0x10, 0x0C, 0x10, 0x0D, 0x00, 0x0E, 0x20, 0xFF, 0x06, 0x1F, 0x07, 0x1C, 0x08, 0x0F, 0x09, 0x0F,
    0x0A, 0x10, 0x0B, 0x0F, 0x0C, 0x7F, 0x0D, 0x10, 0x0E, 0x00, 0xFF, 0x06, 0x1F, 0x07, 0x1C, 0x08,
    0x0F, 0x09, 0x0F, 0x0A, 0x10, 0x0B, 0x0F, 0x0C, 0xCF, 0x0D, 0x10, 0x0E, 0x00, 0xFF, 0x06, 0x15,
    0x07, 0x1C, 0x08, 0x0F, 0x09, 0x0F, 0x0A, 0x10, 0x0B, 0x0F, 0x0C, 0x08, 0x0D, 0x10, 0x0E, 0x00,
    0xFF, 0xFF, 0x1B, 0xEE, 0xFF, 0x2D, 0x24, 0xFF, 0x00, 0xDC, 0xFF, 0xEE, 0xDC, 0xFF, 0xDC, 0xEE,
    0xFF, 0xDC, 0x00, 0xFF, 0x12, 0x48, 0x01, 0xFF, 0xF7, 0x12, 0xFF, 0xE5, 0x09, 0xFF, 0xDC, 0xD3,
    0xFF, 0x12, 0xDC, 0xFF, 0x24, 0xEE, 0xFF, 0x12, 0x48, 0x01, 0xFF, 0xF7, 0x12, 0xFF, 0xE5, 0x09,
    0xFF, 0xDC, 0xD3, 0xFF, 0x00, 0x24, 0xFF, 0x12, 0x24, 0xFF, 0x24, 0x12, 0xFF, 0x2D, 0xCA, 0xFF,
    0xE5, 0xEE, 0x01, 0xFF, 0x1B, 0xEE, 0xFF, 0x2D, 0x24, 0xFF, 0xEE, 0x24, 0xFF, 0xDC, 0x12, 0xFF,
    0xDC, 0x00, 0xFF, 0x2D, 0xCA, 0xFF, 0xE5, 0xEE, 0x01, 0xFC, 0xC9, 0x18, 0xFD, 0xC9, 0xBB, 0xFD,
    0xC9, 0xBF, 0xFD, 0xC9, 0xC3, 0xFD, 0xC9, 0xC7, 0xCC, 0x04, 0xFE, 0xFD, 0xC9, 0xBD, 0xCC, 0xFE,
    0xFC, 0xFD, 0xC9, 0xC1, 0xCC, 0xFC, 0x02, 0xFD, 0xC9, 0xC5, 0xCC, 0x04, 0x02, 0xFD, 0xC9, 0xC9,
    0x7F, 0xC9, 0xCB, 0x7F, 0xC9, 0xCC, 0x86, 0xFF, 0xB7, 0xC9, 0xCD, 0xCC, 0x01, 0x30, 0xFD, 0xC9,
    0xCE, 0xCE, 0x34, 0x6B, 0xBD, 0xF2, 0x7D, 0x39, 0x7C, 0xC9, 0xCC, 0x7C, 0xC9, 0xCC, 0x7A, 0xC9,
    0xCB, 0x7A, 0xC9, 0xCB, 0xB6, 0xC9, 0xCD, 0x2A, 0x02, 0x86, 0x7F, 0xBD, 0xF2, 0xAB, 0x8E, 0xC9,
    0xBB, 0xBD, 0xF3, 0x0C, 0xB6, 0xC9, 0xCB, 0xCE, 0xCA, 0xD0, 0x8E, 0x34, 0x91, 0xBD, 0xF6, 0x1F,
    0x8E, 0xCA, 0xD0, 0xC6, 0x50, 0xBD, 0xF4, 0x0E, 0xBD, 0xF3, 0x54, 0x8E, 0xC9, 0xBF, 0xBD, 0xF3,
    0x0C, 0xB6, 0xC9, 0xCC, 0xCE, 0xCA, 0xD0, 0x8E, 0x34, 0xA7, 0xBD, 0xF6, 0x1F, 0x8E, 0xCA, 0xD0,
    0xC6, 0x50, 0xBD, 0xF4, 0x0E, 0xBD, 0xF3, 0x54, 0x8E, 0xC9, 0xC3, 0xBD, 0xF3, 0x0C, 0xB6, 0xC9,
    0xCB, 0xCE, 0xCA, 0xD0, 0x8E, 0x34, 0xBA, 0xBD, 0xF6, 0x1F, 0x8E, 0xCA, 0xD0, 0xC6, 0x50, 0xBD,
    0xF4, 0x0E, 0xBD, 0xF3, 0x54, 0x8E, 0xC9, 0xC7, 0xBD, 0xF3, 0x0C, 0xB6, 0xC9, 0xCC, 0xCE, 0xCA,
    0xD0, 0x8E, 0x34, 0xD3, 0xBD, 0xF6, 0x1F, 0x8E, 0xCA, 0xD0, 0xC6, 0x50, 0xBD, 0xF4, 0x0E, 0xBD,
    0xF3, 0x54, 0x8E, 0xC9, 0xBB, 0xA6, 0x84, 0xAB, 0x02, 0xA7, 0x84, 0xA6, 0x01, 0xAB, 0x03, 0xA7,
    0x01, 0xA6, 0x84, 0x81, 0x4F, 0x27, 0x12, 0x81, 0x50, 0x27, 0x0E, 0x81, 0x51, 0x27, 0x0A, 0x81,
    0x52, 0x27, 0x06, 0x81, 0x53, 0x27, 0x02, 0x20, 0x0D, 0xA6, 0x02, 0x40, 0xA7, 0x02, 0xA6, 0x84,
    0xAB, 0x02, 0xA7, 0x84, 0x20, 0x21, 0x81, 0xA0, 0x27, 0x12, 0x81, 0xA1, 0x27, 0x0E, 0x81, 0xA2,
    0x27, 0x0A, 0x81, 0xA3, 0x27, 0x06, 0x81, 0xA4, 0x27, 0x02, 0x20, 0x0B, 0xA6, 0x02, 0x40, 0xA7,
    0x02, 0xA6, 0x84, 0xAB, 0x02, 0xA7, 0x84, 0xA6, 0x01, 0x81, 0x4F, 0x27, 0x12, 0x81, 0x50, 0x27,
    0x0E, 0x81, 0x51, 0x27, 0x0A, 0x81, 0x52, 0x27, 0x06, 0x81, 0x53, 0x27, 0x02, 0x20, 0x0D, 0xA6,
    0x03, 0x40, 0xA7, 0x03, 0xA6, 0x01, 0xAB, 0x03, 0xA7, 0x01, 0x20, 0x21, 0x81, 0xA0, 0x27, 0x12,
    0x81, 0xA1, 0x27, 0x0E, 0x81, 0xA2, 0x27, 0x0A, 0x81, 0xA3, 0x27, 0x06, 0x81, 0xA4, 0x27, 0x02,
    0x20, 0x0B, 0xA6, 0x03, 0x40, 0xA7, 0x03, 0xA6, 0x01, 0xAB, 0x03, 0xA7, 0x01, 0x30, 0x04, 0x8C,
    0xC9, 0xCB, 0x27, 0x03, 0x7E, 0x35, 0xB5, 0xB6, 0xC9, 0xCD, 0x81, 0x00, 0x27, 0x0E, 0x81, 0x01,
    0x27, 0x0A, 0x81, 0x02, 0x27, 0x06, 0x7A, 0xC9, 0xCD, 0x7A, 0xC9, 0xCD, 0xBE, 0xC9, 0xCE, 0x8C,
    0x00, 0x01, 0x27, 0x0F, 0x30, 0x1F, 0xBF, 0xC9, 0xCE, 0x8C, 0x00, 0x01, 0x26, 0x05, 0x86, 0x01,
    0xB7, 0xC9, 0x93, 0x39, 0x7F, 0xC9, 0xB3, 0x7F, 0xC9, 0xB4, 0x7F, 0xC9, 0xB5, 0x7F, 0xC9, 0xD4,
    0x7F, 0xC9, 0xB1, 0x7F, 0xC9, 0xB2, 0x7F, 0xC9, 0xD1, 0x34, 0x10, 0xCC, 0x00, 0x00, 0xBD, 0xF2,
    0x56, 0xCC, 0x01, 0x00, 0xBD, 0xF2, 0x56, 0xCC, 0x02, 0x00, 0xBD, 0xF2, 0x56, 0xCC, 0x03, 0x00,
    0xBD, 0xF2, 0x56, 0x35, 0x10, 0x39, 0xFF, 0x15, 0x00, 0xFF, 0xEB, 0xEB, 0xFF, 0x00, 0x2A, 0xFF,
    0xEB, 0xEB, 0xFF, 0x15, 0x00, 0x01, 0xFF, 0x46, 0x28, 0xFF, 0x00, 0x1E, 0xFF, 0xE2, 0xF6, 0xFF,
    0x00, 0xE2, 0xFF, 0xD8, 0x14, 0x01, 0xFF, 0x00, 0xE2, 0xFF, 0x46, 0x14, 0xFF, 0x00, 0x14, 0x00,
    0xE2, 0xF6, 0xFF, 0x00, 0xEC, 0x01, 0xFF, 0x46, 0x0A, 0xFF, 0x00, 0x14, 0xFF, 0xE2, 0x00, 0xFF,
    0x00, 0xEC, 0x00, 0xFF, 0x46, 0x00, 0x00, 0x00, 0x14, 0xFF, 0xBA, 0x00, 0xFF, 0x00, 0xEC, 0x01,
    0xFF, 0x00, 0xEC, 0xFF, 0x46, 0xF6, 0x01, 0xFF, 0x00, 0x1E, 0xFF, 0x28, 0xEC, 0xFF, 0x00, 0xEC,
    0xFF, 0x1E, 0xF6, 0xFF, 0x00, 0x14, 0x01, 0xFF, 0x00, 0xD8, 0xFF, 0x46, 0xD8, 0xFF, 0x00, 0x1E,
    0x00, 0xE2, 0x0A, 0xFF, 0x00, 0xEC, 0x01, 0x86, 0x70, 0xB7, 0xC9, 0x00, 0x86, 0x68, 0xB7, 0xC9,
    0x01, 0x86, 0x60, 0xB7, 0xC9, 0x02, 0x86, 0x58, 0xB7, 0xC9, 0x03, 0x86, 0x50, 0xB7, 0xC9, 0x04,
    0x86, 0x48, 0xB7, 0xC9, 0x05, 0x86, 0x40, 0xB7, 0xC9, 0x06, 0x7F, 0xC9, 0x07, 0xBD, 0x29, 0x17,
    0x7F, 0xC8, 0x12, 0x7F, 0xC8, 0x13, 0x7F, 0xC8, 0x14, 0xBD, 0xF1, 0x92, 0xBD, 0x37, 0x7E, 0xBD,
    0x29, 0x17, 0x7D, 0xC8, 0x14, 0x27, 0x03, 0x7E, 0xF0, 0x00, 0x7D, 0xC8, 0x13, 0x27, 0x05, 0x86,
    0x02, 0x7E, 0x21, 0x66, 0x7D, 0xC8, 0x12, 0x27, 0xE0, 0x86, 0x01, 0x7E, 0x21, 0x66, 0xB6, 0xC9,
    0x00, 0xBD, 0xF2, 0xAB, 0xCC, 0x00, 0x80, 0xFD, 0xC9, 0x16, 0x8E, 0xC9, 0x16, 0xBD, 0xF3, 0x0C,
    0x8E, 0x36, 0xC6, 0xC6, 0x68, 0xBD, 0xF4, 0x0E, 0xBD, 0xF3, 0x54, 0xB6, 0xC9, 0x01, 0xBD, 0xF2,
    0xAB, 0xCC, 0x00, 0xCA, 0xFD, 0xC9, 0x16, 0x8E, 0xC9, 0x16, 0xBD, 0xF3, 0x0C, 0x8E, 0x36, 0xD6,
    0xC6, 0x68, 0xBD, 0xF4, 0x0E, 0xBD, 0xF3, 0x54, 0xB6, 0xC9, 0x02, 0xBD, 0xF2, 0xAB, 0xCC, 0x00,
    0xD0, 0xFD, 0xC9, 0x16, 0x8E, 0xC9, 0x16, 0xBD, 0xF3, 0x0C, 0x8E, 0x36, 0xE6, 0xC6, 0x68, 0xBD,
    0xF4, 0x0E, 0xBD, 0xF3, 0x54, 0xB6, 0xC9, 0x03, 0xBD, 0xF2, 0xAB, 0xCC, 0x00, 0xF0, 0xFD, 0xC9,
    0x16, 0x8E, 0xC9, 0x16, 0xBD, 0xF3, 0x0C, 0x8E, 0x36, 0xF3, 0xC6, 0x68, 0xBD, 0xF4, 0x0E, 0xBD,
    0xF3, 0x54, 0xB6, 0xC9, 0x04, 0xBD, 0xF2, 0xAB, 0xCC, 0x00, 0x20, 0xFD, 0xC9, 0x16, 0x8E, 0xC9,
    0x16, 0xBD, 0xF3, 0x0C, 0x8E, 0x37, 0x00, 0xC6, 0x68, 0xBD, 0xF4, 0x0E, 0xBD, 0xF3, 0x54, 0xB6,
    0xC9, 0x05, 0xBD, 0xF2, 0xAB, 0xCC, 0x00, 0x26, 0xFD, 0xC9, 0x16, 0x8E, 0xC9, 0x16, 0xBD, 0xF3,
    0x0C, 0x8E, 0x37, 0x07, 0xC6, 0x68, 0xBD, 0xF4, 0x0E, 0xBD, 0xF3, 0x54, 0xB6, 0xC9, 0x06, 0xBD,
    0xF2, 0xAB, 0xCC, 0x00, 0x72, 0xFD, 0xC9, 0x16, 0x8E, 0xC9, 0x16, 0xBD, 0xF3, 0x0C, 0x8E, 0x37,
    0x17, 0xC6, 0x68, 0xBD, 0xF4, 0x0E, 0xBD, 0xF3, 0x54, 0x8E, 0xC9, 0x00, 0xA6, 0x84, 0x8B, 0x03,
    0x81, 0x7D, 0x2B, 0x02, 0x86, 0x30, 0xA7, 0x84, 0x30, 0x01, 0x8C, 0xC9, 0x07, 0x26, 0xED, 0xCC,
    0xFA, 0x42, 0xFD, 0xC8, 0x2A, 0x86, 0x60, 0xBD, 0xF2, 0xAB, 0x7C, 0xC9, 0x07, 0xB6, 0xC9, 0x07,
    0x2B, 0x0B, 0xCE, 0x38, 0xAE, 0xCC, 0x6F, 0x8A, 0xBD, 0xF3, 0x7A, 0x20, 0x15, 0xCE, 0x38, 0xFE,
    0xCC, 0x6F, 0x8A, 0xBD, 0xF3, 0x7A, 0xCC, 0x6F, 0x1F, 0xBD, 0xF2, 0xFC, 0xCE, 0xCB, 0xEB, 0xBD,
    0xF4, 0x95, 0xCE, 0x38, 0xC5, 0xCC, 0xC0, 0x80, 0xBD, 0xF3, 0x7A, 0xCE, 0x38, 0xD6, 0xCC, 0xB0,
    0x90, 0xBD, 0xF3, 0x7A, 0xCE, 0x38, 0xE7, 0xCC, 0xA0, 0xA0, 0xBD, 0xF3, 0x7A, 0x39, 0x4A, 0x4F,
    0x48, 0x4E, 0x20, 0x44, 0x4F, 0x4E, 0x44, 0x5A, 0x49, 0x4C, 0x41, 0x20, 0x50, 0x52, 0x45, 0x53,
    0x45, 0x4E, 0x54, 0x53, 0x80, 0x31, 0x20, 0x2D, 0x20, 0x53, 0x54, 0x41, 0x52, 0x54, 0x20, 0x47,
    0x41, 0x4D, 0x45, 0x20, 0x31, 0x80, 0x32, 0x20, 0x2D, 0x20, 0x53, 0x54, 0x41, 0x52, 0x54, 0x20,
    0x47, 0x41, 0x4D, 0x45, 0x20, 0x32, 0x80, 0x33, 0x20, 0x2D, 0x20, 0x52, 0x45, 0x54, 0x55, 0x52,
    0x4E, 0x20, 0x54, 0x4F, 0x20, 0x56, 0x45, 0x43, 0x4D, 0x41, 0x4E, 0x49, 0x41, 0x80, 0x20, 0x4C,
    0x41, 0x53, 0x54, 0x20, 0x53, 0x43, 0x4F, 0x52, 0x45, 0x20, 0x3A, 0x80, 0xBD, 0x49, 0x68, 0xBD,
    0x47, 0xC9, 0xCC, 0x00, 0x00, 0xFD, 0xC8, 0x80, 0x8E, 0xC8, 0x80, 0xBD, 0xF8, 0x4F, 0xCC, 0x00,
    0x00, 0xFD, 0xC8, 0xA0, 0x8E, 0xC8, 0xB0, 0x86, 0x00, 0xA7, 0x84, 0x30, 0x01, 0x8C, 0xCA, 0xFF,
    0x26, 0xF7, 0x8E, 0xC8, 0x90, 0xBD, 0xF8, 0x4F, 0xCC, 0x99, 0x99, 0x8E, 0xC8, 0x90, 0xBD, 0xF8,
    0x7C, 0xBD, 0x3F, 0x27, 0x86, 0x03, 0xB7, 0xC9, 0x6E, 0x86, 0x04, 0xB7, 0xCA, 0xFF, 0xBD, 0x3C,
    0x1A, 0xCC, 0x00, 0x80, 0xFD, 0xC9, 0x5E, 0x86, 0x20, 0xB7, 0xC9, 0x63, 0x86, 0x01, 0xB7, 0xC9,
    0x65, 0xBD, 0x44, 0x35, 0x86, 0x01, 0xB7, 0xC9, 0x79, 0xBD, 0x49, 0x68, 0x86, 0x34, 0xB7, 0xC9,
    0x7E, 0x4C, 0x4C, 0xB7, 0xC9, 0x7F, 0x86, 0x03, 0xB7, 0xC9, 0x81, 0xB6, 0xC9, 0x32, 0xB7, 0xC9,
    0xB5, 0x86, 0x01, 0xB7, 0xC9, 0x4D, 0xB6, 0xCA, 0xFF, 0x81, 0x0F, 0x27, 0x03, 0x7C, 0xCA, 0xFF,
    0x86, 0x00, 0xB7, 0xC9, 0x60, 0xB7, 0xC9, 0x5D, 0xB7, 0xCA, 0xFC, 0xBD, 0xF1, 0x92, 0xBD, 0x3D,
    0xE3, 0xBE, 0xC8, 0xA0, 0x8C, 0x00, 0x00, 0x27, 0x35, 0x86, 0x01, 0xB7, 0xC9, 0x6F, 0xBD, 0xF2,
    0xA9, 0xCC, 0xFC, 0x47, 0xFD, 0xC8, 0x2A, 0xCE, 0x46, 0x59, 0xCC, 0x00, 0xC0, 0xBD, 0xF3, 0x7A,
    0x86, 0x00, 0xB7, 0xC9, 0x6E, 0xBE, 0xC8, 0xA0, 0x30, 0x1F, 0xBF, 0xC8, 0xA0, 0x8C, 0x00, 0x01,
    0x26, 0x0C, 0x8E, 0xC8, 0x80, 0xCE, 0xCB, 0xEB, 0xBD, 0xF8, 0xD8, 0x7E, 0x39, 0x0C, 0xBD, 0x45,
    0x90, 0xBD, 0x3C, 0x9C, 0xBD, 0x42, 0x43, 0xBD, 0x3A, 0x20, 0xBD, 0x47, 0xA7, 0xB6, 0xC9, 0x6F,
    0x81, 0x00, 0x27, 0x05, 0xBD, 0x44, 0x99, 0x20, 0x09, 0xBD, 0x3F, 0x40, 0xBD, 0x3F, 0xBF, 0xBD,
    0x41, 0xA6, 0xB6, 0xC9, 0x60, 0x81, 0x00, 0x26, 0x92, 0xB6, 0xC9, 0x5D, 0x81, 0x00, 0x27, 0x8B,
    0x7C, 0xC9, 0x5D, 0xB6, 0xC9, 0x5D, 0x81, 0x00, 0x26, 0x81, 0x7E, 0x39, 0x4E, 0x7E, 0x39, 0x9B,
    0x8E, 0x3E, 0xB0, 0xCE, 0xC8, 0xF0, 0xB6, 0xCA, 0xFE, 0xC6, 0x05, 0xBD, 0xF6, 0x10, 0x8E, 0x3E,
    0xBC, 0xCE, 0xC8, 0xE0, 0xB6, 0xCA, 0xFD, 0xC6, 0x06, 0xBD, 0xF6, 0x10, 0x7C, 0xCA, 0xFD, 0x7A,
    0xCA, 0xFE, 0x86, 0x50, 0xBD, 0xF2, 0xAB, 0x86, 0x00, 0xB7, 0xC9, 0x5C, 0xB7, 0xC9, 0x80, 0x8E,
    0xCA, 0x00, 0x34, 0x10, 0xA6, 0x84, 0x26, 0x0A, 0x35, 0x10, 0x30, 0x09, 0x8C, 0xCA, 0xEA, 0x2B,
    0xF1, 0x39, 0x81, 0x02, 0x2A, 0x03, 0x7C, 0xC9, 0x80, 0x7C, 0xC9, 0x5C, 0xEC, 0x05, 0x1E, 0x89,
    0xE3, 0x01, 0x1E, 0x89, 0xED, 0x05, 0xEC, 0x07, 0xE3, 0x03, 0xED, 0x07, 0xA6, 0x06, 0xE6, 0x07,
    0xFD, 0xC9, 0xE0, 0x34, 0x10, 0x8E, 0xC9, 0xE0, 0xBD, 0xF3, 0x0C, 0x35, 0x10, 0xC6, 0x30, 0xA6,
    0x84, 0x81, 0x03, 0x2B, 0x0A, 0xC6, 0x1A, 0xA6, 0x84, 0x81, 0x05, 0x2B, 0x02, 0xC6, 0x08, 0xA6,
    0x84, 0x81, 0x02, 0x27, 0x19, 0x81, 0x04, 0x27, 0x15, 0x81, 0x06, 0x27, 0x11, 0x34, 0x10, 0x86,
    0x06, 0x8E, 0xC8, 0xE0, 0xBD, 0xF3, 0xD8, 0xBD, 0xF3, 0x54, 0x35, 0x10, 0x20, 0x22, 0x34, 0x10,
    0x86, 0x05, 0x8E, 0xC8, 0xF0, 0xBD, 0xF3, 0xD8, 0xBD, 0xF3, 0x54, 0x35, 0x10, 0x20, 0x11, 0x34,
    0x10, 0x86, 0x07, 0x8E, 0xC8, 0xE0, 0xBD, 0xF3, 0xD8, 0xBD, 0xF3, 0x54, 0x35, 0x10, 0x20, 0x00,
    0x10, 0x8E, 0xC9, 0x33, 0x34, 0x20, 0xEC, 0xA4, 0xFD, 0xC9, 0xE2, 0xA6, 0x24, 0x27, 0x03, 0xBD,
    0x3B, 0x24, 0x35, 0x20, 0x31, 0x26, 0x10, 0x8C, 0xC9, 0x4B, 0x26, 0xE8, 0xB6, 0xC9, 0x67, 0xA7,
    0x24, 0x27, 0x1E, 0xB6, 0xC9, 0x60, 0x27, 0x19, 0xFC, 0xC9, 0x6A, 0xFD, 0xC8, 0xB0, 0xFD, 0xC9,
    0xE2, 0x10, 0x8E, 0xC8, 0xB0, 0xBD, 0x3B, 0x24, 0xA6, 0x24, 0x27, 0x05, 0x86, 0x01, 0xB7, 0xC9,
    0x67, 0x7E, 0x3B, 0xE3, 0xA6, 0x84, 0xCE, 0x0A, 0x0A, 0x81, 0x03, 0x2B, 0x0A, 0xCE, 0x07, 0x07,
    0x81, 0x05, 0x2B, 0x03, 0xCE, 0x04, 0x04, 0xFF, 0xC9, 0xE7, 0xFC, 0xC9, 0xE7, 0x34, 0x10, 0x34,
    0x20, 0xBE, 0xC9, 0xE0, 0x10, 0xBE, 0xC9, 0xE2, 0xBD, 0xF8, 0xFF, 0x35, 0x20, 0x35, 0x10, 0x24,
    0x02, 0x20, 0x03, 0x7E, 0x3B, 0xE2, 0xEC, 0xA4, 0xFD, 0xC9, 0x4B, 0xBD, 0x3C, 0x89, 0xBD, 0x45,
    0x6F, 0x86, 0x00, 0xA7, 0x24, 0xA6, 0x84, 0x81, 0x05, 0x2B, 0x0A, 0x86, 0x00, 0xA7, 0x84, 0xBD,
    0x45, 0xFD, 0x20, 0x6E, 0x12, 0x81, 0x03, 0x2B, 0x09, 0x8B, 0x02, 0xA7, 0x84, 0xBD, 0x45, 0xEE,
    0x20, 0x07, 0x8B, 0x02, 0xA7, 0x84, 0xBD, 0x45, 0xDF, 0x10, 0x8E, 0xCA, 0x00, 0xA6, 0xA4, 0x27,
    0x0A, 0x31, 0x29, 0x10, 0x8C, 0xCA, 0xEA, 0x2B, 0xF4, 0x20, 0x47, 0xA6, 0x84, 0xBD, 0x49, 0x1F,
    0xA7, 0xA4, 0xEC, 0x05, 0xED, 0x25, 0xEC, 0x07, 0xED, 0x27, 0xBD, 0x48, 0xB5, 0xA7, 0x21, 0xBD,
    0x3F, 0x38, 0xA7, 0x22, 0x2A, 0x06, 0xA6, 0x21, 0x84, 0x80, 0xA7, 0x21, 0xBD, 0x48, 0xB5, 0xA7,
    0x23, 0xBD, 0x3F, 0x38, 0xA7, 0x24, 0x2A, 0x06, 0xA6, 0x23, 0x84, 0x80, 0xA7, 0x23, 0xA6, 0x23,
    0xA1, 0x24, 0x26, 0x04, 0x6C, 0x23, 0x6C, 0x24, 0xA6, 0x21, 0xA1, 0x22, 0x26, 0x04, 0x6C, 0x21,
    0x6C, 0x22, 0x39, 0xA6, 0x84, 0xCE, 0x10, 0x10, 0x81, 0x03, 0xCE, 0x08, 0x08, 0x81, 0x05, 0x2B,
    0x03, 0xCE, 0x04, 0x04, 0xFF, 0xC9, 0xE7, 0xB6, 0xC9, 0x6F, 0x81, 0x00, 0x26, 0x19, 0xB6, 0xC9,
    0x79, 0x81, 0x00, 0x26, 0x12, 0xFC, 0xC9, 0xE7, 0xBE, 0xC9, 0xE0, 0x10, 0xBE, 0xC9, 0xE5, 0xBD,
    0xF8, 0xFF, 0x24, 0x03, 0xBD, 0x44, 0x46, 0x7E, 0x3A, 0x58, 0xB6, 0xCA, 0xFF, 0x34, 0x02, 0xBD,
    0x3C, 0x28, 0x35, 0x02, 0x4A, 0x26, 0xF6, 0x39, 0x8E, 0xCA, 0x00, 0xA6, 0x84, 0x27, 0x08, 0x30,
    0x09, 0x8C, 0xCA, 0xEA, 0x2B, 0xF5, 0x39, 0xBD, 0x3F, 0x38, 0x2B, 0xFB, 0x8B, 0x40, 0xED, 0x05,
    0xBD, 0x3F, 0x38, 0x2B, 0xFB, 0x8B, 0x40, 0xED, 0x07, 0xBD, 0x45, 0xD4, 0xB7, 0xC9, 0xE0, 0x86,
    0x01, 0xBB, 0xC9, 0xE0, 0xA7, 0x84, 0xBD, 0x3F, 0x38, 0x84, 0x02, 0xA7, 0x01, 0xBD, 0x3F, 0x38,
    0x81, 0x40, 0x2D, 0xF9, 0xA7, 0x02, 0x84, 0x04, 0x27, 0x05, 0xA6, 0x01, 0x40, 0xA7, 0x01, 0xBD,
    0x3F, 0x38, 0x84, 0x02, 0xA7, 0x03, 0xBD, 0x3F, 0x38, 0x81, 0x40, 0x2D, 0xF9, 0xA7, 0x04, 0x84,
    0x04, 0x27, 0x05, 0xA6, 0x03, 0x40, 0xA7, 0x03, 0x39, 0x34, 0x06, 0x34, 0x10, 0x34, 0x20, 0xCE,
    0x3E, 0xEA, 0xBD, 0xF2, 0x7D, 0x35, 0x20, 0x35, 0x10, 0x35, 0x06, 0x39, 0xB6, 0xC9, 0x86, 0x81,
    0x00, 0x27, 0x04, 0xBD, 0x3D, 0x5A, 0x39, 0xF6, 0xC9, 0x83, 0xC1, 0x00, 0x27, 0x29, 0x86, 0x00,
    0xBD, 0xF2, 0x56, 0x7C, 0xC9, 0x83, 0x7C, 0xC9, 0x83, 0x7C, 0xC9, 0x83, 0x7C, 0xC9, 0x83, 0x7C,
    0xC9, 0x83, 0x7C, 0xC9, 0x83, 0xB6, 0xC9, 0x83, 0x81, 0x90, 0x2B, 0x0B, 0x86, 0x00, 0xB7, 0xC9,
    0x83, 0xCC, 0x00, 0x00, 0xBD, 0xF2, 0x56, 0xF6, 0xC9, 0x7B, 0xC1, 0x00, 0x26, 0x02, 0x20, 0x23,
    0x86, 0x00, 0xBD, 0xF2, 0x56, 0x7C, 0xC9, 0x7B, 0x7C, 0xC9, 0x7B, 0x7C, 0xC9, 0x7B, 0x7C, 0xC9,
    0x7B, 0xB6, 0xC9, 0x7B, 0x81, 0x72, 0x2B, 0x0B, 0x86, 0x00, 0xB7, 0xC9, 0x7B, 0xCC, 0x00, 0x00,
    0xBD, 0xF2, 0x56, 0xBD, 0x49, 0x0A, 0xB6, 0xC9, 0x60, 0x81, 0x00, 0x27, 0x03, 0x20, 0x6E, 0x12,
    0xBD, 0x48, 0xD0, 0x7C, 0xC9, 0x7D, 0xB6, 0xC9, 0x7D, 0xB1, 0xC9, 0x7E, 0x2B, 0x2F, 0xB1, 0xC9,
    0x7F, 0x26, 0x09, 0x86, 0x00, 0xB7, 0xC9, 0x7D, 0x7C, 0xC9, 0x7C, 0x39, 0xB6, 0xC9, 0x7C, 0x81,
    0x02, 0x26, 0x05, 0x86, 0x00, 0xB7, 0xC9, 0x7C, 0xC6, 0xE0, 0x81, 0x01, 0x2A, 0x02, 0xC6, 0xFF,
    0x86, 0x02, 0xBD, 0xF2, 0x56, 0x86, 0x03, 0xC6, 0x03, 0xBD, 0xF2, 0x56, 0x39, 0xCC, 0x02, 0x00,
    0xBD, 0xF2, 0x56, 0xCC, 0x03, 0x00, 0xBD, 0xF2, 0x56, 0x39, 0xB6, 0xC9, 0x87, 0x81, 0x00, 0x2A,
    0x05, 0xCC, 0x02, 0x00, 0x20, 0x04, 0xC6, 0x20, 0x86, 0x02, 0xBD, 0xF2, 0x56, 0x86, 0x03, 0xC6,
    0x00, 0xBD, 0xF2, 0x56, 0xB6, 0xC9, 0x87, 0x8B, 0x20, 0xB7, 0xC9, 0x87, 0x39, 0x86, 0x02, 0xF6,
    0xC9, 0x81, 0xBD, 0xF2, 0x56, 0xB6, 0xC9, 0x60, 0x81, 0x01, 0x26, 0x05, 0xCC, 0x03, 0x01, 0x20,
    0x03, 0xCC, 0x03, 0x00, 0xBD, 0xF2, 0x56, 0xB6, 0xC9, 0x82, 0x81, 0x01, 0x27, 0x11, 0x7C, 0xC9,
    0x81, 0x7C, 0xC9, 0x81, 0x7C, 0xC9, 0x81, 0x7C, 0xC9, 0x81, 0x7C, 0xC9, 0x81, 0x20, 0x0F, 0x7A,
    0xC9, 0x81, 0x7A, 0xC9, 0x81, 0x7A, 0xC9, 0x81, 0x7A, 0xC9, 0x81, 0x7A, 0xC9, 0x81, 0xB6, 0xC9,
    0x81, 0x81, 0xB0, 0x2B, 0x06, 0x86, 0x00, 0xB7, 0xC9, 0x82, 0x39, 0x81, 0xC5, 0x2A, 0x05, 0x86,
    0x01, 0xB7, 0xC9, 0x82, 0x39, 0x86, 0x00, 0xB7, 0xC8, 0x23, 0x86, 0x20, 0xB7, 0xC8, 0x1A, 0xBD,
    0xF1, 0xF8, 0x39, 0x86, 0x40, 0xBD, 0xF2, 0xAB, 0xCC, 0x7F, 0xFA, 0xBD, 0xF2, 0xFC, 0xCE, 0xC8,
    0x80, 0xCC, 0xFE, 0x49, 0xFD, 0xC8, 0x2A, 0xBD, 0xF4, 0x95, 0x8E, 0x7F, 0xB0, 0xB6, 0xC9, 0x86,
    0x81, 0x00, 0x27, 0x0F, 0xBD, 0xF2, 0xA9, 0xCC, 0xFA, 0x43, 0xFD, 0xC8, 0x2A, 0x7C, 0xC9, 0x86,
    0x7C, 0xC9, 0x86, 0x86, 0x68, 0xF6, 0xC9, 0x6E, 0xBD, 0xF3, 0x93, 0x39, 0xFF, 0xFA, 0xF0, 0xFF,
    0xF8, 0x06, 0xFF, 0x00, 0x14, 0xFF, 0x08, 0x06, 0xFF, 0x06, 0xF0, 0x00, 0xF2, 0xF6, 0xFF, 0x1E,
    0x0A, 0xFF, 0xE2, 0x0A, 0x01, 0x4B, 0xFF, 0x0A, 0xF8, 0xFF, 0xF2, 0xF8, 0xFF, 0xF8, 0x0A, 0xFF,
    0x00, 0x0A, 0xFF, 0x06, 0x06, 0xFF, 0x0A, 0x00, 0xFF, 0xFC, 0xF6, 0x01, 0x00, 0xF2, 0x0A, 0xFF,
    0xFA, 0xF6, 0xFF, 0x06, 0xF6, 0x01, 0x00, 0x06, 0xFA, 0xFF, 0x00, 0x00, 0x00, 0xFE, 0x0C, 0xFF,
    0x00, 0x00, 0x00, 0xFA, 0x02, 0xFF, 0x00, 0x00, 0x00, 0x00, 0xF6, 0xFF, 0x00, 0x00, 0x00, 0xFE,
    0xFC, 0xFF, 0x00, 0x00, 0x01, 0x00, 0x00, 0x10, 0xFF, 0xF8, 0xF8, 0xFF, 0x00, 0xF0, 0xFF, 0x08,
    0xF8, 0xFF, 0x00, 0x20, 0xFF, 0x0C, 0xF4, 0xFF, 0x00, 0xF8, 0xFF, 0xF4, 0xF4, 0x00, 0x08, 0x08,
    0xFF, 0x00, 0x10, 0x01, 0xFF, 0x0C, 0x06, 0xFF, 0xFA, 0x04, 0x01, 0xFF, 0xEA, 0x0A, 0xFF, 0x06,
    0xF6, 0x01, 0xFF, 0x04, 0xFC, 0xFF, 0xFA, 0xF8, 0x01, 0xFF, 0xFC, 0xFA, 0xFF, 0x12, 0x08, 0x01,
    0x18, 0x10, 0xE0, 0x10, 0xE8, 0xE8, 0x18, 0xD8, 0x28, 0x10, 0xE0, 0x10, 0x20, 0x08, 0xE8, 0x18,
    0xD8, 0xF8, 0x00, 0xE0, 0x18, 0xF0, 0x18, 0x10, 0xF0, 0x08, 0x20, 0xF0, 0xE8, 0xF0, 0xE8, 0x00,
    0xF0, 0x18, 0x00, 0x18, 0x28, 0x10, 0x18, 0xF0, 0xE0, 0xF0, 0xF0, 0x00, 0xF0, 0x08, 0x10, 0x18,
    0x30, 0xF0, 0x00, 0xE0, 0xE8, 0xF0, 0xE8, 0x00, 0x10, 0x20, 0x00, 0x00, 0x01, 0x00, 0x04, 0x00,
    0x05, 0x00, 0x06, 0x1F, 0x07, 0x1C, 0x08, 0x0F, 0x09, 0x0F, 0x0A, 0x10, 0x0B, 0x10, 0x0C, 0x10,
    0x0D, 0x00, 0x0E, 0x20, 0xFF, 0x00, 0x00, 0x01, 0x00, 0x02, 0x00, 0x03, 0x00, 0x04, 0x00, 0x05,
    0x00, 0x07, 0x1C, 0x08, 0x0F, 0x09, 0x0F, 0x0A, 0x10, 0x0B, 0x10, 0x0C, 0x10, 0x0D, 0x00, 0x0E,
    0x20, 0xFF, 0x4F, 0xBD, 0xF1, 0xB4, 0x39, 0x8E, 0xC8, 0x1F, 0x86, 0x01, 0xA7, 0x80, 0x86, 0x03,
    0xA7, 0x80, 0x4F, 0xA7, 0x80, 0xA7, 0x80, 0x39, 0x34, 0x10, 0xBD, 0xF5, 0x17, 0x35, 0x10, 0x39,
    0xB6, 0xC9, 0x85, 0x81, 0x00, 0x27, 0x01, 0x39, 0x86, 0x60, 0xF6, 0xC9, 0x79, 0xC1, 0x00, 0x27,
    0x19, 0x7C, 0xC9, 0x79, 0xB6, 0xC9, 0xC3, 0x8B, 0x08, 0xB7, 0xC9, 0xC3, 0x81, 0x70, 0x2B, 0x07,
    0x86, 0x00, 0xB7, 0xC9, 0xC3, 0x86, 0x60, 0xB6, 0xC9, 0xC3, 0xBD, 0xF2, 0xAB, 0x8E, 0x3E, 0x1C,
    0xCE, 0xC9, 0x00, 0xB6, 0xC9, 0xE4, 0xBD, 0xF6, 0x1F, 0x8E, 0xC9, 0xE5, 0xBD, 0xF3, 0x0C, 0x8E,
    0xC9, 0x00, 0xC6, 0x1A, 0xBD, 0xF4, 0x0E, 0xBD, 0xF3, 0x54, 0x7D, 0xC8, 0x14, 0x27, 0x24, 0x8E,
    0x3E, 0x4C, 0xCE, 0xC9, 0x00, 0xB6, 0xC9, 0xE4, 0xBD, 0xF6, 0x1F, 0x8E, 0xC9, 0xE5, 0xBD, 0xF3,
    0x0C, 0xBD, 0xF5, 0x11, 0x44, 0xBD, 0xF2, 0xAB, 0x8E, 0xC9, 0x00, 0xC6, 0x1A, 0xBD, 0xF4, 0x0E,
    0xBD, 0xF3, 0x54, 0x39, 0x81, 0x00, 0x26, 0x06, 0xC1, 0x00, 0x26, 0x02, 0x86, 0x01, 0x39, 0xB6,
    0xC9, 0x85, 0x81, 0x00, 0x27, 0x34, 0x86, 0x01, 0xB7, 0xC9, 0x79, 0x7A, 0xC9, 0x85, 0xB6, 0xC9,
    0x85, 0x81, 0x00, 0x26, 0xE9, 0xBD, 0x45, 0x2F, 0xBD, 0xF5, 0x11, 0xB7, 0xC9, 0x30, 0xB7, 0xC9,
    0xA5, 0xBD, 0xF5, 0x11, 0xB7, 0xC9, 0x31, 0xB7, 0xC9, 0xA7, 0x86, 0x00, 0xB7, 0xC9, 0x79, 0xBD,
    0x41, 0x4B, 0x81, 0x01, 0x26, 0x04, 0xBD, 0x44, 0x46, 0x39, 0xBD, 0x3D, 0xD5, 0xB6, 0xC8, 0x1C,
    0x81, 0x00, 0x27, 0x1A, 0xB6, 0xC9, 0x84, 0x81, 0x01, 0x27, 0x18, 0xB6, 0xC8, 0x1C, 0x81, 0xFF,
    0x2A, 0x11, 0x86, 0x70, 0xB7, 0xC9, 0x85, 0x86, 0x01, 0xB7, 0xC9, 0x84, 0x20, 0x05, 0x86, 0x00,
    0xB7, 0xC9, 0x84, 0xBD, 0x3F, 0x22, 0x7D, 0xC8, 0x15, 0x27, 0x11, 0xB6, 0xC9, 0x4D, 0x81, 0x01,
    0x27, 0x0F, 0x86, 0x01, 0xB7, 0xC9, 0x4D, 0xBD, 0x41, 0x60, 0x20, 0x05, 0x86, 0x00, 0xB7, 0xC9,
    0x4D, 0x7D, 0xC8, 0x12, 0x27, 0x03, 0x7C, 0xC9, 0xE4, 0x7D, 0xC8, 0x13, 0x27, 0x03, 0x7A, 0xC9,
    0xE4, 0x7D, 0xC8, 0x14, 0x27, 0x5D, 0xCC, 0x02, 0xFF, 0xBD, 0xF2, 0x56, 0xCC, 0x03, 0x03, 0xBD,
    0xF2, 0x56, 0x7C, 0xC9, 0xC0, 0xB6, 0xC9, 0xC0, 0x81, 0x04, 0x2B, 0x47, 0x86, 0x00, 0xB7, 0xC9,
    0xC0, 0x86, 0x02, 0xB7, 0xC9, 0xC1, 0xB6, 0xC9, 0xE4, 0xB1, 0xC9, 0xB3, 0x27, 0x23, 0xB1, 0xC9,
    0xB5, 0x27, 0x0A, 0xB6, 0xC9, 0xB2, 0x27, 0x19, 0xB6, 0xC9, 0xB4, 0x26, 0x26, 0xB6, 0xC9, 0xB4,
    0x8B, 0x0C, 0x81, 0x7F, 0x22, 0x1D, 0xB7, 0xC9, 0xB4, 0xB6, 0xC9, 0xE4, 0xB7, 0xC9, 0xB5, 0x20,
    0x12, 0xB6, 0xC9, 0xB2, 0x8B, 0x0C, 0x81, 0x7F, 0x22, 0x09, 0xB7, 0xC9, 0xB2, 0xB6, 0xC9, 0xE4,
    0xB7, 0xC9, 0xB3, 0x86, 0x00, 0x7C, 0xC9, 0xC1, 0xF6, 0xC9, 0xC1, 0xC1, 0x03, 0x26, 0x07, 0xC6,
    0x00, 0xF7, 0xC9, 0xC1, 0x86, 0x02, 0xB7, 0xC9, 0xC2, 0xB6, 0xC9, 0xB2, 0x27, 0x13, 0xB0, 0xC9,
    0xC2, 0xB7, 0xC9, 0xB2, 0xF6, 0xC9, 0xB3, 0xBD, 0x41, 0x1E, 0x10, 0xBF, 0xC9, 0xA9, 0xBF, 0xC9,
    0xAB, 0xB6, 0xC9, 0xB4, 0x27, 0x13, 0xB0, 0xC9, 0xC2, 0xB7, 0xC9, 0xB4, 0xF6, 0xC9, 0xB5, 0xBD,
    0x41, 0x1E, 0x10, 0xBF, 0xC9, 0xAD, 0xBF, 0xC9, 0xAF, 0xFC, 0xC9, 0xA5, 0xF3, 0xC9, 0xA9, 0xF3,
    0xC9, 0xAD, 0xFD, 0xC9, 0xA5, 0xFC, 0xC9, 0xA7, 0xF3, 0xC9, 0xAB, 0xF3, 0xC9, 0xAF, 0xFD, 0xC9,
    0xA7, 0xB6, 0xC9, 0xA5, 0xB7, 0xC9, 0xE5, 0xB6, 0xC9, 0xA7, 0xB7, 0xC9, 0xE6, 0x39, 0x34, 0x02,
    0x86, 0xC8, 0x1F, 0x8B, 0xB6, 0xCA, 0xFD, 0x35, 0x02, 0x34, 0x36, 0xBD, 0xF6, 0x01, 0xA7, 0x64,
    0x1D, 0x58, 0x49, 0x58, 0x49, 0x58, 0x49, 0xED, 0x62, 0xE6, 0x64, 0x1D, 0x58, 0x49, 0x58, 0x49,
    0x58, 0x49, 0xED, 0x64, 0x86, 0xD0, 0x1F, 0x8B, 0x35, 0xB6, 0x39, 0xBD, 0xF5, 0x11, 0x44, 0x81,
    0x2A, 0x2A, 0x03, 0x86, 0xFF, 0x39, 0x81, 0x54, 0x2A, 0x03, 0x86, 0x00, 0x39, 0x86, 0x01, 0x39,
    0x8E, 0xC9, 0x33, 0xA6, 0x04, 0x81, 0x00, 0x27, 0x08, 0x30, 0x06, 0x8C, 0xC9, 0x4B, 0x26, 0xF3,
    0x39, 0x34, 0x10, 0x86, 0x40, 0xB7, 0xC9, 0x7B, 0x35, 0x10, 0xFC, 0xC9, 0xE5, 0xED, 0x84, 0x86,
    0x01, 0xA7, 0x04, 0xA7, 0x05, 0xBD, 0xF1, 0xAF, 0xF6, 0xC9, 0xE4, 0x86, 0x05, 0x34, 0x10, 0xBD,
    0xF6, 0x01, 0x35, 0x10, 0xED, 0x02, 0xA6, 0x02, 0xAB, 0x84, 0xA7, 0x84, 0xA6, 0x03, 0xAB, 0x01,
    0xA7, 0x01, 0xBD, 0xF1, 0xAA, 0x39, 0xBD, 0xF2, 0xA9, 0x8E, 0xC9, 0x33, 0xBD, 0x41, 0xC2, 0x8E,
    0xC9, 0x39, 0xBD, 0x41, 0xC2, 0x8E, 0xC9, 0x3F, 0xBD, 0x41, 0xC2, 0x8E, 0xC9, 0x45, 0xBD, 0x41,
    0xC2, 0x39, 0xA6, 0x04, 0x81, 0x00, 0x26, 0x01, 0x39, 0xEC, 0x84, 0xFD, 0xC9, 0x4B, 0x34, 0x10,
    0x8E, 0xC9, 0x4B, 0xBD, 0xF3, 0x0C, 0xBD, 0xF2, 0xC5, 0xBD, 0xF3, 0x54, 0x35, 0x10, 0xEC, 0x84,
    0xFD, 0xC9, 0x4F, 0xBF, 0xC9, 0x51, 0xB6, 0xC9, 0x60, 0x81, 0x00, 0x27, 0x3A, 0xBE, 0xC9, 0x4F,
    0x10, 0xBE, 0xC9, 0x5E, 0xCC, 0x06, 0x06, 0xBD, 0xF8, 0xFF, 0x25, 0x02, 0x20, 0x29, 0xFC, 0xC9,
    0x5E, 0xFD, 0xC9, 0x4B, 0xF6, 0xC9, 0x60, 0x86, 0x00, 0xB7, 0xC9, 0x60, 0xBD, 0x3C, 0x89, 0x34,
    0x04, 0xBD, 0x45, 0x6F, 0xBD, 0x46, 0x0C, 0x35, 0x04, 0xC1, 0x01, 0x27, 0x03, 0xBD, 0x46, 0x1E,
    0xBE, 0xC9, 0x51, 0x86, 0x00, 0xA7, 0x04, 0xBE, 0xC9, 0x51, 0xA6, 0x02, 0xAB, 0x84, 0xA7, 0x84,
    0xA6, 0x03, 0xAB, 0x01, 0xA7, 0x01, 0x6C, 0x05, 0xA6, 0x05, 0x81, 0x26, 0x26, 0x04, 0x86, 0x00,
    0xA7, 0x04, 0x39, 0xB6, 0xC9, 0x60, 0x81, 0x00, 0x26, 0x53, 0xBE, 0xC9, 0x61, 0x30, 0x1F, 0xBF,
    0xC9, 0x61, 0x8C, 0x00, 0x00, 0x26, 0x45, 0xBD, 0x43, 0x19, 0x86, 0x01, 0xBB, 0xC9, 0x57, 0xB7,
    0xC9, 0x60, 0xBD, 0x44, 0x35, 0x86, 0x00, 0xB7, 0xC9, 0x67, 0xBD, 0xF5, 0x11, 0xB7, 0xC9, 0x5E,
    0xFC, 0xC9, 0x5E, 0xFD, 0xC9, 0x6A, 0xBD, 0x43, 0x19, 0x81, 0x01, 0x27, 0x10, 0x86, 0x82, 0xB7,
    0xC9, 0x5F, 0x86, 0x01, 0xB7, 0xC9, 0x6D, 0x86, 0xFD, 0xB7, 0xC9, 0x6C, 0x39, 0x86, 0x7D, 0xB7,
    0xC9, 0x5F, 0x86, 0xFF, 0xB7, 0xC9, 0x6D, 0x86, 0xFD, 0xB7, 0xC9, 0x6C, 0x39, 0xBD, 0x43, 0x38,
    0x86, 0x60, 0xBD, 0xF2, 0xAB, 0x8E, 0xC9, 0x5E, 0xBD, 0xF3, 0x0C, 0xC6, 0x30, 0xB6, 0xC9, 0x60,
    0x81, 0x02, 0x26, 0x02, 0xC6, 0x1A, 0x8E, 0x3E, 0x75, 0xBD, 0xF4, 0x0E, 0xBD, 0xF3, 0x54, 0xB6,
    0xC9, 0x6D, 0xBB, 0xC9, 0x5F, 0xB7, 0xC9, 0x5F, 0xB6, 0xC9, 0x6F, 0x81, 0x00, 0x26, 0x1D, 0xBE,
    0xC9, 0xE5, 0x10, 0xBE, 0xC9, 0x5E, 0xCC, 0x04, 0x04, 0xBD, 0xF8, 0xFF, 0x25, 0x02, 0x20, 0x0C,
    0xBD, 0x44, 0x46, 0x86, 0x00, 0xB7, 0xC9, 0x6D, 0xB7, 0xC9, 0x60, 0x39, 0x7A, 0xC9, 0x6C, 0xB6,
    0xC9, 0x6C, 0x81, 0x00, 0x26, 0x06, 0x86, 0x00, 0xB7, 0xC9, 0x60, 0x39, 0xB6, 0xC9, 0x5E, 0xBB,
    0xC9, 0x65, 0xB7, 0xC9, 0x5E, 0x7A, 0xC9, 0x63, 0xB6, 0xC9, 0x63, 0x26, 0x0B, 0x86, 0x20, 0xB7,
    0xC9, 0x63, 0xBD, 0x41, 0x4B, 0xB7, 0xC9, 0x65, 0x39, 0x7C, 0xC9, 0x57, 0xB6, 0xC9, 0x57, 0x81,
    0x02, 0x26, 0x05, 0x86, 0x00, 0xB7, 0xC9, 0x57, 0x7C, 0xC9, 0x88, 0xF6, 0xC9, 0x88, 0xC1, 0x06,
    0x2B, 0x05, 0xC6, 0x00, 0xF7, 0xC9, 0x88, 0x39, 0xB6, 0xC9, 0x67, 0x81, 0x00, 0x26, 0x52, 0xB6,
    0xC9, 0x60, 0x81, 0x02, 0x27, 0x4E, 0x86, 0x28, 0xB7, 0xC9, 0x67, 0xBD, 0xF5, 0x11, 0xB7, 0xC9,
    0x66, 0xBD, 0xF1, 0xAF, 0x86, 0x04, 0xF6, 0xC9, 0x66, 0xBD, 0xF6, 0x01, 0xFD, 0xC9, 0x68, 0xBD,
    0xF1, 0xAA, 0xFC, 0xC9, 0x5E, 0xFD, 0xC9, 0x6A, 0x86, 0x60, 0xB7, 0xC9, 0x83, 0xB6, 0xC9, 0x6A,
    0xBB, 0xC9, 0x68, 0xB7, 0xC9, 0x6A, 0xB6, 0xC9, 0x6B, 0xBB, 0xC9, 0x69, 0xB7, 0xC9, 0x6B, 0xB6,
    0xC9, 0x6A, 0xBB, 0xC9, 0x68, 0xB7, 0xC9, 0x6A, 0xB6, 0xC9, 0x6B, 0xBB, 0xC9, 0x69, 0xB7, 0xC9,
    0x6B, 0x20, 0x50, 0x12, 0x8D, 0x83, 0x81, 0x01, 0x27, 0xAC, 0xBD, 0xF1, 0xAF, 0xBD, 0x45, 0x44,
    0xB6, 0xC9, 0xE5, 0xB0, 0xC9, 0x5E, 0xF6, 0xC9, 0x31, 0xF0, 0xC9, 0x5F, 0xBD, 0xF5, 0x93, 0x80,
    0x10, 0xC0, 0x10, 0x86, 0x03, 0xBD, 0xF6, 0x01, 0xFD, 0xC9, 0x68, 0xBD, 0xF1, 0xAA, 0x86, 0x24,
    0xB7, 0xC9, 0x67, 0xFC, 0xC9, 0x5E, 0xFD, 0xC9, 0x6A, 0x86, 0x60, 0xB7, 0xC9, 0x83, 0xB6, 0xC9,
    0x6A, 0xBB, 0xC9, 0x68, 0xB7, 0xC9, 0x6A, 0xB6, 0xC9, 0x6B, 0xBB, 0xC9, 0x69, 0xB7, 0xC9, 0x6B,
    0x20, 0x01, 0x12, 0x8E, 0xC9, 0x6A, 0xBD, 0xF3, 0x0C, 0xBD, 0xF2, 0xA9, 0xBD, 0xF2, 0xC5, 0xBD,
    0xF3, 0x54, 0xB6, 0xC9, 0x6A, 0xBB, 0xC9, 0x68, 0xB7, 0xC9, 0x6A, 0xB6, 0xC9, 0x6B, 0xBB, 0xC9,
    0x69, 0xB7, 0xC9, 0x6B, 0x7A, 0xC9, 0x67, 0xB6, 0xC9, 0x6F, 0x81, 0x00, 0x26, 0x1D, 0xB6, 0xC9,
    0x85, 0x81, 0x00, 0x26, 0x16, 0xB6, 0xC9, 0x79, 0x81, 0x00, 0x26, 0x0F, 0xCC, 0x08, 0x08, 0x10,
    0xBE, 0xC9, 0x6A, 0xBE, 0xC9, 0xE5, 0xBD, 0xF8, 0xFF, 0x25, 0x01, 0x39, 0xBD, 0x44, 0x46, 0x86,
    0x01, 0xB7, 0xC9, 0x67, 0x39, 0x8E, 0x01, 0xFF, 0xB6, 0xCA, 0xFF, 0x81, 0x08, 0x2B, 0x03, 0x8E,
    0x00, 0xFF, 0xBF, 0xC9, 0x61, 0x39, 0xBD, 0x3C, 0x89, 0x34, 0x10, 0x8E, 0xC9, 0x33, 0x86, 0x00,
    0xA7, 0x84, 0x81, 0x00, 0x30, 0x01, 0x8C, 0xC9, 0x4B, 0x26, 0xF5, 0x35, 0x10, 0xFC, 0xC9, 0xE5,
    0xFD, 0xC9, 0x4B, 0xBD, 0x45, 0x6F, 0xFC, 0xC9, 0xE5, 0xFD, 0xC9, 0x70, 0xFD, 0xC9, 0x72, 0xFD,
    0xC9, 0x74, 0xFD, 0xC9, 0x76, 0x86, 0x01, 0xB7, 0xC9, 0x6F, 0xB7, 0xC9, 0x78, 0x86, 0x00, 0xB7,
    0xC9, 0x58, 0xB7, 0xC9, 0xC0, 0xB7, 0xC9, 0xC1, 0x7A, 0xC9, 0x6E, 0xB6, 0xC9, 0x6E, 0x81, 0x00,
    0x26, 0x06, 0xCC, 0x04, 0x00, 0xFD, 0xC8, 0xA0, 0x39, 0x86, 0x40, 0xBD, 0xF2, 0xAB, 0x8E, 0xC9,
    0x70, 0xBD, 0xF3, 0x0C, 0x8E, 0x3E, 0x94, 0xC6, 0x20, 0xBD, 0xF4, 0x0E, 0xBD, 0xF3, 0x54, 0x8E,
    0xC9, 0x72, 0xBD, 0xF3, 0x0C, 0x8E, 0x3E, 0x9B, 0xC6, 0x20, 0xBD, 0xF4, 0x0E, 0xBD, 0xF3, 0x54,
    0x8E, 0xC9, 0x74, 0xBD, 0xF3, 0x0C, 0x8E, 0x3E, 0xA2, 0xC6, 0x20, 0xBD, 0xF4, 0x0E, 0xBD, 0xF3,
    0x54, 0x8E, 0xC9, 0x76, 0xBD, 0xF3, 0x0C, 0x8E, 0x3E, 0xA9, 0xC6, 0x20, 0xBD, 0xF4, 0x0E, 0xBD,
    0xF3, 0x54, 0x7C, 0xC9, 0x6F, 0xB6, 0xC9, 0x6F, 0x81, 0xFF, 0x26, 0x0E, 0x86, 0x00, 0xB7, 0xC9,
    0x6F, 0x86, 0x01, 0xB7, 0xC9, 0x79, 0xBD, 0x45, 0x2F, 0x39, 0x7C, 0xC9, 0x78, 0xB6, 0xC9, 0x78,
    0x81, 0x07, 0x27, 0x01, 0x39, 0x86, 0x00, 0xB7, 0xC9, 0x78, 0x7C, 0xC9, 0x70, 0x7C, 0xC9, 0x71,
    0x7C, 0xC9, 0x71, 0x7A, 0xC9, 0x72, 0x7A, 0xC9, 0x73, 0x7A, 0xC9, 0x74, 0x7A, 0xC9, 0x74, 0x7A,
    0xC9, 0x74, 0x7C, 0xC9, 0x75, 0x7C, 0xC9, 0x76, 0x7A, 0xC9, 0x77, 0x7A, 0xC9, 0x77, 0x39, 0x86,
    0x00, 0xB7, 0xC9, 0xE5, 0xB7, 0xC9, 0xE6, 0x8E, 0xC9, 0xA5, 0xA7, 0x84, 0x30, 0x01, 0x8C, 0xC9,
    0xB6, 0x26, 0xF7, 0x39, 0x34, 0x10, 0xBD, 0xF5, 0x11, 0x44, 0x81, 0x19, 0x2A, 0x04, 0x86, 0xFE,
    0x20, 0x1A, 0x81, 0x32, 0x2A, 0x04, 0x86, 0xFF, 0x20, 0x12, 0x81, 0x4B, 0x2A, 0x04, 0x86, 0x00,
    0x20, 0x0A, 0x81, 0x64, 0x2A, 0x04, 0x86, 0x01, 0x20, 0x02, 0x86, 0x02, 0x35, 0x10, 0x39, 0x34,
    0x10, 0x8E, 0xCA, 0xF0, 0xA6, 0x02, 0x81, 0x00, 0x27, 0x0A, 0x30, 0x03, 0x8C, 0xCA, 0xFC, 0x26,
    0xF3, 0x35, 0x10, 0x39, 0xFC, 0xC9, 0x4B, 0xED, 0x84, 0x86, 0x02, 0xA7, 0x02, 0x35, 0x10, 0x39,
    0xBD, 0xF2, 0xA9, 0x8E, 0xCA, 0xF0, 0xA6, 0x02, 0x81, 0x00, 0x26, 0x08, 0x30, 0x03, 0x8C, 0xCA,
    0xFC, 0x26, 0xF3, 0x39, 0x34, 0x10, 0xEC, 0x84, 0xFD, 0xC9, 0x4B, 0x8E, 0xC9, 0x4B, 0xBD, 0xF3,
    0x0C, 0x35, 0x10, 0xE6, 0x02, 0x34, 0x10, 0x8E, 0x3E, 0x56, 0xBD, 0xF4, 0x0E, 0xBD, 0xF3, 0x54,
    0x35, 0x10, 0xA6, 0x02, 0x8B, 0x0C, 0xA7, 0x02, 0xA6, 0x02, 0x81, 0x7F, 0x2B, 0x04, 0x86, 0x00,
    0xA7, 0x02, 0x20, 0xC8, 0xBD, 0xF5, 0x11, 0x2B, 0x03, 0x86, 0x00, 0x39, 0x86, 0x01, 0x39, 0x34,
    0x10, 0x34, 0x20, 0xCC, 0x00, 0x10, 0x8E, 0xC8, 0x80, 0xBD, 0x46, 0x2D, 0x20, 0x2B, 0x34, 0x10,
    0x34, 0x20, 0xCC, 0x00, 0x20, 0x8E, 0xC8, 0x80, 0xBD, 0x46, 0x2D, 0x20, 0x1C, 0x34, 0x10, 0x34,
    0x20, 0xCC, 0x00, 0x50, 0x8E, 0xC8, 0x80, 0xBD, 0x46, 0x2D, 0x20, 0x0D, 0x34, 0x10, 0x34, 0x20,
    0xCC, 0x02, 0x00, 0x8E, 0xC8, 0x80, 0xBD, 0x46, 0x2D, 0x35, 0x20, 0x35, 0x10, 0x39, 0x34, 0x10,
    0x34, 0x20, 0xCC, 0x08, 0x00, 0x8E, 0xC8, 0x80, 0xBD, 0x46, 0x2D, 0x20, 0xEC, 0xBD, 0xF8, 0x7C,
    0x8E, 0xC8, 0x80, 0xCE, 0xC8, 0x90, 0xBD, 0xF8, 0xC7, 0x81, 0x01, 0x27, 0x01, 0x39, 0x7C, 0xC9,
    0x6E, 0xCC, 0x50, 0x00, 0x8E, 0xC8, 0x90, 0xBD, 0xF8, 0x7C, 0xCC, 0x50, 0x00, 0x8E, 0xC8, 0x90,
    0xBD, 0xF8, 0x7C, 0x86, 0x02, 0xB7, 0xC9, 0x86, 0x39, 0x20, 0x20, 0x47, 0x41, 0x4D, 0x45, 0x20,
    0x4F, 0x56, 0x45, 0x52, 0x80, 0x20, 0xF0, 0x3D, 0x20, 0x35, 0x30, 0x20, 0x50, 0x54, 0x53, 0x80,
    0x10, 0xF0, 0x3D, 0x20, 0x32, 0x30, 0x20, 0x50, 0x54, 0x53, 0x80, 0xF6, 0xF0, 0x3D, 0x20, 0x31,
    0x30, 0x20, 0x50, 0x54, 0x53, 0x80, 0xD0, 0xF0, 0x3D, 0x20, 0x31, 0x30, 0x30, 0x30, 0x20, 0x50,
    0x54, 0x53, 0x80, 0xC0, 0xF0, 0x3D, 0x20, 0x20, 0x32, 0x30, 0x30, 0x20, 0x50, 0x54, 0x53, 0x80,
    0x70, 0x80, 0x52, 0x4F, 0x43, 0x4B, 0x41, 0x52, 0x4F, 0x49, 0x44, 0x53, 0x20, 0x52, 0x45, 0x4D,
    0x49, 0x58, 0x3A, 0x20, 0x33, 0x52, 0x44, 0x20, 0x52, 0x4F, 0x43, 0x4B, 0x80, 0x50, 0x90, 0x67,
    0x20, 0x31, 0x39, 0x39, 0x39, 0x20, 0x42, 0x59, 0x20, 0x4A, 0x4F, 0x48, 0x4E, 0x20, 0x44, 0x4F,
    0x4E, 0x44, 0x5A, 0x49, 0x4C, 0x41, 0x80, 0x90, 0xB4, 0x52, 0x4F, 0x43, 0x4B, 0x20, 0x49, 0x54,
    0x20, 0x4F, 0x4E, 0x43, 0x45, 0x20, 0x4D, 0x4F, 0x52, 0x45, 0x80, 0x88, 0xB4, 0x20, 0x57, 0x49,
    0x54, 0x48, 0x20, 0x42, 0x55, 0x54, 0x54, 0x4F, 0x4E, 0x20, 0x34, 0x20, 0x21, 0x80, 0x00, 0x31,
    0x96, 0x42, 0x54, 0x4E, 0x20, 0x23, 0x20, 0x31, 0x20, 0x3D, 0x20, 0x52, 0x4F, 0x54, 0x41, 0x54,
    0x45, 0x20, 0x4C, 0x45, 0x46, 0x54, 0x80, 0x21, 0x96, 0x42, 0x54, 0x4E, 0x20, 0x23, 0x20, 0x32,
    0x20, 0x3D, 0x20, 0x52, 0x4F, 0x54, 0x41, 0x54, 0x45, 0x20, 0x52, 0x49, 0x47, 0x48, 0x54, 0x80,
    0x11, 0x96, 0x42, 0x54, 0x4E, 0x20, 0x23, 0x20, 0x33, 0x20, 0x3D, 0x20, 0x54, 0x48, 0x52, 0x55,
    0x53, 0x54, 0x80, 0x01, 0x96, 0x42, 0x54, 0x4E, 0x20, 0x23, 0x20, 0x34, 0x20, 0x3D, 0x20, 0x46,
    0x49, 0x52, 0x45, 0x80, 0xD0, 0x8D, 0x53, 0x54, 0x49, 0x43, 0x4B, 0x20, 0x44, 0x4F, 0x57, 0x4E,
    0x20, 0x46, 0x4F, 0x52, 0x20, 0x48, 0x59, 0x50, 0x45, 0x52, 0x53, 0x50, 0x41, 0x43, 0x45, 0x80,
    0xC0, 0x9A, 0x42, 0x4F, 0x4E, 0x55, 0x53, 0x20, 0x45, 0x56, 0x45, 0x52, 0x59, 0x20, 0x31, 0x30,
    0x30, 0x30, 0x30, 0x20, 0x50, 0x54, 0x53, 0x80, 0x90, 0x80, 0x50, 0x52, 0x45, 0x53, 0x53, 0x20,
    0x42, 0x55, 0x54, 0x54, 0x4F, 0x4E, 0x20, 0x33, 0x20, 0x46, 0x4F, 0x52, 0x20, 0x56, 0x45, 0x43,
    0x4D, 0x41, 0x4E, 0x49, 0x41, 0x80, 0x00, 0x7C, 0xCA, 0xFC, 0xB6, 0xCA, 0xFC, 0x81, 0x02, 0x26,
    0x05, 0x86, 0x00, 0xB7, 0xCA, 0xFC, 0xB6, 0xC9, 0x5D, 0x27, 0x01, 0x39, 0xB6, 0xC9, 0x5C, 0x81,
    0x00, 0x26, 0x05, 0x86, 0x01, 0xB7, 0xC9, 0x5D, 0x39, 0x86, 0x01, 0xB7, 0xC9, 0x00, 0x8E, 0x08,
    0x00, 0xBF, 0xCA, 0x00, 0xBD, 0xF1, 0xAA, 0xBD, 0xF1, 0x92, 0xBD, 0xF2, 0xA9, 0xCC, 0xFC, 0x47,
    0xFD, 0xC8, 0x2A, 0xBE, 0xCA, 0x00, 0x30, 0x88, 0x64, 0xBF, 0xCA, 0x00, 0x8C, 0x08, 0x00, 0x2A,
    0x03, 0x7E, 0x48, 0x75, 0xCC, 0x20, 0xE6, 0xFD, 0xC9, 0x30, 0x8E, 0xC9, 0x30, 0xBD, 0xF3, 0x0C,
    0xC6, 0x08, 0x86, 0x05, 0x8E, 0x3E, 0xB0, 0xBD, 0xF3, 0xD8, 0xBD, 0xF3, 0x54, 0xCC, 0x10, 0xE6,
    0xFD, 0xC9, 0x30, 0x8E, 0xC9, 0x30, 0xBD, 0xF3, 0x0C, 0xC6, 0x1A, 0x86, 0x06, 0x8E, 0x3E, 0xBC,
    0xBD, 0xF3, 0xD8, 0xBD, 0xF3, 0x54, 0xCC, 0xF6, 0xE6, 0xFD, 0xC9, 0x30, 0x8E, 0xC9, 0x30, 0xBD,
    0xF3, 0x0C, 0xC6, 0x30, 0x86, 0x05, 0x8E, 0x3E, 0xB0, 0xBD, 0xF3, 0xD8, 0xBD, 0xF3, 0x54, 0xCC,
    0xD0, 0xE6, 0xFD, 0xC9, 0x30, 0x8E, 0xC9, 0x30, 0xBD, 0xF3, 0x0C, 0xC6, 0x20, 0x8E, 0x3E, 0x75,
    0xBD, 0xF4, 0x0E, 0xBD, 0xF3, 0x54, 0xCC, 0xC0, 0xE6, 0xFD, 0xC9, 0x30, 0x8E, 0xC9, 0x30, 0xBD,
    0xF3, 0x0C, 0xC6, 0x40, 0x8E, 0x3E, 0x75, 0xBD, 0xF4, 0x0E, 0xBD, 0xF3, 0x54, 0xCE, 0x46, 0x65,
    0xBD, 0xF3, 0x8A, 0x20, 0x20, 0xCE, 0x46, 0xFF, 0xBD, 0xF3, 0x8A, 0xBD, 0x3D, 0xE3, 0xCC, 0x60,
    0x00, 0xFD, 0xC9, 0x30, 0x8E, 0xC9, 0x30, 0xBD, 0xF3, 0x0C, 0xC6, 0x40, 0x8E, 0x3E, 0x1C, 0xBD,
    0xF4, 0x0E, 0xBD, 0xF3, 0x54, 0xBD, 0x3F, 0x22, 0x7D, 0xC8, 0x15, 0x27, 0x08, 0xB6, 0xC9, 0x00,
    0x81, 0x01, 0x27, 0x06, 0x39, 0x86, 0x00, 0xB7, 0xC9, 0x00, 0x7D, 0xC8, 0x14, 0x27, 0x03, 0x7E,
    0xF0, 0x00, 0x7E, 0x47, 0xD4, 0x34, 0x10, 0xBD, 0xF5, 0x11, 0x35, 0x10, 0xBD, 0xF5, 0x84, 0x81,
    0x2A, 0x2A, 0x03, 0x86, 0xFF, 0x39, 0x81, 0x54, 0x2A, 0x03, 0x86, 0x00, 0x39, 0x86, 0x01, 0x39,
    0xB6, 0xC9, 0x80, 0x81, 0x01, 0x2A, 0x28, 0xB6, 0xC9, 0x5C, 0x81, 0x04, 0x2A, 0x0B, 0x86, 0x08,
    0xB7, 0xC9, 0x7E, 0x8B, 0x02, 0xB7, 0xC9, 0x7F, 0x39, 0x86, 0x10, 0xB7, 0xC9, 0x7E, 0x8B, 0x02,
    0xB7, 0xC9, 0x7F, 0x39, 0x86, 0x20, 0xB7, 0xC9, 0x7E, 0x8B, 0x02, 0xB7, 0xC9, 0x7F, 0x39, 0x86,
    0x34, 0xB7, 0xC9, 0x7E, 0x8B, 0x02, 0xB7, 0xC9, 0x7F, 0x39, 0xB6, 0xC9, 0x7D, 0x4A, 0x4A, 0xB1,
    0xC9, 0x7E, 0x2A, 0x05, 0x81, 0xFE, 0x2B, 0x01, 0x39, 0x86, 0x00, 0xB7, 0xC9, 0x7D, 0x39, 0x34,
    0x02, 0xBD, 0xF5, 0x11, 0x2A, 0x03, 0x35, 0x02, 0x39, 0x35, 0x02, 0x81, 0x01, 0x26, 0x03, 0x86,
    0x02, 0x39, 0x81, 0x02, 0x26, 0x03, 0x86, 0x01, 0x39, 0x81, 0x03, 0x26, 0x03, 0x86, 0x04, 0x39,
    0x81, 0x04, 0x26, 0x03, 0x86, 0x03, 0x39, 0x81, 0x05, 0x26, 0x03, 0x86, 0x06, 0x39, 0x81, 0x06,
    0x26, 0x02, 0x86, 0x05, 0x39, 0x06, 0x1F, 0x07, 0x1C, 0x08, 0x0F, 0x09, 0x0F, 0x0A, 0x10, 0x0B,
    0x0F, 0x0C, 0x4F, 0x0D, 0x10, 0x0E, 0x00, 0xFF, 0xCE, 0x49, 0x6F, 0xBD, 0xF2, 0x7D, 0x39, 0x00,
    0x00, 0x01, 0x00, 0x02, 0x00, 0x03, 0x00, 0x04, 0x00, 0x05, 0x00, 0x06, 0x1F, 0x07, 0x1C, 0x08,
    0x0F, 0x09, 0x0F, 0x0A, 0x10, 0x0B, 0x0F, 0x0C, 0x00, 0x0D, 0x10, 0x0E, 0x00, 0xFF, 0xCC, 0x30,
    0x75, 0xFD, 0xC8, 0x3D, 0xBD, 0xF1, 0xAA, 0xFD, 0x00, 0x08, 0xBD, 0x55, 0x60, 0x86, 0x00, 0xB7,
    0xC9, 0x26, 0xB7, 0xC9, 0x2E, 0x86, 0x00, 0xB7, 0xC9, 0x0A, 0xB7, 0xC9, 0x0B, 0xB7, 0xC9, 0x0C,
    0x86, 0x7F, 0xB7, 0xC9, 0x20, 0xBD, 0x55, 0x6F, 0x8E, 0xC9, 0x9E, 0x86, 0x28, 0xA7, 0x84, 0x30,
    0x01, 0x8C, 0xC9, 0xAA, 0x26, 0xF7, 0xCE, 0xC8, 0x80, 0x10, 0x8E, 0x54, 0xCD, 0x86, 0x0C, 0x34,
    0x02, 0x34, 0x20, 0x34, 0x40, 0xA6, 0xA4, 0xC6, 0x04, 0x8E, 0x56, 0x25, 0xBD, 0xF6, 0x10, 0x35,
    0x40, 0x35, 0x20, 0x35, 0x02, 0x33, 0x4A, 0x31, 0x21, 0x4A, 0x26, 0xE3, 0xBD, 0xF1, 0x92, 0xBD,
    0x4A, 0x09, 0xBD, 0x4D, 0x7F, 0xBD, 0x4D, 0xB2, 0xBD, 0x4E, 0x9A, 0xBD, 0x4A, 0x99, 0xBD, 0x56,
    0x39, 0xBD, 0x4E, 0xEB, 0xBD, 0x50, 0x10, 0x20, 0xE3, 0x86, 0x30, 0xBD, 0xF2, 0xAB, 0x8E, 0x4A,
    0x51, 0x10, 0x8E, 0xC9, 0x9E, 0xA6, 0xA4, 0x81, 0x00, 0x27, 0x0B, 0x34, 0x10, 0x34, 0x20, 0xBD,
    0x4A, 0x31, 0x35, 0x20, 0x35, 0x10, 0x30, 0x06, 0x31, 0x21, 0x10, 0x8C, 0xC9, 0xAA, 0x26, 0xE5,
    0x39, 0xC6, 0x28, 0xE0, 0xA4, 0xC1, 0x00, 0x27, 0x17, 0x58, 0xCB, 0x05, 0x58, 0x34, 0x04, 0x34,
    0x10, 0xBD, 0xF3, 0x0C, 0x35, 0x10, 0x35, 0x04, 0x30, 0x02, 0xBD, 0xF4, 0x0E, 0xBD, 0xF3, 0x54,
    0x39, 0x1F, 0x08, 0xFF, 0x30, 0x10, 0x01, 0x17, 0x17, 0xFF, 0x20, 0x28, 0x01, 0x08, 0x1F, 0xFF,
    0x08, 0x30, 0x01, 0xF8, 0x1F, 0xFF, 0xF8, 0x30, 0x01, 0xE8, 0x17, 0xFF, 0xE0, 0x30, 0x01, 0xE0,
    0x08, 0xFF, 0xD0, 0x12, 0x01, 0xE0, 0xF8, 0xFF, 0xD0, 0xEE, 0x01, 0xE8, 0xE8, 0xFF, 0xE0, 0xD0,
    0x01, 0xF8, 0xE0, 0xFF, 0xF8, 0xD0, 0x01, 0x08, 0xE0, 0xFF, 0x08, 0xD0, 0x01, 0x17, 0xE8, 0xFF,
    0x20, 0xD8, 0x01, 0x1F, 0xF8, 0xFF, 0x30, 0xF0, 0x01, 0x86, 0x40, 0xBD, 0xF2, 0xAB, 0x7C, 0xC9,
    0x2A, 0xB6, 0xC9, 0x2A, 0x81, 0x14, 0x26, 0x08, 0xBD, 0x55, 0x6F, 0x86, 0x00, 0xB7, 0xC9, 0x2A,
    0x7C, 0xC9, 0x28, 0xB6, 0xC9, 0x28, 0x81, 0x06, 0x26, 0x05, 0x86, 0x00, 0xB7, 0xC9, 0x28, 0x8E,
    0xCA, 0x00, 0xBF, 0xC9, 0x34, 0xA6, 0x06, 0x81, 0x00, 0x26, 0x0B, 0xBE, 0xC9, 0x34, 0x30, 0x07,
    0x8C, 0xCA, 0xA8, 0x2B, 0xED, 0x39, 0x81, 0x01, 0x27, 0x29, 0x81, 0x02, 0x26, 0x03, 0x7E, 0x4B,
    0x73, 0x81, 0x03, 0x27, 0x63, 0x81, 0x04, 0x26, 0x03, 0x7E, 0x4B, 0xAD, 0x81, 0x05, 0x26, 0x03,
    0x7E, 0x4C, 0x0A, 0x81, 0x06, 0x26, 0x03, 0x7E, 0x4C, 0x52, 0x81, 0x07, 0x2B, 0x03, 0x7E, 0x4D,
    0x0D, 0x20, 0xC8, 0xC6, 0x28, 0xE0, 0x84, 0x58, 0x58, 0x34, 0x04, 0x30, 0x02, 0xBD, 0xF3, 0x0C,
    0x8E, 0x55, 0xD7, 0x35, 0x04, 0xBD, 0xF4, 0x0E, 0xBD, 0xF3, 0x54, 0xBE, 0xC9, 0x34, 0xB6, 0xC9,
    0x28, 0x81, 0x00, 0x26, 0xA6, 0x1C, 0xFE, 0xA6, 0x84, 0x44, 0x24, 0x0C, 0xA6, 0x02, 0xAB, 0x04,
    0xA7, 0x02, 0xA6, 0x03, 0xAB, 0x05, 0xA7, 0x03, 0x6A, 0x84, 0xA6, 0x84, 0x81, 0x00, 0x26, 0x8B,
    0x86, 0x00, 0xA7, 0x84, 0xA7, 0x06, 0x20, 0x83, 0xE6, 0x84, 0x58, 0x58, 0x58, 0x34, 0x04, 0x30,
    0x02, 0xBD, 0xF3, 0x0C, 0x8E, 0x55, 0xEA, 0x35, 0x04, 0xBD, 0xF4, 0x0E, 0xBD, 0xF3, 0x54, 0xBE,
    0xC9, 0x34, 0x6C, 0x84, 0xA6, 0x84, 0x81, 0x10, 0x26, 0x06, 0x86, 0x00, 0xA7, 0x06, 0xA7, 0x84,
    0x7E, 0x4A, 0xCB, 0xC6, 0x28, 0xE0, 0x84, 0x58, 0x58, 0x34, 0x04, 0x30, 0x02, 0xBD, 0xF3, 0x0C,
    0x8E, 0xCB, 0x00, 0x35, 0x04, 0x86, 0x06, 0xBD, 0xF3, 0xD8, 0xBD, 0xF3, 0x54, 0xBE, 0xC9, 0x34,
    0xA6, 0x02, 0xAB, 0x04, 0xA7, 0x02, 0xA6, 0x03, 0xAB, 0x05, 0xA7, 0x03, 0x6A, 0x84, 0xA6, 0x84,
    0x81, 0x14, 0x26, 0x06, 0x86, 0x00, 0xA7, 0x84, 0xA7, 0x06, 0x7E, 0x4A, 0xCB, 0xC6, 0x28, 0xE0,
    0x84, 0x58, 0x58, 0x34, 0x04, 0x30, 0x02, 0xBD, 0xF3, 0x0C, 0x8E, 0xCB, 0x20, 0x35, 0x04, 0x86,
    0x07, 0xBD, 0xF3, 0xD8, 0xBD, 0xF3, 0x54, 0xBE, 0xC9, 0x34, 0xB6, 0xC9, 0x28, 0x81, 0x00, 0x26,
    0x26, 0x1C, 0xFE, 0xA6, 0x84, 0x44, 0x24, 0x0C, 0xA6, 0x02, 0xAB, 0x04, 0xA7, 0x02, 0xA6, 0x03,
    0xAB, 0x05, 0xA7, 0x03, 0x6A, 0x84, 0xA6, 0x84, 0xBD, 0x4B, 0xFA, 0x81, 0x14, 0x26, 0x08, 0x86,
    0x14, 0xA7, 0x84, 0x86, 0x05, 0xA7, 0x06, 0x7E, 0x4A, 0xCB, 0x10, 0x8E, 0xC9, 0x9E, 0xE6, 0x01,
    0x31, 0xA5, 0xA1, 0xA4, 0x2B, 0x01, 0x39, 0x6A, 0xA4, 0x39, 0xC6, 0x28, 0xE0, 0x84, 0x58, 0x58,
    0x34, 0x04, 0x30, 0x02, 0xBD, 0xF3, 0x0C, 0x8E, 0xCB, 0x20, 0x35, 0x04, 0x86, 0x07, 0xBD, 0xF3,
    0xD8, 0xBD, 0xF3, 0x54, 0xBE, 0xC9, 0x34, 0xB6, 0xC9, 0x28, 0x81, 0x00, 0x26, 0xC9, 0x1C, 0xFE,
    0xA6, 0x84, 0x44, 0x24, 0x0C, 0xA6, 0x02, 0xA0, 0x04, 0xA7, 0x02, 0xA6, 0x03, 0xA0, 0x05, 0xA7,
    0x03, 0x6C, 0x84, 0xA6, 0x84, 0x81, 0x28, 0x26, 0xAE, 0x86, 0x00, 0xA7, 0x84, 0xA7, 0x06, 0x7E,
    0x4A, 0xCB, 0xC6, 0x28, 0xE0, 0x84, 0x58, 0x34, 0x04, 0xA6, 0x01, 0x34, 0x02, 0x30, 0x02, 0xBD,
    0xF3, 0x0C, 0x35, 0x02, 0x35, 0x04, 0x8E, 0xC8, 0x80, 0x10, 0x8E, 0x54, 0xD9, 0x31, 0xA6, 0xA6,
    0xA4, 0x30, 0x86, 0x86, 0x04, 0xBD, 0xF3, 0xD8, 0xBD, 0xF3, 0x54, 0xBE, 0xC9, 0x34, 0xB6, 0xC9,
    0x28, 0x81, 0x00, 0x27, 0x03, 0x7E, 0x4A, 0xCB, 0x1C, 0xFE, 0xA6, 0x84, 0x44, 0x24, 0x0C, 0xA6,
    0x02, 0xAB, 0x04, 0xA7, 0x02, 0xA6, 0x03, 0xAB, 0x05, 0xA7, 0x03, 0xBD, 0x56, 0xAF, 0x44, 0x81,
    0x20, 0x2B, 0x15, 0xA6, 0x84, 0x4A, 0xA7, 0x84, 0x81, 0x03, 0x2B, 0x03, 0x7E, 0x4A, 0xCB, 0x86,
    0x00, 0xA7, 0x84, 0xA7, 0x06, 0x7E, 0x4A, 0xCB, 0xBD, 0x56, 0xAF, 0x81, 0xFF, 0x2A, 0x0E, 0x6A,
    0x01, 0xA6, 0x01, 0x81, 0xFF, 0x26, 0x12, 0x86, 0x0B, 0xA7, 0x01, 0x20, 0x0C, 0x6C, 0x01, 0xA6,
    0x01, 0x81, 0x0C, 0x2B, 0x04, 0x86, 0x00, 0xA7, 0x01, 0x10, 0x8E, 0x54, 0xA9, 0x81, 0x00, 0x27,
    0x05, 0x31, 0x23, 0x4A, 0x20, 0xF7, 0xEC, 0xA4, 0xED, 0x02, 0x86, 0x07, 0xA7, 0x06, 0x86, 0x04,
    0xE6, 0x22, 0xBD, 0x56, 0x95, 0xED, 0x04, 0xC6, 0x28, 0xA6, 0x02, 0xAB, 0x04, 0xA7, 0x02, 0xA6,
    0x03, 0xAB, 0x05, 0xA7, 0x03, 0x5A, 0x5A, 0xE1, 0x84, 0x2A, 0xEE, 0x20, 0x96, 0xC6, 0x28, 0xE0,
    0x84, 0x58, 0xA6, 0x01, 0x34, 0x04, 0x34, 0x02, 0x30, 0x02, 0xBD, 0xF3, 0x0C, 0x8E, 0xC8, 0x80,
    0x10, 0x8E, 0x54, 0xD9, 0x35, 0x02, 0x31, 0xA6, 0xA6, 0xA4, 0x30, 0x86, 0x86, 0x04, 0x35, 0x04,
    0xBD, 0xF3, 0xD8, 0xBD, 0xF3, 0x54, 0xBE, 0xC9, 0x34, 0x6C, 0x06, 0xA6, 0x06, 0x81, 0x0E, 0x27,
    0x03, 0x7E, 0x4A, 0xCB, 0x86, 0x06, 0xA7, 0x06, 0x10, 0x8E, 0x54, 0x85, 0xA6, 0x01, 0x81, 0x00,
    0x27, 0x05, 0x31, 0x23, 0x4A, 0x20, 0xF7, 0xEC, 0xA4, 0xED, 0x02, 0x86, 0x06, 0xA7, 0x06, 0x86,
    0x04, 0xE6, 0x22, 0xBD, 0x56, 0x95, 0xED, 0x04, 0xC6, 0x28, 0xA6, 0x02, 0xAB, 0x04, 0xA7, 0x02,
    0xA6, 0x03, 0xAB, 0x05, 0xA7, 0x03, 0x5A, 0x5A, 0xE1, 0x84, 0x2A, 0xEE, 0x7E, 0x4A, 0xCB, 0xBD,
    0x56, 0xAF, 0x81, 0x00, 0x2B, 0x03, 0xBD, 0x56, 0x39, 0x7C, 0xC9, 0x2C, 0x7C, 0xC9, 0x2C, 0x7C,
    0xC9, 0x2C, 0x8E, 0x56, 0x09, 0xCE, 0xCB, 0x00, 0xB6, 0xC9, 0x2C, 0xC6, 0x06, 0xBD, 0xF6, 0x10,
    0x7C, 0xC9, 0x30, 0x8E, 0x56, 0x17, 0xCE, 0xCB, 0x20, 0xB6, 0xC9, 0x30, 0xC6, 0x06, 0xBD, 0xF6,
    0x10, 0x39, 0x86, 0x60, 0xBD, 0xF2, 0xAB, 0xB6, 0xC9, 0x0A, 0x8E, 0x51, 0x01, 0x81, 0x00, 0x27,
    0x06, 0x4A, 0x30, 0x88, 0x19, 0x20, 0xF6, 0x34, 0x10, 0xBD, 0xF3, 0x0C, 0x35, 0x10, 0x30, 0x02,
    0xEC, 0x84, 0xFD, 0xC9, 0x14, 0xA6, 0x02, 0xB7, 0xC9, 0x1E, 0x30, 0x03, 0x34, 0x10, 0xC6, 0x7F,
    0xBD, 0xF4, 0x0E, 0xBD, 0xF3, 0x54, 0x35, 0x10, 0x30, 0x0A, 0xBF, 0xC9, 0x22, 0xBD, 0xF3, 0x0C,
    0xBE, 0xC9, 0x22, 0x86, 0x00, 0xB7, 0xC8, 0x23, 0xEC, 0x02, 0xBD, 0xF3, 0xDF, 0xBD, 0xF3, 0x54,
    0xBE, 0xC9, 0x22, 0x30, 0x05, 0xBF, 0xC9, 0x22, 0xBD, 0xF3, 0x0C, 0xBE, 0xC9, 0x22, 0x86, 0x00,
    0xB7, 0xC8, 0x23, 0xEC, 0x02, 0xBD, 0xF3, 0xDF, 0xBD, 0xF3, 0x54, 0xBD, 0x50, 0x5E, 0x7D, 0xC8,
    0x14, 0x27, 0x16, 0xB6, 0xC9, 0x10, 0x81, 0x01, 0x27, 0x0A, 0x86, 0x01, 0xB7, 0xC9, 0x10, 0xBD,
    0x4E, 0x70, 0x20, 0x05, 0x86, 0x00, 0xB7, 0xC9, 0x10, 0x7D, 0xC8, 0x12, 0x27, 0x11, 0xB6, 0xC9,
    0x0D, 0x81, 0x01, 0x27, 0x0F, 0xBD, 0x4F, 0x9F, 0x86, 0x00, 0xB7, 0xC9, 0x0D, 0x20, 0x05, 0x86,
    0x00, 0xB7, 0xC9, 0x0D, 0x7D, 0xC8, 0x13, 0x27, 0x11, 0xB6, 0xC9, 0x0E, 0x81, 0x01, 0x27, 0xBE,
    0xBD, 0x4F, 0xDB, 0x86, 0x00, 0xB7, 0xC9, 0x0E, 0x20, 0x05, 0x86, 0x00, 0xB7, 0xC9, 0x0E, 0x39,
    0x8E, 0xC9, 0x80, 0xA6, 0x84, 0x81, 0x00, 0x27, 0x08, 0x30, 0x06, 0x8C, 0xC9, 0x9E, 0x2B, 0xF3,
    0x39, 0xB6, 0xC9, 0x0B, 0xA7, 0x01, 0x86, 0x01, 0xA7, 0x84, 0xFC, 0xC9, 0x14, 0xED, 0x02, 0x86,
    0x04, 0xF6, 0xC9, 0x1E, 0xBD, 0x56, 0x95, 0xED, 0x04, 0x39, 0x8E, 0xC9, 0x80, 0xA6, 0x84, 0x81,
    0x00, 0x26, 0x08, 0x30, 0x06, 0x8C, 0xC9, 0x9E, 0x2B, 0xF3, 0x39, 0xA6, 0x84, 0x81, 0x00, 0x27,
    0xF2, 0xA6, 0x02, 0xAB, 0x04, 0xA7, 0x02, 0xA6, 0x03, 0xAB, 0x05, 0xA7, 0x03, 0xEC, 0x02, 0xFD,
    0xC9, 0x22, 0x86, 0x15, 0xA0, 0x84, 0x48, 0x48, 0x8B, 0x20, 0x34, 0x10, 0xBD, 0xF2, 0xAB, 0x8E,
    0xC9, 0x22, 0xBD, 0xF3, 0x0C, 0xBD, 0xF2, 0xC5, 0xBD, 0xF3, 0x54, 0x35, 0x10, 0x6C, 0x84, 0xA6,
    0x84, 0x81, 0x15, 0x2B, 0xBE, 0x86, 0x00, 0xA7, 0x84, 0x20, 0xB8, 0x8E, 0xC9, 0x80, 0xA6, 0x84,
    0x81, 0x00, 0x26, 0x08, 0x30, 0x06, 0x8C, 0xC9, 0x9E, 0x2B, 0xF3, 0x39, 0x10, 0x8E, 0xC9, 0x9E,
    0xC6, 0x00, 0xA6, 0xA4, 0x81, 0x28, 0x26, 0x0B, 0x5C, 0x31, 0x21, 0x10, 0x8C, 0xC9, 0xAA, 0x26,
    0xF1, 0x20, 0x15, 0xE1, 0x01, 0x26, 0xF1, 0xA6, 0x84, 0x48, 0xA1, 0xA4, 0x2A, 0x02, 0x20, 0xE8,
    0x86, 0x00, 0xA7, 0x84, 0x6C, 0xA4, 0x20, 0xE0, 0x10, 0x8E, 0xCA, 0x00, 0xA6, 0x26, 0x81, 0x03,
    0x27, 0x08, 0x81, 0x07, 0x2A, 0x04, 0x81, 0x00, 0x26, 0x0A, 0x31, 0x27, 0x10, 0x8C, 0xCA, 0xA8,
    0x2B, 0xEA, 0x20, 0xB0, 0xA6, 0x21, 0xA1, 0x01, 0x27, 0x02, 0x20, 0xEE, 0xA6, 0xA4, 0x44, 0xA1,
    0x84, 0x27, 0x07, 0x4A, 0xA1, 0x84, 0x27, 0x02, 0x20, 0xE0, 0x86, 0x00, 0xA7, 0x84, 0xA6, 0x26,
    0x81, 0x01, 0x27, 0x0A, 0x86, 0x03, 0xA7, 0x26, 0x86, 0x01, 0xA7, 0xA4, 0x20, 0x86, 0x86, 0x06,
    0xA7, 0x26, 0x34, 0x20, 0x34, 0x10, 0x8E, 0xCA, 0x00, 0xA6, 0x06, 0x81, 0x00, 0x27, 0x0E, 0x30,
    0x07, 0x8C, 0xCA, 0xA8, 0x2B, 0xF3, 0x35, 0x10, 0x35, 0x20, 0x7E, 0x4E, 0xF4, 0xEC, 0xA4, 0xED,
    0x84, 0xEC, 0x22, 0xED, 0x02, 0xEC, 0x24, 0xED, 0x04, 0x86, 0x06, 0xA7, 0x06, 0x20, 0xE7, 0xBD,
    0x56, 0x39, 0x7A, 0xC9, 0x0A, 0xB6, 0xC9, 0x0A, 0x81, 0xFF, 0x26, 0x10, 0x86, 0x23, 0xB7, 0xC9,
    0x0A, 0x86, 0x0B, 0xB7, 0xC9, 0x0B, 0x86, 0x02, 0xB7, 0xC9, 0x0C, 0x39, 0x7A, 0xC9, 0x0C, 0xB6,
    0xC9, 0x0C, 0x81, 0xFF, 0x26, 0x14, 0x86, 0x02, 0xB7, 0xC9, 0x0C, 0x7A, 0xC9, 0x0B, 0xB6, 0xC9,
    0x0B, 0x81, 0xFF, 0x26, 0x05, 0x86, 0x0B, 0xB7, 0xC9, 0x0C, 0x39, 0x7C, 0xC9, 0x0A, 0xB6, 0xC9,
    0x0A, 0x81, 0x24, 0x26, 0x0C, 0x86, 0x00, 0xB7, 0xC9, 0x0A, 0xB7, 0xC9, 0x0B, 0xB7, 0xC9, 0x0C,
    0x39, 0x7C, 0xC9, 0x0C, 0xB6, 0xC9, 0x0C, 0x81, 0x03, 0x26, 0xDF, 0x86, 0x00, 0xB7, 0xC9, 0x0C,
    0x7C, 0xC9, 0x0B, 0xB6, 0xC9, 0x0B, 0x81, 0x0B, 0x26, 0xD0, 0x86, 0x00, 0xB7, 0xC9, 0x0C, 0x39,
    0x86, 0x2A, 0xBD, 0xF2, 0xAB, 0xCC, 0x1F, 0x00, 0xFD, 0xC9, 0x00, 0x8E, 0xC9, 0x00, 0xBD, 0xF3,
    0x0C, 0x8E, 0x50, 0x83, 0xF6, 0xC9, 0x20, 0xBD, 0xF4, 0x0E, 0xBD, 0xF3, 0x54, 0xCC, 0xE0, 0x00,
    0xFD, 0xC9, 0x00, 0x8E, 0xC9, 0x00, 0xBD, 0xF3, 0x0C, 0x8E, 0x50, 0xAE, 0xF6, 0xC9, 0x20, 0xBD,
    0xF4, 0x0E, 0xBD, 0xF3, 0x54, 0xCC, 0x2F, 0x90, 0xFD, 0xC9, 0x00, 0x8E, 0xC9, 0x00, 0xBD, 0xF3,
    0x0C, 0x8E, 0x50, 0xD9, 0xF6, 0xC9, 0x20, 0xBD, 0xF4, 0x0E, 0xBD, 0xF3, 0x54, 0x39, 0x4F, 0xBD,
    0xF1, 0xB4, 0x39, 0x86, 0x4F, 0xB7, 0xC8, 0x23, 0xBD, 0xF1, 0xF8, 0x39, 0x8E, 0xC8, 0x1F, 0x86,
    0x01, 0xA7, 0x80, 0x86, 0x03, 0xA7, 0x80, 0x4F, 0xA7, 0x80, 0xA7, 0x80, 0x39, 0xFE, 0xE8, 0xFE,
    0xB6, 0x00, 0x80, 0xFF, 0x60, 0x00, 0xFF, 0xE0, 0xC0, 0xFF, 0xC0, 0x30, 0xFF, 0x00, 0x20, 0xFF,
    0x40, 0x30, 0xFF, 0x20, 0xC0, 0x00, 0xE0, 0x40, 0xFF, 0xD0, 0x30, 0xFF, 0xE0, 0xB0, 0xFF, 0x10,
    0xF0, 0x00, 0x00, 0xE0, 0xFF, 0xF0, 0xF0, 0xFF, 0x20, 0xB0, 0xFF, 0x30, 0x30, 0x01, 0xFF, 0xA0,
    0x00, 0xFF, 0x20, 0xC0, 0xFF, 0x40, 0x30, 0xFF, 0x00, 0x20, 0xFF, 0xC0, 0x30, 0xFF, 0xE0, 0xC0,
    0x00, 0x20, 0x40, 0xFF, 0x30, 0x30, 0xFF, 0x20, 0xB0, 0xFF, 0xF0, 0xF0, 0x00, 0x00, 0xE0, 0xFF,
    0x10, 0xF0, 0xFF, 0xE0, 0xB0, 0xFF, 0xD0, 0x30, 0x01, 0xFF, 0xD0, 0xF0, 0xFF, 0xD0, 0x10, 0x00,
    0x30, 0xF0, 0xFF, 0x00, 0x60, 0x00, 0x10, 0x00, 0xFF, 0xE0, 0x00, 0x00, 0x10, 0x40, 0xFF, 0x00,
    0x60, 0xFF, 0x30, 0xF0, 0x00, 0xA0, 0x00, 0xFF, 0x30, 0x10, 0x00, 0x10, 0xA0, 0xFF, 0xE0, 0x00,
    0x01, 0x7F, 0x00, 0x6F, 0x1F, 0xDD, 0xFF, 0x00, 0x20, 0xFF, 0xE0, 0x20, 0xFF, 0x20, 0xC0, 0x01,
    0x7F, 0x00, 0xA0, 0x00, 0x01, 0x5F, 0x3F, 0xC0, 0xD0, 0x01, 0x7F, 0x00, 0x6F, 0x1F, 0xDD, 0xFF,
    0x00, 0x30, 0xFF, 0xE0, 0x10, 0xFF, 0x20, 0xC0, 0x01, 0x7F, 0x00, 0xA0, 0x00, 0x01, 0x5F, 0x3F,
    0xC0, 0xD0, 0x01, 0x7F, 0x00, 0x6F, 0x1F, 0xDD, 0xFF, 0xF0, 0x40, 0xFF, 0xF0, 0x00, 0xFF, 0x20,
    0xC0, 0x01, 0x7F, 0x00, 0xA0, 0x00, 0x01, 0x5F, 0x3F, 0xC0, 0xD0, 0x01, 0x5F, 0x3F, 0x47, 0x57,
    0x16, 0xFF, 0x00, 0x20, 0xFF, 0xD0, 0x10, 0xFF, 0x30, 0xD0, 0x01, 0x5F, 0x3F, 0xC0, 0xD0, 0x01,
    0x2F, 0x6F, 0xE0, 0xB0, 0x01, 0x5F, 0x3F, 0x47, 0x57, 0x16, 0xFF, 0x00, 0x30, 0xFF, 0xD0, 0x00,
    0xFF, 0x30, 0xD0, 0x01, 0x5F, 0x3F, 0xC0, 0xD0, 0x01, 0x2F, 0x6F, 0xE0, 0xB0, 0x01, 0x5F, 0x3F,
    0x47, 0x57, 0x16, 0xFF, 0xF0, 0x30, 0xFF, 0xE0, 0x00, 0xFF, 0x30, 0xD0, 0x01, 0x5F, 0x3F, 0xC0,
    0xD0, 0x01, 0x2F, 0x6F, 0xE0, 0xB0, 0x01, 0x2F, 0x6F, 0x17, 0x77, 0x52, 0xFF, 0x00, 0x10, 0xFF,
    0xD0, 0x00, 0xFF, 0x30, 0xF0, 0x01, 0x2F, 0x6F, 0xE0, 0xB0, 0x01, 0x00, 0x7F, 0x00, 0xA0, 0x01,
    0x2F, 0x6F, 0x17, 0x77, 0x52, 0xFF, 0xF0, 0x10, 0xFF, 0xE0, 0x00, 0xFF, 0x30, 0xF0, 0x01, 0x2F,
    0x6F, 0xE0, 0xB0, 0x01, 0x00, 0x7F, 0x00, 0xA0, 0x01, 0x2F, 0x6F, 0x17, 0x77, 0x52, 0xFF, 0xE0,
    0x10, 0xFF, 0xF0, 0x00, 0xFF, 0x30, 0xF0, 0x01, 0x2F, 0x6F, 0xE0, 0xB0, 0x01, 0x00, 0x7F, 0x00,
    0xA0, 0x01, 0x00, 0x7F, 0xE7, 0x77, 0x4E, 0xFF, 0xF0, 0x00, 0xFF, 0xE0, 0xF0, 0xFF, 0x30, 0x10,
    0x01, 0x00, 0x7F, 0x00, 0xA0, 0x01, 0xD0, 0x6F, 0x20, 0xB0, 0x01, 0x00, 0x7F, 0xE7, 0x77, 0x4E,
    0xFF, 0xE0, 0x00, 0xFF, 0xF0, 0xF0, 0xFF, 0x30, 0x10, 0x01, 0x00, 0x7F, 0x00, 0xA0, 0x01, 0xD0,
    0x6F, 0x20, 0xB0, 0x01, 0x00, 0x7F, 0xE7, 0x77, 0x4E, 0xFF, 0xD0, 0x00, 0xFF, 0x00, 0xF0, 0xFF,
    0x30, 0x10, 0x01, 0x00, 0x7F, 0x00, 0xA0, 0x01, 0xD0, 0x6F, 0x20, 0xB0, 0x01, 0xD0, 0x6F, 0xB7,
    0x57, 0x0A, 0xFF, 0xF0, 0x00, 0xFF, 0xE0, 0xD0, 0xFF, 0x30, 0x30, 0x01, 0xD0, 0x6F, 0x20, 0xB0,
    0x01, 0xA0, 0x3F, 0x40, 0xD0, 0x01, 0xD0, 0x6F, 0xB7, 0x57, 0x0A, 0xFF, 0xE0, 0x00, 0xFF, 0xF0,
    0xD0, 0xFF, 0x30, 0x30, 0x01, 0xD0, 0x6F, 0x20, 0xB0, 0x01, 0xA0, 0x3F, 0x40, 0xD0, 0x01, 0xD0,
    0x6F, 0xB7, 0x57, 0x0A, 0xFF, 0xD0, 0xF0, 0xFF, 0x00, 0xE0, 0xFF, 0x30, 0x30, 0x01, 0xD0, 0x6F,
    0x20, 0xB0, 0x01, 0xA0, 0x3F, 0x40, 0xD0, 0x01, 0xA0, 0x3F, 0x90, 0x1F, 0x42, 0xFF, 0xF0, 0x00,
    0xFF, 0xF0, 0xC0, 0xFF, 0x20, 0x40, 0x01, 0xA0, 0x3F, 0x40, 0xD0, 0x01, 0x80, 0x00, 0x60, 0x00,
    0x01, 0xA0, 0x3F, 0x90, 0x1F, 0x42, 0xFF, 0xE0, 0xF0, 0xFF, 0x00, 0xD0, 0xFF, 0x20, 0x40, 0x01,
    0xA0, 0x3F, 0x40, 0xD0, 0x01, 0x80, 0x00, 0x60, 0x00, 0x01, 0xA0, 0x3F, 0x90, 0x1F, 0x42, 0xFF,
    0xE0, 0xE0, 0xFF, 0x00, 0xE0, 0xFF, 0x20, 0x40, 0x01, 0xA0, 0x3F, 0x40, 0xD0, 0x01, 0x80, 0x00,
    0x60, 0x00, 0x01, 0x80, 0x00, 0x90, 0xE0, 0x7E, 0xFF, 0x00, 0xE0, 0xFF, 0x20, 0xE0, 0xFF, 0xE0,
    0x40, 0x01, 0x80, 0x00, 0x60, 0x00, 0x01, 0xA0, 0xC0, 0x40, 0x30, 0x01, 0x80, 0x00, 0x90, 0xE0,
    0x7E, 0xFF, 0x00, 0xD0, 0xFF, 0x20, 0xF0, 0xFF, 0xE0, 0x40, 0x01, 0x80, 0x00, 0x60, 0x00, 0x01,
    0xA0, 0xC0, 0x40, 0x30, 0x01, 0x80, 0x00, 0x90, 0xE0, 0x7E, 0xFF, 0x10, 0xC0, 0xFF, 0x10, 0x00,
    0xFF, 0xE0, 0x40, 0x01, 0x80, 0x00, 0x60, 0x00, 0x01, 0xA0, 0xC0, 0x40, 0x30, 0x01, 0xA0, 0xC0,
    0xB8, 0xA8, 0x36, 0xFF, 0x00, 0xE0, 0xFF, 0x30, 0xF0, 0xFF, 0xD0, 0x30, 0x01, 0xA0, 0xC0, 0x40,
    0x30, 0x01, 0xD0, 0x90, 0x20, 0x50, 0x01, 0xA0, 0xC0, 0xB8, 0xA8, 0x36, 0xFF, 0x10, 0xD0, 0xFF,
    0x20, 0x00, 0xFF, 0xD0, 0x30, 0x01, 0xA0, 0xC0, 0x40, 0x30, 0x01, 0xD0, 0x90, 0x20, 0x50, 0x01,
    0xA0, 0xC0, 0xB8, 0xA8, 0x36, 0xFF, 0x20, 0xD0, 0xFF, 0x10, 0x00, 0xFF, 0xD0, 0x30, 0x01, 0xA0,
    0xC0, 0x40, 0x30, 0x01, 0xD0, 0x90, 0x20, 0x50, 0x01, 0xD0, 0x90, 0xE8, 0x88, 0x33, 0xFF, 0x00,
    0xF0, 0xFF, 0x30, 0x00, 0xFF, 0xD0, 0x10, 0x01, 0xD0, 0x90, 0x20, 0x50, 0x01, 0x00, 0x80, 0x00,
    0x60, 0x01, 0xD0, 0x90, 0xE8, 0x88, 0x33, 0xFF, 0x10, 0xF0, 0xFF, 0x20, 0x00, 0xFF, 0xD0, 0x10,
    0x01, 0xD0, 0x90, 0x20, 0x50, 0x01, 0x00, 0x80, 0x00, 0x60, 0x01, 0xD0, 0x90, 0xE8, 0x88, 0x33,
    0xFF, 0x20, 0xF0, 0xFF, 0x10, 0x00, 0xFF, 0xD0, 0x10, 0x01, 0xD0, 0x90, 0x20, 0x50, 0x01, 0x00,
    0x80, 0x00, 0x60, 0x01, 0x00, 0x80, 0x17, 0x88, 0x2E, 0xFF, 0x10, 0x00, 0xFF, 0x20, 0x10, 0xFF,
    0xD0, 0xF0, 0x01, 0x00, 0x80, 0x00, 0x60, 0x01, 0x2F, 0x90, 0xE0, 0x50, 0x01, 0x00, 0x80, 0x17,
    0x88, 0x2E, 0xFF, 0x20, 0x00, 0xFF, 0x10, 0x10, 0xFF, 0xD0, 0xF0, 0x01, 0x00, 0x80, 0x00, 0x60,
    0x01, 0x2F, 0x90, 0xE0, 0x50, 0x01, 0x00, 0x80, 0x17, 0x88, 0x2E, 0xFF, 0x30, 0x00, 0xFF, 0x00,
    0x10, 0xFF, 0xD0, 0xF0, 0x01, 0x00, 0x80, 0x00, 0x60, 0x01, 0x2F, 0x90, 0xE0, 0x50, 0x01, 0x2F,
    0x90, 0x47, 0xA8, 0x2A, 0xFF, 0x20, 0x00, 0xFF, 0x10, 0x30, 0xFF, 0xD0, 0xD0, 0x01, 0x2F, 0x90,
    0xE0, 0x50, 0x01, 0x5F, 0xC0, 0xC0, 0x30, 0x01, 0x2F, 0x90, 0x47, 0xA8, 0x2A, 0xFF, 0x30, 0x00,
    0xFF, 0x00, 0x30, 0xFF, 0xD0, 0xD0, 0x01, 0x2F, 0x90, 0xE0, 0x50, 0x01, 0x5F, 0xC0, 0xC0, 0x30,
    0x01, 0x2F, 0x90, 0x47, 0xA8, 0x2A, 0xFF, 0x30, 0x10, 0xFF, 0x00, 0x20, 0xFF, 0xD0, 0xD0, 0x01,
    0x2F, 0x90, 0xE0, 0x50, 0x01, 0x5F, 0xC0, 0xC0, 0x30, 0x01, 0x5F, 0xC0, 0x6F, 0xE0, 0x23, 0xFF,
    0x10, 0x00, 0xFF, 0x10, 0x40, 0xFF, 0xE0, 0xC0, 0x01, 0x5F, 0xC0, 0xC0, 0x30, 0x01, 0x7F, 0x00,
    0xA0, 0x00, 0x01, 0x5F, 0xC0, 0x6F, 0xE0, 0x23, 0xFF, 0x20, 0x10, 0xFF, 0x00, 0x30, 0xFF, 0xE0,
    0xC0, 0x01, 0x5F, 0xC0, 0xC0, 0x30, 0x01, 0x7F, 0x00, 0xA0, 0x00, 0x01, 0x5F, 0xC0, 0x6F, 0xE0,
    0x23, 0xFF, 0x20, 0x20, 0xFF, 0x00, 0x20, 0xFF, 0xE0, 0xC0, 0x01, 0x5F, 0xC0, 0xC0, 0x30, 0x01,
    0x7F, 0x00, 0xA0, 0x00, 0x01, 0x1F, 0x08, 0x3E, 0x1A, 0x18, 0x36, 0x05, 0x1F, 0x33, 0xFA, 0x20,
    0x2D, 0xE8, 0x18, 0x2A, 0xE0, 0x0A, 0x23, 0xE0, 0xF9, 0x1E, 0xE8, 0xE7, 0x16, 0xF9, 0xDF, 0x12,
    0x06, 0xE1, 0x0D, 0x1A, 0xE7, 0x0A, 0x20, 0xF8, 0x03, 0x1F, 0x0F, 0x3C, 0x0F, 0x1F, 0x34, 0x00,
    0x1F, 0x31, 0xF0, 0x1F, 0x2B, 0xE0, 0x0F, 0x28, 0xE0, 0x00, 0x21, 0xE0, 0xF0, 0x1C, 0xF0, 0xE0,
    0x14, 0x00, 0xE0, 0x10, 0x0F, 0xE0, 0x0B, 0x1F, 0xE0, 0x08, 0x1F, 0x00, 0x01, 0x3C, 0x38, 0x34,
    0x2C, 0x29, 0x25, 0x1B, 0x18, 0x13, 0x0D, 0x08, 0x05, 0x00, 0x0A, 0x14, 0x1E, 0x28, 0x32, 0x3C,
    0x46, 0x50, 0x5A, 0x64, 0x6E, 0x34, 0x06, 0x34, 0x10, 0x34, 0x20, 0xBD, 0xF2, 0xA9, 0xCC, 0x00,
    0x00, 0xFD, 0xC8, 0xB0, 0xFD, 0xC8, 0x80, 0x8E, 0xC8, 0xB0, 0xBD, 0xF8, 0x4F, 0x8E, 0xC8, 0x80,
    0xBD, 0xF8, 0x4F, 0xB6, 0xC9, 0x8F, 0x81, 0x00, 0x27, 0x12, 0x34, 0x02, 0xCC, 0x00, 0x01, 0x8E,
    0xC8, 0xB0, 0xBD, 0xF8, 0x7C, 0x35, 0x02, 0x4A, 0x81, 0x00, 0x26, 0xEE, 0xB6, 0xCA, 0x01, 0x81,
    0x00, 0x27, 0x12, 0x34, 0x02, 0xCC, 0x00, 0x01, 0x8E, 0xC8, 0x80, 0xBD, 0xF8, 0x7C, 0x35, 0x02,
    0x4A, 0x81, 0x00, 0x26, 0xEE, 0xCC, 0x7F, 0x20, 0xBD, 0xF2, 0xFC, 0xCE, 0xC8, 0x80, 0xCC, 0xFC,
    0x47, 0xFD, 0xC8, 0x2A, 0xBD, 0xF4, 0x95, 0xCC, 0x6F, 0x20, 0xBD, 0xF2, 0xFC, 0xCE, 0xC8, 0xB0,
    0xCC, 0xFC, 0x47, 0xFD, 0xC8, 0x2A, 0xBD, 0xF4, 0x95, 0x35, 0x20, 0x35, 0x10, 0x35, 0x06, 0x39,
    0x86, 0x00, 0x8E, 0xCB, 0x7F, 0xA7, 0x84, 0x30, 0x1F, 0x8C, 0xC8, 0x7F, 0x26, 0xF7, 0x39, 0x34,
    0x20, 0x34, 0x10, 0x10, 0x8E, 0xCA, 0x00, 0xA6, 0x26, 0x81, 0x00, 0x27, 0x0D, 0x31, 0x27, 0x10,
    0x8C, 0xCA, 0xA8, 0x2B, 0xF2, 0x35, 0x10, 0x35, 0x20, 0x39, 0xB6, 0xC9, 0x2E, 0xF6, 0xC9, 0x2E,
    0x8E, 0x54, 0x85, 0x81, 0x00, 0x27, 0x05, 0x30, 0x03, 0x4A, 0x20, 0xF7, 0xE7, 0x21, 0xEC, 0x84,
    0xED, 0x22, 0x86, 0x28, 0xA7, 0xA4, 0x86, 0x06, 0xA7, 0x26, 0x86, 0x04, 0xE6, 0x02, 0xBD, 0x56,
    0x95, 0xED, 0x24, 0xBD, 0x56, 0xAF, 0x44, 0x81, 0x15, 0x2A, 0x06, 0x86, 0x02, 0xA7, 0x26, 0x20,
    0xC4, 0x81, 0x30, 0x2A, 0x06, 0x86, 0x04, 0xA7, 0x26, 0x20, 0xBA, 0x81, 0x60, 0x2A, 0x02, 0x20,
    0xB4, 0x86, 0x06, 0xA7, 0x26, 0x20, 0xAE, 0x00, 0x00, 0xF6, 0xFF, 0x0A, 0x0A, 0xFF, 0xF6, 0x0A,
    0xFF, 0xF6, 0xF6, 0xFF, 0x0A, 0xF6, 0xFF, 0x00, 0x14, 0x01, 0xFF, 0x0C, 0xF8, 0xFF, 0xF2, 0x06,
    0xFF, 0xFA, 0xF8, 0xFF, 0x06, 0x0A, 0xFF, 0xF4, 0x04, 0xFF, 0x0C, 0xFE, 0xFF, 0x02, 0x08, 0xFF,
    0x00, 0xF8, 0xFF, 0x0E, 0x00, 0xFF, 0xF2, 0xFE, 0x01, 0x06, 0x00, 0xFA, 0x00, 0xFA, 0x00, 0x02,
    0xFA, 0x08, 0x0C, 0xF8, 0x00, 0x08, 0xF4, 0x04, 0xFC, 0x04, 0x08, 0xF8, 0x08, 0xF4, 0xF4, 0x0C,
    0xF0, 0x10, 0x08, 0x00, 0x10, 0x10, 0xD0, 0xE0, 0x00, 0x20, 0x60, 0xE0, 0x00, 0x10, 0xD0, 0xA0,
    0x00, 0x18, 0x18, 0x30, 0xD0, 0x18, 0x18, 0x00, 0x00, 0xB6, 0xC9, 0x2E, 0x4C, 0x81, 0x0C, 0x2B,
    0x02, 0x86, 0x00, 0xB7, 0xC9, 0x2E, 0x39, 0x00, 0x00, 0x00, 0x01, 0x01, 0x01, 0x02, 0x02, 0x02,
    0x03, 0x03, 0x03, 0x04, 0x04, 0x04, 0x05, 0x05, 0x05, 0x06, 0x06, 0x06, 0x07, 0x07, 0x07, 0x08,
    0x08, 0x08, 0x09, 0x09, 0x09, 0x0A, 0x0A, 0x0A, 0x0B, 0x0B, 0x0B, 0x00, 0x00, 0x01, 0x01, 0x02,
    0x02, 0x03, 0x03, 0x04, 0x04, 0x05, 0x05, 0x06, 0x06, 0x07, 0x07, 0x08, 0x08, 0x09, 0x09, 0x0A,
    0x0A, 0x0B, 0x0B, 0x0C, 0x0C, 0x0D, 0x0D, 0x0E, 0x0E, 0x0F, 0x0F, 0x10, 0x10, 0x11, 0x11, 0x12,
    0x12, 0x13, 0x13, 0x14, 0x14, 0x34, 0x06, 0xBD, 0xF1, 0xAF, 0x35, 0x06, 0x34, 0x10, 0x34, 0x20,
    0xBD, 0xF6, 0x01, 0x35, 0x20, 0x35, 0x10, 0x34, 0x06, 0xBD, 0xF1, 0xAA, 0x35, 0x06, 0x39, 0x34,
    0x10, 0x34, 0x20, 0xBD, 0xF5, 0x11, 0x35, 0x20, 0x35, 0x10, 0x39, 0x86, 0x00, 0xB7, 0xC9, 0x2E,
    0xB7, 0xC9, 0x8F, 0xBD, 0x55, 0x6F, 0xBD, 0xF1, 0x92, 0xBD, 0x50, 0x10, 0xBD, 0x4A, 0x99, 0xBD,
    0x50, 0x5E, 0x7D, 0xC8, 0x15, 0x27, 0x03, 0x7C, 0xC9, 0x8F, 0xCE, 0xC8, 0x80, 0x10, 0x8E, 0x54,
    0xCD, 0x86, 0x0C, 0x34, 0x02, 0x34, 0x20, 0x34, 0x40, 0xB6, 0xC9, 0x8F, 0xC6, 0x04, 0x8E, 0x56,
    0x2F, 0xBD, 0xF6, 0x10, 0x35, 0x40, 0x35, 0x20, 0x35, 0x02, 0x33, 0x4A, 0x31, 0x21, 0x4A, 0x26,
    0xE2, 0x20, 0xC3, 0xFF, 0xFF, 0xFF, 0xFF, 0xFF, 0xFF, 0xFF, 0xFF, 0xFF, 0xFF, 0xFF, 0xFF, 0xFF,
    0xFF, 0xFF, 0xFF, 0xFF, 0xFF, 0xFF, 0xFF, 0xFF, 0xFF, 0xFF, 0xFF, 0xFF, 0xFF, 0xFF, 0xFF, 0xFF,
    0xFF, 0xFF, 0xFF, 0xFF, 0xFF, 0xFF, 0xFF, 0xFF, 0xFF, 0xFF, 0xFF, 0xFF, 0xFF, 0xFF, 0xFF, 0xFF,
    0xFF, 0xFF, 0xFF, 0xFF, 0xFF, 0xFF, 0xFF, 0xFF, 0xFF, 0xFF, 0xFF, 0xFF, 0xFF, 0xFF, 0xFF, 0xFF,
    0xFF, 0xFF, 0xFF, 0xFF, 0xFF, 0xFF, 0xFF, 0xFF, 0xFF, 0xFF, 0xFF, 0xFF, 0xFF, 0xFF, 0xFF, 0xFF,
    0xFF, 0xFF, 0xFF, 0xFF, 0xFF, 0xFF, 0xFF, 0xFF, 0xFF, 0xFF, 0xFF, 0xFF, 0xFF, 0xFF, 0xFF, 0xFF,
    0xFF, 0xFF, 0xFF, 0xFF, 0xFF, 0xFF, 0xFF, 0xFF, 0xFF, 0xFF, 0xFF, 0xFF, 0xFF, 0xFF, 0xFF, 0xFF,
    0xFF, 0xFF, 0xFF, 0xFF, 0xFF, 0xFF, 0xFF, 0xFF, 0xFF, 0xFF, 0xFF, 0xFF, 0xFF, 0xFF, 0xFF, 0xFF,
    0xFF, 0xFF, 0xFF, 0xFF, 0xFF, 0xFF, 0xFF, 0xFF, 0xFF, 0xFF, 0xFF, 0xFF, 0xFF, 0xFF, 0xFF, 0xFF,
    0xFF, 0xFF, 0xFF, 0xFF, 0xFF, 0xFF, 0xFF, 0xFF, 0xFF, 0xFF, 0xFF, 0xFF, 0xFF, 0xFF, 0xFF, 0xFF,
    0xFF, 0xFF, 0xFF, 0xFF, 0xFF, 0xFF, 0xFF, 0xFF, 0xFF, 0xFF, 0xFF, 0xFF, 0xFF, 0xFF, 0xFF, 0xFF,
    0xFF, 0xFF, 0xFF, 0xFF, 0xFF, 0xFF, 0xFF, 0xFF, 0xFF, 0xFF, 0xFF, 0xFF, 0xFF, 0xFF, 0xFF, 0xFF,
    0xFF, 0xFF, 0xFF, 0xFF, 0xFF, 0xFF, 0xFF, 0xFF, 0xFF, 0xFF, 0xFF, 0xFF, 0xFF, 0xFF, 0xFF, 0xFF,
    0xFF, 0xFF, 0xFF, 0xFF, 0xFF, 0xFF, 0xFF, 0xFF, 0xFF, 0xFF, 0xFF, 0xFF, 0xFF, 0xFF, 0xFF, 0xFF,
    0xFF, 0xFF, 0xFF, 0xFF, 0xFF, 0xFF, 0xFF, 0xFF, 0xFF, 0xFF, 0xFF, 0xFF, 0xFF, 0xFF, 0xFF, 0xFF,
    0xFF, 0xFF, 0xFF, 0xFF, 0xFF, 0xFF, 0xFF, 0xFF, 0xFF, 0xFF, 0xFF, 0xFF, 0xFF, 0xFF, 0xFF, 0xFF,
    0xFF, 0xFF, 0xFF, 0xFF, 0xFF, 0xFF, 0xFF, 0xFF, 0xFF, 0xFF, 0xFF, 0xFF, 0xFF, 0xFF, 0xFF, 0xFF,
    0xFF, 0xFF, 0xFF, 0xFF, 0xFF, 0xFF, 0xFF, 0xFF, 0xFF, 0xFF, 0xFF, 0xFF, 0xFF, 0xFF, 0xFF, 0xFF,
    0xFF, 0xFF, 0xFF, 0xFF, 0xFF, 0xFF, 0xFF, 0xFF, 0xFF, 0xFF, 0xFF, 0xFF, 0xFF, 0xFF, 0xFF, 0xFF,
    0xFF, 0xFF, 0xFF, 0xFF, 0xFF, 0xFF, 0xFF, 0xFF, 0xFF, 0xFF, 0xFF, 0xFF, 0xFF, 0xFF, 0xFF, 0xFF,
    0xFF, 0xFF, 0xFF, 0xFF, 0xFF, 0xFF, 0xFF, 0xFF, 0xFF, 0xFF, 0xFF, 0xFF, 0xFF, 0xFF, 0xFF, 0xFF,
    0xFF, 0xFF, 0xFF, 0xFF, 0xFF, 0xFF, 0xFF, 0xFF, 0xFF, 0xFF, 0xFF, 0xFF, 0xFF, 0xFF, 0xFF, 0xFF,
    0xFF, 0xFF, 0xFF, 0xFF, 0xFF, 0xFF, 0xFF, 0xFF, 0xFF, 0xFF, 0xFF, 0xFF, 0xFF, 0xFF, 0xFF, 0xFF,
    0xFF, 0xFF, 0xFF, 0xFF, 0xFF, 0xFF, 0xFF, 0xFF, 0xFF, 0xFF, 0xFF, 0xFF, 0xFF, 0xFF, 0xFF, 0xFF,
    0xFF, 0xFF, 0xFF, 0xFF, 0xFF, 0xFF, 0xFF, 0xFF, 0xFF, 0xFF, 0xFF, 0xFF, 0xFF, 0xFF, 0xFF, 0xFF,
    0xFF, 0xFF, 0xFF, 0xFF, 0xFF, 0xFF, 0xFF, 0xFF, 0xFF, 0xFF, 0xFF, 0xFF, 0xFF, 0xFF, 0xFF, 0xFF,
    0xFF, 0xFF, 0xFF, 0xFF, 0xFF, 0xFF, 0xFF, 0xFF, 0xFF, 0xFF, 0xFF, 0xFF, 0xFF, 0xFF, 0xFF, 0xFF,
    0xFF, 0xFF, 0xFF, 0xFF, 0xFF, 0xFF, 0xFF, 0xFF, 0xFF, 0xFF, 0xFF, 0xFF, 0xFF, 0xFF, 0xFF, 0xFF,
    0xFF, 0xFF, 0xFF, 0xFF, 0xFF, 0xFF, 0xFF, 0xFF, 0xFF, 0xFF, 0xFF, 0xFF, 0xFF, 0xFF, 0xFF, 0xFF,
    0xFF, 0xFF, 0xFF, 0xFF, 0xFF, 0xFF, 0xFF, 0xFF, 0xFF, 0xFF, 0xFF, 0xFF, 0xFF, 0xFF, 0xFF, 0xFF,
    0xFF, 0xFF, 0xFF, 0xFF, 0xFF, 0xFF, 0xFF, 0xFF, 0xFF, 0xFF, 0xFF, 0xFF, 0xFF, 0xFF, 0xFF, 0xFF,
    0xFF, 0xFF, 0xFF, 0xFF, 0xFF, 0xFF, 0xFF, 0xFF, 0xFF, 0xFF, 0xFF, 0xFF, 0xFF, 0xFF, 0xFF, 0xFF,
    0xFF, 0xFF, 0xFF, 0xFF, 0xFF, 0xFF, 0xFF, 0xFF, 0xFF, 0xFF, 0xFF, 0xFF, 0xFF, 0xFF, 0xFF, 0xFF,
    0xFF, 0xFF, 0xFF, 0xFF, 0xFF, 0xFF, 0xFF, 0xFF, 0xFF, 0xFF, 0xFF, 0xFF, 0xFF, 0xFF, 0xFF, 0xFF,
    0xFF, 0xFF, 0xFF, 0xFF, 0xFF, 0xFF, 0xFF, 0xFF, 0xFF, 0xFF, 0xFF, 0xFF, 0xFF, 0xFF, 0xFF, 0xFF,
    0xFF, 0xFF, 0xFF, 0xFF, 0xFF, 0xFF, 0xFF, 0xFF, 0xFF, 0xFF, 0xFF, 0xFF, 0xFF, 0xFF, 0xFF, 0xFF,
    0xFF, 0xFF, 0xFF, 0xFF, 0xFF, 0xFF, 0xFF, 0xFF, 0xFF, 0xFF, 0xFF, 0xFF, 0xFF, 0xFF, 0xFF, 0xFF,
    0xFF, 0xFF, 0xFF, 0xFF, 0xFF, 0xFF, 0xFF, 0xFF, 0xFF, 0xFF, 0xFF, 0xFF, 0xFF, 0xFF, 0xFF, 0xFF,
    0xFF, 0xFF, 0xFF, 0xFF, 0xFF, 0xFF, 0xFF, 0xFF, 0xFF, 0xFF, 0xFF, 0xFF, 0xFF, 0xFF, 0xFF, 0xFF,
    0xFF, 0xFF, 0xFF, 0xFF, 0xFF, 0xFF, 0xFF, 0xFF, 0xFF, 0xFF, 0xFF, 0xFF, 0xFF, 0xFF, 0xFF, 0xFF,
    0xFF, 0xFF, 0xFF, 0xFF, 0xFF, 0xFF, 0xFF, 0xFF, 0xFF, 0xFF, 0xFF, 0xFF, 0xFF, 0xFF, 0xFF, 0xFF,
    0xFF, 0xFF, 0xFF, 0xFF, 0xFF, 0xFF, 0xFF, 0xFF, 0xFF, 0xFF, 0xFF, 0xFF, 0xFF, 0xFF, 0xFF, 0xFF,
    0xFF, 0xFF, 0xFF, 0xFF, 0xFF, 0xFF, 0xFF, 0xFF, 0xFF, 0xFF, 0xFF, 0xFF, 0xFF, 0xFF, 0xFF, 0xFF,
    0xFF, 0xFF, 0xFF, 0xFF, 0xFF, 0xFF, 0xFF, 0xFF, 0xFF, 0xFF, 0xFF, 0xFF, 0xFF, 0xFF, 0xFF, 0xFF,
    0xFF, 0xFF, 0xFF, 0xFF, 0xFF, 0xFF, 0xFF, 0xFF, 0xFF, 0xFF, 0xFF, 0xFF, 0xFF, 0xFF, 0xFF, 0xFF,
    0xFF, 0xFF, 0xFF, 0xFF, 0xFF, 0xFF, 0xFF, 0xFF, 0xFF, 0xFF, 0xFF, 0xFF, 0xFF, 0xFF, 0xFF, 0xFF,
    0xFF, 0xFF, 0xFF, 0xFF, 0xFF, 0xFF, 0xFF, 0xFF, 0xFF, 0xFF, 0xFF, 0xFF, 0xFF, 0xFF, 0xFF, 0xFF,
    0xFF, 0xFF, 0xFF, 0xFF, 0xFF, 0xFF, 0xFF, 0xFF, 0xFF, 0xFF, 0xFF, 0xFF, 0xFF, 0xFF, 0xFF, 0xFF,
    0xFF, 0xFF, 0xFF, 0xFF, 0xFF, 0xFF, 0xFF, 0xFF, 0xFF, 0xFF, 0xFF, 0xFF, 0xFF, 0xFF, 0xFF, 0xFF,
    0xFF, 0xFF, 0xFF, 0xFF, 0xFF, 0xFF, 0xFF, 0xFF, 0xFF, 0xFF, 0xFF, 0xFF, 0xFF, 0xFF, 0xFF, 0xFF,
    0xFF, 0xFF, 0xFF, 0xFF, 0xFF, 0xFF, 0xFF, 0xFF, 0xFF, 0xFF, 0xFF, 0xFF, 0xFF, 0xFF, 0xFF, 0xFF,
    0xFF, 0xFF, 0xFF, 0xFF, 0xFF, 0xFF, 0xFF, 0xFF, 0xFF, 0xFF, 0xFF, 0xFF, 0xFF, 0xFF, 0xFF, 0xFF,
    0xFF, 0xFF, 0xFF, 0xFF, 0xFF, 0xFF, 0xFF, 0xFF, 0xFF, 0xFF, 0xFF, 0xFF, 0xFF, 0xFF, 0xFF, 0xFF,
    0xFF, 0xFF, 0xFF, 0xFF, 0xFF, 0xFF, 0xFF, 0xFF, 0xFF, 0xFF, 0xFF, 0xFF, 0xFF, 0xFF, 0xFF, 0xFF,
    0xFF, 0xFF, 0xFF, 0xFF, 0xFF, 0xFF, 0xFF, 0xFF, 0xFF, 0xFF, 0xFF, 0xFF, 0xFF, 0xFF, 0xFF, 0xFF,
    0xFF, 0xFF, 0xFF, 0xFF, 0xFF, 0xFF, 0xFF, 0xFF, 0xFF, 0xFF, 0xFF, 0xFF, 0xFF, 0xFF, 0xFF, 0xFF,
    0xFF, 0xFF, 0xFF, 0xFF, 0xFF, 0xFF, 0xFF, 0xFF, 0xFF, 0xFF, 0xFF, 0xFF, 0xFF, 0xFF, 0xFF, 0xFF,
    0xFF, 0xFF, 0xFF, 0xFF, 0xFF, 0xFF, 0xFF, 0xFF, 0xFF, 0xFF, 0xFF, 0xFF, 0xFF, 0xFF, 0xFF, 0xFF,
    0xFF, 0xFF, 0xFF, 0xFF, 0xFF, 0xFF, 0xFF, 0xFF, 0xFF, 0xFF, 0xFF, 0xFF, 0xFF, 0xFF, 0xFF, 0xFF,
    0xFF, 0xFF, 0xFF, 0xFF, 0xFF, 0xFF, 0xFF, 0xFF, 0xFF, 0xFF, 0xFF, 0xFF, 0xFF, 0xFF, 0xFF, 0xFF,
    0xFF, 0xFF, 0xFF, 0xFF, 0xFF, 0xFF, 0xFF, 0xFF, 0xFF, 0xFF, 0xFF, 0xFF, 0xFF, 0xFF, 0xFF, 0xFF,
    0xFF, 0xFF, 0xFF, 0xFF, 0xFF, 0xFF, 0xFF, 0xFF, 0xFF, 0xFF, 0xFF, 0xFF, 0xFF, 0xFF, 0xFF, 0xFF,
    0xFF, 0xFF, 0xFF, 0xFF, 0xFF, 0xFF, 0xFF, 0xFF, 0xFF, 0xFF, 0xFF, 0xFF, 0xFF, 0xFF, 0xFF, 0xFF,
    0xFF, 0xFF, 0xFF, 0xFF, 0xFF, 0xFF, 0xFF, 0xFF, 0xFF, 0xFF, 0xFF, 0xFF, 0xFF, 0xFF, 0xFF, 0xFF,
    0xFF, 0xFF, 0xFF, 0xFF, 0xFF, 0xFF, 0xFF, 0xFF, 0xFF, 0xFF, 0xFF, 0xFF, 0xFF, 0xFF, 0xFF, 0xFF,
    0xFF, 0xFF, 0xFF, 0xFF, 0xFF, 0xFF, 0xFF, 0xFF, 0xFF, 0xFF, 0xFF, 0xFF, 0xFF, 0xFF, 0xFF, 0xFF,
    0xFF, 0xFF, 0xFF, 0xFF, 0xFF, 0xFF, 0xFF, 0xFF, 0xFF, 0xFF, 0xFF, 0xFF, 0xFF, 0xFF, 0xFF, 0xFF,
    0xFF, 0xFF, 0xFF, 0xFF, 0xFF, 0xFF, 0xFF, 0xFF, 0xFF, 0xFF, 0xFF, 0xFF, 0xFF, 0xFF, 0xFF, 0xFF,
    0xFF, 0xFF, 0xFF, 0xFF, 0xFF, 0xFF, 0xFF, 0xFF, 0xFF, 0xFF, 0xFF, 0xFF, 0xFF, 0xFF, 0xFF, 0xFF,
    0xFF, 0xFF, 0xFF, 0xFF, 0xFF, 0xFF, 0xFF, 0xFF, 0xFF, 0xFF, 0xFF, 0xFF, 0xFF, 0xFF, 0xFF, 0xFF,
    0xFF, 0xFF, 0xFF, 0xFF, 0xFF, 0xFF, 0xFF, 0xFF, 0xFF, 0xFF, 0xFF, 0xFF, 0xFF, 0xFF, 0xFF, 0xFF,
    0xFF, 0xFF, 0xFF, 0xFF, 0xFF, 0xFF, 0xFF, 0xFF, 0xFF, 0xFF, 0xFF, 0xFF, 0xFF, 0xFF, 0xFF, 0xFF,
    0xFF, 0xFF, 0xFF, 0xFF, 0xFF, 0xFF, 0xFF, 0xFF, 0xFF, 0xFF, 0xFF, 0xFF, 0xFF, 0xFF, 0xFF, 0xFF,
    0xFF, 0xFF, 0xFF, 0xFF, 0xFF, 0xFF, 0xFF, 0xFF, 0xFF, 0xFF, 0xFF, 0xFF, 0xFF, 0xFF, 0xFF, 0xFF,
    0xFF, 0xFF, 0xFF, 0xFF, 0xFF, 0xFF, 0xFF, 0xFF, 0xFF, 0xFF, 0xFF, 0xFF, 0xFF, 0xFF, 0xFF, 0xFF,
    0xFF, 0xFF, 0xFF, 0xFF, 0xFF, 0xFF, 0xFF, 0xFF, 0xFF, 0xFF, 0xFF, 0xFF, 0xFF, 0xFF, 0xFF, 0xFF,
    0xFF, 0xFF, 0xFF, 0xFF, 0xFF, 0xFF, 0xFF, 0xFF, 0xFF, 0xFF, 0xFF, 0xFF, 0xFF, 0xFF, 0xFF, 0xFF,
    0xFF, 0xFF, 0xFF, 0xFF, 0xFF, 0xFF, 0xFF, 0xFF, 0xFF, 0xFF, 0xFF, 0xFF, 0xFF, 0xFF, 0xFF, 0xFF,
    0xFF, 0xFF, 0xFF, 0xFF, 0xFF, 0xFF, 0xFF, 0xFF, 0xFF, 0xFF, 0xFF, 0xFF, 0xFF, 0xFF, 0xFF, 0xFF,
    0xFF, 0xFF, 0xFF, 0xFF, 0xFF, 0xFF, 0xFF, 0xFF, 0xFF, 0xFF, 0xFF, 0xFF, 0xFF, 0xFF, 0xFF, 0xFF,
    0xFF, 0xFF, 0xFF, 0xFF, 0xFF, 0xFF, 0xFF, 0xFF, 0xFF, 0xFF, 0xFF, 0xFF, 0xFF, 0xFF, 0xFF, 0xFF,
    0xFF, 0xFF, 0xFF, 0xFF, 0xFF, 0xFF, 0xFF, 0xFF, 0xFF, 0xFF, 0xFF, 0xFF, 0xFF, 0xFF, 0xFF, 0xFF,
    0xFF, 0xFF, 0xFF, 0xFF, 0xFF, 0xFF, 0xFF, 0xFF, 0xFF, 0xFF, 0xFF, 0xFF, 0xFF, 0xFF, 0xFF, 0xFF,
    0xFF, 0xFF, 0xFF, 0xFF, 0xFF, 0xFF, 0xFF, 0xFF, 0xFF, 0xFF, 0xFF, 0xFF, 0xFF, 0xFF, 0xFF, 0xFF,
    0xFF, 0xFF, 0xFF, 0xFF, 0xFF, 0xFF, 0xFF, 0xFF, 0xFF, 0xFF, 0xFF, 0xFF, 0xFF, 0xFF, 0xFF, 0xFF,
    0xFF, 0xFF, 0xFF, 0xFF, 0xFF, 0xFF, 0xFF, 0xFF, 0xFF, 0xFF, 0xFF, 0xFF, 0xFF, 0xFF, 0xFF, 0xFF,
    0xFF, 0xFF, 0xFF, 0xFF, 0xFF, 0xFF, 0xFF, 0xFF, 0xFF, 0xFF, 0xFF, 0xFF, 0xFF, 0xFF, 0xFF, 0xFF,
    0xFF, 0xFF, 0xFF, 0xFF, 0xFF, 0xFF, 0xFF, 0xFF, 0xFF, 0xFF, 0xFF, 0xFF, 0xFF, 0xFF, 0xFF, 0xFF,
    0xFF, 0xFF, 0xFF, 0xFF, 0xFF, 0xFF, 0xFF, 0xFF, 0xFF, 0xFF, 0xFF, 0xFF, 0xFF, 0xFF, 0xFF, 0xFF,
    0xFF, 0xFF, 0xFF, 0xFF, 0xFF, 0xFF, 0xFF, 0xFF, 0xFF, 0xFF, 0xFF, 0xFF, 0xFF, 0xFF, 0xFF, 0xFF,
    0xFF, 0xFF, 0xFF, 0xFF, 0xFF, 0xFF, 0xFF, 0xFF, 0xFF, 0xFF, 0xFF, 0xFF, 0xFF, 0xFF, 0xFF, 0xFF,
    0xFF, 0xFF, 0xFF, 0xFF, 0xFF, 0xFF, 0xFF, 0xFF, 0xFF, 0xFF, 0xFF, 0xFF, 0xFF, 0xFF, 0xFF, 0xFF,
    0xFF, 0xFF, 0xFF, 0xFF, 0xFF, 0xFF, 0xFF, 0xFF, 0xFF, 0xFF, 0xFF, 0xFF, 0xFF, 0xFF, 0xFF, 0xFF,
    0xFF, 0xFF, 0xFF, 0xFF, 0xFF, 0xFF, 0xFF, 0xFF, 0xFF, 0xFF, 0xFF, 0xFF, 0xFF, 0xFF, 0xFF, 0xFF,
    0xFF, 0xFF, 0xFF, 0xFF, 0xFF, 0xFF, 0xFF, 0xFF, 0xFF, 0xFF, 0xFF, 0xFF, 0xFF, 0xFF, 0xFF, 0xFF,
    0xFF, 0xFF, 0xFF, 0xFF, 0xFF, 0xFF, 0xFF, 0xFF, 0xFF, 0xFF, 0xFF, 0xFF, 0xFF, 0xFF, 0xFF, 0xFF,
    0xFF, 0xFF, 0xFF, 0xFF, 0xFF, 0xFF, 0xFF, 0xFF, 0xFF, 0xFF, 0xFF, 0xFF, 0xFF, 0xFF, 0xFF, 0xFF,
    0xFF, 0xFF, 0xFF, 0xFF, 0xFF, 0xFF, 0xFF, 0xFF, 0xFF, 0xFF, 0xFF, 0xFF, 0xFF, 0xFF, 0xFF, 0xFF,
    0xFF, 0xFF, 0xFF, 0xFF, 0xFF, 0xFF, 0xFF, 0xFF, 0xFF, 0xFF, 0xFF, 0xFF, 0xFF, 0xFF, 0xFF, 0xFF,
    0xFF, 0xFF, 0xFF, 0xFF, 0xFF, 0xFF, 0xFF, 0xFF, 0xFF, 0xFF, 0xFF, 0xFF, 0xFF, 0xFF, 0xFF, 0xFF,
    0xFF, 0xFF, 0xFF, 0xFF, 0xFF, 0xFF, 0xFF, 0xFF, 0xFF, 0xFF, 0xFF, 0xFF, 0xFF, 0xFF, 0xFF, 0xFF,
    0xFF, 0xFF, 0xFF, 0xFF, 0xFF, 0xFF, 0xFF, 0xFF, 0xFF, 0xFF, 0xFF, 0xFF, 0xFF, 0xFF, 0xFF, 0xFF,
    0xFF, 0xFF, 0xFF, 0xFF, 0xFF, 0xFF, 0xFF, 0xFF, 0xFF, 0xFF, 0xFF, 0xFF, 0xFF, 0xFF, 0xFF, 0xFF,
    0xFF, 0xFF, 0xFF, 0xFF, 0xFF, 0xFF, 0xFF, 0xFF, 0xFF, 0xFF, 0xFF, 0xFF, 0xFF, 0xFF, 0xFF, 0xFF,
    0xFF, 0xFF, 0xFF, 0xFF, 0xFF, 0xFF, 0xFF, 0xFF, 0xFF, 0xFF, 0xFF, 0xFF, 0xFF, 0xFF, 0xFF, 0xFF,
    0xFF, 0xFF, 0xFF, 0xFF, 0xFF, 0xFF, 0xFF, 0xFF, 0xFF, 0xFF, 0xFF, 0xFF, 0xFF, 0xFF, 0xFF, 0xFF,
    0xFF, 0xFF, 0xFF, 0xFF, 0xFF, 0xFF, 0xFF, 0xFF, 0xFF, 0xFF, 0xFF, 0xFF, 0xFF, 0xFF, 0xFF, 0xFF,
    0xFF, 0xFF, 0xFF, 0xFF, 0xFF, 0xFF, 0xFF, 0xFF, 0xFF, 0xFF, 0xFF, 0xFF, 0xFF, 0xFF, 0xFF, 0xFF,
    0xFF, 0xFF, 0xFF, 0xFF, 0xFF, 0xFF, 0xFF, 0xFF, 0xFF, 0xFF, 0xFF, 0xFF, 0xFF, 0xFF, 0xFF, 0xFF,
    0xFF, 0xFF, 0xFF, 0xFF, 0xFF, 0xFF, 0xFF, 0xFF, 0xFF, 0xFF, 0xFF, 0xFF, 0xFF, 0xFF, 0xFF, 0xFF,
    0xFF, 0xFF, 0xFF, 0xFF, 0xFF, 0xFF, 0xFF, 0xFF, 0xFF, 0xFF, 0xFF, 0xFF, 0xFF, 0xFF, 0xFF, 0xFF,
    0xFF, 0xFF, 0xFF, 0xFF, 0xFF, 0xFF, 0xFF, 0xFF, 0xFF, 0xFF, 0xFF, 0xFF, 0xFF, 0xFF, 0xFF, 0xFF,
    0xFF, 0xFF, 0xFF, 0xFF, 0xFF, 0xFF, 0xFF, 0xFF, 0xFF, 0xFF, 0xFF, 0xFF, 0xFF, 0xFF, 0xFF, 0xFF,
    0xFF, 0xFF, 0xFF, 0xFF, 0xFF, 0xFF, 0xFF, 0xFF, 0xFF, 0xFF, 0xFF, 0xFF, 0xFF, 0xFF, 0xFF, 0xFF,
    0xFF, 0xFF, 0xFF, 0xFF, 0xFF, 0xFF, 0xFF, 0xFF, 0xFF, 0xFF, 0xFF, 0xFF, 0xFF, 0xFF, 0xFF, 0xFF,
    0xFF, 0xFF, 0xFF, 0xFF, 0xFF, 0xFF, 0xFF, 0xFF, 0xFF, 0xFF, 0xFF, 0xFF, 0xFF, 0xFF, 0xFF, 0xFF,
    0xFF, 0xFF, 0xFF, 0xFF, 0xFF, 0xFF, 0xFF, 0xFF, 0xFF, 0xFF, 0xFF, 0xFF, 0xFF, 0xFF, 0xFF, 0xFF,
    0xFF, 0xFF, 0xFF, 0xFF, 0xFF, 0xFF, 0xFF, 0xFF, 0xFF, 0xFF, 0xFF, 0xFF, 0xFF, 0xFF, 0xFF, 0xFF,
    0xFF, 0xFF, 0xFF, 0xFF, 0xFF, 0xFF, 0xFF, 0xFF, 0xFF, 0xFF, 0xFF, 0xFF, 0xFF, 0xFF, 0xFF, 0xFF,
    0xFF, 0xFF, 0xFF, 0xFF, 0xFF, 0xFF, 0xFF, 0xFF, 0xFF, 0xFF, 0xFF, 0xFF, 0xFF, 0xFF, 0xFF, 0xFF,
    0xFF, 0xFF, 0xFF, 0xFF, 0xFF, 0xFF, 0xFF, 0xFF, 0xFF, 0xFF, 0xFF, 0xFF, 0xFF, 0xFF, 0xFF, 0xFF,
    0xFF, 0xFF, 0xFF, 0xFF, 0xFF, 0xFF, 0xFF, 0xFF, 0xFF, 0xFF, 0xFF, 0xFF, 0xFF, 0xFF, 0xFF, 0xFF,
    0xFF, 0xFF, 0xFF, 0xFF, 0xFF, 0xFF, 0xFF, 0xFF, 0xFF, 0xFF, 0xFF, 0xFF, 0xFF, 0xFF, 0xFF, 0xFF,
    0xFF, 0xFF, 0xFF, 0xFF, 0xFF, 0xFF, 0xFF, 0xFF, 0xFF, 0xFF, 0xFF, 0xFF, 0xFF, 0xFF, 0xFF, 0xFF,
    0xFF, 0xFF, 0xFF, 0xFF, 0xFF, 0xFF, 0xFF, 0xFF, 0xFF, 0xFF, 0xFF, 0xFF, 0xFF, 0xFF, 0xFF, 0xFF,
    0xFF, 0xFF, 0xFF, 0xFF, 0xFF, 0xFF, 0xFF, 0xFF, 0xFF, 0xFF, 0xFF, 0xFF, 0xFF, 0xFF, 0xFF, 0xFF,
    0xFF, 0xFF, 0xFF, 0xFF, 0xFF, 0xFF, 0xFF, 0xFF, 0xFF, 0xFF, 0xFF, 0xFF, 0xFF, 0xFF, 0xFF, 0xFF,
    0xFF, 0xFF, 0xFF, 0xFF, 0xFF, 0xFF, 0xFF, 0xFF, 0xFF, 0xFF, 0xFF, 0xFF, 0xFF, 0xFF, 0xFF, 0xFF,
    0xFF, 0xFF, 0xFF, 0xFF, 0xFF, 0xFF, 0xFF, 0xFF, 0xFF, 0xFF, 0xFF, 0xFF, 0xFF, 0xFF, 0xFF, 0xFF,
    0xFF, 0xFF, 0xFF, 0xFF, 0xFF, 0xFF, 0xFF, 0xFF, 0xFF, 0xFF, 0xFF, 0xFF, 0xFF, 0xFF, 0xFF, 0xFF,
    0xFF, 0xFF, 0xFF, 0xFF, 0xFF, 0xFF, 0xFF, 0xFF, 0xFF, 0xFF, 0xFF, 0xFF, 0xFF, 0xFF, 0xFF, 0xFF,
    0xFF, 0xFF, 0xFF, 0xFF, 0xFF, 0xFF, 0xFF, 0xFF, 0xFF, 0xFF, 0xFF, 0xFF, 0xFF, 0xFF, 0xFF, 0xFF,
    0xFF, 0xFF, 0xFF, 0xFF, 0xFF, 0xFF, 0xFF, 0xFF, 0xFF, 0xFF, 0xFF, 0xFF, 0xFF, 0xFF, 0xFF, 0xFF,
    0xFF, 0xFF, 0xFF, 0xFF, 0xFF, 0xFF, 0xFF, 0xFF, 0xFF, 0xFF, 0xFF, 0xFF, 0xFF, 0xFF, 0xFF, 0xFF,
    0xFF, 0xFF, 0xFF, 0xFF, 0xFF, 0xFF, 0xFF, 0xFF, 0xFF, 0xFF, 0xFF, 0xFF, 0xFF, 0xFF, 0xFF, 0xFF,
    0xFF, 0xFF, 0xFF, 0xFF, 0xFF, 0xFF, 0xFF, 0xFF, 0xFF, 0xFF, 0xFF, 0xFF, 0xFF, 0xFF, 0xFF, 0xFF,
    0xFF, 0xFF, 0xFF, 0xFF, 0xFF, 0xFF, 0xFF, 0xFF, 0xFF, 0xFF, 0xFF, 0xFF, 0xFF, 0xFF, 0xFF, 0xFF,
    0xFF, 0xFF, 0xFF, 0xFF, 0xFF, 0xFF, 0xFF, 0xFF, 0xFF, 0xFF, 0xFF, 0xFF, 0xFF, 0xFF, 0xFF, 0xFF,
    0xFF, 0xFF, 0xFF, 0xFF, 0xFF, 0xFF, 0xFF, 0xFF, 0xFF, 0xFF, 0xFF, 0xFF, 0xFF, 0xFF, 0xFF, 0xFF,
    0xFF, 0xFF, 0xFF, 0xFF, 0xFF, 0xFF, 0xFF, 0xFF, 0xFF, 0xFF, 0xFF, 0xFF, 0xFF, 0xFF, 0xFF, 0xFF,
    0xFF, 0xFF, 0xFF, 0xFF, 0xFF, 0xFF, 0xFF, 0xFF, 0xFF, 0xFF, 0xFF, 0xFF, 0xFF, 0xFF, 0xFF, 0xFF,
    0xFF, 0xFF, 0xFF, 0xFF, 0xFF, 0xFF, 0xFF, 0xFF, 0xFF, 0xFF, 0xFF, 0xFF, 0xFF, 0xFF, 0xFF, 0xFF,
    0xFF, 0xFF, 0xFF, 0xFF, 0xFF, 0xFF, 0xFF, 0xFF, 0xFF, 0xFF, 0xFF, 0xFF, 0xFF, 0xFF, 0xFF, 0xFF,
    0xFF, 0xFF, 0xFF, 0xFF, 0xFF, 0xFF, 0xFF, 0xFF, 0xFF, 0xFF, 0xFF, 0xFF, 0xFF, 0xFF, 0xFF, 0xFF,
    0xFF, 0xFF, 0xFF, 0xFF, 0xFF, 0xFF, 0xFF, 0xFF, 0xFF, 0xFF, 0xFF, 0xFF, 0xFF, 0xFF, 0xFF, 0xFF,
    0xFF, 0xFF, 0xFF, 0xFF, 0xFF, 0xFF, 0xFF, 0xFF, 0xFF, 0xFF, 0xFF, 0xFF, 0xFF, 0xFF, 0xFF, 0xFF,
    0xFF, 0xFF, 0xFF, 0xFF, 0xFF, 0xFF, 0xFF, 0xFF, 0xFF, 0xFF, 0xFF, 0xFF, 0xFF, 0xFF, 0xFF, 0xFF,
    0xFF, 0xFF, 0xFF, 0xFF, 0xFF, 0xFF, 0xFF, 0xFF, 0xFF, 0xFF, 0xFF, 0xFF, 0xFF, 0xFF, 0xFF, 0xFF,
    0xFF, 0xFF, 0xFF, 0xFF, 0xFF, 0xFF, 0xFF, 0xFF, 0xFF, 0xFF, 0xFF, 0xFF, 0xFF, 0xFF, 0xFF, 0xFF,
    0xFF, 0xFF, 0xFF, 0xFF, 0xFF, 0xFF, 0xFF, 0xFF, 0xFF, 0xFF, 0xFF, 0xFF, 0xFF, 0xFF, 0xFF, 0xFF,
    0xFF, 0xFF, 0xFF, 0xFF, 0xFF, 0xFF, 0xFF, 0xFF, 0xFF, 0xFF, 0xFF, 0xFF, 0xFF, 0xFF, 0xFF, 0xFF,
    0xFF, 0xFF, 0xFF, 0xFF, 0xFF, 0xFF, 0xFF, 0xFF, 0xFF, 0xFF, 0xFF, 0xFF, 0xFF, 0xFF, 0xFF, 0xFF,
    0xFF, 0xFF, 0xFF, 0xFF, 0xFF, 0xFF, 0xFF, 0xFF, 0xFF, 0xFF, 0xFF, 0xFF, 0xFF, 0xFF, 0xFF, 0xFF,
    0xFF, 0xFF, 0xFF, 0xFF, 0xFF, 0xFF, 0xFF, 0xFF, 0xFF, 0xFF, 0xFF, 0xFF, 0xFF, 0xFF, 0xFF, 0xFF,
    0xFF, 0xFF, 0xFF, 0xFF, 0xFF, 0xFF, 0xFF, 0xFF, 0xFF, 0xFF, 0xFF, 0xFF, 0xFF, 0xFF, 0xFF, 0xFF,
    0xFF, 0xFF, 0xFF, 0xFF, 0xFF, 0xFF, 0xFF, 0xFF, 0xFF, 0xFF, 0xFF, 0xFF, 0xFF, 0xFF, 0xFF, 0xFF,
    0xFF, 0xFF, 0xFF, 0xFF, 0xFF, 0xFF, 0xFF, 0xFF, 0xFF, 0xFF, 0xFF, 0xFF, 0xFF, 0xFF, 0xFF, 0xFF,
    0xFF, 0xFF, 0xFF, 0xFF, 0xFF, 0xFF, 0xFF, 0xFF, 0xFF, 0xFF, 0xFF, 0xFF, 0xFF, 0xFF, 0xFF, 0xFF,
    0xFF, 0xFF, 0xFF, 0xFF, 0xFF, 0xFF, 0xFF, 0xFF, 0xFF, 0xFF, 0xFF, 0xFF, 0xFF, 0xFF, 0xFF, 0xFF,
    0xFF, 0xFF, 0xFF, 0xFF, 0xFF, 0xFF, 0xFF, 0xFF, 0xFF, 0xFF, 0xFF, 0xFF, 0xFF, 0xFF, 0xFF, 0xFF,
    0xFF, 0xFF, 0xFF, 0xFF, 0xFF, 0xFF, 0xFF, 0xFF, 0xFF, 0xFF, 0xFF, 0xFF, 0xFF, 0xFF, 0xFF, 0xFF,
    0xFF, 0xFF, 0xFF, 0xFF, 0xFF, 0xFF, 0xFF, 0xFF, 0xFF, 0xFF, 0xFF, 0xFF, 0xFF, 0xFF, 0xFF, 0xFF,
    0xFF, 0xFF, 0xFF, 0xFF, 0xFF, 0xFF, 0xFF, 0xFF, 0xFF, 0xFF, 0xFF, 0xFF, 0xFF, 0xFF, 0xFF, 0xFF,
    0xFF, 0xFF, 0xFF, 0xFF, 0xFF, 0xFF, 0xFF, 0xFF, 0xFF, 0xFF, 0xFF, 0xFF, 0xFF, 0xFF, 0xFF, 0xFF,
    0xFF, 0xFF, 0xFF, 0xFF, 0xFF, 0xFF, 0xFF, 0xFF, 0xFF, 0xFF, 0xFF, 0xFF, 0xFF, 0xFF, 0xFF, 0xFF,
    0xFF, 0xFF, 0xFF, 0xFF, 0xFF, 0xFF, 0xFF, 0xFF, 0xFF, 0xFF, 0xFF, 0xFF, 0xFF, 0xFF, 0xFF, 0xFF,
    0xFF, 0xFF, 0xFF, 0xFF, 0xFF, 0xFF, 0xFF, 0xFF, 0xFF, 0xFF, 0xFF, 0xFF, 0xFF, 0xFF, 0xFF, 0xFF,
    0xFF, 0xFF, 0xFF, 0xFF, 0xFF, 0xFF, 0xFF, 0xFF, 0xFF, 0xFF, 0xFF, 0xFF, 0xFF, 0xFF, 0xFF, 0xFF,
    0xFF, 0xFF, 0xFF, 0xFF, 0xFF, 0xFF, 0xFF, 0xFF, 0xFF, 0xFF, 0xFF, 0xFF, 0xFF, 0xFF, 0xFF, 0xFF,
    0xFF, 0xFF, 0xFF, 0xFF, 0xFF, 0xFF, 0xFF, 0xFF, 0xFF, 0xFF, 0xFF, 0xFF, 0xFF, 0xFF, 0xFF, 0xFF,
    0xFF, 0xFF, 0xFF, 0xFF, 0xFF, 0xFF, 0xFF, 0xFF, 0xFF, 0xFF, 0xFF, 0xFF, 0xFF, 0xFF, 0xFF, 0xFF,
    0xFF, 0xFF, 0xFF, 0xFF, 0xFF, 0xFF, 0xFF, 0xFF, 0xFF, 0xFF, 0xFF, 0xFF, 0xFF, 0xFF, 0xFF, 0xFF,
    0xFF, 0xFF, 0xFF, 0xFF, 0xFF, 0xFF, 0xFF, 0xFF, 0xFF, 0xFF, 0xFF, 0xFF, 0xFF, 0xFF, 0xFF, 0xFF,
    0xFF, 0xFF, 0xFF, 0xFF, 0xFF, 0xFF, 0xFF, 0xFF, 0xFF, 0xFF, 0xFF, 0xFF, 0xFF, 0xFF, 0xFF, 0xFF,
    0xFF, 0xFF, 0xFF, 0xFF, 0xFF, 0xFF, 0xFF, 0xFF, 0xFF, 0xFF, 0xFF, 0xFF, 0xFF, 0xFF, 0xFF, 0xFF,
    0xFF, 0xFF, 0xFF, 0xFF, 0xFF, 0xFF, 0xFF, 0xFF, 0xFF, 0xFF, 0xFF, 0xFF, 0xFF, 0xFF, 0xFF, 0xFF,
    0xFF, 0xFF, 0xFF, 0xFF, 0xFF, 0xFF, 0xFF, 0xFF, 0xFF, 0xFF, 0xFF, 0xFF, 0xFF, 0xFF, 0xFF, 0xFF,
    0xFF, 0xFF, 0xFF, 0xFF, 0xFF, 0xFF, 0xFF, 0xFF, 0xFF, 0xFF, 0xFF, 0xFF, 0xFF, 0xFF, 0xFF, 0xFF,
    0xFF, 0xFF, 0xFF, 0xFF, 0xFF, 0xFF, 0xFF, 0xFF, 0xFF, 0xFF, 0xFF, 0xFF, 0xFF, 0xFF, 0xFF, 0xFF,
    0xFF, 0xFF, 0xFF, 0xFF, 0xFF, 0xFF, 0xFF, 0xFF, 0xFF, 0xFF, 0xFF, 0xFF, 0xFF, 0xFF, 0xFF, 0xFF,
    0xFF, 0xFF, 0xFF, 0xFF, 0xFF, 0xFF, 0xFF, 0xFF, 0xFF, 0xFF, 0xFF, 0xFF, 0xFF, 0xFF, 0xFF, 0xFF,
    0xFF, 0xFF, 0xFF, 0xFF, 0xFF, 0xFF, 0xFF, 0xFF, 0xFF, 0xFF, 0xFF, 0xFF, 0xFF, 0xFF, 0xFF, 0xFF,
    0xFF, 0xFF, 0xFF, 0xFF, 0xFF, 0xFF, 0xFF, 0xFF, 0xFF, 0xFF, 0xFF, 0xFF, 0xFF, 0xFF, 0xFF, 0xFF,
    0xFF, 0xFF, 0xFF, 0xFF, 0xFF, 0xFF, 0xFF, 0xFF, 0xFF, 0xFF, 0xFF, 0xFF, 0xFF, 0xFF, 0xFF, 0xFF,
    0xFF, 0xFF, 0xFF, 0xFF, 0xFF, 0xFF, 0xFF, 0xFF, 0xFF, 0xFF, 0xFF, 0xFF, 0xFF, 0xFF, 0xFF, 0xFF,
    0xFF, 0xFF, 0xFF, 0xFF, 0xFF, 0xFF, 0xFF, 0xFF, 0xFF, 0xFF, 0xFF, 0xFF, 0xFF, 0xFF, 0xFF, 0xFF,
    0xFF, 0xFF, 0xFF, 0xFF, 0xFF, 0xFF, 0xFF, 0xFF, 0xFF, 0xFF, 0xFF, 0xFF, 0xFF, 0xFF, 0xFF, 0xFF,
    0xFF, 0xFF, 0xFF, 0xFF, 0xFF, 0xFF, 0xFF, 0xFF, 0xFF, 0xFF, 0xFF, 0xFF, 0xFF, 0xFF, 0xFF, 0xFF,
    0xFF, 0xFF, 0xFF, 0xFF, 0xFF, 0xFF, 0xFF, 0xFF, 0xFF, 0xFF, 0xFF, 0xFF, 0xFF, 0xFF, 0xFF, 0xFF,
    0xFF, 0xFF, 0xFF, 0xFF, 0xFF, 0xFF, 0xFF, 0xFF, 0xFF, 0xFF, 0xFF, 0xFF, 0xFF, 0xFF, 0xFF, 0xFF,
    0xFF, 0xFF, 0xFF, 0xFF, 0xFF, 0xFF, 0xFF, 0xFF, 0xFF, 0xFF, 0xFF, 0xFF, 0xFF, 0xFF, 0xFF, 0xFF,
    0xFF, 0xFF, 0xFF, 0xFF, 0xFF, 0xFF, 0xFF, 0xFF, 0xFF, 0xFF, 0xFF, 0xFF, 0xFF, 0xFF, 0xFF, 0xFF,
    0xFF, 0xFF, 0xFF, 0xFF, 0xFF, 0xFF, 0xFF, 0xFF, 0xFF, 0xFF, 0xFF, 0xFF, 0xFF, 0xFF, 0xFF, 0xFF,
    0xFF, 0xFF, 0xFF, 0xFF, 0xFF, 0xFF, 0xFF, 0xFF, 0xFF, 0xFF, 0xFF, 0xFF, 0xFF, 0xFF, 0xFF, 0xFF,
    0xFF, 0xFF, 0xFF, 0xFF, 0xFF, 0xFF, 0xFF, 0xFF, 0xFF, 0xFF, 0xFF, 0xFF, 0xFF, 0xFF, 0xFF, 0xFF,
    0xFF, 0xFF, 0xFF, 0xFF, 0xFF, 0xFF, 0xFF, 0xFF, 0xFF, 0xFF, 0xFF, 0xFF, 0xFF, 0xFF, 0xFF, 0xFF,
    0xFF, 0xFF, 0xFF, 0xFF, 0xFF, 0xFF, 0xFF, 0xFF, 0xFF, 0xFF, 0xFF, 0xFF, 0xFF, 0xFF, 0xFF, 0xFF,
    0xFF, 0xFF, 0xFF, 0xFF, 0xFF, 0xFF, 0xFF, 0xFF, 0xFF, 0xFF, 0xFF, 0xFF, 0xFF, 0xFF, 0xFF, 0xFF,
    0xFF, 0xFF, 0xFF, 0xFF, 0xFF, 0xFF, 0xFF, 0xFF, 0xFF, 0xFF, 0xFF, 0xFF, 0xFF, 0xFF, 0xFF, 0xFF,
    0xFF, 0xFF, 0xFF, 0xFF, 0xFF, 0xFF, 0xFF, 0xFF, 0xFF, 0xFF, 0xFF, 0xFF, 0xFF, 0xFF, 0xFF, 0xFF,
    0xFF, 0xFF, 0xFF, 0xFF, 0xFF, 0xFF, 0xFF, 0xFF, 0xFF, 0xFF, 0xFF, 0xFF, 0xFF, 0xFF, 0xFF, 0xFF,
    0xFF, 0xFF, 0xFF, 0xFF, 0xFF, 0xFF, 0xFF, 0xFF, 0xFF, 0xFF, 0xFF, 0xFF, 0xFF, 0xFF, 0xFF, 0xFF,
    0xFF, 0xFF, 0xFF, 0xFF, 0xFF, 0xFF, 0xFF, 0xFF, 0xFF, 0xFF, 0xFF, 0xFF, 0xFF, 0xFF, 0xFF, 0xFF,
    0xFF, 0xFF, 0xFF, 0xFF, 0xFF, 0xFF, 0xFF, 0xFF, 0xFF, 0xFF, 0xFF, 0xFF, 0xFF, 0xFF, 0xFF, 0xFF,
    0xFF, 0xFF, 0xFF, 0xFF, 0xFF, 0xFF, 0xFF, 0xFF, 0xFF, 0xFF, 0xFF, 0xFF, 0xFF, 0xFF, 0xFF, 0xFF,
    0xFF, 0xFF, 0xFF, 0xFF, 0xFF, 0xFF, 0xFF, 0xFF, 0xFF, 0xFF, 0xFF, 0xFF, 0xFF, 0xFF, 0xFF, 0xFF,
    0xFF, 0xFF, 0xFF, 0xFF, 0xFF, 0xFF, 0xFF, 0xFF, 0xFF, 0xFF, 0xFF, 0xFF, 0xFF, 0xFF, 0xFF, 0xFF,
    0xFF, 0xFF, 0xFF, 0xFF, 0xFF, 0xFF, 0xFF, 0xFF, 0xFF, 0xFF, 0xFF, 0xFF, 0xFF, 0xFF, 0xFF, 0xFF,
    0xFF, 0xFF, 0xFF, 0xFF, 0xFF, 0xFF, 0xFF, 0xFF, 0xFF, 0xFF, 0xFF, 0xFF, 0xFF, 0xFF, 0xFF, 0xFF,
    0xFF, 0xFF, 0xFF, 0xFF, 0xFF, 0xFF, 0xFF, 0xFF, 0xFF, 0xFF, 0xFF, 0xFF, 0xFF, 0xFF, 0xFF, 0xFF,
    0xFF, 0xFF, 0xFF, 0xFF, 0xFF, 0xFF, 0xFF, 0xFF, 0xFF, 0xFF, 0xFF, 0xFF, 0xFF, 0xFF, 0xFF, 0xFF,
    0xFF, 0xFF, 0xFF, 0xFF, 0xFF, 0xFF, 0xFF, 0xFF, 0xFF, 0xFF, 0xFF, 0xFF, 0xFF, 0xFF, 0xFF, 0xFF,
    0xFF, 0xFF, 0xFF, 0xFF, 0xFF, 0xFF, 0xFF, 0xFF, 0xFF, 0xFF, 0xFF, 0xFF, 0xFF, 0xFF, 0xFF, 0xFF,
    0xFF, 0xFF, 0xFF, 0xFF, 0xFF, 0xFF, 0xFF, 0xFF, 0xFF, 0xFF, 0xFF, 0xFF, 0xFF, 0xFF, 0xFF, 0xFF,
    0xFF, 0xFF, 0xFF, 0xFF, 0xFF, 0xFF, 0xFF, 0xFF, 0xFF, 0xFF, 0xFF, 0xFF, 0xFF, 0xFF, 0xFF, 0xFF,
    0xFF, 0xFF, 0xFF, 0xFF, 0xFF, 0xFF, 0xFF, 0xFF, 0xFF, 0xFF, 0xFF, 0xFF, 0xFF, 0xFF, 0xFF, 0xFF,
    0xFF, 0xFF, 0xFF, 0xFF, 0xFF, 0xFF, 0xFF, 0xFF, 0xFF, 0xFF, 0xFF, 0xFF, 0xFF, 0xFF, 0xFF, 0xFF,
    0xFF, 0xFF, 0xFF, 0xFF, 0xFF, 0xFF, 0xFF, 0xFF, 0xFF, 0xFF, 0xFF, 0xFF, 0xFF, 0xFF, 0xFF, 0xFF,
    0xFF, 0xFF, 0xFF, 0xFF, 0xFF, 0xFF, 0xFF, 0xFF, 0xFF, 0xFF, 0xFF, 0xFF, 0xFF, 0xFF, 0xFF, 0xFF,
    0xFF, 0xFF, 0xFF, 0xFF, 0xFF, 0xFF, 0xFF, 0xFF, 0xFF, 0xFF, 0xFF, 0xFF, 0xFF, 0xFF, 0xFF, 0xFF,
    0xFF, 0xFF, 0xFF, 0xFF, 0xFF, 0xFF, 0xFF, 0xFF, 0xFF, 0xFF, 0xFF, 0xFF, 0xFF, 0xFF, 0xFF, 0xFF,
    0xFF, 0xFF, 0xFF, 0xFF, 0xFF, 0xFF, 0xFF, 0xFF, 0xFF, 0xFF, 0xFF, 0xFF, 0xFF, 0xFF, 0xFF, 0xFF,
    0xFF, 0xFF, 0xFF, 0xFF, 0xFF, 0xFF, 0xFF, 0xFF, 0xFF, 0xFF, 0xFF, 0xFF, 0xFF, 0xFF, 0xFF, 0xFF,
    0xFF, 0xFF, 0xFF, 0xFF, 0xFF, 0xFF, 0xFF, 0xFF, 0xFF, 0xFF, 0xFF, 0xFF, 0xFF, 0xFF, 0xFF, 0xFF,
    0xFF, 0xFF, 0xFF, 0xFF, 0xFF, 0xFF, 0xFF, 0xFF, 0xFF, 0xFF, 0xFF, 0xFF, 0xFF, 0xFF, 0xFF, 0xFF,
    0xFF, 0xFF, 0xFF, 0xFF, 0xFF, 0xFF, 0xFF, 0xFF, 0xFF, 0xFF, 0xFF, 0xFF, 0xFF, 0xFF, 0xFF, 0xFF,
    0xFF, 0xFF, 0xFF, 0xFF, 0xFF, 0xFF, 0xFF, 0xFF, 0xFF, 0xFF, 0xFF, 0xFF, 0xFF, 0xFF, 0xFF, 0xFF,
    0xFF, 0xFF, 0xFF, 0xFF, 0xFF, 0xFF, 0xFF, 0xFF, 0xFF, 0xFF, 0xFF, 0xFF, 0xFF, 0xFF, 0xFF, 0xFF,
    0xFF, 0xFF, 0xFF, 0xFF, 0xFF, 0xFF, 0xFF, 0xFF, 0xFF, 0xFF, 0xFF, 0xFF, 0xFF, 0xFF, 0xFF, 0xFF,
    0xFF, 0xFF, 0xFF, 0xFF, 0xFF, 0xFF, 0xFF, 0xFF, 0xFF, 0xFF, 0xFF, 0xFF, 0xFF, 0xFF, 0xFF, 0xFF,
    0xFF, 0xFF, 0xFF, 0xFF, 0xFF, 0xFF, 0xFF, 0xFF, 0xFF, 0xFF, 0xFF, 0xFF, 0xFF, 0xFF, 0xFF, 0xFF,
    0xFF, 0xFF, 0xFF, 0xFF, 0xFF, 0xFF, 0xFF, 0xFF, 0xFF, 0xFF, 0xFF, 0xFF, 0xFF, 0xFF, 0xFF, 0xFF,
    0xFF, 0xFF, 0xFF, 0xFF, 0xFF, 0xFF, 0xFF, 0xFF, 0xFF, 0xFF, 0xFF, 0xFF, 0xFF, 0xFF, 0xFF, 0xFF,
    0xFF, 0xFF, 0xFF, 0xFF, 0xFF, 0xFF, 0xFF, 0xFF, 0xFF, 0xFF, 0xFF, 0xFF, 0xFF, 0xFF, 0xFF, 0xFF,
    0xFF, 0xFF, 0xFF, 0xFF, 0xFF, 0xFF, 0xFF, 0xFF, 0xFF, 0xFF, 0xFF, 0xFF, 0xFF, 0xFF, 0xFF, 0xFF,
    0xFF, 0xFF, 0xFF, 0xFF, 0xFF, 0xFF, 0xFF, 0xFF, 0xFF, 0xFF, 0xFF, 0xFF, 0xFF, 0xFF, 0xFF, 0xFF,
    0xFF, 0xFF, 0xFF, 0xFF, 0xFF, 0xFF, 0xFF, 0xFF, 0xFF, 0xFF, 0xFF, 0xFF, 0xFF, 0xFF, 0xFF, 0xFF,
    0xFF, 0xFF, 0xFF, 0xFF, 0xFF, 0xFF, 0xFF, 0xFF, 0xFF, 0xFF, 0xFF, 0xFF, 0xFF, 0xFF, 0xFF, 0xFF,
    0xFF, 0xFF, 0xFF, 0xFF, 0xFF, 0xFF, 0xFF, 0xFF, 0xFF, 0xFF, 0xFF, 0xFF, 0xFF, 0xFF, 0xFF, 0xFF,
    0xFF, 0xFF, 0xFF, 0xFF, 0xFF, 0xFF, 0xFF, 0xFF, 0xFF, 0xFF, 0xFF, 0xFF, 0xFF, 0xFF, 0xFF, 0xFF,
    0xFF, 0xFF, 0xFF, 0xFF, 0xFF, 0xFF, 0xFF, 0xFF, 0xFF, 0xFF, 0xFF, 0xFF, 0xFF, 0xFF, 0xFF, 0xFF,
    0xFF, 0xFF, 0xFF, 0xFF, 0xFF, 0xFF, 0xFF, 0xFF, 0xFF, 0xFF, 0xFF, 0xFF, 0xFF, 0xFF, 0xFF, 0xFF,
    0xFF, 0xFF, 0xFF, 0xFF, 0xFF, 0xFF, 0xFF, 0xFF, 0xFF, 0xFF, 0xFF, 0xFF, 0xFF, 0xFF, 0xFF, 0xFF,
    0xFF, 0xFF, 0xFF, 0xFF, 0xFF, 0xFF, 0xFF, 0xFF, 0xFF, 0xFF, 0xFF, 0xFF, 0xFF, 0xFF, 0xFF, 0xFF,
    0xFF, 0xFF, 0xFF, 0xFF, 0xFF, 0xFF, 0xFF, 0xFF, 0xFF, 0xFF, 0xFF, 0xFF, 0xFF, 0xFF, 0xFF, 0xFF,
    0xFF, 0xFF, 0xFF, 0xFF, 0xFF, 0xFF, 0xFF, 0xFF, 0xFF, 0xFF, 0xFF, 0xFF, 0xFF, 0xFF, 0xFF, 0xFF,
    0xFF, 0xFF, 0xFF, 0xFF, 0xFF, 0xFF, 0xFF, 0xFF, 0xFF, 0xFF, 0xFF, 0xFF, 0xFF, 0xFF, 0xFF, 0xFF,
    0xFF, 0xFF, 0xFF, 0xFF, 0xFF, 0xFF, 0xFF, 0xFF, 0xFF, 0xFF, 0xFF, 0xFF, 0xFF, 0xFF, 0xFF, 0xFF,
    0xFF, 0xFF, 0xFF, 0xFF, 0xFF, 0xFF, 0xFF, 0xFF, 0xFF, 0xFF, 0xFF, 0xFF, 0xFF, 0xFF, 0xFF, 0xFF,
    0xFF, 0xFF, 0xFF, 0xFF, 0xFF, 0xFF, 0xFF, 0xFF, 0xFF, 0xFF, 0xFF, 0xFF, 0xFF, 0xFF, 0xFF, 0xFF,
    0xFF, 0xFF, 0xFF, 0xFF, 0xFF, 0xFF, 0xFF, 0xFF, 0xFF, 0xFF, 0xFF, 0xFF, 0xFF, 0xFF, 0xFF, 0xFF,
    0xFF, 0xFF, 0xFF, 0xFF, 0xFF, 0xFF, 0xFF, 0xFF, 0xFF, 0xFF, 0xFF, 0xFF, 0xFF, 0xFF, 0xFF, 0xFF,
    0xFF, 0xFF, 0xFF, 0xFF, 0xFF, 0xFF, 0xFF, 0xFF, 0xFF, 0xFF, 0xFF, 0xFF, 0xFF, 0xFF, 0xFF, 0xFF,
    0xFF, 0xFF, 0xFF, 0xFF, 0xFF, 0xFF, 0xFF, 0xFF, 0xFF, 0xFF, 0xFF, 0xFF, 0xFF, 0xFF, 0xFF, 0xFF,
    0xFF, 0xFF, 0xFF, 0xFF, 0xFF, 0xFF, 0xFF, 0xFF, 0xFF, 0xFF, 0xFF, 0xFF, 0xFF, 0xFF, 0xFF, 0xFF,
    0xFF, 0xFF, 0xFF, 0xFF, 0xFF, 0xFF, 0xFF, 0xFF, 0xFF, 0xFF, 0xFF, 0xFF, 0xFF, 0xFF, 0xFF, 0xFF,
    0xFF, 0xFF, 0xFF, 0xFF, 0xFF, 0xFF, 0xFF, 0xFF, 0xFF, 0xFF, 0xFF, 0xFF, 0xFF, 0xFF, 0xFF, 0xFF,
    0xFF, 0xFF, 0xFF, 0xFF, 0xFF, 0xFF, 0xFF, 0xFF, 0xFF, 0xFF, 0xFF, 0xFF, 0xFF, 0xFF, 0xFF, 0xFF,
    0xFF, 0xFF, 0xFF, 0xFF, 0xFF, 0xFF, 0xFF, 0xFF, 0xFF, 0xFF, 0xFF, 0xFF, 0xFF, 0xFF, 0xFF, 0xFF,
    0xFF, 0xFF, 0xFF, 0xFF, 0xFF, 0xFF, 0xFF, 0xFF, 0xFF, 0xFF, 0xFF, 0xFF, 0xFF, 0xFF, 0xFF, 0xFF,
    0xFF, 0xFF, 0xFF, 0xFF, 0xFF, 0xFF, 0xFF, 0xFF, 0xFF, 0xFF, 0xFF, 0xFF, 0xFF, 0xFF, 0xFF, 0xFF,
    0xFF, 0xFF, 0xFF, 0xFF, 0xFF, 0xFF, 0xFF, 0xFF, 0xFF, 0xFF, 0xFF, 0xFF, 0xFF, 0xFF, 0xFF, 0xFF,
    0xFF, 0xFF, 0xFF, 0xFF, 0xFF, 0xFF, 0xFF, 0xFF, 0xFF, 0xFF, 0xFF, 0xFF, 0xFF, 0xFF, 0xFF, 0xFF,
    0xFF, 0xFF, 0xFF, 0xFF, 0xFF, 0xFF, 0xFF, 0xFF, 0xFF, 0xFF, 0xFF, 0xFF, 0xFF, 0xFF, 0xFF, 0xFF,
    0xFF, 0xFF, 0xFF, 0xFF, 0xFF, 0xFF, 0xFF, 0xFF, 0xFF, 0xFF, 0xFF, 0xFF, 0xFF, 0xFF, 0xFF, 0xFF,
    0xFF, 0xFF, 0xFF, 0xFF, 0xFF, 0xFF, 0xFF, 0xFF, 0xFF, 0xFF, 0xFF, 0xFF, 0xFF, 0xFF, 0xFF, 0xFF,
    0xFF, 0xFF, 0xFF, 0xFF, 0xFF, 0xFF, 0xFF, 0xFF, 0xFF, 0xFF, 0xFF, 0xFF, 0xFF, 0xFF, 0xFF, 0xFF,
    0xFF, 0xFF, 0xFF, 0xFF, 0xFF, 0xFF, 0xFF, 0xFF, 0xFF, 0xFF, 0xFF, 0xFF, 0xFF, 0xFF, 0xFF, 0xFF,
    0xFF, 0xFF, 0xFF, 0xFF, 0xFF, 0xFF, 0xFF, 0xFF, 0xFF, 0xFF, 0xFF, 0xFF, 0xFF, 0xFF, 0xFF, 0xFF,
    0xFF, 0xFF, 0xFF, 0xFF, 0xFF, 0xFF, 0xFF, 0xFF, 0xFF, 0xFF, 0xFF, 0xFF, 0xFF, 0xFF, 0xFF, 0xFF,
    0xFF, 0xFF, 0xFF, 0xFF, 0xFF, 0xFF, 0xFF, 0xFF, 0xFF, 0xFF, 0xFF, 0xFF, 0xFF, 0xFF, 0xFF, 0xFF,
    0xFF, 0xFF, 0xFF, 0xFF, 0xFF, 0xFF, 0xFF, 0xFF, 0xFF, 0xFF, 0xFF, 0xFF, 0xFF, 0xFF, 0xFF, 0xFF,
    0xFF, 0xFF, 0xFF, 0xFF, 0xFF, 0xFF, 0xFF, 0xFF, 0xFF, 0xFF, 0xFF, 0xFF, 0xFF, 0xFF, 0xFF, 0xFF,
    0xFF, 0xFF, 0xFF, 0xFF, 0xFF, 0xFF, 0xFF, 0xFF, 0xFF, 0xFF, 0xFF, 0xFF, 0xFF, 0xFF, 0xFF, 0xFF,
    0xFF, 0xFF, 0xFF, 0xFF, 0xFF, 0xFF, 0xFF, 0xFF, 0xFF, 0xFF, 0xFF, 0xFF, 0xFF, 0xFF, 0xFF, 0xFF,
    0xFF, 0xFF, 0xFF, 0xFF, 0xFF, 0xFF, 0xFF, 0xFF, 0xFF, 0xFF, 0xFF, 0xFF, 0xFF, 0xFF, 0xFF, 0xFF,
    0xFF, 0xFF, 0xFF, 0xFF, 0xFF, 0xFF, 0xFF, 0xFF, 0xFF, 0xFF, 0xFF, 0xFF, 0xFF, 0xFF, 0xFF, 0xFF,
    0xFF, 0xFF, 0xFF, 0xFF, 0xFF, 0xFF, 0xFF, 0xFF, 0xFF, 0xFF, 0xFF, 0xFF, 0xFF, 0xFF, 0xFF, 0xFF,
    0xFF, 0xFF, 0xFF, 0xFF, 0xFF, 0xFF, 0xFF, 0xFF, 0xFF, 0xFF, 0xFF, 0xFF, 0xFF, 0xFF, 0xFF, 0xFF,
    0xFF, 0xFF, 0xFF, 0xFF, 0xFF, 0xFF, 0xFF, 0xFF, 0xFF, 0xFF, 0xFF, 0xFF, 0xFF, 0xFF, 0xFF, 0xFF,
    0xFF, 0xFF, 0xFF, 0xFF, 0xFF, 0xFF, 0xFF, 0xFF, 0xFF, 0xFF, 0xFF, 0xFF, 0xFF, 0xFF, 0xFF, 0xFF,
    0xFF, 0xFF, 0xFF, 0xFF, 0xFF, 0xFF, 0xFF, 0xFF, 0xFF, 0xFF, 0xFF, 0xFF, 0xFF, 0xFF, 0xFF, 0xFF,
    0xFF, 0xFF, 0xFF, 0xFF, 0xFF, 0xFF, 0xFF, 0xFF, 0xFF, 0xFF, 0xFF, 0xFF, 0xFF, 0xFF, 0xFF, 0xFF,
    0xFF, 0xFF, 0xFF, 0xFF, 0xFF, 0xFF, 0xFF, 0xFF, 0xFF, 0xFF, 0xFF, 0xFF, 0xFF, 0xFF, 0xFF, 0xFF,
    0xFF, 0xFF, 0xFF, 0xFF, 0xFF, 0xFF, 0xFF, 0xFF, 0xFF, 0xFF, 0xFF, 0xFF, 0xFF, 0xFF, 0xFF, 0xFF,
    0xFF, 0xFF, 0xFF, 0xFF, 0xFF, 0xFF, 0xFF, 0xFF, 0xFF, 0xFF, 0xFF, 0xFF, 0xFF, 0xFF, 0xFF, 0xFF,
    0xFF, 0xFF, 0xFF, 0xFF, 0xFF, 0xFF, 0xFF, 0xFF, 0xFF, 0xFF, 0xFF, 0xFF, 0xFF, 0xFF, 0xFF, 0xFF,
    0xFF, 0xFF, 0xFF, 0xFF, 0xFF, 0xFF, 0xFF, 0xFF, 0xFF, 0xFF, 0xFF, 0xFF, 0xFF, 0xFF, 0xFF, 0xFF,
    0xFF, 0xFF, 0xFF, 0xFF, 0xFF, 0xFF, 0xFF, 0xFF, 0xFF, 0xFF, 0xFF, 0xFF, 0xFF, 0xFF, 0xFF, 0xFF,
    0xFF, 0xFF, 0xFF, 0xFF, 0xFF, 0xFF, 0xFF, 0xFF, 0xFF, 0xFF, 0xFF, 0xFF, 0xFF, 0xFF, 0xFF, 0xFF,
    0xFF, 0xFF, 0xFF, 0xFF, 0xFF, 0xFF, 0xFF, 0xFF, 0xFF, 0xFF, 0xFF, 0xFF, 0xFF, 0xFF, 0xFF, 0xFF,
    0xFF, 0xFF, 0xFF, 0xFF, 0xFF, 0xFF, 0xFF, 0xFF, 0xFF, 0xFF, 0xFF, 0xFF, 0xFF, 0xFF, 0xFF, 0xFF,
    0xFF, 0xFF, 0xFF, 0xFF, 0xFF, 0xFF, 0xFF, 0xFF, 0xFF, 0xFF, 0xFF, 0xFF, 0xFF, 0xFF, 0xFF, 0xFF,
    0xFF, 0xFF, 0xFF, 0xFF, 0xFF, 0xFF, 0xFF, 0xFF, 0xFF, 0xFF, 0xFF, 0xFF, 0xFF, 0xFF, 0xFF, 0xFF,
    0xFF, 0xFF, 0xFF, 0xFF, 0xFF, 0xFF, 0xFF, 0xFF, 0xFF, 0xFF, 0xFF, 0xFF, 0xFF, 0xFF, 0xFF, 0xFF,
    0xFF, 0xFF, 0xFF, 0xFF, 0xFF, 0xFF, 0xFF, 0xFF, 0xFF, 0xFF, 0xFF, 0xFF, 0xFF, 0xFF, 0xFF, 0xFF,
    0xFF, 0xFF, 0xFF, 0xFF, 0xFF, 0xFF, 0xFF, 0xFF, 0xFF, 0xFF, 0xFF, 0xFF, 0xFF, 0xFF, 0xFF, 0xFF,
    0xFF, 0xFF, 0xFF, 0xFF, 0xFF, 0xFF, 0xFF, 0xFF, 0xFF, 0xFF, 0xFF, 0xFF, 0xFF, 0xFF, 0xFF, 0xFF,
    0xFF, 0xFF, 0xFF, 0xFF, 0xFF, 0xFF, 0xFF, 0xFF, 0xFF, 0xFF, 0xFF, 0xFF, 0xFF, 0xFF, 0xFF, 0xFF,
    0xFF, 0xFF, 0xFF, 0xFF, 0xFF, 0xFF, 0xFF, 0xFF, 0xFF, 0xFF, 0xFF, 0xFF, 0xFF, 0xFF, 0xFF, 0xFF,
    0xFF, 0xFF, 0xFF, 0xFF, 0xFF, 0xFF, 0xFF, 0xFF, 0xFF, 0xFF, 0xFF, 0xFF, 0xFF, 0xFF, 0xFF, 0xFF,
    0xFF, 0xFF, 0xFF, 0xFF, 0xFF, 0xFF, 0xFF, 0xFF, 0xFF, 0xFF, 0xFF, 0xFF, 0xFF, 0xFF, 0xFF, 0xFF,
    0xFF, 0xFF, 0xFF, 0xFF, 0xFF, 0xFF, 0xFF, 0xFF, 0xFF, 0xFF, 0xFF, 0xFF, 0xFF, 0xFF, 0xFF, 0xFF,
    0xFF, 0xFF, 0xFF, 0xFF, 0xFF, 0xFF, 0xFF, 0xFF, 0xFF, 0xFF, 0xFF, 0xFF, 0xFF, 0xFF, 0xFF, 0xFF,
    0xFF, 0xFF, 0xFF, 0xFF, 0xFF, 0xFF, 0xFF, 0xFF, 0xFF, 0xFF, 0xFF, 0xFF, 0xFF, 0xFF, 0xFF, 0xFF,
    0xFF, 0xFF, 0xFF, 0xFF, 0xFF, 0xFF, 0xFF, 0xFF, 0xFF, 0xFF, 0xFF, 0xFF, 0xFF, 0xFF, 0xFF, 0xFF,
    0xFF, 0xFF, 0xFF, 0xFF, 0xFF, 0xFF, 0xFF, 0xFF, 0xFF, 0xFF, 0xFF, 0xFF, 0xFF, 0xFF, 0xFF, 0xFF,
    0xFF, 0xFF, 0xFF, 0xFF, 0xFF, 0xFF, 0xFF, 0xFF, 0xFF, 0xFF, 0xFF, 0xFF, 0xFF, 0xFF, 0xFF, 0xFF,
    0xFF, 0xFF, 0xFF, 0xFF, 0xFF, 0xFF, 0xFF, 0xFF, 0xFF, 0xFF, 0xFF, 0xFF, 0xFF, 0xFF, 0xFF, 0xFF,
    0xFF, 0xFF, 0xFF, 0xFF, 0xFF, 0xFF, 0xFF, 0xFF, 0xFF, 0xFF, 0xFF, 0xFF, 0xFF, 0xFF, 0xFF, 0xFF,
    0xFF, 0xFF, 0xFF, 0xFF, 0xFF, 0xFF, 0xFF, 0xFF, 0xFF, 0xFF, 0xFF, 0xFF, 0xFF, 0xFF, 0xFF, 0xFF,
    0xFF, 0xFF, 0xFF, 0xFF, 0xFF, 0xFF, 0xFF, 0xFF, 0xFF, 0xFF, 0xFF, 0xFF, 0xFF, 0xFF, 0xFF, 0xFF,
    0xFF, 0xFF, 0xFF, 0xFF, 0xFF, 0xFF, 0xFF, 0xFF, 0xFF, 0xFF, 0xFF, 0xFF, 0xFF, 0xFF, 0xFF, 0xFF,
    0xFF, 0xFF, 0xFF, 0xFF, 0xFF, 0xFF, 0xFF, 0xFF, 0xFF, 0xFF, 0xFF, 0xFF, 0xFF, 0xFF, 0xFF, 0xFF,
    0xFF, 0xFF, 0xFF, 0xFF, 0xFF, 0xFF, 0xFF, 0xFF, 0xFF, 0xFF, 0xFF, 0xFF, 0xFF, 0xFF, 0xFF, 0xFF,
    0xFF, 0xFF, 0xFF, 0xFF, 0xFF, 0xFF, 0xFF, 0xFF, 0xFF, 0xFF, 0xFF, 0xFF, 0xFF, 0xFF, 0xFF, 0xFF,
    0xFF, 0xFF, 0xFF, 0xFF, 0xFF, 0xFF, 0xFF, 0xFF, 0xFF, 0xFF, 0xFF, 0xFF, 0xFF, 0xFF, 0xFF, 0xFF,
    0xFF, 0xFF, 0xFF, 0xFF, 0xFF, 0xFF, 0xFF, 0xFF, 0xFF, 0xFF, 0xFF, 0xFF, 0xFF, 0xFF, 0xFF, 0xFF,
    0xFF, 0xFF, 0xFF, 0xFF, 0xFF, 0xFF, 0xFF, 0xFF, 0xFF, 0xFF, 0xFF, 0xFF, 0xFF, 0xFF, 0xFF, 0xFF,
    0xFF, 0xFF, 0xFF, 0xFF, 0xFF, 0xFF, 0xFF, 0xFF, 0xFF, 0xFF, 0xFF, 0xFF, 0xFF, 0xFF, 0xFF, 0xFF,
    0xFF, 0xFF, 0xFF, 0xFF, 0xFF, 0xFF, 0xFF, 0xFF, 0xFF, 0xFF, 0xFF, 0xFF, 0xFF, 0xFF, 0xFF, 0xFF,
    0xFF, 0xFF, 0xFF, 0xFF, 0xFF, 0xFF, 0xFF, 0xFF, 0xFF, 0xFF, 0xFF, 0xFF, 0xFF, 0xFF, 0xFF, 0xFF,
    0xFF, 0xFF, 0xFF, 0xFF, 0xFF, 0xFF, 0xFF, 0xFF, 0xFF, 0xFF, 0xFF, 0xFF, 0xFF, 0xFF, 0xFF, 0xFF,
    0xFF, 0xFF, 0xFF, 0xFF, 0xFF, 0xFF, 0xFF, 0xFF, 0xFF, 0xFF, 0xFF, 0xFF, 0xFF, 0xFF, 0xFF, 0xFF,
    0xFF, 0xFF, 0xFF, 0xFF, 0xFF, 0xFF, 0xFF, 0xFF, 0xFF, 0xFF, 0xFF, 0xFF, 0xFF, 0xFF, 0xFF, 0xFF,
    0xFF, 0xFF, 0xFF, 0xFF, 0xFF, 0xFF, 0xFF, 0xFF, 0xFF, 0xFF, 0xFF, 0xFF, 0xFF, 0xFF, 0xFF, 0xFF,
    0xFF, 0xFF, 0xFF, 0xFF, 0xFF, 0xFF, 0xFF, 0xFF, 0xFF, 0xFF, 0xFF, 0xFF, 0xFF, 0xFF, 0xFF, 0xFF,
    0xFF, 0xFF, 0xFF, 0xFF, 0xFF, 0xFF, 0xFF, 0xFF, 0xFF, 0xFF, 0xFF, 0xFF, 0xFF, 0xFF, 0xFF, 0xFF,
    0xFF, 0xFF, 0xFF, 0xFF, 0xFF, 0xFF, 0xFF, 0xFF, 0xFF, 0xFF, 0xFF, 0xFF, 0xFF, 0xFF, 0xFF, 0xFF,
    0xFF, 0xFF, 0xFF, 0xFF, 0xFF, 0xFF, 0xFF, 0xFF, 0xFF, 0xFF, 0xFF, 0xFF, 0xFF, 0xFF, 0xFF, 0xFF,
    0xFF, 0xFF, 0xFF, 0xFF, 0xFF, 0xFF, 0xFF, 0xFF, 0xFF, 0xFF, 0xFF, 0xFF, 0xFF, 0xFF, 0xFF, 0xFF,
    0xFF, 0xFF, 0xFF, 0xFF, 0xFF, 0xFF, 0xFF, 0xFF, 0xFF, 0xFF, 0xFF, 0xFF, 0xFF, 0xFF, 0xFF, 0xFF,
    0xFF, 0xFF, 0xFF, 0xFF, 0xFF, 0xFF, 0xFF, 0xFF, 0xFF, 0xFF, 0xFF, 0xFF, 0xFF, 0xFF, 0xFF, 0xFF,
    0xFF, 0xFF, 0xFF, 0xFF, 0xFF, 0xFF, 0xFF, 0xFF, 0xFF, 0xFF, 0xFF, 0xFF, 0xFF, 0xFF, 0xFF, 0xFF,
    0xFF, 0xFF, 0xFF, 0xFF, 0xFF, 0xFF, 0xFF, 0xFF, 0xFF, 0xFF, 0xFF, 0xFF, 0xFF, 0xFF, 0xFF, 0xFF,
    0xFF, 0xFF, 0xFF, 0xFF, 0xFF, 0xFF, 0xFF, 0xFF, 0xFF, 0xFF, 0xFF, 0xFF, 0xFF, 0xFF, 0xFF, 0xFF,
    0xFF, 0xFF, 0xFF, 0xFF, 0xFF, 0xFF, 0xFF, 0xFF, 0xFF, 0xFF, 0xFF, 0xFF, 0xFF, 0xFF, 0xFF, 0xFF,
    0xFF, 0xFF, 0xFF, 0xFF, 0xFF, 0xFF, 0xFF, 0xFF, 0xFF, 0xFF, 0xFF, 0xFF, 0xFF, 0xFF, 0xFF, 0xFF,
    0xFF, 0xFF, 0xFF, 0xFF, 0xFF, 0xFF, 0xFF, 0xFF, 0xFF, 0xFF, 0xFF, 0xFF, 0xFF, 0xFF, 0xFF, 0xFF,
    0xFF, 0xFF, 0xFF, 0xFF, 0xFF, 0xFF, 0xFF, 0xFF, 0xFF, 0xFF, 0xFF, 0xFF, 0xFF, 0xFF, 0xFF, 0xFF,
    0xFF, 0xFF, 0xFF, 0xFF, 0xFF, 0xFF, 0xFF, 0xFF, 0xFF, 0xFF, 0xFF, 0xFF, 0xFF, 0xFF, 0xFF, 0xFF,
    0xFF, 0xFF, 0xFF, 0xFF, 0xFF, 0xFF, 0xFF, 0xFF, 0xFF, 0xFF, 0xFF, 0xFF, 0xFF, 0xFF, 0xFF, 0xFF,
    0xFF, 0xFF, 0xFF, 0xFF, 0xFF, 0xFF, 0xFF, 0xFF, 0xFF, 0xFF, 0xFF, 0xFF, 0xFF, 0xFF, 0xFF, 0xFF,
    0xFF, 0xFF, 0xFF, 0xFF, 0xFF, 0xFF, 0xFF, 0xFF, 0xFF, 0xFF, 0xFF, 0xFF, 0xFF, 0xFF, 0xFF, 0xFF,
    0xFF, 0xFF, 0xFF, 0xFF, 0xFF, 0xFF, 0xFF, 0xFF, 0xFF, 0xFF, 0xFF, 0xFF, 0xFF, 0xFF, 0xFF, 0xFF,
    0xFF, 0xFF, 0xFF, 0xFF, 0xFF, 0xFF, 0xFF, 0xFF, 0xFF, 0xFF, 0xFF, 0xFF, 0xFF, 0xFF, 0xFF, 0xFF,
    0xFF, 0xFF, 0xFF, 0xFF, 0xFF, 0xFF, 0xFF, 0xFF, 0xFF, 0xFF, 0xFF, 0xFF, 0xFF, 0xFF, 0xFF, 0xFF,
    0xFF, 0xFF, 0xFF, 0xFF, 0xFF, 0xFF, 0xFF, 0xFF, 0xFF, 0xFF, 0xFF, 0xFF, 0xFF, 0xFF, 0xFF, 0xFF,
    0xFF, 0xFF, 0xFF, 0xFF, 0xFF, 0xFF, 0xFF, 0xFF, 0xFF, 0xFF, 0xFF, 0xFF, 0xFF, 0xFF, 0xFF, 0xFF,
    0xFF, 0xFF, 0xFF, 0xFF, 0xFF, 0xFF, 0xFF, 0xFF, 0xFF, 0xFF, 0xFF, 0xFF, 0xFF, 0xFF, 0xFF, 0xFF,
    0xFF, 0xFF, 0xFF, 0xFF, 0xFF, 0xFF, 0xFF, 0xFF, 0xFF, 0xFF, 0xFF, 0xFF, 0xFF, 0xFF, 0xFF, 0xFF,
    0xFF, 0xFF, 0xFF, 0xFF, 0xFF, 0xFF, 0xFF, 0xFF, 0xFF, 0xFF, 0xFF, 0xFF, 0xFF, 0xFF, 0xFF, 0xFF,
    0xFF, 0xFF, 0xFF, 0xFF, 0xFF, 0xFF, 0xFF, 0xFF, 0xFF, 0xFF, 0xFF, 0xFF, 0xFF, 0xFF, 0xFF, 0xFF,
    0xFF, 0xFF, 0xFF, 0xFF, 0xFF, 0xFF, 0xFF, 0xFF, 0xFF, 0xFF, 0xFF, 0xFF, 0xFF, 0xFF, 0xFF, 0xFF,
    0xFF, 0xFF, 0xFF, 0xFF, 0xFF, 0xFF, 0xFF, 0xFF, 0xFF, 0xFF, 0xFF, 0xFF, 0xFF, 0xFF, 0xFF, 0xFF,
    0xFF, 0xFF, 0xFF, 0xFF, 0xFF, 0xFF, 0xFF, 0xFF, 0xFF, 0xFF, 0xFF, 0xFF, 0xFF, 0xFF, 0xFF, 0xFF,
    0xFF, 0xFF, 0xFF, 0xFF, 0xFF, 0xFF, 0xFF, 0xFF, 0xFF, 0xFF, 0xFF, 0xFF, 0xFF, 0xFF, 0xFF, 0xFF,
    0xFF, 0xFF, 0xFF, 0xFF, 0xFF, 0xFF, 0xFF, 0xFF, 0xFF, 0xFF, 0xFF, 0xFF, 0xFF, 0xFF, 0xFF, 0xFF,
    0xFF, 0xFF, 0xFF, 0xFF, 0xFF, 0xFF, 0xFF, 0xFF, 0xFF, 0xFF, 0xFF, 0xFF, 0xFF, 0xFF, 0xFF, 0xFF,
    0xFF, 0xFF, 0xFF, 0xFF, 0xFF, 0xFF, 0xFF, 0xFF, 0xFF, 0xFF, 0xFF, 0xFF, 0xFF, 0xFF, 0xFF, 0xFF,
    0xFF, 0xFF, 0xFF, 0xFF, 0xFF, 0xFF, 0xFF, 0xFF, 0xFF, 0xFF, 0xFF, 0xFF, 0xFF, 0xFF, 0xFF, 0xFF,
    0xFF, 0xFF, 0xFF, 0xFF, 0xFF, 0xFF, 0xFF, 0xFF, 0xFF, 0xFF, 0xFF, 0xFF, 0xFF, 0xFF, 0xFF, 0xFF,
    0xFF, 0xFF, 0xFF, 0xFF, 0xFF, 0xFF, 0xFF, 0xFF, 0xFF, 0xFF, 0xFF, 0xFF, 0xFF, 0xFF, 0xFF, 0xFF,
    0xFF, 0xFF, 0xFF, 0xFF, 0xFF, 0xFF, 0xFF, 0xFF, 0xFF, 0xFF, 0xFF, 0xFF, 0xFF, 0xFF, 0xFF, 0xFF,
    0xFF, 0xFF, 0xFF, 0xFF, 0xFF, 0xFF, 0xFF, 0xFF, 0xFF, 0xFF, 0xFF, 0xFF, 0xFF, 0xFF, 0xFF, 0xFF,
    0xFF, 0xFF, 0xFF, 0xFF, 0xFF, 0xFF, 0xFF, 0xFF, 0xFF, 0xFF, 0xFF, 0xFF, 0xFF, 0xFF, 0xFF, 0xFF,
    0xFF, 0xFF, 0xFF, 0xFF, 0xFF, 0xFF, 0xFF, 0xFF, 0xFF, 0xFF, 0xFF, 0xFF, 0xFF, 0xFF, 0xFF, 0xFF,
    0xFF, 0xFF, 0xFF, 0xFF, 0xFF, 0xFF, 0xFF, 0xFF, 0xFF, 0xFF, 0xFF, 0xFF, 0xFF, 0xFF, 0xFF, 0xFF,
    0xFF, 0xFF, 0xFF, 0xFF, 0xFF, 0xFF, 0xFF, 0xFF, 0xFF, 0xFF, 0xFF, 0xFF, 0xFF, 0xFF, 0xFF, 0xFF,
    0xFF, 0xFF, 0xFF, 0xFF, 0xFF, 0xFF, 0xFF, 0xFF, 0xFF, 0xFF, 0xFF, 0xFF, 0xFF, 0xFF, 0xFF, 0xFF,
    0xFF, 0xFF, 0xFF, 0xFF, 0xFF, 0xFF, 0xFF, 0xFF, 0xFF, 0xFF, 0xFF, 0xFF, 0xFF, 0xFF, 0xFF, 0xFF,
    0xFF, 0xFF, 0xFF, 0xFF, 0xFF, 0xFF, 0xFF, 0xFF, 0xFF, 0xFF, 0xFF, 0xFF, 0xFF, 0xFF, 0xFF, 0xFF,
    0xFF, 0xFF, 0xFF, 0xFF, 0xFF, 0xFF, 0xFF, 0xFF, 0xFF, 0xFF, 0xFF, 0xFF, 0xFF, 0xFF, 0xFF, 0xFF,
    0xFF, 0xFF, 0xFF, 0xFF, 0xFF, 0xFF, 0xFF, 0xFF, 0xFF, 0xFF, 0xFF, 0xFF, 0xFF, 0xFF, 0xFF, 0xFF,
    0xFF, 0xFF, 0xFF, 0xFF, 0xFF, 0xFF, 0xFF, 0xFF, 0xFF, 0xFF, 0xFF, 0xFF, 0xFF, 0xFF, 0xFF, 0xFF,
    0xFF, 0xFF, 0xFF, 0xFF, 0xFF, 0xFF, 0xFF, 0xFF, 0xFF, 0xFF, 0xFF, 0xFF, 0xFF, 0xFF, 0xFF, 0xFF,
    0xFF, 0xFF, 0xFF, 0xFF, 0xFF, 0xFF, 0xFF, 0xFF, 0xFF, 0xFF, 0xFF, 0xFF, 0xFF, 0xFF, 0xFF, 0xFF,
    0xFF, 0xFF, 0xFF, 0xFF, 0xFF, 0xFF, 0xFF, 0xFF, 0xFF, 0xFF, 0xFF, 0xFF, 0xFF, 0xFF, 0xFF, 0xFF,
    0xFF, 0xFF, 0xFF, 0xFF, 0xFF, 0xFF, 0xFF, 0xFF, 0xFF, 0xFF, 0xFF, 0xFF, 0xFF, 0xFF, 0xFF, 0xFF,
    0xFF, 0xFF, 0xFF, 0xFF, 0xFF, 0xFF, 0xFF, 0x12, 0xBD, 0x71, 0xAA, 0xBD, 0x71, 0xB7, 0xBD, 0x7F,
    0x01, 0xCC, 0x01, 0x30, 0xFD, 0xC8, 0x98, 0x86, 0x7F, 0xB7, 0xC8, 0x9A, 0x7F, 0xC8, 0x9C, 0xCE,
    0x7C, 0xFB, 0xBD, 0x70, 0xF0, 0xBD, 0x7D, 0xFB, 0xBD, 0xF1, 0x92, 0xBE, 0xC8, 0x98, 0x8C, 0x00,
    0x00, 0x27, 0x19, 0x30, 0x1F, 0xBF, 0xC8, 0x98, 0x8C, 0x00, 0x3F, 0x2A, 0x06, 0x7A, 0xC8, 0x9A,
    0x7A, 0xC8, 0x9A, 0xBD, 0x7E, 0x15, 0xBD, 0xF1, 0xAA, 0x7E, 0x6F, 0xAC, 0xB6, 0xC8, 0x94, 0xBD,
    0xF2, 0xAB, 0xBD, 0x71, 0x21, 0xBD, 0x72, 0x00, 0xB6, 0xC8, 0x9C, 0x27, 0x03, 0xBD, 0x7E, 0x9C,
    0xBD, 0xF1, 0xAA, 0xBD, 0x7E, 0x0C, 0xB6, 0xC8, 0x1B, 0x27, 0x3C, 0x2A, 0x04, 0x2B, 0x1D, 0x20,
    0x39, 0xB6, 0xC8, 0x92, 0x26, 0x34, 0x86, 0x01, 0xB7, 0xC8, 0x92, 0x7C, 0xC8, 0x90, 0xB6, 0xC8,
    0x90, 0x81, 0x05, 0x26, 0x25, 0x86, 0x01, 0xB7, 0xC8, 0x90, 0x20, 0x1E, 0xB6, 0xC8, 0x92, 0x26,
    0x19, 0x86, 0x01, 0xB7, 0xC8, 0x92, 0x7A, 0xC8, 0x90, 0xB6, 0xC8, 0x90, 0x81, 0x00, 0x26, 0x0A,
    0x86, 0x04, 0xB7, 0xC8, 0x90, 0x20, 0x03, 0x7F, 0xC8, 0x92, 0xB6, 0xC8, 0x1C, 0x27, 0x43, 0x2A,
    0x02, 0x2B, 0x03, 0x20, 0x0F, 0x12, 0xB6, 0xC8, 0x1B, 0x26, 0x37, 0xB6, 0xC8, 0x90, 0x81, 0x08,
    0x26, 0x30, 0x20, 0x2E, 0xBD, 0x7E, 0x6E, 0xB6, 0xC8, 0x90, 0x81, 0x01, 0x26, 0x03, 0x7E, 0x00,
    0x2F, 0x81, 0x02, 0x26, 0x03, 0x7E, 0x21, 0x57, 0x81, 0x03, 0x26, 0x0F, 0xCC, 0x00, 0x00, 0xFD,
    0xC8, 0x80, 0x8E, 0xC8, 0x80, 0xBD, 0xF8, 0x4F, 0x7E, 0x39, 0x0C, 0x81, 0x04, 0x26, 0x03, 0x7E,
    0x49, 0x8E, 0xB6, 0xC8, 0x94, 0x81, 0x5F, 0x27, 0x03, 0x7C, 0xC8, 0x94, 0xBD, 0x6F, 0xB9, 0xFC,
    0xC8, 0xC8, 0x10, 0x27, 0xFF, 0x19, 0x7E, 0x6E, 0xD8, 0xFC, 0xC8, 0xC8, 0x27, 0x22, 0x83, 0x00,
    0x01, 0xFD, 0xC8, 0xC8, 0x4F, 0xB7, 0xC8, 0xC0, 0xCE, 0xC8, 0xCC, 0xBD, 0x70, 0x56, 0xB6, 0xC8,
    0xC0, 0xBD, 0xF2, 0x56, 0x33, 0x4E, 0x7C, 0xC8, 0xC0, 0xB6, 0xC8, 0xC0, 0x81, 0x0B, 0x26, 0xEB,
    0x39, 0xE6, 0x42, 0x26, 0x0C, 0xAE, 0xC4, 0xE6, 0x80, 0xE7, 0x43, 0xAF, 0xC4, 0xC6, 0x80, 0xE7,
    0x42, 0x64, 0x42, 0xE4, 0x43, 0x10, 0x26, 0x00, 0x7F, 0x6C, 0x46, 0x7F, 0xC8, 0xC5, 0x7F, 0xC8,
    0xC4, 0x78, 0xC8, 0xC4, 0x7C, 0xC8, 0xC5, 0xE6, 0x42, 0x26, 0x0C, 0xAE, 0xC4, 0xE6, 0x80, 0xE7,
    0x43, 0xAF, 0xC4, 0xC6, 0x80, 0xE7, 0x42, 0x64, 0x42, 0xE4, 0x43, 0x27, 0x03, 0x7C, 0xC8, 0xC4,
    0xAE, 0x47, 0x30, 0x03, 0xA6, 0x84, 0x84, 0x7F, 0xB1, 0xC8, 0xC5, 0x2E, 0xD4, 0x26, 0xF3, 0xE6,
    0x01, 0xF1, 0xC8, 0xC4, 0x26, 0xEC, 0xE6, 0x02, 0xA6, 0x84, 0x84, 0x80, 0x27, 0x12, 0xAE, 0x4C,
    0x5D, 0x27, 0x07, 0xA6, 0x80, 0x30, 0x86, 0x5A, 0x26, 0xF9, 0xAF, 0x49, 0x6F, 0x4B, 0x20, 0x06,
    0x6F, 0x49, 0x6F, 0x4A, 0xE7, 0x44, 0xEC, 0x45, 0x27, 0x87, 0xAE, 0x49, 0x27, 0x12, 0xA6, 0x80,
    0xE6, 0x4B, 0xE6, 0x85, 0xE7, 0x44, 0x6C, 0x4B, 0xA1, 0x4B, 0x26, 0x09, 0x6F, 0x4B, 0xEC, 0x45,
    0x83, 0x00, 0x01, 0xED, 0x45, 0xE6, 0x44, 0x39, 0x86, 0x02, 0xB7, 0xC8, 0xC1, 0x7C, 0xC8, 0xC1,
    0xE6, 0x42, 0x26, 0x0C, 0xAE, 0xC4, 0xE6, 0x80, 0xE7, 0x43, 0xAF, 0xC4, 0xC6, 0x80, 0xE7, 0x42,
    0x64, 0x42, 0xE4, 0x43, 0x26, 0xE7, 0x5C, 0xF7, 0xC8, 0xC2, 0xF7, 0xC8, 0xC3, 0xE6, 0x42, 0x26,
    0x0C, 0xAE, 0xC4, 0xE6, 0x80, 0xE7, 0x43, 0xAF, 0xC4, 0xC6, 0x80, 0xE7, 0x42, 0x64, 0x42, 0xE4,
    0x43, 0x27, 0x02, 0xC6, 0x01, 0xE7, 0x46, 0xE6, 0x42, 0x26, 0x0C, 0xAE, 0xC4, 0xE6, 0x80, 0xE7,
    0x43, 0xAF, 0xC4, 0xC6, 0x80, 0xE7, 0x42, 0x64, 0x42, 0xE4, 0x43, 0x27, 0x02, 0xC6, 0x01, 0x4F,
    0x48, 0x58, 0x24, 0x02, 0x8A, 0x01, 0x7A, 0xC8, 0xC3, 0x26, 0xF5, 0xE3, 0x45, 0xED, 0x45, 0x7C,
    0xC8, 0xC2, 0xB6, 0xC8, 0xC2, 0xB7, 0xC8, 0xC3, 0xB1, 0xC8, 0xC1, 0x26, 0xCA, 0x7E, 0x6F, 0xFB,
    0x8E, 0xC8, 0xCC, 0xCC, 0x00, 0x9A, 0xBD, 0xF5, 0x48, 0x10, 0xAE, 0xC1, 0xEC, 0xA4, 0xFD, 0xC8,
    0xC6, 0xFD, 0xC8, 0xC8, 0xC6, 0x0B, 0x10, 0xAE, 0xC1, 0x10, 0xAF, 0x07, 0x10, 0xAE, 0xC1, 0x10,
    0xAF, 0x0C, 0x10, 0xAE, 0xC1, 0x10, 0xAF, 0x84, 0x30, 0x0E, 0x5A, 0x26, 0xE9, 0xFF, 0xC8, 0xCA,
    0x39, 0x8E, 0xC8, 0x80, 0xBD, 0xF3, 0x08, 0xC6, 0x30, 0x8E, 0x7D, 0x40, 0xBD, 0xF4, 0x0E, 0xBD,
    0xF3, 0x54, 0x8E, 0xC8, 0x82, 0xBD, 0xF3, 0x08, 0xC6, 0x30, 0x8E, 0x7D, 0x56, 0xBD, 0xF4, 0x0E,
    0xBD, 0xF3, 0x54, 0x8E, 0xC8, 0x84, 0xBD, 0xF3, 0x08, 0xC6, 0x30, 0x8E, 0x7D, 0x7B, 0xBD, 0xF4,
    0x0E, 0xBD, 0xF3, 0x54, 0x8E, 0xC8, 0x86, 0xBD, 0xF3, 0x08, 0xC6, 0x30, 0x8E, 0x7D, 0x94, 0xBD,
    0xF4, 0x0E, 0xBD, 0xF3, 0x54, 0x8E, 0xC8, 0x88, 0xBD, 0xF3, 0x08, 0xC6, 0x30, 0x8E, 0x7D, 0xB0,
    0xBD, 0xF4, 0x0E, 0xBD, 0xF3, 0x54, 0x8E, 0xC8, 0x8A, 0xBD, 0xF3, 0x08, 0xC6, 0x30, 0x8E, 0x7D,
    0xD5, 0xBD, 0xF4, 0x0E, 0xBD, 0xF3, 0x54, 0x8E, 0xC8, 0x8C, 0xBD, 0xF3, 0x08, 0xC6, 0x30, 0x8E,
    0x7D, 0xEE, 0xBD, 0xF4, 0x0E, 0xBD, 0xF3, 0x54, 0x8E, 0xC8, 0x8E, 0xBD, 0xF3, 0x08, 0xC6, 0x30,
    0x8E, 0x7D, 0xB0, 0xBD, 0xF4, 0x0E, 0xBD, 0xF3, 0x54, 0x39, 0x8E, 0xC8, 0x80, 0x6F, 0x84, 0x30,
    0x01, 0x8C, 0xC8, 0x99, 0x26, 0xF7, 0x39, 0xCC, 0x1F, 0xC0, 0xFD, 0xC8, 0x80, 0xCB, 0x0C, 0xFD,
    0xC8, 0x82, 0xCB, 0x10, 0xFD, 0xC8, 0x84, 0xCB, 0x10, 0xFD, 0xC8, 0x86, 0xCB, 0x10, 0xFD, 0xC8,
    0x88, 0xCB, 0x10, 0xFD, 0xC8, 0x8A, 0xCB, 0x10, 0xFD, 0xC8, 0x8C, 0xCB, 0x08, 0xFD, 0xC8, 0x8E,
    0x86, 0x08, 0xB7, 0xC8, 0x95, 0x86, 0x09, 0xB7, 0xC8, 0x97, 0x7F, 0xC8, 0x96, 0x4F, 0xBD, 0xF1,
    0xB4, 0x7F, 0xC8, 0x12, 0x7F, 0xC8, 0x15, 0x7F, 0xC8, 0x17, 0x86, 0x01, 0xB7, 0xC8, 0x90, 0x39,
    0xCC, 0xFA, 0x2C, 0xFD, 0xC8, 0x2A, 0x8E, 0x72, 0x75, 0xB6, 0xC8, 0x96, 0x2C, 0x05, 0x8E, 0x72,
    0xF5, 0x80, 0x80, 0x30, 0x86, 0x10, 0x8E, 0xC8, 0xA0, 0xC6, 0x1E, 0xA6, 0x84, 0xA7, 0xA4, 0x30,
    0x01, 0x31, 0x21, 0x5A, 0x26, 0xF5, 0x86, 0x80, 0xA7, 0xA4, 0xCE, 0xC8, 0xA0, 0xCC, 0xA8, 0x94,
    0xBD, 0xF3, 0x7A, 0xCC, 0xFC, 0x3C, 0xFD, 0xC8, 0x2A, 0xB6, 0xC8, 0x90, 0xCE, 0x73, 0x95, 0x81,
    0x01, 0x27, 0x11, 0xCE, 0x73, 0xAC, 0x81, 0x02, 0x27, 0x0A, 0xCE, 0x73, 0xBF, 0x81, 0x03, 0x27,
    0x03, 0xCE, 0x73, 0xDA, 0xB6, 0xC8, 0x9C, 0x88, 0x01, 0xB7, 0xC8, 0x9C, 0x27, 0x06, 0xCC, 0xBA,
    0x80, 0xBD, 0xF3, 0x7A, 0x7A, 0xC8, 0x95, 0xB6, 0xC8, 0x95, 0x26, 0x08, 0x7C, 0xC8, 0x96, 0x86,
    0x08, 0xB7, 0xC8, 0x95, 0x39, 0x20, 0x20, 0x20, 0x20, 0x20, 0x20, 0x20, 0x20, 0x20, 0x20, 0x20,
    0x20, 0x20, 0x20, 0x20, 0x20, 0x20, 0x20, 0x20, 0x20, 0x20, 0x20, 0x20, 0x20, 0x20, 0x20, 0x20,
    0x20, 0x20, 0x20, 0x20, 0x57, 0x4F, 0x57, 0x2C, 0x20, 0x54, 0x48, 0x45, 0x20, 0x46, 0x49, 0x52,
    0x53, 0x54, 0x20, 0x36, 0x34, 0x4B, 0x20, 0x56, 0x45, 0x43, 0x54, 0x52, 0x45, 0x58, 0x20, 0x47,
    0x41, 0x4D, 0x45, 0x20, 0x45, 0x56, 0x45, 0x52, 0x20, 0x21, 0x20, 0x4D, 0x4F, 0x56, 0x45, 0x20,
    0x4A, 0x4F, 0x59, 0x53, 0x54, 0x49, 0x43, 0x4B, 0x20, 0x4C, 0x45, 0x46, 0x54, 0x2F, 0x52, 0x49,
    0x47, 0x48, 0x54, 0x20, 0x54, 0x4F, 0x20, 0x43, 0x48, 0x41, 0x4E, 0x47, 0x45, 0x20, 0x47, 0x41,
    0x4D, 0x45, 0x2C, 0x20, 0x50, 0x55, 0x53, 0x48, 0x20, 0x55, 0x50, 0x20, 0x54, 0x4F, 0x20, 0x50,
    0x4C, 0x41, 0x59, 0x2E, 0x20, 0x20, 0x54, 0x48, 0x49, 0x53, 0x20, 0x49, 0x53, 0x20, 0x54, 0x48,
    0x45, 0x20, 0x50, 0x55, 0x42, 0x4C, 0x49, 0x43, 0x20, 0x52, 0x45, 0x4C, 0x45, 0x41, 0x53, 0x45,
    0x20, 0x4F, 0x46, 0x20, 0x56, 0x45, 0x43, 0x4D, 0x41, 0x4E, 0x49, 0x41, 0x2C, 0x20, 0x50, 0x41,
    0x52, 0x54, 0x20, 0x31, 0x2E, 0x20, 0x54, 0x48, 0x45, 0x20, 0x52, 0x45, 0x4D, 0x41, 0x49, 0x4E,
    0x49, 0x4E, 0x47, 0x20, 0x47, 0x41, 0x4D, 0x45, 0x53, 0x20, 0x41, 0x52, 0x45, 0x20, 0x4F, 0x4E,
    0x20, 0x56, 0x45, 0x43, 0x4D, 0x41, 0x4E, 0x49, 0x41, 0x20, 0x50, 0x41, 0x52, 0x54, 0x20, 0x32,
    0x20, 0x20, 0x20, 0x20, 0x20, 0x20, 0x20, 0x20, 0x20, 0x20, 0x20, 0x20, 0x20, 0x20, 0x20, 0x20,
    0x20, 0x20, 0x20, 0x20, 0x20, 0x20, 0x20, 0x20, 0x20, 0x20, 0x20, 0x20, 0x20, 0x20, 0x20, 0x20,
    0x20, 0x20, 0x20, 0x20, 0x20, 0x20, 0x20, 0x20, 0x20, 0x20, 0x20, 0x20, 0x20, 0x20, 0x20, 0x20,
    0x20, 0x20, 0x20, 0x20, 0x20, 0x20, 0x20, 0x20, 0x20, 0x20, 0x20, 0x20, 0x20, 0x20, 0x20, 0x20,
    0x20, 0x20, 0x20, 0x20, 0x20, 0x20, 0x20, 0x20, 0x20, 0x20, 0x53, 0x54, 0x41, 0x52, 0x20, 0x46,
    0x49, 0x52, 0x45, 0x20, 0x53, 0x50, 0x49, 0x52, 0x49, 0x54, 0x53, 0x80, 0x20, 0x20, 0x20, 0x20,
    0x20, 0x20, 0x20, 0x20, 0x20, 0x20, 0x20, 0x52, 0x45, 0x50, 0x55, 0x4C, 0x53, 0x45, 0x80, 0x52,
    0x4F, 0x43, 0x4B, 0x41, 0x52, 0x4F, 0x49, 0x44, 0x53, 0x20, 0x52, 0x45, 0x4D, 0x49, 0x58, 0x3A,
    0x20, 0x33, 0x52, 0x44, 0x20, 0x52, 0x4F, 0x43, 0x4B, 0x80, 0x20, 0x20, 0x20, 0x20, 0x20, 0x20,
    0x20, 0x20, 0x41, 0x42, 0x59, 0x53, 0x53, 0x20, 0x44, 0x45, 0x4D, 0x4F, 0x80, 0xBD, 0xF1, 0xAA,
    0x86, 0xDF, 0xC6, 0xFF, 0xFD, 0xD0, 0x02, 0xCC, 0x01, 0x00, 0xFD, 0xD0, 0x00, 0xCC, 0x98, 0x7F,
    0xB7, 0xD0, 0x0B, 0xF7, 0xD0, 0x04, 0xBD, 0xF3, 0x54, 0x39, 0xBD, 0xF1, 0xAA, 0x86, 0x9F, 0xC6,
    0xFF, 0xFD, 0xD0, 0x02, 0xCC, 0x41, 0x00, 0xFD, 0xD0, 0x00, 0xCC, 0x98, 0x7F, 0xB7, 0xD0, 0x0B,
    0xF7, 0xD0, 0x04, 0xBD, 0xF3, 0x54, 0x39, 0x0B, 0x40, 0x82, 0x02, 0x02, 0x83, 0x07, 0x00, 0x03,
    0x02, 0x8F, 0x83, 0x06, 0x01, 0x84, 0x07, 0x03, 0x84, 0x06, 0x04, 0x84, 0x03, 0x06, 0x84, 0x02,
    0x05, 0x05, 0x03, 0xBB, 0x05, 0x02, 0xFB, 0x05, 0x01, 0xF4, 0x07, 0x02, 0x70, 0x08, 0x06, 0x98,
    0x08, 0x07, 0x30, 0x08, 0x03, 0xA3, 0x09, 0x05, 0xA9, 0x09, 0x04, 0xFA, 0x09, 0x02, 0x7D, 0x0A,
    0x07, 0xDD, 0x0A, 0x06, 0xCC, 0x0A, 0x03, 0x38, 0x0A, 0x02, 0x18, 0x0A, 0x01, 0x66, 0x0B, 0x01,
    0x0C, 0x0A, 0x0C, 0xA9, 0xA9, 0x66, 0xA9, 0xA3, 0xA3, 0xA3, 0xA3, 0xA3, 0x0A, 0xDD, 0xDD, 0xBB,
    0xBB, 0xBB, 0xBB, 0xBB, 0xBB, 0xBB, 0xBB, 0x0A, 0x7D, 0x7D, 0xFB, 0xFB, 0xFB, 0xFB, 0xFB, 0xFB,
    0xFB, 0xFB, 0x0A, 0xA3, 0x30, 0x8F, 0x8F, 0x8F, 0x8F, 0x8F, 0x8F, 0x8F, 0x8F, 0x0A, 0x38, 0x38,
    0x70, 0x70, 0x70, 0x70, 0x70, 0x70, 0x70, 0x70, 0x0D, 0x18, 0x18, 0x30, 0x30, 0x30, 0x30, 0x30,
    0x30, 0x30, 0x30, 0xFA, 0xFA, 0xF4, 0x0A, 0xCC, 0xCC, 0x98, 0x98, 0x98, 0x98, 0x98, 0x98, 0x98,
    0x98, 0x6C, 0xA3, 0x76, 0x3E, 0x54, 0xEC, 0x76, 0x76, 0x93, 0x0A, 0xE1, 0x6C, 0xA3, 0x76, 0x3E,
    0x54, 0xEC, 0x76, 0x76, 0x93, 0x0A, 0xE1, 0x6C, 0xA3, 0x76, 0x3E, 0x54, 0xEC, 0x76, 0x76, 0x93,
    0x0A, 0xE1, 0x6C, 0xA3, 0x76, 0x3E, 0x54, 0xEC, 0x76, 0x76, 0x93, 0x0A, 0xE1, 0x6C, 0xA3, 0x76,
    0x3E, 0x54, 0xEC, 0x76, 0x76, 0x93, 0x0A, 0xE1, 0x6C, 0xA3, 0x76, 0x3E, 0x54, 0xEC, 0x76, 0x76,
    0x93, 0x0A, 0xE1, 0x59, 0x44, 0xE8, 0xF9, 0x53, 0xA3, 0xA7, 0x52, 0x34, 0x35, 0x94, 0x4E, 0x8F,
    0x95, 0x3A, 0x3A, 0x75, 0x23, 0x43, 0x59, 0x44, 0xE8, 0xF9, 0x53, 0xA3, 0xA7, 0x52, 0x34, 0x35,
    0x94, 0x4E, 0x8F, 0x95, 0x3A, 0x3D, 0xA9, 0x30, 0xAE, 0x16, 0xCA, 0x37, 0x63, 0xE5, 0x4E, 0xC7,
    0x67, 0x69, 0x30, 0xAE, 0x16, 0xCA, 0x37, 0x63, 0xE5, 0x4E, 0xC7, 0x67, 0x69, 0x30, 0xAE, 0x16,
    0xCA, 0x37, 0x63, 0xE5, 0x4E, 0xC7, 0x67, 0x69, 0x30, 0xAE, 0x16, 0xCA, 0x37, 0x63, 0xE5, 0x4E,
    0xC7, 0x67, 0x69, 0x30, 0xAE, 0x15, 0x94, 0x4E, 0x8F, 0x95, 0x3A, 0x3A, 0x75, 0x23, 0x43, 0x59,
    0x44, 0xE8, 0xF9, 0x53, 0xA3, 0xA7, 0x52, 0x34, 0x35, 0x94, 0x4E, 0x8F, 0x95, 0x3A, 0x3A, 0x75,
    0x23, 0x43, 0x59, 0x44, 0xE8, 0xF9, 0x53, 0xA3, 0xDA, 0x93, 0x0A, 0xE1, 0x82, 0x02, 0x02, 0x83,
    0x07, 0x01, 0x83, 0x06, 0x00, 0x83, 0x02, 0x04, 0x04, 0x07, 0x0A, 0x84, 0x06, 0x03, 0x84, 0x03,
    0x05, 0x04, 0x02, 0x04, 0x04, 0x01, 0x03, 0x05, 0x01, 0x05, 0x06, 0x01, 0x02, 0x07, 0x01, 0x01,
    0x0A, 0x02, 0x02, 0x04, 0x04, 0x04, 0x04, 0x04, 0x04, 0x04, 0x04, 0x0A, 0x01, 0x01, 0x03, 0x03,
    0x03, 0x03, 0x03, 0x03, 0x03, 0x03, 0x0A, 0x01, 0x01, 0x01, 0x01, 0x01, 0x02, 0x02, 0x02, 0x02,
    0x02, 0x0B, 0x02, 0x02, 0x04, 0x04, 0x04, 0x04, 0x04, 0x04, 0x04, 0x04, 0x02, 0x0A, 0x02, 0x04,
    0x0A, 0x0A, 0x0A, 0x0A, 0x0A, 0x0A, 0x0A, 0x0A, 0x0A, 0x02, 0x02, 0x05, 0x05, 0x05, 0x05, 0x05,
    0x05, 0x05, 0x05, 0x7C, 0xA2, 0x9C, 0xB2, 0xBA, 0x72, 0x74, 0xF6, 0xD2, 0xF9, 0x45, 0x39, 0x65,
    0x74, 0xE4, 0xE9, 0xED, 0xA5, 0xF2, 0x8A, 0x72, 0xCA, 0xE9, 0xC9, 0xD3, 0xDB, 0x4B, 0xE5, 0x14,
    0xE5, 0x95, 0xD3, 0x93, 0xA7, 0xB6, 0x97, 0xCA, 0x29, 0xCB, 0x2B, 0xA7, 0x27, 0x4F, 0x6D, 0x2F,
    0x94, 0x53, 0x96, 0x57, 0x4E, 0x4E, 0x9E, 0xD9, 0xDB, 0x29, 0x23, 0x0B, 0x92, 0xE8, 0xC2, 0xC2,
    0xEC, 0x8C, 0x07, 0x08, 0x46, 0xC3, 0x6C, 0xA4, 0x8C, 0x2E, 0x4B, 0xA3, 0x0B, 0x0B, 0xB2, 0x30,
    0x1C, 0x21, 0x1B, 0x0D, 0xB2, 0x92, 0x30, 0xB9, 0x2E, 0x8C, 0x2C, 0x2E, 0xC8, 0xC0, 0x70, 0x84,
    0x6C, 0x36, 0xCA, 0x48, 0xC2, 0xE4, 0xBA, 0x30, 0xB0, 0xBC, 0xF4, 0xBE, 0x51, 0x4E, 0x59, 0x5D,
    0x39, 0x3A, 0x7B, 0x69, 0x7C, 0xA2, 0x9C, 0xB2, 0xBA, 0x72, 0x74, 0xF6, 0xD2, 0xF9, 0x45, 0x39,
    0x65, 0x74, 0xE4, 0xE9, 0xED, 0xA5, 0xF2, 0x8A, 0x72, 0xCA, 0xE9, 0xC9, 0xD3, 0xDB, 0x3B, 0x65,
    0x24, 0x61, 0x72, 0x5D, 0x18, 0x58, 0x5D, 0x91, 0x80, 0xE1, 0x08, 0xD8, 0x6D, 0x94, 0x91, 0x85,
    0xC9, 0x74, 0x61, 0x61, 0x76, 0x46, 0x03, 0x84, 0x23, 0x61, 0xB6, 0x52, 0x46, 0x17, 0x25, 0xD1,
    0x85, 0x85, 0xD9, 0x18, 0x0E, 0x10, 0x8D, 0x86, 0xD9, 0x49, 0x18, 0x5C, 0x97, 0x46, 0x16, 0x17,
    0x9E, 0x70, 0x83, 0x05, 0x04, 0x83, 0x07, 0x01, 0x83, 0x04, 0x02, 0x83, 0x06, 0x00, 0x04, 0x07,
    0xEE, 0x84, 0x06, 0x05, 0x04, 0x04, 0x3E, 0x85, 0x04, 0x07, 0x05, 0x0B, 0x1C, 0x05, 0x0A, 0x0C,
    0x85, 0x07, 0x03, 0x05, 0x06, 0xD4, 0x06, 0x06, 0x77, 0x06, 0x0B, 0x3D, 0x86, 0x0A, 0x06, 0x06,
    0x05, 0xED, 0x06, 0x04, 0x70, 0x07, 0x0F, 0xBD, 0x07, 0x0E, 0xD3, 0x07, 0x02, 0x65, 0x07, 0x06,
    0x7E, 0x07, 0x05, 0x86, 0x07, 0x04, 0xC8, 0x08, 0x01, 0x59, 0x08, 0x06, 0xFD, 0x08, 0x0F, 0x66,
    0x08, 0x0E, 0xB3, 0x08, 0x07, 0x9F, 0x08, 0x03, 0xE1, 0x08, 0x02, 0xA8, 0x09, 0x01, 0x96, 0x0A,
    0x01, 0x8E, 0x0B, 0x01, 0x64, 0x03, 0xBD, 0x9F, 0x77, 0x03, 0xD4, 0x9F, 0x7E, 0x08, 0x65, 0x66,
    0x66, 0x66, 0x66, 0x66, 0x65, 0x65, 0x02, 0xB3, 0x8E, 0x0A, 0x96, 0x3E, 0x3E, 0x3E, 0x3E, 0x3E,
    0x3E, 0x3E, 0x3E, 0x3E, 0x0A, 0x64, 0xD4, 0xD4, 0xD4, 0xD4, 0xD4, 0xD4, 0xD4, 0xD4, 0xD4, 0x02,
    0xBD, 0xB3, 0x02, 0xD4, 0xC8, 0x90, 0x2A, 0x87, 0xC8, 0x17, 0x99, 0x80, 0x55, 0x0F, 0x02, 0x09,
    0x9D, 0xEC, 0x2C, 0x9C, 0x1B, 0x4A, 0x81, 0x74, 0xAD, 0x6A, 0x96, 0x2E, 0xA9, 0x62, 0xE2, 0x81,
    0x33, 0xBD, 0x85, 0x93, 0x84, 0xD2, 0xE0, 0xDA, 0x54, 0x0B, 0xA5, 0x72, 0xA0, 0xBA, 0x56, 0x0D,
    0xA5, 0x41, 0x33, 0xBD, 0x85, 0x93, 0x83, 0x69, 0x50, 0x2E, 0x95, 0xAD, 0x52, 0xC5, 0xC9, 0x14,
    0x26, 0x77, 0xB0, 0xB2, 0x70, 0x9A, 0x5C, 0x1B, 0x4A, 0x81, 0x74, 0xAE, 0x54, 0x17, 0x4A, 0xC1,
    0xB4, 0xA8, 0x26, 0x77, 0xB0, 0xB2, 0x70, 0x6D, 0x2A, 0x05, 0xD2, 0xB5, 0xAA, 0x58, 0xBA, 0xA5,
    0x8B, 0x8A, 0x04, 0xCE, 0xF6, 0x16, 0x4E, 0x13, 0x4B, 0x83, 0x69, 0x50, 0x2E, 0x95, 0xCA, 0x82,
    0xE9, 0x58, 0x36, 0x95, 0x04, 0xCE, 0xF6, 0x16, 0x4E, 0x0D, 0xA5, 0x40, 0xBA, 0x56, 0xB5, 0x4B,
    0x17, 0x24, 0x50, 0x99, 0xDE, 0xC2, 0xC9, 0xC2, 0x69, 0x70, 0x6D, 0x2A, 0x05, 0xD2, 0xB9, 0x50,
    0x5D, 0x2B, 0x06, 0xD2, 0xA5, 0xAA, 0x58, 0xB9, 0x21, 0x96, 0xA9, 0x62, 0xE4, 0x8A, 0x6A, 0x9A,
    0xC3, 0xAA, 0x6B, 0x0E, 0x89, 0x94, 0xD5, 0x35, 0x87, 0x48, 0xD2, 0xB2, 0x65, 0xAA, 0x58, 0xB9,
    0x21, 0x96, 0xA9, 0x62, 0xE4, 0x8A, 0x6A, 0x9A, 0xC3, 0xAA, 0x6B, 0x0E, 0x89, 0x94, 0xCA, 0x01,
    0xD2, 0x3C, 0x03, 0xA4, 0x79, 0x82, 0x69, 0x75, 0xAA, 0x58, 0xB9, 0x21, 0x96, 0xA9, 0x62, 0xE4,
    0x8A, 0x6A, 0x9A, 0xC3, 0xAA, 0x6B, 0x0E, 0x89, 0x94, 0xD5, 0x35, 0x87, 0x48, 0xD2, 0xB2, 0x65,
    0xAA, 0x58, 0xB9, 0x21, 0x96, 0xA9, 0x62, 0xE4, 0x8A, 0x6A, 0x9A, 0xC3, 0xAA, 0x6B, 0x0E, 0x89,
    0x94, 0x03, 0xA4, 0x79, 0x82, 0x69, 0x70, 0xDA, 0x41, 0x82, 0x69, 0x73, 0x03, 0xA7, 0x85, 0x69,
    0xC1, 0xE0, 0x70, 0x74, 0xF0, 0xA9, 0xE1, 0x53, 0xC2, 0xA7, 0x85, 0x5B, 0x00, 0x87, 0x0C, 0x38,
    0x61, 0xC3, 0x0E, 0x18, 0x70, 0xC3, 0x86, 0x90, 0x74, 0xF0, 0xAD, 0x38, 0x3C, 0x0E, 0x0E, 0x9E,
    0x15, 0x3C, 0x2A, 0x78, 0x54, 0xF0, 0xAB, 0x60, 0x10, 0xE1, 0x87, 0x0C, 0x38, 0x60, 0x10, 0xE1,
    0x87, 0x0C, 0x38, 0x60, 0x74, 0xF0, 0xAD, 0x38, 0x3C, 0x0E, 0x0E, 0x9E, 0x15, 0x3C, 0x2A, 0x78,
    0x54, 0xF0, 0xAB, 0x60, 0x10, 0xE1, 0x87, 0x0C, 0x38, 0x61, 0xC3, 0x0E, 0x18, 0x70, 0xD2, 0x0E,
    0x9E, 0x15, 0xA7, 0x07, 0x81, 0xC1, 0xD3, 0xC2, 0xA7, 0x85, 0x4F, 0x0A, 0x9E, 0x15, 0x6C, 0x02,
    0x1C, 0x30, 0xE1, 0x87, 0x0C, 0x38, 0x61, 0xC3, 0x0E, 0x18, 0x1C, 0x09, 0x3E, 0x26, 0x9E, 0x30,
    0x1C, 0x12, 0x7C, 0x49, 0xF1, 0x27, 0xC4, 0x9F, 0x12, 0xDC, 0x06, 0x71, 0xCE, 0x39, 0xC7, 0x38,
    0xE7, 0x1C, 0xE3, 0x9C, 0x12, 0x7C, 0x4D, 0x3C, 0x60, 0x38, 0x24, 0xF8, 0x93, 0xE2, 0x4F, 0x89,
    0x3E, 0x25, 0xB8, 0x0C, 0xE3, 0x9C, 0x73, 0x8E, 0x03, 0x38, 0xE7, 0x1C, 0xE3, 0x82, 0x4F, 0x89,
    0xA7, 0x8C, 0x07, 0x04, 0x9F, 0x12, 0x7C, 0x49, 0xF1, 0x27, 0xC4, 0xB7, 0x01, 0x9C, 0x73, 0x8E,
    0x71, 0xCE, 0x39, 0xC7, 0x38, 0xE7, 0x04, 0x9F, 0x13, 0x4F, 0x18, 0x0E, 0x09, 0x3E, 0x24, 0xF8,
    0x93, 0xE2, 0x5B, 0x80, 0xCE, 0x39, 0xC7, 0x38, 0xE0, 0x33, 0x8E, 0x71, 0xCE, 0x38, 0x25, 0xB8,
    0x25, 0xB8, 0x01, 0x01, 0x00, 0x82, 0x01, 0x00, 0x03, 0x01, 0x01, 0x0A, 0x01, 0x01, 0x01, 0x01,
    0x01, 0x01, 0x01, 0x01, 0x01, 0x00, 0xFE, 0x02, 0x9E, 0xAE, 0x4F, 0x14, 0x9E, 0x7E, 0x6F, 0x17,
    0x27, 0x29, 0x93, 0xCF, 0xCD, 0xE2, 0xE4, 0xF1, 0x49, 0xE7, 0xE6, 0xF1, 0x72, 0x72, 0x99, 0x3C,
    0xFC, 0xDC, 0xA4, 0xE5, 0xE5, 0x32, 0x79, 0xF3, 0xC5, 0xC9, 0xE2, 0xF2, 0x93, 0x97, 0x94, 0xC9,
    0xE7, 0xCE, 0x59, 0xF0, 0xBC, 0xA4, 0xE5, 0xE5, 0x32, 0x79, 0xF3, 0xC5, 0xC9, 0xE2, 0xF2, 0x93,
    0x97, 0x94, 0xC9, 0xE7, 0xCF, 0xFD, 0xB9, 0x60, 0x81, 0x01, 0x00, 0x02, 0x01, 0x1C, 0x03, 0x01,
    0x1B, 0x08, 0x1B, 0x1C, 0x1C, 0x1C, 0x1C, 0x1C, 0x1B, 0x1B, 0x91, 0xAB, 0x23, 0xFC, 0xCD, 0x8D,
    0x51, 0x01, 0x01, 0x01, 0xFF, 0xC0, 0x5B, 0x01, 0x01, 0x10, 0x02, 0x01, 0x18, 0x03, 0x01, 0x11,
    0x84, 0x01, 0x00, 0x05, 0x01, 0x15, 0x06, 0x15, 0x15, 0x18, 0x18, 0x18, 0x18, 0xE2, 0xE2, 0x87,
    0x2F, 0x8A, 0x62, 0x87, 0x2F, 0x29, 0xCB, 0x8A, 0x1F, 0x98, 0xE2, 0x87, 0x2F, 0x8A, 0x62, 0x87,
    0x2F, 0x29, 0xCB, 0x8A, 0x1F, 0x93, 0xC3, 0xFC, 0xB9, 0x87, 0xFC, 0xBD, 0xF8, 0x68, 0x72, 0xF2,
    0x9C, 0xE8, 0x72, 0xB9, 0x4E, 0x74, 0x39, 0x5C, 0xBE, 0x2B, 0x97, 0xC3, 0x43, 0x97, 0x94, 0xE7,
    0x43, 0x95, 0xCA, 0x73, 0xA1, 0xCA, 0xE5, 0xF9, 0xB4, 0x39, 0x79, 0x4E, 0x74, 0x39, 0x5C, 0xA7,
    0x3A, 0x1C, 0xAE, 0x5F, 0x15, 0xCB, 0xE1, 0xA1, 0xCB, 0xCA, 0x73, 0xA1, 0xCA, 0xE5, 0x39, 0xD0,
    0xE5, 0x72, 0xF8, 0xAE, 0x5F, 0x0D, 0x0E, 0x5E, 0x53, 0x9D, 0x0E, 0x57, 0x29, 0xCE, 0x87, 0x2B,
    0x97, 0xC5, 0x72, 0xF8, 0x68, 0x72, 0xF2, 0x9C, 0xE8, 0x72, 0xB9, 0x4E, 0x74, 0x39, 0x5C, 0xBF,
    0x36, 0x87, 0x2F, 0x29, 0xCE, 0x87, 0x2B, 0x94, 0xE7, 0x43, 0x95, 0xCB, 0xE2, 0xB9, 0x7C, 0x34,
    0x39, 0x79, 0x4E, 0x74, 0x39, 0x5C, 0xA7, 0x2B, 0x97, 0xE4, 0xD0, 0x82, 0x02, 0x02, 0x83, 0x07,
    0x00, 0x03, 0x02, 0x7E, 0x83, 0x06, 0x01, 0x84, 0x02, 0x06, 0x04, 0x07, 0x7C, 0x84, 0x06, 0x03,
    0x05, 0x02, 0x7F, 0x85, 0x07, 0x04, 0x05, 0x06, 0x7D, 0x85, 0x03, 0x05, 0x06, 0x03, 0x66, 0x06,
    0x02, 0x74, 0x07, 0x03, 0x76, 0x07, 0x02, 0x64, 0x08, 0x03, 0x77, 0x08, 0x02, 0x75, 0x08, 0x01,
    0x6F, 0x09, 0x01, 0x6E, 0x0A, 0x01, 0x6D, 0x0B, 0x01, 0x6C, 0x0A, 0x6E, 0x7C, 0x7C, 0x7C, 0x7C,
    0x7C, 0x7C, 0x7C, 0x7C, 0x7C, 0x0A, 0x6C, 0x7C, 0x7C, 0x7C, 0x7C, 0x7C, 0x7C, 0x7C, 0x7C, 0x7C,
    0x09, 0x7C, 0x74, 0x74, 0x74, 0x74, 0x75, 0x75, 0x75, 0x75, 0x0A, 0x74, 0x7C, 0x7C, 0x7D, 0x7D,
    0x7D, 0x7D, 0x7D, 0x7D, 0x7D, 0x0A, 0x7C, 0x7C, 0x7C, 0x7D, 0x7D, 0x7D, 0x7D, 0x7D, 0x7D, 0x7D,
    0x0C, 0x76, 0x7E, 0x76, 0x76, 0x76, 0x76, 0x77, 0x77, 0x77, 0x77, 0x7E, 0x7E, 0x0B, 0x6D, 0x7D,
    0x7D, 0x7D, 0x7D, 0x7D, 0x7D, 0x7D, 0x7D, 0x7D, 0x74, 0xD6, 0xAE, 0x20, 0xF0, 0xA0, 0x39, 0x2E,
    0x88, 0x83, 0xC2, 0x80, 0xE4, 0xAE, 0x2C, 0xA8, 0x3F, 0x5E, 0xAE, 0x20, 0xF0, 0xA0, 0x39, 0x2E,
    0x88, 0x83, 0xC2, 0x80, 0xE4, 0xAE, 0x2C, 0xA8, 0x3F, 0x06, 0x9C, 0x70, 0x69, 0xC1, 0xC9, 0xFA,
    0x26, 0x04, 0x9C, 0xCE, 0x0D, 0x4F, 0x8E, 0x0D, 0x38, 0x39, 0x3F, 0x44, 0xC0, 0xD3, 0x99, 0xC1,
    0xA9, 0xF1, 0xC1, 0xA7, 0x07, 0x27, 0xE8, 0x98, 0x12, 0x73, 0x38, 0x35, 0x3E, 0x38, 0x34, 0xE0,
    0xE4, 0xFD, 0x13, 0x03, 0x4E, 0x67, 0x06, 0xA7, 0xC7, 0x06, 0x9C, 0xC0, 0x1D, 0x26, 0x06, 0xB2,
    0xB9, 0x9C, 0x1A, 0xCA, 0xF5, 0xE3, 0x83, 0x4E, 0x60, 0x0E, 0x93, 0x03, 0x59, 0x5C, 0xCE, 0x0D,
    0x4F, 0x8E, 0x0D, 0x39, 0x80, 0x3A, 0x4C, 0x0D, 0x65, 0x73, 0x38, 0x35, 0x95, 0xEB, 0xC7, 0x06,
    0x9C, 0xC0, 0x1D, 0x26, 0x06, 0xB2, 0xB9, 0xAF, 0xD8, 0x70, 0x25, 0x95, 0xCC, 0x24, 0xC6, 0x60,
    0x49, 0xB2, 0xBC, 0xB6, 0x57, 0x61, 0xC0, 0x96, 0x57, 0x30, 0x93, 0x19, 0x81, 0x26, 0xCA, 0xF1,
    0xC3, 0x81, 0x2C, 0xAE, 0x61, 0x26, 0x33, 0x02, 0x4D, 0x95, 0xE5, 0xB2, 0xBB, 0x0E, 0x04, 0xB2,
    0xB9, 0x84, 0x98, 0xCC, 0x09, 0x36, 0x57, 0x96, 0xCA, 0xEC, 0x38, 0x12, 0xCA, 0xE6, 0x12, 0x63,
    0x30, 0x24, 0xD9, 0x5E, 0x5B, 0x2B, 0xB0, 0xE0, 0x4B, 0x2B, 0x98, 0x49, 0x8C, 0xC0, 0x93, 0x65,
    0x78, 0xE1, 0xC0, 0x96, 0x57, 0x30, 0x93, 0x19, 0x81, 0x26, 0xCA, 0xF2, 0xD9, 0x5D, 0x87, 0x02,
    0x59, 0x5C, 0xC2, 0x4C, 0x66, 0xCA, 0xF5, 0xC0, 0x01, 0x01, 0x0E, 0x82, 0x01, 0x00, 0x03, 0x01,
    0x08, 0x04, 0x01, 0x03, 0x09, 0x08, 0x08, 0x03, 0x0E, 0x0E, 0x0E, 0x0E, 0x0E, 0x0E, 0xED, 0xCF,
    0x7E, 0x7B, 0xF3, 0xF7, 0x19, 0xEF, 0xCF, 0x7E, 0x7E, 0xE3, 0x3D, 0xF9, 0xEF, 0xCF, 0xDC, 0x67,
    0xBF, 0x3D, 0xF9, 0xFB, 0x8C, 0xF7, 0xE7, 0xBF, 0x3F, 0x71, 0x9E, 0xFC, 0xF7, 0xE7, 0xEE, 0x33,
    0xDF, 0x9E, 0xFC, 0xFD, 0xC6, 0x7B, 0xF3, 0xDF, 0x9F, 0xB8, 0xCF, 0x7E, 0x7B, 0xF3, 0xF7, 0x19,
    0xEF, 0xCF, 0xDE, 0xE7, 0xBF, 0x3D, 0xF9, 0xFB, 0x8C, 0xF7, 0xE7, 0xBF, 0x3F, 0x71, 0x9E, 0xFC,
    0xF7, 0xE7, 0xEE, 0x33, 0xDF, 0x9E, 0xFC, 0xFD, 0xC6, 0x7B, 0xF3, 0xDF, 0x9F, 0xB8, 0xCF, 0x7E,
    0x7B, 0xF3, 0xF7, 0x19, 0xEF, 0xCF, 0x7E, 0x7E, 0xE3, 0x3D, 0xF9, 0xF8, 0xAC, 0x82, 0x02, 0x01,
    0x82, 0x03, 0x00, 0x83, 0x03, 0x02, 0x03, 0x02, 0x00, 0x83, 0x01, 0x03, 0x85, 0x03, 0x04, 0x05,
    0x02, 0x06, 0x07, 0x05, 0x02, 0x07, 0x07, 0x05, 0x07, 0x06, 0x03, 0x07, 0x04, 0x01, 0x08, 0x07,
    0x07, 0x08, 0x06, 0x08, 0x08, 0x05, 0x0C, 0x08, 0x04, 0x0B, 0x08, 0x03, 0x0A, 0x08, 0x02, 0x09,
    0x08, 0x01, 0x0D, 0x09, 0x01, 0x04, 0x0A, 0x0D, 0x0D, 0x0D, 0x0C, 0x0C, 0x0B, 0x0B, 0x0A, 0x0A,
    0x09, 0x0A, 0x0D, 0x0D, 0x0C, 0x0C, 0x0C, 0x0C, 0x0B, 0x0B, 0x0B, 0x0B, 0x0A, 0x0A, 0x0A, 0x0A,
    0x0A, 0x09, 0x09, 0x09, 0x09, 0x08, 0x08, 0x0A, 0x09, 0x08, 0x08, 0x08, 0x07, 0x07, 0x07, 0x07,
    0x07, 0x07, 0x0A, 0x08, 0x08, 0x07, 0x07, 0x07, 0x07, 0x06, 0x06, 0x06, 0x06, 0xB0, 0x07, 0x18,
    0x6C, 0x61, 0x71, 0x84, 0xFE, 0x98, 0xA6, 0x36, 0xC6, 0x62, 0x88, 0x76, 0x38, 0x71, 0xB6, 0x32,
    0xC7, 0x0E, 0x36, 0xC6, 0x62, 0x88, 0x76, 0x38, 0x71, 0xB6, 0x32, 0xC7, 0x0E, 0x32, 0xC6, 0x58,
    0xCC, 0x51, 0x0F, 0x2C, 0x6B, 0x8C, 0xB1, 0x96, 0x33, 0x14, 0x43, 0xE1, 0xC6, 0x58, 0xCB, 0x19,
    0x8A, 0x21, 0xE5, 0x8D, 0x71, 0x96, 0x32, 0xC6, 0x62, 0x88, 0x7B, 0xE8, 0xD1, 0x86, 0x8D, 0x1A,
    0x34, 0x72, 0x8D, 0x1A, 0x30, 0xD1, 0xA3, 0x46, 0x8E, 0x31, 0xA3, 0x0D, 0x1A, 0x34, 0x68, 0xE5,
    0x1A, 0x34, 0x61, 0xA3, 0x46, 0x8D, 0x1C, 0xA3, 0x46, 0x8C, 0x34, 0x68, 0xD1, 0xA3, 0x94, 0x68,
    0xD1, 0x86, 0x8D, 0x1A, 0x34, 0x71, 0x8D, 0x18, 0x68, 0xD1, 0xA3, 0x47, 0x28, 0xD1, 0xA3, 0x0D,
    0x1A, 0x34, 0x75, 0x80, 0x01, 0x01, 0x00, 0x03, 0x03, 0x03, 0x03, 0x02, 0x02, 0x03, 0x01, 0x01,
    0x04, 0x01, 0x04, 0xB0, 0xE3, 0x78, 0xD6, 0x33, 0xFF, 0xA6, 0x36, 0x74, 0x27, 0x74, 0x26, 0x74,
    0x71, 0x74, 0xC1, 0x75, 0x79, 0x75, 0xA0, 0x75, 0xE3, 0x76, 0x9F, 0x77, 0x05, 0x77, 0x35, 0x78,
    0xFF, 0x79, 0x0B, 0x79, 0x16, 0x79, 0x55, 0x79, 0x61, 0x79, 0x6A, 0x79, 0x6E, 0x79, 0x74, 0x79,
    0x74, 0x79, 0x74, 0x79, 0x86, 0x79, 0x8D, 0x7A, 0x18, 0x7A, 0x5A, 0x7A, 0xA9, 0x7B, 0x85, 0x7B,
    0x94, 0x7B, 0x9E, 0x7B, 0xFA, 0x7C, 0x36, 0x7C, 0x6D, 0x7C, 0xE1, 0x7C, 0xF3, 0x7C, 0xF3, 0x80,
    0xFF, 0x00, 0x0E, 0xFF, 0x46, 0x38, 0xFF, 0x00, 0xF2, 0xFF, 0xC8, 0xD6, 0xFF, 0x38, 0x00, 0xFF,
    0x00, 0xF2, 0xFF, 0xBA, 0x00, 0x01, 0xFF, 0x00, 0x3F, 0xFF, 0x0E, 0x07, 0xFF, 0x00, 0xCF, 0xFF,
    0x0E, 0x07, 0xFF, 0x00, 0x0E, 0xFF, 0x0E, 0x07, 0xFF, 0x00, 0xF2, 0xFF, 0x0E, 0x07, 0xFF, 0x00,
    0x15, 0xFF, 0x0E, 0x07, 0xFF, 0x00, 0xDD, 0xFF, 0xBA, 0xDD, 0x01, 0xFF, 0x00, 0x3F, 0xFF, 0x0E,
    0x07, 0xFF, 0x00, 0xCF, 0xFF, 0x2A, 0x15, 0xFF, 0x00, 0x15, 0xFF, 0x0E, 0x07, 0xFF, 0x00, 0xDD,
    0xFF, 0xBA, 0xDD, 0x01, 0xFF, 0x00, 0x0E, 0xFF, 0x38, 0x1C, 0xFF, 0xE4, 0x00, 0xFF, 0x1C, 0x0E,
    0xFF, 0xC8, 0x00, 0xFF, 0x00, 0x0E, 0xFF, 0x46, 0x00, 0xFF, 0x00, 0xDD, 0xFF, 0xBA, 0xDD, 0x01,
    0xFF, 0x00, 0x0E, 0xFF, 0x38, 0x1C, 0xFF, 0x00, 0x0E, 0xFF, 0xF2, 0x00, 0xFF, 0x00, 0xF2, 0xFF,
    0xF2, 0xF9, 0xFF, 0x00, 0x15, 0xFF, 0xE4, 0x00, 0xFF, 0x00, 0x0E, 0xFF, 0x46, 0x00, 0xFF, 0x00,
    0xDD, 0xFF, 0xBA, 0xDD, 0x01, 0xFF, 0x00, 0x0E, 0xFF, 0x38, 0x1C, 0xFF, 0x00, 0x0E, 0xFF, 0xC8,
    0x00, 0xFF, 0x00, 0x0E, 0xFF, 0x46, 0x00, 0xFF, 0x00, 0xDD, 0xFF, 0xBA, 0xDD, 0x01, 0xFF, 0x00,
    0x0E, 0xFF, 0x46, 0x23, 0xFF, 0x00, 0xF2, 0xFF, 0xBA, 0xDD, 0x01, 0x8E, 0xC8, 0x1F, 0x86, 0x01,
    0xA7, 0x80, 0x86, 0x03, 0xA7, 0x80, 0x4F, 0xA7, 0x80, 0xA7, 0x80, 0x39, 0x86, 0x4F, 0xB7, 0xC8,
    0x23, 0xBD, 0xF1, 0xF8, 0x39, 0xCC, 0xF8, 0x48, 0xFD, 0xC8, 0x2A, 0xB6, 0xC8, 0x9A, 0xBD, 0xF2,
    0xAB, 0xCE, 0x7E, 0x48, 0xCC, 0xC0, 0xC0, 0xBD, 0xF3, 0x7A, 0xCC, 0xF8, 0x40, 0xFD, 0xC8, 0x2A,
    0xCE, 0x7E, 0x53, 0xCC, 0x2F, 0x90, 0xBD, 0xF3, 0x7A, 0xB6, 0xC8, 0x3B, 0x26, 0x09, 0xCE, 0xCB,
    0xEB, 0xCC, 0x68, 0xD0, 0xBD, 0xF3, 0x7A, 0x39, 0x67, 0x20, 0x47, 0x43, 0x45, 0x20, 0x4E, 0x4F,
    0x54, 0x21, 0x80, 0x49, 0x54, 0x20, 0x57, 0x41, 0x53, 0x20, 0x57, 0x4F, 0x52, 0x54, 0x48, 0x20,
    0x54, 0x48, 0x45, 0x20, 0x57, 0x41, 0x49, 0x54, 0x20, 0x2E, 0x2E, 0x2E, 0x80, 0x00, 0x34, 0x10,
    0x34, 0x20, 0xCE, 0x7E, 0x7D, 0xBD, 0xF2, 0x7D, 0x35, 0x20, 0x35, 0x10, 0x39, 0x00, 0x00, 0x01,
    0x00, 0x02, 0x00, 0x03, 0x00, 0x04, 0x00, 0x05, 0x00, 0x06, 0x1F, 0x07, 0x1C, 0x08, 0x0F, 0x09,
    0x0F, 0x0A, 0x10, 0x0B, 0x0F, 0x0C, 0x00, 0x0D, 0x10, 0x0E, 0x00, 0xFF, 0x8E, 0xCA, 0x3E, 0x34,
    0x10, 0xA6, 0x84, 0xBD, 0xF5, 0x84, 0xBD, 0xF2, 0xAB, 0xBD, 0xF3, 0x0C, 0xBD, 0xF2, 0xC5, 0xBD,
    0xF3, 0x54, 0x35, 0x10, 0xA6, 0x84, 0xAB, 0x02, 0xA7, 0x84, 0xA6, 0x01, 0xAB, 0x03, 0xA7, 0x01,
    0xA6, 0x84, 0x81, 0x7D, 0x27, 0x36, 0x81, 0x7E, 0x27, 0x32, 0x81, 0x7F, 0x27, 0x2E, 0x81, 0x80,
    0x27, 0x2A, 0x81, 0x81, 0x27, 0x26, 0x81, 0x82, 0x27, 0x22, 0xA6, 0x01, 0x81, 0x7D, 0x27, 0x1C,
    0x81, 0x7E, 0x27, 0x18, 0x81, 0x7F, 0x27, 0x14, 0x81, 0x80, 0x27, 0x10, 0x81, 0x81, 0x27, 0x0C,
    0x81, 0x82, 0x27, 0x08, 0x30, 0x04, 0x8C, 0xCA, 0x52, 0x26, 0xA4, 0x39, 0xBD, 0x7F, 0x0F, 0x20,
    0x9E, 0x8E, 0xCA, 0x3E, 0xBD, 0x7F, 0x0F, 0x30, 0x04, 0x8C, 0xCA, 0x52, 0x26, 0xF6, 0x39, 0x34,
    0x10, 0xCC, 0x00, 0x00, 0xED, 0x84, 0xBD, 0xF1, 0xAF, 0xBD, 0xF5, 0x11, 0x34, 0x02, 0x35, 0x04,
    0x86, 0x04, 0xBD, 0xF6, 0x01, 0x35, 0x10, 0xED, 0x02, 0xBD, 0xF1, 0xAA, 0x39, 0xFF, 0xFF, 0xFF,
    0xFF, 0xFF, 0xFF, 0xFF, 0xFF, 0xFF, 0xFF, 0xFF, 0xFF, 0xFF, 0xFF, 0xFF, 0xFF, 0xFF, 0xFF, 0xFF,
    0xFF, 0xFF, 0xFF, 0xFF, 0xFF, 0xFF, 0xFF, 0xFF, 0xFF, 0xFF, 0xFF, 0xFF, 0xFF, 0xFF, 0xFF, 0xFF,
    0xFF, 0xFF, 0xFF, 0xFF, 0xFF, 0xFF, 0xFF, 0xFF, 0xFF, 0xFF, 0xFF, 0xFF, 0xFF, 0xFF, 0xFF, 0xFF,
    0xFF, 0xFF, 0xFF, 0xFF, 0xFF, 0xFF, 0xFF, 0xFF, 0xFF, 0xFF, 0xFF, 0xFF, 0xFF, 0xFF, 0xFF, 0xFF,
    0xFF, 0xFF, 0xFF, 0xFF, 0xFF, 0xFF, 0xFF, 0xFF, 0xFF, 0xFF, 0xFF, 0xFF, 0xFF, 0xFF, 0xFF, 0xFF,
    0xFF, 0xFF, 0xFF, 0xFF, 0xFF, 0xFF, 0xFF, 0xFF, 0xFF, 0xFF, 0xFF, 0xFF, 0xFF, 0xFF, 0xFF, 0xFF,
    0xFF, 0xFF, 0xFF, 0xFF, 0xFF, 0xFF, 0xFF, 0xFF, 0xFF, 0xFF, 0xFF, 0xFF, 0xFF, 0xFF, 0xFF, 0xFF,
    0xFF, 0xFF, 0xFF, 0xFF, 0xFF, 0xFF, 0xFF, 0xFF, 0xFF, 0xFF, 0xFF, 0xFF, 0xFF, 0xFF, 0xFF, 0xFF,
    0xFF, 0xFF, 0xFF, 0xFF, 0xFF, 0xFF, 0xFF, 0xFF, 0xFF, 0xFF, 0xFF, 0xFF, 0xFF, 0xFF, 0xFF, 0xFF,
    0xFF, 0xFF, 0xFF, 0xFF, 0xFF, 0xFF, 0xFF, 0xFF, 0xFF, 0xFF, 0xFF, 0xFF, 0xFF, 0xFF, 0xFF, 0xFF,
    0xFF, 0xFF, 0xFF, 0xFF, 0xFF, 0xFF, 0xFF, 0xFF, 0xFF, 0xFF, 0xFF, 0xFF, 0xFF, 0xFF, 0xFF, 0xFF,
    0xFF, 0xFF, 0xFF, 0xFF, 0xFF, 0xFF, 0xFF, 0xFF, 0xFF, 0xFF, 0xFF, 0xFF, 0xFF, 0xFF, 0xFF, 0xFF,
    0xFF, 0xFF, 0xFF, 0xFF, 0xFF, 0xFF, 0xFF, 0xFF, 0xFF, 0xFF, 0xFF, 0xFF, 0xFF, 0xFF, 0xFF, 0x12,
};

#endif
