// Auto-generated from Gravitrex by John Dondzila (2002).vec
#ifndef _GBCART_GRAVITREX_BY_JOHN_DONDZILA_2002_H
#define _GBCART_GRAVITREX_BY_JOHN_DONDZILA_2002_H

const unsigned char gb_cart_Gravitrex_by_John_Dondzila_2002[] PROGMEM = {
    0x67, 0x20, 0x47, 0x43, 0x45, 0x20, 0x2D, 0x2D, 0x2D, 0x2D, 0x80, 0xFE, 0xE6, 0xF8, 0x41, 0x1F,
    0xD0, 0x47, 0x52, 0x41, 0x56, 0x49, 0x54, 0x52, 0x45, 0x58, 0x80, 0x00, 0xCC, 0x30, 0x75, 0xFD,
    0xC8, 0x3D, 0xBD, 0xF1, 0xAA, 0x97, 0x08, 0xCE, 0x1D, 0x02, 0xBD, 0xF2, 0x7D, 0xBD, 0x7D, 0x4A,
    0xBD, 0x1B, 0x49, 0x86, 0x01, 0xB7, 0xC8, 0x85, 0xB7, 0xC9, 0xDF, 0xCC, 0x00, 0x00, 0xFD, 0xC9,
    0x0E, 0xBD, 0x18, 0xAA, 0xCC, 0x50, 0xC0, 0xB7, 0xC9, 0x1A, 0x7F, 0xC9, 0x1B, 0xF7, 0xC9, 0x1C,
    0x7F, 0xC9, 0x1D, 0x7F, 0xC9, 0xD3, 0x7F, 0xC9, 0x04, 0x86, 0x1F, 0xB7, 0xC9, 0x12, 0x86, 0x01,
    0xB7, 0xC9, 0x0D, 0xB7, 0xC9, 0x14, 0xB7, 0xC9, 0x18, 0x86, 0xFF, 0xB7, 0xC9, 0xC8, 0xCC, 0x30,
    0x35, 0xFD, 0xC9, 0xD0, 0x86, 0x80, 0xB7, 0xC9, 0xD2, 0xCC, 0x00, 0x00, 0xFD, 0xCB, 0xEB, 0xFD,
    0xC9, 0xF2, 0x8E, 0xCB, 0xEB, 0xBD, 0xF8, 0x4F, 0x8E, 0xC9, 0xF2, 0xBD, 0xF8, 0x4F, 0xCC, 0x50,
    0x00, 0x8E, 0xC9, 0xF2, 0xBD, 0xF8, 0x7C, 0xCC, 0x49, 0x99, 0x8E, 0xC9, 0xF2, 0xBD, 0xF8, 0x7C,
    0xCC, 0x50, 0xC0, 0xB7, 0xC9, 0x1A, 0x7F, 0xC9, 0x1B, 0xF7, 0xC9, 0x1C, 0x7F, 0xC9, 0x1D, 0x7F,
    0xC9, 0x04, 0xCC, 0x00, 0x00, 0xFD, 0xC9, 0x06, 0xFD, 0xC9, 0x08, 0x86, 0x1F, 0xB7, 0xC9, 0x12,
    0x7F, 0xC9, 0x13, 0xB6, 0xC8, 0x85, 0x10, 0x8E, 0x4A, 0x65, 0x81, 0x01, 0x27, 0x0C, 0x10, 0x8E,
    0x4D, 0x8F, 0x81, 0x02, 0x27, 0x04, 0x10, 0x8E, 0x50, 0x83, 0x8E, 0xCA, 0x80, 0xC6, 0x08, 0xA6,
    0xA4, 0xA7, 0x84, 0x30, 0x01, 0x31, 0x25, 0x8C, 0xCA, 0xFF, 0x27, 0x0B, 0x5A, 0xC1, 0x00, 0x26,
    0xEE, 0x31, 0x2E, 0xC6, 0x08, 0x20, 0xE8, 0x8E, 0xC9, 0x5C, 0x10, 0x8E, 0x5C, 0xDC, 0xEC, 0xA4,
    0xED, 0x84, 0xA6, 0x22, 0xA7, 0x02, 0x30, 0x03, 0x31, 0x23, 0x8C, 0xC9, 0x6E, 0x26, 0xEF, 0x7E,
    0x5E, 0x03, 0xBD, 0x73, 0xDA, 0xB6, 0xC9, 0x33, 0x8E, 0x10, 0x00, 0x81, 0x01, 0x27, 0x1F, 0x8E,
    0x20, 0x00, 0x81, 0x02, 0x27, 0x18, 0x8E, 0x30, 0x00, 0x81, 0x03, 0x27, 0x11, 0x8E, 0x40, 0x00,
    0x81, 0x04, 0x27, 0x0A, 0x8E, 0x50, 0x00, 0x81, 0x05, 0x27, 0x03, 0x8E, 0x90, 0x00, 0xBF, 0xC9,
    0xDD, 0x86, 0x1F, 0xB7, 0xC9, 0x12, 0xCC, 0x00, 0x00, 0xFD, 0xC9, 0x06, 0xFD, 0xC9, 0x08, 0xCC,
    0x70, 0x00, 0xB7, 0xC9, 0x1A, 0xF7, 0xC9, 0x1C, 0x7F, 0xC9, 0x04, 0x86, 0x01, 0xB7, 0xC9, 0x34,
    0x86, 0x60, 0xB7, 0xC9, 0xDB, 0x86, 0x02, 0xB7, 0xC9, 0xDC, 0xB6, 0xC8, 0x85, 0x81, 0x03, 0x26,
    0x03, 0x7E, 0x05, 0x36, 0x81, 0x02, 0x26, 0x03, 0x7E, 0x03, 0x5F, 0x7F, 0xC9, 0xCB, 0x86, 0x06,
    0xB7, 0xC9, 0xCA, 0xB6, 0xC9, 0x33, 0x81, 0x06, 0x26, 0x03, 0x7E, 0x03, 0x32, 0x81, 0x05, 0x26,
    0x03, 0x7E, 0x03, 0x11, 0x81, 0x04, 0x26, 0x03, 0x7E, 0x02, 0xC1, 0x81, 0x03, 0x26, 0x03, 0x7E,
    0x02, 0x71, 0x81, 0x02, 0x26, 0x03, 0x20, 0x65, 0x12, 0x86, 0x04, 0xB7, 0xC9, 0xA0, 0xCC, 0xCA,
    0x80, 0xFD, 0xC9, 0xA6, 0xCC, 0xCA, 0x9F, 0xFD, 0xC9, 0xA8, 0xB6, 0xC9, 0x34, 0x81, 0x01, 0x27,
    0x0C, 0x81, 0x02, 0x27, 0x18, 0x81, 0x03, 0x27, 0x24, 0x81, 0x04, 0x27, 0x30, 0xCC, 0x41, 0xDD,
    0xCE, 0x41, 0xEF, 0x8E, 0x4A, 0x65, 0x10, 0x8E, 0x53, 0xAD, 0x7E, 0x07, 0x1E, 0xCC, 0x41, 0xFE,
    0xCE, 0x42, 0x10, 0x8E, 0x4A, 0x9B, 0x10, 0x8E, 0x53, 0xC1, 0x7E, 0x07, 0x1E, 0xCC, 0x42, 0x16,
    0xCE, 0x42, 0x2B, 0x8E, 0x4A, 0xD1, 0x10, 0x8E, 0x53, 0xD5, 0x7E, 0x07, 0x1E, 0xCC, 0x42, 0x3A,
    0xCE, 0x42, 0x4F, 0x8E, 0x4B, 0x07, 0x10, 0x8E, 0x53, 0xE9, 0x7E, 0x07, 0x1E, 0x86, 0x04, 0xB7,
    0xC9, 0xA0, 0xCC, 0xCA, 0xA0, 0xFD, 0xC9, 0xA6, 0xCC, 0xCA, 0xBF, 0xFD, 0xC9, 0xA8, 0xB6, 0xC9,
    0x34, 0x81, 0x01, 0x27, 0x0C, 0x81, 0x02, 0x27, 0x18, 0x81, 0x03, 0x27, 0x24, 0x81, 0x04, 0x27,
    0x30, 0xCC, 0x42, 0x61, 0xCE, 0x42, 0x76, 0x8E, 0x4B, 0x3D, 0x10, 0x8E, 0x53, 0xFD, 0x7E, 0x07,
    0x1E, 0xCC, 0x42, 0x88, 0xCE, 0x42, 0x9D, 0x8E, 0x4B, 0x73, 0x10, 0x8E, 0x54, 0x11, 0x7E, 0x07,
    0x1E, 0xCC, 0x42, 0xAF, 0xCE, 0x42, 0xC7, 0x8E, 0x4B, 0xA9, 0x10, 0x8E, 0x54, 0x25, 0x7E, 0x07,
    0x1E, 0xCC, 0x42, 0xDC, 0xCE, 0x42, 0xF4, 0x8E, 0x4B, 0xDF, 0x10, 0x8E, 0x54, 0x39, 0x7E, 0x07,
    0x1E, 0x86, 0x03, 0xB7, 0xC9, 0xA0, 0xCC, 0xCA, 0xC0, 0xFD, 0xC9, 0xA6, 0xCC, 0xCA, 0xD7, 0xFD,
    0xC9, 0xA8, 0xB6, 0xC9, 0x34, 0x81, 0x01, 0x27, 0x08, 0x81, 0x02, 0x27, 0x14, 0x81, 0x03, 0x27,
    0x20, 0xCC, 0x43, 0x09, 0xCE, 0x43, 0x30, 0x8E, 0x4C, 0x15, 0x10, 0x8E, 0x54, 0x4D, 0x7E, 0x07,
    0x1E, 0xCC, 0x43, 0x54, 0xCE, 0x43, 0x66, 0x8E, 0x4C, 0x4B, 0x10, 0x8E, 0x54, 0x61, 0x7E, 0x07,
    0x1E, 0xCC, 0x43, 0x7B, 0xCE, 0x43, 0x99, 0x8E, 0x4C, 0x81, 0x10, 0x8E, 0x54, 0x75, 0x7E, 0x07,
    0x1E, 0x86, 0x03, 0xB7, 0xC9, 0xA0, 0xCC, 0xCA, 0xD8, 0xFD, 0xC9, 0xA6, 0xCC, 0xCA, 0xEF, 0xFD,
    0xC9, 0xA8, 0xB6, 0xC9, 0x34, 0x81, 0x01, 0x27, 0x08, 0x81, 0x02, 0x27, 0x14, 0x81, 0x03, 0x27,
    0x20, 0xCC, 0x43, 0xBA, 0xCE, 0x43, 0xCF, 0x8E, 0x4C, 0xB7, 0x10, 0x8E, 0x54, 0x89, 0x7E, 0x07,
    0x1E, 0xCC, 0x43, 0xE4, 0xCE, 0x44, 0x02, 0x8E, 0x4C, 0xED, 0x10, 0x8E, 0x54, 0x9D, 0x7E, 0x07,
    0x1E, 0xCC, 0x44, 0x1D, 0xCE, 0x44, 0x32, 0x8E, 0x4D, 0x23, 0x10, 0x8E, 0x54, 0xB1, 0x7E, 0x07,
    0x1E, 0x86, 0x01, 0xB7, 0xC9, 0xA0, 0xCC, 0xCA, 0xF0, 0xFD, 0xC9, 0xA6, 0xCC, 0xCA, 0xF7, 0xFD,
    0xC9, 0xA8, 0xCC, 0x44, 0x47, 0xCE, 0x44, 0x68, 0x8E, 0x4D, 0x59, 0x10, 0x8E, 0x54, 0xC5, 0x7E,
    0x07, 0x1E, 0x86, 0x01, 0xB7, 0xC9, 0xCB, 0x86, 0xA0, 0xB7, 0xC9, 0x10, 0x86, 0x04, 0xB7, 0xC9,
    0x11, 0x7F, 0xC9, 0xCF, 0xCC, 0xA0, 0x50, 0xFD, 0xC9, 0xCD, 0xCC, 0x39, 0x39, 0xFD, 0xC9, 0xD6,
    0x86, 0x80, 0xB7, 0xC9, 0xD8, 0x86, 0x0C, 0xB7, 0xC9, 0xD9, 0xB7, 0xC9, 0xDA, 0x20, 0xB2, 0x86,
    0x04, 0xB7, 0xC9, 0xCA, 0x7F, 0xC9, 0xCB, 0xB6, 0xC9, 0x33, 0x81, 0x06, 0x26, 0x03, 0x7E, 0x05,
    0x09, 0x81, 0x05, 0x26, 0x03, 0x7E, 0x04, 0xE1, 0x81, 0x04, 0x26, 0x03, 0x7E, 0x04, 0x7D, 0x81,
    0x03, 0x26, 0x03, 0x7E, 0x04, 0x2D, 0x81, 0x02, 0x26, 0x03, 0x20, 0x65, 0x12, 0x86, 0x04, 0xB7,
    0xC9, 0xA0, 0xCC, 0xCA, 0x80, 0xFD, 0xC9, 0xA6, 0xCC, 0xCA, 0x9F, 0xFD, 0xC9, 0xA8, 0xB6, 0xC9,
    0x34, 0x81, 0x01, 0x27, 0x0C, 0x81, 0x02, 0x27, 0x18, 0x81, 0x03, 0x27, 0x24, 0x81, 0x04, 0x27,
    0x30, 0xCC, 0x44, 0x92, 0xCE, 0x44, 0xAA, 0x8E, 0x4D, 0x8F, 0x10, 0x8E, 0x54, 0xD9, 0x7E, 0x07,
    0x1E, 0xCC, 0x44, 0xC5, 0xCE, 0x44, 0xDD, 0x8E, 0x4D, 0xC5, 0x10, 0x8E, 0x54, 0xED, 0x7E, 0x07,
    0x1E, 0xCC, 0x44, 0xEC, 0xCE, 0x44, 0xFE, 0x8E, 0x4D, 0xFB, 0x10, 0x8E, 0x55, 0x01, 0x7E, 0x07,
    0x1E, 0xCC, 0x45, 0x0D, 0xCE, 0x45, 0x25, 0x8E, 0x4E, 0x31, 0x10, 0x8E, 0x55, 0x15, 0x7E, 0x07,
    0x1E, 0x86, 0x02, 0xB7, 0xC9, 0xA0, 0xCC, 0xCA, 0xA0, 0xFD, 0xC9, 0xA6, 0xCC, 0xCA, 0xAF, 0xFD,
    0xC9, 0xA8, 0xB6, 0xC9, 0x34, 0x81, 0x01, 0x27, 0x04, 0x81, 0x02, 0x27, 0x10, 0xCC, 0x45, 0x3D,
    0xCE, 0x45, 0x5B, 0x8E, 0x4E, 0x67, 0x10, 0x8E, 0x55, 0x29, 0x7E, 0x07, 0x1E, 0xCC, 0x45, 0x6A,
    0xCE, 0x45, 0x94, 0x8E, 0x4E, 0x9D, 0x10, 0x8E, 0x55, 0x3D, 0x7E, 0x07, 0x1E, 0x86, 0x03, 0xB7,
    0xC9, 0xA0, 0xCC, 0xCA, 0xB0, 0xFD, 0xC9, 0xA6, 0xCC, 0xCA, 0xC7, 0xFD, 0xC9, 0xA8, 0xB6, 0xC9,
    0x34, 0x81, 0x01, 0x27, 0x08, 0x81, 0x02, 0x27, 0x14, 0x81, 0x03, 0x27, 0x20, 0xCC, 0x45, 0xA3,
    0xCE, 0x45, 0xBE, 0x8E, 0x4E, 0xD3, 0x10, 0x8E, 0x55, 0x51, 0x7E, 0x07, 0x1E, 0xCC, 0x45, 0xD9,
    0xCE, 0x45, 0xEB, 0x8E, 0x4F, 0x09, 0x10, 0x8E, 0x55, 0x65, 0x7E, 0x07, 0x1E, 0xCC, 0x45, 0xF4,
    0xCE, 0x46, 0x09, 0x8E, 0x4F, 0x3F, 0x10, 0x8E, 0x55, 0x79, 0x7E, 0x07, 0x1E, 0x86, 0x04, 0xB7,
    0xC9, 0xA0, 0xCC, 0xCA, 0xC8, 0xFD, 0xC9, 0xA6, 0xCC, 0xCA, 0xE7, 0xFD, 0xC9, 0xA8, 0xB6, 0xC9,
    0x34, 0x81, 0x01, 0x27, 0x0C, 0x81, 0x02, 0x27, 0x18, 0x81, 0x03, 0x27, 0x24, 0x81, 0x04, 0x27,
    0x30, 0xCC, 0x46, 0x21, 0xCE, 0x46, 0x45, 0x8E, 0x4F, 0x75, 0x10, 0x8E, 0x55, 0x8D, 0x7E, 0x07,
    0x1E, 0xCC, 0x46, 0x63, 0xCE, 0x46, 0x7B, 0x8E, 0x4F, 0xAB, 0x10, 0x8E, 0x55, 0xA1, 0x7E, 0x07,
    0x1E, 0xCC, 0x46, 0x99, 0xCE, 0x46, 0xB7, 0x8E, 0x4F, 0xE1, 0x10, 0x8E, 0x55, 0xB5, 0x7E, 0x07,
    0x1E, 0xCC, 0x46, 0xD8, 0xCE, 0x46, 0xF3, 0x8E, 0x50, 0x17, 0x10, 0x8E, 0x55, 0xC9, 0x7E, 0x07,
    0x1E, 0x86, 0x01, 0xB7, 0xC9, 0xA0, 0xCC, 0xCA, 0xE8, 0xFD, 0xC9, 0xA6, 0xCC, 0xCA, 0xEF, 0xFD,
    0xC9, 0xA8, 0xB6, 0xC9, 0x34, 0x81, 0x01, 0x27, 0x00, 0xCC, 0x47, 0x14, 0xCE, 0x47, 0x35, 0x8E,
    0x50, 0x4D, 0x10, 0x8E, 0x55, 0xDD, 0x7E, 0x07, 0x1E, 0x86, 0x01, 0xB7, 0xC9, 0xCB, 0x86, 0xA0,
    0xB7, 0xC9, 0x10, 0x86, 0x04, 0xB7, 0xC9, 0x11, 0x7F, 0xC9, 0xCF, 0xCC, 0xE0, 0x00, 0xFD, 0xC9,
    0xCD, 0xCC, 0x39, 0x39, 0xFD, 0xC9, 0xD6, 0x86, 0x80, 0xB7, 0xC9, 0xD8, 0x86, 0x0D, 0xB7, 0xC9,
    0xD9, 0xB7, 0xC9, 0xDA, 0x20, 0xC3, 0x86, 0x03, 0xB7, 0xC9, 0xCA, 0xB6, 0xC9, 0x33, 0x81, 0x06,
    0x26, 0x03, 0x7E, 0x06, 0xF1, 0x81, 0x05, 0x26, 0x03, 0x7E, 0x06, 0xA1, 0x81, 0x04, 0x26, 0x03,
    0x7E, 0x06, 0x29, 0x81, 0x03, 0x26, 0x03, 0x7E, 0x06, 0x01, 0x81, 0x02, 0x26, 0x03, 0x20, 0x65,
    0x12, 0x86, 0x04, 0xB7, 0xC9, 0xA0, 0xCC, 0xCA, 0x80, 0xFD, 0xC9, 0xA6, 0xCC, 0xCA, 0x9F, 0xFD,
    0xC9, 0xA8, 0xB6, 0xC9, 0x34, 0x81, 0x01, 0x27, 0x0C, 0x81, 0x02, 0x27, 0x18, 0x81, 0x03, 0x27,
    0x24, 0x81, 0x04, 0x27, 0x30, 0xCC, 0x47, 0x56, 0xCE, 0x47, 0x68, 0x8E, 0x50, 0x83, 0x10, 0x8E,
    0x55, 0xF1, 0x7E, 0x07, 0x1E, 0xCC, 0x47, 0x83, 0xCE, 0x47, 0x9E, 0x8E, 0x50, 0xB9, 0x10, 0x8E,
    0x56, 0x05, 0x7E, 0x07, 0x1E, 0xCC, 0x47, 0xB0, 0xCE, 0x47, 0xC2, 0x8E, 0x50, 0xEF, 0x10, 0x8E,
    0x56, 0x19, 0x7E, 0x07, 0x1E, 0xCC, 0x47, 0xDD, 0xCE, 0x47, 0xF8, 0x8E, 0x51, 0x25, 0x10, 0x8E,
    0x56, 0x2D, 0x7E, 0x07, 0x1E, 0x86, 0x02, 0xB7, 0xC9, 0xA0, 0xCC, 0xCA, 0xA0, 0xFD, 0xC9, 0xA6,
    0xCC, 0xCA, 0xAF, 0xFD, 0xC9, 0xA8, 0xB6, 0xC9, 0x34, 0x81, 0x01, 0x27, 0x04, 0x81, 0x02, 0x27,
    0x10, 0xCC, 0x48, 0x0D, 0xCE, 0x48, 0x28, 0x8E, 0x51, 0x5B, 0x10, 0x8E, 0x56, 0x41, 0x7E, 0x07,
    0x1E, 0xCC, 0x48, 0x46, 0xCE, 0x48, 0x61, 0x8E, 0x51, 0x91, 0x10, 0x8E, 0x56, 0x55, 0x7E, 0x07,
    0x1E, 0x86, 0x01, 0xB7, 0xC9, 0xA0, 0xCC, 0xCA, 0xB0, 0xFD, 0xC9, 0xA6, 0xCC, 0xCA, 0xB7, 0xFD,
    0xC9, 0xA8, 0xB6, 0xC9, 0x34, 0x81, 0x01, 0x27, 0x00, 0xCC, 0x48, 0x7F, 0xCE, 0x48, 0x9D, 0x8E,
    0x51, 0xC7, 0x10, 0x8E, 0x56, 0x69, 0x7E, 0x07, 0x1E, 0x86, 0x05, 0xB7, 0xC9, 0xA0, 0xCC, 0xCA,
    0xB8, 0xFD, 0xC9, 0xA6, 0xCC, 0xCA, 0xDF, 0xFD, 0xC9, 0xA8, 0xB6, 0xC9, 0x34, 0x81, 0x01, 0x27,
    0x10, 0x81, 0x02, 0x27, 0x1C, 0x81, 0x03, 0x27, 0x28, 0x81, 0x04, 0x27, 0x34, 0x81, 0x05, 0x27,
    0x40, 0xCC, 0x48, 0xC4, 0xCE, 0x48, 0xE8, 0x8E, 0x51, 0xFD, 0x10, 0x8E, 0x56, 0x7D, 0x7E, 0x07,
    0x1E, 0xCC, 0x48, 0xFA, 0xCE, 0x49, 0x0F, 0x8E, 0x52, 0x33, 0x10, 0x8E, 0x56, 0x91, 0x7E, 0x07,
    0x1E, 0xCC, 0x49, 0x2A, 0xCE, 0x49, 0x3C, 0x8E, 0x52, 0x69, 0x10, 0x8E, 0x56, 0xA5, 0x7E, 0x07,
    0x1E, 0xCC, 0x49, 0x63, 0xCE, 0x49, 0x81, 0x8E, 0x52, 0x9F, 0x10, 0x8E, 0x56, 0xB9, 0x7E, 0x07,
    0x1E, 0xCC, 0x49, 0x99, 0xCE, 0x49, 0xBD, 0x8E, 0x52, 0xD5, 0x10, 0x8E, 0x56, 0xCD, 0x20, 0x7E,
    0x12, 0x86, 0x03, 0xB7, 0xC9, 0xA0, 0xCC, 0xCA, 0xE0, 0xFD, 0xC9, 0xA6, 0xCC, 0xCA, 0xF7, 0xFD,
    0xC9, 0xA8, 0xB6, 0xC9, 0x34, 0x81, 0x01, 0x27, 0x08, 0x81, 0x02, 0x27, 0x14, 0x81, 0x03, 0x27,
    0x20, 0xCC, 0x49, 0xCF, 0xCE, 0x49, 0xEA, 0x8E, 0x53, 0x0B, 0x10, 0x8E, 0x56, 0xE1, 0x20, 0x4E,
    0x12, 0xCC, 0x49, 0xFF, 0xCE, 0x4A, 0x1A, 0x8E, 0x53, 0x41, 0x10, 0x8E, 0x56, 0xF5, 0x20, 0x3E,
    0x12, 0xCC, 0x4A, 0x35, 0xCE, 0x4A, 0x50, 0x8E, 0x53, 0x77, 0x10, 0x8E, 0x57, 0x09, 0x20, 0x2E,
    0x12, 0x86, 0x01, 0xB7, 0xC9, 0xCB, 0x86, 0xA0, 0xB7, 0xC9, 0x10, 0x86, 0x04, 0xB7, 0xC9, 0x11,
    0x7F, 0xC9, 0xCF, 0xCC, 0x00, 0x00, 0xFD, 0xC9, 0xCD, 0xCC, 0x39, 0x39, 0xFD, 0xC9, 0xD6, 0x86,
    0x80, 0xB7, 0xC9, 0xD8, 0x86, 0x1A, 0xB7, 0xC9, 0xD9, 0xB7, 0xC9, 0xDA, 0x20, 0x83, 0xFD, 0xC9,
    0x2D, 0xFF, 0xC9, 0x37, 0xBF, 0xC9, 0x2F, 0x10, 0xBF, 0xC9, 0x31, 0x8E, 0xCA, 0x00, 0x6F, 0x84,
    0x30, 0x01, 0x8C, 0xCA, 0x28, 0x26, 0xF7, 0x8E, 0xCA, 0x00, 0x10, 0xBE, 0xC9, 0x2F, 0xA6, 0xA4,
    0xA7, 0x84, 0xEC, 0x21, 0xED, 0x01, 0xEC, 0x23, 0xED, 0x03, 0x34, 0x10, 0x8E, 0xCA, 0x80, 0xA6,
    0x24, 0x30, 0x86, 0xA6, 0x84, 0x35, 0x10, 0x81, 0x00, 0x26, 0x02, 0x6F, 0x84, 0x30, 0x05, 0x31,
    0x25, 0x8C, 0xCA, 0x28, 0x26, 0xD8, 0xEC, 0xA4, 0xFD, 0xC9, 0x44, 0xEC, 0x22, 0xFD, 0xC9, 0x49,
    0xEC, 0x24, 0xFD, 0xC9, 0x46, 0xA6, 0x26, 0xB7, 0xC9, 0x48, 0xEC, 0x27, 0xFD, 0xC9, 0x4B, 0xEC,
    0x29, 0xFD, 0xC9, 0x50, 0xEC, 0x2B, 0xFD, 0xC9, 0x4D, 0xA6, 0x2D, 0xB7, 0xC9, 0x4F, 0x86, 0x01,
    0xB7, 0xC9, 0x0D, 0xB7, 0xC9, 0x14, 0xB7, 0xC9, 0x18, 0x86, 0x20, 0xB7, 0xC9, 0x3B, 0xCC, 0xCA,
    0x00, 0xFD, 0xC9, 0x41, 0xBD, 0x6B, 0xCD, 0x7F, 0xC8, 0x12, 0x7F, 0xC8, 0x13, 0x7F, 0xC8, 0x14,
    0x7F, 0xC8, 0x15, 0x7F, 0xC9, 0x29, 0x7F, 0xC9, 0x2C, 0x7F, 0xC9, 0x36, 0x86, 0x08, 0xB7, 0xC9,
    0x70, 0x86, 0x18, 0xB7, 0xC9, 0x9F, 0x8E, 0xCA, 0x40, 0x6F, 0x84, 0x30, 0x01, 0x8C, 0xCA, 0x4F,
    0x26, 0xF7, 0x8E, 0xC8, 0x90, 0x6F, 0x84, 0x30, 0x01, 0x8C, 0xC8, 0xBD, 0x26, 0xF7, 0x8E, 0xC9,
    0x52, 0x6F, 0x84, 0x30, 0x01, 0x8C, 0xC9, 0x5C, 0x26, 0xF7, 0x7F, 0xC9, 0x40, 0x7F, 0xC9, 0x71,
    0x7F, 0xC9, 0x7F, 0x7F, 0xC9, 0xE8, 0x86, 0x80, 0xB7, 0xC9, 0xCC, 0x7F, 0xC9, 0xA4, 0x7F, 0xC9,
    0xC9, 0xB6, 0xC9, 0x33, 0x81, 0x06, 0x26, 0x0C, 0xCC, 0x70, 0x00, 0xFD, 0xC9, 0x1A, 0xCC, 0x90,
    0x00, 0xFD, 0xC9, 0x1C, 0xBD, 0xF1, 0x92, 0xBD, 0x11, 0xC1, 0xB6, 0xC9, 0xD3, 0x27, 0x03, 0x7E,
    0x69, 0xB6, 0xB6, 0xC9, 0x7F, 0x27, 0x02, 0x20, 0x3A, 0xBD, 0x71, 0x39, 0xBD, 0x67, 0xFD, 0xBD,
    0x66, 0x74, 0xBD, 0x18, 0xDC, 0xBD, 0x0B, 0xD4, 0xBD, 0x15, 0x2A, 0xB6, 0xC9, 0x36, 0x27, 0x03,
    0x7E, 0x01, 0x60, 0xB6, 0xC9, 0x33, 0x81, 0x06, 0x26, 0x05, 0xBD, 0x0F, 0x41, 0x20, 0x0F, 0xBD,
    0x0F, 0x17, 0xBD, 0x10, 0xB7, 0xBD, 0x0B, 0x19, 0xBD, 0x09, 0xD4, 0xBD, 0x08, 0xE1, 0xB6, 0xC9,
    0x7F, 0x27, 0xB1, 0x81, 0x02, 0x26, 0x31, 0xCC, 0x50, 0x00, 0xFD, 0xC9, 0x1A, 0xCC, 0xC0, 0x00,
    0xFD, 0xC9, 0x1C, 0x7F, 0xC9, 0x04, 0x7F, 0xC9, 0x06, 0x7F, 0xC9, 0x07, 0x7F, 0xC9, 0x08, 0x7F,
    0xC9, 0x09, 0x7F, 0xC9, 0x02, 0x86, 0x1F, 0xB7, 0xC9, 0x12, 0x86, 0xFF, 0xB7, 0xC9, 0xC8, 0x7F,
    0xC9, 0xCF, 0x7F, 0xC9, 0xCB, 0x7E, 0x5E, 0x03, 0xBE, 0xC9, 0x7D, 0xEC, 0x84, 0x8B, 0x12, 0xB7,
    0xC9, 0x1A, 0xF7, 0xC9, 0x1C, 0xB6, 0xC9, 0xCB, 0x27, 0x17, 0xB6, 0xC9, 0xCF, 0x27, 0x2F, 0x7F,
    0xC9, 0xCF, 0xB6, 0xC8, 0x85, 0x34, 0x02, 0xBD, 0x69, 0x6B, 0x35, 0x02, 0x4A, 0x26, 0xF6, 0x20,
    0x05, 0xB6, 0xC9, 0xAA, 0x27, 0x18, 0x6F, 0x02, 0xEC, 0x84, 0xFD, 0xC9, 0xC6, 0xBD, 0x67, 0x19,
    0xFC, 0xC9, 0xDD, 0x8E, 0xCB, 0xEB, 0xBD, 0xF8, 0x7C, 0x86, 0xFF, 0xB7, 0xC9, 0xC8, 0x7E, 0x5E,
    0x03, 0x8E, 0xC9, 0x52, 0xA6, 0x04, 0x27, 0x03, 0xBD, 0x08, 0xF6, 0x8E, 0xC9, 0x57, 0xA6, 0x04,
    0x27, 0x03, 0xBD, 0x08, 0xF6, 0x39, 0xBF, 0xC9, 0x1E, 0xEC, 0x84, 0xFD, 0xC9, 0x3C, 0xBD, 0xF3,
    0x0C, 0xBD, 0xF2, 0xC5, 0xBD, 0xF3, 0x54, 0xFC, 0xC9, 0x0E, 0x26, 0x26, 0xBE, 0xC9, 0x3C, 0xB6,
    0xC9, 0x1A, 0xF6, 0xC9, 0x1C, 0xFD, 0xC9, 0x3C, 0x10, 0xBE, 0xC9, 0x3C, 0xCC, 0x06, 0x06, 0xBD,
    0xF8, 0xFF, 0x24, 0x0E, 0xBE, 0xC9, 0x1E, 0x6F, 0x04, 0xB6, 0xCB, 0x00, 0x26, 0x03, 0xBD, 0x1A,
    0x45, 0x39, 0xBE, 0xC9, 0x1E, 0xEC, 0x84, 0xAB, 0x02, 0x29, 0x0A, 0xEB, 0x03, 0x29, 0x06, 0xED,
    0x84, 0x6A, 0x04, 0x20, 0x03, 0x6F, 0x04, 0x39, 0xBF, 0xC9, 0x1E, 0xB6, 0xC9, 0x71, 0x27, 0x01,
    0x39, 0xEC, 0x84, 0xFD, 0xC9, 0x16, 0xBE, 0xC9, 0x31, 0xEC, 0x84, 0xFD, 0xC9, 0x20, 0xEC, 0x02,
    0xBE, 0xC9, 0x16, 0x10, 0xBE, 0xC9, 0x20, 0xBD, 0xF8, 0xFF, 0x25, 0x62, 0xBE, 0xC9, 0x31, 0x30,
    0x04, 0xEC, 0x84, 0xFD, 0xC9, 0x20, 0xEC, 0x02, 0xBE, 0xC9, 0x16, 0x10, 0xBE, 0xC9, 0x20, 0xBD,
    0xF8, 0xFF, 0x25, 0x4A, 0xBE, 0xC9, 0x31, 0x30, 0x08, 0xEC, 0x84, 0xFD, 0xC9, 0x20, 0xEC, 0x02,
    0xBE, 0xC9, 0x16, 0x10, 0xBE, 0xC9, 0x20, 0xBD, 0xF8, 0xFF, 0x25, 0x32, 0xBE, 0xC9, 0x31, 0x30,
    0x0C, 0xEC, 0x84, 0xFD, 0xC9, 0x20, 0xEC, 0x02, 0xBE, 0xC9, 0x16, 0x10, 0xBE, 0xC9, 0x20, 0xBD,
    0xF8, 0xFF, 0x25, 0x1A, 0xBE, 0xC9, 0x31, 0x30, 0x88, 0x10, 0xEC, 0x84, 0xFD, 0xC9, 0x20, 0xEC,
    0x02, 0xBE, 0xC9, 0x16, 0x10, 0xBE, 0xC9, 0x20, 0xBD, 0xF8, 0xFF, 0x25, 0x01, 0x39, 0xBE, 0xC9,
    0x1E, 0x6F, 0x04, 0x39, 0x86, 0x4A, 0xBD, 0xF2, 0xAB, 0xB6, 0xC9, 0x48, 0x27, 0x14, 0x81, 0xFF,
    0x26, 0x03, 0x7E, 0x0A, 0x7B, 0xB6, 0xC9, 0x14, 0x81, 0x01, 0x26, 0xF6, 0x7A, 0xC9, 0x48, 0x7E,
    0x0A, 0x7B, 0x8E, 0xC9, 0x44, 0xBD, 0xF3, 0x0C, 0x8E, 0x58, 0xCF, 0xBD, 0xF3, 0xD6, 0xBD, 0xF3,
    0x54, 0xB6, 0xC9, 0x1A, 0xF6, 0xC9, 0x1C, 0xFD, 0xC9, 0x16, 0xBE, 0xC9, 0x16, 0x10, 0xBE, 0xC9,
    0x44, 0xCC, 0x04, 0x04, 0xBD, 0xF8, 0xFF, 0x24, 0x11, 0xBD, 0x1A, 0x45, 0x86, 0xFE, 0xB7, 0xC9,
    0x48, 0xBD, 0x7C, 0xE1, 0xB7, 0xC9, 0x45, 0x20, 0x52, 0x39, 0xB6, 0xC9, 0x45, 0xBB, 0xC9, 0x4A,
    0x29, 0x15, 0xB7, 0xC9, 0x45, 0xFC, 0xC9, 0x0E, 0x27, 0x20, 0xB6, 0xC9, 0x45, 0xBB, 0xC9, 0x4A,
    0x29, 0x05, 0xB7, 0xC9, 0x45, 0x20, 0x34, 0xFC, 0xC9, 0x0E, 0x27, 0x07, 0x86, 0xFE, 0xB7, 0xC9,
    0x48, 0x20, 0x28, 0xB6, 0xC9, 0x4A, 0x40, 0xB7, 0xC9, 0x4A, 0xB6, 0xC9, 0x14, 0x2A, 0x1C, 0xB6,
    0xC9, 0x49, 0xBB, 0xC9, 0x44, 0xB7, 0xC9, 0x44, 0xB1, 0xC9, 0x46, 0x27, 0x07, 0xB1, 0xC9, 0x47,
    0x27, 0x02, 0x20, 0x07, 0xB6, 0xC9, 0x49, 0x40, 0xB7, 0xC9, 0x49, 0xB6, 0xC9, 0x4F, 0x81, 0xFF,
    0x27, 0xA7, 0x81, 0x00, 0x27, 0x0D, 0xB6, 0xC9, 0x14, 0x81, 0x01, 0x26, 0x9C, 0x7A, 0xC9, 0x4F,
    0x7E, 0x0B, 0x18, 0x8E, 0xC9, 0x4B, 0xBD, 0xF3, 0x0C, 0x8E, 0x58, 0xCF, 0xBD, 0xF3, 0xD6, 0xBD,
    0xF3, 0x54, 0xB6, 0xC9, 0x1A, 0xF6, 0xC9, 0x1C, 0xFD, 0xC9, 0x16, 0xBE, 0xC9, 0x16, 0x10, 0xBE,
    0xC9, 0x4B, 0xCC, 0x04, 0x04, 0xBD, 0xF8, 0xFF, 0x24, 0x0F, 0xBD, 0x1A, 0x45, 0x86, 0xFE, 0xB7,
    0xC9, 0x4F, 0xBD, 0x7C, 0xE1, 0xB7, 0xC9, 0x4C, 0x39, 0xB6, 0xC9, 0x4C, 0xBB, 0xC9, 0x51, 0x29,
    0x14, 0xB7, 0xC9, 0x4C, 0xFC, 0xC9, 0x0E, 0x27, 0x1E, 0xB6, 0xC9, 0x4C, 0xBB, 0xC9, 0x51, 0x29,
    0x04, 0xB7, 0xC9, 0x4C, 0x39, 0xFC, 0xC9, 0x0E, 0x27, 0x06, 0x86, 0xFE, 0xB7, 0xC9, 0x4F, 0x39,
    0xB6, 0xC9, 0x51, 0x40, 0xB7, 0xC9, 0x51, 0xB6, 0xC9, 0x14, 0x2A, 0x1C, 0xB6, 0xC9, 0x50, 0xBB,
    0xC9, 0x4B, 0xB7, 0xC9, 0x4B, 0xB1, 0xC9, 0x4D, 0x27, 0x07, 0xB1, 0xC9, 0x4E, 0x27, 0x02, 0x20,
    0x07, 0xB6, 0xC9, 0x50, 0x40, 0xB7, 0xC9, 0x50, 0x39, 0x86, 0x60, 0xBD, 0xF2, 0xAB, 0x8E, 0xC8,
    0x90, 0xBF, 0xC9, 0x1E, 0xA6, 0x84, 0x27, 0x03, 0xBD, 0x0B, 0x36, 0xBE, 0xC9, 0x1E, 0x30, 0x05,
    0x8C, 0xC8, 0xBD, 0x26, 0xEC, 0x39, 0xEC, 0x01, 0xFD, 0xC9, 0x16, 0xFC, 0xC9, 0x0E, 0x26, 0x26,
    0xBE, 0xC9, 0x16, 0xB6, 0xC9, 0x1A, 0xF6, 0xC9, 0x1C, 0xFD, 0xC9, 0x3C, 0x10, 0xBE, 0xC9, 0x3C,
    0xCC, 0x04, 0x04, 0xBD, 0xF8, 0xFF, 0x24, 0x0E, 0xBE, 0xC9, 0x1E, 0x6F, 0x84, 0xB6, 0xCB, 0x00,
    0x26, 0x03, 0xBD, 0x1A, 0x45, 0x39, 0x8E, 0xC9, 0x16, 0xBD, 0xF3, 0x0C, 0xBD, 0xF2, 0xC5, 0xBD,
    0xF3, 0x54, 0xB6, 0xC9, 0x14, 0x2A, 0x11, 0xBE, 0xC9, 0x1E, 0xEC, 0x01, 0xAB, 0x03, 0x29, 0x09,
    0xEB, 0x04, 0x29, 0x05, 0xED, 0x01, 0x6A, 0x84, 0x39, 0x6F, 0x84, 0x39, 0x8E, 0xCA, 0x40, 0xA6,
    0x84, 0x27, 0x08, 0x30, 0x05, 0x8C, 0xCA, 0x4F, 0x26, 0xF5, 0x39, 0x34, 0x10, 0xBD, 0xF1, 0xAF,
    0xF6, 0xC9, 0x04, 0x86, 0x05, 0xBD, 0xF6, 0x01, 0x35, 0x10, 0xA7, 0x03, 0xE7, 0x04, 0xB6, 0xC9,
    0x1A, 0xF6, 0xC9, 0x1C, 0xAB, 0x03, 0xEB, 0x04, 0xED, 0x01, 0x86, 0x16, 0xF6, 0xC9, 0x71, 0x27,
    0x08, 0x86, 0x0C, 0xC1, 0x01, 0x27, 0x02, 0x86, 0x10, 0xA7, 0x84, 0xBD, 0xF1, 0xAA, 0x86, 0x60,
    0xB7, 0xC9, 0xE9, 0x39, 0x86, 0x70, 0xBD, 0xF2, 0xAB, 0x8E, 0xCA, 0x40, 0xBF, 0xC9, 0x1E, 0xA6,
    0x84, 0x27, 0x03, 0xBD, 0x0B, 0xF4, 0xBE, 0xC9, 0x1E, 0x30, 0x05, 0x8C, 0xCA, 0x4F, 0x26, 0xEC,
    0x39, 0x7E, 0x0C, 0xE4, 0xEC, 0x01, 0xFD, 0xC9, 0x16, 0x8E, 0xC9, 0x16, 0xBD, 0xF3, 0x0C, 0xBD,
    0xF2, 0xC5, 0xBD, 0xF3, 0x54, 0xB6, 0xC9, 0x71, 0x27, 0x03, 0x7E, 0x0E, 0x63, 0xBE, 0xC9, 0x1E,
    0xEC, 0x01, 0xAB, 0x03, 0x29, 0xDB, 0xEB, 0x04, 0x29, 0xD7, 0xED, 0x01, 0x6A, 0x84, 0xB6, 0xC9,
    0xCB, 0x27, 0x03, 0x7E, 0x69, 0x00, 0xBE, 0xC9, 0x31, 0xEC, 0x84, 0xFD, 0xC9, 0x20, 0xEC, 0x02,
    0xBE, 0xC9, 0x16, 0x10, 0xBE, 0xC9, 0x20, 0xBD, 0xF8, 0xFF, 0x25, 0xB5, 0xBE, 0xC9, 0x31, 0x30,
    0x04, 0xEC, 0x84, 0xFD, 0xC9, 0x20, 0xEC, 0x02, 0xBE, 0xC9, 0x16, 0x10, 0xBE, 0xC9, 0x20, 0xBD,
    0xF8, 0xFF, 0x24, 0x03, 0x7E, 0x0C, 0xE4, 0xBE, 0xC9, 0x31, 0x30, 0x08, 0xEC, 0x84, 0xFD, 0xC9,
    0x20, 0xEC, 0x02, 0xBE, 0xC9, 0x16, 0x10, 0xBE, 0xC9, 0x20, 0xBD, 0xF8, 0xFF, 0x25, 0x75, 0xBE,
    0xC9, 0x31, 0x30, 0x0C, 0xEC, 0x84, 0xFD, 0xC9, 0x20, 0xEC, 0x02, 0xBE, 0xC9, 0x16, 0x10, 0xBE,
    0xC9, 0x20, 0xBD, 0xF8, 0xFF, 0x25, 0x5D, 0xBE, 0xC9, 0x31, 0x30, 0x88, 0x10, 0xEC, 0x84, 0xFD,
    0xC9, 0x20, 0xEC, 0x02, 0xBE, 0xC9, 0x16, 0x10, 0xBE, 0xC9, 0x20, 0xBD, 0xF8, 0xFF, 0x25, 0x44,
    0x20, 0x48, 0x39, 0x86, 0x10, 0xB7, 0xC9, 0x2C, 0xEC, 0x21, 0xFD, 0xC9, 0x2A, 0x34, 0x20, 0x34,
    0x10, 0xA6, 0xA4, 0x81, 0x05, 0x2B, 0x02, 0x20, 0x09, 0xCC, 0x00, 0x75, 0x8E, 0xCB, 0xEB, 0xBD,
    0xF8, 0x7C, 0xBD, 0x73, 0xC9, 0x35, 0x10, 0x35, 0x20, 0xA6, 0xA4, 0x81, 0x05, 0x2B, 0x09, 0x81,
    0x0A, 0x2C, 0x05, 0x86, 0x10, 0xB7, 0xC9, 0xEF, 0x6F, 0xA4, 0xA6, 0x24, 0x10, 0x8E, 0xCA, 0x80,
    0x31, 0xA6, 0x6F, 0xA4, 0xBE, 0xC9, 0x1E, 0x6F, 0x84, 0x39, 0xB6, 0xC9, 0x48, 0x26, 0x33, 0xBE,
    0xC9, 0x16, 0x10, 0xBE, 0xC9, 0x44, 0xCC, 0x06, 0x06, 0xBD, 0xF8, 0xFF, 0x24, 0x24, 0x86, 0xFE,
    0xB7, 0xC9, 0x48, 0xFC, 0xC9, 0x44, 0xFD, 0xC9, 0x27, 0x86, 0x10, 0xB7, 0xC9, 0x29, 0xCC, 0x00,
    0x50, 0x8E, 0xCB, 0xEB, 0xBD, 0xF8, 0x7C, 0xBD, 0x73, 0xC9, 0xBD, 0x7C, 0xE1, 0xB7, 0xC9, 0x45,
    0x20, 0xC2, 0xB6, 0xC9, 0x4F, 0x26, 0x33, 0xBE, 0xC9, 0x16, 0x10, 0xBE, 0xC9, 0x4B, 0xCC, 0x06,
    0x06, 0xBD, 0xF8, 0xFF, 0x24, 0x24, 0x86, 0xFE, 0xB7, 0xC9, 0x4F, 0xFC, 0xC9, 0x4B, 0xFD, 0xC9,
    0x27, 0x86, 0x10, 0xB7, 0xC9, 0x29, 0xCC, 0x00, 0x50, 0x8E, 0xCB, 0xEB, 0xBD, 0xF8, 0x7C, 0xBD,
    0x73, 0xC9, 0xBD, 0x7C, 0xE1, 0xB7, 0xC9, 0x4C, 0x20, 0x8A, 0xB6, 0xCA, 0x00, 0x27, 0x1C, 0xFC,
    0xCA, 0x01, 0xFD, 0xC9, 0x20, 0xBE, 0xC9, 0x16, 0x10, 0xBE, 0xC9, 0x20, 0xCC, 0x06, 0x06, 0xBD,
    0xF8, 0xFF, 0x24, 0x07, 0x10, 0x8E, 0xCA, 0x00, 0x7E, 0x0C, 0xA3, 0xB6, 0xCA, 0x05, 0x27, 0x1C,
    0xFC, 0xCA, 0x06, 0xFD, 0xC9, 0x20, 0xBE, 0xC9, 0x16, 0x10, 0xBE, 0xC9, 0x20, 0xCC, 0x06, 0x06,
    0xBD, 0xF8, 0xFF, 0x24, 0x07, 0x10, 0x8E, 0xCA, 0x05, 0x7E, 0x0C, 0xA3, 0xB6, 0xCA, 0x0A, 0x27,
    0x1C, 0xFC, 0xCA, 0x0B, 0xFD, 0xC9, 0x20, 0xBE, 0xC9, 0x16, 0x10, 0xBE, 0xC9, 0x20, 0xCC, 0x06,
    0x06, 0xBD, 0xF8, 0xFF, 0x24, 0x07, 0x10, 0x8E, 0xCA, 0x0A, 0x7E, 0x0C, 0xA3, 0xB6, 0xCA, 0x0F,
    0x27, 0x1C, 0xFC, 0xCA, 0x10, 0xFD, 0xC9, 0x20, 0xBE, 0xC9, 0x16, 0x10, 0xBE, 0xC9, 0x20, 0xCC,
    0x06, 0x06, 0xBD, 0xF8, 0xFF, 0x24, 0x07, 0x10, 0x8E, 0xCA, 0x0F, 0x7E, 0x0C, 0xA3, 0xB6, 0xCA,
    0x14, 0x27, 0x1C, 0xFC, 0xCA, 0x15, 0xFD, 0xC9, 0x20, 0xBE, 0xC9, 0x16, 0x10, 0xBE, 0xC9, 0x20,
    0xCC, 0x06, 0x06, 0xBD, 0xF8, 0xFF, 0x24, 0x07, 0x10, 0x8E, 0xCA, 0x14, 0x7E, 0x0C, 0xA3, 0xB6,
    0xCA, 0x19, 0x27, 0x1C, 0xFC, 0xCA, 0x1A, 0xFD, 0xC9, 0x20, 0xBE, 0xC9, 0x16, 0x10, 0xBE, 0xC9,
    0x20, 0xCC, 0x06, 0x06, 0xBD, 0xF8, 0xFF, 0x24, 0x07, 0x10, 0x8E, 0xCA, 0x19, 0x7E, 0x0C, 0xA3,
    0xB6, 0xCA, 0x1E, 0x27, 0x1C, 0xFC, 0xCA, 0x1F, 0xFD, 0xC9, 0x20, 0xBE, 0xC9, 0x16, 0x10, 0xBE,
    0xC9, 0x20, 0xCC, 0x06, 0x06, 0xBD, 0xF8, 0xFF, 0x24, 0x07, 0x10, 0x8E, 0xCA, 0x1E, 0x7E, 0x0C,
    0xA3, 0xB6, 0xCA, 0x23, 0x27, 0x1C, 0xFC, 0xCA, 0x24, 0xFD, 0xC9, 0x20, 0xBE, 0xC9, 0x16, 0x10,
    0xBE, 0xC9, 0x20, 0xCC, 0x06, 0x06, 0xBD, 0xF8, 0xFF, 0x24, 0x07, 0x10, 0x8E, 0xCA, 0x23, 0x7E,
    0x0C, 0xA3, 0x39, 0xBE, 0xC9, 0x1E, 0xEC, 0x01, 0xAB, 0x03, 0x29, 0x0A, 0xEB, 0x04, 0x29, 0x06,
    0xED, 0x01, 0x6A, 0x84, 0x20, 0x03, 0x6F, 0x84, 0x39, 0xB6, 0xC8, 0xC8, 0x26, 0x4A, 0xB6, 0xC8,
    0xC0, 0xF6, 0xC8, 0xC2, 0xFD, 0xC9, 0x20, 0xBE, 0xC9, 0x16, 0x10, 0xBE, 0xC9, 0x20, 0xB6, 0xC9,
    0x71, 0x81, 0x01, 0x26, 0x05, 0xCC, 0x02, 0x02, 0x20, 0x03, 0xCC, 0x06, 0x08, 0xBD, 0xF8, 0xFF,
    0x24, 0x26, 0xBE, 0xC9, 0x1E, 0x6F, 0x84, 0x86, 0xFF, 0xB7, 0xC8, 0xC8, 0xFC, 0xC9, 0x20, 0xFD,
    0xC9, 0x27, 0x86, 0x10, 0xB7, 0xC9, 0x29, 0x34, 0x10, 0xCC, 0x02, 0x00, 0x8E, 0xCB, 0xEB, 0xBD,
    0xF8, 0x7C, 0xBD, 0x73, 0xC9, 0x35, 0x10, 0x39, 0xB6, 0xC8, 0xD1, 0x26, 0x49, 0xB6, 0xC8, 0xC9,
    0xF6, 0xC8, 0xCB, 0xFD, 0xC9, 0x20, 0xBE, 0xC9, 0x16, 0x10, 0xBE, 0xC9, 0x20, 0xB6, 0xC9, 0x71,
    0x81, 0x01, 0x26, 0x05, 0xCC, 0x02, 0x02, 0x20, 0x03, 0xCC, 0x06, 0x08, 0xBD, 0xF8, 0xFF, 0x24,
    0x25, 0xBE, 0xC9, 0x1E, 0x6F, 0x84, 0x86, 0xFF, 0xB7, 0xC8, 0xD1, 0xFC, 0xC9, 0x20, 0xFD, 0xC9,
    0x27, 0x86, 0x10, 0xB7, 0xC9, 0x29, 0x34, 0x10, 0xCC, 0x02, 0x00, 0x8E, 0xCB, 0xEB, 0xBD, 0xF8,
    0x7C, 0xBD, 0x73, 0xC9, 0x35, 0x10, 0x39, 0x86, 0x40, 0xBD, 0xF2, 0xAB, 0xBE, 0xC9, 0x2D, 0xEC,
    0x84, 0xBD, 0xF2, 0xFC, 0x30, 0x02, 0xC6, 0x80, 0xBD, 0xF4, 0x0E, 0xBD, 0xF3, 0x54, 0xBE, 0xC9,
    0x37, 0xEC, 0x84, 0xBD, 0xF2, 0xFC, 0x30, 0x02, 0xC6, 0x80, 0xBD, 0xF4, 0x0E, 0xBD, 0xF3, 0x54,
    0x39, 0x86, 0x50, 0xBD, 0xF2, 0xAB, 0xB6, 0xC9, 0xD6, 0x81, 0x32, 0x2A, 0x05, 0xB6, 0xC9, 0xE8,
    0x2B, 0x18, 0xCC, 0x7F, 0xE0, 0xBD, 0xF2, 0xFC, 0xCE, 0x1B, 0xA9, 0xBD, 0xF3, 0x7A, 0xCC, 0x7F,
    0x30, 0xBD, 0xF2, 0xFC, 0xCE, 0xC9, 0xD6, 0xBD, 0xF3, 0x7A, 0xB6, 0xC9, 0xDB, 0xBD, 0xF2, 0xAB,
    0xB6, 0xC9, 0xDB, 0xBB, 0xC9, 0xDC, 0xB7, 0xC9, 0xDB, 0x81, 0x70, 0x27, 0x06, 0x81, 0x30, 0x27,
    0x02, 0x20, 0x07, 0xB6, 0xC9, 0xDC, 0x40, 0xB7, 0xC9, 0xDC, 0xB6, 0xC8, 0x85, 0x81, 0x01, 0x27,
    0x07, 0x81, 0x02, 0x27, 0x52, 0x7E, 0x10, 0x36, 0x8E, 0x57, 0xC4, 0xEC, 0x84, 0xBD, 0xF2, 0xFC,
    0x30, 0x02, 0xC6, 0x80, 0xBD, 0xF4, 0x0E, 0xBD, 0xF3, 0x54, 0x8E, 0x57, 0xDF, 0xEC, 0x84, 0xBD,
    0xF2, 0xFC, 0x30, 0x02, 0xC6, 0x80, 0xBD, 0xF4, 0x0E, 0xBD, 0xF3, 0x54, 0x8E, 0x57, 0xFA, 0xEC,
    0x84, 0xBD, 0xF2, 0xFC, 0x30, 0x02, 0xC6, 0x80, 0xBD, 0xF4, 0x0E, 0xBD, 0xF3, 0x54, 0x86, 0x40,
    0xBD, 0xF2, 0xAB, 0xCC, 0x80, 0x80, 0xBD, 0xF2, 0xFC, 0x8E, 0x41, 0x36, 0xC6, 0xFF, 0xBD, 0xF4,
    0x0E, 0xBD, 0xF3, 0x54, 0x7E, 0x10, 0x82, 0x8E, 0x58, 0x0F, 0xEC, 0x84, 0xBD, 0xF2, 0xFC, 0x30,
    0x02, 0xC6, 0x80, 0xBD, 0xF4, 0x0E, 0xBD, 0xF3, 0x54, 0x8E, 0x58, 0x2A, 0xEC, 0x84, 0xBD, 0xF2,
    0xFC, 0x30, 0x02, 0xC6, 0x80, 0xBD, 0xF4, 0x0E, 0xBD, 0xF3, 0x54, 0x8E, 0x58, 0x42, 0xEC, 0x84,
    0xBD, 0xF2, 0xFC, 0x30, 0x02, 0xC6, 0x80, 0xBD, 0xF4, 0x0E, 0xBD, 0xF3, 0x54, 0x86, 0x40, 0xBD,
    0xF2, 0xAB, 0xCC, 0x80, 0x80, 0xBD, 0xF2, 0xFC, 0x8E, 0x41, 0x36, 0xC6, 0xFF, 0xBD, 0xF4, 0x0E,
    0xBD, 0xF3, 0x54, 0x20, 0x4D, 0x12, 0x8E, 0x58, 0x60, 0xEC, 0x84, 0xBD, 0xF2, 0xFC, 0x30, 0x02,
    0xC6, 0x80, 0xBD, 0xF4, 0x0E, 0xBD, 0xF3, 0x54, 0x8E, 0x58, 0x81, 0xEC, 0x84, 0xBD, 0xF2, 0xFC,
    0x30, 0x02, 0xC6, 0x80, 0xBD, 0xF4, 0x0E, 0xBD, 0xF3, 0x54, 0x8E, 0x58, 0xA5, 0xEC, 0x84, 0xBD,
    0xF2, 0xFC, 0x30, 0x02, 0xC6, 0x80, 0xBD, 0xF4, 0x0E, 0xBD, 0xF3, 0x54, 0x86, 0x40, 0xBD, 0xF2,
    0xAB, 0xCC, 0x80, 0x80, 0xBD, 0xF2, 0xFC, 0x8E, 0x41, 0x36, 0xC6, 0xFF, 0xBD, 0xF4, 0x0E, 0xBD,
    0xF3, 0x54, 0xB6, 0xC9, 0xCF, 0x27, 0x08, 0xBD, 0xF5, 0x11, 0xBD, 0xF5, 0x84, 0x20, 0x02, 0x86,
    0x60, 0xBD, 0xF2, 0xAB, 0xFC, 0xC9, 0xCD, 0xBD, 0xF2, 0xFC, 0xC6, 0x20, 0x8E, 0x58, 0xE5, 0xBD,
    0xF4, 0x0E, 0xBD, 0xF3, 0x54, 0xFC, 0xC9, 0xCD, 0xBD, 0xF2, 0xFC, 0xC6, 0x20, 0x8E, 0x59, 0x1F,
    0xBD, 0xF4, 0x0E, 0xBD, 0xF3, 0x54, 0x39, 0x86, 0x40, 0xBD, 0xF2, 0xAB, 0x8E, 0xCA, 0x00, 0xBF,
    0xC9, 0x1E, 0xA6, 0x84, 0x27, 0x03, 0xBD, 0x10, 0xD4, 0xBE, 0xC9, 0x1E, 0x30, 0x05, 0x8C, 0xCA,
    0x28, 0x26, 0xEC, 0x39, 0x30, 0x01, 0xEC, 0x84, 0xFD, 0xC9, 0x16, 0xBD, 0xF2, 0xFC, 0xBE, 0xC9,
    0x1E, 0xA6, 0x84, 0x8E, 0x3C, 0x82, 0x81, 0x05, 0x27, 0x4D, 0x8E, 0x3C, 0x9E, 0x81, 0x06, 0x27,
    0x46, 0x8E, 0x3C, 0xD4, 0x81, 0x07, 0x27, 0x3F, 0x8E, 0x3C, 0xBA, 0x81, 0x08, 0x27, 0x38, 0x8E,
    0x3C, 0xF2, 0x81, 0x01, 0x27, 0x31, 0x8E, 0x3C, 0xFC, 0x81, 0x02, 0x27, 0x2A, 0x8E, 0x3D, 0x06,
    0x81, 0x03, 0x27, 0x23, 0x8E, 0x3D, 0x10, 0x81, 0x04, 0x27, 0x1C, 0x8E, 0x3D, 0x1A, 0x81, 0x09,
    0x27, 0x15, 0x8E, 0x3D, 0x30, 0x81, 0x0A, 0x27, 0x0E, 0x8E, 0x3D, 0x46, 0x81, 0x0B, 0x27, 0x07,
    0x8E, 0x3D, 0x5C, 0x81, 0x0C, 0x27, 0x00, 0xBD, 0xF3, 0xD6, 0xBD, 0xF3, 0x54, 0xB6, 0xC9, 0x24,
    0x27, 0x0F, 0xBE, 0xC9, 0x16, 0x10, 0xBE, 0xC9, 0x25, 0xCC, 0x06, 0x06, 0xBD, 0xF8, 0xFF, 0x25,
    0x01, 0x39, 0xBE, 0xC9, 0x1E, 0xA6, 0x84, 0x81, 0x05, 0x27, 0x11, 0x81, 0x06, 0x27, 0x0D, 0x81,
    0x07, 0x27, 0x09, 0x81, 0x08, 0x27, 0x05, 0x81, 0x0A, 0x27, 0x25, 0x39, 0x6F, 0x84, 0x34, 0x10,
    0xA6, 0x04, 0x8E, 0xCA, 0x80, 0x30, 0x86, 0x6F, 0x84, 0xCC, 0x04, 0x00, 0x8E, 0xCB, 0xEB, 0xBD,
    0xF8, 0x7C, 0x35, 0x10, 0x86, 0xC0, 0xB7, 0xC9, 0xEE, 0x7C, 0xC9, 0x13, 0x7C, 0xC9, 0x15, 0x39,
    0xC6, 0xA0, 0xB6, 0xC9, 0xC8, 0x81, 0xFF, 0x27, 0x03, 0x7C, 0xC9, 0xC8, 0x5A, 0x26, 0xF3, 0x34,
    0x10, 0xCC, 0x01, 0x50, 0x8E, 0xCB, 0xEB, 0xBD, 0xF8, 0x7C, 0x86, 0x40, 0xB7, 0xC9, 0xF1, 0x35,
    0x10, 0x6F, 0x84, 0x34, 0x10, 0xA6, 0x04, 0x8E, 0xCA, 0x80, 0x30, 0x86, 0x6F, 0x84, 0x35, 0x10,
    0x39, 0xB6, 0xC9, 0x14, 0x40, 0xB7, 0xC9, 0x14, 0x8E, 0x41, 0x3A, 0xB6, 0xC9, 0x04, 0xC6, 0x02,
    0x3D, 0x30, 0x8B, 0xEC, 0x84, 0xBB, 0xC9, 0x1A, 0xFB, 0xC9, 0x1C, 0xFD, 0xC9, 0x25, 0xB6, 0xC9,
    0x24, 0x27, 0x2F, 0xFC, 0xC9, 0x0E, 0x10, 0x83, 0x00, 0x00, 0x26, 0x26, 0x86, 0x68, 0xBD, 0xF2,
    0xAB, 0xB6, 0xC9, 0x14, 0x2B, 0x1C, 0xB6, 0xC9, 0x1A, 0xF6, 0xC9, 0x1C, 0xBD, 0xF2, 0xFC, 0x8E,
    0x3D, 0xF6, 0xB6, 0xC9, 0x04, 0xC6, 0x0D, 0x3D, 0x30, 0x8B, 0xC6, 0x10, 0xBD, 0xF4, 0x0E, 0xBD,
    0xF3, 0x54, 0x86, 0x7F, 0xBD, 0xF2, 0xAB, 0xB6, 0xC9, 0x29, 0x27, 0x21, 0x8B, 0x08, 0xB7, 0xC9,
    0x29, 0x81, 0x60, 0x2B, 0x05, 0x7F, 0xC9, 0x29, 0x20, 0x13, 0xFC, 0xC9, 0x27, 0xBD, 0xF2, 0xFC,
    0x8E, 0x41, 0xBE, 0xF6, 0xC9, 0x29, 0x58, 0xBD, 0xF4, 0x0E, 0xBD, 0xF3, 0x54, 0x86, 0x7F, 0xBD,
    0xF2, 0xAB, 0xB6, 0xC9, 0x2C, 0x27, 0x20, 0x8B, 0x08, 0xB7, 0xC9, 0x2C, 0x81, 0x60, 0x2B, 0x05,
    0x7F, 0xC9, 0x2C, 0x20, 0x12, 0xFC, 0xC9, 0x2A, 0xBD, 0xF2, 0xFC, 0x8E, 0x41, 0xBE, 0xF6, 0xC9,
    0x2C, 0xBD, 0xF4, 0x0E, 0xBD, 0xF3, 0x54, 0xFC, 0xC9, 0x0E, 0x27, 0x62, 0x86, 0x80, 0xB7, 0xC9,
    0xCC, 0xFC, 0xC9, 0x0E, 0x83, 0x00, 0x01, 0xFD, 0xC9, 0x0E, 0x10, 0x83, 0x00, 0x00, 0x26, 0x4E,
    0xB6, 0xC9, 0xCB, 0x27, 0x07, 0x86, 0x02, 0xB7, 0xC9, 0x7F, 0x20, 0x42, 0xFC, 0xC9, 0xD0, 0x10,
    0x83, 0x30, 0x30, 0x26, 0x07, 0x86, 0x01, 0xB7, 0xC9, 0xD3, 0x20, 0x32, 0xCC, 0x70, 0x00, 0xB7,
    0xC9, 0x1A, 0xF7, 0xC9, 0x1C, 0x7F, 0xC9, 0x04, 0x7F, 0xC9, 0x06, 0x7F, 0xC9, 0x07, 0x7F, 0xC9,
    0x08, 0x7F, 0xC9, 0x09, 0x7F, 0xC9, 0x02, 0x86, 0x1F, 0xB7, 0xC9, 0x12, 0x86, 0xFF, 0xB7, 0xC9,
    0xC8, 0xB6, 0xC9, 0x33, 0x81, 0x06, 0x26, 0x06, 0xCC, 0x90, 0x00, 0xFD, 0xC9, 0x1C, 0x7A, 0xC9,
    0x3B, 0xB6, 0xC9, 0x3B, 0x26, 0x28, 0xB6, 0xC9, 0x40, 0x8B, 0x20, 0xB7, 0xC9, 0x3B, 0xC6, 0x20,
    0x8E, 0xCA, 0x00, 0xA6, 0x84, 0x27, 0x07, 0x81, 0x04, 0x2A, 0x03, 0x5A, 0x5A, 0x5A, 0x30, 0x05,
    0x8C, 0xCA, 0x28, 0x26, 0xEE, 0xFB, 0xC9, 0x3B, 0xF7, 0xC9, 0x3B, 0xBD, 0x57, 0x1D, 0xBD, 0xF5,
    0x11, 0x84, 0x01, 0xB7, 0xC9, 0x3E, 0xBD, 0xF5, 0x11, 0x84, 0x03, 0xB7, 0xC9, 0x3F, 0xBD, 0xF5,
    0x11, 0x84, 0x07, 0xB7, 0xC9, 0x40, 0xB6, 0xC9, 0x56, 0x26, 0x0D, 0xBD, 0xF5, 0x11, 0xBD, 0xF5,
    0x84, 0x81, 0x04, 0x2A, 0x03, 0xBD, 0x14, 0x0A, 0xB6, 0xC9, 0x5B, 0x26, 0x0D, 0xBD, 0xF5, 0x11,
    0xBD, 0xF5, 0x84, 0x81, 0x04, 0x2A, 0x03, 0xBD, 0x14, 0x81, 0x7C, 0xC9, 0x9E, 0xB6, 0xC9, 0x9E,
    0x81, 0x04, 0x26, 0x03, 0x7F, 0xC9, 0x9E, 0xB6, 0xC9, 0xCB, 0x26, 0x34, 0x7F, 0xC9, 0xA5, 0x7F,
    0xC9, 0xAA, 0xBE, 0xC9, 0xA6, 0xFC, 0xC9, 0xA8, 0xC3, 0x00, 0x01, 0xFD, 0xC9, 0x16, 0xA6, 0x84,
    0x27, 0x03, 0x7C, 0xC9, 0xA5, 0x30, 0x01, 0xBC, 0xC9, 0x16, 0x26, 0xF2, 0xB6, 0xC9, 0xA5, 0x26,
    0x0F, 0x86, 0x01, 0xB7, 0xC9, 0xAA, 0xB6, 0xCB, 0x02, 0x26, 0x05, 0x86, 0x04, 0xB7, 0xCB, 0x02,
    0x7C, 0xC9, 0xC9, 0xB6, 0xC9, 0xC9, 0xB1, 0xC9, 0xCA, 0x26, 0x03, 0x7F, 0xC9, 0xC9, 0xB6, 0xC9,
    0xCC, 0x27, 0x03, 0x7A, 0xC9, 0xCC, 0xB6, 0xC9, 0xCB, 0x27, 0x22, 0x7A, 0xC9, 0xD9, 0xB6, 0xC9,
    0xD9, 0x26, 0x1A, 0xB6, 0xC9, 0xDA, 0xB7, 0xC9, 0xD9, 0xBD, 0x6B, 0x42, 0xFC, 0xC9, 0x0E, 0x26,
    0x0C, 0xFC, 0xC9, 0xD6, 0x10, 0x83, 0x30, 0x30, 0x26, 0x03, 0xBD, 0x1A, 0x45, 0xFC, 0xC9, 0x08,
    0x10, 0x83, 0x03, 0x00, 0x2B, 0x06, 0xCC, 0x03, 0x00, 0xFD, 0xC9, 0x08, 0x10, 0x83, 0xFD, 0x00,
    0x2A, 0x06, 0xCC, 0xFD, 0x00, 0xFD, 0xC9, 0x08, 0xFC, 0xC9, 0x06, 0x10, 0x83, 0x03, 0x00, 0x2B,
    0x06, 0xCC, 0x03, 0x00, 0xFD, 0xC9, 0x06, 0x10, 0x83, 0xFD, 0x00, 0x2A, 0x06, 0xCC, 0xFD, 0x00,
    0xFD, 0xC9, 0x06, 0xFC, 0xC9, 0x0E, 0x10, 0x83, 0x00, 0x00, 0x27, 0x05, 0x7F, 0xC9, 0xE8, 0x20,
    0x08, 0xB6, 0xC9, 0xE8, 0x8B, 0x08, 0xB7, 0xC9, 0xE8, 0x39, 0xB6, 0xC9, 0xCC, 0x26, 0x05, 0xB6,
    0xC9, 0xCB, 0x27, 0x01, 0x39, 0xB6, 0xC9, 0x48, 0x27, 0x01, 0x39, 0xBD, 0xF1, 0xAF, 0x10, 0xBE,
    0xC9, 0x0E, 0x26, 0x56, 0xB6, 0xC8, 0x85, 0x81, 0x03, 0x27, 0x1C, 0x81, 0x02, 0x27, 0x0C, 0xBD,
    0xF5, 0x11, 0xBD, 0xF5, 0x84, 0x81, 0x50, 0x2A, 0x0E, 0x20, 0x05, 0xBD, 0xF5, 0x11, 0x2A, 0x07,
    0xBD, 0xF5, 0x11, 0x1F, 0x89, 0x20, 0x20, 0xB6, 0xC9, 0x1A, 0x47, 0xF6, 0xC9, 0x1C, 0x57, 0xFD,
    0xC9, 0x16, 0xB6, 0xC9, 0x44, 0x47, 0xB0, 0xC9, 0x16, 0xF6, 0xC9, 0x45, 0x57, 0xF0, 0xC9, 0x17,
    0xBD, 0xF5, 0x93, 0xC0, 0x10, 0xCB, 0x20, 0x86, 0x03, 0xBD, 0xF6, 0x01, 0xFD, 0xC9, 0x54, 0x86,
    0x40, 0xB7, 0xC9, 0x56, 0xFC, 0xC9, 0x44, 0xFD, 0xC9, 0x52, 0xBD, 0xF1, 0xAA, 0xBD, 0x73, 0xAF,
    0x39, 0xB6, 0xC9, 0xCC, 0x26, 0x05, 0xB6, 0xC9, 0xCB, 0x27, 0x01, 0x39, 0xB6, 0xC9, 0x4F, 0x27,
    0x01, 0x39, 0xBD, 0xF1, 0xAF, 0x10, 0xBE, 0xC9, 0x0E, 0x26, 0x56, 0xB6, 0xC8, 0x85, 0x81, 0x03,
    0x27, 0x1C, 0x81, 0x02, 0x27, 0x0C, 0xBD, 0xF5, 0x11, 0xBD, 0xF5, 0x84, 0x81, 0x50, 0x2A, 0x0E,
    0x20, 0x05, 0xBD, 0xF5, 0x11, 0x2A, 0x07, 0xBD, 0xF5, 0x11, 0x1F, 0x89, 0x20, 0x20, 0xB6, 0xC9,
    0x1A, 0x47, 0xF6, 0xC9, 0x1C, 0x57, 0xFD, 0xC9, 0x16, 0xB6, 0xC9, 0x4B, 0x47, 0xB0, 0xC9, 0x16,
    0xF6, 0xC9, 0x4C, 0x57, 0xF0, 0xC9, 0x17, 0xBD, 0xF5, 0x93, 0xC0, 0x10, 0xCB, 0x20, 0x86, 0x03,
    0xBD, 0xF6, 0x01, 0xFD, 0xC9, 0x59, 0x86, 0x40, 0xB7, 0xC9, 0x5B, 0xFC, 0xC9, 0x4B, 0xFD, 0xC9,
    0x57, 0xBD, 0xF1, 0xAA, 0xBD, 0x73, 0xAF, 0x39, 0xBD, 0xF5, 0x11, 0x84, 0x01, 0xB7, 0xC9, 0x3E,
    0xBD, 0xF5, 0x11, 0x84, 0x03, 0xB7, 0xC9, 0x3F, 0xBD, 0xF5, 0x11, 0x84, 0x07, 0xB7, 0xC9, 0x40,
    0xBD, 0xF5, 0x11, 0xBD, 0xF5, 0x84, 0x1F, 0x89, 0x86, 0x00, 0xC1, 0x54, 0x2A, 0x08, 0x86, 0x01,
    0xC1, 0x2A, 0x2A, 0x02, 0x86, 0x02, 0xB7, 0xC9, 0x43, 0x39, 0x7F, 0xC9, 0xEA, 0xBE, 0xC9, 0x0E,
    0x8C, 0x00, 0x00, 0x27, 0x01, 0x39, 0xBD, 0x18, 0xBB, 0x7F, 0xC9, 0x00, 0x7F, 0xC9, 0x02, 0xBD,
    0x6B, 0xCD, 0xB6, 0xC8, 0x1B, 0x81, 0x00, 0x27, 0x38, 0x81, 0x00, 0x2A, 0x1C, 0x86, 0x01, 0xB7,
    0xC9, 0x02, 0x86, 0x02, 0xB7, 0xC9, 0xEA, 0xB6, 0xC9, 0x04, 0x4C, 0xB7, 0xC9, 0x04, 0x81, 0x40,
    0x26, 0x1F, 0x86, 0x00, 0xB7, 0xC9, 0x04, 0x20, 0x18, 0x86, 0x02, 0xB7, 0xC9, 0x02, 0xB7, 0xC9,
    0xEA, 0xB6, 0xC9, 0x04, 0x4A, 0xB7, 0xC9, 0x04, 0x81, 0xFF, 0x26, 0x05, 0x86, 0x3F, 0xB7, 0xC9,
    0x04, 0x7D, 0xC8, 0x12, 0x27, 0x0F, 0xB6, 0xC9, 0xDF, 0x26, 0x0D, 0xBD, 0x6B, 0x6F, 0x86, 0x01,
    0xB7, 0xC9, 0xDF, 0x20, 0x03, 0x7F, 0xC9, 0xDF, 0x7D, 0xC9, 0xE4, 0x27, 0x1A, 0xB6, 0xCB, 0x01,
    0x26, 0x34, 0x86, 0x01, 0xB7, 0xC9, 0x24, 0xB7, 0xCB, 0x00, 0xB6, 0xC9, 0xEC, 0x26, 0x27, 0xCC,
    0x10, 0x10, 0xFD, 0xC9, 0xEC, 0x20, 0x1F, 0x7F, 0xCB, 0x01, 0xB6, 0xC9, 0x24, 0x27, 0x17, 0x86,
    0x00, 0xB7, 0xC9, 0x24, 0xB7, 0xCB, 0x00, 0x7F, 0xC9, 0xEC, 0xCC, 0x02, 0x00, 0xBD, 0xF2, 0x56,
    0xCC, 0x03, 0x00, 0xBD, 0xF2, 0x56, 0x7D, 0xC9, 0xE2, 0x27, 0x11, 0xB6, 0xC9, 0x18, 0x81, 0x01,
    0x27, 0x0F, 0x86, 0x01, 0xB7, 0xC9, 0x18, 0xBD, 0x0B, 0x8C, 0x20, 0x05, 0x86, 0x00, 0xB7, 0xC9,
    0x18, 0x7D, 0xC9, 0xE0, 0x27, 0x32, 0xB6, 0xC9, 0xC8, 0x27, 0x2D, 0xB6, 0xC9, 0xC9, 0x26, 0x08,
    0xB6, 0xC9, 0xCB, 0x26, 0x03, 0x7A, 0xC9, 0xC8, 0x86, 0x03, 0xB7, 0xC9, 0x02, 0x86, 0x01, 0xB7,
    0xC9, 0xEA, 0xBD, 0xF1, 0xAF, 0x7C, 0xC9, 0x00, 0xB6, 0xC9, 0x12, 0x47, 0xF6, 0xC9, 0x04, 0xBD,
    0xF6, 0x01, 0xFD, 0xC9, 0x0A, 0x7E, 0x16, 0xCB, 0xBD, 0xF1, 0xAF, 0xB6, 0xC9, 0x71, 0x81, 0x01,
    0x27, 0x03, 0x20, 0x6B, 0x12, 0xBD, 0xF1, 0xAA, 0xB6, 0xC9, 0x1A, 0xF6, 0xC9, 0x1C, 0xFD, 0xC9,
    0x16, 0xCC, 0x00, 0x00, 0xFD, 0xC9, 0x20, 0xBE, 0xC9, 0x16, 0x10, 0xBE, 0xC9, 0x20, 0xB6, 0xC9,
    0xC8, 0x26, 0x05, 0xCC, 0x7F, 0x7F, 0x20, 0x03, 0xCC, 0x40, 0x20, 0xBD, 0xF8, 0xFF, 0x25, 0x20,
    0xBE, 0xC9, 0x16, 0x10, 0xBE, 0xC9, 0x20, 0xCC, 0x30, 0x30, 0xBD, 0xF8, 0xFF, 0x25, 0x11, 0xBE,
    0xC9, 0x16, 0x10, 0xBE, 0xC9, 0x20, 0xCC, 0x20, 0x40, 0xBD, 0xF8, 0xFF, 0x25, 0x02, 0x20, 0x4B,
    0xBD, 0xF1, 0xAF, 0xB6, 0xC9, 0x1A, 0xF6, 0xC9, 0x1C, 0xBD, 0xF5, 0x93, 0xC0, 0x10, 0xCB, 0x20,
    0x7C, 0xC9, 0x00, 0xB6, 0xC9, 0x12, 0x47, 0xBD, 0xF6, 0x01, 0xFD, 0xC9, 0x0A, 0x20, 0x2C, 0xB6,
    0xC9, 0x72, 0x26, 0x27, 0xB6, 0xC9, 0xCB, 0x26, 0x22, 0xB6, 0xC9, 0x33, 0x81, 0x05, 0x27, 0x18,
    0x7C, 0xC9, 0x00, 0xB6, 0xC8, 0x87, 0x27, 0x04, 0x86, 0x04, 0x20, 0x02, 0x86, 0x06, 0xC6, 0x20,
    0xBD, 0xF6, 0x01, 0xFD, 0xC9, 0x0A, 0x20, 0x03, 0xBD, 0x74, 0x1A, 0xBD, 0xF1, 0xAF, 0xB6, 0xC9,
    0x00, 0xF6, 0xC9, 0x0A, 0xBD, 0x18, 0xC4, 0xF3, 0xC9, 0x06, 0xFD, 0xC9, 0x06, 0xB6, 0xC9, 0x00,
    0xF6, 0xC9, 0x0B, 0xBD, 0x18, 0xC4, 0xF3, 0xC9, 0x08, 0xFD, 0xC9, 0x08, 0xB6, 0xC8, 0x87, 0x26,
    0x17, 0xFC, 0xC9, 0x08, 0x2D, 0x04, 0x2E, 0x0A, 0x20, 0x0E, 0xC3, 0x00, 0x02, 0xFD, 0xC9, 0x08,
    0x20, 0x06, 0x83, 0x00, 0x02, 0xFD, 0xC9, 0x08, 0xB6, 0xC8, 0x87, 0x27, 0x0C, 0xB6, 0xC9, 0xCB,
    0x27, 0x1E, 0xB6, 0xC8, 0x85, 0x81, 0x03, 0x2B, 0x17, 0xFC, 0xC9, 0x06, 0x2D, 0x04, 0x2E, 0x0A,
    0x20, 0x0E, 0xC3, 0x00, 0x02, 0xFD, 0xC9, 0x06, 0x20, 0x06, 0x83, 0x00, 0x02, 0xFD, 0xC9, 0x06,
    0xB6, 0xC9, 0x71, 0x26, 0x39, 0xFC, 0xC9, 0x1A, 0xF3, 0xC9, 0x06, 0x29, 0x4B, 0x81, 0x7E, 0x27,
    0x1E, 0x81, 0x7D, 0x27, 0x1A, 0x81, 0x7C, 0x27, 0x16, 0x81, 0x7B, 0x27, 0x12, 0xFD, 0xC9, 0x1A,
    0xFC, 0xC9, 0x1C, 0xF3, 0xC9, 0x08, 0x29, 0x47, 0xFD, 0xC9, 0x1C, 0xBD, 0xF1, 0xAA, 0x39, 0x86,
    0x01, 0xB7, 0xC9, 0x7F, 0xBD, 0xF1, 0xAA, 0x39, 0x7E, 0x18, 0x53, 0x7E, 0x17, 0xFC, 0xFC, 0xC9,
    0x1A, 0xF3, 0xC9, 0x06, 0x29, 0xF2, 0xFD, 0xC9, 0x1A, 0xFC, 0xC9, 0x1C, 0xF3, 0xC9, 0x08, 0x29,
    0xEA, 0xFD, 0xC9, 0x1C, 0xBD, 0xF1, 0xAA, 0x39, 0xB6, 0xC9, 0x33, 0x81, 0x05, 0x26, 0x09, 0x86,
    0x70, 0xB7, 0xC9, 0x1A, 0xBD, 0xF1, 0xAA, 0x39, 0xBD, 0xF1, 0xAA, 0xBD, 0x1A, 0x45, 0x39, 0xFD,
    0xC9, 0x1C, 0xBD, 0xF1, 0xAA, 0xB6, 0xC9, 0xCB, 0x27, 0x04, 0xBD, 0xF1, 0xAA, 0x39, 0xB6, 0xC8,
    0x85, 0x81, 0x03, 0x26, 0x0B, 0xB6, 0xC9, 0x33, 0x81, 0x03, 0x26, 0x0F, 0xBD, 0xF1, 0xAA, 0x39,
    0xB6, 0xC9, 0x33, 0x81, 0x05, 0x26, 0x04, 0xBD, 0xF1, 0xAA, 0x39, 0xBD, 0xF1, 0xAA, 0xB6, 0xC9,
    0x1C, 0x2A, 0x13, 0x7C, 0xC9, 0x34, 0xB6, 0xC9, 0x34, 0x4A, 0xB1, 0xC9, 0xA0, 0x26, 0x17, 0x86,
    0x01, 0xB7, 0xC9, 0x34, 0x20, 0x10, 0x7A, 0xC9, 0x34, 0xB6, 0xC9, 0x34, 0x81, 0x00, 0x26, 0x06,
    0xB6, 0xC9, 0xA0, 0xB7, 0xC9, 0x34, 0x86, 0x01, 0xB7, 0xC9, 0x36, 0x39, 0xBD, 0xF1, 0xAF, 0xFC,
    0xC9, 0x1A, 0xB3, 0xC9, 0x06, 0xFD, 0xC9, 0x1A, 0xFC, 0xC9, 0x1C, 0xB3, 0xC9, 0x08, 0xFD, 0xC9,
    0x1C, 0xB6, 0xC9, 0x04, 0x34, 0x02, 0x8B, 0x10, 0x84, 0x3F, 0xB7, 0xC9, 0x04, 0xF6, 0xC9, 0x04,
    0xC6, 0x20, 0x86, 0x08, 0xBD, 0xF6, 0x01, 0xFD, 0xC9, 0x0A, 0x86, 0x06, 0xF6, 0xC9, 0x0B, 0xBD,
    0x18, 0xC4, 0xB3, 0xC9, 0x08, 0xFD, 0xC9, 0x08, 0xFC, 0xC9, 0x1A, 0xF3, 0xC9, 0x06, 0xFD, 0xC9,
    0x1A, 0xFC, 0xC9, 0x1C, 0xF3, 0xC9, 0x08, 0xFD, 0xC9, 0x1C, 0xBD, 0xF1, 0xAA, 0x35, 0x02, 0xB7,
    0xC9, 0x04, 0x39, 0xBD, 0xF1, 0xAF, 0xFC, 0xC9, 0x1A, 0xB3, 0xC9, 0x06, 0xFD, 0xC9, 0x1A, 0xFC,
    0xC9, 0x1C, 0xB3, 0xC9, 0x08, 0xFD, 0xC9, 0x1C, 0xB6, 0xC9, 0x04, 0x34, 0x02, 0x8B, 0x10, 0x84,
    0x3F, 0xB7, 0xC9, 0x04, 0xF6, 0xC9, 0x04, 0xC6, 0x20, 0x86, 0x08, 0xBD, 0xF6, 0x01, 0xFD, 0xC9,
    0x0A, 0x86, 0x06, 0xF6, 0xC9, 0x0A, 0xBD, 0x18, 0xC4, 0xB3, 0xC9, 0x06, 0xFD, 0xC9, 0x06, 0xFC,
    0xC9, 0x1A, 0xF3, 0xC9, 0x06, 0xFD, 0xC9, 0x1A, 0xFC, 0xC9, 0x1C, 0xF3, 0xC9, 0x08, 0xFD, 0xC9,
    0x1C, 0xBD, 0xF1, 0xAA, 0x35, 0x02, 0xB7, 0xC9, 0x04, 0x39, 0x8E, 0xC8, 0x1F, 0x86, 0x01, 0xA7,
    0x80, 0x86, 0x03, 0xA7, 0x80, 0x4F, 0xA7, 0x80, 0xA7, 0x80, 0x39, 0x86, 0x4F, 0xB7, 0xC8, 0x23,
    0xBD, 0xF1, 0xF8, 0x39, 0x7F, 0xC8, 0x83, 0x5D, 0x2A, 0x03, 0x7C, 0xC8, 0x83, 0xBD, 0xF5, 0x84,
    0x3D, 0x74, 0xC8, 0x83, 0x24, 0x05, 0x43, 0x53, 0xC3, 0x00, 0x01, 0x39, 0xBE, 0xC9, 0x0E, 0x8C,
    0x00, 0x00, 0x27, 0x01, 0x39, 0x86, 0x40, 0xBD, 0xF2, 0xAB, 0xB6, 0xCB, 0x00, 0x27, 0x12, 0xB6,
    0xC9, 0xC8, 0x27, 0x0D, 0xB6, 0xC9, 0x14, 0x2A, 0x08, 0x7A, 0xC9, 0xC8, 0x86, 0x7F, 0xBD, 0xF2,
    0xAB, 0xB6, 0xC9, 0x1A, 0xF6, 0xC9, 0x1C, 0xBD, 0xF2, 0xFC, 0x8E, 0x1D, 0xAF, 0xB6, 0xC9, 0x04,
    0xC6, 0x28, 0x3D, 0x30, 0x8B, 0xF6, 0xC9, 0x70, 0xBD, 0xF4, 0x0E, 0xBD, 0xF3, 0x54, 0xB6, 0xC9,
    0x1A, 0xF6, 0xC9, 0x1C, 0xBD, 0xF2, 0xFC, 0x8E, 0x27, 0xD7, 0xB6, 0xC9, 0x04, 0xC6, 0x2B, 0x3D,
    0x30, 0x8B, 0xF6, 0xC9, 0x70, 0xBD, 0xF4, 0x0E, 0xBD, 0xF3, 0x54, 0xB6, 0xC9, 0x1A, 0xF6, 0xC9,
    0x1C, 0xBD, 0xF2, 0xFC, 0xBD, 0xF2, 0xA9, 0xB6, 0xC9, 0x14, 0x2A, 0x4D, 0xB6, 0xC9, 0x02, 0x27,
    0x48, 0x81, 0x01, 0x27, 0x30, 0x81, 0x02, 0x27, 0x16, 0x8E, 0x32, 0xC2, 0xB6, 0xC9, 0x04, 0xC6,
    0x13, 0x3D, 0x30, 0x8B, 0xF6, 0xC9, 0x70, 0xBD, 0xF4, 0x0E, 0xBD, 0xF3, 0x54, 0x20, 0x2A, 0x8E,
    0x37, 0x82, 0xB6, 0xC9, 0x04, 0xC6, 0x0A, 0x3D, 0x30, 0x8B, 0xF6, 0xC9, 0x70, 0xBD, 0xF4, 0x0E,
    0xBD, 0xF3, 0x54, 0x20, 0x14, 0x8E, 0x3A, 0x02, 0xB6, 0xC9, 0x04, 0xC6, 0x0A, 0x3D, 0x30, 0x8B,
    0xF6, 0xC9, 0x70, 0xBD, 0xF4, 0x0E, 0xBD, 0xF3, 0x54, 0xBD, 0xF3, 0x54, 0xB6, 0xC9, 0xA4, 0x27,
    0x01, 0x39, 0xB6, 0xC9, 0x7F, 0x27, 0x01, 0x39, 0xB6, 0xC9, 0x1A, 0xF6, 0xC9, 0x1C, 0xFD, 0xC9,
    0x16, 0xB6, 0xC9, 0xCB, 0x27, 0x03, 0x7E, 0x68, 0xBC, 0xBE, 0xC9, 0x31, 0xEC, 0x84, 0xFD, 0xC9,
    0x20, 0xEC, 0x02, 0x8B, 0x02, 0xCB, 0x02, 0xBE, 0xC9, 0x16, 0x10, 0xBE, 0xC9, 0x20, 0xBD, 0xF8,
    0xFF, 0x25, 0x72, 0xBE, 0xC9, 0x31, 0x30, 0x04, 0xEC, 0x84, 0xFD, 0xC9, 0x20, 0xEC, 0x02, 0x8B,
    0x02, 0xCB, 0x02, 0xBE, 0xC9, 0x16, 0x10, 0xBE, 0xC9, 0x20, 0xBD, 0xF8, 0xFF, 0x25, 0x56, 0xBE,
    0xC9, 0x31, 0x30, 0x08, 0xEC, 0x84, 0xFD, 0xC9, 0x20, 0xEC, 0x02, 0x8B, 0x02, 0xCB, 0x02, 0xBE,
    0xC9, 0x16, 0x10, 0xBE, 0xC9, 0x20, 0xBD, 0xF8, 0xFF, 0x25, 0x3A, 0xBE, 0xC9, 0x31, 0x30, 0x0C,
    0xEC, 0x84, 0xFD, 0xC9, 0x20, 0xEC, 0x02, 0x8B, 0x02, 0xCB, 0x02, 0xBE, 0xC9, 0x16, 0x10, 0xBE,
    0xC9, 0x20, 0xBD, 0xF8, 0xFF, 0x25, 0x1E, 0xBE, 0xC9, 0x31, 0x30, 0x88, 0x10, 0xEC, 0x84, 0xFD,
    0xC9, 0x20, 0xEC, 0x02, 0x8B, 0x02, 0xCB, 0x02, 0xBE, 0xC9, 0x16, 0x10, 0xBE, 0xC9, 0x20, 0xBD,
    0xF8, 0xFF, 0x25, 0x01, 0x39, 0xFC, 0xC9, 0x0E, 0x27, 0x01, 0x39, 0xCE, 0x1C, 0xB6, 0xBD, 0xF2,
    0x7D, 0xCC, 0x00, 0xA0, 0xFD, 0xC9, 0x0E, 0x86, 0x1F, 0xB7, 0xC9, 0x12, 0xCC, 0x00, 0x00, 0xFD,
    0xC9, 0x06, 0xFD, 0xC9, 0x08, 0xBD, 0x66, 0x17, 0xBD, 0x69, 0x93, 0x86, 0x80, 0xB7, 0xC9, 0xCC,
    0x7F, 0xC9, 0xEC, 0x7F, 0xCB, 0x00, 0xCC, 0x02, 0x00, 0xBD, 0xF2, 0x56, 0xCC, 0x03, 0x00, 0xBD,
    0xF2, 0x56, 0xB6, 0xC9, 0x48, 0x81, 0xFF, 0x27, 0x09, 0x81, 0x00, 0x27, 0x05, 0x86, 0xFF, 0xB7,
    0xC9, 0x48, 0xB6, 0xC9, 0x4F, 0x81, 0xFF, 0x27, 0x09, 0x81, 0x00, 0x27, 0x05, 0x86, 0xFF, 0xB7,
    0xC9, 0x4F, 0x39, 0xB6, 0xC9, 0x14, 0x40, 0xB7, 0xC9, 0x14, 0xBE, 0xC9, 0x0E, 0x8C, 0x00, 0x00,
    0x27, 0x01, 0x39, 0x86, 0x50, 0xBD, 0xF2, 0xAB, 0xB6, 0xC9, 0x1A, 0xF6, 0xC9, 0x1C, 0xBD, 0xF2,
    0xFC, 0x8E, 0x1D, 0xAF, 0xB6, 0xC9, 0x04, 0xC6, 0x28, 0x3D, 0x30, 0x8B, 0xC6, 0x12, 0xBD, 0xF4,
    0x0E, 0xBD, 0xF3, 0x54, 0xB6, 0xC9, 0x1A, 0xF6, 0xC9, 0x1C, 0xBD, 0xF2, 0xFC, 0x8E, 0x27, 0xD7,
    0xB6, 0xC9, 0x04, 0xC6, 0x2B, 0x3D, 0x30, 0x8B, 0xC6, 0x12, 0xBD, 0xF4, 0x0E, 0xBD, 0xF3, 0x54,
    0xB6, 0xC9, 0x1A, 0xF6, 0xC9, 0x1C, 0xBD, 0xF2, 0xFC, 0xB6, 0xC9, 0x14, 0x2A, 0x4A, 0xB6, 0xC9,
    0x02, 0x27, 0x45, 0x81, 0x01, 0x27, 0x2E, 0x81, 0x02, 0x27, 0x15, 0x8E, 0x32, 0xC2, 0xB6, 0xC9,
    0x04, 0xC6, 0x13, 0x3D, 0x30, 0x8B, 0xC6, 0x12, 0xBD, 0xF4, 0x0E, 0xBD, 0xF3, 0x54, 0x20, 0x28,
    0x8E, 0x37, 0x82, 0xB6, 0xC9, 0x04, 0xC6, 0x0A, 0x3D, 0x30, 0x8B, 0xC6, 0x12, 0xBD, 0xF4, 0x0E,
    0xBD, 0xF3, 0x54, 0x20, 0x13, 0x8E, 0x3A, 0x02, 0xB6, 0xC9, 0x04, 0xC6, 0x0A, 0x3D, 0x30, 0x8B,
    0xC6, 0x12, 0xBD, 0xF4, 0x0E, 0xBD, 0xF3, 0x54, 0x39, 0x8E, 0xC8, 0x88, 0x6F, 0x84, 0x30, 0x01,
    0x8C, 0xCB, 0x03, 0x26, 0xF7, 0x39, 0xFD, 0x30, 0x38, 0xB8, 0x41, 0x4C, 0x4C, 0x20, 0x48, 0x4F,
    0x53, 0x54, 0x49, 0x4C, 0x45, 0x20, 0x50, 0x4C, 0x41, 0x4E, 0x45, 0x54, 0x53, 0x80, 0xFD, 0x30,
    0x2E, 0xB8, 0x48, 0x41, 0x56, 0x45, 0x20, 0x42, 0x45, 0x45, 0x4E, 0x20, 0x44, 0x45, 0x53, 0x54,
    0x52, 0x4F, 0x59, 0x45, 0x44, 0x80, 0x00, 0xFD, 0x30, 0x88, 0x9A, 0x50, 0x52, 0x4F, 0x43, 0x45,
    0x45, 0x44, 0x20, 0x54, 0x4F, 0x20, 0x4E, 0x45, 0x58, 0x54, 0x20, 0x53, 0x4F, 0x4C, 0x41, 0x52,
    0x20, 0x53, 0x59, 0x53, 0x54, 0x45, 0x4D, 0x80, 0x00, 0x45, 0x53, 0x43, 0x41, 0x50, 0x45, 0x20,
    0x54, 0x49, 0x4D, 0x45, 0x20, 0x3A, 0x20, 0x80, 0xFD, 0x30, 0xD8, 0xB6, 0x41, 0x4C, 0x4C, 0x20,
    0x48, 0x55, 0x4D, 0x41, 0x4E, 0x53, 0x20, 0x52, 0x45, 0x53, 0x43, 0x55, 0x45, 0x44, 0x20, 0x21,
    0x80, 0xFD, 0x30, 0xCE, 0xB6, 0x35, 0x20, 0x58, 0x54, 0x52, 0x41, 0x20, 0x53, 0x48, 0x49, 0x50,
    0x53, 0x20, 0x41, 0x57, 0x41, 0x52, 0x44, 0x45, 0x44, 0x80, 0x00, 0xFD, 0x30, 0xD8, 0xB6, 0x41,
    0x4C, 0x4C, 0x20, 0x48, 0x55, 0x4D, 0x41, 0x4E, 0x53, 0x20, 0x52, 0x45, 0x53, 0x43, 0x55, 0x45,
    0x44, 0x20, 0x21, 0x80, 0xFD, 0x30, 0xCE, 0xB4, 0x31, 0x30, 0x20, 0x58, 0x54, 0x52, 0x41, 0x20,
    0x53, 0x48, 0x49, 0x50, 0x53, 0x20, 0x41, 0x57, 0x41, 0x52, 0x44, 0x45, 0x44, 0x80, 0x00, 0xFD,
    0x30, 0x04, 0xB6, 0x41, 0x4C, 0x4C, 0x20, 0x48, 0x55, 0x4D, 0x41, 0x4E, 0x53, 0x20, 0x52, 0x45,
    0x53, 0x43, 0x55, 0x45, 0x44, 0x20, 0x21, 0x80, 0xFD, 0x30, 0xFC, 0xB4, 0x32, 0x35, 0x2C, 0x30,
    0x30, 0x30, 0x20, 0x42, 0x4F, 0x4E, 0x55, 0x53, 0x20, 0x50, 0x4F, 0x49, 0x4E, 0x54, 0x53, 0x20,
    0x21, 0x80, 0x00, 0xFD, 0x30, 0x08, 0xB6, 0x59, 0x4F, 0x55, 0x20, 0x53, 0x41, 0x56, 0x45, 0x44,
    0x20, 0x45, 0x56, 0x45, 0x52, 0x59, 0x20, 0x48, 0x55, 0x4D, 0x41, 0x4E, 0x80, 0xFD, 0x30, 0x00,
    0xD4, 0x49, 0x4E, 0x20, 0x54, 0x48, 0x45, 0x20, 0x47, 0x41, 0x4D, 0x45, 0x20, 0x21, 0x80, 0xFD,
    0x30, 0xF8, 0xB4, 0x31, 0x30, 0x30, 0x2C, 0x30, 0x30, 0x30, 0x20, 0x42, 0x4F, 0x4E, 0x55, 0x53,
    0x20, 0x50, 0x4F, 0x49, 0x4E, 0x54, 0x53, 0x20, 0x21, 0x80, 0xFD, 0x30, 0xE0, 0xB4, 0x48, 0x45,
    0x59, 0x2C, 0x20, 0x44, 0x49, 0x44, 0x20, 0x59, 0x4F, 0x55, 0x20, 0x43, 0x48, 0x45, 0x41, 0x54,
    0x20, 0x3F, 0x20, 0x6A, 0x80, 0x00, 0x06, 0x1F, 0x07, 0x1C, 0x08, 0x0F, 0x09, 0x0F, 0x0A, 0x10,
    0x0B, 0x0F, 0x0C, 0xCF, 0x0D, 0x10, 0x0E, 0x00, 0xFF, 0x06, 0x0A, 0x07, 0x1C, 0x08, 0x0F, 0x09,
    0x0F, 0x0A, 0x10, 0x0B, 0x0F, 0x0C, 0x08, 0x0D, 0x10, 0x0E, 0x00, 0xFF, 0x06, 0x14, 0x07, 0x1C,
    0x08, 0x0F, 0x09, 0x0F, 0x0A, 0x10, 0x0B, 0x0F, 0x0C, 0x2F, 0x0D, 0x10, 0x0E, 0x00, 0xFF, 0x06,
    0x14, 0x07, 0x1C, 0x08, 0x0F, 0x09, 0x0F, 0x0A, 0x10, 0x0B, 0x0F, 0x0C, 0x7F, 0x0D, 0x10, 0x0E,
    0x00, 0xFF, 0x00, 0x00, 0x01, 0x00, 0x02, 0x00, 0x03, 0x00, 0x04, 0x00, 0x05, 0x00, 0x06, 0x00,
    0x07, 0x1C, 0x08, 0x0F, 0x09, 0x0F, 0x0A, 0x10, 0x0B, 0x10, 0x0C, 0x10, 0x0D, 0x00, 0x0E, 0x20,
    0xFF, 0x00, 0x00, 0x01, 0x00, 0x02, 0x00, 0x03, 0x00, 0x04, 0x00, 0x05, 0x00, 0x06, 0x00, 0x07,
    0x00, 0x08, 0x00, 0x09, 0x00, 0x0A, 0x00, 0x0B, 0x00, 0x0C, 0x00, 0x0D, 0x00, 0x0E, 0x00, 0xFF,
    0x00, 0x7F, 0x00, 0xFF, 0x00, 0x00, 0x01, 0x00, 0xE4, 0x9E, 0xFF, 0x1C, 0x00, 0xFF, 0x00, 0x1C,
    0xFF, 0xF2, 0x00, 0xFF, 0x00, 0xEB, 0x00, 0xF2, 0x1C, 0xFF, 0x1C, 0x00, 0xFF, 0x00, 0x1C, 0xFF,
    0xE4, 0x00, 0x00, 0x0E, 0x00, 0xFF, 0x00, 0xEB, 0x00, 0x0E, 0x1C, 0xFF, 0xE4, 0x00, 0xFF, 0x00,
    0x1C, 0xFF, 0x1C, 0x00, 0x01, 0x00, 0xE4, 0x07, 0xFF, 0x00, 0x1C, 0xFF, 0x0E, 0x00, 0xFF, 0x00,
    0xE4, 0xFF, 0x0E, 0x00, 0xFF, 0x00, 0x1C, 0x00, 0x00, 0x23, 0xFF, 0x00, 0xE4, 0xFF, 0xE4, 0x00,
    0xFF, 0x00, 0x1C, 0x00, 0x0E, 0xF2, 0xFF, 0x00, 0xF2, 0x00, 0xF2, 0x23, 0xFF, 0x1C, 0x00, 0xFF,
    0x00, 0x0E, 0xFF, 0xF9, 0x0E, 0xFF, 0xF2, 0x00, 0xFF, 0xF9, 0xEB, 0xFF, 0x00, 0xF2, 0x01, 0x00,
    0x00, 0xF7, 0xFF, 0x09, 0xEC, 0xFF, 0x14, 0x00, 0xFF, 0x14, 0x1D, 0xFF, 0xEC, 0x1D, 0xFF, 0xEC,
    0x00, 0xFF, 0xF7, 0xEC, 0xFF, 0xF7, 0x00, 0xFF, 0xE2, 0x0A, 0xFF, 0x27, 0x0A, 0xFF, 0xD9, 0x0A,
    0xFF, 0xF6, 0xF6, 0xFF, 0x0A, 0xE3, 0x01, 0x00, 0x00, 0xF8, 0xFF, 0x06, 0xEB, 0xFF, 0x13, 0xFE,
    0xFF, 0x17, 0x1B, 0xFF, 0xEF, 0x1D, 0xFF, 0xEC, 0x02, 0xFF, 0xF5, 0xED, 0xFF, 0xF8, 0x01, 0xFF,
    0xE4, 0x0D, 0xFF, 0x26, 0x06, 0xFF, 0xDC, 0x0E, 0xFF, 0xF5, 0xF7, 0xFF, 0x07, 0xE2, 0x01, 0x00,
    0xFF, 0xF8, 0xFF, 0x03, 0xEB, 0xFF, 0x14, 0xFC, 0xFF, 0x19, 0x18, 0xFF, 0xF2, 0x1F, 0xFF, 0xED,
    0x04, 0xFF, 0xF3, 0xEE, 0xFF, 0xF9, 0x02, 0xFF, 0xE4, 0x10, 0xFF, 0x27, 0x02, 0xFF, 0xDD, 0x11,
    0xFF, 0xF5, 0xF8, 0xFF, 0x04, 0xE2, 0x01, 0x00, 0xFE, 0xF8, 0xFF, 0x02, 0xEA, 0xFF, 0x13, 0xFB,
    0xFF, 0x1B, 0x15, 0xFF, 0xF5, 0x21, 0xFF, 0xED, 0x05, 0xFF, 0xF2, 0xF0, 0xFF, 0xF9, 0x03, 0xFF,
    0xE6, 0x12, 0xFF, 0x27, 0xFE, 0xFF, 0xDF, 0x15, 0xFF, 0xF3, 0xF9, 0xFF, 0x01, 0xE2, 0x01, 0x00,
    0xFD, 0xF8, 0xFF, 0x00, 0xEA, 0xFF, 0x12, 0xF9, 0xFF, 0x1E, 0x12, 0xFF, 0xF8, 0x22, 0xFF, 0xEE,
    0x08, 0xFF, 0xF0, 0xF1, 0xFF, 0xF9, 0x03, 0xFF, 0xE8, 0x15, 0xFF, 0x27, 0xFA, 0xFF, 0xE1, 0x19,
    0xFF, 0xF3, 0xFA, 0xFF, 0xFE, 0xE2, 0x01, 0x00, 0xFC, 0xF9, 0xFF, 0xFE, 0xEA, 0xFF, 0x11, 0xF6,
    0xFF, 0x1F, 0x10, 0xFF, 0xFD, 0x22, 0xFF, 0xEE, 0x09, 0xFF, 0xEF, 0xF3, 0xFF, 0xF9, 0x05, 0xFF,
    0xEB, 0x17, 0xFF, 0x25, 0xF6, 0xFF, 0xE4, 0x1B, 0xFF, 0xF3, 0xFC, 0xFF, 0xFB, 0xE2, 0x01, 0x00,
    0xFC, 0xF9, 0xFF, 0xFC, 0xEB, 0xFF, 0x0F, 0xF5, 0xFF, 0x21, 0x0D, 0xFF, 0xFF, 0x21, 0xFF, 0xF0,
    0x0B, 0xFF, 0xED, 0xF5, 0xFF, 0xFA, 0x05, 0xFF, 0xED, 0x19, 0xFF, 0x24, 0xF2, 0xFF, 0xE7, 0x1E,
    0xFF, 0xF2, 0xFD, 0xFF, 0xF9, 0xE3, 0x01, 0x00, 0xFB, 0xFA, 0xFF, 0xFA, 0xEB, 0xFF, 0x0E, 0xF3,
    0xFF, 0x22, 0x09, 0xFF, 0x03, 0x22, 0xFF, 0xF1, 0x0D, 0xFF, 0xEC, 0xF6, 0xFF, 0xFA, 0x06, 0xFF,
    0xF0, 0x1B, 0xFF, 0x23, 0xEF, 0xFF, 0xEA, 0x20, 0xFF, 0xF2, 0xFF, 0xFF, 0xF5, 0xE3, 0x01, 0x00,
    0xFA, 0xFA, 0xFF, 0xF8, 0xEC, 0xFF, 0x0E, 0xF2, 0xFF, 0x22, 0x06, 0xFF, 0x06, 0x22, 0xFF, 0xF2,
    0x0E, 0xFF, 0xEC, 0xF8, 0xFF, 0xFA, 0x06, 0xFF, 0xF2, 0x1C, 0xFF, 0x22, 0xEC, 0xFF, 0xEC, 0x22,
    0xFF, 0xF2, 0x00, 0xFF, 0xF3, 0xE5, 0x01, 0x00, 0xFA, 0xFB, 0xFF, 0xF6, 0xED, 0xFF, 0x0C, 0xF0,
    0xFF, 0x22, 0x03, 0xFF, 0x0A, 0x21, 0xFF, 0xF3, 0x0F, 0xFF, 0xEB, 0xFA, 0xFF, 0xFB, 0x07, 0xFF,
    0xF6, 0x1D, 0xFF, 0x1F, 0xE8, 0xFF, 0xEF, 0x25, 0xFF, 0xF3, 0x01, 0xFF, 0xF0, 0xE7, 0x01, 0x00,
    0xF9, 0xFC, 0xFF, 0xF4, 0xED, 0xFF, 0x0B, 0xF0, 0xFF, 0x22, 0xFF, 0xFF, 0x0D, 0x20, 0xFF, 0xF5,
    0x10, 0xFF, 0xEB, 0xFC, 0xFF, 0xFB, 0x08, 0xFF, 0xF9, 0x1E, 0xFF, 0x1D, 0xE5, 0xFF, 0xF3, 0x26,
    0xFF, 0xF3, 0x03, 0xFF, 0xED, 0xE8, 0x01, 0x00, 0xF9, 0xFC, 0xFF, 0xF2, 0xEF, 0xFF, 0x09, 0xEF,
    0xFF, 0x22, 0xFB, 0xFF, 0x10, 0x1F, 0xFF, 0xF7, 0x11, 0xFF, 0xEA, 0xFF, 0xFF, 0xFC, 0x08, 0xFF,
    0xFC, 0x1F, 0xFF, 0x1A, 0xE2, 0xFF, 0xF7, 0x27, 0xFF, 0xF2, 0x04, 0xFF, 0xED, 0xEA, 0x01, 0x00,
    0xF8, 0xFD, 0xFF, 0xF1, 0xF0, 0xFF, 0x08, 0xEE, 0xFF, 0x21, 0xF8, 0xFF, 0x13, 0x1E, 0xFF, 0xF9,
    0x11, 0xFF, 0xEA, 0x01, 0xFF, 0xFC, 0x08, 0xFF, 0xFF, 0x1F, 0xFF, 0x17, 0xE0, 0xFF, 0xFB, 0x28,
    0xFF, 0xF3, 0x05, 0xFF, 0xEA, 0xEC, 0x01, 0x00, 0xF8, 0xFE, 0xFF, 0xEF, 0xF2, 0xFF, 0x05, 0xED,
    0xFF, 0x21, 0xF4, 0xFF, 0x16, 0x1B, 0xFF, 0xFB, 0x14, 0xFF, 0xEA, 0x02, 0xFF, 0xFE, 0x09, 0xFF,
    0x01, 0x1F, 0xFF, 0x14, 0xDD, 0xFF, 0xFF, 0x28, 0xFF, 0xF4, 0x07, 0xFF, 0xE8, 0xEF, 0x01, 0x00,
    0xF8, 0xFF, 0xFF, 0xEE, 0xF3, 0xFF, 0x04, 0xED, 0xFF, 0x1F, 0xF1, 0xFF, 0x18, 0x1A, 0xFF, 0xFD,
    0x13, 0xFF, 0xEA, 0x04, 0xFF, 0xFF, 0x09, 0xFF, 0x04, 0x1F, 0xFF, 0x11, 0xDC, 0xFF, 0x02, 0x28,
    0xFF, 0xF5, 0x08, 0xFF, 0xE6, 0xF1, 0x01, 0x00, 0xF8, 0x00, 0xFF, 0xED, 0xF5, 0xFF, 0x01, 0xEC,
    0xFF, 0x1D, 0xEF, 0xFF, 0x1C, 0x16, 0xFF, 0xFE, 0x14, 0xFF, 0xEB, 0x06, 0xFF, 0x00, 0x09, 0xFF,
    0x07, 0x1F, 0xFF, 0x0D, 0xDA, 0xFF, 0x07, 0x27, 0xFF, 0xF5, 0x09, 0xFF, 0xE5, 0xF4, 0x01, 0x00,
    0xF8, 0x00, 0xFF, 0xEC, 0xF8, 0xFF, 0x00, 0xEC, 0xFF, 0x1C, 0xEC, 0xFF, 0x1C, 0x14, 0xFF, 0x00,
    0x14, 0xFF, 0xEC, 0x08, 0xFF, 0x00, 0x08, 0xFF, 0x0A, 0x1E, 0xFF, 0x0A, 0xDA, 0xFF, 0x0A, 0x26,
    0xFF, 0xF6, 0x0A, 0xFF, 0xE4, 0xF6, 0x01, 0x00, 0xF8, 0x00, 0xFF, 0xEB, 0xFA, 0xFF, 0xFE, 0xED,
    0xFF, 0x1B, 0xE9, 0xFF, 0x1D, 0x11, 0xFF, 0x02, 0x14, 0xFF, 0xED, 0x0B, 0xFF, 0x01, 0x08, 0xFF,
    0x0D, 0x1C, 0xFF, 0x06, 0xDA, 0xFF, 0x0E, 0x24, 0xFF, 0xF7, 0x0B, 0xFF, 0xE2, 0xF9, 0x01, 0x00,
    0xF8, 0x01, 0xFF, 0xEB, 0xFD, 0xFF, 0xFC, 0xEC, 0xFF, 0x18, 0xE7, 0xFF, 0x1F, 0x0E, 0xFF, 0x04,
    0x13, 0xFF, 0xEE, 0x0D, 0xFF, 0x02, 0x07, 0xFF, 0x10, 0x1C, 0xFF, 0x02, 0xD9, 0xFF, 0x11, 0x23,
    0xFF, 0xF8, 0x0B, 0xFF, 0xE2, 0xFC, 0x01, 0x00, 0xF8, 0x02, 0xFF, 0xEA, 0xFE, 0xFF, 0xFB, 0xED,
    0xFF, 0x15, 0xE5, 0xFF, 0x21, 0x0B, 0xFF, 0x05, 0x13, 0xFF, 0xF0, 0x0E, 0xFF, 0x03, 0x07, 0xFF,
    0x12, 0x1A, 0xFF, 0xFE, 0xD9, 0xFF, 0x15, 0x21, 0xFF, 0xF9, 0x0D, 0xFF, 0xE2, 0xFF, 0x01, 0x00,
    0xF8, 0x03, 0xFF, 0xEA, 0x00, 0xFF, 0xF9, 0xEE, 0xFF, 0x12, 0xE2, 0xFF, 0x22, 0x08, 0xFF, 0x08,
    0x12, 0xFF, 0xF1, 0x10, 0xFF, 0x03, 0x07, 0xFF, 0x15, 0x18, 0xFF, 0xFA, 0xD9, 0xFF, 0x19, 0x1F,
    0xFF, 0xFA, 0x0D, 0xFF, 0xE2, 0x02, 0x01, 0x00, 0xF9, 0x04, 0xFF, 0xEA, 0x02, 0xFF, 0xF6, 0xEF,
    0xFF, 0x10, 0xE1, 0xFF, 0x22, 0x03, 0xFF, 0x09, 0x12, 0xFF, 0xF3, 0x11, 0xFF, 0x05, 0x07, 0xFF,
    0x17, 0x15, 0xFF, 0xF6, 0xDB, 0xFF, 0x1B, 0x1C, 0xFF, 0xFC, 0x0D, 0xFF, 0xE2, 0x05, 0x01, 0x00,
    0xF9, 0x04, 0xFF, 0xEB, 0x04, 0xFF, 0xF5, 0xF1, 0xFF, 0x0D, 0xDF, 0xFF, 0x21, 0x01, 0xFF, 0x0B,
    0x10, 0xFF, 0xF5, 0x13, 0xFF, 0x05, 0x06, 0xFF, 0x19, 0x13, 0xFF, 0xF2, 0xDC, 0xFF, 0x1E, 0x19,
    0xFF, 0xFD, 0x0E, 0xFF, 0xE3, 0x07, 0x01, 0x00, 0xFA, 0x05, 0xFF, 0xEB, 0x06, 0xFF, 0xF3, 0xF2,
    0xFF, 0x09, 0xDE, 0xFF, 0x22, 0xFD, 0xFF, 0x0D, 0x0F, 0xFF, 0xF6, 0x14, 0xFF, 0x06, 0x06, 0xFF,
    0x1B, 0x10, 0xFF, 0xEF, 0xDD, 0xFF, 0x20, 0x16, 0xFF, 0xFF, 0x0E, 0xFF, 0xE3, 0x0B, 0x01, 0x00,
    0xFA, 0x06, 0xFF, 0xEC, 0x08, 0xFF, 0xF2, 0xF2, 0xFF, 0x06, 0xDE, 0xFF, 0x22, 0xFA, 0xFF, 0x0E,
    0x0E, 0xFF, 0xF8, 0x14, 0xFF, 0x06, 0x06, 0xFF, 0x1C, 0x0E, 0xFF, 0xEC, 0xDE, 0xFF, 0x22, 0x14,
    0xFF, 0x00, 0x0E, 0xFF, 0xE5, 0x0D, 0x01, 0x00, 0xFB, 0x06, 0xFF, 0xED, 0x0A, 0xFF, 0xF0, 0xF4,
    0xFF, 0x03, 0xDE, 0xFF, 0x21, 0xF6, 0xFF, 0x0F, 0x0D, 0xFF, 0xFA, 0x15, 0xFF, 0x07, 0x05, 0xFF,
    0x1D, 0x0A, 0xFF, 0xE8, 0xE1, 0xFF, 0x25, 0x11, 0xFF, 0x01, 0x0D, 0xFF, 0xE7, 0x10, 0x01, 0x00,
    0xFC, 0x07, 0xFF, 0xED, 0x0C, 0xFF, 0xF0, 0xF5, 0xFF, 0xFF, 0xDE, 0xFF, 0x20, 0xF3, 0xFF, 0x10,
    0x0B, 0xFF, 0xFC, 0x15, 0xFF, 0x08, 0x05, 0xFF, 0x1E, 0x07, 0xFF, 0xE5, 0xE3, 0xFF, 0x26, 0x0D,
    0xFF, 0x03, 0x0D, 0xFF, 0xE8, 0x13, 0x01, 0x00, 0xFC, 0x07, 0xFF, 0xEF, 0x0E, 0xFF, 0xEF, 0xF7,
    0xFF, 0xFB, 0xDE, 0xFF, 0x1F, 0xF0, 0xFF, 0x11, 0x09, 0xFF, 0xFF, 0x16, 0xFF, 0x08, 0x04, 0xFF,
    0x1F, 0x04, 0xFF, 0xE2, 0xE6, 0xFF, 0x27, 0x09, 0xFF, 0x04, 0x0E, 0xFF, 0xEA, 0x13, 0x01, 0x00,
    0xFD, 0x08, 0xFF, 0xF0, 0x0F, 0xFF, 0xEE, 0xF8, 0xFF, 0xF8, 0xDF, 0xFF, 0x1E, 0xED, 0xFF, 0x11,
    0x07, 0xFF, 0x01, 0x16, 0xFF, 0x08, 0x04, 0xFF, 0x1F, 0x01, 0xFF, 0xE0, 0xE9, 0xFF, 0x28, 0x05,
    0xFF, 0x05, 0x0D, 0xFF, 0xEC, 0x16, 0x01, 0x00, 0xFE, 0x08, 0xFF, 0xF2, 0x11, 0xFF, 0xED, 0xFB,
    0xFF, 0xF4, 0xDF, 0xFF, 0x1B, 0xEA, 0xFF, 0x14, 0x05, 0xFF, 0x02, 0x16, 0xFF, 0x09, 0x02, 0xFF,
    0x1F, 0xFF, 0xFF, 0xDD, 0xEC, 0xFF, 0x28, 0x01, 0xFF, 0x07, 0x0C, 0xFF, 0xEF, 0x18, 0x01, 0x00,
    0xFF, 0x08, 0xFF, 0xF3, 0x12, 0xFF, 0xED, 0xFC, 0xFF, 0xF1, 0xE1, 0xFF, 0x1A, 0xE8, 0xFF, 0x13,
    0x03, 0xFF, 0x04, 0x16, 0xFF, 0x09, 0x01, 0xFF, 0x1F, 0xFC, 0xFF, 0xDC, 0xEF, 0xFF, 0x28, 0xFE,
    0xFF, 0x08, 0x0B, 0xFF, 0xF1, 0x1A, 0x01, 0x00, 0x00, 0x08, 0xFF, 0xF5, 0x13, 0xFF, 0xEC, 0xFF,
    0xFF, 0xEF, 0xE3, 0xFF, 0x16, 0xE4, 0xFF, 0x14, 0x02, 0xFF, 0x06, 0x15, 0xFF, 0x09, 0x00, 0xFF,
    0x1F, 0xF9, 0xFF, 0xDA, 0xF3, 0xFF, 0x27, 0xF9, 0xFF, 0x09, 0x0B, 0xFF, 0xF4, 0x1B, 0x01, 0x00,
    0x00, 0x08, 0xFF, 0xF8, 0x14, 0xFF, 0xEC, 0x00, 0xFF, 0xEC, 0xE4, 0xFF, 0x14, 0xE4, 0xFF, 0x14,
    0x00, 0xFF, 0x08, 0x14, 0xFF, 0x08, 0x00, 0xFF, 0x1E, 0xF6, 0xFF, 0xDA, 0xF6, 0xFF, 0x26, 0xF6,
    0xFF, 0x0A, 0x0A, 0xFF, 0xF6, 0x1C, 0x01, 0x00, 0x00, 0x08, 0xFF, 0xFA, 0x15, 0xFF, 0xED, 0x02,
    0xFF, 0xE9, 0xE5, 0xFF, 0x11, 0xE3, 0xFF, 0x14, 0xFE, 0xFF, 0x0B, 0x13, 0xFF, 0x08, 0xFF, 0xFF,
    0x1C, 0xF3, 0xFF, 0xDA, 0xFA, 0xFF, 0x24, 0xF2, 0xFF, 0x0B, 0x09, 0xFF, 0xF9, 0x1E, 0x01, 0x00,
    0x01, 0x08, 0xFF, 0xFD, 0x15, 0xFF, 0xEC, 0x04, 0xFF, 0xE7, 0xE8, 0xFF, 0x0E, 0xE1, 0xFF, 0x13,
    0xFC, 0xFF, 0x0D, 0x12, 0xFF, 0x07, 0xFE, 0xFF, 0x1C, 0xF0, 0xFF, 0xD9, 0xFE, 0xFF, 0x23, 0xEF,
    0xFF, 0x0B, 0x08, 0xFF, 0xFC, 0x1E, 0x01, 0x00, 0x02, 0x08, 0xFF, 0xFE, 0x16, 0xFF, 0xED, 0x05,
    0xFF, 0xE5, 0xEB, 0xFF, 0x0B, 0xDF, 0xFF, 0x13, 0xFB, 0xFF, 0x0E, 0x10, 0xFF, 0x07, 0xFD, 0xFF,
    0x1A, 0xEE, 0xFF, 0xD9, 0x02, 0xFF, 0x21, 0xEB, 0xFF, 0x0D, 0x07, 0xFF, 0xFF, 0x1E, 0x01, 0x00,
    0x03, 0x08, 0xFF, 0x00, 0x16, 0xFF, 0xEE, 0x07, 0xFF, 0xE2, 0xEE, 0xFF, 0x08, 0xDE, 0xFF, 0x12,
    0xF8, 0xFF, 0x10, 0x0F, 0xFF, 0x07, 0xFD, 0xFF, 0x18, 0xEB, 0xFF, 0xD9, 0x06, 0xFF, 0x1F, 0xE7,
    0xFF, 0x0D, 0x06, 0xFF, 0x02, 0x1E, 0x01, 0x00, 0x04, 0x07, 0xFF, 0x02, 0x16, 0xFF, 0xEF, 0x0A,
    0xFF, 0xE1, 0xF0, 0xFF, 0x03, 0xDE, 0xFF, 0x12, 0xF7, 0xFF, 0x11, 0x0D, 0xFF, 0x07, 0xFB, 0xFF,
    0x15, 0xE9, 0xFF, 0xDB, 0x0A, 0xFF, 0x1C, 0xE5, 0xFF, 0x0D, 0x04, 0xFF, 0x05, 0x1E, 0x01, 0x00,
    0x04, 0x07, 0xFF, 0x04, 0x15, 0xFF, 0xF1, 0x0B, 0xFF, 0xDF, 0xF3, 0xFF, 0x01, 0xDF, 0xFF, 0x10,
    0xF5, 0xFF, 0x13, 0x0B, 0xFF, 0x06, 0xFB, 0xFF, 0x13, 0xE7, 0xFF, 0xDC, 0x0E, 0xFF, 0x19, 0xE2,
    0xFF, 0x0E, 0x03, 0xFF, 0x07, 0x1D, 0x01, 0x00, 0x05, 0x06, 0xFF, 0x06, 0x15, 0xFF, 0xF2, 0x0D,
    0xFF, 0xDE, 0xF7, 0xFF, 0xFD, 0xDE, 0xFF, 0x0F, 0xF3, 0xFF, 0x14, 0x0A, 0xFF, 0x06, 0xFA, 0xFF,
    0x10, 0xE5, 0xFF, 0xDD, 0x11, 0xFF, 0x16, 0xE0, 0xFF, 0x0E, 0x01, 0xFF, 0x0B, 0x1D, 0x01, 0x00,
    0x06, 0x06, 0xFF, 0x08, 0x14, 0xFF, 0xF2, 0x0E, 0xFF, 0xDE, 0xFA, 0xFF, 0xFA, 0xDE, 0xFF, 0x0E,
    0xF2, 0xFF, 0x14, 0x08, 0xFF, 0x06, 0xFA, 0xFF, 0x0E, 0xE4, 0xFF, 0xDE, 0x14, 0xFF, 0x14, 0xDE,
    0xFF, 0x0E, 0x00, 0xFF, 0x0D, 0x1B, 0x01, 0x00, 0x06, 0x05, 0xFF, 0x0A, 0x13, 0xFF, 0xF4, 0x10,
    0xFF, 0xDE, 0xFD, 0xFF, 0xF6, 0xDF, 0xFF, 0x0D, 0xF1, 0xFF, 0x15, 0x06, 0xFF, 0x05, 0xF9, 0xFF,
    0x0A, 0xE3, 0xFF, 0xE1, 0x18, 0xFF, 0x11, 0xDB, 0xFF, 0x0D, 0xFF, 0xFF, 0x10, 0x19, 0x01, 0x00,
    0x07, 0x04, 0xFF, 0x0C, 0x13, 0xFF, 0xF5, 0x10, 0xFF, 0xDE, 0x01, 0xFF, 0xF3, 0xE0, 0xFF, 0x0B,
    0xF0, 0xFF, 0x15, 0x04, 0xFF, 0x05, 0xF8, 0xFF, 0x07, 0xE2, 0xFF, 0xE3, 0x1B, 0xFF, 0x0D, 0xDA,
    0xFF, 0x0D, 0xFD, 0xFF, 0x13, 0x18, 0x01, 0x00, 0x07, 0x04, 0xFF, 0x0E, 0x11, 0xFF, 0xF7, 0x11,
    0xFF, 0xDE, 0x05, 0xFF, 0xF0, 0xE1, 0xFF, 0x09, 0xEF, 0xFF, 0x16, 0x01, 0xFF, 0x04, 0xF8, 0xFF,
    0x04, 0xE1, 0xFF, 0xE6, 0x1E, 0xFF, 0x09, 0xD9, 0xFF, 0x0E, 0xFC, 0xFF, 0x13, 0x16, 0x01, 0x00,
    0x08, 0x03, 0xFF, 0x0F, 0x10, 0xFF, 0xF8, 0x12, 0xFF, 0xDF, 0x08, 0xFF, 0xED, 0xE2, 0xFF, 0x07,
    0xEF, 0xFF, 0x16, 0xFF, 0xFF, 0x04, 0xF8, 0xFF, 0x01, 0xE1, 0xFF, 0xE9, 0x20, 0xFF, 0x05, 0xD8,
    0xFF, 0x0D, 0xFB, 0xFF, 0x16, 0x14, 0x01, 0x00, 0x08, 0x02, 0xFF, 0x11, 0x0E, 0xFF, 0xFB, 0x13,
    0xFF, 0xDF, 0x0C, 0xFF, 0xEA, 0xE5, 0xFF, 0x05, 0xEC, 0xFF, 0x16, 0xFE, 0xFF, 0x02, 0xF7, 0xFF,
    0xFF, 0xE1, 0xFF, 0xEC, 0x23, 0xFF, 0x01, 0xD8, 0xFF, 0x0C, 0xF9, 0xFF, 0x18, 0x11, 0x01, 0x00,
    0x08, 0x01, 0xFF, 0x12, 0x0D, 0xFF, 0xFC, 0x13, 0xFF, 0xE1, 0x0F, 0xFF, 0xE8, 0xE6, 0xFF, 0x03,
    0xED, 0xFF, 0x16, 0xFC, 0xFF, 0x01, 0xF7, 0xFF, 0xFC, 0xE1, 0xFF, 0xEF, 0x24, 0xFF, 0xFE, 0xD8,
    0xFF, 0x0B, 0xF8, 0xFF, 0x1A, 0x0F, 0x01, 0x00, 0x08, 0x00, 0xFF, 0x13, 0x0B, 0xFF, 0xFF, 0x14,
    0xFF, 0xE3, 0x11, 0xFF, 0xE4, 0xEA, 0xFF, 0x02, 0xEC, 0xFF, 0x15, 0xFA, 0xFF, 0x00, 0xF7, 0xFF,
    0xF9, 0xE1, 0xFF, 0xF3, 0x26, 0xFF, 0xF9, 0xD9, 0xFF, 0x0B, 0xF7, 0xFF, 0x1B, 0x0C, 0x01, 0x00,
    0x08, 0x00, 0xFF, 0x14, 0x08, 0xFF, 0x00, 0x14, 0xFF, 0xE4, 0x14, 0xFF, 0xE4, 0xEC, 0xFF, 0x00,
    0xEC, 0xFF, 0x14, 0xF8, 0xFF, 0x00, 0xF8, 0xFF, 0xF6, 0xE2, 0xFF, 0xF6, 0x26, 0xFF, 0xF6, 0xDA,
    0xFF, 0x0A, 0xF6, 0xFF, 0x1C, 0x0A, 0x01, 0x00, 0x08, 0x00, 0xFF, 0x15, 0x06, 0xFF, 0x02, 0x13,
    0xFF, 0xE5, 0x17, 0xFF, 0xE3, 0xEF, 0xFF, 0xFE, 0xEC, 0xFF, 0x13, 0xF5, 0xFF, 0xFF, 0xF8, 0xFF,
    0xF3, 0xE4, 0xFF, 0xFA, 0x26, 0xFF, 0xF2, 0xDC, 0xFF, 0x09, 0xF5, 0xFF, 0x1E, 0x07, 0x01, 0x00,
    0x08, 0xFF, 0xFF, 0x15, 0x03, 0xFF, 0x04, 0x14, 0xFF, 0xE8, 0x19, 0xFF, 0xE1, 0xF2, 0xFF, 0xFC,
    0xED, 0xFF, 0x12, 0xF3, 0xFF, 0xFE, 0xF9, 0xFF, 0xF0, 0xE4, 0xFF, 0xFE, 0x27, 0xFF, 0xEF, 0xDD,
    0xFF, 0x08, 0xF5, 0xFF, 0x1E, 0x04, 0x01, 0x00, 0x08, 0xFE, 0xFF, 0x16, 0x02, 0xFF, 0x05, 0x13,
    0xFF, 0xEB, 0x1B, 0xFF, 0xDF, 0xF5, 0xFF, 0xFB, 0xED, 0xFF, 0x10, 0xF2, 0xFF, 0xFD, 0xF9, 0xFF,
    0xEE, 0xE6, 0xFF, 0x02, 0x27, 0xFF, 0xEB, 0xDF, 0xFF, 0x07, 0xF3, 0xFF, 0x1E, 0x01, 0x01, 0x00,
    0x08, 0xFD, 0xFF, 0x16, 0x00, 0xFF, 0x07, 0x12, 0xFF, 0xEE, 0x1E, 0xFF, 0xDE, 0xF8, 0xFF, 0xF8,
    0xEE, 0xFF, 0x0F, 0xF0, 0xFF, 0xFD, 0xF9, 0xFF, 0xEB, 0xE8, 0xFF, 0x06, 0x27, 0xFF, 0xE7, 0xE1,
    0xFF, 0x06, 0xF3, 0xFF, 0x1E, 0xFE, 0x01, 0x00, 0x07, 0xFC, 0xFF, 0x16, 0xFE, 0xFF, 0x0A, 0x11,
    0xFF, 0xF0, 0x1F, 0xFF, 0xDE, 0xFD, 0xFF, 0xF7, 0xEE, 0xFF, 0x0D, 0xEF, 0xFF, 0xFB, 0xF9, 0xFF,
    0xE9, 0xEB, 0xFF, 0x0A, 0x25, 0xFF, 0xE5, 0xE4, 0xFF, 0x04, 0xF3, 0xFF, 0x1E, 0xFB, 0x01, 0x00,
    0x07, 0xFC, 0xFF, 0x15, 0xFC, 0xFF, 0x0B, 0x0F, 0xFF, 0xF3, 0x21, 0xFF, 0xDF, 0xFF, 0xFF, 0xF5,
    0xF0, 0xFF, 0x0B, 0xED, 0xFF, 0xFB, 0xFA, 0xFF, 0xE7, 0xED, 0xFF, 0x0E, 0x24, 0xFF, 0xE2, 0xE7,
    0xFF, 0x03, 0xF2, 0xFF, 0x1D, 0xF9, 0x01, 0x00, 0x06, 0xFB, 0xFF, 0x15, 0xFA, 0xFF, 0x0D, 0x0E,
    0xFF, 0xF7, 0x22, 0xFF, 0xDE, 0x03, 0xFF, 0xF3, 0xF1, 0xFF, 0x0A, 0xEC, 0xFF, 0xFA, 0xFA, 0xFF,
    0xE5, 0xF0, 0xFF, 0x11, 0x23, 0xFF, 0xE0, 0xEA, 0xFF, 0x01, 0xF2, 0xFF, 0x1D, 0xF5, 0x01, 0x00,
    0x06, 0xFA, 0xFF, 0x14, 0xF8, 0xFF, 0x0E, 0x0E, 0xFF, 0xFA, 0x22, 0xFF, 0xDE, 0x06, 0xFF, 0xF2,
    0xF2, 0xFF, 0x08, 0xEC, 0xFF, 0xFA, 0xFA, 0xFF, 0xE4, 0xF2, 0xFF, 0x14, 0x22, 0xFF, 0xDE, 0xEC,
    0xFF, 0x00, 0xF2, 0xFF, 0x1B, 0xF3, 0x01, 0x00, 0x05, 0xFA, 0xFF, 0x13, 0xF6, 0xFF, 0x10, 0x0C,
    0xFF, 0xFD, 0x22, 0xFF, 0xDF, 0x0A, 0xFF, 0xF1, 0xF3, 0xFF, 0x06, 0xEB, 0xFF, 0xF9, 0xFB, 0xFF,
    0xE3, 0xF6, 0xFF, 0x18, 0x1F, 0xFF, 0xDB, 0xEF, 0xFF, 0xFF, 0xF3, 0xFF, 0x19, 0xF0, 0x01, 0x00,
    0x04, 0xF9, 0xFF, 0x13, 0xF4, 0xFF, 0x10, 0x0B, 0xFF, 0x01, 0x22, 0xFF, 0xE0, 0x0D, 0xFF, 0xF0,
    0xF5, 0xFF, 0x04, 0xEB, 0xFF, 0xF8, 0xFB, 0xFF, 0xE2, 0xF9, 0xFF, 0x1B, 0x1D, 0xFF, 0xDA, 0xF3,
    0xFF, 0xFD, 0xF3, 0xFF, 0x18, 0xED, 0x01, 0x00, 0x04, 0xF9, 0xFF, 0x11, 0xF2, 0xFF, 0x11, 0x09,
    0xFF, 0x05, 0x22, 0xFF, 0xE1, 0x10, 0xFF, 0xEF, 0xF7, 0xFF, 0x01, 0xEA, 0xFF, 0xF8, 0xFC, 0xFF,
    0xE1, 0xFC, 0xFF, 0x1E, 0x1A, 0xFF, 0xD9, 0xF7, 0xFF, 0xFC, 0xF2, 0xFF, 0x16, 0xED, 0x01, 0x00,
    0x03, 0xF8, 0xFF, 0x10, 0xF1, 0xFF, 0x12, 0x08, 0xFF, 0x08, 0x21, 0xFF, 0xE2, 0x13, 0xFF, 0xEF,
    0xF9, 0xFF, 0xFF, 0xEA, 0xFF, 0xF8, 0xFC, 0xFF, 0xE1, 0xFF, 0xFF, 0x20, 0x17, 0xFF, 0xD8, 0xFB,
    0xFF, 0xFB, 0xF3, 0xFF, 0x14, 0xEA, 0x01, 0x00, 0x02, 0xF8, 0xFF, 0x0E, 0xEF, 0xFF, 0x13, 0x05,
    0xFF, 0x0C, 0x21, 0xFF, 0xE5, 0x16, 0xFF, 0xEC, 0xFB, 0xFF, 0xFE, 0xEA, 0xFF, 0xF7, 0xFE, 0xFF,
    0xE1, 0x01, 0xFF, 0x23, 0x14, 0xFF, 0xD8, 0xFF, 0xFF, 0xF9, 0xF4, 0xFF, 0x11, 0xE8, 0x01, 0x00,
    0x01, 0xF8, 0xFF, 0x0D, 0xEE, 0xFF, 0x13, 0x04, 0xFF, 0x0F, 0x1F, 0xFF, 0xE6, 0x18, 0xFF, 0xED,
    0xFD, 0xFF, 0xFC, 0xEA, 0xFF, 0xF7, 0xFF, 0xFF, 0xE1, 0x04, 0xFF, 0x24, 0x11, 0xFF, 0xD8, 0x02,
    0xFF, 0xF8, 0xF5, 0xFF, 0x0F, 0xE6, 0x01, 0x00, 0x00, 0xF8, 0xFF, 0x0B, 0xED, 0xFF, 0x14, 0x01,
    0xFF, 0x11, 0x1D, 0xFF, 0xEA, 0x1C, 0xFF, 0xEC, 0xFE, 0xFF, 0xFA, 0xEB, 0xFF, 0xF7, 0x00, 0xFF,
    0xE1, 0x07, 0xFF, 0x26, 0x0D, 0xFF, 0xD9, 0x07, 0xFF, 0xF7, 0xF5, 0xFF, 0x0C, 0xE5, 0x01, 0x00,
    0x00, 0xF7, 0xFF, 0x09, 0xEC, 0xFF, 0x14, 0x00, 0xFF, 0x14, 0x1D, 0xFF, 0xEC, 0x1D, 0xFF, 0xEC,
    0x00, 0xFF, 0xF7, 0xEC, 0xFF, 0xF7, 0x00, 0xFF, 0xE2, 0x0A, 0xFF, 0x27, 0x0A, 0xFF, 0xD9, 0x0A,
    0xFF, 0xF6, 0xF6, 0xFF, 0x0A, 0xE3, 0x01, 0x00, 0xD9, 0x00, 0xFF, 0xF6, 0xE3, 0xFF, 0x0A, 0xF6,
    0xFF, 0x27, 0x0A, 0xFF, 0xD9, 0x0A, 0xFF, 0x1E, 0x0A, 0xFF, 0x09, 0x00, 0x00, 0x13, 0xF6, 0xFF,
    0x0A, 0x00, 0xFF, 0x0A, 0x13, 0xFF, 0xF6, 0x13, 0xFF, 0xF6, 0x00, 0xFF, 0x0A, 0xED, 0xFF, 0xF6,
    0xED, 0x01, 0x00, 0xDA, 0x03, 0xFF, 0xF3, 0xE6, 0xFF, 0x09, 0xF5, 0xFF, 0x28, 0x06, 0xFF, 0xDA,
    0x0E, 0xFF, 0x1F, 0x06, 0xFF, 0x09, 0x00, 0x00, 0x10, 0xF4, 0xFF, 0x0A, 0xFF, 0xFF, 0x0C, 0x12,
    0xFF, 0xF8, 0x12, 0xFF, 0xF6, 0x01, 0xFF, 0x08, 0xEE, 0xFF, 0xF4, 0xEE, 0x01, 0x00, 0xDB, 0x07,
    0xFF, 0xF0, 0xE7, 0xFF, 0x08, 0xF4, 0xFF, 0x28, 0x02, 0xFF, 0xDC, 0x12, 0xFF, 0x1F, 0x04, 0xFF,
    0x09, 0xFE, 0x00, 0x0F, 0xF2, 0xFF, 0x0A, 0xFE, 0xFF, 0x0D, 0x11, 0xFF, 0xFA, 0x13, 0xFF, 0xF7,
    0x02, 0xFF, 0x06, 0xED, 0xFF, 0xF2, 0xEF, 0x01, 0x00, 0xDB, 0x0B, 0xFF, 0xEF, 0xE8, 0xFF, 0x06,
    0xF4, 0xFF, 0x28, 0xFE, 0xFF, 0xDE, 0x15, 0xFF, 0x1F, 0x01, 0xFF, 0x09, 0xFD, 0x00, 0x0E, 0xF1,
    0xFF, 0x0A, 0xFD, 0xFF, 0x0F, 0x0F, 0xFF, 0xFC, 0x14, 0xFF, 0xF6, 0x03, 0xFF, 0x04, 0xEC, 0xFF,
    0xF1, 0xF1, 0x01, 0x00, 0xDD, 0x0F, 0xFF, 0xEB, 0xEA, 0xFF, 0x05, 0xF3, 0xFF, 0x28, 0xFA, 0xFF,
    0xE0, 0x18, 0xFF, 0x20, 0xFE, 0xFF, 0x08, 0xFC, 0x00, 0x0D, 0xF0, 0xFF, 0x09, 0xFC, 0xFF, 0x10,
    0x0D, 0xFF, 0xFF, 0x15, 0xFF, 0xF6, 0x04, 0xFF, 0x02, 0xEB, 0xFF, 0xF0, 0xF3, 0x01, 0x00, 0xDF,
    0x12, 0xFF, 0xE9, 0xED, 0xFF, 0x04, 0xF2, 0xFF, 0x27, 0xF6, 0xFF, 0xE2, 0x1B, 0xFF, 0x1F, 0xFB,
    0xFF, 0x08, 0xFC, 0x00, 0x0B, 0xEE, 0xFF, 0x09, 0xFB, 0xFF, 0x11, 0x0C, 0xFF, 0x01, 0x14, 0xFF,
    0xF7, 0x05, 0xFF, 0x00, 0xEC, 0xFF, 0xEE, 0xF4, 0x01, 0x00, 0xE1, 0x15, 0xFF, 0xE7, 0xEE, 0xFF,
    0x03, 0xF3, 0xFF, 0x26, 0xF3, 0xFF, 0xE5, 0x1C, 0xFF, 0x1E, 0xF9, 0xFF, 0x08, 0xFB, 0x00, 0x09,
    0xED, 0xFF, 0x08, 0xFB, 0xFF, 0x12, 0x0A, 0xFF, 0x03, 0x15, 0xFF, 0xF8, 0x05, 0xFF, 0xFD, 0xEC,
    0xFF, 0xEE, 0xF5, 0x01, 0x00, 0xE3, 0x18, 0xFF, 0xE6, 0xF1, 0xFF, 0x01, 0xF3, 0xFF, 0x24, 0xEE,
    0xFF, 0xE9, 0x20, 0xFF, 0x1D, 0xF5, 0xFF, 0x07, 0xFB, 0x00, 0x07, 0xEC, 0xFF, 0x07, 0xF9, 0xFF,
    0x14, 0x09, 0xFF, 0x05, 0x14, 0xFF, 0xF8, 0x06, 0xFF, 0xFC, 0xEC, 0xFF, 0xEC, 0xF8, 0x01, 0x00,
    0xE5, 0x1B, 0xFF, 0xE5, 0xF3, 0xFF, 0x00, 0xF2, 0xFF, 0x22, 0xEC, 0xFF, 0xEC, 0x22, 0xFF, 0x1C,
    0xF2, 0xFF, 0x06, 0xFA, 0x00, 0x06, 0xEC, 0xFF, 0x07, 0xF9, 0xFF, 0x14, 0x06, 0xFF, 0x06, 0x14,
    0xFF, 0xF9, 0x07, 0xFF, 0xFA, 0xEC, 0xFF, 0xEC, 0xFA, 0x01, 0x00, 0xE8, 0x1E, 0xFF, 0xE4, 0xF5,
    0xFF, 0xFE, 0xF2, 0xFF, 0x20, 0xEA, 0xFF, 0xF0, 0x23, 0xFF, 0x1A, 0xEF, 0xFF, 0x06, 0xFA, 0x00,
    0x04, 0xEB, 0xFF, 0x05, 0xF8, 0xFF, 0x15, 0x04, 0xFF, 0x08, 0x14, 0xFF, 0xFA, 0x08, 0xFF, 0xF7,
    0xEC, 0xFF, 0xED, 0xFC, 0x01, 0x00, 0xEB, 0x20, 0xFF, 0xE3, 0xF9, 0xFF, 0xFD, 0xF2, 0xFF, 0x1D,
    0xE6, 0xFF, 0xF4, 0x25, 0xFF, 0x18, 0xEC, 0xFF, 0x05, 0xFA, 0x00, 0x02, 0xEA, 0xFF, 0x05, 0xF8,
    0xFF, 0x15, 0x02, 0xFF, 0x0A, 0x13, 0xFF, 0xFB, 0x08, 0xFF, 0xF5, 0xED, 0xFF, 0xEC, 0xFE, 0x01,
    0x00, 0xEF, 0x22, 0xFF, 0xE1, 0xFB, 0xFF, 0xFC, 0xF3, 0xFF, 0x1B, 0xE3, 0xFF, 0xF7, 0x26, 0xFF,
    0x16, 0xEA, 0xFF, 0x05, 0xF9, 0x00, 0x00, 0xEB, 0xFF, 0x04, 0xF7, 0xFF, 0x14, 0x00, 0xFF, 0x0D,
    0x12, 0xFF, 0xFB, 0x09, 0xFF, 0xF4, 0xEE, 0xFF, 0xEC, 0x00, 0x01, 0x00, 0xF2, 0x23, 0xFF, 0xE2,
    0xFF, 0xFF, 0xFA, 0xF3, 0xFF, 0x18, 0xE1, 0xFF, 0xFB, 0x26, 0xFF, 0x14, 0xE8, 0xFF, 0x03, 0xF9,
    0x00, 0xFE, 0xEB, 0xFF, 0x04, 0xF7, 0xFF, 0x14, 0xFE, 0xFF, 0x0E, 0x10, 0xFF, 0xFC, 0x09, 0xFF,
    0xF2, 0xF0, 0xFF, 0xEC, 0x02, 0x01, 0x00, 0xF6, 0x25, 0xFF, 0xE1, 0x02, 0xFF, 0xFA, 0xF3, 0xFF,
    0x14, 0xDF, 0xFF, 0xFF, 0x27, 0xFF, 0x11, 0xE6, 0xFF, 0x03, 0xF8, 0x00, 0xFB, 0xEB, 0xFF, 0x03,
    0xF7, 0xFF, 0x14, 0xFB, 0xFF, 0x10, 0x0F, 0xFF, 0xFD, 0x09, 0xFF, 0xF0, 0xF2, 0xFF, 0xEC, 0x04,
    0x01, 0x00, 0xF9, 0x26, 0xFF, 0xE2, 0x04, 0xFF, 0xF8, 0xF4, 0xFF, 0x11, 0xDD, 0xFF, 0x02, 0x27,
    0xFF, 0x10, 0xE5, 0xFF, 0x02, 0xF8, 0x00, 0xF9, 0xEB, 0xFF, 0x02, 0xF6, 0xFF, 0x14, 0xFA, 0xFF,
    0x11, 0x0E, 0xFF, 0xFE, 0x09, 0xFF, 0xEF, 0xF3, 0xFF, 0xEC, 0x06, 0x01, 0x00, 0xFD, 0x26, 0xFF,
    0xE3, 0x08, 0xFF, 0xF7, 0xF5, 0xFF, 0x0D, 0xDB, 0xFF, 0x07, 0x27, 0xFF, 0x0C, 0xE3, 0xFF, 0x01,
    0xF8, 0x00, 0xF7, 0xEC, 0xFF, 0x01, 0xF6, 0xFF, 0x13, 0xF8, 0xFF, 0x12, 0x0B, 0xFF, 0xFF, 0x0A,
    0xFF, 0xEE, 0xF5, 0xFF, 0xED, 0x08, 0x01, 0x00, 0x00, 0x26, 0xFF, 0xE4, 0x0A, 0xFF, 0xF6, 0xF6,
    0xFF, 0x0A, 0xDA, 0xFF, 0x0A, 0x26, 0xFF, 0x0A, 0xE2, 0xFF, 0x00, 0xF8, 0x00, 0xF6, 0xEE, 0xFF,
    0x00, 0xF6, 0xFF, 0x12, 0xF6, 0xFF, 0x12, 0x0A, 0xFF, 0x00, 0x0A, 0xFF, 0xEE, 0xF6, 0xFF, 0xEE,
    0x0A, 0x01, 0x00, 0x03, 0x26, 0xFF, 0xE6, 0x0D, 0xFF, 0xF5, 0xF7, 0xFF, 0x06, 0xD8, 0xFF, 0x0E,
    0x26, 0xFF, 0x06, 0xE1, 0xFF, 0x00, 0xF7, 0x00, 0xF4, 0xF0, 0xFF, 0xFF, 0xF6, 0xFF, 0x12, 0xF4,
    0xFF, 0x12, 0x08, 0xFF, 0x01, 0x0A, 0xFF, 0xEE, 0xF8, 0xFF, 0xEE, 0x0C, 0x01, 0x00, 0x07, 0x25,
    0xFF, 0xE7, 0x10, 0xFF, 0xF4, 0xF8, 0xFF, 0x02, 0xD8, 0xFF, 0x12, 0x24, 0xFF, 0x04, 0xE1, 0xFF,
    0xFE, 0xF7, 0x00, 0xF2, 0xF1, 0xFF, 0xFE, 0xF6, 0xFF, 0x11, 0xF3, 0xFF, 0x13, 0x06, 0xFF, 0x02,
    0x09, 0xFF, 0xED, 0xFA, 0xFF, 0xEF, 0x0E, 0x01, 0x00, 0x0B, 0x25, 0xFF, 0xE8, 0x11, 0xFF, 0xF4,
    0xFA, 0xFF, 0xFE, 0xD8, 0xFF, 0x15, 0x22, 0xFF, 0x01, 0xE1, 0xFF, 0xFD, 0xF7, 0x00, 0xF1, 0xF2,
    0xFF, 0xFD, 0xF6, 0xFF, 0x0F, 0xF1, 0xFF, 0x14, 0x04, 0xFF, 0x03, 0x0A, 0xFF, 0xEC, 0xFC, 0xFF,
    0xF1, 0x0F, 0x01, 0x00, 0x0F, 0x23, 0xFF, 0xEA, 0x15, 0xFF, 0xF3, 0xFB, 0xFF, 0xFA, 0xD8, 0xFF,
    0x18, 0x20, 0xFF, 0xFE, 0xE0, 0xFF, 0xFC, 0xF8, 0x00, 0xF0, 0xF3, 0xFF, 0xFC, 0xF7, 0xFF, 0x0D,
    0xF0, 0xFF, 0x15, 0x01, 0xFF, 0x04, 0x0A, 0xFF, 0xEB, 0xFE, 0xFF, 0xF3, 0x10, 0x01, 0x00, 0x12,
    0x21, 0xFF, 0xED, 0x17, 0xFF, 0xF2, 0xFC, 0xFF, 0xF6, 0xD9, 0xFF, 0x1B, 0x1E, 0xFF, 0xFB, 0xE1,
    0xFF, 0xFC, 0xF8, 0x00, 0xEE, 0xF5, 0xFF, 0xFB, 0xF7, 0xFF, 0x0C, 0xEF, 0xFF, 0x14, 0xFF, 0xFF,
    0x05, 0x09, 0xFF, 0xEC, 0x00, 0xFF, 0xF4, 0x12, 0x01, 0x00, 0x15, 0x1F, 0xFF, 0xEE, 0x19, 0xFF,
    0xF3, 0xFD, 0xFF, 0xF3, 0xDA, 0xFF, 0x1C, 0x1B, 0xFF, 0xF9, 0xE2, 0xFF, 0xFB, 0xF8, 0x00, 0xED,
    0xF7, 0xFF, 0xFB, 0xF8, 0xFF, 0x0A, 0xEE, 0xFF, 0x15, 0xFD, 0xFF, 0x05, 0x08, 0xFF, 0xEC, 0x03,
    0xFF, 0xF5, 0x12, 0x01, 0x00, 0x18, 0x1D, 0xFF, 0xF1, 0x1A, 0xFF, 0xF3, 0xFF, 0xFF, 0xEE, 0xDC,
    0xFF, 0x20, 0x17, 0xFF, 0xF5, 0xE3, 0xFF, 0xFB, 0xF9, 0x00, 0xEC, 0xF9, 0xFF, 0xF9, 0xF9, 0xFF,
    0x09, 0xEC, 0xFF, 0x14, 0xFB, 0xFF, 0x06, 0x08, 0xFF, 0xEC, 0x04, 0xFF, 0xF8, 0x14, 0x01, 0x00,
    0x1B, 0x1B, 0xFF, 0xF3, 0x1B, 0xFF, 0xF2, 0x00, 0xFF, 0xEC, 0xDE, 0xFF, 0x22, 0x14, 0xFF, 0xF2,
    0xE4, 0xFF, 0xFA, 0xFA, 0x00, 0xEC, 0xFA, 0xFF, 0xF9, 0xF9, 0xFF, 0x06, 0xEC, 0xFF, 0x14, 0xFA,
    0xFF, 0x07, 0x07, 0xFF, 0xEC, 0x06, 0xFF, 0xFA, 0x14, 0x01, 0x00, 0x1E, 0x18, 0xFF, 0xF5, 0x1C,
    0xFF, 0xF2, 0x02, 0xFF, 0xEA, 0xE0, 0xFF, 0x23, 0x10, 0xFF, 0xEF, 0xE6, 0xFF, 0xFA, 0xFA, 0x00,
    0xEB, 0xFC, 0xFF, 0xF8, 0xFB, 0xFF, 0x04, 0xEB, 0xFF, 0x14, 0xF8, 0xFF, 0x08, 0x06, 0xFF, 0xEC,
    0x09, 0xFF, 0xFC, 0x13, 0x01, 0x00, 0x20, 0x15, 0xFF, 0xF9, 0x1D, 0xFF, 0xF2, 0x03, 0xFF, 0xE6,
    0xE3, 0xFF, 0x25, 0x0C, 0xFF, 0xEC, 0xE8, 0xFF, 0xFA, 0xFB, 0x00, 0xEA, 0xFE, 0xFF, 0xF8, 0xFB,
    0xFF, 0x02, 0xEB, 0xFF, 0x13, 0xF6, 0xFF, 0x08, 0x05, 0xFF, 0xED, 0x0B, 0xFF, 0xFE, 0x14, 0x01,
    0x00, 0x22, 0x11, 0xFF, 0xFB, 0x1F, 0xFF, 0xF3, 0x04, 0xFF, 0xE3, 0xE5, 0xFF, 0x26, 0x09, 0xFF,
    0xEA, 0xEA, 0xFF, 0xF9, 0xFB, 0x00, 0xEB, 0x00, 0xFF, 0xF7, 0xFC, 0xFF, 0x00, 0xEC, 0xFF, 0x12,
    0xF3, 0xFF, 0x09, 0x05, 0xFF, 0xEE, 0x0C, 0xFF, 0x00, 0x14, 0x01, 0x00, 0x23, 0x0E, 0xFF, 0xFF,
    0x1E, 0xFF, 0xF3, 0x06, 0xFF, 0xE1, 0xE8, 0xFF, 0x26, 0x05, 0xFF, 0xE8, 0xEC, 0xFF, 0xF9, 0xFD,
    0x00, 0xEB, 0x02, 0xFF, 0xF7, 0xFC, 0xFF, 0xFE, 0xEC, 0xFF, 0x10, 0xF2, 0xFF, 0x09, 0x04, 0xFF,
    0xF0, 0x0E, 0xFF, 0x02, 0x14, 0x01, 0x00, 0x25, 0x0A, 0xFF, 0x02, 0x1F, 0xFF, 0xF3, 0x06, 0xFF,
    0xDF, 0xEC, 0xFF, 0x27, 0x01, 0xFF, 0xE6, 0xEF, 0xFF, 0xF8, 0xFD, 0x00, 0xEB, 0x05, 0xFF, 0xF7,
    0xFD, 0xFF, 0xFB, 0xEC, 0xFF, 0x0F, 0xF0, 0xFF, 0x09, 0x03, 0xFF, 0xF2, 0x10, 0xFF, 0x04, 0x14,
    0x01, 0x00, 0x26, 0x07, 0xFF, 0x04, 0x1E, 0xFF, 0xF4, 0x08, 0xFF, 0xDD, 0xEF, 0xFF, 0x27, 0xFE,
    0xFF, 0xE5, 0xF0, 0xFF, 0xF8, 0xFE, 0x00, 0xEB, 0x07, 0xFF, 0xF6, 0xFE, 0xFF, 0xFA, 0xEC, 0xFF,
    0x0E, 0xEF, 0xFF, 0x09, 0x02, 0xFF, 0xF3, 0x11, 0xFF, 0x06, 0x14, 0x01, 0x00, 0x26, 0x03, 0xFF,
    0x08, 0x1D, 0xFF, 0xF5, 0x09, 0xFF, 0xDB, 0xF3, 0xFF, 0x27, 0xF9, 0xFF, 0xE3, 0xF4, 0xFF, 0xF8,
    0xFF, 0x00, 0xEC, 0x09, 0xFF, 0xF6, 0xFF, 0xFF, 0xF8, 0xED, 0xFF, 0x0B, 0xEE, 0xFF, 0x0A, 0x01,
    0xFF, 0xF5, 0x12, 0xFF, 0x08, 0x13, 0x01, 0x00, 0x26, 0x00, 0xFF, 0x0A, 0x1C, 0xFF, 0xF6, 0x0A,
    0xFF, 0xDA, 0xF6, 0xFF, 0x26, 0xF6, 0xFF, 0xE2, 0xF6, 0xFF, 0xF8, 0x00, 0x00, 0xEE, 0x0A, 0xFF,
    0xF6, 0x00, 0xFF, 0xF6, 0xEE, 0xFF, 0x0A, 0xEE, 0xFF, 0x0A, 0x00, 0xFF, 0xF6, 0x12, 0xFF, 0x0A,
    0x12, 0x01, 0x00, 0x26, 0xFD, 0xFF, 0x0D, 0x1A, 0xFF, 0xF7, 0x0B, 0xFF, 0xD8, 0xFA, 0xFF, 0x26,
    0xF2, 0xFF, 0xE1, 0xFA, 0xFF, 0xF7, 0x00, 0x00, 0xF0, 0x0C, 0xFF, 0xF6, 0x01, 0xFF, 0xF4, 0xEE,
    0xFF, 0x08, 0xEE, 0xFF, 0x0A, 0xFF, 0xFF, 0xF8, 0x12, 0xFF, 0x0C, 0x12, 0x01, 0x00, 0x25, 0xF9,
    0xFF, 0x10, 0x19, 0xFF, 0xF8, 0x0C, 0xFF, 0xD8, 0xFE, 0xFF, 0x24, 0xEE, 0xFF, 0xE1, 0xFC, 0xFF,
    0xF7, 0x02, 0x00, 0xF1, 0x0E, 0xFF, 0xF6, 0x02, 0xFF, 0xF3, 0xEF, 0xFF, 0x06, 0xED, 0xFF, 0x09,
    0xFE, 0xFF, 0xFA, 0x13, 0xFF, 0x0E, 0x11, 0x01, 0x00, 0x25, 0xF5, 0xFF, 0x11, 0x18, 0xFF, 0xFA,
    0x0C, 0xFF, 0xD8, 0x02, 0xFF, 0x22, 0xEB, 0xFF, 0xE1, 0xFF, 0xFF, 0xF7, 0x03, 0x00, 0xF2, 0x0F,
    0xFF, 0xF6, 0x03, 0xFF, 0xF1, 0xF1, 0xFF, 0x04, 0xEC, 0xFF, 0x0A, 0xFD, 0xFF, 0xFC, 0x14, 0xFF,
    0x0F, 0x0F, 0x01, 0x00, 0x23, 0xF1, 0xFF, 0x15, 0x16, 0xFF, 0xFB, 0x0D, 0xFF, 0xD8, 0x06, 0xFF,
    0x20, 0xE8, 0xFF, 0xE0, 0x02, 0xFF, 0xF8, 0x04, 0x00, 0xF3, 0x10, 0xFF, 0xF7, 0x04, 0xFF, 0xF0,
    0xF3, 0xFF, 0x01, 0xEB, 0xFF, 0x0A, 0xFC, 0xFF, 0xFE, 0x15, 0xFF, 0x10, 0x0D, 0x01, 0x00, 0x21,
    0xEE, 0xFF, 0x17, 0x13, 0xFF, 0xFC, 0x0E, 0xFF, 0xD9, 0x0A, 0xFF, 0x1E, 0xE5, 0xFF, 0xE1, 0x05,
    0xFF, 0xF8, 0x04, 0x00, 0xF5, 0x12, 0xFF, 0xF7, 0x05, 0xFF, 0xEF, 0xF4, 0xFF, 0xFF, 0xEC, 0xFF,
    0x09, 0xFB, 0xFF, 0x00, 0x14, 0xFF, 0x12, 0x0C, 0x01, 0x00, 0x1F, 0xEB, 0xFF, 0x19, 0x12, 0xFF,
    0xFD, 0x0D, 0xFF, 0xDA, 0x0D, 0xFF, 0x1B, 0xE4, 0xFF, 0xE2, 0x07, 0xFF, 0xF8, 0x05, 0x00, 0xF7,
    0x13, 0xFF, 0xF8, 0x05, 0xFF, 0xEE, 0xF6, 0xFF, 0xFD, 0xEB, 0xFF, 0x08, 0xFB, 0xFF, 0x03, 0x14,
    0xFF, 0x12, 0x0B, 0x01, 0x00, 0x1D, 0xE8, 0xFF, 0x1A, 0x0F, 0xFF, 0xFF, 0x0D, 0xFF, 0xDC, 0x12,
    0xFF, 0x17, 0xE0, 0xFF, 0xE3, 0x0B, 0xFF, 0xF9, 0x05, 0x00, 0xF9, 0x14, 0xFF, 0xF9, 0x07, 0xFF,
    0xEC, 0xF7, 0xFF, 0xFB, 0xEC, 0xFF, 0x08, 0xFA, 0xFF, 0x04, 0x14, 0xFF, 0x14, 0x08, 0x01, 0x00,
    0x1B, 0xE5, 0xFF, 0x1B, 0x0D, 0xFF, 0x00, 0x0E, 0xFF, 0xDE, 0x14, 0xFF, 0x14, 0xDE, 0xFF, 0xE4,
    0x0E, 0xFF, 0xFA, 0x06, 0x00, 0xFA, 0x14, 0xFF, 0xF9, 0x07, 0xFF, 0xEC, 0xFA, 0xFF, 0xFA, 0xEC,
    0xFF, 0x07, 0xF9, 0xFF, 0x06, 0x14, 0xFF, 0x14, 0x06, 0x01, 0x00, 0x18, 0xE2, 0xFF, 0x1C, 0x0B,
    0xFF, 0x02, 0x0E, 0xFF, 0xE0, 0x16, 0xFF, 0x10, 0xDD, 0xFF, 0xE6, 0x11, 0xFF, 0xFA, 0x06, 0x00,
    0xFC, 0x15, 0xFF, 0xFB, 0x08, 0xFF, 0xEB, 0xFC, 0xFF, 0xF8, 0xEC, 0xFF, 0x06, 0xF8, 0xFF, 0x09,
    0x14, 0xFF, 0x13, 0x04, 0x01, 0x00, 0x15, 0xE0, 0xFF, 0x1D, 0x07, 0xFF, 0x03, 0x0E, 0xFF, 0xE3,
    0x1A, 0xFF, 0x0C, 0xDB, 0xFF, 0xE8, 0x14, 0xFF, 0xFB, 0x06, 0x00, 0xFE, 0x16, 0xFF, 0xFB, 0x08,
    0xFF, 0xEB, 0xFE, 0xFF, 0xF6, 0xED, 0xFF, 0x05, 0xF8, 0xFF, 0x0B, 0x13, 0xFF, 0x14, 0x02, 0x01,
    0x00, 0x11, 0xDE, 0xFF, 0x1F, 0x05, 0xFF, 0x04, 0x0D, 0xFF, 0xE5, 0x1D, 0xFF, 0x09, 0xDA, 0xFF,
    0xEA, 0x16, 0xFF, 0xFB, 0x07, 0x00, 0x00, 0x15, 0xFF, 0xFC, 0x09, 0xFF, 0xEC, 0x00, 0xFF, 0xF3,
    0xEE, 0xFF, 0x05, 0xF7, 0xFF, 0x0C, 0x12, 0xFF, 0x14, 0x00, 0x01, 0x00, 0x0E, 0xDD, 0xFF, 0x1E,
    0x01, 0xFF, 0x06, 0x0D, 0xFF, 0xE8, 0x1F, 0xFF, 0x05, 0xDA, 0xFF, 0xEC, 0x18, 0xFF, 0xFD, 0x07,
    0x00, 0x02, 0x15, 0xFF, 0xFC, 0x09, 0xFF, 0xEC, 0x02, 0xFF, 0xF2, 0xF0, 0xFF, 0x04, 0xF7, 0xFF,
    0x0E, 0x10, 0xFF, 0x14, 0xFE, 0x01, 0x00, 0x0A, 0xDB, 0xFF, 0x1F, 0xFE, 0xFF, 0x06, 0x0D, 0xFF,
    0xEC, 0x21, 0xFF, 0x01, 0xD9, 0xFF, 0xEF, 0x1A, 0xFF, 0xFD, 0x08, 0x00, 0x05, 0x15, 0xFF, 0xFD,
    0x09, 0xFF, 0xEC, 0x05, 0xFF, 0xF0, 0xF1, 0xFF, 0x03, 0xF7, 0xFF, 0x10, 0x0E, 0xFF, 0x14, 0xFC,
    0x01, 0x00, 0x07, 0xDA, 0xFF, 0x1E, 0xFC, 0xFF, 0x08, 0x0C, 0xFF, 0xEF, 0x23, 0xFF, 0xFE, 0xD9,
    0xFF, 0xF0, 0x1B, 0xFF, 0xFE, 0x08, 0x00, 0x07, 0x15, 0xFF, 0xFE, 0x0A, 0xFF, 0xEC, 0x06, 0xFF,
    0xEF, 0xF2, 0xFF, 0x02, 0xF7, 0xFF, 0x11, 0x0D, 0xFF, 0x14, 0xFA, 0x01, 0x00, 0x03, 0xDA, 0xFF,
    0x1D, 0xF8, 0xFF, 0x09, 0x0B, 0xFF, 0xF3, 0x25, 0xFF, 0xF9, 0xD9, 0xFF, 0xF4, 0x1D, 0xFF, 0xFF,
    0x08, 0x00, 0x09, 0x14, 0xFF, 0xFF, 0x0A, 0xFF, 0xED, 0x08, 0xFF, 0xEE, 0xF5, 0xFF, 0x01, 0xF6,
    0xFF, 0x12, 0x0B, 0xFF, 0x13, 0xF8, 0x01, 0x00, 0x00, 0xDA, 0xFF, 0x1C, 0xF6, 0xFF, 0x0A, 0x0A,
    0xFF, 0xF6, 0x26, 0xFF, 0xF6, 0xDA, 0xFF, 0xF6, 0x1E, 0xFF, 0x00, 0x08, 0x00, 0x0A, 0x12, 0xFF,
    0x00, 0x0A, 0xFF, 0xEE, 0x0A, 0xFF, 0xEE, 0xF6, 0xFF, 0x00, 0xF6, 0xFF, 0x12, 0x0A, 0xFF, 0x12,
    0xF6, 0x01, 0x00, 0xFD, 0xDA, 0xFF, 0x1A, 0xF3, 0xFF, 0x0B, 0x09, 0xFF, 0xFA, 0x28, 0xFF, 0xF2,
    0xDA, 0xFF, 0xFA, 0x1F, 0xFF, 0x00, 0x09, 0x00, 0x0C, 0x10, 0xFF, 0x01, 0x0A, 0xFF, 0xEE, 0x0C,
    0xFF, 0xEE, 0xF8, 0xFF, 0xFF, 0xF6, 0xFF, 0x12, 0x08, 0xFF, 0x12, 0xF4, 0x01, 0x00, 0xF9, 0xDB,
    0xFF, 0x19, 0xF0, 0xFF, 0x0C, 0x08, 0xFF, 0xFE, 0x28, 0xFF, 0xEE, 0xDC, 0xFF, 0xFC, 0x1F, 0xFF,
    0x02, 0x09, 0x00, 0x0E, 0x0F, 0xFF, 0x02, 0x0A, 0xFF, 0xEF, 0x0D, 0xFF, 0xED, 0xFA, 0xFF, 0xFE,
    0xF7, 0xFF, 0x13, 0x06, 0xFF, 0x11, 0xF2, 0x01, 0x00, 0xF5, 0xDB, 0xFF, 0x18, 0xEF, 0xFF, 0x0C,
    0x06, 0xFF, 0x02, 0x28, 0xFF, 0xEB, 0xDE, 0xFF, 0xFF, 0x1F, 0xFF, 0x03, 0x09, 0x00, 0x0F, 0x0E,
    0xFF, 0x03, 0x0A, 0xFF, 0xF1, 0x0F, 0xFF, 0xEC, 0xFC, 0xFF, 0xFD, 0xF6, 0xFF, 0x14, 0x04, 0xFF,
    0x0F, 0xF1, 0x01, 0x00, 0xF1, 0xDD, 0xFF, 0x16, 0xEB, 0xFF, 0x0D, 0x05, 0xFF, 0x06, 0x28, 0xFF,
    0xE8, 0xE0, 0xFF, 0x02, 0x20, 0xFF, 0x04, 0x08, 0x00, 0x10, 0x0D, 0xFF, 0x04, 0x09, 0xFF, 0xF3,
    0x10, 0xFF, 0xEB, 0xFF, 0xFF, 0xFC, 0xF6, 0xFF, 0x15, 0x02, 0xFF, 0x0D, 0xF0, 0x01, 0x00, 0xEE,
    0xDF, 0xFF, 0x13, 0xE9, 0xFF, 0x0E, 0x04, 0xFF, 0x0A, 0x27, 0xFF, 0xE5, 0xE2, 0xFF, 0x05, 0x1F,
    0xFF, 0x04, 0x08, 0x00, 0x12, 0x0B, 0xFF, 0x05, 0x09, 0xFF, 0xF4, 0x11, 0xFF, 0xEC, 0x01, 0xFF,
    0xFB, 0xF7, 0xFF, 0x14, 0x00, 0xFF, 0x0C, 0xEE, 0x01, 0x00, 0xEB, 0xE1, 0xFF, 0x12, 0xE7, 0xFF,
    0x0D, 0x03, 0xFF, 0x0D, 0x26, 0xFF, 0xE4, 0xE5, 0xFF, 0x07, 0x1E, 0xFF, 0x05, 0x08, 0x00, 0x13,
    0x09, 0xFF, 0x05, 0x08, 0xFF, 0xF6, 0x12, 0xFF, 0xEB, 0x03, 0xFF, 0xFB, 0xF8, 0xFF, 0x14, 0xFD,
    0xFF, 0x0B, 0xEE, 0x01, 0x00, 0xE8, 0xE3, 0xFF, 0x0F, 0xE6, 0xFF, 0x0D, 0x01, 0xFF, 0x12, 0x24,
    0xFF, 0xE0, 0xE9, 0xFF, 0x0B, 0x1D, 0xFF, 0x05, 0x07, 0x00, 0x14, 0x07, 0xFF, 0x07, 0x07, 0xFF,
    0xF7, 0x14, 0xFF, 0xEC, 0x05, 0xFF, 0xFA, 0xF8, 0xFF, 0x14, 0xFC, 0xFF, 0x08, 0xEC, 0x01, 0x00,
    0xE5, 0xE5, 0xFF, 0x0D, 0xE5, 0xFF, 0x0E, 0x00, 0xFF, 0x14, 0x22, 0xFF, 0xDE, 0xEC, 0xFF, 0x0E,
    0x1C, 0xFF, 0x06, 0x06, 0x00, 0x14, 0x06, 0xFF, 0x07, 0x07, 0xFF, 0xFA, 0x14, 0xFF, 0xEC, 0x06,
    0xFF, 0xF9, 0xF9, 0xFF, 0x14, 0xFA, 0xFF, 0x06, 0xEC, 0x01, 0x00, 0xE2, 0xE8, 0xFF, 0x0B, 0xE4,
    0xFF, 0x0E, 0xFE, 0xFF, 0x16, 0x20, 0xFF, 0xDD, 0xF0, 0xFF, 0x11, 0x1A, 0xFF, 0x06, 0x06, 0x00,
    0x15, 0x04, 0xFF, 0x08, 0x05, 0xFF, 0xFC, 0x15, 0xFF, 0xEC, 0x08, 0xFF, 0xF8, 0xFA, 0xFF, 0x14,
    0xF7, 0xFF, 0x04, 0xED, 0x01, 0x00, 0xE0, 0xEB, 0xFF, 0x07, 0xE3, 0xFF, 0x0E, 0xFD, 0xFF, 0x1A,
    0x1D, 0xFF, 0xDB, 0xF4, 0xFF, 0x14, 0x18, 0xFF, 0x06, 0x05, 0x00, 0x16, 0x02, 0xFF, 0x08, 0x05,
    0xFF, 0xFE, 0x15, 0xFF, 0xED, 0x0A, 0xFF, 0xF8, 0xFB, 0xFF, 0x13, 0xF5, 0xFF, 0x02, 0xEC, 0x01,
    0x00, 0xDE, 0xEF, 0xFF, 0x05, 0xE1, 0xFF, 0x0D, 0xFC, 0xFF, 0x1D, 0x1B, 0xFF, 0xDA, 0xF7, 0xFF,
    0x16, 0x16, 0xFF, 0x07, 0x05, 0x00, 0x15, 0x00, 0xFF, 0x09, 0x04, 0xFF, 0x00, 0x14, 0xFF, 0xEE,
    0x0D, 0xFF, 0xF7, 0xFB, 0xFF, 0x12, 0xF4, 0xFF, 0x00, 0xEC, 0x01, 0x00, 0xDD, 0xF2, 0xFF, 0x01,
    0xE2, 0xFF, 0x0D, 0xFA, 0xFF, 0x1F, 0x18, 0xFF, 0xDA, 0xFB, 0xFF, 0x18, 0x14, 0xFF, 0x07, 0x03,
    0x00, 0x15, 0xFE, 0xFF, 0x09, 0x04, 0xFF, 0x02, 0x14, 0xFF, 0xF0, 0x0E, 0xFF, 0xF7, 0xFC, 0xFF,
    0x10, 0xF2, 0xFF, 0xFE, 0xEC, 0x01, 0x00, 0xDB, 0xF6, 0xFF, 0xFE, 0xE1, 0xFF, 0x0D, 0xFA, 0xFF,
    0x21, 0x14, 0xFF, 0xD9, 0xFF, 0xFF, 0x1A, 0x11, 0xFF, 0x08, 0x03, 0x00, 0x15, 0xFB, 0xFF, 0x09,
    0x03, 0xFF, 0x05, 0x14, 0xFF, 0xF1, 0x10, 0xFF, 0xF7, 0xFD, 0xFF, 0x0E, 0xF0, 0xFF, 0xFC, 0xEC,
    0x01, 0x00, 0xDA, 0xF9, 0xFF, 0xFC, 0xE2, 0xFF, 0x0C, 0xF8, 0xFF, 0x23, 0x11, 0xFF, 0xD9, 0x02,
    0xFF, 0x1B, 0x10, 0xFF, 0x08, 0x02, 0x00, 0x15, 0xF9, 0xFF, 0x0A, 0x02, 0xFF, 0x06, 0x14, 0xFF,
    0xF2, 0x11, 0xFF, 0xF7, 0xFE, 0xFF, 0x0D, 0xEF, 0xFF, 0xFA, 0xEC, 0x01, 0x00, 0xDA, 0xFD, 0xFF,
    0xF8, 0xE3, 0xFF, 0x0B, 0xF7, 0xFF, 0x25, 0x0D, 0xFF, 0xD9, 0x07, 0xFF, 0x1D, 0x0C, 0xFF, 0x08,
    0x01, 0x00, 0x14, 0xF7, 0xFF, 0x0A, 0x01, 0xFF, 0x08, 0x13, 0xFF, 0xF5, 0x12, 0xFF, 0xF6, 0xFF,
    0xFF, 0x0B, 0xEE, 0xFF, 0xF8, 0xED, 0x01, 0x00, 0xD9, 0x00, 0xFF, 0xF6, 0xE3, 0xFF, 0x0A, 0xF6,
    0xFF, 0x27, 0x0A, 0xFF, 0xD9, 0x0A, 0xFF, 0x1E, 0x0A, 0xFF, 0x09, 0x00, 0x00, 0x13, 0xF6, 0xFF,
    0x0A, 0x00, 0xFF, 0x0A, 0x13, 0xFF, 0xF6, 0x13, 0xFF, 0xF6, 0x00, 0xFF, 0x0A, 0xED, 0xFF, 0xF6,
    0xED, 0x01, 0x00, 0xD9, 0xD9, 0xFF, 0xD8, 0x0A, 0xFF, 0x1E, 0x0A, 0x00, 0x0A, 0x3A, 0xFF, 0xD8,
    0xF6, 0xFF, 0x1E, 0xF6, 0x01, 0x00, 0xD6, 0xDE, 0xFF, 0xD9, 0x0E, 0xFF, 0x1F, 0x07, 0x00, 0x10,
    0x37, 0xFF, 0xD7, 0xFA, 0xFF, 0x1D, 0xF3, 0x01, 0x00, 0xD3, 0xE2, 0xFF, 0xDB, 0x12, 0xFF, 0x1F,
    0x04, 0x00, 0x15, 0x35, 0xFF, 0xD8, 0xFE, 0xFF, 0x1B, 0xF1, 0x01, 0x00, 0xD0, 0xE7, 0xFF, 0xDD,
    0x15, 0xFF, 0x1F, 0x01, 0x00, 0x1B, 0x33, 0xFF, 0xD7, 0x02, 0xFF, 0x19, 0xEE, 0x01, 0x00, 0xCD,
    0xEC, 0xFF, 0xE0, 0x18, 0xFF, 0x1F, 0xFD, 0x00, 0x20, 0x32, 0xFF, 0xD7, 0x06, 0xFF, 0x18, 0xEB,
    0x01, 0x00, 0xCC, 0xF1, 0xFF, 0xE2, 0x1B, 0xFF, 0x1F, 0xFA, 0x00, 0x24, 0x2E, 0xFF, 0xD9, 0x0B,
    0xFF, 0x15, 0xE9, 0x01, 0x00, 0xCB, 0xF6, 0xFF, 0xE5, 0x1D, 0xFF, 0x1E, 0xF8, 0x00, 0x28, 0x2A,
    0xFF, 0xDA, 0x0E, 0xFF, 0x13, 0xE7, 0x01, 0x00, 0xCA, 0xFC, 0xFF, 0xE8, 0x20, 0xFF, 0x1D, 0xF4,
    0x00, 0x2D, 0x26, 0xFF, 0xDB, 0x12, 0xFF, 0x10, 0xE5, 0x01, 0x00, 0xCA, 0x00, 0xFF, 0xEB, 0x23,
    0xFF, 0x1C, 0xF2, 0x00, 0x2F, 0x21, 0xFF, 0xDD, 0x15, 0xFF, 0x0E, 0xE4, 0x01, 0x00, 0xCA, 0x05,
    0xFF, 0xEF, 0x25, 0xFF, 0x1A, 0xEF, 0x00, 0x32, 0x1D, 0xFF, 0xE1, 0x18, 0xFF, 0x0B, 0xE3, 0x01,
    0x00, 0xCB, 0x0B, 0xFF, 0xF3, 0x26, 0xFF, 0x18, 0xED, 0x00, 0x35, 0x17, 0xFF, 0xE3, 0x1C, 0xFF,
    0x08, 0xE1, 0x01, 0x00, 0xCC, 0x10, 0xFF, 0xF7, 0x28, 0xFF, 0x16, 0xEA, 0x00, 0x37, 0x12, 0xFF,
    0xE6, 0x1E, 0xFF, 0x05, 0xE1, 0x01, 0x00, 0xCE, 0x15, 0xFF, 0xFB, 0x28, 0xFF, 0x14, 0xE9, 0x00,
    0x38, 0x0C, 0xFF, 0xE9, 0x21, 0xFF, 0x02, 0xE1, 0x01, 0x00, 0xD1, 0x1A, 0xFF, 0xFE, 0x2A, 0xFF,
    0x12, 0xE5, 0x00, 0x39, 0x06, 0xFF, 0xEC, 0x24, 0xFF, 0xFF, 0xE1, 0x01, 0x00, 0xD3, 0x1E, 0xFF,
    0x02, 0x29, 0xFF, 0x10, 0xE5, 0x00, 0x39, 0x01, 0xFF, 0xEF, 0x25, 0xFF, 0xFC, 0xE1, 0x01, 0x00,
    0xD7, 0x23, 0xFF, 0x06, 0x28, 0xFF, 0x0D, 0xE3, 0x00, 0x39, 0xFB, 0xFF, 0xF3, 0x27, 0xFF, 0xF8,
    0xE2, 0x01, 0x00, 0xDA, 0x26, 0xFF, 0x0A, 0x28, 0xFF, 0x0A, 0xE2, 0x00, 0x38, 0xF6, 0xFF, 0xF6,
    0x28, 0xFF, 0xF6, 0xE2, 0x01, 0x00, 0xDE, 0x2A, 0xFF, 0x0E, 0x27, 0xFF, 0x07, 0xE1, 0x00, 0x37,
    0xF0, 0xFF, 0xFA, 0x29, 0xFF, 0xF3, 0xE3, 0x01, 0x00, 0xE2, 0x2D, 0xFF, 0x12, 0x25, 0xFF, 0x04,
    0xE1, 0x00, 0x35, 0xEB, 0xFF, 0xFE, 0x28, 0xFF, 0xF1, 0xE5, 0x01, 0x00, 0xE7, 0x30, 0xFF, 0x15,
    0x23, 0xFF, 0x01, 0xE1, 0x00, 0x33, 0xE5, 0xFF, 0x02, 0x29, 0xFF, 0xEE, 0xE7, 0x01, 0x00, 0xEC,
    0x33, 0xFF, 0x18, 0x20, 0xFF, 0xFD, 0xE1, 0x00, 0x32, 0xE0, 0xFF, 0x06, 0x29, 0xFF, 0xEB, 0xE8,
    0x01, 0x00, 0xF1, 0x34, 0xFF, 0x1B, 0x1E, 0xFF, 0xFA, 0xE1, 0x00, 0x2E, 0xDC, 0xFF, 0x0B, 0x27,
    0xFF, 0xE9, 0xEB, 0x01, 0x00, 0xF6, 0x35, 0xFF, 0x1D, 0x1B, 0xFF, 0xF8, 0xE2, 0x00, 0x2A, 0xD8,
    0xFF, 0x0E, 0x26, 0xFF, 0xE7, 0xED, 0x01, 0x00, 0xFC, 0x36, 0xFF, 0x20, 0x18, 0xFF, 0xF4, 0xE3,
    0x00, 0x26, 0xD3, 0xFF, 0x12, 0x25, 0xFF, 0xE5, 0xF0, 0x01, 0x00, 0x00, 0x36, 0xFF, 0x23, 0x15,
    0xFF, 0xF2, 0xE4, 0x00, 0x21, 0xD1, 0xFF, 0x15, 0x23, 0xFF, 0xE4, 0xF2, 0x01, 0x00, 0x05, 0x36,
    0xFF, 0x25, 0x11, 0xFF, 0xEF, 0xE6, 0x00, 0x1D, 0xCE, 0xFF, 0x18, 0x1F, 0xFF, 0xE3, 0xF5, 0x01,
    0x00, 0x0B, 0x35, 0xFF, 0x26, 0x0D, 0xFF, 0xED, 0xE8, 0x00, 0x17, 0xCB, 0xFF, 0x1C, 0x1D, 0xFF,
    0xE1, 0xF8, 0x01, 0x00, 0x10, 0x34, 0xFF, 0x28, 0x09, 0xFF, 0xEA, 0xEA, 0x00, 0x12, 0xC9, 0xFF,
    0x1E, 0x1A, 0xFF, 0xE1, 0xFB, 0x01, 0x00, 0x15, 0x32, 0xFF, 0x28, 0x05, 0xFF, 0xE9, 0xEC, 0x00,
    0x0C, 0xC8, 0xFF, 0x21, 0x17, 0xFF, 0xE1, 0xFE, 0x01, 0x00, 0x1A, 0x2F, 0xFF, 0x2A, 0x02, 0xFF,
    0xE5, 0xEE, 0x00, 0x06, 0xC7, 0xFF, 0x24, 0x14, 0xFF, 0xE1, 0x01, 0x01, 0x00, 0x1E, 0x2D, 0xFF,
    0x29, 0xFE, 0xFF, 0xE5, 0xF0, 0x00, 0x01, 0xC7, 0xFF, 0x25, 0x11, 0xFF, 0xE1, 0x04, 0x01, 0x00,
    0x23, 0x29, 0xFF, 0x28, 0xFA, 0xFF, 0xE3, 0xF3, 0x00, 0xFB, 0xC7, 0xFF, 0x27, 0x0D, 0xFF, 0xE2,
    0x08, 0x01, 0x00, 0x26, 0x26, 0xFF, 0x28, 0xF6, 0xFF, 0xE2, 0xF6, 0x00, 0xF6, 0xC8, 0xFF, 0x28,
    0x0A, 0xFF, 0xE2, 0x0A, 0x01, 0x00, 0x2A, 0x22, 0xFF, 0x27, 0xF2, 0xFF, 0xE1, 0xF9, 0x00, 0xF0,
    0xC9, 0xFF, 0x29, 0x06, 0xFF, 0xE3, 0x0D, 0x01, 0x00, 0x2D, 0x1E, 0xFF, 0x25, 0xEE, 0xFF, 0xE1,
    0xFC, 0x00, 0xEB, 0xCB, 0xFF, 0x28, 0x02, 0xFF, 0xE5, 0x0F, 0x01, 0x00, 0x30, 0x19, 0xFF, 0x23,
    0xEB, 0xFF, 0xE1, 0xFF, 0x00, 0xE5, 0xCD, 0xFF, 0x29, 0xFE, 0xFF, 0xE7, 0x12, 0x01, 0x00, 0x33,
    0x14, 0xFF, 0x20, 0xE8, 0xFF, 0xE1, 0x03, 0x00, 0xE0, 0xCE, 0xFF, 0x29, 0xFA, 0xFF, 0xE8, 0x15,
    0x01, 0x00, 0x34, 0x0F, 0xFF, 0x1E, 0xE5, 0xFF, 0xE1, 0x06, 0x00, 0xDC, 0xD2, 0xFF, 0x27, 0xF5,
    0xFF, 0xEB, 0x17, 0x01, 0x00, 0x35, 0x0A, 0xFF, 0x1B, 0xE3, 0xFF, 0xE2, 0x08, 0x00, 0xD8, 0xD6,
    0xFF, 0x26, 0xF2, 0xFF, 0xED, 0x19, 0x01, 0x00, 0x36, 0x04, 0xFF, 0x18, 0xE0, 0xFF, 0xE3, 0x0C,
    0x00, 0xD3, 0xDA, 0xFF, 0x25, 0xEE, 0xFF, 0xF0, 0x1B, 0x01, 0x00, 0x36, 0x00, 0xFF, 0x15, 0xDD,
    0xFF, 0xE4, 0x0E, 0x00, 0xD1, 0xDF, 0xFF, 0x23, 0xEB, 0xFF, 0xF2, 0x1C, 0x01, 0x00, 0x36, 0xFB,
    0xFF, 0x11, 0xDB, 0xFF, 0xE6, 0x11, 0x00, 0xCE, 0xE3, 0xFF, 0x1F, 0xE8, 0xFF, 0xF5, 0x1D, 0x01,
    0x00, 0x35, 0xF5, 0xFF, 0x0D, 0xDA, 0xFF, 0xE8, 0x13, 0x00, 0xCB, 0xE9, 0xFF, 0x1D, 0xE4, 0xFF,
    0xF8, 0x1F, 0x01, 0x00, 0x34, 0xF0, 0xFF, 0x09, 0xD8, 0xFF, 0xEA, 0x16, 0x00, 0xC9, 0xEE, 0xFF,
    0x1A, 0xE2, 0xFF, 0xFB, 0x1F, 0x01, 0x00, 0x32, 0xEB, 0xFF, 0x05, 0xD8, 0xFF, 0xEC, 0x17, 0x00,
    0xC8, 0xF4, 0xFF, 0x17, 0xDF, 0xFF, 0xFE, 0x1F, 0x01, 0x00, 0x2F, 0xE6, 0xFF, 0x02, 0xD6, 0xFF,
    0xEE, 0x1B, 0x00, 0xC7, 0xFA, 0xFF, 0x14, 0xDC, 0xFF, 0x01, 0x1F, 0x01, 0x00, 0x2D, 0xE2, 0xFF,
    0xFE, 0xD7, 0xFF, 0xF0, 0x1B, 0x00, 0xC7, 0xFF, 0xFF, 0x11, 0xDB, 0xFF, 0x04, 0x1F, 0x01, 0x00,
    0x29, 0xDD, 0xFF, 0xFA, 0xD8, 0xFF, 0xF3, 0x1D, 0x00, 0xC7, 0x05, 0xFF, 0x0D, 0xD9, 0xFF, 0x08,
    0x1E, 0x01, 0x00, 0x26, 0xDA, 0xFF, 0xF6, 0xD8, 0xFF, 0xF6, 0x1E, 0x00, 0xC8, 0x0A, 0xFF, 0x0A,
    0xD8, 0xFF, 0x0A, 0x1E, 0x01, 0x00, 0x22, 0xD6, 0xFF, 0xF2, 0xD9, 0xFF, 0xF9, 0x1F, 0x00, 0xC9,
    0x10, 0xFF, 0x06, 0xD7, 0xFF, 0x0D, 0x1D, 0x01, 0x00, 0x1E, 0xD3, 0xFF, 0xEE, 0xDB, 0xFF, 0xFC,
    0x1F, 0x00, 0xCB, 0x15, 0xFF, 0x02, 0xD8, 0xFF, 0x0F, 0x1B, 0x01, 0x00, 0x19, 0xD0, 0xFF, 0xEB,
    0xDD, 0xFF, 0xFF, 0x1F, 0x00, 0xCD, 0x1B, 0xFF, 0xFE, 0xD7, 0xFF, 0x12, 0x19, 0x01, 0x00, 0x14,
    0xCD, 0xFF, 0xE8, 0xE0, 0xFF, 0x03, 0x1F, 0x00, 0xCE, 0x20, 0xFF, 0xFA, 0xD7, 0xFF, 0x15, 0x18,
    0x01, 0x00, 0x0F, 0xCC, 0xFF, 0xE5, 0xE2, 0xFF, 0x06, 0x1F, 0x00, 0xD2, 0x24, 0xFF, 0xF5, 0xD9,
    0xFF, 0x17, 0x15, 0x01, 0x00, 0x0A, 0xCB, 0xFF, 0xE3, 0xE5, 0xFF, 0x08, 0x1E, 0x00, 0xD6, 0x28,
    0xFF, 0xF2, 0xDA, 0xFF, 0x19, 0x13, 0x01, 0x00, 0x04, 0xCA, 0xFF, 0xE0, 0xE8, 0xFF, 0x0C, 0x1D,
    0x00, 0xDA, 0x2D, 0xFF, 0xEE, 0xDB, 0xFF, 0x1B, 0x10, 0x01, 0x00, 0x00, 0xCA, 0xFF, 0xDD, 0xEB,
    0xFF, 0x0E, 0x1C, 0x00, 0xDF, 0x2F, 0xFF, 0xEB, 0xDD, 0xFF, 0x1C, 0x0E, 0x01, 0x00, 0xFB, 0xCA,
    0xFF, 0xDB, 0xEF, 0xFF, 0x11, 0x1A, 0x00, 0xE3, 0x32, 0xFF, 0xE8, 0xE1, 0xFF, 0x1D, 0x0B, 0x01,
    0x00, 0xF5, 0xCB, 0xFF, 0xDA, 0xF3, 0xFF, 0x13, 0x18, 0x00, 0xE9, 0x35, 0xFF, 0xE4, 0xE3, 0xFF,
    0x1F, 0x08, 0x01, 0x00, 0xF0, 0xCC, 0xFF, 0xD8, 0xF7, 0xFF, 0x16, 0x16, 0x00, 0xEE, 0x37, 0xFF,
    0xE2, 0xE6, 0xFF, 0x1F, 0x05, 0x01, 0x00, 0xEB, 0xCE, 0xFF, 0xD8, 0xFB, 0xFF, 0x17, 0x14, 0x00,
    0xF4, 0x38, 0xFF, 0xDF, 0xE9, 0xFF, 0x1F, 0x02, 0x01, 0x00, 0xE6, 0xD1, 0xFF, 0xD6, 0xFE, 0xFF,
    0x1B, 0x12, 0x00, 0xFA, 0x39, 0xFF, 0xDC, 0xEC, 0xFF, 0x1F, 0xFF, 0x01, 0x00, 0xE2, 0xD3, 0xFF,
    0xD7, 0x02, 0xFF, 0x1B, 0x10, 0x00, 0xFF, 0x39, 0xFF, 0xDB, 0xEF, 0xFF, 0x1F, 0xFC, 0x01, 0x00,
    0xDD, 0xD7, 0xFF, 0xD8, 0x06, 0xFF, 0x1D, 0x0D, 0x00, 0x05, 0x39, 0xFF, 0xD9, 0xF3, 0xFF, 0x1E,
    0xF8, 0x01, 0x00, 0xD9, 0xD9, 0xFF, 0xD8, 0x0A, 0xFF, 0x1E, 0x0A, 0x01, 0x00, 0xD6, 0xDE, 0xFF,
    0xD9, 0x0E, 0xFF, 0x1F, 0x07, 0x01, 0x00, 0xD3, 0xE2, 0xFF, 0xDB, 0x12, 0xFF, 0x1F, 0x04, 0x01,
    0x00, 0xD0, 0xE7, 0xFF, 0xDD, 0x15, 0xFF, 0x1F, 0x01, 0x01, 0x00, 0xCD, 0xEC, 0xFF, 0xE0, 0x18,
    0xFF, 0x1F, 0xFD, 0x01, 0x00, 0xCC, 0xF1, 0xFF, 0xE2, 0x1B, 0xFF, 0x1F, 0xFA, 0x01, 0x00, 0xCB,
    0xF6, 0xFF, 0xE5, 0x1D, 0xFF, 0x1E, 0xF8, 0x01, 0x00, 0xCA, 0xFC, 0xFF, 0xE8, 0x20, 0xFF, 0x1D,
    0xF4, 0x01, 0x00, 0xCA, 0x00, 0xFF, 0xEB, 0x23, 0xFF, 0x1C, 0xF2, 0x01, 0x00, 0xCA, 0x05, 0xFF,
    0xEF, 0x25, 0xFF, 0x1A, 0xEF, 0x01, 0x00, 0xCB, 0x0B, 0xFF, 0xF3, 0x26, 0xFF, 0x18, 0xED, 0x01,
    0x00, 0xCC, 0x10, 0xFF, 0xF7, 0x28, 0xFF, 0x16, 0xEA, 0x01, 0x00, 0xCE, 0x15, 0xFF, 0xFB, 0x28,
    0xFF, 0x14, 0xE9, 0x01, 0x00, 0xD1, 0x1A, 0xFF, 0xFE, 0x2A, 0xFF, 0x12, 0xE5, 0x01, 0x00, 0xD3,
    0x1E, 0xFF, 0x02, 0x29, 0xFF, 0x10, 0xE5, 0x01, 0x00, 0xD7, 0x23, 0xFF, 0x06, 0x28, 0xFF, 0x0D,
    0xE3, 0x01, 0x00, 0xDA, 0x26, 0xFF, 0x0A, 0x28, 0xFF, 0x0A, 0xE2, 0x01, 0x00, 0xDE, 0x2A, 0xFF,
    0x0E, 0x27, 0xFF, 0x07, 0xE1, 0x01, 0x00, 0xE2, 0x2D, 0xFF, 0x12, 0x25, 0xFF, 0x04, 0xE1, 0x01,
    0x00, 0xE7, 0x30, 0xFF, 0x15, 0x23, 0xFF, 0x01, 0xE1, 0x01, 0x00, 0xEC, 0x33, 0xFF, 0x18, 0x20,
    0xFF, 0xFD, 0xE1, 0x01, 0x00, 0xF1, 0x34, 0xFF, 0x1B, 0x1E, 0xFF, 0xFA, 0xE1, 0x01, 0x00, 0xF6,
    0x35, 0xFF, 0x1D, 0x1B, 0xFF, 0xF8, 0xE2, 0x01, 0x00, 0xFC, 0x36, 0xFF, 0x20, 0x18, 0xFF, 0xF4,
    0xE3, 0x01, 0x00, 0x00, 0x36, 0xFF, 0x23, 0x15, 0xFF, 0xF2, 0xE4, 0x01, 0x00, 0x05, 0x36, 0xFF,
    0x25, 0x11, 0xFF, 0xEF, 0xE6, 0x01, 0x00, 0x0B, 0x35, 0xFF, 0x26, 0x0D, 0xFF, 0xED, 0xE8, 0x01,
    0x00, 0x10, 0x34, 0xFF, 0x28, 0x09, 0xFF, 0xEA, 0xEA, 0x01, 0x00, 0x15, 0x32, 0xFF, 0x28, 0x05,
    0xFF, 0xE9, 0xEC, 0x01, 0x00, 0x1A, 0x2F, 0xFF, 0x2A, 0x02, 0xFF, 0xE5, 0xEE, 0x01, 0x00, 0x1E,
    0x2D, 0xFF, 0x29, 0xFE, 0xFF, 0xE5, 0xF0, 0x01, 0x00, 0x23, 0x29, 0xFF, 0x28, 0xFA, 0xFF, 0xE3,
    0xF3, 0x01, 0x00, 0x26, 0x26, 0xFF, 0x28, 0xF6, 0xFF, 0xE2, 0xF6, 0x01, 0x00, 0x2A, 0x22, 0xFF,
    0x27, 0xF2, 0xFF, 0xE1, 0xF9, 0x01, 0x00, 0x2D, 0x1E, 0xFF, 0x25, 0xEE, 0xFF, 0xE1, 0xFC, 0x01,
    0x00, 0x30, 0x19, 0xFF, 0x23, 0xEB, 0xFF, 0xE1, 0xFF, 0x01, 0x00, 0x33, 0x14, 0xFF, 0x20, 0xE8,
    0xFF, 0xE1, 0x03, 0x01, 0x00, 0x34, 0x0F, 0xFF, 0x1E, 0xE5, 0xFF, 0xE1, 0x06, 0x01, 0x00, 0x35,
    0x0A, 0xFF, 0x1B, 0xE3, 0xFF, 0xE2, 0x08, 0x01, 0x00, 0x36, 0x04, 0xFF, 0x18, 0xE0, 0xFF, 0xE3,
    0x0C, 0x01, 0x00, 0x36, 0x00, 0xFF, 0x15, 0xDD, 0xFF, 0xE4, 0x0E, 0x01, 0x00, 0x36, 0xFB, 0xFF,
    0x11, 0xDB, 0xFF, 0xE6, 0x11, 0x01, 0x00, 0x35, 0xF5, 0xFF, 0x0D, 0xDA, 0xFF, 0xE8, 0x13, 0x01,
    0x00, 0x34, 0xF0, 0xFF, 0x09, 0xD8, 0xFF, 0xEA, 0x16, 0x01, 0x00, 0x32, 0xEB, 0xFF, 0x05, 0xD8,
    0xFF, 0xEC, 0x17, 0x01, 0x00, 0x2F, 0xE6, 0xFF, 0x02, 0xD6, 0xFF, 0xEE, 0x1B, 0x01, 0x00, 0x2D,
    0xE2, 0xFF, 0xFE, 0xD7, 0xFF, 0xF0, 0x1B, 0x01, 0x00, 0x29, 0xDD, 0xFF, 0xFA, 0xD8, 0xFF, 0xF3,
    0x1D, 0x01, 0x00, 0x26, 0xDA, 0xFF, 0xF6, 0xD8, 0xFF, 0xF6, 0x1E, 0x01, 0x00, 0x22, 0xD6, 0xFF,
    0xF2, 0xD9, 0xFF, 0xF9, 0x1F, 0x01, 0x00, 0x1E, 0xD3, 0xFF, 0xEE, 0xDB, 0xFF, 0xFC, 0x1F, 0x01,
    0x00, 0x19, 0xD0, 0xFF, 0xEB, 0xDD, 0xFF, 0xFF, 0x1F, 0x01, 0x00, 0x14, 0xCD, 0xFF, 0xE8, 0xE0,
    0xFF, 0x03, 0x1F, 0x01, 0x00, 0x0F, 0xCC, 0xFF, 0xE5, 0xE2, 0xFF, 0x06, 0x1F, 0x01, 0x00, 0x0A,
    0xCB, 0xFF, 0xE3, 0xE5, 0xFF, 0x08, 0x1E, 0x01, 0x00, 0x04, 0xCA, 0xFF, 0xE0, 0xE8, 0xFF, 0x0C,
    0x1D, 0x01, 0x00, 0x00, 0xCA, 0xFF, 0xDD, 0xEB, 0xFF, 0x0E, 0x1C, 0x01, 0x00, 0xFB, 0xCA, 0xFF,
    0xDB, 0xEF, 0xFF, 0x11, 0x1A, 0x01, 0x00, 0xF5, 0xCB, 0xFF, 0xDA, 0xF3, 0xFF, 0x13, 0x18, 0x01,
    0x00, 0xF0, 0xCC, 0xFF, 0xD8, 0xF7, 0xFF, 0x16, 0x16, 0x01, 0x00, 0xEB, 0xCE, 0xFF, 0xD8, 0xFB,
    0xFF, 0x17, 0x14, 0x01, 0x00, 0xE6, 0xD1, 0xFF, 0xD6, 0xFE, 0xFF, 0x1B, 0x12, 0x01, 0x00, 0xE2,
    0xD3, 0xFF, 0xD7, 0x02, 0xFF, 0x1B, 0x10, 0x01, 0x00, 0xDD, 0xD7, 0xFF, 0xD8, 0x06, 0xFF, 0x1D,
    0x0D, 0x01, 0x00, 0xD9, 0x27, 0xFF, 0xD8, 0xF6, 0xFF, 0x1E, 0xF6, 0x01, 0x00, 0xDE, 0x2A, 0xFF,
    0xD7, 0xFA, 0xFF, 0x1D, 0xF3, 0x01, 0x00, 0xE2, 0x2D, 0xFF, 0xD8, 0xFE, 0xFF, 0x1B, 0xF1, 0x01,
    0x00, 0xE7, 0x30, 0xFF, 0xD7, 0x02, 0xFF, 0x19, 0xEE, 0x01, 0x00, 0xEC, 0x33, 0xFF, 0xD7, 0x06,
    0xFF, 0x18, 0xEB, 0x01, 0x00, 0xF1, 0x34, 0xFF, 0xD9, 0x0B, 0xFF, 0x15, 0xE9, 0x01, 0x00, 0xF6,
    0x35, 0xFF, 0xDA, 0x0E, 0xFF, 0x13, 0xE7, 0x01, 0x00, 0xFC, 0x36, 0xFF, 0xDB, 0x12, 0xFF, 0x10,
    0xE5, 0x01, 0x00, 0x00, 0x36, 0xFF, 0xDD, 0x15, 0xFF, 0x0E, 0xE4, 0x01, 0x00, 0x05, 0x36, 0xFF,
    0xE1, 0x18, 0xFF, 0x0B, 0xE3, 0x01, 0x00, 0x0B, 0x35, 0xFF, 0xE3, 0x1C, 0xFF, 0x08, 0xE1, 0x01,
    0x00, 0x10, 0x34, 0xFF, 0xE6, 0x1E, 0xFF, 0x05, 0xE1, 0x01, 0x00, 0x15, 0x32, 0xFF, 0xE9, 0x21,
    0xFF, 0x02, 0xE1, 0x01, 0x00, 0x1A, 0x2F, 0xFF, 0xEC, 0x24, 0xFF, 0xFF, 0xE1, 0x01, 0x00, 0x1E,
    0x2D, 0xFF, 0xEF, 0x25, 0xFF, 0xFC, 0xE1, 0x01, 0x00, 0x23, 0x29, 0xFF, 0xF3, 0x27, 0xFF, 0xF8,
    0xE2, 0x01, 0x00, 0x26, 0x26, 0xFF, 0xF6, 0x28, 0xFF, 0xF6, 0xE2, 0x01, 0x00, 0x2A, 0x22, 0xFF,
    0xFA, 0x29, 0xFF, 0xF3, 0xE3, 0x01, 0x00, 0x2D, 0x1E, 0xFF, 0xFE, 0x28, 0xFF, 0xF1, 0xE5, 0x01,
    0x00, 0x30, 0x19, 0xFF, 0x02, 0x29, 0xFF, 0xEE, 0xE7, 0x01, 0x00, 0x33, 0x14, 0xFF, 0x06, 0x29,
    0xFF, 0xEB, 0xE8, 0x01, 0x00, 0x34, 0x0F, 0xFF, 0x0B, 0x27, 0xFF, 0xE9, 0xEB, 0x01, 0x00, 0x35,
    0x0A, 0xFF, 0x0E, 0x26, 0xFF, 0xE7, 0xED, 0x01, 0x00, 0x36, 0x04, 0xFF, 0x12, 0x25, 0xFF, 0xE5,
    0xF0, 0x01, 0x00, 0x36, 0x00, 0xFF, 0x15, 0x23, 0xFF, 0xE4, 0xF2, 0x01, 0x00, 0x36, 0xFB, 0xFF,
    0x18, 0x1F, 0xFF, 0xE3, 0xF5, 0x01, 0x00, 0x35, 0xF5, 0xFF, 0x1C, 0x1D, 0xFF, 0xE1, 0xF8, 0x01,
    0x00, 0x34, 0xF0, 0xFF, 0x1E, 0x1A, 0xFF, 0xE1, 0xFB, 0x01, 0x00, 0x32, 0xEB, 0xFF, 0x21, 0x17,
    0xFF, 0xE1, 0xFE, 0x01, 0x00, 0x2F, 0xE6, 0xFF, 0x24, 0x14, 0xFF, 0xE1, 0x01, 0x01, 0x00, 0x2D,
    0xE2, 0xFF, 0x25, 0x11, 0xFF, 0xE1, 0x04, 0x01, 0x00, 0x29, 0xDD, 0xFF, 0x27, 0x0D, 0xFF, 0xE2,
    0x08, 0x01, 0x00, 0x26, 0xDA, 0xFF, 0x28, 0x0A, 0xFF, 0xE2, 0x0A, 0x01, 0x00, 0x22, 0xD6, 0xFF,
    0x29, 0x06, 0xFF, 0xE3, 0x0D, 0x01, 0x00, 0x1E, 0xD3, 0xFF, 0x28, 0x02, 0xFF, 0xE5, 0x0F, 0x01,
    0x00, 0x19, 0xD0, 0xFF, 0x29, 0xFE, 0xFF, 0xE7, 0x12, 0x01, 0x00, 0x14, 0xCD, 0xFF, 0x29, 0xFA,
    0xFF, 0xE8, 0x15, 0x01, 0x00, 0x0F, 0xCC, 0xFF, 0x27, 0xF5, 0xFF, 0xEB, 0x17, 0x01, 0x00, 0x0A,
    0xCB, 0xFF, 0x26, 0xF2, 0xFF, 0xED, 0x19, 0x01, 0x00, 0x04, 0xCA, 0xFF, 0x25, 0xEE, 0xFF, 0xF0,
    0x1B, 0x01, 0x00, 0x00, 0xCA, 0xFF, 0x23, 0xEB, 0xFF, 0xF2, 0x1C, 0x01, 0x00, 0xFB, 0xCA, 0xFF,
    0x1F, 0xE8, 0xFF, 0xF5, 0x1D, 0x01, 0x00, 0xF5, 0xCB, 0xFF, 0x1D, 0xE4, 0xFF, 0xF8, 0x1F, 0x01,
    0x00, 0xF0, 0xCC, 0xFF, 0x1A, 0xE2, 0xFF, 0xFB, 0x1F, 0x01, 0x00, 0xEB, 0xCE, 0xFF, 0x17, 0xDF,
    0xFF, 0xFE, 0x1F, 0x01, 0x00, 0xE6, 0xD1, 0xFF, 0x14, 0xDC, 0xFF, 0x01, 0x1F, 0x01, 0x00, 0xE2,
    0xD3, 0xFF, 0x11, 0xDB, 0xFF, 0x04, 0x1F, 0x01, 0x00, 0xDD, 0xD7, 0xFF, 0x0D, 0xD9, 0xFF, 0x08,
    0x1E, 0x01, 0x00, 0xDA, 0xDA, 0xFF, 0x0A, 0xD8, 0xFF, 0x0A, 0x1E, 0x01, 0x00, 0xD6, 0xDE, 0xFF,
    0x06, 0xD7, 0xFF, 0x0D, 0x1D, 0x01, 0x00, 0xD3, 0xE2, 0xFF, 0x02, 0xD8, 0xFF, 0x0F, 0x1B, 0x01,
    0x00, 0xD0, 0xE7, 0xFF, 0xFE, 0xD7, 0xFF, 0x12, 0x19, 0x01, 0x00, 0xCD, 0xEC, 0xFF, 0xFA, 0xD7,
    0xFF, 0x15, 0x18, 0x01, 0x00, 0xCC, 0xF1, 0xFF, 0xF5, 0xD9, 0xFF, 0x17, 0x15, 0x01, 0x00, 0xCB,
    0xF6, 0xFF, 0xF2, 0xDA, 0xFF, 0x19, 0x13, 0x01, 0x00, 0xCA, 0xFC, 0xFF, 0xEE, 0xDB, 0xFF, 0x1B,
    0x10, 0x01, 0x00, 0xCA, 0x00, 0xFF, 0xEB, 0xDD, 0xFF, 0x1C, 0x0E, 0x01, 0x00, 0xCA, 0x05, 0xFF,
    0xE8, 0xE1, 0xFF, 0x1D, 0x0B, 0x01, 0x00, 0xCB, 0x0B, 0xFF, 0xE4, 0xE3, 0xFF, 0x1F, 0x08, 0x01,
    0x00, 0xCC, 0x10, 0xFF, 0xE2, 0xE6, 0xFF, 0x1F, 0x05, 0x01, 0x00, 0xCE, 0x15, 0xFF, 0xDF, 0xE9,
    0xFF, 0x1F, 0x02, 0x01, 0x00, 0xD1, 0x1A, 0xFF, 0xDC, 0xEC, 0xFF, 0x1F, 0xFF, 0x01, 0x00, 0xD3,
    0x1E, 0xFF, 0xDB, 0xEF, 0xFF, 0x1F, 0xFC, 0x01, 0x00, 0xD7, 0x23, 0xFF, 0xD9, 0xF3, 0xFF, 0x1E,
    0xF8, 0x01, 0x0C, 0x80, 0x01, 0xFF, 0x01, 0x01, 0xFF, 0x01, 0xFD, 0xFD, 0x01, 0x02, 0xFC, 0xFE,
    0x00, 0x01, 0x03, 0x01, 0xFD, 0x01, 0x00, 0x01, 0x04, 0xFE, 0xFF, 0x02, 0x02, 0xFE, 0x0B, 0x80,
    0xFF, 0xFF, 0xFF, 0x01, 0x01, 0x01, 0x03, 0xFD, 0xFF, 0x02, 0x04, 0xFE, 0x00, 0x01, 0xFD, 0x01,
    0x03, 0x01, 0x00, 0x01, 0xFC, 0xFE, 0x01, 0x02, 0xFE, 0xFE, 0x0B, 0x80, 0xFE, 0xFF, 0x03, 0x03,
    0xFF, 0x01, 0xFF, 0xFF, 0x03, 0xFD, 0xFE, 0x01, 0x02, 0xFC, 0xFF, 0x00, 0xFF, 0x03, 0xFF, 0xFD,
    0xFF, 0x00, 0x02, 0x03, 0x0C, 0x80, 0xFE, 0x01, 0x03, 0xFD, 0xFF, 0xFF, 0xFF, 0x01, 0x03, 0x03,
    0xFE, 0xFF, 0x02, 0x04, 0xFF, 0x00, 0xFF, 0xFD, 0xFF, 0x03, 0xFF, 0x00, 0x02, 0xFD, 0xFF, 0x00,
    0x00, 0x01, 0x03, 0x90, 0x00, 0xFD, 0x03, 0x03, 0xFD, 0x03, 0x00, 0xFD, 0x03, 0x90, 0x00, 0x03,
    0xFD, 0xFD, 0x03, 0xFD, 0x00, 0x03, 0x03, 0x90, 0xFD, 0x00, 0x03, 0xFD, 0x03, 0x03, 0xFD, 0x00,
    0x03, 0x90, 0xFD, 0x00, 0x03, 0x03, 0x03, 0xFD, 0xFD, 0x00, 0x09, 0x14, 0x09, 0x00, 0x00, 0xF7,
    0xF7, 0x00, 0x00, 0xEC, 0xF7, 0x00, 0x00, 0x30, 0x1C, 0x00, 0x00, 0xF6, 0xED, 0x00, 0x00, 0xF7,
    0x09, 0x14, 0x00, 0x08, 0xF8, 0x00, 0x00, 0xF8, 0xEC, 0x00, 0x00, 0xF8, 0x2E, 0x00, 0x00, 0x1A,
    0xF6, 0x00, 0x00, 0xEE, 0xF8, 0x00, 0x09, 0x80, 0xF8, 0x00, 0x00, 0x08, 0x08, 0x00, 0x00, 0x14,
    0x08, 0x00, 0x00, 0xD2, 0xE6, 0x00, 0x00, 0x0A, 0x12, 0x00, 0x00, 0x08, 0x09, 0x80, 0x00, 0x08,
    0x08, 0x00, 0x00, 0xF8, 0x14, 0x00, 0x00, 0xF8, 0xD2, 0x00, 0x00, 0x1A, 0x0A, 0x00, 0x00, 0xEE,
    0x08, 0x00, 0xFF, 0x1C, 0xF9, 0xFF, 0x00, 0xF2, 0xFF, 0xE4, 0xF9, 0x00, 0x1C, 0xF9, 0xFF, 0x00,
    0xE4, 0xFF, 0xE4, 0x00, 0xFF, 0x00, 0x1C, 0xFF, 0x0E, 0x00, 0xFF, 0x00, 0xF2, 0x00, 0x00, 0x1C,
    0xFF, 0x00, 0x0E, 0x00, 0xF2, 0x0E, 0xFF, 0x1C, 0x00, 0xFF, 0xF2, 0x0E, 0xFF, 0x0E, 0x0E, 0xFF,
    0xE4, 0x00, 0x01, 0x00, 0xF9, 0xC1, 0xFF, 0xE4, 0x00, 0xFF, 0x00, 0x1C, 0xFF, 0x1C, 0x00, 0xFF,
    0x00, 0xE4, 0x00, 0x00, 0x23, 0xFF, 0xE4, 0x07, 0xFF, 0x00, 0x0E, 0xFF, 0x1C, 0x07, 0x00, 0x00,
    0x23, 0xFF, 0x00, 0xE4, 0xFF, 0xE4, 0x00, 0xFF, 0x00, 0x1C, 0x00, 0x0E, 0xF2, 0xFF, 0x00, 0xF2,
    0x01, 0x00, 0xDD, 0x2A, 0xFF, 0x1C, 0x00, 0xFF, 0x00, 0x1C, 0xFF, 0xF2, 0x00, 0xFF, 0x00, 0xE4,
    0xFF, 0xF2, 0x1C, 0x00, 0x23, 0x00, 0xFF, 0x00, 0xE4, 0xFF, 0x1C, 0x00, 0xFF, 0x00, 0x1C, 0x00,
    0xF2, 0xF2, 0xFF, 0x00, 0xF2, 0x01, 0x00, 0xE8, 0x00, 0xFF, 0xC4, 0xED, 0x00, 0x00, 0x26, 0xFF,
    0x3C, 0xED, 0x01, 0x00, 0xE9, 0x02, 0xFF, 0xC2, 0xF4, 0x00, 0x04, 0x25, 0xFF, 0x3A, 0xE7, 0x01,
    0x00, 0xE9, 0x04, 0xFF, 0xC2, 0xFB, 0x00, 0x08, 0x24, 0xFF, 0x36, 0xE1, 0x01, 0x00, 0xEA, 0x06,
    0xFF, 0xC1, 0x00, 0x00, 0x0B, 0x24, 0xFF, 0x34, 0xDC, 0x01, 0x00, 0xEA, 0x09, 0xFF, 0xC2, 0x06,
    0x00, 0x0F, 0x23, 0xFF, 0x2F, 0xD7, 0x01, 0x00, 0xEC, 0x0B, 0xFF, 0xC2, 0x0C, 0x00, 0x13, 0x21,
    0xFF, 0x2B, 0xD3, 0x01, 0x00, 0xED, 0x0D, 0xFF, 0xC4, 0x11, 0x00, 0x15, 0x1F, 0xFF, 0x27, 0xD0,
    0x01, 0x00, 0xEE, 0x0F, 0xFF, 0xC6, 0x18, 0x00, 0x19, 0x1D, 0xFF, 0x21, 0xCB, 0x01, 0x00, 0xF0,
    0x10, 0xFF, 0xC8, 0x1D, 0x00, 0x1B, 0x1B, 0xFF, 0x1D, 0xC8, 0x01, 0x00, 0xF2, 0x12, 0xFF, 0xCC,
    0x22, 0x00, 0x1D, 0x18, 0xFF, 0x17, 0xC6, 0x01, 0x00, 0xF4, 0x13, 0xFF, 0xCF, 0x28, 0x00, 0x20,
    0x14, 0xFF, 0x11, 0xC4, 0x01, 0x00, 0xF5, 0x15, 0xFF, 0xD4, 0x2C, 0x00, 0x22, 0x11, 0xFF, 0x0A,
    0xC3, 0x01, 0x00, 0xF8, 0x16, 0xFF, 0xD8, 0x30, 0x00, 0x23, 0x0E, 0xFF, 0x05, 0xC2, 0x01, 0x00,
    0xFA, 0x17, 0xFF, 0xDE, 0x34, 0x00, 0x24, 0x0A, 0xFF, 0xFE, 0xC2, 0x01, 0x00, 0xFC, 0x17, 0xFF,
    0xE2, 0x37, 0x00, 0x24, 0x07, 0xFF, 0xFA, 0xC2, 0x01, 0x00, 0xFF, 0x17, 0xFF, 0xE8, 0x3A, 0x00,
    0x25, 0x03, 0xFF, 0xF3, 0xC3, 0x01, 0x00, 0x00, 0x17, 0xFF, 0xEE, 0x3C, 0x00, 0x24, 0x00, 0xFF,
    0xEE, 0xC4, 0x01, 0x00, 0x02, 0x17, 0xFF, 0xF4, 0x3E, 0x00, 0x25, 0xFC, 0xFF, 0xE7, 0xC6, 0x01,
    0x00, 0x04, 0x17, 0xFF, 0xFB, 0x3E, 0x00, 0x24, 0xF8, 0xFF, 0xE1, 0xCA, 0x01, 0x00, 0x06, 0x16,
    0xFF, 0x00, 0x3F, 0x00, 0x24, 0xF5, 0xFF, 0xDC, 0xCC, 0x01, 0x00, 0x09, 0x16, 0xFF, 0x06, 0x3E,
    0x00, 0x23, 0xF1, 0xFF, 0xD7, 0xD1, 0x01, 0x00, 0x0B, 0x14, 0xFF, 0x0C, 0x3E, 0x00, 0x21, 0xED,
    0xFF, 0xD3, 0xD5, 0x01, 0x00, 0x0D, 0x13, 0xFF, 0x11, 0x3C, 0x00, 0x1F, 0xEB, 0xFF, 0xD0, 0xD9,
    0x01, 0x00, 0x0F, 0x12, 0xFF, 0x18, 0x3A, 0x00, 0x1D, 0xE7, 0xFF, 0xCB, 0xDF, 0x01, 0x00, 0x10,
    0x10, 0xFF, 0x1D, 0x38, 0x00, 0x1B, 0xE5, 0xFF, 0xC8, 0xE3, 0x01, 0x00, 0x12, 0x0E, 0xFF, 0x22,
    0x34, 0x00, 0x18, 0xE3, 0xFF, 0xC6, 0xE9, 0x01, 0x00, 0x13, 0x0C, 0xFF, 0x28, 0x31, 0x00, 0x14,
    0xE0, 0xFF, 0xC4, 0xEF, 0x01, 0x00, 0x15, 0x0B, 0xFF, 0x2C, 0x2C, 0x00, 0x11, 0xDE, 0xFF, 0xC3,
    0xF6, 0x01, 0x00, 0x16, 0x08, 0xFF, 0x30, 0x28, 0x00, 0x0E, 0xDD, 0xFF, 0xC2, 0xFB, 0x01, 0x00,
    0x17, 0x06, 0xFF, 0x34, 0x22, 0x00, 0x0A, 0xDC, 0xFF, 0xC2, 0x02, 0x01, 0x00, 0x17, 0x04, 0xFF,
    0x37, 0x1E, 0x00, 0x07, 0xDC, 0xFF, 0xC2, 0x06, 0x01, 0x00, 0x17, 0x01, 0xFF, 0x3A, 0x18, 0x00,
    0x03, 0xDB, 0xFF, 0xC3, 0x0D, 0x01, 0x00, 0x17, 0x00, 0xFF, 0x3C, 0x12, 0x00, 0x00, 0xDC, 0xFF,
    0xC4, 0x12, 0x01, 0x00, 0x17, 0xFE, 0xFF, 0x3E, 0x0C, 0x00, 0xFC, 0xDB, 0xFF, 0xC6, 0x19, 0x01,
    0x00, 0x17, 0xFC, 0xFF, 0x3E, 0x05, 0x00, 0xF8, 0xDC, 0xFF, 0xCA, 0x1F, 0x01, 0x00, 0x16, 0xFA,
    0xFF, 0x3F, 0x00, 0x00, 0xF5, 0xDC, 0xFF, 0xCC, 0x24, 0x01, 0x00, 0x16, 0xF7, 0xFF, 0x3E, 0xFA,
    0x00, 0xF1, 0xDD, 0xFF, 0xD1, 0x29, 0x01, 0x00, 0x14, 0xF5, 0xFF, 0x3E, 0xF4, 0x00, 0xED, 0xDF,
    0xFF, 0xD5, 0x2D, 0x01, 0x00, 0x13, 0xF3, 0xFF, 0x3C, 0xEF, 0x00, 0xEB, 0xE1, 0xFF, 0xD9, 0x30,
    0x01, 0x00, 0x12, 0xF1, 0xFF, 0x3A, 0xE8, 0x00, 0xE7, 0xE3, 0xFF, 0xDF, 0x35, 0x01, 0x00, 0x10,
    0xF0, 0xFF, 0x38, 0xE3, 0x00, 0xE5, 0xE5, 0xFF, 0xE3, 0x38, 0x01, 0x00, 0x0E, 0xEE, 0xFF, 0x34,
    0xDE, 0x00, 0xE3, 0xE8, 0xFF, 0xE9, 0x3A, 0x01, 0x00, 0x0C, 0xED, 0xFF, 0x31, 0xD8, 0x00, 0xE0,
    0xEC, 0xFF, 0xEF, 0x3C, 0x01, 0x00, 0x0B, 0xEB, 0xFF, 0x2C, 0xD4, 0x00, 0xDE, 0xEF, 0xFF, 0xF6,
    0x3D, 0x01, 0x00, 0x08, 0xEA, 0xFF, 0x28, 0xD0, 0x00, 0xDD, 0xF2, 0xFF, 0xFB, 0x3E, 0x01, 0x00,
    0x06, 0xE9, 0xFF, 0x22, 0xCC, 0x00, 0xDC, 0xF6, 0xFF, 0x02, 0x3E, 0x01, 0x00, 0x04, 0xE9, 0xFF,
    0x1E, 0xC9, 0x00, 0xDC, 0xF9, 0xFF, 0x06, 0x3E, 0x01, 0x00, 0x01, 0xE9, 0xFF, 0x18, 0xC6, 0x00,
    0xDB, 0xFD, 0xFF, 0x0D, 0x3D, 0x01, 0x00, 0x00, 0xE9, 0xFF, 0x12, 0xC4, 0x00, 0xDC, 0x00, 0xFF,
    0x12, 0x3C, 0x01, 0x00, 0xFE, 0xE9, 0xFF, 0x0C, 0xC2, 0x00, 0xDB, 0x04, 0xFF, 0x19, 0x3A, 0x01,
    0x00, 0xFC, 0xE9, 0xFF, 0x05, 0xC2, 0x00, 0xDC, 0x08, 0xFF, 0x1F, 0x36, 0x01, 0x00, 0xFA, 0xEA,
    0xFF, 0x00, 0xC1, 0x00, 0xDC, 0x0B, 0xFF, 0x24, 0x34, 0x01, 0x00, 0xF7, 0xEA, 0xFF, 0xFA, 0xC2,
    0x00, 0xDD, 0x0F, 0xFF, 0x29, 0x2F, 0x01, 0x00, 0xF5, 0xEC, 0xFF, 0xF4, 0xC2, 0x00, 0xDF, 0x13,
    0xFF, 0x2D, 0x2B, 0x01, 0x00, 0xF3, 0xED, 0xFF, 0xEF, 0xC4, 0x00, 0xE1, 0x15, 0xFF, 0x30, 0x27,
    0x01, 0x00, 0xF1, 0xEE, 0xFF, 0xE8, 0xC6, 0x00, 0xE3, 0x19, 0xFF, 0x35, 0x21, 0x01, 0x00, 0xF0,
    0xF0, 0xFF, 0xE3, 0xC8, 0x00, 0xE5, 0x1B, 0xFF, 0x38, 0x1D, 0x01, 0x00, 0xEE, 0xF2, 0xFF, 0xDE,
    0xCC, 0x00, 0xE8, 0x1D, 0xFF, 0x3A, 0x17, 0x01, 0x00, 0xED, 0xF4, 0xFF, 0xD8, 0xCF, 0x00, 0xEC,
    0x20, 0xFF, 0x3C, 0x11, 0x01, 0x00, 0xEB, 0xF5, 0xFF, 0xD4, 0xD4, 0x00, 0xEF, 0x22, 0xFF, 0x3D,
    0x0A, 0x01, 0x00, 0xEA, 0xF8, 0xFF, 0xD0, 0xD8, 0x00, 0xF2, 0x23, 0xFF, 0x3E, 0x05, 0x01, 0x00,
    0xE9, 0xFA, 0xFF, 0xCC, 0xDE, 0x00, 0xF6, 0x24, 0xFF, 0x3E, 0xFE, 0x01, 0x00, 0xE9, 0xFC, 0xFF,
    0xC9, 0xE2, 0x00, 0xF9, 0x24, 0xFF, 0x3E, 0xFA, 0x01, 0x00, 0xE9, 0xFF, 0xFF, 0xC6, 0xE8, 0x00,
    0xFD, 0x25, 0xFF, 0x3D, 0xF3, 0x01, 0xFF, 0x00, 0x7F, 0x01, 0xF4, 0x00, 0xF5, 0x00, 0xF5, 0x02,
    0xF5, 0x03, 0xF5, 0x04, 0xF6, 0x05, 0xF7, 0x06, 0xF7, 0x07, 0xF8, 0x08, 0xF9, 0x09, 0xFA, 0x09,
    0xFB, 0x0A, 0xFC, 0x0B, 0xFD, 0x0B, 0xFE, 0x0B, 0xFF, 0x0B, 0x00, 0x0B, 0x00, 0x0B, 0x02, 0x0B,
    0x03, 0x0B, 0x04, 0x0B, 0x05, 0x0A, 0x06, 0x09, 0x07, 0x09, 0x08, 0x08, 0x09, 0x07, 0x09, 0x06,
    0x0A, 0x05, 0x0B, 0x04, 0x0B, 0x03, 0x0B, 0x02, 0x0B, 0x01, 0x0B, 0x00, 0x0B, 0x00, 0x0B, 0xFE,
    0x0B, 0xFD, 0x0B, 0xFC, 0x0A, 0xFB, 0x09, 0xFA, 0x09, 0xF9, 0x08, 0xF8, 0x07, 0xF7, 0x06, 0xF7,
    0x05, 0xF6, 0x04, 0xF5, 0x03, 0xF5, 0x02, 0xF5, 0x01, 0xF5, 0x00, 0xF5, 0x00, 0xF5, 0xFE, 0xF5,
    0xFD, 0xF5, 0xFC, 0xF5, 0xFB, 0xF6, 0xFA, 0xF7, 0xF9, 0xF7, 0xF8, 0xF8, 0xF7, 0xF9, 0xF7, 0xFA,
    0xF6, 0xFB, 0xF5, 0xFC, 0xF5, 0xFD, 0xF5, 0xFE, 0xF5, 0xFF, 0xFF, 0x00, 0x12, 0x01, 0x00, 0x06,
    0xFA, 0xFF, 0x00, 0x00, 0x00, 0xFE, 0x0C, 0xFF, 0x00, 0x00, 0x00, 0xFA, 0x02, 0xFF, 0x00, 0x00,
    0x00, 0x00, 0xF6, 0xFF, 0x00, 0x00, 0x00, 0xFE, 0xFC, 0xFF, 0x00, 0x00, 0x01, 0x80, 0x80, 0xFF,
    0x00, 0x40, 0xFF, 0x40, 0x00, 0xFF, 0x00, 0x30, 0xFF, 0x40, 0x00, 0xFF, 0x00, 0x20, 0x01, 0x00,
    0x10, 0xFF, 0xC0, 0x00, 0xFF, 0x00, 0x30, 0xFF, 0xC0, 0x00, 0xFF, 0x00, 0x40, 0x01, 0x80, 0x80,
    0xFF, 0x00, 0x40, 0xFF, 0x30, 0x00, 0xFF, 0x00, 0x40, 0xFF, 0x50, 0x00, 0xFF, 0x00, 0x7F, 0x01,
    0x80, 0x80, 0x00, 0x00, 0x00, 0x01, 0x00, 0x80, 0xFF, 0x00, 0x20, 0xFF, 0x80, 0x00, 0xFF, 0x00,
    0x60, 0xFF, 0x00, 0x60, 0xFF, 0x7F, 0x00, 0xFF, 0x00, 0x20, 0x01, 0xE0, 0x20, 0xFF, 0x00, 0xC0,
    0xFF, 0x50, 0x00, 0xFF, 0x00, 0x40, 0xFF, 0xB0, 0x00, 0x01, 0x00, 0x80, 0xFF, 0x00, 0x20, 0xFF,
    0x80, 0x00, 0xFF, 0x00, 0x50, 0xFF, 0x00, 0x40, 0xFF, 0x60, 0x00, 0xFF, 0x00, 0xA0, 0x01, 0xE0,
    0xD0, 0xFF, 0x20, 0x00, 0xFF, 0x00, 0x50, 0xFF, 0x00, 0x40, 0xFF, 0x80, 0x00, 0xFF, 0x00, 0x20,
    0x01, 0x80, 0x80, 0xFF, 0x00, 0x7F, 0xFF, 0x30, 0x00, 0xFF, 0x00, 0xB0, 0xFF, 0x30, 0x00, 0xFF,
    0x00, 0x20, 0xFF, 0x20, 0x00, 0x01, 0x00, 0xD0, 0xFF, 0x00, 0x60, 0xFF, 0xE0, 0x00, 0xFF, 0x00,
    0x20, 0xFF, 0xD0, 0x00, 0xFF, 0x00, 0x30, 0x01, 0xB0, 0x80, 0xFF, 0x00, 0x30, 0xFF, 0x60, 0x00,
    0xFF, 0x00, 0x20, 0xFF, 0x80, 0x00, 0xFF, 0xF0, 0x00, 0xFF, 0x00, 0x60, 0x01, 0x80, 0x30, 0xFF,
    0x40, 0x00, 0xFF, 0x50, 0x00, 0xFF, 0x00, 0x20, 0xFF, 0xA0, 0x00, 0xFF, 0x00, 0x30, 0x01, 0xB0,
    0x80, 0xFF, 0x00, 0x20, 0xFF, 0xD0, 0x00, 0xFF, 0x00, 0x30, 0xFF, 0x50, 0x00, 0xFF, 0x00, 0x20,
    0xFF, 0x7F, 0x00, 0xFF, 0x00, 0x20, 0x01, 0x50, 0x10, 0xFF, 0x80, 0x00, 0xFF, 0x00, 0x20, 0xFF,
    0xB0, 0x00, 0xFF, 0x00, 0x30, 0xFF, 0x30, 0x00, 0xFF, 0x00, 0x20, 0x01, 0xB0, 0x80, 0xFF, 0x00,
    0x30, 0xFF, 0xD0, 0x00, 0xFF, 0x00, 0x40, 0xFF, 0x7F, 0x00, 0xFF, 0x00, 0xB0, 0xFF, 0x20, 0x00,
    0xFF, 0x00, 0x70, 0x01, 0x20, 0x10, 0xFF, 0x20, 0x00, 0xFF, 0x00, 0x50, 0xFF, 0xC0, 0x00, 0xFF,
    0x00, 0xB0, 0xFF, 0x80, 0x00, 0xFF, 0x00, 0x70, 0x01, 0x80, 0x80, 0xFF, 0x00, 0x20, 0xFF, 0x60,
    0x00, 0xFF, 0x00, 0x10, 0xFF, 0xA0, 0x00, 0xFF, 0x00, 0x20, 0xFF, 0x7F, 0x00, 0xFF, 0x00, 0x10,
    0xFF, 0x80, 0x00, 0xFF, 0x00, 0x10, 0xFF, 0x60, 0x00, 0xFF, 0x60, 0x00, 0xFF, 0x00, 0x20, 0x01,
    0x40, 0x10, 0xFF, 0xA0, 0x00, 0xFF, 0xA0, 0x00, 0xFF, 0x00, 0x10, 0xFF, 0x7F, 0x00, 0xFF, 0x00,
    0x10, 0xFF, 0x80, 0x00, 0xFF, 0x00, 0x20, 0xFF, 0x60, 0x00, 0xFF, 0x00, 0x10, 0xFF, 0xA0, 0x00,
    0xFF, 0x00, 0x20, 0x01, 0x80, 0x80, 0xFF, 0x00, 0x50, 0xFF, 0x40, 0x00, 0xFF, 0x00, 0x10, 0xFF,
    0xC0, 0x00, 0xFF, 0x00, 0x50, 0x01, 0x80, 0x30, 0xFF, 0x30, 0x00, 0xFF, 0x00, 0xE0, 0xFF, 0x10,
    0x00, 0xFF, 0x00, 0x30, 0xFF, 0xC0, 0x00, 0xFF, 0x00, 0x40, 0x01, 0x80, 0x80, 0xFF, 0x00, 0x10,
    0xFF, 0x7F, 0x00, 0xFF, 0x30, 0x00, 0xFF, 0x00, 0x20, 0xFF, 0xD0, 0x00, 0xFF, 0x80, 0x00, 0xFF,
    0x00, 0x20, 0xFF, 0x70, 0x00, 0xFF, 0x00, 0x20, 0x01, 0xF0, 0xF0, 0xFF, 0x90, 0x00, 0xFF, 0x00,
    0x20, 0xFF, 0x40, 0x00, 0xFF, 0x00, 0x20, 0xFF, 0xC0, 0x00, 0xFF, 0x00, 0x20, 0xFF, 0x20, 0x00,
    0xFF, 0x00, 0x20, 0xFF, 0xE0, 0x00, 0xFF, 0x00, 0x10, 0x01, 0x00, 0x80, 0xFF, 0x00, 0x7F, 0xFF,
    0x00, 0x7F, 0x00, 0xF0, 0x00, 0xFF, 0x00, 0x80, 0xFF, 0x00, 0x80, 0x00, 0x10, 0x00, 0x01, 0x80,
    0x80, 0x00, 0x40, 0x00, 0xFF, 0x00, 0x50, 0xFF, 0xE0, 0x00, 0xFF, 0x00, 0x60, 0xFF, 0xE0, 0x00,
    0xFF, 0x00, 0x50, 0x01, 0x00, 0x80, 0xFF, 0x00, 0x70, 0xFF, 0xF0, 0x00, 0xFF, 0x00, 0x90, 0x00,
    0x90, 0x00, 0xFF, 0x00, 0x40, 0xFF, 0x30, 0x00, 0xFF, 0x00, 0x30, 0xFF, 0x20, 0x00, 0xFF, 0x00,
    0x1C, 0x01, 0x00, 0x7F, 0xFF, 0x00, 0x90, 0xFF, 0xF0, 0x00, 0xFF, 0x00, 0x6F, 0x00, 0x90, 0x00,
    0xFF, 0x00, 0xC0, 0xFF, 0x30, 0x00, 0xFF, 0x00, 0xD0, 0xFF, 0x20, 0x00, 0x01, 0x00, 0x80, 0xFF,
    0x00, 0x7F, 0xFF, 0x00, 0x7F, 0x00, 0xF0, 0x00, 0xFF, 0x00, 0x80, 0xFF, 0x00, 0x80, 0x00, 0x10,
    0x00, 0x01, 0x80, 0x80, 0xFF, 0x00, 0x40, 0xFF, 0x20, 0x00, 0xFF, 0x00, 0x70, 0xFF, 0x20, 0x00,
    0xFF, 0x00, 0x50, 0x00, 0xC0, 0x00, 0x01, 0x30, 0x10, 0xFF, 0x00, 0xE0, 0xFF, 0xF0, 0x00, 0xFF,
    0x00, 0xF0, 0xFF, 0xF0, 0x00, 0xFF, 0x00, 0xF0, 0xFF, 0xE0, 0x00, 0xFF, 0x00, 0x10, 0xFF, 0xF0,
    0x00, 0xFF, 0x00, 0x10, 0xFF, 0xF0, 0x00, 0x01, 0x80, 0x7F, 0x00, 0x00, 0x80, 0x00, 0x00, 0x80,
    0x00, 0x4F, 0x71, 0xFF, 0x00, 0x20, 0xFF, 0x10, 0x00, 0xFF, 0x00, 0x10, 0xFF, 0x10, 0x00, 0xFF,
    0x00, 0x10, 0xFF, 0x20, 0x00, 0xFF, 0x00, 0xF0, 0xFF, 0x10, 0x00, 0xFF, 0x00, 0xF0, 0xFF, 0x10,
    0x00, 0x01, 0x80, 0x80, 0xFF, 0x00, 0x7F, 0xFF, 0x00, 0x40, 0xFF, 0x60, 0x00, 0xFF, 0x00, 0xC0,
    0xFF, 0x00, 0xB0, 0xFF, 0x20, 0x00, 0xFF, 0x00, 0x30, 0x01, 0x00, 0xE0, 0xFF, 0x20, 0x00, 0xFF,
    0x00, 0x30, 0xFF, 0x20, 0x00, 0xFF, 0x00, 0x30, 0xFF, 0xE0, 0x00, 0xFF, 0x00, 0x30, 0xFF, 0xE0,
    0x00, 0xFF, 0x00, 0x10, 0x01, 0x00, 0x80, 0xFF, 0x00, 0x20, 0xFF, 0xD0, 0x00, 0xFF, 0x00, 0x40,
    0xFF, 0xB0, 0x00, 0xFF, 0x00, 0x50, 0xFF, 0x7F, 0x00, 0xFF, 0x10, 0x00, 0x01, 0x10, 0x30, 0xFF,
    0x00, 0xB0, 0xFF, 0x20, 0x00, 0xFF, 0x00, 0x20, 0xFF, 0x00, 0x7F, 0x01, 0x30, 0x80, 0xFF, 0x00,
    0x40, 0xFF, 0xC0, 0x00, 0xFF, 0x00, 0x40, 0xFF, 0xC0, 0x00, 0xFF, 0x00, 0x50, 0x01, 0xB0, 0x50,
    0xFF, 0xF0, 0x00, 0xFF, 0x00, 0xB0, 0xFF, 0xE0, 0x00, 0xFF, 0x00, 0x7F, 0x01, 0x80, 0x80, 0xFF,
    0x00, 0x70, 0xFF, 0x7F, 0x00, 0xFF, 0x00, 0xD0, 0xFF, 0xE0, 0x00, 0xFF, 0x00, 0xE0, 0xFF, 0x30,
    0x00, 0xFF, 0x00, 0x60, 0x01, 0x10, 0x00, 0xFF, 0x00, 0x60, 0xFF, 0xD0, 0x00, 0xFF, 0x00, 0xE0,
    0xFF, 0x20, 0x00, 0xFF, 0x00, 0xD0, 0xFF, 0x80, 0x00, 0xFF, 0x00, 0x70, 0x01, 0x80, 0x80, 0xFF,
    0x00, 0x7F, 0xFF, 0x00, 0x7F, 0x00, 0x30, 0xE0, 0xFF, 0x00, 0xA0, 0xFF, 0x00, 0xA0, 0xFF, 0x20,
    0x00, 0xFF, 0x00, 0x60, 0xFF, 0x00, 0x60, 0xFF, 0xE0, 0x00, 0x01, 0x10, 0xD0, 0xFF, 0x00, 0x70,
    0xFF, 0xE0, 0x00, 0xFF, 0x00, 0x90, 0xFF, 0x20, 0x00, 0x01, 0x80, 0x80, 0xFF, 0x00, 0x30, 0xFF,
    0x30, 0x00, 0xFF, 0x00, 0x30, 0xFF, 0x30, 0x00, 0xFF, 0x00, 0x10, 0xFF, 0x20, 0x00, 0xFF, 0x00,
    0x20, 0xFF, 0xE0, 0x00, 0xFF, 0x00, 0x10, 0xFF, 0xD0, 0x00, 0xFF, 0x00, 0x30, 0xFF, 0xD0, 0x00,
    0xFF, 0x00, 0x30, 0x01, 0x20, 0xD0, 0xFF, 0x00, 0x60, 0xFF, 0x20, 0x00, 0xFF, 0x00, 0xA0, 0xFF,
    0xE0, 0x00, 0x01, 0x80, 0x80, 0xFF, 0x00, 0x7F, 0xFF, 0x00, 0x7F, 0x00, 0x20, 0x00, 0xFF, 0x00,
    0x80, 0xFF, 0x00, 0xB0, 0xFF, 0x10, 0x00, 0xFF, 0x00, 0x50, 0xFF, 0x00, 0x7F, 0x01, 0xF0, 0xD0,
    0xFF, 0x00, 0x20, 0xFF, 0x20, 0x00, 0xFF, 0x00, 0x20, 0xFF, 0xE0, 0x00, 0xFF, 0x00, 0x20, 0xFF,
    0x40, 0x00, 0xFF, 0x00, 0xA0, 0xFF, 0xC0, 0x00, 0x01, 0xB0, 0x80, 0xFF, 0x00, 0x7F, 0xFF, 0x00,
    0x7F, 0x00, 0xF0, 0x00, 0xFF, 0x00, 0x80, 0xFF, 0x00, 0x80, 0x01, 0x80, 0x80, 0xFF, 0x00, 0x7F,
    0xFF, 0x00, 0x7F, 0x01, 0xB0, 0x80, 0xFF, 0x00, 0x30, 0xFF, 0x50, 0x00, 0xFF, 0x00, 0x50, 0xFF,
    0x00, 0x60, 0xFF, 0x80, 0x00, 0xFF, 0x00, 0x20, 0x01, 0x80, 0x80, 0xFF, 0x00, 0x7F, 0xFF, 0x00,
    0x50, 0xFF, 0x60, 0x00, 0xFF, 0x00, 0xB0, 0xFF, 0x00, 0xC0, 0xFF, 0xC0, 0x00, 0xFF, 0x00, 0xC0,
    0x01, 0x30, 0xB0, 0xFF, 0x00, 0x50, 0xFF, 0x00, 0x50, 0xFF, 0xE0, 0x00, 0xFF, 0x00, 0xE0, 0xFF,
    0xC0, 0x00, 0xFF, 0x00, 0x30, 0xFF, 0xE0, 0x00, 0xFF, 0x00, 0xB0, 0xFF, 0x60, 0x00, 0xFF, 0x00,
    0xE0, 0xFF, 0xA0, 0x00, 0x01, 0x30, 0xB0, 0xFF, 0xE0, 0x00, 0xFF, 0x00, 0x20, 0xFF, 0xC0, 0x00,
    0xFF, 0x00, 0xD0, 0xFF, 0xE0, 0x00, 0xFF, 0x00, 0x50, 0x00, 0xD0, 0x90, 0xFF, 0x00, 0x7F, 0xFF,
    0x00, 0x7F, 0x01, 0x30, 0xC0, 0xFF, 0xE0, 0x00, 0xFF, 0x00, 0x30, 0xFF, 0xD0, 0x00, 0xFF, 0x00,
    0xB0, 0x00, 0xA0, 0xE0, 0xFF, 0x00, 0x7F, 0xFF, 0x00, 0x7F, 0x01, 0xE0, 0xA0, 0xFF, 0x70, 0x00,
    0xFF, 0x00, 0x60, 0xFF, 0x00, 0x60, 0xFF, 0x90, 0x00, 0xFF, 0x00, 0xB0, 0xFF, 0x30, 0x00, 0xFF,
    0x00, 0x30, 0xFF, 0x20, 0x00, 0xFF, 0x00, 0x80, 0x01, 0x40, 0xF0, 0xFF, 0x00, 0x20, 0xFF, 0xF0,
    0x00, 0xFF, 0x00, 0xE0, 0xFF, 0x10, 0x00, 0x00, 0xD0, 0xE0, 0xFF, 0x00, 0x70, 0xFF, 0xF0, 0x00,
    0xFF, 0x00, 0x90, 0xFF, 0x10, 0x00, 0x01, 0x80, 0x80, 0xFF, 0x00, 0x70, 0xFF, 0x40, 0x00, 0xFF,
    0x00, 0xB0, 0xFF, 0x20, 0x00, 0xFF, 0x00, 0x60, 0xFF, 0x00, 0x60, 0xFF, 0xE0, 0x00, 0xFF, 0x00,
    0xB0, 0xFF, 0xC0, 0x00, 0xFF, 0x00, 0x70, 0x01, 0x10, 0xE0, 0xFF, 0x00, 0x40, 0xFF, 0xF0, 0x00,
    0xFF, 0x00, 0xC0, 0xFF, 0x10, 0x00, 0x00, 0xD0, 0x30, 0xFF, 0x00, 0x40, 0xFF, 0xA0, 0x00, 0xFF,
    0x00, 0x30, 0x01, 0x80, 0x80, 0xFF, 0x00, 0x30, 0xFF, 0x60, 0x00, 0xFF, 0x00, 0x40, 0xFF, 0xE0,
    0x00, 0xFF, 0x00, 0xD0, 0xFF, 0xC0, 0x00, 0xFF, 0x00, 0x7F, 0xFF, 0x40, 0x00, 0xFF, 0x00, 0xD0,
    0xFF, 0x20, 0x00, 0x01, 0x20, 0xF0, 0xFF, 0x30, 0x00, 0xFF, 0x00, 0xC0, 0xFF, 0xC0, 0x00, 0xFF,
    0x00, 0x30, 0xFF, 0xE0, 0x00, 0xFF, 0x00, 0xD0, 0xFF, 0xC0, 0x00, 0xFF, 0x00, 0x40, 0xFF, 0x30,
    0x00, 0xFF, 0x00, 0x20, 0x01, 0x20, 0xF0, 0xFF, 0x00, 0x20, 0xFF, 0x30, 0x00, 0xFF, 0x00, 0x40,
    0xFF, 0xC0, 0x00, 0xFF, 0x00, 0xD0, 0xFF, 0xE0, 0x00, 0xFF, 0x00, 0x30, 0xFF, 0xC0, 0x00, 0xFF,
    0x00, 0xC0, 0xFF, 0x30, 0x00, 0x01, 0x80, 0x80, 0xFF, 0x00, 0x60, 0xFF, 0x20, 0x00, 0xFF, 0x00,
    0x40, 0xFF, 0xE0, 0x00, 0xFF, 0x00, 0x60, 0x01, 0xA0, 0x80, 0xFF, 0x00, 0x40, 0xFF, 0x10, 0x00,
    0xFF, 0x00, 0x7F, 0xFF, 0xF0, 0x00, 0xFF, 0x00, 0x40, 0x00, 0x20, 0x00, 0xFF, 0x00, 0x80, 0xFF,
    0x00, 0x80, 0x01, 0x80, 0x80, 0xFF, 0x00, 0x7F, 0xFF, 0x00, 0x20, 0xFF, 0x10, 0x00, 0xFF, 0x00,
    0x60, 0x00, 0x20, 0x00, 0xFF, 0x00, 0x90, 0xFF, 0x10, 0x00, 0xFF, 0x00, 0x70, 0x01, 0xC0, 0x80,
    0xFF, 0x00, 0x70, 0xFF, 0xF0, 0x00, 0xFF, 0x00, 0xB0, 0xFF, 0xF0, 0x00, 0xFF, 0x00, 0xE0, 0x01,
    0x90, 0x80, 0xFF, 0x00, 0x40, 0xFF, 0xF0, 0x00, 0xFF, 0x00, 0x7F, 0xFF, 0x10, 0x00, 0xFF, 0x00,
    0x40, 0x01, 0xB0, 0x80, 0xFF, 0x00, 0x60, 0xFF, 0xF0, 0x00, 0xFF, 0x00, 0x40, 0xFF, 0x10, 0x00,
    0xFF, 0x00, 0x60, 0x00, 0x10, 0x00, 0xFF, 0x00, 0x80, 0xFF, 0x00, 0x80, 0x01, 0x90, 0x80, 0xFF,
    0x00, 0x20, 0xFF, 0xF0, 0x00, 0xFF, 0x00, 0x60, 0xFF, 0x00, 0x7F, 0x00, 0x20, 0x00, 0xFF, 0x00,
    0xD0, 0xFF, 0x20, 0x00, 0xFF, 0x00, 0x30, 0x01, 0xC0, 0x80, 0xFF, 0x00, 0x7F, 0xFF, 0x00, 0x30,
    0xFF, 0xE0, 0x00, 0xFF, 0x00, 0xA0, 0xFF, 0x10, 0x00, 0xFF, 0x00, 0xB0, 0x01, 0x80, 0x80, 0xFF,
    0x00, 0x7F, 0xFF, 0x00, 0x60, 0xFF, 0x70, 0x00, 0xFF, 0x00, 0xA0, 0xFF, 0x00, 0xB0, 0xFF, 0x10,
    0x00, 0xFF, 0x00, 0x50, 0xFF, 0x00, 0x7F, 0x01, 0x90, 0xB0, 0xFF, 0x00, 0x70, 0xFF, 0x20, 0x00,
    0xFF, 0x00, 0x90, 0xFF, 0xE0, 0x00, 0x00, 0x30, 0x00, 0xFF, 0x00, 0x70, 0xFF, 0x20, 0x00, 0xFF,
    0x00, 0x90, 0xFF, 0xE0, 0x00, 0x01, 0x00, 0x80, 0xFF, 0x00, 0x7F, 0xFF, 0x00, 0x50, 0xFF, 0xF0,
    0x00, 0xFF, 0x00, 0xB0, 0xFF, 0x00, 0xA0, 0xFF, 0x90, 0x00, 0xFF, 0x00, 0x60, 0xFF, 0x00, 0x7F,
    0x01, 0xE0, 0xE0, 0xFF, 0x00, 0x70, 0xFF, 0xE0, 0x00, 0xFF, 0x00, 0x90, 0xFF, 0x20, 0x00, 0x00,
    0xD0, 0x00, 0xFF, 0x00, 0x70, 0xFF, 0xE0, 0x00, 0xFF, 0x00, 0x90, 0xFF, 0x20, 0x00, 0x01, 0x60,
    0x10, 0xFF, 0xB0, 0x00, 0xFF, 0x00, 0xA0, 0xFF, 0x50, 0x00, 0xFF, 0x00, 0x60, 0x00, 0x00, 0x10,
    0xFF, 0x00, 0x30, 0xFF, 0xA0, 0x00, 0xFF, 0x00, 0xD0, 0xFF, 0x60, 0x00, 0x01, 0x00, 0xB0, 0xFF,
    0x00, 0x40, 0xFF, 0xB0, 0x00, 0xFF, 0x00, 0x20, 0xFF, 0x40, 0x00, 0xFF, 0x00, 0x40, 0xFF, 0xB0,
    0x00, 0xFF, 0x00, 0xB0, 0xFF, 0x00, 0xB0, 0xFF, 0x60, 0x00, 0x00, 0x80, 0xD0, 0xFF, 0x00, 0x7F,
    0xFF, 0x00, 0x7F, 0x01, 0x80, 0x80, 0xFF, 0x00, 0x50, 0xFF, 0x10, 0x00, 0xFF, 0x00, 0x30, 0xFF,
    0x00, 0x60, 0xFF, 0x10, 0x00, 0xFF, 0x00, 0x90, 0xFF, 0x10, 0x00, 0xFF, 0x00, 0x70, 0xFF, 0x10,
    0x00, 0xFF, 0x00, 0xB0, 0xFF, 0x10, 0x00, 0x01, 0xD0, 0x10, 0xFF, 0x00, 0x50, 0xFF, 0x10, 0x00,
    0xFF, 0x00, 0xD0, 0xFF, 0x10, 0x00, 0xFF, 0x00, 0x50, 0x01, 0xF0, 0x80, 0xFF, 0x00, 0x70, 0xFF,
    0xF0, 0x00, 0xFF, 0x00, 0xA0, 0xFF, 0xA0, 0x00, 0xFF, 0x00, 0x70, 0xFF, 0x00, 0x7F, 0x01, 0xF0,
    0x7F, 0xFF, 0x00, 0x90, 0xFF, 0xE0, 0x00, 0xFF, 0x00, 0xA0, 0xFF, 0xD0, 0x00, 0xFF, 0x00, 0x50,
    0xFF, 0x00, 0x40, 0xFF, 0x30, 0x00, 0xFF, 0x00, 0x40, 0x01, 0x80, 0x80, 0xFF, 0x00, 0x70, 0xFF,
    0x30, 0x00, 0xFF, 0x00, 0x20, 0xFF, 0xD0, 0x00, 0xFF, 0x00, 0x70, 0x01, 0xD0, 0x80, 0xFF, 0x00,
    0x30, 0xFF, 0xD0, 0x00, 0xFF, 0x00, 0x30, 0xFF, 0x30, 0x00, 0xFF, 0x00, 0x40, 0xFF, 0xD0, 0x00,
    0xFF, 0x00, 0x30, 0xFF, 0x30, 0x00, 0xFF, 0x00, 0x30, 0x00, 0x20, 0x00, 0xFF, 0x00, 0x80, 0xFF,
    0x00, 0x80, 0x01, 0xF0, 0x7F, 0xFF, 0x00, 0xC0, 0xFF, 0x90, 0x00, 0xFF, 0x00, 0xC0, 0xFF, 0x00,
    0x80, 0x00, 0x10, 0x10, 0xFF, 0x00, 0x60, 0xFF, 0x30, 0x00, 0xFF, 0x00, 0xA0, 0xFF, 0xD0, 0x00,
    0x01, 0xF0, 0x80, 0xFF, 0x00, 0x7F, 0xFF, 0x00, 0x30, 0xFF, 0xB0, 0x00, 0xFF, 0x00, 0xE0, 0xFF,
    0x30, 0x00, 0xFF, 0x00, 0xF0, 0xFF, 0x00, 0x80, 0x01, 0xF0, 0x80, 0xFF, 0x00, 0x50, 0xFF, 0xF0,
    0x00, 0xFF, 0x00, 0xD0, 0xFF, 0xF0, 0x00, 0xFF, 0x00, 0x50, 0xFF, 0xF0, 0x00, 0xFF, 0x00, 0xB0,
    0xFF, 0xF0, 0x00, 0xFF, 0x00, 0x70, 0xFF, 0xF0, 0x00, 0xFF, 0x00, 0x90, 0x01, 0xA0, 0xA0, 0xFF,
    0xF0, 0x00, 0xFF, 0x00, 0x60, 0xFF, 0x00, 0x30, 0xFF, 0xF0, 0x00, 0xFF, 0x00, 0x50, 0x01, 0x50,
    0x7F, 0xFF, 0x00, 0xD0, 0xFF, 0xF0, 0x00, 0xFF, 0x00, 0xB0, 0xFF, 0xE0, 0x00, 0xFF, 0x00, 0xA0,
    0xFF, 0xF0, 0x00, 0xFF, 0x00, 0x60, 0xFF, 0x00, 0x7F, 0x01, 0xF0, 0x7F, 0xFF, 0x00, 0x80, 0xFF,
    0x00, 0xA0, 0xFF, 0xF0, 0x00, 0xFF, 0x00, 0x60, 0xFF, 0xE0, 0x00, 0xFF, 0x00, 0x7F, 0x01, 0x4F,
    0x80, 0xFF, 0x00, 0x7F, 0xFF, 0x00, 0x7F, 0x00, 0xC0, 0x00, 0xFF, 0x00, 0xA0, 0xFF, 0x20, 0x00,
    0xFF, 0x00, 0xC0, 0xFF, 0xE0, 0x00, 0xFF, 0x00, 0xA0, 0x01, 0xF0, 0x80, 0xFF, 0x00, 0x70, 0xFF,
    0x20, 0x00, 0xFF, 0x00, 0x20, 0xFF, 0xE0, 0x00, 0xFF, 0x00, 0x70, 0x00, 0xD0, 0x00, 0xFF, 0x00,
    0x80, 0xFF, 0x00, 0x80, 0x01, 0x4F, 0x80, 0xFF, 0x00, 0x30, 0xFF, 0xF0, 0x00, 0xFF, 0x00, 0x50,
    0xFF, 0xE0, 0x00, 0xFF, 0x00, 0x60, 0xFF, 0xF0, 0x00, 0xFF, 0x00, 0xA0, 0xFF, 0x00, 0x80, 0x01,
    0xF0, 0x80, 0xFF, 0x00, 0x7F, 0xFF, 0x00, 0x60, 0xFF, 0xF0, 0x00, 0xFF, 0x00, 0xA0, 0xFF, 0xE0,
    0x00, 0xFF, 0x00, 0x80, 0x01, 0x05, 0x88, 0x98, 0x00, 0x00, 0x0A, 0x88, 0x68, 0x00, 0x01, 0x01,
    0xC2, 0xD8, 0xF2, 0x02, 0x01, 0x02, 0x00, 0xC3, 0x03, 0x01, 0xC2, 0x28, 0xC2, 0x04, 0x00, 0x00,
    0x00, 0x00, 0x05, 0x00, 0x00, 0x00, 0x00, 0x06, 0x00, 0x00, 0x00, 0x00, 0x07, 0x60, 0x7F, 0x01,
    0x01, 0x70, 0x50, 0x50, 0x30, 0x80, 0x01, 0x01, 0x40, 0x20, 0x50, 0x01, 0x82, 0x88, 0xE2, 0x08,
    0x05, 0x88, 0xB8, 0x00, 0x09, 0x01, 0xB2, 0xC8, 0xF2, 0x0A, 0x0A, 0xB8, 0xF8, 0x00, 0x0B, 0x01,
    0x02, 0x08, 0xD3, 0x0C, 0x05, 0x08, 0x58, 0x00, 0x0D, 0x00, 0x00, 0x00, 0x00, 0x0E, 0x00, 0x00,
    0x00, 0x00, 0x0F, 0x60, 0x7F, 0x01, 0x01, 0x70, 0x50, 0x50, 0x30, 0x80, 0x01, 0x01, 0x40, 0x20,
    0x50, 0x01, 0x02, 0x90, 0xE2, 0x10, 0x05, 0x88, 0xC8, 0x00, 0x11, 0x05, 0x88, 0x38, 0x00, 0x12,
    0x01, 0x02, 0x70, 0xA3, 0x13, 0x02, 0xDD, 0x00, 0x62, 0x14, 0x0A, 0x88, 0x00, 0x00, 0x15, 0x00,
    0x00, 0x00, 0x00, 0x16, 0x00, 0x00, 0x00, 0x00, 0x17, 0x60, 0x7F, 0x00, 0x01, 0x60, 0x60, 0x50,
    0x40, 0x80, 0x00, 0x01, 0x70, 0x70, 0x50, 0x01, 0x02, 0xE8, 0xD3, 0x18, 0x01, 0x02, 0x48, 0xC3,
    0x19, 0x05, 0x88, 0xD0, 0x00, 0x1A, 0x0A, 0x88, 0x00, 0x00, 0x1B, 0x0A, 0x88, 0x70, 0x00, 0x1C,
    0x03, 0xB8, 0x2E, 0x32, 0x1D, 0x02, 0xDE, 0x00, 0x71, 0x1E, 0x00, 0x00, 0x00, 0x00, 0x1F, 0x60,
    0x7F, 0x01, 0x01, 0x70, 0x50, 0x50, 0x30, 0x80, 0x01, 0x01, 0x40, 0x20, 0x50, 0x0A, 0x88, 0xC0,
    0x00, 0x20, 0x03, 0x98, 0xFE, 0x40, 0x21, 0x02, 0xAE, 0xC0, 0x62, 0x22, 0x05, 0xE6, 0xC0, 0x00,
    0x23, 0x01, 0x02, 0xE8, 0xD3, 0x24, 0x01, 0x02, 0x18, 0xC3, 0x25, 0x05, 0xE6, 0x40, 0x00, 0x26,
    0x01, 0xB2, 0x68, 0xC2, 0x27, 0x5F, 0x7F, 0x01, 0xFF, 0x60, 0x40, 0x50, 0x30, 0x80, 0x01, 0x01,
    0x40, 0x20, 0x60, 0x0A, 0xB8, 0x98, 0x00, 0x28, 0x01, 0x12, 0xC0, 0xD3, 0x29, 0x08, 0xD0, 0xD8,
    0x00, 0x2A, 0x01, 0x82, 0xE0, 0xF1, 0x2B, 0x0A, 0x88, 0x00, 0x00, 0x2C, 0x01, 0x82, 0x20, 0x01,
    0x2D, 0x07, 0xD0, 0x28, 0x00, 0x2E, 0x01, 0x12, 0x40, 0xC3, 0x2F, 0x40, 0x7F, 0x00, 0xFF, 0x40,
    0x40, 0x50, 0x30, 0x7F, 0x00, 0xFF, 0x40, 0x40, 0x70, 0x01, 0xB2, 0x90, 0xE2, 0x30, 0x0A, 0xD8,
    0xE0, 0x00, 0x31, 0x03, 0x18, 0xEE, 0x12, 0x32, 0x05, 0x58, 0x00, 0x00, 0x33, 0x04, 0x18, 0x12,
    0xC2, 0x34, 0x05, 0xD8, 0x20, 0x00, 0x35, 0x0A, 0x88, 0x48, 0x00, 0x36, 0x01, 0xB2, 0x70, 0xF2,
    0x37, 0x68, 0x7F, 0x00, 0xFF, 0x68, 0x68, 0x50, 0x30, 0x7F, 0x00, 0xFF, 0x40, 0x40, 0xFF, 0x01,
    0xB2, 0x98, 0x01, 0x38, 0x0A, 0x88, 0xD8, 0x00, 0x39, 0x03, 0xE0, 0xEE, 0x31, 0x3A, 0x01, 0x22,
    0xD0, 0xE2, 0x3B, 0x01, 0x42, 0x38, 0xC3, 0x3C, 0x02, 0xFE, 0x48, 0x72, 0x3D, 0x0A, 0x88, 0x30,
    0x00, 0x3E, 0x05, 0x88, 0x60, 0x00, 0x3F, 0x68, 0x7F, 0x00, 0xFF, 0x68, 0x68, 0x50, 0x30, 0x7F,
    0x00, 0xFF, 0x40, 0x40, 0xFF, 0x01, 0xE2, 0xA8, 0xF2, 0x40, 0x01, 0x02, 0xD8, 0xF2, 0x41, 0x01,
    0x02, 0x28, 0xE2, 0x42, 0x01, 0xE2, 0x58, 0xE2, 0x43, 0x05, 0x88, 0xC0, 0x00, 0x44, 0x05, 0x88,
    0x40, 0x00, 0x45, 0x0A, 0x88, 0xE8, 0x00, 0x46, 0x0A, 0x88, 0x18, 0x00, 0x47, 0x60, 0x7F, 0x00,
    0xFF, 0x60, 0x60, 0x50, 0x30, 0x7F, 0x00, 0xFF, 0x40, 0x40, 0xFF, 0x01, 0x82, 0x98, 0xE2, 0x48,
    0x05, 0x88, 0xB8, 0x00, 0x49, 0x01, 0xC2, 0xD8, 0xD3, 0x4A, 0x05, 0x88, 0xF8, 0x00, 0x4B, 0x0A,
    0x88, 0x18, 0x00, 0x4C, 0x03, 0xB8, 0x0E, 0x02, 0x4D, 0x04, 0xA8, 0x42, 0x93, 0x4E, 0x05, 0x88,
    0x60, 0x00, 0x4F, 0x40, 0x7F, 0x01, 0xFF, 0x60, 0x20, 0x50, 0xF0, 0x80, 0x01, 0x01, 0x00, 0xE0,
    0x60, 0x01, 0x32, 0xA0, 0xC2, 0x50, 0x01, 0xF2, 0xE0, 0xE2, 0x51, 0x01, 0xC2, 0x20, 0xE2, 0x52,
    0x01, 0xA2, 0x60, 0xE2, 0x53, 0x0A, 0x88, 0xC0, 0x00, 0x54, 0x05, 0x88, 0x00, 0x00, 0x55, 0x0A,
    0x88, 0x40, 0x00, 0x56, 0x00, 0x00, 0x00, 0x00, 0x57, 0x60, 0x80, 0x00, 0x01, 0x60, 0x60, 0x50,
    0x50, 0x80, 0x00, 0x01, 0x50, 0x50, 0x90, 0x01, 0x02, 0xB8, 0xD3, 0x58, 0x01, 0x02, 0x48, 0xC3,
    0x59, 0x01, 0x02, 0x00, 0xC3, 0x5A, 0x05, 0xC8, 0xA8, 0x00, 0x5B, 0x04, 0xB8, 0xD2, 0xC1, 0x5C,
    0x0A, 0xA8, 0x00, 0x00, 0x5D, 0x04, 0x90, 0x32, 0xB2, 0x5E, 0x05, 0x88, 0x60, 0x00, 0x5F, 0x58,
    0x7F, 0x01, 0xFF, 0x60, 0x50, 0x90, 0x48, 0x80, 0x01, 0x01, 0x50, 0x40, 0x90, 0x01, 0x02, 0xB8,
    0xD3, 0x60, 0x01, 0x02, 0x48, 0xC3, 0x61, 0x01, 0xD2, 0x00, 0xF4, 0x62, 0x03, 0xC8, 0xEE, 0x34,
    0x63, 0x04, 0xC8, 0x12, 0xB4, 0x64, 0x0A, 0x88, 0xA0, 0x00, 0x65, 0x0A, 0x88, 0x60, 0x00, 0x66,
    0x00, 0x00, 0x00, 0x00, 0x67, 0x60, 0x7F, 0x00, 0xFF, 0x60, 0x60, 0x50, 0x30, 0x80, 0x00, 0x01,
    0x30, 0x30, 0x50, 0x01, 0x02, 0xE0, 0xD3, 0x68, 0x02, 0xEE, 0xA0, 0x64, 0x69, 0x01, 0x02, 0x20,
    0xC3, 0x6A, 0x03, 0x98, 0xBE, 0x42, 0x6B, 0x03, 0xB8, 0x30, 0x31, 0x6C, 0x0A, 0x88, 0xA0, 0x00,
    0x6D, 0x05, 0xA8, 0x00, 0x00, 0x6E, 0x0A, 0xC8, 0x58, 0x00, 0x6F, 0x58, 0x7F, 0x00, 0xFF, 0x58,
    0x58, 0x40, 0x38, 0x80, 0xFF, 0x01, 0x50, 0x20, 0x60, 0x01, 0x32, 0x00, 0xD3, 0x70, 0x02, 0xCE,
    0x00, 0x43, 0x71, 0x03, 0x00, 0xCE, 0x03, 0x72, 0x04, 0x00, 0x32, 0x83, 0x73, 0x05, 0x28, 0xE8,
    0x00, 0x74, 0x0A, 0x28, 0x18, 0x00, 0x75, 0x06, 0xD8, 0xE8, 0x00, 0x76, 0x06, 0xD8, 0x18, 0x00,
    0x77, 0x50, 0x7F, 0x00, 0xFF, 0x50, 0x50, 0x30, 0xB0, 0x80, 0x00, 0x01, 0xB0, 0xB0, 0x30, 0x03,
    0xB0, 0x3D, 0x32, 0x00, 0x03, 0xF0, 0xAE, 0x08, 0x01, 0x01, 0x42, 0x28, 0xC3, 0x02, 0x02, 0xDE,
    0xF8, 0x62, 0x03, 0x06, 0xD8, 0xC8, 0x00, 0x04, 0x0A, 0xD8, 0x28, 0x00, 0x05, 0x05, 0x28, 0xF8,
    0x00, 0x06, 0x05, 0x28, 0x58, 0x00, 0x07, 0x60, 0x80, 0x01, 0x01, 0x70, 0x50, 0x50, 0x60, 0x80,
    0x01, 0x01, 0x70, 0x50, 0xFF, 0x01, 0xD2, 0xC0, 0x01, 0x08, 0x01, 0x32, 0x00, 0xD3, 0x09, 0x01,
    0x32, 0x50, 0xC3, 0x0A, 0x02, 0x0D, 0x08, 0x71, 0x0B, 0x03, 0xE8, 0x2D, 0x31, 0x0C, 0x0A, 0x88,
    0xF0, 0x00, 0x0D, 0x05, 0x88, 0x08, 0x00, 0x0E, 0x0A, 0x88, 0x20, 0x00, 0x0F, 0x68, 0x7F, 0x00,
    0xFF, 0x68, 0x68, 0x40, 0x58, 0x7F, 0x00, 0xFF, 0x58, 0x58, 0x70, 0x01, 0x32, 0xA0, 0xC3, 0x10,
    0x04, 0x28, 0xC2, 0xB2, 0x11, 0x05, 0xF8, 0xE0, 0x00, 0x12, 0x04, 0xE8, 0x02, 0xB2, 0x13, 0x0A,
    0xB8, 0x28, 0x00, 0x14, 0x04, 0xA8, 0x52, 0xB2, 0x15, 0x05, 0x88, 0x18, 0x00, 0x16, 0x00, 0x00,
    0x00, 0x00, 0x17, 0x68, 0x80, 0x00, 0x01, 0x68, 0x68, 0x40, 0x58, 0x80, 0x00, 0x01, 0x58, 0x58,
    0x48, 0x0A, 0x88, 0xC8, 0x00, 0x18, 0x0A, 0x88, 0x38, 0x00, 0x19, 0x03, 0xB8, 0xED, 0x32, 0x1A,
    0x04, 0xB8, 0x12, 0xA2, 0x1B, 0x02, 0xDD, 0xB0, 0x72, 0x1C, 0x02, 0xDD, 0x50, 0x62, 0x1D, 0x06,
    0xF8, 0xD8, 0x00, 0x1E, 0x06, 0xF8, 0x28, 0x00, 0x1F, 0x60, 0x7F, 0x00, 0xFF, 0x60, 0x60, 0x50,
    0x40, 0x80, 0x01, 0x01, 0x50, 0x30, 0x50, 0x01, 0x12, 0x00, 0xD3, 0x20, 0x03, 0x00, 0xCE, 0x02,
    0x21, 0x04, 0x00, 0x42, 0xC2, 0x22, 0x05, 0xD8, 0x00, 0x00, 0x23, 0x03, 0xC0, 0x9E, 0x03, 0x24,
    0x04, 0xC0, 0x62, 0x83, 0x25, 0x0A, 0x88, 0xD8, 0x00, 0x26, 0x0A, 0x88, 0x28, 0x00, 0x27, 0x40,
    0x80, 0x01, 0x01, 0x60, 0x20, 0x40, 0xE0, 0x80, 0x00, 0x01, 0xE0, 0xE0, 0x4A, 0x01, 0x42, 0x00,
    0xD3, 0x28, 0x03, 0x30, 0xCE, 0x02, 0x29, 0x04, 0x30, 0x32, 0xC2, 0x2A, 0x0A, 0x08, 0x00, 0x00,
    0x2B, 0x01, 0xB2, 0xB8, 0x02, 0x2C, 0x05, 0xB8, 0xD0, 0x00, 0x2D, 0x05, 0xB8, 0x28, 0x00, 0x2E,
    0x01, 0xB2, 0x48, 0xD2, 0x2F, 0x60, 0x7F, 0x00, 0xFF, 0x60, 0x60, 0x50, 0x10, 0x80, 0x00, 0x01,
    0x10, 0x10, 0x50, 0x05, 0x38, 0x00, 0x00, 0x30, 0x03, 0x10, 0xCE, 0x22, 0x31, 0x04, 0x10, 0x32,
    0xA2, 0x32, 0x0A, 0x08, 0x00, 0x00, 0x33, 0x06, 0xE8, 0xE0, 0x00, 0x34, 0x06, 0xE8, 0x20, 0x00,
    0x35, 0x01, 0xB2, 0xB8, 0x02, 0x36, 0x03, 0xA8, 0xAE, 0x03, 0x37, 0x60, 0x80, 0x01, 0x01, 0x70,
    0x40, 0x50, 0xD0, 0x7F, 0x00, 0xFF, 0xD0, 0xD0, 0x50, 0x01, 0xB2, 0xB8, 0xD3, 0x38, 0x01, 0xB2,
    0x00, 0xC3, 0x39, 0x01, 0xB2, 0x48, 0xC3, 0x3A, 0x02, 0x9E, 0xA8, 0x62, 0x3B, 0x02, 0x9E, 0xE0,
    0x62, 0x3C, 0x02, 0x9E, 0x20, 0x62, 0x3D, 0x02, 0x9E, 0x58, 0x62, 0x3E, 0x00, 0x00, 0x00, 0x00,
    0x3F, 0x60, 0x7F, 0x00, 0xFF, 0x60, 0x60, 0x30, 0x50, 0x7F, 0x00, 0xFF, 0x50, 0x50, 0x40, 0x01,
    0x02, 0xE0, 0xD3, 0x40, 0x01, 0x02, 0x30, 0xC3, 0x41, 0x02, 0x9E, 0xA0, 0x52, 0x42, 0x02, 0xDE,
    0xE8, 0x72, 0x43, 0x02, 0xDE, 0x28, 0x62, 0x44, 0x0A, 0x88, 0xE0, 0x00, 0x45, 0x0A, 0x88, 0x00,
    0x00, 0x46, 0x0A, 0x88, 0x20, 0x00, 0x47, 0x50, 0x7F, 0xFF, 0xFF, 0x60, 0x40, 0x50, 0x22, 0x80,
    0x01, 0x01, 0x40, 0x20, 0x50, 0x05, 0x38, 0xD0, 0x00, 0x48, 0x01, 0x32, 0x00, 0xD3, 0x49, 0x05,
    0x38, 0x30, 0x00, 0x4A, 0x03, 0x20, 0xAE, 0x22, 0x4B, 0x04, 0x20, 0x52, 0x92, 0x4C, 0x0A, 0x08,
    0x00, 0x00, 0x4D, 0x02, 0xAE, 0xB0, 0x43, 0x4E, 0x02, 0xAE, 0x50, 0x53, 0x4F, 0x58, 0x7F, 0x01,
    0xFF, 0x60, 0x40, 0x40, 0x98, 0x7F, 0xFF, 0xFF, 0xA0, 0x90, 0x40, 0x02, 0x2E, 0x00, 0x80, 0x50,
    0x0A, 0x18, 0xD8, 0x00, 0x51, 0x0A, 0x18, 0x28, 0x00, 0x52, 0x02, 0xDE, 0xB0, 0x42, 0x53, 0x02,
    0xDE, 0xE0, 0x71, 0x54, 0x02, 0xDE, 0x20, 0x81, 0x55, 0x02, 0xDE, 0x50, 0x92, 0x56, 0x05, 0x88,
    0x00, 0x00, 0x57, 0xC8, 0x7F, 0x01, 0xFF, 0xD0, 0xC0, 0xE0, 0xA8, 0x80, 0xFF, 0x01, 0xB0, 0xA0,
    0xE0, 0x03, 0x38, 0xEE, 0x22, 0x58, 0x04, 0x38, 0x12, 0xB2, 0x59, 0x03, 0x08, 0xCE, 0x22, 0x5A,
    0x04, 0x08, 0x42, 0xB2, 0x5B, 0x02, 0xBE, 0xA8, 0x42, 0x5C, 0x02, 0xBE, 0x58, 0x92, 0x5D, 0x05,
    0x88, 0xD8, 0x00, 0x5E, 0x0A, 0x88, 0x28, 0x00, 0x5F, 0x20, 0x7F, 0x00, 0xFF, 0x20, 0x20, 0x30,
    0xF0, 0x7F, 0x00, 0xFF, 0xF0, 0xF0, 0x30, 0x03, 0x08, 0xDE, 0x22, 0x60, 0x04, 0x08, 0x22, 0xC2,
    0x61, 0x01, 0xE2, 0xB8, 0x12, 0x62, 0x01, 0xE2, 0x48, 0xE2, 0x63, 0x01, 0x82, 0x00, 0x00, 0x64,
    0x0A, 0x88, 0xD8, 0x00, 0x65, 0x0A, 0x88, 0x28, 0x00, 0x66, 0x05, 0x88, 0x68, 0x00, 0x67, 0x60,
    0x80, 0x00, 0x01, 0x60, 0x60, 0x30, 0xF0, 0x7F, 0x00, 0xFF, 0xF0, 0xF0, 0x30, 0x01, 0x52, 0x30,
    0xD3, 0x68, 0x03, 0x30, 0xAE, 0x03, 0x69, 0x05, 0x28, 0x00, 0x00, 0x6A, 0x0A, 0x00, 0xD8, 0x00,
    0x6B, 0x0A, 0x00, 0x28, 0x00, 0x6C, 0x06, 0xD8, 0x00, 0x00, 0x6D, 0x02, 0xAE, 0xC0, 0x43, 0x6E,
    0x04, 0xD0, 0x52, 0x83, 0x6F, 0x68, 0x80, 0x01, 0x01, 0x70, 0x60, 0x40, 0x98, 0x7F, 0x01, 0xFF,
    0xA0, 0x90, 0x60, 0x0A, 0x88, 0xB0, 0x00, 0x00, 0x02, 0x9E, 0xA0, 0x62, 0x01, 0x02, 0x9E, 0x60,
    0x72, 0x02, 0x03, 0x90, 0xDE, 0x40, 0x03, 0x04, 0x90, 0x22, 0xC0, 0x04, 0x0A, 0xA8, 0xE8, 0x00,
    0x05, 0x05, 0xA8, 0x00, 0x00, 0x06, 0x0A, 0xA8, 0x18, 0x00, 0x07, 0x20, 0x7F, 0x00, 0xFF, 0x20,
    0x20, 0x10, 0xF0, 0x7F, 0x00, 0xFF, 0xF0, 0xF0, 0x30, 0x01, 0xC2, 0xC8, 0xF4, 0x08, 0x01, 0xC2,
    0xE8, 0xF4, 0x09, 0x01, 0xC2, 0x18, 0xF4, 0x0A, 0x01, 0xC2, 0x38, 0xF4, 0x0B, 0x02, 0xAE, 0xC8,
    0x72, 0x0C, 0x0A, 0x88, 0xA8, 0x00, 0x0D, 0x05, 0x88, 0xE8, 0x00, 0x0E, 0x0A, 0x98, 0x58, 0x00,
    0x0F, 0x20, 0x7F, 0x00, 0xFF, 0x20, 0x20, 0x10, 0x40, 0x7F, 0x00, 0xFF, 0x40, 0x40, 0x30, 0x01,
    0xC2, 0xC0, 0xD3, 0x10, 0x01, 0xC2, 0x40, 0xC3, 0x11, 0x02, 0x9E, 0xF0, 0x62, 0x12, 0x02, 0x9E,
    0x10, 0x62, 0x13, 0x0A, 0x98, 0xA0, 0x00, 0x14, 0x05, 0x98, 0x60, 0x00, 0x15, 0x05, 0x88, 0xD0,
    0x00, 0x16, 0x0A, 0x88, 0x30, 0x00, 0x17, 0x20, 0x80, 0x00, 0x01, 0x20, 0x20, 0x10, 0xF0, 0x80,
    0x00, 0x01, 0xF0, 0xF0, 0x30, 0x01, 0xC2, 0x28, 0xC3, 0x18, 0x02, 0x9E, 0xE0, 0x62, 0x19, 0x02,
    0x9E, 0x20, 0x62, 0x1A, 0x02, 0x9E, 0x58, 0x62, 0x1B, 0x0A, 0x98, 0x90, 0x00, 0x1C, 0x0A, 0x88,
    0x00, 0x00, 0x1D, 0x04, 0x88, 0xA2, 0xC0, 0x1E, 0x05, 0x88, 0x70, 0x00, 0x1F, 0x20, 0x80, 0x00,
    0x01, 0x20, 0x20, 0x10, 0x40, 0x80, 0x00, 0x01, 0x40, 0x40, 0x30, 0x03, 0xF8, 0xAE, 0x03, 0x20,
    0x03, 0xD0, 0xAE, 0x03, 0x21, 0x03, 0xA0, 0xAE, 0x03, 0x22, 0x02, 0xEE, 0x40, 0x80, 0x23, 0x0A,
    0x88, 0x40, 0x80, 0x24, 0x0A, 0xB8, 0xE8, 0x00, 0x25, 0x08, 0xD0, 0x28, 0x00, 0x26, 0x08, 0xA0,
    0x28, 0x00, 0x27, 0x50, 0x80, 0xFF, 0x01, 0x70, 0x30, 0x20, 0x20, 0x7F, 0xFF, 0xFF, 0x30, 0x10,
    0x20, 0x04, 0xF8, 0x52, 0x93, 0x28, 0x04, 0xD0, 0x52, 0x93, 0x29, 0x04, 0xA0, 0x52, 0x93, 0x2A,
    0x02, 0xEE, 0xC0, 0x80, 0x2B, 0x0A, 0x88, 0xC0, 0x80, 0x2C, 0x07, 0xD0, 0xD8, 0x00, 0x2D, 0x07,
    0xA0, 0xD8, 0x00, 0x2E, 0x0A, 0xB8, 0x18, 0x00, 0x2F, 0x50, 0x7F, 0x01, 0xFF, 0x70, 0x30, 0x20,
    0x20, 0x80, 0x01, 0x01, 0x30, 0x10, 0x20, 0x01, 0x62, 0x08, 0xD3, 0x30, 0x01, 0x62, 0x28, 0xC3,
    0x31, 0x03, 0x18, 0xAE, 0x03, 0x32, 0x03, 0xF8, 0xAE, 0x13, 0x33, 0x04, 0x08, 0x52, 0x83, 0x34,
    0x04, 0xE8, 0x52, 0x93, 0x35, 0x0A, 0xB8, 0xF8, 0x00, 0x36, 0x05, 0xB8, 0x08, 0x00, 0x37, 0x70,
    0x80, 0x00, 0x01, 0x70, 0x70, 0x40, 0x90, 0x80, 0x00, 0x01, 0x70, 0x70, 0x40, 0x01, 0x82, 0xA8,
    0xE2, 0x38, 0x03, 0xA8, 0xEE, 0x12, 0x39, 0x03, 0xC8, 0x0E, 0x12, 0x3A, 0x03, 0xE8, 0x2E, 0x12,
    0x3B, 0x01, 0xF2, 0x58, 0xC3, 0x3C, 0x0A, 0x98, 0x18, 0x00, 0x3D, 0x05, 0xB8, 0x30, 0x00, 0x3E,
    0x0A, 0xD8, 0x48, 0x00, 0x3F, 0x6F, 0x7F, 0xFF, 0xFF, 0x70, 0x20, 0x10, 0x10, 0x80, 0x00, 0x01,
    0x10, 0x10, 0x10, 0x01, 0xF2, 0xE8, 0xD3, 0x40, 0x01, 0xF2, 0x18, 0xC3, 0x41, 0x02, 0x9E, 0xF0,
    0x71, 0x42, 0x0A, 0x88, 0x10, 0x71, 0x43, 0x02, 0x9E, 0x30, 0x71, 0x44, 0x02, 0xCE, 0x58, 0x80,
    0x45, 0x02, 0xCE, 0x68, 0x80, 0x46, 0x0A, 0x88, 0x60, 0x00, 0x47, 0x48, 0x7F, 0x01, 0xFF, 0x60,
    0x30, 0x10, 0x14, 0x80, 0x01, 0x01, 0x18, 0x10, 0x10, 0x0A, 0x88, 0xC8, 0x00, 0x48, 0x0A, 0x88,
    0x38, 0x00, 0x49, 0x05, 0xB8, 0x00, 0x00, 0x4A, 0x06, 0xC8, 0x00, 0x00, 0x4B, 0x02, 0x9E, 0xB8,
    0x71, 0x4C, 0x02, 0x9E, 0xD8, 0x71, 0x4D, 0x02, 0x9E, 0x28, 0x71, 0x4E, 0x02, 0x9E, 0x48, 0x71,
    0x4F, 0x70, 0x7F, 0x00, 0xFF, 0x70, 0x70, 0x10, 0x60, 0x7F, 0x00, 0xFF, 0x60, 0x60, 0x20, 0x0A,
    0xC8, 0xA0, 0x00, 0x50, 0x05, 0xC8, 0xC0, 0x00, 0x51, 0x0A, 0xC8, 0xE0, 0x00, 0x52, 0x05, 0x88,
    0xA0, 0x00, 0x53, 0x0A, 0x88, 0xC0, 0x00, 0x54, 0x05, 0x88, 0xE0, 0x00, 0x55, 0x02, 0x9E, 0x18,
    0x80, 0x56, 0x02, 0x9E, 0x28, 0x80, 0x57, 0x6F, 0x7F, 0x00, 0xFF, 0x6F, 0x6F, 0x10, 0x00, 0x7F,
    0x00, 0xFF, 0x00, 0x00, 0xC0, 0x01, 0xF2, 0xA8, 0xC3, 0x58, 0x04, 0xE8, 0xD2, 0xA2, 0x59, 0x04,
    0xC8, 0xF2, 0xA2, 0x5A, 0x04, 0xA8, 0x12, 0xA2, 0x5B, 0x01, 0x82, 0x58, 0xD2, 0x5C, 0x0A, 0xD8,
    0xB8, 0x00, 0x5D, 0x05, 0xB8, 0xD0, 0x00, 0x5E, 0x0A, 0x98, 0xE8, 0x00, 0x5F, 0x6F, 0x7F, 0xFF,
    0xFF, 0x70, 0x20, 0x10, 0x10, 0x80, 0x00, 0x01, 0x10, 0x10, 0x10, 0x01, 0x42, 0x28, 0xD2, 0x60,
    0x0A, 0x28, 0xD8, 0xE2, 0x61, 0x0A, 0x28, 0xB8, 0xE2, 0x62, 0x03, 0x18, 0x9C, 0x03, 0x63, 0x03,
    0xE8, 0x9C, 0x03, 0x64, 0x02, 0xDE, 0xB8, 0x62, 0x65, 0x02, 0xDE, 0xD8, 0x62, 0x66, 0x02, 0xBE,
    0x50, 0x62, 0x67, 0x6F, 0x7F, 0xFF, 0xFF, 0x70, 0x60, 0x10, 0x00, 0x7F, 0x01, 0xFF, 0x04, 0xFC,
    0xD0, 0x06, 0x28, 0xF0, 0x00, 0x68, 0x0A, 0x18, 0x08, 0x00, 0x69, 0x06, 0x28, 0x10, 0x00, 0x6A,
    0x0A, 0x18, 0xF8, 0x00, 0x6B, 0x03, 0x08, 0xEE, 0x40, 0x6C, 0x03, 0xF8, 0xEE, 0x40, 0x6D, 0x04,
    0x08, 0x12, 0xC0, 0x6E, 0x04, 0xF8, 0x12, 0xC0, 0x6F, 0x70, 0x80, 0x00, 0x01, 0x70, 0x70, 0x90,
    0xA0, 0x80, 0xFF, 0x01, 0xB0, 0x90, 0x10, 0x01, 0x42, 0xD8, 0xD2, 0x70, 0x0A, 0x28, 0x28, 0xD2,
    0x71, 0x0A, 0x28, 0x48, 0xD2, 0x72, 0x04, 0x18, 0x63, 0xA2, 0x73, 0x04, 0xE8, 0x63, 0xA2, 0x74,
    0x02, 0xDE, 0x28, 0x62, 0x75, 0x02, 0xDE, 0x48, 0x62, 0x76, 0x02, 0xBE, 0xB0, 0x62, 0x77, 0x6F,
    0x7F, 0xFF, 0xFF, 0x70, 0x60, 0x10, 0x00, 0x80, 0x00, 0x01, 0x00, 0x00, 0xC0, 0xC0, 0x00, 0x40,
    0x10, 0xC0, 0x00, 0x40, 0x10, 0xA0, 0x00, 0x20, 0x40, 0xA0, 0x00, 0x20, 0x40, 0xA0, 0x00, 0x20,
    0x40, 0x98, 0xE0, 0x18, 0x20, 0xC0, 0x40, 0x40, 0x40, 0x98, 0xE0, 0x18, 0x20, 0xC0, 0x40, 0x40,
    0x40, 0xC0, 0x40, 0x40, 0x40, 0xC0, 0x90, 0x40, 0x10, 0xC0, 0x70, 0x40, 0x10, 0x08, 0x00, 0x28,
    0x20, 0x08, 0x00, 0x28, 0x20, 0x08, 0x00, 0x28, 0x20, 0xC0, 0x90, 0x40, 0x10, 0xF0, 0x18, 0x10,
    0x48, 0xC0, 0x48, 0x40, 0x18, 0xC0, 0x48, 0x40, 0x18, 0xC0, 0x48, 0x40, 0x18, 0xF0, 0x00, 0x10,
    0x30, 0xC8, 0x00, 0x18, 0x50, 0x98, 0x40, 0x18, 0x40, 0x98, 0x40, 0x18, 0x40, 0x98, 0x40, 0x18,
    0x40, 0x98, 0xA8, 0x18, 0x28, 0x98, 0x58, 0x18, 0x28, 0xC8, 0xC0, 0x48, 0x10, 0xC8, 0x40, 0x48,
    0x10, 0xC8, 0x40, 0x48, 0x10, 0x98, 0x90, 0x18, 0x10, 0x98, 0x70, 0x18, 0x10, 0xA8, 0x00, 0x28,
    0x30, 0xE8, 0x00, 0x68, 0x10, 0xE8, 0x00, 0x68, 0x10, 0x98, 0x98, 0x18, 0x18, 0xD0, 0x00, 0x50,
    0x10, 0x10, 0x00, 0x10, 0x60, 0x30, 0x38, 0x10, 0x28, 0x30, 0x38, 0x10, 0x28, 0xB0, 0xA8, 0x30,
    0x08, 0xC0, 0xD8, 0x40, 0x08, 0xE0, 0x00, 0x60, 0x10, 0xC0, 0x28, 0x40, 0x08, 0xB0, 0x58, 0x30,
    0x08, 0xA0, 0xD8, 0x20, 0x08, 0xA0, 0x38, 0x20, 0x08, 0xB8, 0x28, 0x08, 0x18, 0xB8, 0x28, 0x08,
    0x18, 0xB8, 0x28, 0x08, 0x18, 0xD8, 0xA0, 0x58, 0x10, 0xB8, 0xE0, 0x38, 0x10, 0xA0, 0x20, 0x20,
    0x10, 0x90, 0x60, 0x10, 0x10, 0x90, 0x60, 0x10, 0x10, 0xF8, 0x00, 0x08, 0x7C, 0xA0, 0xA8, 0x20,
    0x28, 0x90, 0x00, 0x10, 0x30, 0xF8, 0xC0, 0x08, 0x40, 0xF8, 0x40, 0x08, 0x40, 0xF8, 0xB8, 0x08,
    0x38, 0xF8, 0x48, 0x08, 0x38, 0x98, 0x00, 0x18, 0x40, 0xC0, 0x00, 0x10, 0x10, 0xC0, 0x00, 0x10,
    0x10, 0xF8, 0x00, 0x08, 0x7C, 0x90, 0x00, 0x10, 0x40, 0xA0, 0x58, 0x20, 0x28, 0xA0, 0x58, 0x20,
    0x28, 0xA0, 0x58, 0x20, 0x28, 0x00, 0x00, 0x30, 0x10, 0x00, 0x00, 0x20, 0x20, 0x00, 0x00, 0x10,
    0x30, 0x00, 0x00, 0x10, 0x30, 0x00, 0x00, 0x10, 0x30, 0xC0, 0x60, 0x40, 0x20, 0xF0, 0x00, 0x10,
    0x50, 0x10, 0x28, 0x10, 0x48, 0x30, 0x28, 0x10, 0x18, 0x30, 0x28, 0x10, 0x18, 0xC0, 0x90, 0x40,
    0x10, 0xA8, 0xC0, 0x28, 0x20, 0xC8, 0x58, 0x50, 0x28, 0x20, 0x30, 0x10, 0x50, 0x20, 0x30, 0x10,
    0x50, 0xB8, 0xC0, 0x38, 0x40, 0x10, 0xA0, 0x20, 0x20, 0xA8, 0x28, 0x08, 0x28, 0xA8, 0x20, 0x08,
    0x28, 0xA8, 0x20, 0x08, 0x28, 0x08, 0x00, 0x08, 0x60, 0xC8, 0x00, 0x48, 0x10, 0xF8, 0xB0, 0x18,
    0x10, 0xF8, 0x50, 0x18, 0x10, 0xF8, 0x50, 0x18, 0x10, 0x00, 0x08, 0x10, 0x38, 0xC0, 0x00, 0x10,
    0x60, 0xC0, 0x00, 0x10, 0x60, 0xC0, 0x00, 0x10, 0x60, 0xC0, 0x00, 0x10, 0x60, 0x30, 0x00, 0x10,
    0x30, 0xF0, 0x00, 0x10, 0x10, 0xC8, 0x00, 0x18, 0x20, 0x98, 0x00, 0x18, 0x50, 0x98, 0x00, 0x18,
    0x50, 0x20, 0x00, 0x10, 0x30, 0x10, 0xE0, 0x20, 0x10, 0x10, 0x20, 0x20, 0x10, 0xA8, 0x18, 0x08,
    0x68, 0xA8, 0x18, 0x08, 0x68, 0xA8, 0xC0, 0x08, 0x40, 0xA8, 0x40, 0x08, 0x40, 0xA8, 0x00, 0x08,
    0x40, 0xA8, 0x00, 0x08, 0x40, 0xA8, 0x00, 0x08, 0x40, 0xA8, 0xA0, 0x08, 0x20, 0xD0, 0xB8, 0x30,
    0x08, 0xF0, 0x08, 0x10, 0x58, 0xC0, 0x58, 0x40, 0x08, 0xC0, 0x58, 0x40, 0x08, 0x20, 0x00, 0x10,
    0x50, 0xC0, 0xC8, 0x10, 0x28, 0xC0, 0x38, 0x10, 0x28, 0xF0, 0xE0, 0x40, 0x10, 0xF0, 0x20, 0x40,
    0x10, 0x40, 0x00, 0x10, 0x60, 0x18, 0xB0, 0x38, 0x10, 0x18, 0x50, 0x38, 0x10, 0xF8, 0xC8, 0x18,
    0x28, 0xF8, 0x38, 0x18, 0x28, 0x38, 0x00, 0x08, 0x10, 0x08, 0x08, 0x08, 0x38, 0xD0, 0x00, 0x10,
    0x60, 0xB0, 0x00, 0x30, 0x10, 0xB0, 0x00, 0x30, 0x10, 0x08, 0x00, 0x08, 0x20, 0xD0, 0xD0, 0x10,
    0x20, 0xD0, 0x30, 0x10, 0x20, 0xB0, 0xB8, 0x30, 0x08, 0xB0, 0x48, 0x30, 0x08, 0x30, 0xD0, 0x20,
    0x20, 0x30, 0x30, 0x20, 0x20, 0xD0, 0xD0, 0x20, 0x20, 0xD0, 0x30, 0x20, 0x20, 0x00, 0x00, 0x20,
    0x20, 0xB0, 0xA0, 0x10, 0x20, 0xB0, 0x60, 0x10, 0x20, 0xB8, 0x00, 0x08, 0x50, 0x90, 0x00, 0x10,
    0x20, 0x90, 0x00, 0x10, 0x20, 0xB0, 0x90, 0x10, 0x10, 0xB8, 0xB8, 0x08, 0x38, 0xB8, 0x48, 0x08,
    0x38, 0x88, 0x50, 0x08, 0x30, 0x88, 0x50, 0x08, 0x30, 0x88, 0xA0, 0x08, 0x20, 0x88, 0x60, 0x08,
    0x20, 0xB0, 0x00, 0x10, 0x20, 0xB8, 0xB0, 0x08, 0x30, 0xB8, 0x50, 0x08, 0x30, 0x88, 0x90, 0x08,
    0x10, 0xB0, 0x00, 0x10, 0x30, 0xB0, 0x68, 0x10, 0x18, 0xB8, 0xB0, 0x08, 0x30, 0xB8, 0xB0, 0x08,
    0x30, 0xD0, 0xE8, 0x10, 0x38, 0xA0, 0xE8, 0x10, 0x38, 0xF8, 0x18, 0x08, 0x68, 0xC0, 0x70, 0x40,
    0x10, 0xC0, 0x70, 0x40, 0x10, 0xD0, 0x18, 0x10, 0x38, 0xA0, 0x18, 0x10, 0x38, 0xF8, 0xE8, 0x08,
    0x68, 0xC0, 0x90, 0x40, 0x10, 0xC0, 0x90, 0x40, 0x10, 0x38, 0xE0, 0x28, 0x30, 0x30, 0x38, 0x30,
    0x18, 0xD0, 0xD0, 0x30, 0x20, 0xC8, 0x30, 0x28, 0x20, 0xA8, 0x00, 0x08, 0x50, 0xE8, 0x58, 0x08,
    0x28, 0xC8, 0x48, 0x08, 0x38, 0xA8, 0x38, 0x08, 0x48, 0x88, 0x28, 0x08, 0x58, 0xB8, 0x70, 0x38,
    0x10, 0xE8, 0xB8, 0x08, 0x38, 0xB8, 0x88, 0x38, 0x08, 0xB8, 0xF8, 0x18, 0x48, 0xE0, 0x48, 0x10,
    0x38, 0xE0, 0x48, 0x10, 0x38, 0xE0, 0x00, 0x10, 0x7C, 0xC8, 0xC8, 0x28, 0x18, 0xC8, 0x38, 0x28,
    0x18, 0x98, 0x00, 0x18, 0x10, 0x98, 0x00, 0x18, 0x10, 0xA8, 0xC0, 0x18, 0x30, 0xE0, 0xD8, 0x10,
    0x58, 0xC8, 0x20, 0x28, 0x10, 0xB8, 0x60, 0x38, 0x20, 0xB8, 0x60, 0x38, 0x20, 0xE8, 0xA8, 0x08,
    0x28, 0xC8, 0xB8, 0x08, 0x38, 0xA8, 0xC8, 0x08, 0x48, 0x88, 0xD8, 0x08, 0x58, 0xB8, 0x90, 0x38,
    0x10, 0x30, 0x68, 0x20, 0x18, 0x28, 0x40, 0x18, 0x40, 0x18, 0x10, 0x08, 0x70, 0xE8, 0x10, 0x08,
    0x70, 0xD8, 0x40, 0x18, 0x40, 0x40, 0x00, 0x10, 0x7C, 0x30, 0xB0, 0x20, 0x30, 0x30, 0x50, 0x20,
    0x30, 0x00, 0x00, 0x10, 0x10, 0xD8, 0x00, 0x18, 0x7C, 0x30, 0x98, 0x20, 0x18, 0x30, 0xC0, 0x10,
    0x40, 0x18, 0xF0, 0x08, 0x70, 0xE8, 0xF0, 0x08, 0x70, 0xD8, 0xC0, 0x18, 0x40, 0xB6, 0xC9, 0xCC,
    0x26, 0x05, 0xB6, 0xC9, 0xCB, 0x27, 0x01, 0x39, 0xBE, 0xC9, 0x41, 0xC6, 0x08, 0xA6, 0x84, 0x27,
    0x06, 0x81, 0x05, 0x2C, 0x02, 0x20, 0x11, 0x30, 0x05, 0x8C, 0xCA, 0x28, 0x26, 0x06, 0x8E, 0xCA,
    0x00, 0xBF, 0xC9, 0x41, 0x5A, 0x26, 0xE6, 0x39, 0x34, 0x10, 0x30, 0x05, 0x8C, 0xCA, 0x28, 0x26,
    0x03, 0x8E, 0xCA, 0x00, 0xBF, 0xC9, 0x41, 0x35, 0x10, 0x10, 0x8E, 0xC8, 0x90, 0xA6, 0xA4, 0x27,
    0x09, 0x31, 0x25, 0x10, 0x8C, 0xC8, 0xBD, 0x26, 0xF4, 0x39, 0xEC, 0x01, 0xED, 0x21, 0xA6, 0x03,
    0x47, 0x47, 0x47, 0x47, 0x84, 0x0F, 0xB7, 0xC9, 0x3C, 0xA6, 0x03, 0x84, 0x0F, 0xB7, 0xC9, 0x3D,
    0xBD, 0x14, 0xF8, 0xB6, 0xC9, 0x3D, 0x27, 0x1E, 0xF6, 0xC9, 0x3E, 0x81, 0x01, 0x27, 0x11, 0xF6,
    0xC9, 0x3F, 0x81, 0x02, 0x27, 0x0A, 0xF6, 0xC9, 0x40, 0x81, 0x03, 0x27, 0x03, 0xF6, 0xC9, 0x43,
    0xFB, 0xC9, 0x3C, 0xF7, 0xC9, 0x3C, 0x34, 0x20, 0xBD, 0xF1, 0xAF, 0xF6, 0xC9, 0x3C, 0x58, 0x58,
    0x86, 0x05, 0xBD, 0xF6, 0x01, 0x35, 0x20, 0xED, 0x23, 0x86, 0x16, 0xA7, 0xA4, 0xBD, 0xF1, 0xAA,
    0xBD, 0x73, 0xAF, 0x39, 0x50, 0x80, 0xFF, 0x00, 0x20, 0xFF, 0xC0, 0x00, 0xFF, 0x00, 0x40, 0xFF,
    0x00, 0x50, 0xFF, 0xE0, 0x00, 0xFF, 0x00, 0xC0, 0xFF, 0x00, 0xB0, 0xFF, 0xA0, 0x00, 0x01, 0x90,
    0xA0, 0xFF, 0x00, 0x60, 0xFF, 0x00, 0x60, 0xFF, 0x20, 0x00, 0xFF, 0x00, 0xA0, 0xFF, 0x00, 0xD0,
    0xFF, 0x20, 0x00, 0xFF, 0x00, 0x30, 0xFF, 0x00, 0x60, 0x01, 0xD0, 0x60, 0xFF, 0x60, 0x00, 0xFF,
    0x00, 0xA0, 0xFF, 0x00, 0xD0, 0xFF, 0x20, 0x00, 0xFF, 0x00, 0x30, 0xFF, 0x00, 0x7F, 0x01, 0x60,
    0xA0, 0xFF, 0xA0, 0x00, 0xFF, 0xA0, 0x00, 0xFF, 0x00, 0x60, 0xFF, 0x00, 0x60, 0xFF, 0x60, 0x00,
    0xFF, 0x60, 0x00, 0xFF, 0x00, 0xA0, 0xFF, 0x00, 0xD0, 0x01, 0x60, 0xD0, 0xFF, 0xA0, 0x00, 0xFF,
    0xC0, 0x00, 0xFF, 0x00, 0x60, 0xFF, 0x7F, 0x00, 0xFF, 0x00, 0xE0, 0xFF, 0x90, 0x00, 0xFF, 0x00,
    0xE0, 0x01, 0xD0, 0xF0, 0xFF, 0x7F, 0x00, 0xFF, 0x00, 0x60, 0xFF, 0xB0, 0x00, 0xFF, 0xB0, 0x00,
    0xFF, 0x00, 0xB0, 0xFF, 0x00, 0xB0, 0xFF, 0x50, 0x00, 0xFF, 0x60, 0x00, 0xFF, 0x00, 0xF0, 0x01,
    0x90, 0xA0, 0xFF, 0x00, 0x60, 0xFF, 0x00, 0x70, 0xFF, 0x70, 0x00, 0xFF, 0x70, 0x00, 0xFF, 0x00,
    0x90, 0xFF, 0x00, 0xA0, 0xFF, 0x90, 0x00, 0xFF, 0xC0, 0x00, 0xFF, 0x00, 0x60, 0xFF, 0x00, 0x3F,
    0x01, 0xC0, 0x40, 0xFF, 0x7F, 0x00, 0xFF, 0x00, 0x90, 0xFF, 0xA0, 0x00, 0xFF, 0x00, 0x50, 0xFF,
    0x40, 0x00, 0xFF, 0x00, 0xD0, 0xFF, 0xF0, 0x00, 0xFF, 0x00, 0x20, 0xFF, 0xE0, 0x00, 0xFF, 0x00,
    0xD0, 0xFF, 0x40, 0x00, 0x01, 0x30, 0xE0, 0xFF, 0x00, 0x50, 0xFF, 0xA0, 0x00, 0xFF, 0x00, 0xD0,
    0xFF, 0x00, 0xB0, 0xFF, 0x30, 0x00, 0xFF, 0x60, 0x00, 0xFF, 0x00, 0x50, 0xFF, 0x00, 0x60, 0xFF,
    0xA0, 0x00, 0xFF, 0xA0, 0x00, 0xFF, 0x00, 0xA0, 0xFF, 0x00, 0xA0, 0xFF, 0xF1, 0x00, 0x01, 0x09,
    0x80, 0xFF, 0x04, 0xFF, 0xFD, 0xFF, 0x03, 0x03, 0x02, 0x03, 0xFA, 0xFD, 0xFA, 0xFD, 0x02, 0x01,
    0x03, 0x01, 0xFD, 0x01, 0x04, 0xFF, 0xF2, 0xF9, 0xFF, 0x00, 0x0E, 0xFF, 0x0E, 0xF9, 0x00, 0x00,
    0x07, 0xFF, 0xF2, 0x07, 0xFF, 0x00, 0x07, 0xFF, 0x0E, 0xF2, 0x00, 0x00, 0xF2, 0xFF, 0xF2, 0xF9,
    0xFF, 0x00, 0xF9, 0xFF, 0x0E, 0x0E, 0x00, 0x07, 0x07, 0xFF, 0x0E, 0x00, 0xFF, 0xF9, 0xF2, 0xFF,
    0x07, 0x00, 0xFF, 0x00, 0xF9, 0xFF, 0x00, 0x07, 0xFF, 0x07, 0x00, 0xFF, 0xF9, 0x0E, 0x01, 0x00,
    0x07, 0xF9, 0xFF, 0x00, 0x0E, 0xFF, 0xF2, 0x0E, 0xFF, 0x00, 0x0E, 0xFF, 0xE4, 0x07, 0xFF, 0x0E,
    0xEB, 0xFF, 0xF2, 0xF9, 0xFF, 0x00, 0xE4, 0xFF, 0x0E, 0xF9, 0xFF, 0xF2, 0xEB, 0xFF, 0x1C, 0x07,
    0xFF, 0x00, 0x0E, 0xFF, 0x0E, 0x0E, 0x01, 0x00, 0x1C, 0xF2, 0xFF, 0x00, 0x1C, 0xFF, 0xF2, 0x0E,
    0xFF, 0xE4, 0x00, 0xFF, 0xF2, 0xF2, 0xFF, 0x00, 0xE4, 0xFF, 0x0E, 0xF2, 0xFF, 0x1C, 0x00, 0xFF,
    0x0E, 0x0E, 0x01, 0xFF, 0xF9, 0x0E, 0xFF, 0xEB, 0xE4, 0xFF, 0x0E, 0xF2, 0xFF, 0x1C, 0x00, 0xFF,
    0xF9, 0x23, 0xFF, 0xF9, 0xF9, 0x01, 0xFF, 0x0E, 0x1C, 0xFF, 0x0E, 0xF2, 0xFF, 0x00, 0xE4, 0xFF,
    0xF2, 0xF2, 0xFF, 0xF9, 0x23, 0xFF, 0xF9, 0xF9, 0x01, 0xFF, 0x0E, 0x1C, 0xFF, 0xE4, 0x00, 0xFF,
    0xF2, 0xF2, 0xFF, 0x00, 0xE4, 0xFF, 0x15, 0x1C, 0xFF, 0x07, 0xF2, 0x01, 0x00, 0x6E, 0x00, 0xFF,
    0xA6, 0x0A, 0xFF, 0x1E, 0x28, 0xFF, 0xD8, 0xE2, 0xFF, 0xF6, 0x5A, 0xFF, 0xF6, 0xA6, 0xFF, 0xD8,
    0x1E, 0xFF, 0x1E, 0xD8, 0xFF, 0xA6, 0xF6, 0xFF, 0x5A, 0xF6, 0xFF, 0xE2, 0xD8, 0xFF, 0x28, 0x1E,
    0xFF, 0x0A, 0xA6, 0xFF, 0x0A, 0x5A, 0xFF, 0x28, 0xE2, 0xFF, 0xE2, 0x28, 0xFF, 0x5A, 0x0A, 0x01,
    0x00, 0x6B, 0xEC, 0xFF, 0xAA, 0x1A, 0xFF, 0x25, 0x21, 0xFF, 0xD3, 0xEA, 0xFF, 0x07, 0x5A, 0xFF,
    0xE6, 0xAA, 0xFF, 0xDF, 0x25, 0xFF, 0x16, 0xD3, 0xFF, 0xA6, 0x07, 0xFF, 0x56, 0xE6, 0xFF, 0xDB,
    0xDF, 0xFF, 0x2D, 0x16, 0xFF, 0xF9, 0xA6, 0xFF, 0x1A, 0x56, 0xFF, 0x21, 0xDB, 0xFF, 0xEA, 0x2D,
    0xFF, 0x5A, 0xF9, 0x01, 0x00, 0x65, 0xD8, 0xFF, 0xB1, 0x29, 0xFF, 0x2A, 0x1A, 0xFF, 0xD0, 0xF3,
    0xFF, 0x18, 0x57, 0xFF, 0xD7, 0xB1, 0xFF, 0xE6, 0x2A, 0xFF, 0x0D, 0xD0, 0xFF, 0xA9, 0x18, 0xFF,
    0x4F, 0xD7, 0xFF, 0xD6, 0xE6, 0xFF, 0x30, 0x0D, 0xFF, 0xE8, 0xA9, 0xFF, 0x29, 0x4F, 0xFF, 0x1A,
    0xD6, 0xFF, 0xF3, 0x30, 0xFF, 0x57, 0xE8, 0x01, 0x00, 0x5B, 0xC5, 0xFF, 0xBB, 0x39, 0xFF, 0x2E,
    0x10, 0xFF, 0xCF, 0xFD, 0xFF, 0x28, 0x50, 0xFF, 0xC7, 0xBB, 0xFF, 0xF0, 0x2E, 0xFF, 0x03, 0xCF,
    0xFF, 0xB0, 0x28, 0xFF, 0x45, 0xC7, 0xFF, 0xD2, 0xF0, 0xFF, 0x31, 0x03, 0xFF, 0xD8, 0xB0, 0xFF,
    0x39, 0x45, 0xFF, 0x10, 0xD2, 0xFF, 0xFD, 0x31, 0xFF, 0x50, 0xD8, 0x01, 0x00, 0x4D, 0xB3, 0xFF,
    0xC8, 0x46, 0xFF, 0x31, 0x07, 0xFF, 0xCF, 0x07, 0xFF, 0x38, 0x46, 0xFF, 0xBA, 0xC8, 0xFF, 0xF9,
    0x31, 0xFF, 0xF9, 0xCF, 0xFF, 0xBA, 0x38, 0xFF, 0x38, 0xBA, 0xFF, 0xCF, 0xF9, 0xFF, 0x31, 0xF9,
    0xFF, 0xC8, 0xBA, 0xFF, 0x46, 0x38, 0xFF, 0x07, 0xCF, 0xFF, 0x07, 0x31, 0xFF, 0x46, 0xC8, 0x01,
    0x00, 0x3C, 0xA6, 0xFF, 0xD7, 0x50, 0xFF, 0x31, 0xFD, 0xFF, 0xD1, 0x0F, 0xFF, 0x45, 0x3A, 0xFF,
    0xB0, 0xD7, 0xFF, 0x03, 0x31, 0xFF, 0xF1, 0xD1, 0xFF, 0xC6, 0x45, 0xFF, 0x29, 0xB0, 0xFF, 0xCF,
    0x03, 0xFF, 0x2F, 0xF1, 0xFF, 0xBB, 0xC6, 0xFF, 0x50, 0x29, 0xFF, 0xFD, 0xCF, 0xFF, 0x0F, 0x2F,
    0xFF, 0x3A, 0xBB, 0x01, 0x00, 0x2A, 0x9B, 0xFF, 0xE7, 0x57, 0xFF, 0x30, 0xF4, 0xFF, 0xD5, 0x19,
    0xFF, 0x4F, 0x2B, 0xFF, 0xA9, 0xE7, 0xFF, 0x0C, 0x30, 0xFF, 0xE7, 0xD5, 0xFF, 0xD5, 0x4F, 0xFF,
    0x19, 0xA9, 0xFF, 0xD0, 0x0C, 0xFF, 0x2B, 0xE7, 0xFF, 0xB1, 0xD5, 0xFF, 0x57, 0x19, 0xFF, 0xF4,
    0xD0, 0xFF, 0x19, 0x2B, 0xFF, 0x2B, 0xB1, 0x01, 0x00, 0x16, 0x96, 0xFF, 0xF7, 0x59, 0xFF, 0x2D,
    0xEB, 0xFF, 0xDB, 0x21, 0xFF, 0x55, 0x1B, 0xFF, 0xA7, 0xF7, 0xFF, 0x15, 0x2D, 0xFF, 0xDF, 0xDB,
    0xFF, 0xE5, 0x55, 0xFF, 0x09, 0xA7, 0xFF, 0xD3, 0x15, 0xFF, 0x25, 0xDF, 0xFF, 0xAB, 0xE5, 0xFF,
    0x59, 0x09, 0xFF, 0xEB, 0xD3, 0xFF, 0x21, 0x25, 0xFF, 0x1B, 0xAB, 0x01, 0x00, 0x00, 0x94, 0xFF,
    0x09, 0x59, 0xFF, 0x28, 0xE2, 0xFF, 0xE2, 0x28, 0xFF, 0x59, 0x09, 0xFF, 0xA7, 0x09, 0xFF, 0x1E,
    0x28, 0xFF, 0xD8, 0xE2, 0xFF, 0xF7, 0x59, 0xFF, 0xF7, 0xA7, 0xFF, 0xD8, 0x1E, 0xFF, 0x1E, 0xD8,
    0xFF, 0xA7, 0xF7, 0xFF, 0x59, 0xF7, 0xFF, 0xE2, 0xD8, 0xFF, 0x28, 0x1E, 0xFF, 0x09, 0xA7, 0x01,
    0x00, 0xEC, 0x95, 0xFF, 0x1A, 0x56, 0xFF, 0x21, 0xDB, 0xFF, 0xEA, 0x2D, 0xFF, 0x5A, 0xF9, 0xFF,
    0xAA, 0x1A, 0xFF, 0x25, 0x21, 0xFF, 0xD3, 0xEA, 0xFF, 0x07, 0x5A, 0xFF, 0xE6, 0xAA, 0xFF, 0xDF,
    0x25, 0xFF, 0x16, 0xD3, 0xFF, 0xA6, 0x07, 0xFF, 0x56, 0xE6, 0xFF, 0xDB, 0xDF, 0xFF, 0x2D, 0x16,
    0xFF, 0xF9, 0xA6, 0x01, 0x00, 0xD8, 0x9B, 0xFF, 0x29, 0x4F, 0xFF, 0x1A, 0xD6, 0xFF, 0xF3, 0x30,
    0xFF, 0x57, 0xE8, 0xFF, 0xB1, 0x29, 0xFF, 0x2A, 0x1A, 0xFF, 0xD0, 0xF3, 0xFF, 0x18, 0x57, 0xFF,
    0xD7, 0xB1, 0xFF, 0xE6, 0x2A, 0xFF, 0x0D, 0xD0, 0xFF, 0xA9, 0x18, 0xFF, 0x4F, 0xD7, 0xFF, 0xD6,
    0xE6, 0xFF, 0x30, 0x0D, 0xFF, 0xE8, 0xA9, 0x01, 0x00, 0xC5, 0xA5, 0xFF, 0x39, 0x45, 0xFF, 0x10,
    0xD2, 0xFF, 0xFD, 0x31, 0xFF, 0x50, 0xD8, 0xFF, 0xBB, 0x39, 0xFF, 0x2E, 0x10, 0xFF, 0xCF, 0xFD,
    0xFF, 0x28, 0x50, 0xFF, 0xC7, 0xBB, 0xFF, 0xF0, 0x2E, 0xFF, 0x03, 0xCF, 0xFF, 0xB0, 0x28, 0xFF,
    0x45, 0xC7, 0xFF, 0xD2, 0xF0, 0xFF, 0x31, 0x03, 0xFF, 0xD8, 0xB0, 0x01, 0x00, 0xB3, 0xB3, 0xFF,
    0x46, 0x38, 0xFF, 0x07, 0xCF, 0xFF, 0x07, 0x31, 0xFF, 0x46, 0xC8, 0xFF, 0xC8, 0x46, 0xFF, 0x31,
    0x07, 0xFF, 0xCF, 0x07, 0xFF, 0x38, 0x46, 0xFF, 0xBA, 0xC8, 0xFF, 0xF9, 0x31, 0xFF, 0xF9, 0xCF,
    0xFF, 0xBA, 0x38, 0xFF, 0x38, 0xBA, 0xFF, 0xCF, 0xF9, 0xFF, 0x31, 0xF9, 0xFF, 0xC8, 0xBA, 0x01,
    0x00, 0xA6, 0xC4, 0xFF, 0x50, 0x29, 0xFF, 0xFD, 0xCF, 0xFF, 0x0F, 0x2F, 0xFF, 0x3A, 0xBB, 0xFF,
    0xD7, 0x50, 0xFF, 0x31, 0xFD, 0xFF, 0xD1, 0x0F, 0xFF, 0x45, 0x3A, 0xFF, 0xB0, 0xD7, 0xFF, 0x03,
    0x31, 0xFF, 0xF1, 0xD1, 0xFF, 0xC6, 0x45, 0xFF, 0x29, 0xB0, 0xFF, 0xCF, 0x03, 0xFF, 0x2F, 0xF1,
    0xFF, 0xBB, 0xC6, 0x01, 0x00, 0x9B, 0xD6, 0xFF, 0x57, 0x19, 0xFF, 0xF4, 0xD0, 0xFF, 0x19, 0x2B,
    0xFF, 0x2B, 0xB1, 0xFF, 0xE7, 0x57, 0xFF, 0x30, 0xF4, 0xFF, 0xD5, 0x19, 0xFF, 0x4F, 0x2B, 0xFF,
    0xA9, 0xE7, 0xFF, 0x0C, 0x30, 0xFF, 0xE7, 0xD5, 0xFF, 0xD5, 0x4F, 0xFF, 0x19, 0xA9, 0xFF, 0xD0,
    0x0C, 0xFF, 0x2B, 0xE7, 0xFF, 0xB1, 0xD5, 0x01, 0x00, 0x96, 0xEA, 0xFF, 0x59, 0x09, 0xFF, 0xEB,
    0xD3, 0xFF, 0x21, 0x25, 0xFF, 0x1B, 0xAB, 0xFF, 0xF7, 0x59, 0xFF, 0x2D, 0xEB, 0xFF, 0xDB, 0x21,
    0xFF, 0x55, 0x1B, 0xFF, 0xA7, 0xF7, 0xFF, 0x15, 0x2D, 0xFF, 0xDF, 0xDB, 0xFF, 0xE5, 0x55, 0xFF,
    0x09, 0xA7, 0xFF, 0xD3, 0x15, 0xFF, 0x25, 0xDF, 0xFF, 0xAB, 0xE5, 0x01, 0x50, 0x00, 0x01, 0xB0,
    0x00, 0x01, 0x20, 0xB0, 0x01, 0xE0, 0xB0, 0x01, 0x20, 0x50, 0x01, 0xE0, 0x50, 0x01, 0x31, 0x30,
    0x30, 0x30, 0x80, 0x32, 0x30, 0x30, 0x30, 0x80, 0x33, 0x30, 0x30, 0x30, 0x80, 0x34, 0x30, 0x30,
    0x30, 0x80, 0x35, 0x30, 0x30, 0x30, 0x80, 0x39, 0x30, 0x30, 0x30, 0x80, 0x00, 0x08, 0xFC, 0xFF,
    0x00, 0xF8, 0xFF, 0xF8, 0xF4, 0xFF, 0xFC, 0x08, 0xFF, 0x00, 0x24, 0xFF, 0x04, 0x08, 0xFF, 0x08,
    0xF4, 0xFF, 0x00, 0xF8, 0xFF, 0x04, 0xFC, 0xFF, 0x00, 0xFC, 0xFF, 0xFC, 0xFC, 0xFF, 0x00, 0x0C,
    0x01, 0x00, 0xFC, 0xF4, 0xFF, 0xFC, 0x04, 0xFF, 0x00, 0x14, 0xFF, 0x04, 0x04, 0x00, 0x00, 0xFC,
    0xFF, 0xFC, 0x00, 0x00, 0x00, 0xFC, 0xFF, 0x04, 0x00, 0x00, 0x00, 0xFC, 0xFF, 0xFC, 0x00, 0x00,
    0x00, 0xFC, 0xFF, 0x04, 0x00, 0x00, 0x00, 0xFC, 0xFF, 0xFC, 0x00, 0x00, 0x00, 0xFC, 0xFF, 0x04,
    0x00, 0x01, 0x00, 0x04, 0xFC, 0xFF, 0xFC, 0xEC, 0xFF, 0xFC, 0x10, 0xFF, 0x00, 0x14, 0xFF, 0xFC,
    0xFC, 0xFF, 0x00, 0xF4, 0xFF, 0x04, 0xFC, 0x00, 0x00, 0x14, 0xFF, 0x04, 0x10, 0xFF, 0x04, 0xEC,
    0xFF, 0x04, 0xFC, 0xFF, 0x00, 0xFC, 0xFF, 0xFC, 0xFC, 0xFF, 0x00, 0x0C, 0x00, 0xFC, 0x14, 0xFF,
    0x00, 0xCC, 0x01, 0xFB, 0xF1, 0xF6, 0x14, 0x23, 0x05, 0xEC, 0xF6, 0xF2, 0xF9, 0x07, 0x15, 0x1C,
    0xEB, 0xEB, 0x07, 0xF2, 0x04, 0x12, 0x0A, 0x05, 0xDF, 0xF7, 0x13, 0xF9, 0x0E, 0x15, 0xF9, 0xEB,
    0xE4, 0x07, 0x15, 0x04, 0x0E, 0x0A, 0xEE, 0xDF, 0xFB, 0x13, 0x09, 0x0E, 0x07, 0xF9, 0xEB, 0xE4,
    0x15, 0x15, 0xF9, 0x0E, 0xFC, 0xEE, 0xF6, 0xFB, 0x21, 0x09, 0xED, 0x07, 0xF2, 0xEB, 0x07, 0x15,
    0x1C, 0xF9, 0xEB, 0xFB, 0xF6, 0x1E, 0x0A, 0xE7, 0x00, 0xF6, 0xFD, 0x1B, 0xF2, 0xEF, 0x11, 0xF7,
    0x04, 0x09, 0xE4, 0x00, 0x18, 0xFD, 0x0A, 0xF2, 0xE5, 0x11, 0x11, 0x04, 0x09, 0xE4, 0xF7, 0x18,
    0x00, 0x0A, 0x03, 0xE5, 0x0E, 0x11, 0xEF, 0x09, 0xFC, 0xF7, 0x1C, 0x00, 0xE8, 0x03, 0xF6, 0x0E,
    0x1B, 0xEF, 0xEF, 0xFC, 0xC9, 0xD0, 0x10, 0x83, 0x30, 0x30, 0x26, 0x03, 0x7E, 0x69, 0xB6, 0x86,
    0xF0, 0xB7, 0xC8, 0xC8, 0xB7, 0xC8, 0xD1, 0x86, 0x7F, 0xB7, 0xC8, 0x80, 0x86, 0x18, 0xB7, 0xC9,
    0xD4, 0x86, 0x06, 0xB7, 0xC9, 0x0C, 0x7F, 0xC9, 0xCB, 0x7F, 0xC9, 0xD5, 0x7F, 0xC9, 0xFD, 0x7F,
    0xC9, 0xFE, 0x7F, 0xC9, 0x7F, 0x7F, 0xCB, 0x02, 0xBD, 0x73, 0xDA, 0x86, 0x1F, 0xB7, 0xC9, 0x12,
    0x7F, 0xC9, 0x06, 0x7F, 0xC9, 0x07, 0x7F, 0xC9, 0x08, 0x7F, 0xC9, 0x09, 0x86, 0x03, 0xB7, 0xC9,
    0x6E, 0x86, 0x04, 0xB7, 0xC9, 0x6F, 0x7F, 0xC9, 0x33, 0x7F, 0xC9, 0x9E, 0x86, 0x04, 0xB7, 0xC9,
    0x70, 0x86, 0x10, 0xB7, 0xC9, 0x9F, 0x86, 0x01, 0xB7, 0xC9, 0x71, 0xB7, 0xC9, 0x14, 0x7F, 0xC9,
    0x72, 0x7F, 0xC9, 0x56, 0x7F, 0xC9, 0x5B, 0x10, 0x8E, 0x67, 0x05, 0x10, 0xBF, 0xC9, 0x31, 0x7F,
    0xC9, 0xA4, 0x7F, 0xC9, 0x19, 0x86, 0x01, 0xB7, 0xCB, 0x01, 0xBD, 0xF1, 0x92, 0xBD, 0x67, 0xFD,
    0xB6, 0xC9, 0xD4, 0x81, 0x18, 0x26, 0x06, 0xBD, 0x15, 0x2A, 0xBD, 0x18, 0xDC, 0xBD, 0x0B, 0xD4,
    0xBD, 0x5E, 0xFD, 0xBD, 0x7A, 0xEB, 0xBD, 0x61, 0x9E, 0xBD, 0x67, 0xA6, 0xBD, 0x62, 0x32, 0xBD,
    0x08, 0xE1, 0xBD, 0x65, 0x30, 0xBD, 0x65, 0x9A, 0xBD, 0x66, 0x74, 0xBD, 0x71, 0x39, 0xFC, 0xC9,
    0x0E, 0x26, 0x08, 0xB6, 0xC9, 0x72, 0x27, 0x03, 0x7E, 0x63, 0x15, 0xB6, 0xC9, 0xD5, 0x27, 0x03,
    0x7E, 0x6A, 0x74, 0xB6, 0xC9, 0xD3, 0x27, 0x03, 0x7E, 0x69, 0xB6, 0xB6, 0xC9, 0x33, 0x27, 0xAA,
    0xB6, 0xC9, 0x33, 0x4A, 0x8E, 0x5C, 0xDC, 0x10, 0x8E, 0xC9, 0x5C, 0x81, 0x00, 0x27, 0x07, 0x30,
    0x03, 0x31, 0x23, 0x4A, 0x20, 0xF5, 0x10, 0xBF, 0xC9, 0x7D, 0x7E, 0x01, 0x12, 0x7A, 0xC9, 0x6F,
    0xB6, 0xC9, 0x6F, 0x81, 0x00, 0x26, 0x08, 0x86, 0x03, 0xB7, 0xC9, 0x6F, 0x7A, 0xC9, 0x6E, 0xB6,
    0xC9, 0x14, 0x40, 0xB7, 0xC9, 0x14, 0xFC, 0xC9, 0x0E, 0x27, 0x03, 0x7E, 0x60, 0x13, 0xB6, 0xC8,
    0xC8, 0x26, 0x53, 0xB6, 0xC8, 0xC0, 0xF6, 0xC8, 0xC2, 0xFD, 0xC9, 0x16, 0xB6, 0xC9, 0x1A, 0xF6,
    0xC9, 0x1C, 0xFD, 0xC9, 0x20, 0xBE, 0xC9, 0x16, 0x10, 0xBE, 0xC9, 0x20, 0xCC, 0x18, 0x18, 0xBD,
    0xF8, 0xFF, 0x24, 0x32, 0xB6, 0xC8, 0xD1, 0x26, 0x28, 0xB6, 0xC8, 0xC9, 0xF6, 0xC8, 0xCB, 0xFD,
    0xC9, 0x16, 0xB6, 0xC9, 0x1A, 0xF6, 0xC9, 0x1C, 0xFD, 0xC9, 0x20, 0xBE, 0xC9, 0x16, 0x10, 0xBE,
    0xC9, 0x20, 0xCC, 0x20, 0x20, 0xBD, 0xF8, 0xFF, 0x24, 0x07, 0x86, 0x03, 0xB7, 0xC9, 0x72, 0x20,
    0x5D, 0x86, 0x01, 0xB7, 0xC9, 0x72, 0xB6, 0xC8, 0xD1, 0x26, 0x53, 0xB6, 0xC8, 0xC9, 0xF6, 0xC8,
    0xCB, 0xFD, 0xC9, 0x16, 0xB6, 0xC9, 0x1A, 0xF6, 0xC9, 0x1C, 0xFD, 0xC9, 0x20, 0xBE, 0xC9, 0x16,
    0x10, 0xBE, 0xC9, 0x20, 0xCC, 0x18, 0x18, 0xBD, 0xF8, 0xFF, 0x24, 0x32, 0xB6, 0xC8, 0xC8, 0x26,
    0x28, 0xB6, 0xC8, 0xC0, 0xF6, 0xC8, 0xC2, 0xFD, 0xC9, 0x16, 0xB6, 0xC9, 0x1A, 0xF6, 0xC9, 0x1C,
    0xFD, 0xC9, 0x20, 0xBE, 0xC9, 0x16, 0x10, 0xBE, 0xC9, 0x20, 0xCC, 0x20, 0x20, 0xBD, 0xF8, 0xFF,
    0x24, 0x07, 0x86, 0x03, 0xB7, 0xC9, 0x72, 0x20, 0x05, 0x86, 0x02, 0xB7, 0xC9, 0x72, 0xB6, 0xC9,
    0x6D, 0x27, 0x40, 0xB6, 0xC9, 0x14, 0x27, 0x1B, 0xB6, 0xC8, 0xC8, 0x27, 0x16, 0x7A, 0xC8, 0xC8,
    0xB6, 0xC8, 0xC8, 0x81, 0x00, 0x26, 0x0C, 0xCC, 0xE0, 0x00, 0xFD, 0xC8, 0xC0, 0xCC, 0x50, 0x00,
    0xFD, 0xC8, 0xC2, 0xB6, 0xC9, 0x14, 0x27, 0x1B, 0xB6, 0xC8, 0xD1, 0x27, 0x16, 0x7A, 0xC8, 0xD1,
    0xB6, 0xC8, 0xD1, 0x81, 0x00, 0x26, 0x0C, 0xCC, 0xE0, 0x00, 0xFD, 0xC8, 0xC9, 0xCC, 0x50, 0x00,
    0xFD, 0xC8, 0xCB, 0xFC, 0xC9, 0x0E, 0x10, 0x83, 0x00, 0x00, 0x26, 0x03, 0x7E, 0x60, 0xB4, 0x83,
    0x00, 0x01, 0xFD, 0xC9, 0x0E, 0xB6, 0xC8, 0xC0, 0xF6, 0xC8, 0xC2, 0xFD, 0xC9, 0x16, 0xCC, 0xE0,
    0x50, 0xFD, 0xC9, 0x20, 0xBE, 0xC9, 0x16, 0x10, 0xBE, 0xC9, 0x20, 0xCC, 0x04, 0x04, 0xBD, 0xF8,
    0xFF, 0x24, 0x05, 0x86, 0xFF, 0xB7, 0xC8, 0xC8, 0xB6, 0xC8, 0xC9, 0xF6, 0xC8, 0xCB, 0xFD, 0xC9,
    0x16, 0xCC, 0xE0, 0x50, 0xFD, 0xC9, 0x20, 0xBE, 0xC9, 0x16, 0x10, 0xBE, 0xC9, 0x20, 0xCC, 0x04,
    0x04, 0xBD, 0xF8, 0xFF, 0x24, 0x05, 0x86, 0xFF, 0xB7, 0xC8, 0xD1, 0xCC, 0xE0, 0x50, 0xB7, 0xC9,
    0x1A, 0xF7, 0xC9, 0x1C, 0xFC, 0xC9, 0x0E, 0x10, 0x83, 0x00, 0x00, 0x26, 0x37, 0xCC, 0x50, 0xC0,
    0xB7, 0xC9, 0x1A, 0x7F, 0xC9, 0x1B, 0xF7, 0xC9, 0x1C, 0x7F, 0xC9, 0x1D, 0x86, 0x1F, 0xB7, 0xC9,
    0x12, 0x7F, 0xC9, 0x06, 0x7F, 0xC9, 0x07, 0x7F, 0xC9, 0x08, 0x7F, 0xC9, 0x09, 0x7F, 0xC9, 0x04,
    0x86, 0xFF, 0xB7, 0xC9, 0xC8, 0xFC, 0xC9, 0xD0, 0x10, 0x83, 0x30, 0x30, 0x26, 0x06, 0x86, 0x01,
    0xB7, 0xC9, 0xD3, 0x39, 0x7C, 0xC9, 0x9E, 0xB6, 0xC9, 0x9E, 0x81, 0x04, 0x26, 0x03, 0x7F, 0xC9,
    0x9E, 0xBD, 0xF2, 0xA9, 0xB6, 0xC9, 0x2C, 0x27, 0x21, 0x8B, 0x02, 0xB7, 0xC9, 0x2C, 0x81, 0x70,
    0x26, 0x05, 0x7F, 0xC9, 0x2C, 0x20, 0x13, 0xFC, 0xC9, 0x2A, 0xBD, 0xF2, 0xFC, 0x8E, 0x41, 0xBE,
    0xF6, 0xC9, 0x2C, 0x58, 0xBD, 0xF4, 0x0E, 0xBD, 0xF3, 0x54, 0x7C, 0xC9, 0xC9, 0xB6, 0xC9, 0xC9,
    0xB1, 0xC9, 0xCA, 0x26, 0x03, 0x7F, 0xC9, 0xC9, 0xB6, 0xC9, 0x29, 0x27, 0x21, 0x8B, 0x08, 0xB7,
    0xC9, 0x29, 0x81, 0x60, 0x2B, 0x05, 0x7F, 0xC9, 0x29, 0x20, 0x13, 0xFC, 0xC9, 0x27, 0xBD, 0xF2,
    0xFC, 0x8E, 0x41, 0xBE, 0xF6, 0xC9, 0x29, 0x58, 0xBD, 0xF4, 0x0E, 0xBD, 0xF3, 0x54, 0xB6, 0xC9,
    0x2C, 0x26, 0x2F, 0xB6, 0xC9, 0x5E, 0x26, 0x2A, 0xB6, 0xC9, 0x61, 0x26, 0x25, 0xB6, 0xC9, 0x64,
    0x26, 0x20, 0xB6, 0xC9, 0x67, 0x26, 0x1B, 0xB6, 0xC9, 0x6A, 0x26, 0x16, 0xB6, 0xC9, 0x6D, 0x26,
    0x11, 0xB6, 0xC9, 0xD4, 0x8B, 0x02, 0xB7, 0xC9, 0xD4, 0x81, 0x00, 0x26, 0x05, 0x86, 0x01, 0xB7,
    0xC9, 0xD5, 0xB6, 0xC9, 0xFE, 0x81, 0x00, 0x26, 0x0F, 0x7C, 0xC9, 0x0C, 0xB6, 0xC9, 0x0C, 0x81,
    0x07, 0x26, 0x05, 0x86, 0x01, 0xB7, 0xC9, 0x0C, 0xB6, 0xC9, 0xFE, 0x8B, 0x08, 0xB7, 0xC9, 0xFE,
    0x7C, 0xC9, 0xFB, 0xB6, 0xC9, 0x14, 0x2A, 0x03, 0x7A, 0xC9, 0xFC, 0xB6, 0xC8, 0x80, 0x27, 0x1D,
    0xBD, 0xF2, 0xAB, 0xB6, 0xC8, 0x85, 0xCE, 0x7B, 0x6C, 0x81, 0x01, 0x27, 0x0A, 0xCE, 0x7B, 0x79,
    0x81, 0x02, 0x27, 0x03, 0xCE, 0x7B, 0x86, 0xBD, 0xF3, 0x85, 0x7A, 0xC8, 0x80, 0x39, 0x86, 0x70,
    0xBD, 0xF2, 0xAB, 0xCC, 0x00, 0x00, 0xBD, 0xF2, 0xFC, 0x8E, 0x59, 0x9C, 0xB6, 0xC9, 0x6E, 0x84,
    0x0F, 0xC6, 0x34, 0x3D, 0x30, 0x8B, 0xF6, 0xC9, 0xD4, 0xC0, 0x04, 0xBD, 0xF4, 0x0E, 0xBD, 0xF3,
    0x54, 0xB6, 0xC9, 0xD4, 0x81, 0x18, 0x27, 0x09, 0x7A, 0xC9, 0x6E, 0x7A, 0xC9, 0x6E, 0xBD, 0x7B,
    0x93, 0x86, 0x50, 0xBD, 0xF2, 0xAB, 0x86, 0x01, 0xB7, 0xC9, 0x33, 0x8E, 0xC9, 0x5C, 0xBF, 0xC9,
    0x1E, 0xA6, 0x02, 0x27, 0x07, 0xBD, 0x61, 0xFD, 0x81, 0x00, 0x26, 0x10, 0xBE, 0xC9, 0x1E, 0x30,
    0x03, 0x7C, 0xC9, 0x33, 0x8C, 0xC9, 0x6E, 0x26, 0xE5, 0x7F, 0xC9, 0x33, 0x39, 0xBD, 0xF3, 0x0C,
    0xBD, 0x7A, 0x1A, 0xFC, 0xC9, 0x0E, 0x26, 0x28, 0xBE, 0xC9, 0x1E, 0xEC, 0x84, 0xFD, 0xC9, 0x16,
    0xB6, 0xC9, 0x1A, 0xF6, 0xC9, 0x1C, 0xFD, 0xC9, 0x20, 0xBE, 0xC9, 0x16, 0x10, 0xBE, 0xC9, 0x20,
    0xCC, 0x0A, 0x0A, 0xBD, 0xF8, 0xFF, 0x24, 0x08, 0xB6, 0xC9, 0xC8, 0x27, 0x03, 0x86, 0x01, 0x39,
    0x4F, 0x39, 0x86, 0x50, 0xBD, 0xF2, 0xAB, 0x8E, 0xC8, 0xC0, 0xA6, 0x08, 0x26, 0x03, 0xBD, 0x62,
    0x4C, 0x8E, 0xC8, 0xC9, 0xA6, 0x08, 0x26, 0x03, 0xBD, 0x62, 0x4C, 0x39, 0xBF, 0xC9, 0x1E, 0xA6,
    0x84, 0xE6, 0x02, 0xFD, 0xC9, 0x16, 0xFC, 0xC9, 0x1E, 0x10, 0x83, 0xC8, 0xC9, 0x27, 0x2C, 0x8E,
    0xC9, 0x16, 0xBD, 0xF3, 0x0C, 0xF6, 0xC9, 0x70, 0xCB, 0x04, 0x58, 0x8E, 0x5D, 0x0C, 0xBD, 0xF4,
    0x0E, 0xBD, 0xF3, 0x54, 0x8E, 0xC9, 0x16, 0xBD, 0xF3, 0x0C, 0xF6, 0xC9, 0x70, 0xCB, 0x04, 0x58,
    0x8E, 0x5D, 0x31, 0xBD, 0xF4, 0x0E, 0xBD, 0xF3, 0x54, 0x20, 0x15, 0x8E, 0xC9, 0x16, 0xBD, 0xF3,
    0x0C, 0xF6, 0xC9, 0x70, 0xCB, 0x04, 0x58, 0x8E, 0x5D, 0x62, 0xBD, 0xF4, 0x0E, 0xBD, 0xF3, 0x54,
    0xBD, 0xF1, 0xAF, 0xB6, 0xC9, 0x1A, 0xF6, 0xC9, 0x1C, 0x47, 0x57, 0xFD, 0xC9, 0x20, 0xBE, 0xC9,
    0x1E, 0xA6, 0x84, 0x47, 0xB0, 0xC9, 0x20, 0xE6, 0x02, 0x57, 0xF0, 0xC9, 0x21, 0xBD, 0xF5, 0x93,
    0x80, 0x10, 0x8B, 0x20, 0x84, 0x3F, 0xB7, 0xC9, 0x16, 0xF6, 0xC9, 0x16, 0xB6, 0xC9, 0x72, 0x81,
    0x03, 0x27, 0x0A, 0x86, 0x4F, 0xBE, 0xC9, 0x1E, 0x8C, 0xC8, 0xC9, 0x27, 0x02, 0x86, 0x7F, 0xBD,
    0xF6, 0x01, 0xBE, 0xC9, 0x1E, 0x6F, 0x04, 0xA7, 0x05, 0x6F, 0x06, 0xE7, 0x07, 0xBD, 0xF1, 0xAA,
    0xA6, 0x05, 0x2A, 0x08, 0xEC, 0x84, 0xA3, 0x04, 0xED, 0x84, 0x20, 0x06, 0xEC, 0x84, 0xE3, 0x04,
    0xED, 0x84, 0xA6, 0x07, 0x2A, 0x08, 0xEC, 0x02, 0xA3, 0x06, 0xED, 0x02, 0x20, 0x06, 0xEC, 0x02,
    0xE3, 0x06, 0xED, 0x02, 0x39, 0x86, 0x02, 0xB7, 0xC9, 0x71, 0x86, 0x10, 0xB7, 0xC9, 0x70, 0x86,
    0x01, 0xB7, 0xC9, 0x14, 0xB7, 0xC9, 0xA4, 0x86, 0x20, 0xB7, 0xC9, 0x9F, 0xB6, 0xC8, 0xC8, 0xB7,
    0xC9, 0x73, 0xB6, 0xC8, 0xD1, 0xB7, 0xC9, 0x74, 0xB6, 0xC8, 0xC0, 0xF6, 0xC8, 0xC2, 0xFD, 0xC9,
    0x75, 0xB6, 0xC8, 0xC9, 0xF6, 0xC8, 0xCB, 0xFD, 0xC9, 0x77, 0xB6, 0xC9, 0x1A, 0xF6, 0xC9, 0x1C,
    0xFD, 0xC9, 0x79, 0x7F, 0xC9, 0x1A, 0x7F, 0xC9, 0x1C, 0x7F, 0xC9, 0x56, 0x7F, 0xC9, 0x5B, 0x7F,
    0xC8, 0xC1, 0x7F, 0xC8, 0xC3, 0xBD, 0x66, 0x04, 0xB7, 0xC8, 0xC0, 0x81, 0x00, 0x27, 0x08, 0xBD,
    0xF5, 0x11, 0xB7, 0xC8, 0xC2, 0x20, 0x12, 0xBD, 0x66, 0x04, 0x81, 0x00, 0x26, 0x02, 0x86, 0x7F,
    0xB7, 0xC8, 0xC2, 0xBD, 0xF5, 0x11, 0xB7, 0xC8, 0xC0, 0x7F, 0xC8, 0xCA, 0x7F, 0xC8, 0xCC, 0xBD,
    0x66, 0x04, 0xB7, 0xC8, 0xC9, 0x81, 0x00, 0x27, 0x08, 0xBD, 0xF5, 0x11, 0xB7, 0xC8, 0xCB, 0x20,
    0x12, 0xBD, 0x66, 0x04, 0x81, 0x00, 0x26, 0x02, 0x86, 0x7F, 0xB7, 0xC8, 0xCB, 0xBD, 0xF5, 0x11,
    0xB7, 0xC8, 0xC9, 0xB6, 0xC9, 0x72, 0x81, 0x01, 0x26, 0x07, 0x86, 0xFF, 0xB7, 0xC8, 0xD1, 0x20,
    0x09, 0x81, 0x02, 0x26, 0x05, 0x86, 0xFF, 0xB7, 0xC8, 0xC8, 0xBD, 0xF1, 0x92, 0xBD, 0x71, 0x39,
    0xBD, 0x67, 0xFD, 0xBD, 0x66, 0x74, 0xBD, 0x64, 0x8A, 0xBD, 0x18, 0xDC, 0xBD, 0x15, 0x2A, 0xBD,
    0x0B, 0xD4, 0xBD, 0x62, 0x32, 0xBD, 0x08, 0xE1, 0xBD, 0x65, 0x30, 0xBD, 0x65, 0x9A, 0xB6, 0xC8,
    0xC8, 0x81, 0xFF, 0x26, 0xD5, 0xB6, 0xC8, 0xD1, 0x81, 0xFF, 0x26, 0xCE, 0xB6, 0xC9, 0x29, 0x26,
    0xC9, 0xB6, 0xC9, 0x2C, 0x26, 0xC4, 0xB6, 0xC9, 0x79, 0xC6, 0x00, 0xFD, 0xC9, 0x1A, 0xB6, 0xC9,
    0x7A, 0xC6, 0x00, 0xFD, 0xC9, 0x1C, 0xCC, 0x00, 0x00, 0xFD, 0xC9, 0x06, 0xFD, 0xC9, 0x08, 0x7F,
    0xC9, 0x00, 0xB6, 0xC9, 0x72, 0x81, 0x03, 0x27, 0x52, 0x81, 0x01, 0x26, 0x28, 0xB6, 0xC9, 0x75,
    0xC6, 0x00, 0xFD, 0xC8, 0xC0, 0xB6, 0xC9, 0x76, 0xC6, 0x00, 0xFD, 0xC8, 0xC2, 0xB6, 0xC9, 0x77,
    0xC6, 0x00, 0xFD, 0xC8, 0xC9, 0xB6, 0xC9, 0x78, 0xC6, 0x00, 0xFD, 0xC8, 0xCB, 0xB6, 0xC9, 0x74,
    0xB7, 0xC8, 0xD1, 0x20, 0x26, 0xB6, 0xC9, 0x77, 0xC6, 0x00, 0xFD, 0xC8, 0xC9, 0xB6, 0xC9, 0x78,
    0xC6, 0x00, 0xFD, 0xC8, 0xCB, 0xB6, 0xC9, 0x75, 0xC6, 0x00, 0xFD, 0xC8, 0xC0, 0xB6, 0xC9, 0x76,
    0xC6, 0x00, 0xFD, 0xC8, 0xC2, 0xB6, 0xC9, 0x73, 0xB7, 0xC8, 0xC8, 0xFC, 0xC9, 0xD0, 0x10, 0x83,
    0x30, 0x30, 0x27, 0x03, 0x7E, 0x5E, 0x4C, 0x7E, 0x69, 0xB6, 0xB6, 0xC9, 0x14, 0x40, 0xB7, 0xC9,
    0x14, 0xFC, 0xC9, 0x0E, 0x10, 0x83, 0x00, 0x00, 0x27, 0x50, 0x83, 0x00, 0x01, 0xFD, 0xC9, 0x0E,
    0x10, 0x83, 0x00, 0x00, 0x26, 0x44, 0x86, 0x03, 0xB7, 0xC9, 0x72, 0x86, 0xFF, 0xB7, 0xC8, 0xC8,
    0xB7, 0xC8, 0xD1, 0xCC, 0x50, 0xC0, 0xB7, 0xC9, 0x1A, 0xB7, 0xC9, 0x79, 0x7F, 0xC9, 0x1B, 0xF7,
    0xC9, 0x1C, 0xF7, 0xC9, 0x7A, 0x7F, 0xC9, 0x1D, 0x7F, 0xC9, 0x06, 0x7F, 0xC9, 0x07, 0x7F, 0xC9,
    0x08, 0x7F, 0xC9, 0x09, 0x7F, 0xC9, 0x04, 0x86, 0xFF, 0xB7, 0xC9, 0xC8, 0xFC, 0xC9, 0xD0, 0x10,
    0x83, 0x30, 0x30, 0x26, 0x05, 0x86, 0x01, 0xB7, 0xC9, 0xD3, 0x7C, 0xC9, 0x9E, 0xB6, 0xC9, 0x9E,
    0x81, 0x04, 0x26, 0x03, 0x7F, 0xC9, 0x9E, 0x7C, 0xC9, 0xC9, 0xB6, 0xC9, 0xC9, 0xB1, 0xC9, 0xCA,
    0x26, 0x03, 0x7F, 0xC9, 0xC9, 0xB6, 0xC9, 0x29, 0x27, 0x22, 0x8B, 0x08, 0xB7, 0xC9, 0x29, 0x81,
    0x60, 0x2B, 0x05, 0x7F, 0xC9, 0x29, 0x20, 0x14, 0xFC, 0xC9, 0x27, 0xBD, 0xF2, 0xFC, 0x8E, 0x41,
    0xBE, 0xF6, 0xC9, 0x29, 0xCB, 0x40, 0xBD, 0xF4, 0x0E, 0xBD, 0xF3, 0x54, 0xFC, 0xC9, 0x0E, 0x39,
    0xFC, 0xC9, 0x0E, 0x10, 0x83, 0x00, 0x00, 0x27, 0x01, 0x39, 0xB6, 0xC9, 0x56, 0x27, 0x01, 0x39,
    0xB6, 0xC8, 0xC8, 0x27, 0x01, 0x39, 0xBD, 0xF5, 0x11, 0xBD, 0xF5, 0x84, 0x81, 0x78, 0x2A, 0x01,
    0x39, 0xBD, 0xF1, 0xAF, 0xB6, 0xC9, 0x1A, 0x47, 0xF6, 0xC9, 0x1C, 0x57, 0xFD, 0xC9, 0x16, 0xB6,
    0xC8, 0xC0, 0x47, 0xB0, 0xC9, 0x16, 0xF6, 0xC8, 0xC2, 0x57, 0xF0, 0xC9, 0x17, 0xBD, 0xF5, 0x93,
    0xC0, 0x10, 0xCB, 0x20, 0x86, 0x04, 0xBD, 0xF6, 0x01, 0xFD, 0xC9, 0x54, 0x86, 0x0B, 0xF6, 0xC9,
    0x71, 0xC1, 0x01, 0x27, 0x02, 0x86, 0x16, 0xB7, 0xC9, 0x56, 0xB6, 0xC8, 0xC0, 0xF6, 0xC8, 0xC2,
    0xFD, 0xC9, 0x52, 0xBD, 0xF1, 0xAA, 0xBD, 0x73, 0xAF, 0x39, 0xFC, 0xC9, 0x0E, 0x10, 0x83, 0x00,
    0x00, 0x27, 0x01, 0x39, 0xB6, 0xC9, 0x5B, 0x27, 0x01, 0x39, 0xB6, 0xC8, 0xD1, 0x27, 0x01, 0x39,
    0xBD, 0xF5, 0x11, 0xBD, 0xF5, 0x84, 0x81, 0x78, 0x2A, 0x01, 0x39, 0xBD, 0xF1, 0xAF, 0xB6, 0xC9,
    0x1A, 0x47, 0xF6, 0xC9, 0x1C, 0x57, 0xFD, 0xC9, 0x16, 0xB6, 0xC8, 0xC9, 0x47, 0xB0, 0xC9, 0x16,
    0xF6, 0xC8, 0xCB, 0x57, 0xF0, 0xC9, 0x17, 0xBD, 0xF5, 0x93, 0xC0, 0x10, 0xCB, 0x20, 0x86, 0x04,
    0xBD, 0xF6, 0x01, 0xFD, 0xC9, 0x59, 0x86, 0x0B, 0xF6, 0xC9, 0x71, 0xC1, 0x01, 0x27, 0x02, 0x86,
    0x16, 0xB7, 0xC9, 0x5B, 0xB6, 0xC8, 0xC9, 0xF6, 0xC8, 0xCB, 0xFD, 0xC9, 0x57, 0xBD, 0xF1, 0xAA,
    0xBD, 0x73, 0xAF, 0x39, 0xBD, 0xF5, 0x11, 0x2B, 0x03, 0x86, 0x00, 0x39, 0xBD, 0xF5, 0x11, 0x2A,
    0x03, 0x86, 0x70, 0x39, 0x86, 0x90, 0x39, 0xBD, 0xF1, 0xAF, 0x8E, 0xC9, 0x80, 0xBD, 0x66, 0x3C,
    0x8E, 0xC9, 0x86, 0xBD, 0x66, 0x3C, 0x8E, 0xC9, 0x8C, 0xBD, 0x66, 0x3C, 0x8E, 0xC9, 0x92, 0xBD,
    0x66, 0x3C, 0x8E, 0xC9, 0x98, 0xBD, 0x66, 0x3C, 0xBD, 0xF1, 0xAA, 0x39, 0xBF, 0xC9, 0xA1, 0xB6,
    0xC9, 0x1A, 0xF6, 0xC9, 0x1C, 0xED, 0x84, 0xBD, 0xF5, 0x11, 0x34, 0x02, 0xBD, 0x14, 0xF8, 0x35,
    0x04, 0xB6, 0xC9, 0x43, 0x8B, 0x03, 0xBD, 0xF6, 0x01, 0xBE, 0xC9, 0xA1, 0xED, 0x02, 0xBD, 0xF5,
    0x11, 0xA7, 0x04, 0xBD, 0x14, 0xF8, 0xB6, 0xC9, 0x40, 0x48, 0x8B, 0x10, 0xA7, 0x05, 0xBD, 0xF5,
    0x11, 0xA7, 0x04, 0x39, 0xFC, 0xC9, 0x0E, 0x27, 0xFA, 0x8E, 0xC9, 0x80, 0xBF, 0xC9, 0x1E, 0xA6,
    0x05, 0x27, 0x03, 0xBD, 0x66, 0x91, 0xBE, 0xC9, 0x1E, 0x30, 0x06, 0x8C, 0xC9, 0x9E, 0x26, 0xEC,
    0x39, 0x8C, 0xC9, 0x91, 0x2A, 0x26, 0x48, 0x8B, 0x20, 0xBD, 0xF2, 0xAB, 0xA6, 0x04, 0x84, 0x07,
    0xC6, 0x06, 0x3D, 0x8E, 0x5D, 0xD3, 0x30, 0x8B, 0x34, 0x10, 0xBE, 0xC9, 0x1E, 0xBD, 0xF3, 0x0C,
    0x35, 0x10, 0x86, 0x02, 0xF6, 0xC9, 0x9F, 0xBD, 0xF3, 0xD8, 0x20, 0x1E, 0xA6, 0x04, 0x84, 0x07,
    0xC6, 0x08, 0x3D, 0x8E, 0x5D, 0x93, 0x30, 0x8B, 0x34, 0x10, 0xBE, 0xC9, 0x1E, 0xBD, 0xF3, 0x0C,
    0x35, 0x10, 0x86, 0x03, 0xF6, 0xC9, 0x9F, 0xBD, 0xF3, 0xD8, 0xBD, 0xF3, 0x54, 0xBE, 0xC9, 0x1E,
    0x6A, 0x05, 0xB6, 0xC9, 0x9E, 0x81, 0x01, 0x26, 0x02, 0x6C, 0x04, 0xB6, 0xC9, 0x14, 0x2A, 0x10,
    0xEC, 0x84, 0xAB, 0x02, 0x29, 0x08, 0xEB, 0x03, 0x29, 0x04, 0xED, 0x84, 0x20, 0x02, 0x6F, 0x05,
    0x39, 0xFF, 0x00, 0x30, 0x01, 0x00, 0x00, 0x0A, 0x08, 0x00, 0x00, 0x0A, 0x08, 0x00, 0x00, 0x0A,
    0x08, 0x00, 0x00, 0x0A, 0x08, 0x00, 0x00, 0x0A, 0x08, 0xBD, 0xF1, 0xAF, 0xFC, 0xC9, 0xC6, 0xFD,
    0xC9, 0x16, 0xFD, 0xC9, 0x2A, 0x86, 0x02, 0xB7, 0xC9, 0x2C, 0x86, 0x22, 0xB7, 0xC9, 0x22, 0x8E,
    0xC9, 0xAB, 0xBD, 0x67, 0x76, 0x86, 0xFF, 0xB7, 0xC9, 0xAF, 0xFC, 0xC9, 0xC6, 0xFD, 0xC9, 0x16,
    0x86, 0x02, 0xB7, 0xC9, 0x22, 0x8E, 0xC9, 0xB4, 0xBD, 0x67, 0x76, 0x86, 0x00, 0xB7, 0xC9, 0xBA,
    0xB7, 0xC9, 0xB8, 0xFC, 0xC9, 0xC6, 0xFD, 0xC9, 0x16, 0x86, 0x1C, 0xB7, 0xC9, 0x22, 0x8E, 0xC9,
    0xBD, 0xBD, 0x67, 0x76, 0x86, 0xFF, 0xB7, 0xC9, 0xC1, 0x7F, 0xC9, 0xC3, 0xBD, 0xF1, 0xAA, 0xCE,
    0x1C, 0xEF, 0xBD, 0xF2, 0x7D, 0x39, 0xB6, 0xC9, 0x16, 0xC6, 0x00, 0xED, 0x84, 0xB6, 0xC9, 0x17,
    0xC6, 0x00, 0xED, 0x02, 0xF6, 0xC9, 0x22, 0x86, 0x3F, 0x34, 0x10, 0xBD, 0xF6, 0x01, 0x35, 0x10,
    0xFD, 0xC9, 0x20, 0x86, 0x00, 0xF6, 0xC9, 0x20, 0xED, 0x04, 0x86, 0xFF, 0xF6, 0xC9, 0x21, 0xED,
    0x06, 0x86, 0x3F, 0xA7, 0x08, 0x39, 0xB6, 0xC9, 0xB3, 0x26, 0x01, 0x39, 0x8E, 0xC9, 0xAB, 0xCC,
    0x59, 0x63, 0xBD, 0x67, 0xC8, 0x8E, 0xC9, 0xB4, 0xCC, 0x59, 0x76, 0xBD, 0x67, 0xC8, 0x8E, 0xC9,
    0xBD, 0xCC, 0x59, 0x89, 0xBD, 0x67, 0xC8, 0x39, 0xBF, 0xC9, 0x1E, 0xFD, 0xC9, 0x3C, 0xA6, 0x08,
    0x48, 0xBD, 0xF2, 0xAB, 0xA6, 0x84, 0xE6, 0x02, 0xBD, 0xF2, 0xFC, 0xBE, 0xC9, 0x3C, 0xC6, 0x20,
    0xBD, 0xF4, 0x0E, 0xBD, 0xF3, 0x54, 0xBE, 0xC9, 0x1E, 0xB6, 0xC9, 0x14, 0x2A, 0x0C, 0xEC, 0x84,
    0xE3, 0x04, 0xED, 0x84, 0xEC, 0x02, 0xE3, 0x06, 0xED, 0x02, 0x6A, 0x08, 0x39, 0x86, 0x40, 0xBD,
    0xF2, 0xAB, 0xCC, 0xFC, 0x29, 0xFD, 0xC8, 0x2A, 0xCC, 0x7F, 0x80, 0xBD, 0xF2, 0xFC, 0xCE, 0xCB,
    0xEB, 0xBD, 0xF4, 0x95, 0xCC, 0x7C, 0xAA, 0xBD, 0xF2, 0xFC, 0xF6, 0xC9, 0xC8, 0x8E, 0x41, 0xBA,
    0xBD, 0xF4, 0x0E, 0xBD, 0xF3, 0x54, 0xCC, 0x7F, 0xD0, 0xBD, 0xF2, 0xFC, 0xCE, 0xC9, 0xD0, 0xBD,
    0xF4, 0x95, 0x8E, 0xCB, 0xEB, 0xCE, 0xC9, 0xF2, 0xBD, 0xF8, 0xC7, 0x81, 0x01, 0x27, 0x01, 0x39,
    0xBD, 0x69, 0x6B, 0xCC, 0x50, 0x00, 0x8E, 0xC9, 0xF2, 0xBD, 0xF8, 0x7C, 0xCC, 0x50, 0x00, 0x8E,
    0xC9, 0xF2, 0xBD, 0xF8, 0x7C, 0x39, 0xE8, 0x90, 0x68, 0x10, 0x00, 0xD8, 0x10, 0x58, 0x88, 0x00,
    0x08, 0x7B, 0xE8, 0x70, 0x68, 0x10, 0xC0, 0x28, 0x10, 0x58, 0x40, 0x28, 0x10, 0x58, 0xFF, 0xFF,
    0x00, 0xA8, 0x60, 0x08, 0xA8, 0x00, 0x08, 0x60, 0x00, 0x58, 0x60, 0x08, 0x58, 0x18, 0x08, 0x48,
    0x10, 0xE0, 0x50, 0x10, 0x00, 0x20, 0x40, 0x10, 0xC8, 0x00, 0x08, 0x30, 0xFF, 0xFF, 0x68, 0x08,
    0x08, 0x68, 0x98, 0x08, 0x08, 0x68, 0x18, 0xA8, 0x58, 0x08, 0x00, 0x68, 0x70, 0x08, 0x38, 0x08,
    0x08, 0x38, 0xC8, 0xF0, 0x08, 0x50, 0x10, 0xD8, 0x30, 0x08, 0x00, 0x38, 0x40, 0x08, 0xE8, 0xF8,
    0x08, 0x28, 0x00, 0x18, 0x20, 0x08, 0x18, 0x08, 0x08, 0x18, 0xFF, 0xFF, 0x8E, 0x68, 0x56, 0xB6,
    0xC8, 0x85, 0x81, 0x01, 0x27, 0x0A, 0x8E, 0x68, 0x70, 0x81, 0x02, 0x27, 0x03, 0x8E, 0x68, 0x8E,
    0xEC, 0x84, 0x10, 0x83, 0xFF, 0xFF, 0x27, 0x0D, 0xBF, 0xC9, 0x1E, 0xBD, 0x68, 0xE6, 0xBE, 0xC9,
    0x1E, 0x30, 0x04, 0x20, 0xEB, 0x39, 0xFD, 0xC9, 0x20, 0xEC, 0x02, 0x8B, 0x02, 0xCB, 0x02, 0xBE,
    0xC9, 0x16, 0x10, 0xBE, 0xC9, 0x20, 0xBD, 0xF8, 0xFF, 0x25, 0x01, 0x39, 0x7E, 0x1A, 0x45, 0x39,
    0xB6, 0xC9, 0xCF, 0x26, 0x24, 0xBE, 0xC9, 0x16, 0x10, 0xBE, 0xC9, 0xCD, 0xCC, 0x10, 0x10, 0xBD,
    0xF8, 0xFF, 0x24, 0x15, 0x86, 0x01, 0xB7, 0xC9, 0xCF, 0x86, 0xFF, 0xB7, 0xC9, 0x10, 0x86, 0x02,
    0xB7, 0xC9, 0x11, 0xBE, 0xC9, 0x1E, 0x6F, 0x84, 0x39, 0x8E, 0x68, 0x56, 0xB6, 0xC8, 0x85, 0x81,
    0x01, 0x27, 0x0A, 0x8E, 0x68, 0x70, 0x81, 0x02, 0x27, 0x03, 0x8E, 0x68, 0x8E, 0xEC, 0x84, 0x10,
    0x83, 0xFF, 0xFF, 0x27, 0x0D, 0xBF, 0xC9, 0xA1, 0xBD, 0x69, 0x53, 0xBE, 0xC9, 0xA1, 0x30, 0x04,
    0x20, 0xEB, 0x39, 0xFD, 0xC9, 0x20, 0xEC, 0x02, 0xBE, 0xC9, 0x16, 0x10, 0xBE, 0xC9, 0x20, 0xBD,
    0xF8, 0xFF, 0x25, 0x01, 0x39, 0xBE, 0xC9, 0x1E, 0x6F, 0x84, 0x39, 0xFC, 0xC9, 0xD0, 0x10, 0x83,
    0x39, 0x39, 0x27, 0x19, 0x7C, 0xC9, 0xD1, 0xB6, 0xC9, 0xD1, 0x81, 0x3A, 0x26, 0x0F, 0x86, 0x30,
    0xB7, 0xC9, 0xD1, 0xB6, 0xC9, 0xD0, 0x81, 0x39, 0x27, 0x03, 0x7C, 0xC9, 0xD0, 0x86, 0x60, 0xB7,
    0xC9, 0xF9, 0x39, 0xFC, 0xC9, 0xD0, 0x10, 0x83, 0x30, 0x30, 0x27, 0x19, 0x7A, 0xC9, 0xD1, 0xB6,
    0xC9, 0xD1, 0x81, 0x2F, 0x26, 0x0F, 0x86, 0x39, 0xB7, 0xC9, 0xD1, 0xB6, 0xC9, 0xD0, 0x81, 0x30,
    0x27, 0x03, 0x7A, 0xC9, 0xD0, 0x39, 0xBD, 0x73, 0xDA, 0x86, 0x00, 0xB7, 0xC9, 0x16, 0xCC, 0x00,
    0x00, 0xFD, 0xC9, 0x20, 0xFD, 0xC9, 0x3C, 0x7F, 0xC9, 0x22, 0xBD, 0x71, 0x18, 0xBD, 0x6B, 0xCD,
    0x7F, 0xC8, 0x12, 0x7F, 0xC8, 0x13, 0x7F, 0xC8, 0x14, 0x7F, 0xC8, 0x15, 0xBD, 0xF1, 0x92, 0xBD,
    0x70, 0xC1, 0xBD, 0x67, 0xFD, 0xB6, 0xC9, 0x22, 0xBD, 0xF2, 0xAB, 0xFC, 0xC9, 0x20, 0xBD, 0xF2,
    0xFC, 0x8E, 0x3D, 0x72, 0xF6, 0xC9, 0x16, 0xBD, 0xF4, 0x0E, 0xBD, 0xF3, 0x54, 0xFC, 0xC9, 0x20,
    0xBD, 0xF2, 0xFC, 0x8E, 0x3D, 0xA3, 0xF6, 0xC9, 0x16, 0xBD, 0xF4, 0x0E, 0xBD, 0xF3, 0x54, 0xFC,
    0xC9, 0x20, 0xBD, 0xF2, 0xFC, 0x8E, 0x3D, 0xD1, 0xF6, 0xC9, 0x16, 0xBD, 0xF4, 0x0E, 0xBD, 0xF3,
    0x54, 0xB6, 0xC9, 0x16, 0x81, 0xC0, 0x27, 0x0C, 0x7C, 0xC9, 0x16, 0x7C, 0xC9, 0x16, 0x7C, 0xC9,
    0x16, 0x7C, 0xC9, 0x16, 0xB6, 0xC9, 0x22, 0x81, 0x70, 0x27, 0x05, 0x8B, 0x04, 0xB7, 0xC9, 0x22,
    0xFC, 0xC9, 0x3C, 0xC3, 0x00, 0x01, 0xFD, 0xC9, 0x3C, 0x10, 0x83, 0x20, 0x00, 0x27, 0x22, 0x10,
    0x83, 0x01, 0x00, 0x2A, 0x02, 0x20, 0x85, 0xBD, 0x6B, 0xCD, 0x7D, 0xC9, 0xE0, 0x26, 0x12, 0x7D,
    0xC9, 0xE2, 0x26, 0x0D, 0x7D, 0xC9, 0xE4, 0x26, 0x08, 0x7D, 0xC8, 0x15, 0x26, 0x03, 0x7E, 0x69,
    0xDC, 0x7E, 0xF0, 0x00, 0xBD, 0x73, 0xDA, 0xCE, 0x1C, 0xB6, 0xBD, 0xF2, 0x7D, 0x7F, 0xC9, 0x20,
    0xCC, 0x00, 0x00, 0xFD, 0xC9, 0x16, 0xB6, 0xC8, 0x85, 0x81, 0x03, 0x26, 0x03, 0x7E, 0x6D, 0x29,
    0xB6, 0xC8, 0x85, 0x81, 0x02, 0x27, 0x18, 0xB6, 0xC9, 0x13, 0x81, 0x19, 0x2B, 0x36, 0xBD, 0x69,
    0x6B, 0xBD, 0x69, 0x6B, 0xBD, 0x69, 0x6B, 0xBD, 0x69, 0x6B, 0xBD, 0x69, 0x6B, 0x20, 0x25, 0xB6,
    0xC9, 0x13, 0x81, 0x15, 0x2B, 0x1E, 0xBD, 0x69, 0x6B, 0xBD, 0x69, 0x6B, 0xBD, 0x69, 0x6B, 0xBD,
    0x69, 0x6B, 0xBD, 0x69, 0x6B, 0xBD, 0x69, 0x6B, 0xBD, 0x69, 0x6B, 0xBD, 0x69, 0x6B, 0xBD, 0x69,
    0x6B, 0xBD, 0x69, 0x6B, 0xBD, 0xF1, 0x92, 0xBD, 0x67, 0xFD, 0x86, 0x60, 0xBD, 0xF2, 0xAB, 0xB6,
    0xC8, 0x85, 0x81, 0x02, 0x27, 0x0F, 0xB6, 0xC9, 0x13, 0x81, 0x19, 0x2B, 0x15, 0xCE, 0x1B, 0xB8,
    0xBD, 0xF3, 0x85, 0x20, 0x0D, 0xB6, 0xC9, 0x13, 0x81, 0x15, 0x2B, 0x06, 0xCE, 0x1B, 0xEB, 0xBD,
    0xF3, 0x85, 0xCE, 0x1B, 0x56, 0xBD, 0xF3, 0x85, 0xB6, 0xC8, 0x85, 0x81, 0x03, 0x27, 0x12, 0xB6,
    0xC9, 0x20, 0x8B, 0x04, 0xB7, 0xC9, 0x20, 0x81, 0x00, 0x2A, 0x06, 0xCE, 0x1B, 0x87, 0xBD, 0xF3,
    0x85, 0xFC, 0xC9, 0x16, 0xC3, 0x00, 0x01, 0xFD, 0xC9, 0x16, 0x10, 0x83, 0x01, 0x80, 0x26, 0xA4,
    0x7C, 0xC8, 0x85, 0xBD, 0x69, 0x6B, 0xBD, 0x69, 0x6B, 0xBD, 0x69, 0x6B, 0xB6, 0xC8, 0x85, 0x7E,
    0x00, 0xA0, 0xFC, 0xC9, 0x0E, 0x10, 0x83, 0x00, 0x00, 0x27, 0x01, 0x39, 0xFC, 0xC9, 0xD6, 0x10,
    0x83, 0x30, 0x30, 0x27, 0x19, 0x7A, 0xC9, 0xD7, 0xB6, 0xC9, 0xD7, 0x81, 0x2F, 0x26, 0x0F, 0x86,
    0x39, 0xB7, 0xC9, 0xD7, 0xB6, 0xC9, 0xD6, 0x81, 0x30, 0x27, 0x03, 0x7A, 0xC9, 0xD6, 0x39, 0xBD,
    0x74, 0x01, 0x7F, 0xC9, 0x16, 0x86, 0x01, 0xB7, 0xC9, 0xDF, 0xBD, 0x6B, 0xCD, 0x7F, 0xC8, 0x15,
    0xBD, 0xF1, 0x92, 0xBD, 0x67, 0xFD, 0xB6, 0xC9, 0x16, 0x2B, 0x27, 0x86, 0x60, 0xBD, 0xF2, 0xAB,
    0xCC, 0x00, 0x00, 0xBD, 0xF2, 0xFC, 0x8E, 0x1D, 0x47, 0xC6, 0x80, 0xBD, 0xF4, 0x0E, 0xBD, 0xF3,
    0x54, 0xCC, 0x00, 0x00, 0xBD, 0xF2, 0xFC, 0x8E, 0x1D, 0x75, 0xC6, 0x80, 0xBD, 0xF4, 0x0E, 0xBD,
    0xF3, 0x54, 0xB6, 0xC9, 0x16, 0x8B, 0x04, 0xB7, 0xC9, 0x16, 0xBD, 0x6B, 0xCD, 0x7D, 0xC8, 0x12,
    0x27, 0x06, 0xB6, 0xC9, 0xDF, 0x26, 0x04, 0x39, 0x7F, 0xC9, 0xDF, 0x20, 0xB3, 0x4F, 0xBD, 0xF1,
    0xB4, 0xB6, 0xC8, 0x86, 0x81, 0x05, 0x27, 0x73, 0x81, 0x04, 0x27, 0x5C, 0x81, 0x03, 0x27, 0x41,
    0x81, 0x02, 0x27, 0x2A, 0x81, 0x01, 0x27, 0x13, 0xB6, 0xC8, 0x13, 0xB7, 0xC9, 0xE0, 0xB6, 0xC8,
    0x14, 0xB7, 0xC9, 0xE2, 0xB6, 0xC8, 0x15, 0xB7, 0xC9, 0xE4, 0x39, 0xB6, 0xC8, 0x13, 0xB7, 0xC9,
    0xE0, 0xB6, 0xC8, 0x15, 0xB7, 0xC9, 0xE2, 0xB6, 0xC8, 0x14, 0xB7, 0xC9, 0xE4, 0x39, 0xB6, 0xC8,
    0x14, 0xB7, 0xC9, 0xE0, 0xB6, 0xC8, 0x13, 0xB7, 0xC9, 0xE2, 0xB6, 0xC8, 0x15, 0xB7, 0xC9, 0xE4,
    0x39, 0x4F, 0xBD, 0xF1, 0xB4, 0xB6, 0xC8, 0x14, 0xB7, 0xC9, 0xE0, 0xB6, 0xC8, 0x15, 0xB7, 0xC9,
    0xE2, 0xB6, 0xC8, 0x13, 0xB7, 0xC9, 0xE4, 0x39, 0xB6, 0xC8, 0x15, 0xB7, 0xC9, 0xE0, 0xB6, 0xC8,
    0x13, 0xB7, 0xC9, 0xE2, 0xB6, 0xC8, 0x14, 0xB7, 0xC9, 0xE4, 0x39, 0xB6, 0xC8, 0x15, 0xB7, 0xC9,
    0xE0, 0xB6, 0xC8, 0x14, 0xB7, 0xC9, 0xE2, 0xB6, 0xC8, 0x13, 0xB7, 0xC9, 0xE4, 0x39, 0xFF, 0x08,
    0x00, 0xFF, 0x08, 0x08, 0xFF, 0xF8, 0x08, 0xFF, 0xF8, 0x00, 0xFF, 0x08, 0xF8, 0x01, 0x00, 0x00,
    0x10, 0xFF, 0x00, 0xF8, 0xFF, 0x08, 0xF8, 0xFF, 0x08, 0x08, 0xFF, 0x00, 0x08, 0x01, 0x00, 0x00,
    0x10, 0xFF, 0x00, 0xF8, 0xFF, 0x08, 0xF8, 0xFF, 0x08, 0x08, 0xFF, 0x00, 0x08, 0x00, 0xF8, 0xF8,
    0xFF, 0x00, 0xF8, 0x01, 0x00, 0x10, 0x10, 0xFF, 0x00, 0xF8, 0xFF, 0xF8, 0xF8, 0xFF, 0xF8, 0x08,
    0xFF, 0x00, 0x08, 0xFF, 0x08, 0x00, 0xFF, 0x00, 0xF8, 0x01, 0xFF, 0x00, 0x10, 0x00, 0x00, 0xF8,
    0xFF, 0x10, 0x00, 0x00, 0x00, 0xF8, 0xFF, 0x00, 0x10, 0x01, 0x00, 0x00, 0x10, 0xFF, 0x00, 0xF0,
    0xFF, 0x10, 0x00, 0x01, 0xFF, 0x10, 0x00, 0xFF, 0xF0, 0x10, 0xFF, 0x10, 0x00, 0x01, 0xFF, 0x10,
    0x00, 0xFF, 0x00, 0x10, 0xFF, 0xF0, 0x00, 0xFF, 0x00, 0xF0, 0x01, 0xFF, 0x10, 0x00, 0xFF, 0x00,
    0x10, 0xFF, 0xF8, 0x00, 0xFF, 0x00, 0xF0, 0xFF, 0xF8, 0x10, 0x01, 0xFF, 0x00, 0x10, 0xFF, 0x08,
    0x00, 0xFF, 0x00, 0xF0, 0xFF, 0x08, 0x00, 0xFF, 0x00, 0x10, 0x01, 0x00, 0x00, 0x08, 0xFF, 0x10,
    0x00, 0x00, 0x00, 0xF8, 0xFF, 0x00, 0x10, 0x01, 0x00, 0x10, 0x00, 0xFF, 0xF0, 0x00, 0xFF, 0x00,
    0x10, 0xFF, 0x10, 0x00, 0x01, 0x00, 0x10, 0x00, 0xFF, 0xF0, 0x08, 0xFF, 0x10, 0x08, 0x01, 0xFF,
    0x10, 0x10, 0x00, 0x00, 0xF0, 0xFF, 0xF0, 0x10, 0x01, 0xCE, 0x1C, 0xB6, 0xBD, 0xF2, 0x7D, 0xB6,
    0xC9, 0x13, 0x81, 0x13, 0x2B, 0x03, 0xBD, 0x7C, 0x67, 0xB6, 0xC9, 0x15, 0x81, 0x41, 0x2B, 0x03,
    0xBD, 0x7C, 0xA4, 0xCE, 0x1C, 0xB6, 0x8E, 0xC9, 0x00, 0xCC, 0x78, 0x88, 0xED, 0x84, 0xCB, 0x0F,
    0x80, 0x0F, 0x30, 0x02, 0x8C, 0xC9, 0x1E, 0x26, 0xF3, 0x86, 0x10, 0xB7, 0xC9, 0x20, 0x7F, 0xC9,
    0x22, 0xBD, 0xF1, 0x92, 0xBD, 0x6D, 0xA0, 0xBD, 0x6D, 0x77, 0xBD, 0x67, 0xFD, 0xB6, 0xC9, 0x22,
    0x81, 0xA0, 0x26, 0xED, 0x7E, 0x70, 0x50, 0x8E, 0xC9, 0x00, 0xA6, 0x84, 0x27, 0x08, 0x2A, 0x04,
    0x6C, 0x84, 0x20, 0x02, 0x6A, 0x84, 0x30, 0x02, 0x8C, 0xC9, 0x1E, 0x26, 0xED, 0xB6, 0xC9, 0x00,
    0x26, 0x0D, 0x7C, 0xC9, 0x22, 0xB6, 0xC9, 0x20, 0x81, 0x58, 0x27, 0x03, 0x7C, 0xC9, 0x20, 0x39,
    0x86, 0x60, 0xBD, 0xF2, 0xAB, 0xFC, 0xC9, 0x00, 0xBD, 0xF2, 0xFC, 0x8E, 0x6C, 0x6E, 0xF6, 0xC9,
    0x20, 0xBD, 0xF4, 0x0E, 0xBD, 0xF3, 0x54, 0xFC, 0xC9, 0x02, 0xBD, 0xF2, 0xFC, 0x8E, 0x6C, 0xCE,
    0xF6, 0xC9, 0x20, 0xBD, 0xF4, 0x0E, 0xBD, 0xF3, 0x54, 0xFC, 0xC9, 0x04, 0xBD, 0xF2, 0xFC, 0x8E,
    0x6C, 0xC4, 0xF6, 0xC9, 0x20, 0xBD, 0xF4, 0x0E, 0xBD, 0xF3, 0x54, 0xFC, 0xC9, 0x06, 0xBD, 0xF2,
    0xFC, 0x8E, 0x6C, 0x94, 0xF6, 0xC9, 0x20, 0xBD, 0xF4, 0x0E, 0xBD, 0xF3, 0x54, 0xFC, 0xC9, 0x08,
    0xBD, 0xF2, 0xFC, 0x8E, 0x6C, 0xDB, 0xF6, 0xC9, 0x20, 0xBD, 0xF4, 0x0E, 0xBD, 0xF3, 0x54, 0xFC,
    0xC9, 0x0A, 0xBD, 0xF2, 0xFC, 0x8E, 0x6C, 0x5E, 0xF6, 0xC9, 0x20, 0xBD, 0xF4, 0x0E, 0xBD, 0xF3,
    0x54, 0xFC, 0xC9, 0x0C, 0xBD, 0xF2, 0xFC, 0x8E, 0x6C, 0xFB, 0xF6, 0xC9, 0x20, 0xBD, 0xF4, 0x0E,
    0xBD, 0xF3, 0x54, 0xFC, 0xC9, 0x0E, 0xBD, 0xF2, 0xFC, 0x8E, 0x6D, 0x08, 0xF6, 0xC9, 0x20, 0xBD,
    0xF4, 0x0E, 0xBD, 0xF3, 0x54, 0xFC, 0xC9, 0x10, 0xBD, 0xF2, 0xFC, 0x8E, 0x6C, 0xBA, 0xF6, 0xC9,
    0x20, 0xBD, 0xF4, 0x0E, 0xBD, 0xF3, 0x54, 0xFC, 0xC9, 0x12, 0xBD, 0xF2, 0xFC, 0x8E, 0x6C, 0x5E,
    0xF6, 0xC9, 0x20, 0xBD, 0xF4, 0x0E, 0xBD, 0xF3, 0x54, 0xFC, 0xC9, 0x14, 0xBD, 0xF2, 0xFC, 0x8E,
    0x6C, 0xFB, 0xF6, 0xC9, 0x20, 0xBD, 0xF4, 0x0E, 0xBD, 0xF3, 0x54, 0xFC, 0xC9, 0x16, 0xBD, 0xF2,
    0xFC, 0x8E, 0x6C, 0xAA, 0xF6, 0xC9, 0x20, 0xBD, 0xF4, 0x0E, 0xBD, 0xF3, 0x54, 0xFC, 0xC9, 0x18,
    0xBD, 0xF2, 0xFC, 0x8E, 0x6C, 0xCE, 0xF6, 0xC9, 0x20, 0xBD, 0xF4, 0x0E, 0xBD, 0xF3, 0x54, 0xFC,
    0xC9, 0x1A, 0xBD, 0xF2, 0xFC, 0x8E, 0x6C, 0xC4, 0xF6, 0xC9, 0x20, 0xBD, 0xF4, 0x0E, 0xBD, 0xF3,
    0x54, 0xFC, 0xC9, 0x1C, 0xBD, 0xF2, 0xFC, 0x8E, 0x6C, 0xEB, 0xF6, 0xC9, 0x20, 0xBD, 0xF4, 0x0E,
    0xBD, 0xF3, 0x54, 0x39, 0xFD, 0x30, 0x18, 0xB8, 0x41, 0x4C, 0x4C, 0x20, 0x48, 0x4F, 0x53, 0x54,
    0x49, 0x4C, 0x45, 0x20, 0x50, 0x4C, 0x41, 0x4E, 0x45, 0x54, 0x53, 0x80, 0xFD, 0x30, 0x10, 0xB8,
    0x48, 0x41, 0x56, 0x45, 0x20, 0x42, 0x45, 0x45, 0x4E, 0x20, 0x44, 0x45, 0x53, 0x54, 0x52, 0x4F,
    0x59, 0x45, 0x44, 0x80, 0xFA, 0x40, 0xE8, 0x80, 0x59, 0x4F, 0x55, 0x20, 0x48, 0x41, 0x56, 0x45,
    0x20, 0x53, 0x41, 0x56, 0x45, 0x44, 0x20, 0x54, 0x48, 0x45, 0x20, 0x47, 0x41, 0x4C, 0x41, 0x58,
    0x59, 0x20, 0x21, 0x80, 0x00, 0xFD, 0x30, 0x08, 0xA8, 0x47, 0x52, 0x41, 0x56, 0x49, 0x54, 0x52,
    0x45, 0x58, 0x20, 0x49, 0x53, 0x20, 0x4D, 0x59, 0x20, 0x4D, 0x4F, 0x53, 0x54, 0x80, 0xFD, 0x30,
    0x00, 0xA8, 0x43, 0x4F, 0x4D, 0x50, 0x4C, 0x45, 0x58, 0x20, 0x56, 0x45, 0x43, 0x54, 0x52, 0x45,
    0x58, 0x20, 0x50, 0x52, 0x4F, 0x4A, 0x45, 0x43, 0x54, 0x80, 0xFD, 0x30, 0xF8, 0xA8, 0x54, 0x4F,
    0x20, 0x44, 0x41, 0x54, 0x45, 0x20, 0x2E, 0x2E, 0x2E, 0x80, 0x00, 0xFD, 0x30, 0x10, 0xA8, 0x49,
    0x20, 0x53, 0x50, 0x45, 0x4E, 0x54, 0x20, 0x4D, 0x41, 0x4E, 0x59, 0x20, 0x4C, 0x4F, 0x4E, 0x47,
    0x20, 0x4D, 0x4F, 0x4E, 0x54, 0x48, 0x53, 0x80, 0xFD, 0x30, 0x08, 0xA8, 0x44, 0x45, 0x53, 0x49,
    0x47, 0x4E, 0x49, 0x4E, 0x47, 0x20, 0x57, 0x48, 0x41, 0x54, 0x20, 0x49, 0x20, 0x48, 0x4F, 0x50,
    0x45, 0x20, 0x54, 0x4F, 0x80, 0xFD, 0x30, 0x00, 0xA8, 0x47, 0x4F, 0x20, 0x44, 0x4F, 0x57, 0x4E,
    0x20, 0x49, 0x4E, 0x20, 0x48, 0x49, 0x53, 0x54, 0x4F, 0x52, 0x59, 0x20, 0x41, 0x53, 0x20, 0x54,
    0x48, 0x45, 0x80, 0xFD, 0x30, 0xF8, 0xA8, 0x4D, 0x4F, 0x53, 0x54, 0x20, 0x43, 0x48, 0x41, 0x4C,
    0x4C, 0x45, 0x4E, 0x47, 0x49, 0x4E, 0x47, 0x2C, 0x20, 0x41, 0x44, 0x44, 0x49, 0x43, 0x54, 0x49,
    0x4E, 0x47, 0x80, 0xFD, 0x30, 0xF0, 0xA8, 0x56, 0x45, 0x43, 0x54, 0x52, 0x45, 0x58, 0x20, 0x47,
    0x41, 0x4D, 0x45, 0x20, 0x45, 0x56, 0x45, 0x52, 0x20, 0x21, 0x80, 0x00, 0xFD, 0x30, 0x18, 0xA8,
    0x49, 0x46, 0x20, 0x59, 0x4F, 0x55, 0x20, 0x4D, 0x41, 0x44, 0x45, 0x20, 0x49, 0x54, 0x20, 0x54,
    0x48, 0x49, 0x53, 0x20, 0x46, 0x41, 0x52, 0x2C, 0x80, 0xFD, 0x30, 0x10, 0xA8, 0x54, 0x48, 0x45,
    0x4E, 0x20, 0x49, 0x20, 0x42, 0x45, 0x4C, 0x49, 0x45, 0x56, 0x45, 0x20, 0x49, 0x20, 0x53, 0x55,
    0x43, 0x43, 0x45, 0x45, 0x44, 0x45, 0x44, 0x20, 0x21, 0x80, 0xFD, 0x30, 0x00, 0xA8, 0x4D, 0x59,
    0x20, 0x54, 0x48, 0x41, 0x4E, 0x4B, 0x53, 0x20, 0x46, 0x4F, 0x52, 0x20, 0x59, 0x4F, 0x55, 0x52,
    0x20, 0x53, 0x55, 0x50, 0x50, 0x4F, 0x52, 0x54, 0x2C, 0x80, 0xFD, 0x30, 0xF0, 0xA8, 0x4A, 0x4F,
    0x48, 0x4E, 0x20, 0x52, 0x2E, 0x20, 0x44, 0x4F, 0x4E, 0x44, 0x5A, 0x49, 0x4C, 0x41, 0x80, 0x00,
    0xBD, 0x71, 0x18, 0x8E, 0xC9, 0x00, 0xC6, 0x1E, 0x34, 0x04, 0xBD, 0xF5, 0x11, 0xA7, 0x84, 0xBD,
    0xF5, 0x11, 0xA7, 0x01, 0x35, 0x04, 0x5A, 0x26, 0xEF, 0xCC, 0x01, 0x00, 0xFD, 0xC9, 0x20, 0x86,
    0x01, 0xB7, 0xC9, 0x22, 0xBD, 0xF1, 0x92, 0xBD, 0x67, 0xFD, 0xBD, 0x70, 0xC1, 0x86, 0x60, 0xBD,
    0xF2, 0xAB, 0xB6, 0xC9, 0x22, 0xCE, 0x6E, 0xB4, 0x81, 0x01, 0x27, 0x18, 0xCE, 0x6F, 0x05, 0x81,
    0x02, 0x27, 0x11, 0xCE, 0x6F, 0x4B, 0x81, 0x03, 0x27, 0x0A, 0xCE, 0x6F, 0xDC, 0x81, 0x04, 0x27,
    0x03, 0x7E, 0x71, 0x36, 0xBD, 0xF3, 0x85, 0xFC, 0xC9, 0x20, 0x83, 0x00, 0x01, 0xFD, 0xC9, 0x20,
    0x10, 0x83, 0x00, 0x00, 0x26, 0xBE, 0xCC, 0x01, 0x00, 0xFD, 0xC9, 0x20, 0x7C, 0xC9, 0x22, 0x20,
    0xB3, 0x8E, 0xCA, 0x00, 0xBF, 0xC9, 0x1E, 0xBD, 0x70, 0xD5, 0xBE, 0xC9, 0x1E, 0x30, 0x03, 0x8C,
    0xCA, 0x21, 0x26, 0xF0, 0x39, 0xA6, 0x03, 0x27, 0x03, 0x6A, 0x03, 0x39, 0xE6, 0x01, 0x34, 0x04,
    0xA6, 0x01, 0x47, 0x8B, 0x20, 0xBD, 0xF2, 0xAB, 0xA6, 0x84, 0xC6, 0x01, 0x8E, 0x1D, 0x40, 0xCE,
    0xCA, 0x80, 0xBD, 0xF6, 0x1F, 0xCC, 0x00, 0x00, 0xBD, 0xF2, 0xFC, 0x8E, 0xCA, 0x80, 0x35, 0x04,
    0xBD, 0xF4, 0x0E, 0xBD, 0xF3, 0x54, 0xBE, 0xC9, 0x1E, 0x6A, 0x84, 0x6A, 0x01, 0xA6, 0x01, 0x26,
    0x06, 0x86, 0xA0, 0xA7, 0x01, 0x6F, 0x03, 0x39, 0x8E, 0xCA, 0x00, 0xC6, 0x00, 0xF7, 0xCA, 0x80,
    0xBD, 0xF5, 0x11, 0x81, 0xFF, 0x27, 0xF9, 0xA7, 0x84, 0xBD, 0xF5, 0x11, 0xA7, 0x01, 0x30, 0x03,
    0x8C, 0xCA, 0x21, 0x26, 0xEB, 0x39, 0x7E, 0xF0, 0x00, 0xB6, 0xC9, 0xF9, 0x27, 0x27, 0xBD, 0xF5,
    0x11, 0x1F, 0x89, 0x86, 0x00, 0xBD, 0xF2, 0x56, 0xCC, 0x02, 0x00, 0xBD, 0xF2, 0x56, 0x7A, 0xC9,
    0xF9, 0xB6, 0xC9, 0xF9, 0x26, 0x0C, 0xCC, 0x00, 0x00, 0xBD, 0xF2, 0x56, 0xCC, 0x01, 0x00, 0xBD,
    0xF2, 0x56, 0x20, 0x6E, 0x12, 0xB6, 0xC9, 0x14, 0x2A, 0x30, 0xB6, 0xC9, 0xE9, 0x26, 0x0E, 0xCC,
    0x00, 0x00, 0xBD, 0xF2, 0x56, 0xCC, 0x01, 0x00, 0xBD, 0xF2, 0x56, 0x20, 0x55, 0x86, 0x00, 0xF6,
    0xC9, 0xE9, 0xBD, 0xF2, 0x56, 0xCC, 0x01, 0x00, 0xBD, 0xF2, 0x56, 0xB6, 0xC9, 0xE9, 0x8B, 0x04,
    0x81, 0x80, 0x26, 0x01, 0x4F, 0xB7, 0xC9, 0xE9, 0x20, 0x38, 0xB6, 0xC9, 0xEA, 0x26, 0x0E, 0xCC,
    0x00, 0x00, 0xBD, 0xF2, 0x56, 0xCC, 0x01, 0x00, 0xBD, 0xF2, 0x56, 0x20, 0x25, 0xB6, 0xC9, 0xEA,
    0x81, 0x01, 0x26, 0x0F, 0x86, 0x00, 0xC6, 0x40, 0xBD, 0xF2, 0x56, 0xCC, 0x01, 0x05, 0xBD, 0xF2,
    0x56, 0x20, 0x0F, 0x86, 0x00, 0xC6, 0x40, 0xBD, 0xF2, 0x56, 0xCC, 0x01, 0x04, 0xBD, 0xF2, 0x56,
    0x20, 0x00, 0xB6, 0xC9, 0xCB, 0x26, 0x40, 0xB6, 0xCB, 0x02, 0x2F, 0x3B, 0xB6, 0xC9, 0xEE, 0x26,
    0x36, 0xB6, 0xC9, 0xEF, 0x26, 0x31, 0xB6, 0xC9, 0xF0, 0x26, 0x2C, 0xF6, 0xC9, 0x9E, 0xCB, 0x10,
    0x58, 0x58, 0x58, 0x86, 0x02, 0xBD, 0xF2, 0x56, 0xCC, 0x03, 0x01, 0xBD, 0xF2, 0x56, 0xB6, 0xCB,
    0x02, 0x8B, 0x02, 0xB7, 0xCB, 0x02, 0x81, 0x80, 0x26, 0x0C, 0xCC, 0x02, 0x00, 0xBD, 0xF2, 0x56,
    0xCC, 0x03, 0x00, 0xBD, 0xF2, 0x56, 0x39, 0xB6, 0xC9, 0xCB, 0x27, 0x03, 0x7E, 0x72, 0xFF, 0xB6,
    0xC9, 0x71, 0x27, 0x10, 0xB6, 0xCB, 0x00, 0x27, 0x08, 0xB6, 0xC9, 0xEC, 0x27, 0x03, 0x7E, 0x72,
    0xCF, 0x7E, 0x73, 0x5F, 0xF6, 0xC9, 0xEF, 0x27, 0x27, 0x86, 0x02, 0xBD, 0xF2, 0x56, 0xCC, 0x03,
    0x00, 0xBD, 0xF2, 0x56, 0xB6, 0xC9, 0xEF, 0x8B, 0x01, 0xB7, 0xC9, 0xEF, 0x81, 0x30, 0x27, 0x01,
    0x39, 0x7F, 0xC9, 0xEF, 0xCC, 0x02, 0x00, 0xBD, 0xF2, 0x56, 0xCC, 0x03, 0x00, 0xBD, 0xF2, 0x56,
    0xF6, 0xC9, 0xEE, 0x27, 0x23, 0x86, 0x02, 0xBD, 0xF2, 0x56, 0xCC, 0x03, 0x00, 0xBD, 0xF2, 0x56,
    0xB6, 0xC9, 0xEE, 0x80, 0x10, 0xB7, 0xC9, 0xEE, 0x81, 0x00, 0x26, 0x0C, 0xCC, 0x02, 0x00, 0xBD,
    0xF2, 0x56, 0xCC, 0x03, 0x00, 0xBD, 0xF2, 0x56, 0xB6, 0xC9, 0xF1, 0x27, 0x42, 0xB6, 0xC9, 0xF0,
    0x2A, 0x0F, 0x86, 0x02, 0xC6, 0x20, 0xBD, 0xF2, 0x56, 0xCC, 0x03, 0x00, 0xBD, 0xF2, 0x56, 0x20,
    0x0C, 0xCC, 0x02, 0x00, 0xBD, 0xF2, 0x56, 0xCC, 0x03, 0x00, 0xBD, 0xF2, 0x56, 0xB6, 0xC9, 0xF0,
    0x8B, 0x40, 0xB7, 0xC9, 0xF0, 0x7A, 0xC9, 0xF1, 0xB6, 0xC9, 0xF1, 0x26, 0x41, 0xCC, 0x02, 0x00,
    0xBD, 0xF2, 0x56, 0xCC, 0x03, 0x00, 0xBD, 0xF2, 0x56, 0x7F, 0xC9, 0xF0, 0x7F, 0xC9, 0xF1, 0xF6,
    0xC9, 0xEC, 0x27, 0x2A, 0xB6, 0xC9, 0xEE, 0x26, 0x25, 0x86, 0x02, 0xBD, 0xF2, 0x56, 0xCC, 0x03,
    0x02, 0xBD, 0xF2, 0x56, 0xB6, 0xC9, 0xEC, 0xBB, 0xC9, 0xED, 0xB7, 0xC9, 0xEC, 0x81, 0x60, 0x27,
    0x06, 0x81, 0x10, 0x27, 0x02, 0x20, 0x07, 0xB6, 0xC9, 0xED, 0x40, 0xB7, 0xC9, 0xED, 0x39, 0xB6,
    0xC9, 0xCF, 0x26, 0x29, 0xF6, 0xC9, 0x10, 0x86, 0x02, 0xBD, 0xF2, 0x56, 0xCC, 0x03, 0x02, 0xBD,
    0xF2, 0x56, 0xB6, 0xC9, 0x10, 0xBB, 0xC9, 0x11, 0xB7, 0xC9, 0x10, 0x81, 0xA0, 0x27, 0x06, 0x81,
    0xF0, 0x27, 0x02, 0x20, 0x07, 0xB6, 0xC9, 0x11, 0x40, 0xB7, 0xC9, 0x11, 0x39, 0xF6, 0xC9, 0x10,
    0x86, 0x02, 0xBD, 0xF2, 0x56, 0xF6, 0xC9, 0x11, 0x86, 0x03, 0xBD, 0xF2, 0x56, 0xFC, 0xC9, 0x10,
    0x10, 0x83, 0x30, 0x00, 0x27, 0x0B, 0x7A, 0xC9, 0x10, 0xB6, 0xC9, 0x10, 0x26, 0x03, 0x7A, 0xC9,
    0x11, 0x39, 0xCC, 0x02, 0x20, 0xBD, 0xF2, 0x56, 0xCC, 0x03, 0x00, 0xBD, 0xF2, 0x56, 0x39, 0xB6,
    0xC9, 0xD4, 0x81, 0x18, 0x26, 0x20, 0xF6, 0xC9, 0xFA, 0x86, 0x02, 0xBD, 0xF2, 0x56, 0xCC, 0x03,
    0x05, 0xBD, 0xF2, 0x56, 0xB6, 0xC9, 0xFA, 0xF6, 0xC9, 0x72, 0x27, 0x04, 0x8B, 0x08, 0x20, 0x02,
    0x8B, 0x04, 0xB7, 0xC9, 0xFA, 0x39, 0x86, 0xFF, 0xB0, 0xC9, 0xD4, 0x8B, 0x10, 0xB7, 0xC9, 0x16,
    0xF6, 0xC9, 0x16, 0x86, 0x00, 0xBD, 0xF2, 0x56, 0xCC, 0x01, 0x01, 0xBD, 0xF2, 0x56, 0xF6, 0xC9,
    0x16, 0xC0, 0x08, 0x86, 0x02, 0xBD, 0xF2, 0x56, 0xCC, 0x03, 0x01, 0xBD, 0xF2, 0x56, 0x39, 0xFC,
    0xC9, 0x0E, 0x26, 0x14, 0xB6, 0xC9, 0xCB, 0x26, 0x0F, 0xB6, 0xC9, 0xEB, 0x27, 0x04, 0x7A, 0xC9,
    0xEB, 0x39, 0xCE, 0x1C, 0xC9, 0xBD, 0xF2, 0x7D, 0x39, 0xFC, 0xC9, 0x0E, 0x26, 0x0B, 0xCE, 0x1C,
    0xDC, 0xBD, 0xF2, 0x7D, 0x86, 0x02, 0xB7, 0xC9, 0xEB, 0x39, 0x7F, 0xC9, 0xE9, 0x7F, 0xC9, 0xEA,
    0x7F, 0xC9, 0xEB, 0x7F, 0xC9, 0xEC, 0x7F, 0xC9, 0xED, 0x7F, 0xC9, 0xEE, 0x7F, 0xC9, 0xEF, 0x7F,
    0xC9, 0xF0, 0x7F, 0xC9, 0xF1, 0x7F, 0xC9, 0x10, 0x7F, 0xC9, 0x11, 0x7F, 0xC9, 0xF9, 0x7F, 0xC9,
    0xFA, 0xCC, 0x00, 0x00, 0xBD, 0xF2, 0x56, 0xCC, 0x01, 0x00, 0xBD, 0xF2, 0x56, 0xCC, 0x02, 0x00,
    0xBD, 0xF2, 0x56, 0xCC, 0x03, 0x00, 0xBD, 0xF2, 0x56, 0x39, 0xBD, 0xF1, 0xAF, 0xB6, 0xC8, 0x85,
    0x81, 0x03, 0x27, 0x24, 0xB6, 0xC9, 0x1A, 0xF6, 0xC9, 0x1C, 0xBD, 0xF5, 0x93, 0xC0, 0x10, 0xCB,
    0x20, 0x7C, 0xC9, 0x00, 0xB6, 0xC8, 0x85, 0x81, 0x01, 0x27, 0x04, 0x86, 0x08, 0x20, 0x02, 0x86,
    0x06, 0xBD, 0xF6, 0x01, 0xFD, 0xC9, 0x0A, 0x39, 0xB6, 0xC9, 0x34, 0x81, 0x02, 0x27, 0xD5, 0x81,
    0x03, 0x27, 0x1C, 0xB6, 0xC9, 0x1A, 0xF6, 0xC9, 0x1C, 0x57, 0xC0, 0x40, 0xBD, 0xF5, 0x93, 0xC0,
    0x10, 0xCB, 0x20, 0x7C, 0xC9, 0x00, 0x86, 0x04, 0xBD, 0xF6, 0x01, 0xFD, 0xC9, 0x0A, 0x39, 0xB6,
    0xC9, 0x1A, 0xF6, 0xC9, 0x1C, 0x57, 0xF7, 0xC9, 0xFF, 0xC6, 0x40, 0xF0, 0xC9, 0xFF, 0xBD, 0xF5,
    0x93, 0xC0, 0x10, 0xCB, 0x20, 0x7C, 0xC9, 0x00, 0x86, 0x04, 0xBD, 0xF6, 0x01, 0xFD, 0xC9, 0x0A,
    0x39, 0xF6, 0x0A, 0xF6, 0xEC, 0x1E, 0xF6, 0x0A, 0x1E, 0xE2, 0x14, 0xE2, 0xEC, 0x00, 0xE2, 0x28,
    0xEC, 0x28, 0x14, 0x00, 0x28, 0xD8, 0x14, 0xF9, 0x0B, 0xF2, 0xEF, 0x1B, 0xF1, 0x0F, 0x1B, 0xE7,
    0x19, 0xDF, 0xF2, 0xFA, 0xE3, 0x24, 0xE5, 0x2A, 0x0C, 0x08, 0x27, 0xDC, 0x1B, 0xFB, 0x0C, 0xEF,
    0xF3, 0x17, 0xEB, 0x15, 0x17, 0xEB, 0x1E, 0xDE, 0xF9, 0xF5, 0xE5, 0x1E, 0xDF, 0x2B, 0x03, 0x0F,
    0x24, 0xE2, 0x21, 0xFE, 0x0D, 0xEC, 0xF5, 0x14, 0xE8, 0x18, 0x14, 0xF1, 0x20, 0xDE, 0xFF, 0xEF,
    0xE8, 0x17, 0xDA, 0x2B, 0xFB, 0x16, 0x21, 0xE9, 0x26, 0x00, 0x0E, 0xEB, 0xF9, 0x0E, 0xE4, 0x1C,
    0x0E, 0xF9, 0x23, 0xDD, 0x07, 0xEB, 0xEB, 0x0E, 0xD6, 0x2A, 0xF2, 0x1C, 0x1C, 0xF2, 0x2A, 0x02,
    0x0D, 0xEB, 0xFD, 0x09, 0xE3, 0x1D, 0x09, 0x00, 0x22, 0xE0, 0x0E, 0xE7, 0xEF, 0x06, 0xD5, 0x25,
    0xEB, 0x21, 0x16, 0xFA, 0x2B, 0x05, 0x0D, 0xEA, 0x01, 0x03, 0xE1, 0x1F, 0x03, 0x06, 0x22, 0xE3,
    0x14, 0xE4, 0xF5, 0xFE, 0xD4, 0x22, 0xE3, 0x24, 0x0F, 0x02, 0x2C, 0x07, 0x0B, 0xEC, 0x06, 0xFC,
    0xE2, 0x1E, 0xFC, 0x0E, 0x20, 0xE6, 0x19, 0xE4, 0xFA, 0xF5, 0xD6, 0x1B, 0xDE, 0x26, 0x08, 0x0B,
    0x2A, 0x09, 0x09, 0xEE, 0x0A, 0xF6, 0xE4, 0x1C, 0xF6, 0x14, 0x1C, 0xEC, 0x1E, 0xE4, 0x00, 0xEC,
    0xD9, 0x14, 0xD9, 0x26, 0x00, 0x14, 0x27, 0x0B, 0x07, 0xEF, 0x0E, 0xF1, 0xE5, 0x1B, 0xF1, 0x19,
    0x19, 0xF2, 0x21, 0xE3, 0x06, 0xE5, 0xDC, 0x0C, 0xD6, 0x27, 0xF8, 0x1B, 0x24, 0x0C, 0x05, 0xF3,
    0x11, 0xEB, 0xE9, 0x17, 0xEB, 0x1E, 0x15, 0xF9, 0x22, 0xE5, 0x0B, 0xDF, 0xE2, 0x03, 0xD5, 0x24,
    0xF1, 0x21, 0x1E, 0x0D, 0x02, 0xF5, 0x14, 0xE8, 0xEC, 0x14, 0xE8, 0x20, 0x0F, 0xFF, 0x22, 0xE8,
    0x11, 0xDA, 0xE9, 0xFB, 0xD5, 0x21, 0xEA, 0x26, 0x17, 0x0E, 0x00, 0xF9, 0x15, 0xE4, 0xF2, 0x0E,
    0xE4, 0x23, 0x07, 0x07, 0x23, 0xEB, 0x15, 0xD6, 0xF2, 0xF2, 0xD6, 0x1C, 0xE4, 0x2A, 0x0E, 0x0D,
    0xFE, 0xFD, 0x15, 0xE3, 0xF7, 0x09, 0xE3, 0x22, 0x00, 0x0E, 0x20, 0xEF, 0x19, 0xD5, 0xFA, 0xEB,
    0xDB, 0x16, 0xDF, 0x2B, 0x06, 0x0D, 0xFB, 0x01, 0x16, 0xE1, 0xFD, 0x03, 0xE1, 0x22, 0xFA, 0x14,
    0x1D, 0xF5, 0x1C, 0xD4, 0x02, 0xE3, 0xDE, 0x0F, 0xDC, 0x2C, 0xFE, 0x0B, 0xF9, 0x06, 0x14, 0xE2,
    0x04, 0xFC, 0xE2, 0x20, 0xF2, 0x19, 0x1A, 0xFA, 0x1C, 0xD6, 0x0B, 0xDE, 0xE5, 0x08, 0xDA, 0x2A,
    0xF5, 0x09, 0xF7, 0x0A, 0x12, 0xE4, 0x0A, 0xF6, 0xE4, 0x1C, 0xEC, 0x1E, 0x14, 0x00, 0x1C, 0xD9,
    0x14, 0xD9, 0xEC, 0x00, 0xDA, 0x27, 0xEC, 0x07, 0xF5, 0x0E, 0x11, 0xE5, 0x0F, 0xF1, 0xE5, 0x19,
    0xE7, 0x21, 0x0E, 0x06, 0x1D, 0xDC, 0x1B, 0xD6, 0xF4, 0xF8, 0xD9, 0x24, 0xE5, 0x05, 0xF4, 0x11,
    0x0D, 0xE9, 0x15, 0xEB, 0xE9, 0x15, 0xE2, 0x22, 0x07, 0x0B, 0x1B, 0xE2, 0x21, 0xD5, 0xFD, 0xF1,
    0xDC, 0x1E, 0xDF, 0x02, 0xF3, 0x14, 0x0B, 0xEC, 0x18, 0xE8, 0xEC, 0x0F, 0xE0, 0x22, 0x01, 0x11,
    0x18, 0xE9, 0x26, 0xD5, 0x05, 0xEA, 0xDF, 0x17, 0xDA, 0x00, 0xF2, 0x15, 0x07, 0xF2, 0x1C, 0xE4,
    0xF2, 0x07, 0xDD, 0x23, 0xF9, 0x15, 0x15, 0xF2, 0x2A, 0xD6, 0x0E, 0xE4, 0xE4, 0x0E, 0xD6, 0xFE,
    0xF3, 0x15, 0x03, 0xF7, 0x1D, 0xE3, 0xF7, 0x00, 0xDE, 0x20, 0xF2, 0x19, 0x11, 0xFA, 0x2B, 0xDB,
    0x15, 0xDF, 0xEA, 0x06, 0xD5, 0xFB, 0xF3, 0x16, 0xFF, 0xFD, 0x1F, 0xE1, 0xFD, 0xFA, 0xDE, 0x1D,
    0xEC, 0x1C, 0x0B, 0x02, 0x2C, 0xDE, 0x1D, 0xDC, 0xF1, 0xFE, 0xD4, 0xF9, 0xF5, 0x14, 0xFA, 0x04,
    0x1E, 0xE2, 0x04, 0xF2, 0xE0, 0x1A, 0xE7, 0x1C, 0x06, 0x0B, 0x2A, 0xE5, 0x22, 0xDA, 0xF8, 0xF5,
    0xD6, 0xF7, 0xF7, 0x12, 0xF6, 0x0A, 0x1C, 0xE4, 0x0A, 0xEC, 0xE4, 0x14, 0xE2, 0x1C, 0x00, 0x14,
    0x27, 0xEC, 0x27, 0xDA, 0x00, 0xEC, 0xD9, 0xF5, 0xF9, 0x11, 0xF2, 0x0F, 0x1B, 0xE5, 0x0F, 0xE7,
    0xE7, 0x0E, 0xDF, 0x1D, 0xFA, 0x1B, 0x24, 0xF4, 0x2A, 0xD9, 0x08, 0xE5, 0xDC, 0xF4, 0xFB, 0x0D,
    0xEF, 0x15, 0x17, 0xE9, 0x15, 0xE2, 0xEB, 0x07, 0xDE, 0x1B, 0xF5, 0x21, 0x1E, 0xFD, 0x2B, 0xDC,
    0x0F, 0xDF, 0xE2, 0xF3, 0xFE, 0x0B, 0xEC, 0x18, 0x14, 0xEC, 0x18, 0xE0, 0xF1, 0x01, 0xDE, 0x18,
    0xEF, 0x26, 0x17, 0x05, 0x2B, 0xDF, 0x16, 0xDA, 0xE9, 0xF2, 0x00, 0x07, 0xEB, 0x1C, 0x0E, 0xF2,
    0x1C, 0xDD, 0xF9, 0xF9, 0xDD, 0x15, 0xEB, 0x2A, 0x0E, 0x0E, 0x2A, 0xE4, 0x1C, 0xD6, 0xF2, 0xF3,
    0x02, 0x03, 0xEB, 0x1D, 0x09, 0xF7, 0x1D, 0xDE, 0x00, 0xF2, 0xE0, 0x11, 0xE7, 0x2B, 0x06, 0x15,
    0x25, 0xEA, 0x21, 0xD5, 0xFA, 0xF3, 0x05, 0xFF, 0xEA, 0x1F, 0x03, 0xFD, 0x1F, 0xDE, 0x06, 0xEC,
    0xE3, 0x0B, 0xE4, 0x2C, 0xFE, 0x1D, 0x22, 0xF1, 0x24, 0xD4, 0x02, 0xF5, 0x07, 0xFA, 0xEC, 0x1E,
    0xFC, 0x04, 0x1E, 0xE0, 0x0E, 0xE7, 0xE6, 0x06, 0xE4, 0x2A, 0xF5, 0x22, 0x1B, 0xF8, 0x26, 0xD6,
    0x0B, 0x00, 0x32, 0x00, 0xFF, 0x0A, 0x0A, 0xFF, 0x0A, 0xF6, 0xFF, 0xF6, 0xF6, 0xFF, 0xF6, 0x0A,
    0x00, 0x9C, 0x00, 0xFF, 0xF6, 0x0A, 0xFF, 0xF6, 0xF6, 0xFF, 0x0A, 0xF6, 0xFF, 0x0A, 0x0A, 0x01,
    0x00, 0x31, 0x09, 0xFF, 0x07, 0x0C, 0xFF, 0x0C, 0xF8, 0xFF, 0xF8, 0xF4, 0xFF, 0xF5, 0x08, 0x00,
    0x9E, 0xEE, 0xFF, 0xF5, 0x08, 0xFF, 0xF8, 0xF4, 0xFF, 0x0C, 0xF8, 0xFF, 0x07, 0x0C, 0x01, 0x00,
    0x2E, 0x12, 0xFF, 0x05, 0x0D, 0xFF, 0x0D, 0xFA, 0xFF, 0xFA, 0xF4, 0xFF, 0xF4, 0x05, 0x00, 0xA4,
    0xDC, 0xFF, 0xF4, 0x05, 0xFF, 0xFA, 0xF4, 0xFF, 0x0D, 0xFA, 0xFF, 0x05, 0x0D, 0x01, 0x00, 0x29,
    0x1B, 0xFF, 0x03, 0x0D, 0xFF, 0x0E, 0xFD, 0xFF, 0xFD, 0xF3, 0xFF, 0xF2, 0x03, 0x00, 0xAE, 0xCA,
    0xFF, 0xF2, 0x03, 0xFF, 0xFD, 0xF3, 0xFF, 0x0E, 0xFD, 0xFF, 0x03, 0x0D, 0x01, 0x00, 0x23, 0x23,
    0xFF, 0x00, 0x0E, 0xFF, 0x0E, 0x00, 0xFF, 0x00, 0xF2, 0xFF, 0xF2, 0x00, 0x00, 0xBA, 0xBA, 0xFF,
    0xF2, 0x00, 0xFF, 0x00, 0xF2, 0xFF, 0x0E, 0x00, 0xFF, 0x00, 0x0E, 0x01, 0x00, 0x1B, 0x29, 0xFF,
    0xFD, 0x0D, 0xFF, 0x0E, 0x03, 0xFF, 0x03, 0xF2, 0xFF, 0xF2, 0xFE, 0x00, 0xCA, 0xAE, 0xFF, 0xF2,
    0xFE, 0xFF, 0x03, 0xF2, 0xFF, 0x0E, 0x03, 0xFF, 0xFD, 0x0D, 0x01, 0x00, 0x13, 0x2E, 0xFF, 0xFB,
    0x0D, 0xFF, 0x0D, 0x05, 0xFF, 0x05, 0xF3, 0xFF, 0xF3, 0xFB, 0x00, 0xDA, 0xA4, 0xFF, 0xF3, 0xFB,
    0xFF, 0x05, 0xF3, 0xFF, 0x0D, 0x05, 0xFF, 0xFB, 0x0D, 0x01, 0x00, 0x0A, 0x30, 0xFF, 0xF8, 0x0C,
    0xFF, 0x0C, 0x07, 0xFF, 0x07, 0xF5, 0xFF, 0xF5, 0xF8, 0x00, 0xEC, 0xA0, 0xFF, 0xF5, 0xF8, 0xFF,
    0x07, 0xF5, 0xFF, 0x0C, 0x07, 0xFF, 0xF8, 0x0C, 0x01, 0x00, 0x00, 0x31, 0xFF, 0xF7, 0x0A, 0xFF,
    0x09, 0x0A, 0xFF, 0x09, 0xF6, 0xFF, 0xF7, 0xF6, 0x00, 0x00, 0x9E, 0xFF, 0xF7, 0xF6, 0xFF, 0x09,
    0xF6, 0xFF, 0x09, 0x0A, 0xFF, 0xF7, 0x0A, 0x01, 0x00, 0xF7, 0x31, 0xFF, 0xF4, 0x07, 0xFF, 0x08,
    0x0C, 0xFF, 0x0C, 0xF8, 0xFF, 0xF8, 0xF5, 0x00, 0x12, 0x9E, 0xFF, 0xF8, 0xF5, 0xFF, 0x0C, 0xF8,
    0xFF, 0x08, 0x0C, 0xFF, 0xF4, 0x07, 0x01, 0x00, 0xEE, 0x2E, 0xFF, 0xF3, 0x05, 0xFF, 0x06, 0x0D,
    0xFF, 0x0C, 0xFA, 0xFF, 0xFB, 0xF4, 0x00, 0x24, 0xA4, 0xFF, 0xFB, 0xF4, 0xFF, 0x0C, 0xFA, 0xFF,
    0x06, 0x0D, 0xFF, 0xF3, 0x05, 0x01, 0x00, 0xE5, 0x29, 0xFF, 0xF3, 0x03, 0xFF, 0x03, 0x0E, 0xFF,
    0x0D, 0xFD, 0xFF, 0xFD, 0xF2, 0x00, 0x36, 0xAE, 0xFF, 0xFD, 0xF2, 0xFF, 0x0D, 0xFD, 0xFF, 0x03,
    0x0E, 0xFF, 0xF3, 0x03, 0x01, 0x00, 0xDD, 0x23, 0xFF, 0xF2, 0x00, 0xFF, 0x00, 0x0E, 0xFF, 0x0E,
    0x00, 0xFF, 0x00, 0xF2, 0x00, 0x46, 0xBA, 0xFF, 0x00, 0xF2, 0xFF, 0x0E, 0x00, 0xFF, 0x00, 0x0E,
    0xFF, 0xF2, 0x00, 0x01, 0x00, 0xD7, 0x1B, 0xFF, 0xF3, 0xFD, 0xFF, 0xFD, 0x0E, 0xFF, 0x0E, 0x03,
    0xFF, 0x02, 0xF2, 0x00, 0x52, 0xCA, 0xFF, 0x02, 0xF2, 0xFF, 0x0E, 0x03, 0xFF, 0xFD, 0x0E, 0xFF,
    0xF3, 0xFD, 0x01, 0x00, 0xD2, 0x13, 0xFF, 0xF3, 0xFB, 0xFF, 0xFB, 0x0D, 0xFF, 0x0D, 0x05, 0xFF,
    0x05, 0xF3, 0x00, 0x5C, 0xDA, 0xFF, 0x05, 0xF3, 0xFF, 0x0D, 0x05, 0xFF, 0xFB, 0x0D, 0xFF, 0xF3,
    0xFB, 0x01, 0x00, 0xD0, 0x0A, 0xFF, 0xF4, 0xF8, 0xFF, 0xF9, 0x0C, 0xFF, 0x0B, 0x07, 0xFF, 0x08,
    0xF5, 0x00, 0x60, 0xEC, 0xFF, 0x08, 0xF5, 0xFF, 0x0B, 0x07, 0xFF, 0xF9, 0x0C, 0xFF, 0xF4, 0xF8,
    0x01, 0x00, 0xE4, 0xF9, 0xFF, 0xE4, 0x07, 0xFF, 0x1C, 0x07, 0x00, 0x15, 0x15, 0xFF, 0x07, 0x1C,
    0xFF, 0x07, 0xE4, 0x00, 0x15, 0xEB, 0xFF, 0x1C, 0xF9, 0xFF, 0xE4, 0xF9, 0x00, 0xEB, 0xEB, 0xFF,
    0xF9, 0xE4, 0xFF, 0xF9, 0x1C, 0x01, 0x00, 0xE4, 0xF9, 0xFF, 0xF9, 0x07, 0xFF, 0x07, 0x07, 0x00,
    0x15, 0x15, 0xFF, 0x07, 0x07, 0xFF, 0x07, 0xF9, 0x00, 0x15, 0xEB, 0xFF, 0x07, 0xF9, 0xFF, 0xF9,
    0xF9, 0x00, 0xEB, 0xEB, 0xFF, 0xF9, 0xF9, 0xFF, 0xF9, 0x07, 0x01, 0x00, 0xF2, 0xE4, 0xFF, 0x00,
    0xF2, 0xFF, 0x0E, 0xF2, 0xFF, 0x07, 0x07, 0xFF, 0x00, 0x5B, 0xFF, 0xF2, 0x0E, 0xFF, 0xF9, 0xF9,
    0xFF, 0x00, 0xEB, 0x01, 0x00, 0x00, 0xE4, 0xFF, 0xF9, 0x15, 0xFF, 0x00, 0x0E, 0xFF, 0x07, 0x15,
    0x01, 0x00, 0x00, 0xE4, 0xFF, 0x07, 0x15, 0xFF, 0xF9, 0xF9, 0xFF, 0xF9, 0x07, 0xFF, 0x00, 0x0E,
    0xFF, 0x07, 0x07, 0xFF, 0x07, 0xF9, 0xFF, 0x00, 0xF2, 0x00, 0x00, 0x0E, 0xFF, 0xF9, 0x15, 0x01,
    0x00, 0x00, 0xE4, 0xFF, 0x0E, 0x0E, 0xFF, 0x00, 0x1C, 0xFF, 0xF2, 0x0E, 0x00, 0x00, 0xF2, 0xFF,
    0x07, 0xF9, 0xFF, 0x00, 0xF2, 0xFF, 0xF9, 0xF9, 0xFF, 0xF9, 0x07, 0xFF, 0x00, 0x0E, 0xFF, 0x07,
    0x07, 0x01, 0x00, 0xE4, 0x00, 0xFF, 0x31, 0xE4, 0xFF, 0x07, 0x0E, 0xFF, 0x00, 0x1C, 0xFF, 0xF9,
    0x0E, 0xFF, 0xF9, 0xF2, 0xFF, 0x00, 0xE4, 0xFF, 0x07, 0xF2, 0x00, 0xCF, 0x1C, 0xFF, 0x31, 0x1C,
    0x00, 0xF9, 0xF2, 0xFF, 0xD6, 0xF2, 0xFF, 0x2A, 0xF2, 0x01, 0xB6, 0xC9, 0x33, 0x81, 0x06, 0x26,
    0x18, 0x8E, 0x74, 0x91, 0xB6, 0xC9, 0xFB, 0x84, 0x1F, 0xC6, 0x16, 0x3D, 0x30, 0x8B, 0xC6, 0x20,
    0x86, 0x0A, 0xBD, 0xF3, 0xD8, 0xBD, 0xF3, 0x54, 0x39, 0x81, 0x02, 0x26, 0x0C, 0x8E, 0x79, 0xF2,
    0xC6, 0x2C, 0xBD, 0xF4, 0x0E, 0xBD, 0xF3, 0x54, 0x39, 0x8E, 0x59, 0x47, 0xC6, 0x2C, 0xBD, 0xF4,
    0x0E, 0xBD, 0xF3, 0x54, 0xB6, 0xC9, 0x33, 0x81, 0x01, 0x27, 0x2B, 0x81, 0x03, 0x27, 0x09, 0x81,
    0x04, 0x27, 0x35, 0x81, 0x05, 0x27, 0x4B, 0x39, 0xBE, 0xC9, 0x1E, 0xBD, 0xF3, 0x0C, 0x8E, 0x77,
    0x51, 0x86, 0xFF, 0xB0, 0xC9, 0xFC, 0x84, 0x0F, 0xC6, 0x1F, 0x3D, 0x30, 0x8B, 0xC6, 0x20, 0xBD,
    0xF4, 0x0E, 0xBD, 0xF3, 0x54, 0x39, 0xBE, 0xC9, 0x1E, 0xBD, 0xF3, 0x0C, 0x8E, 0x79, 0x8B, 0xC6,
    0x2C, 0xBD, 0xF4, 0x0E, 0xBD, 0xF3, 0x54, 0x39, 0xBE, 0xC9, 0x1E, 0xBD, 0xF3, 0x0C, 0x8E, 0x79,
    0x41, 0xB6, 0xC9, 0xFB, 0x2A, 0x03, 0x8E, 0x79, 0x66, 0xC6, 0x2C, 0xBD, 0xF4, 0x0E, 0xBD, 0xF3,
    0x54, 0x39, 0xBE, 0xC9, 0x1E, 0xBD, 0xF3, 0x0C, 0x8E, 0x79, 0xA4, 0xB6, 0xC9, 0xFD, 0x27, 0x0E,
    0x8E, 0x79, 0xB1, 0x81, 0x01, 0x27, 0x07, 0x81, 0x05, 0x27, 0x03, 0x8E, 0x79, 0xD0, 0xC6, 0x2A,
    0xBD, 0xF4, 0x0E, 0xBD, 0xF3, 0x54, 0xB6, 0xC9, 0xFE, 0x81, 0x00, 0x26, 0x0D, 0x7C, 0xC9, 0xFD,
    0xB6, 0xC9, 0xFD, 0x81, 0x06, 0x26, 0x03, 0x7F, 0xC9, 0xFD, 0x39, 0xCC, 0xFD, 0x20, 0xFD, 0xC8,
    0x2A, 0x86, 0x48, 0xBD, 0xF2, 0xAB, 0xB6, 0xC9, 0x5E, 0x27, 0x0D, 0xCE, 0x5C, 0xEE, 0x8E, 0x50,
    0x00, 0xB6, 0xC9, 0x0C, 0x81, 0x01, 0x27, 0x56, 0xB6, 0xC9, 0x61, 0x27, 0x0D, 0xCE, 0x5C, 0xF3,
    0x8E, 0xB0, 0x00, 0xB6, 0xC9, 0x0C, 0x81, 0x02, 0x27, 0x44, 0xB6, 0xC9, 0x64, 0x27, 0x0D, 0xCE,
    0x5C, 0xF8, 0x8E, 0x20, 0xB0, 0xB6, 0xC9, 0x0C, 0x81, 0x03, 0x27, 0x32, 0xB6, 0xC9, 0x67, 0x27,
    0x0D, 0xCE, 0x5C, 0xFD, 0x8E, 0xE0, 0xB0, 0xB6, 0xC9, 0x0C, 0x81, 0x04, 0x27, 0x20, 0xB6, 0xC9,
    0x6A, 0x27, 0x0D, 0xCE, 0x5D, 0x02, 0x8E, 0x20, 0x50, 0xB6, 0xC9, 0x0C, 0x81, 0x05, 0x27, 0x0E,
    0xB6, 0xC9, 0x6D, 0x27, 0x08, 0xCE, 0x5D, 0x07, 0x8E, 0xE0, 0x50, 0x20, 0x01, 0x39, 0xBF, 0xC9,
    0x1E, 0xFC, 0xC9, 0x1E, 0x80, 0x10, 0xC0, 0x0C, 0xBD, 0xF3, 0x7A, 0x39, 0xFD, 0x30, 0x7F, 0x50,
    0x4C, 0x45, 0x56, 0x45, 0x4C, 0x20, 0x31, 0x80, 0x00, 0xFD, 0x30, 0x7F, 0x50, 0x4C, 0x45, 0x56,
    0x45, 0x4C, 0x20, 0x32, 0x80, 0x00, 0xFD, 0x30, 0x7F, 0x50, 0x4C, 0x45, 0x56, 0x45, 0x4C, 0x20,
    0x33, 0x80, 0x00, 0xB6, 0xC9, 0x19, 0x27, 0x01, 0x39, 0x86, 0x00, 0xB7, 0xC9, 0xEA, 0x86, 0x50,
    0xBD, 0xF2, 0xAB, 0xB6, 0xC9, 0x1A, 0xF6, 0xC9, 0x1C, 0xBD, 0xF2, 0xFC, 0x8E, 0x1D, 0xAF, 0xB6,
    0xC9, 0x04, 0x84, 0x7F, 0xC6, 0x28, 0x3D, 0x30, 0x8B, 0xF6, 0xC9, 0x70, 0xBD, 0xF4, 0x0E, 0xBD,
    0xF3, 0x54, 0xB6, 0xC9, 0x1A, 0xF6, 0xC9, 0x1C, 0xBD, 0xF2, 0xFC, 0x8E, 0x27, 0xD7, 0xB6, 0xC9,
    0x04, 0x84, 0x7F, 0xC6, 0x2B, 0x3D, 0x30, 0x8B, 0xF6, 0xC9, 0x70, 0xBD, 0xF4, 0x0E, 0xBD, 0xF3,
    0x54, 0xB6, 0xC9, 0x1A, 0xF6, 0xC9, 0x1C, 0xBD, 0xF2, 0xFC, 0xB6, 0xC9, 0x14, 0x2A, 0x16, 0x8E,
    0x32, 0xC2, 0xB6, 0xC9, 0x04, 0x84, 0x7F, 0xC6, 0x13, 0x3D, 0x30, 0x8B, 0xF6, 0xC9, 0x70, 0xBD,
    0xF4, 0x0E, 0xBD, 0xF3, 0x54, 0x7C, 0xC9, 0x70, 0xB6, 0xC9, 0x9E, 0x81, 0x01, 0x26, 0x03, 0x7C,
    0xC9, 0x04, 0xBD, 0xF1, 0xAF, 0x7C, 0xC9, 0x00, 0x86, 0x04, 0xF6, 0xC9, 0x04, 0xBD, 0xF6, 0x01,
    0xFD, 0xC9, 0x0A, 0xB6, 0xC9, 0x00, 0xF6, 0xC9, 0x0A, 0xBD, 0x18, 0xC4, 0xF3, 0xC9, 0x06, 0xFD,
    0xC9, 0x06, 0xB6, 0xC9, 0x00, 0xF6, 0xC9, 0x0B, 0xBD, 0x18, 0xC4, 0xF3, 0xC9, 0x08, 0xFD, 0xC9,
    0x08, 0xFC, 0xC9, 0x1A, 0xF3, 0xC9, 0x06, 0x29, 0x12, 0xFD, 0xC9, 0x1A, 0xFC, 0xC9, 0x1C, 0xF3,
    0xC9, 0x08, 0x29, 0x07, 0xFD, 0xC9, 0x1C, 0xBD, 0xF1, 0xAA, 0x39, 0x86, 0x01, 0xB7, 0xC9, 0x19,
    0xBD, 0xF1, 0xAA, 0x7F, 0xC9, 0xEA, 0x39, 0xCC, 0x01, 0x80, 0xFD, 0xC9, 0x16, 0x86, 0x19, 0xB7,
    0xC9, 0x20, 0xBD, 0xF1, 0x92, 0xBD, 0x67, 0xFD, 0x86, 0x60, 0xBD, 0xF2, 0xAB, 0xCE, 0x1C, 0x1F,
    0xBD, 0xF3, 0x85, 0xB6, 0xC9, 0x20, 0x27, 0x0C, 0xCC, 0x10, 0x00, 0x8E, 0xCB, 0xEB, 0xBD, 0xF8,
    0x7C, 0x7A, 0xC9, 0x20, 0xFC, 0xC9, 0x16, 0x83, 0x00, 0x01, 0xFD, 0xC9, 0x16, 0x10, 0x83, 0x00,
    0x00, 0x26, 0xCF, 0x39, 0xCC, 0x01, 0x80, 0xFD, 0xC9, 0x16, 0x86, 0x64, 0xB7, 0xC9, 0x20, 0xBD,
    0xF1, 0x92, 0xBD, 0x67, 0xFD, 0x86, 0x60, 0xBD, 0xF2, 0xAB, 0xCE, 0x1C, 0x53, 0xBD, 0xF3, 0x85,
    0xB6, 0xC9, 0x20, 0x27, 0x0C, 0xCC, 0x10, 0x00, 0x8E, 0xCB, 0xEB, 0xBD, 0xF8, 0x7C, 0x7A, 0xC9,
    0x20, 0xFC, 0xC9, 0x16, 0x83, 0x00, 0x01, 0xFD, 0xC9, 0x16, 0x10, 0x83, 0x00, 0x00, 0x26, 0xCF,
    0x39, 0xBD, 0xF2, 0xAB, 0x2A, 0x03, 0x86, 0x7E, 0x39, 0x86, 0x82, 0x39, 0xFC, 0x30, 0xA0, 0xC8,
    0x50, 0x52, 0x45, 0x53, 0x53, 0x20, 0x34, 0x20, 0x54, 0x4F, 0x20, 0x53, 0x54, 0x41, 0x52, 0x54,
    0x80, 0xFC, 0x30, 0x98, 0xBA, 0x67, 0x20, 0x32, 0x30, 0x30, 0x32, 0x20, 0x4A, 0x4F, 0x48, 0x4E,
    0x20, 0x44, 0x4F, 0x4E, 0x44, 0x5A, 0x49, 0x4C, 0x41, 0x80, 0x00, 0xFC, 0x30, 0xA0, 0xB8, 0x50,
    0x52, 0x45, 0x53, 0x53, 0x20, 0x31, 0x20, 0x54, 0x4F, 0x20, 0x53, 0x54, 0x41, 0x52, 0x54, 0x20,
    0x57, 0x49, 0x54, 0x48, 0x80, 0xFC, 0x30, 0x98, 0xC3, 0x20, 0x20, 0x20, 0x47, 0x41, 0x4D, 0x45,
    0x20, 0x4F, 0x50, 0x54, 0x49, 0x4F, 0x4E, 0x53, 0x80, 0x00, 0xBD, 0x1B, 0x49, 0x86, 0x03, 0xB7,
    0xC8, 0x86, 0xBD, 0x7E, 0x88, 0xBD, 0x71, 0x18, 0x7F, 0xCA, 0xFF, 0xBD, 0x6B, 0xCD, 0x7F, 0xC8,
    0x12, 0x7F, 0xC8, 0x15, 0x86, 0x01, 0xB7, 0xC9, 0xDF, 0xBD, 0xF1, 0x92, 0xBD, 0x7D, 0x8C, 0xBD,
    0x70, 0xC1, 0xBD, 0x6B, 0xCD, 0x7D, 0xC8, 0x15, 0x27, 0x09, 0x86, 0x03, 0xB7, 0xC8, 0x86, 0x7F,
    0xC8, 0x87, 0x39, 0x7D, 0xC8, 0x12, 0x27, 0xE1, 0xBD, 0x7F, 0x51, 0x39, 0x86, 0x48, 0xBD, 0xF2,
    0xAB, 0x7C, 0xCA, 0xFF, 0xCE, 0x7C, 0xEC, 0xB6, 0xCA, 0xFF, 0x2A, 0x03, 0xCE, 0x7D, 0x1B, 0xBD,
    0xF3, 0x85, 0x86, 0x50, 0xBD, 0xF2, 0xAB, 0xCC, 0x60, 0xA0, 0xBD, 0xF2, 0xFC, 0x8E, 0x6C, 0x94,
    0xF6, 0xCA, 0xE0, 0x2B, 0x06, 0xBD, 0xF4, 0x0E, 0xBD, 0xF3, 0x54, 0xCC, 0x60, 0xB8, 0xBD, 0xF2,
    0xFC, 0x8E, 0x6C, 0xDB, 0xF6, 0xCA, 0xE2, 0x2B, 0x06, 0xBD, 0xF4, 0x0E, 0xBD, 0xF3, 0x54, 0xCC,
    0x60, 0xD0, 0xBD, 0xF2, 0xFC, 0x8E, 0x6C, 0x5E, 0xF6, 0xCA, 0xE4, 0x2B, 0x06, 0xBD, 0xF4, 0x0E,
    0xBD, 0xF3, 0x54, 0xCC, 0x60, 0xE8, 0xBD, 0xF2, 0xFC, 0x8E, 0x6D, 0x15, 0xF6, 0xCA, 0xE6, 0x2B,
    0x06, 0xBD, 0xF4, 0x0E, 0xBD, 0xF3, 0x54, 0xCC, 0x60, 0x00, 0xBD, 0xF2, 0xFC, 0x8E, 0x6C, 0xAA,
    0xF6, 0xCA, 0xE8, 0x2B, 0x06, 0xBD, 0xF4, 0x0E, 0xBD, 0xF3, 0x54, 0xCC, 0x60, 0x18, 0xBD, 0xF2,
    0xFC, 0x8E, 0x6C, 0xFB, 0xF6, 0xCA, 0xEA, 0x2B, 0x06, 0xBD, 0xF4, 0x0E, 0xBD, 0xF3, 0x54, 0xCC,
    0x60, 0x30, 0xBD, 0xF2, 0xFC, 0x8E, 0x6C, 0xDB, 0xF6, 0xCA, 0xEC, 0x2B, 0x06, 0xBD, 0xF4, 0x0E,
    0xBD, 0xF3, 0x54, 0xCC, 0x60, 0x48, 0xBD, 0xF2, 0xFC, 0x8E, 0x6C, 0x7E, 0xF6, 0xCA, 0xEE, 0x2B,
    0x06, 0xBD, 0xF4, 0x0E, 0xBD, 0xF3, 0x54, 0xCC, 0x60, 0x60, 0xBD, 0xF2, 0xFC, 0x8E, 0x6D, 0x1F,
    0xF6, 0xCA, 0xF0, 0x2B, 0x06, 0xBD, 0xF4, 0x0E, 0xBD, 0xF3, 0x54, 0x8E, 0xCA, 0xE0, 0xA6, 0x01,
    0x2B, 0x0F, 0x6C, 0x84, 0x6C, 0x84, 0xA6, 0x84, 0x81, 0x7E, 0x26, 0x14, 0xA6, 0x01, 0x40, 0xA7,
    0x01, 0x6A, 0x84, 0x6A, 0x84, 0xA6, 0x84, 0x81, 0x08, 0x26, 0x05, 0xA6, 0x01, 0x40, 0xA7, 0x01,
    0x30, 0x02, 0x8C, 0xCA, 0xF2, 0x26, 0xD7, 0x39, 0x8E, 0xCA, 0xE0, 0xCC, 0x00, 0x01, 0xED, 0x84,
    0x80, 0x0A, 0x30, 0x02, 0x8C, 0xCA, 0xF2, 0x26, 0xF5, 0x39, 0xFA, 0x30, 0x50, 0xB8, 0x33, 0x3A,
    0x20, 0x53, 0x54, 0x41, 0x4E, 0x44, 0x41, 0x52, 0x44, 0x20, 0x50, 0x4C, 0x41, 0x59, 0x80, 0x00,
    0xFA, 0x30, 0x50, 0xB8, 0x33, 0x3A, 0x20, 0x41, 0x52, 0x43, 0x41, 0x44, 0x45, 0x20, 0x50, 0x4C,
    0x41, 0x59, 0x80, 0x00, 0xFA, 0x30, 0x40, 0xB8, 0x34, 0x3A, 0x20, 0x43, 0x4F, 0x4E, 0x54, 0x52,
    0x4F, 0x4C, 0x4C, 0x45, 0x52, 0x20, 0x31, 0x80, 0x00, 0xFA, 0x30, 0x40, 0xB8, 0x34, 0x3A, 0x20,
    0x43, 0x4F, 0x4E, 0x54, 0x52, 0x4F, 0x4C, 0x4C, 0x45, 0x52, 0x20, 0x32, 0x80, 0x00, 0xFA, 0x30,
    0x40, 0xB8, 0x34, 0x3A, 0x20, 0x43, 0x4F, 0x4E, 0x54, 0x52, 0x4F, 0x4C, 0x4C, 0x45, 0x52, 0x20,
    0x33, 0x80, 0x00, 0xFA, 0x30, 0x40, 0xB8, 0x34, 0x3A, 0x20, 0x43, 0x4F, 0x4E, 0x54, 0x52, 0x4F,
    0x4C, 0x4C, 0x45, 0x52, 0x20, 0x34, 0x80, 0x00, 0xFA, 0x30, 0x40, 0xB8, 0x34, 0x3A, 0x20, 0x43,
    0x4F, 0x4E, 0x54, 0x52, 0x4F, 0x4C, 0x4C, 0x45, 0x52, 0x20, 0x35, 0x80, 0x00, 0xFA, 0x30, 0x40,
    0xB8, 0x34, 0x3A, 0x20, 0x43, 0x4F, 0x4E, 0x54, 0x52, 0x4F, 0x4C, 0x4C, 0x45, 0x52, 0x20, 0x36,
    0x80, 0x00, 0xFA, 0x30, 0xD0, 0xB8, 0x31, 0x3A, 0x20, 0x50, 0x4C, 0x41, 0x59, 0x20, 0x21, 0x80,
    0x00, 0x7F, 0xC8, 0x86, 0x7F, 0xC8, 0x87, 0x86, 0x01, 0xB7, 0xC9, 0xDF, 0xB7, 0xCB, 0x01, 0xB7,
    0xC9, 0xA3, 0xBD, 0xF1, 0x92, 0x86, 0x60, 0xBD, 0xF2, 0xAB, 0xCE, 0x7F, 0x42, 0xBD, 0xF3, 0x85,
    0xCE, 0x7E, 0x9A, 0xB6, 0xC8, 0x87, 0x27, 0x03, 0xCE, 0x7E, 0xB0, 0xBD, 0xF3, 0x85, 0xCE, 0x7E,
    0xC4, 0xB6, 0xC8, 0x86, 0x27, 0x1F, 0xCE, 0x7E, 0xD9, 0x81, 0x01, 0x27, 0x18, 0xCE, 0x7E, 0xEE,
    0x81, 0x02, 0x27, 0x11, 0xCE, 0x7F, 0x03, 0x81, 0x03, 0x27, 0x0A, 0xCE, 0x7F, 0x18, 0x81, 0x04,
    0x27, 0x03, 0xCE, 0x7F, 0x2D, 0xBD, 0xF3, 0x85, 0xBD, 0x6B, 0xCD, 0x7D, 0xC8, 0x14, 0x27, 0x1A,
    0xB6, 0xCB, 0x01, 0x26, 0x18, 0x86, 0x01, 0xB7, 0xCB, 0x01, 0xB6, 0xC8, 0x87, 0x4C, 0xB7, 0xC8,
    0x87, 0x81, 0x02, 0x26, 0x08, 0x7F, 0xC8, 0x87, 0x20, 0x03, 0x7F, 0xCB, 0x01, 0x7D, 0xC8, 0x15,
    0x27, 0x19, 0xB6, 0xC9, 0xDF, 0x26, 0x17, 0x86, 0x01, 0xB7, 0xC9, 0xDF, 0x7C, 0xC8, 0x86, 0xB6,
    0xC8, 0x86, 0x81, 0x06, 0x26, 0x08, 0x7F, 0xC8, 0x86, 0x20, 0x03, 0x7F, 0xC9, 0xDF, 0x7D, 0xC8,
    0x12, 0x27, 0x06, 0xB6, 0xC9, 0xA3, 0x26, 0x04, 0x39, 0x7F, 0xC9, 0xA3, 0x7E, 0x7F, 0x62, 0x12,
};

#endif
