
/home/truonglangquan/idk-code/idk-test/miniusb-hid/build/miniusb_hid.elf:     file format elf32-littlearm

Sections:
Idx Name          Size      VMA       LMA       File off  Algn
  0 .text         00003bac  10000000  10000000  00001000  2**3
                  CONTENTS, ALLOC, LOAD, READONLY, CODE
  1 .rodata       0000025c  10003bac  10003bac  00004bac  2**2
                  CONTENTS, ALLOC, LOAD, READONLY, DATA
  2 .ARM.exidx    00000008  10003e08  10003e08  00004e08  2**2
                  CONTENTS, ALLOC, LOAD, READONLY, DATA
  3 .binary_info  00000024  10003e10  10003e10  00004e10  2**2
                  CONTENTS, ALLOC, LOAD, READONLY, DATA
  4 .ram_vector_table 00000110  20000000  20000000  00007000  2**2
                  ALLOC
  5 .uninitialized_data 00000000  20000110  20000110  00006e88  2**0
                  CONTENTS
  6 .data         00001040  20000110  10003e34  00005110  2**3
                  CONTENTS, ALLOC, LOAD, READONLY, CODE
  7 .tdata        00000000  20001150  20001150  00006e88  2**0
                  CONTENTS, ALLOC, LOAD, DATA, THREAD_LOCAL
  8 .tbss         00000000  20001150  20001150  00000000  2**0
                  ALLOC, THREAD_LOCAL
  9 .bss          000009e4  20001150  10004e74  00007150  2**3
                  ALLOC
 10 .heap         00000800  20001b34  10004e74  00007b34  2**2
                  ALLOC, READONLY
 11 .scratch_x    00000000  20080000  20080000  00006e88  2**0
                  CONTENTS
 12 .scratch_y    00000000  20081000  20081000  00006e88  2**0
                  CONTENTS
 13 .stack_dummy  00000800  20081000  20081000  00007000  2**5
                  ALLOC, READONLY
 14 .flash_end    00000014  10004e74  10004e74  00006e74  2**2
                  CONTENTS, ALLOC, LOAD, READONLY, DATA
 15 .ARM.attributes 00000034  00000000  00000000  00006e88  2**0
                  CONTENTS, READONLY
 16 .comment      0000001e  00000000  00000000  00006ebc  2**0
                  CONTENTS, READONLY
 17 .debug_info   00039956  00000000  00000000  00006eda  2**0
                  CONTENTS, READONLY, DEBUGGING, OCTETS
 18 .debug_abbrev 00009980  00000000  00000000  00040830  2**0
                  CONTENTS, READONLY, DEBUGGING, OCTETS
 19 .debug_loclists 0001d184  00000000  00000000  0004a1b0  2**0
                  CONTENTS, READONLY, DEBUGGING, OCTETS
 20 .debug_aranges 000013b8  00000000  00000000  00067338  2**3
                  CONTENTS, READONLY, DEBUGGING, OCTETS
 21 .debug_rnglists 00004f74  00000000  00000000  000686f0  2**0
                  CONTENTS, READONLY, DEBUGGING, OCTETS
 22 .debug_line   00021de6  00000000  00000000  0006d664  2**0
                  CONTENTS, READONLY, DEBUGGING, OCTETS
 23 .debug_str    0000afd6  00000000  00000000  0008f44a  2**0
                  CONTENTS, READONLY, DEBUGGING, OCTETS
 24 .debug_frame  00003504  00000000  00000000  0009a420  2**2
                  CONTENTS, READONLY, DEBUGGING, OCTETS
 25 .debug_line_str 000001bd  00000000  00000000  0009d924  2**0
                  CONTENTS, READONLY, DEBUGGING, OCTETS

/home/truonglangquan/idk-code/idk-test/miniusb-hid/build/miniusb_hid.elf:     file format elf32-littlearm


Disassembly of section .text:

10000000 <__VECTOR_TABLE>:
10000000:	20082000 	.word	0x20082000
10000004:	1000015d 	.word	0x1000015d
10000008:	1000011b 	.word	0x1000011b
1000000c:	1000011d 	.word	0x1000011d
10000010:	10000111 	.word	0x10000111
10000014:	10000111 	.word	0x10000111
10000018:	10000111 	.word	0x10000111
1000001c:	10000111 	.word	0x10000111
10000020:	10000119 	.word	0x10000119
10000024:	10000119 	.word	0x10000119
10000028:	10000119 	.word	0x10000119
1000002c:	1000011f 	.word	0x1000011f
10000030:	10000111 	.word	0x10000111
10000034:	10000119 	.word	0x10000119
10000038:	10000121 	.word	0x10000121
1000003c:	10000123 	.word	0x10000123
10000040:	10000111 	.word	0x10000111
10000044:	10000111 	.word	0x10000111
10000048:	10000111 	.word	0x10000111
1000004c:	10000111 	.word	0x10000111
10000050:	10000111 	.word	0x10000111
10000054:	10000111 	.word	0x10000111
10000058:	10000111 	.word	0x10000111
1000005c:	10000111 	.word	0x10000111
10000060:	10000111 	.word	0x10000111
10000064:	10000111 	.word	0x10000111
10000068:	10000111 	.word	0x10000111
1000006c:	10000111 	.word	0x10000111
10000070:	10000111 	.word	0x10000111
10000074:	10000111 	.word	0x10000111
10000078:	10000111 	.word	0x10000111
1000007c:	10000111 	.word	0x10000111
10000080:	10000111 	.word	0x10000111
10000084:	10000111 	.word	0x10000111
10000088:	10000111 	.word	0x10000111
1000008c:	10000111 	.word	0x10000111
10000090:	10000111 	.word	0x10000111
10000094:	10000111 	.word	0x10000111
10000098:	10000111 	.word	0x10000111
1000009c:	10000111 	.word	0x10000111
100000a0:	10000111 	.word	0x10000111
100000a4:	10000111 	.word	0x10000111
100000a8:	10000111 	.word	0x10000111
100000ac:	10000111 	.word	0x10000111
100000b0:	10000111 	.word	0x10000111
100000b4:	10000111 	.word	0x10000111
100000b8:	10000111 	.word	0x10000111
100000bc:	10000111 	.word	0x10000111
100000c0:	10000111 	.word	0x10000111
100000c4:	10000111 	.word	0x10000111
100000c8:	10000111 	.word	0x10000111
100000cc:	10000111 	.word	0x10000111
100000d0:	10000111 	.word	0x10000111
100000d4:	10000111 	.word	0x10000111
100000d8:	10000111 	.word	0x10000111
100000dc:	10000111 	.word	0x10000111
100000e0:	10000111 	.word	0x10000111
100000e4:	10000111 	.word	0x10000111
100000e8:	10000111 	.word	0x10000111
100000ec:	10000111 	.word	0x10000111
100000f0:	10000111 	.word	0x10000111
100000f4:	10000111 	.word	0x10000111
100000f8:	10000111 	.word	0x10000111
100000fc:	10000111 	.word	0x10000111
10000100:	10000111 	.word	0x10000111
10000104:	10000111 	.word	0x10000111
10000108:	10000111 	.word	0x10000111
1000010c:	10000111 	.word	0x10000111

10000110 <__unhandled_user_irq>:
10000110:	f3ef 8005 	mrs	r0, IPSR
10000114:	3810      	subs	r0, #16

10000116 <unhandled_user_irq_num_in_r0>:
10000116:	be00      	bkpt	0x0000

10000118 <isr_invalid>:
10000118:	be00      	bkpt	0x0000

1000011a <isr_nmi>:
1000011a:	be00      	bkpt	0x0000

1000011c <isr_hardfault>:
1000011c:	be00      	bkpt	0x0000

1000011e <isr_svcall>:
1000011e:	be00      	bkpt	0x0000

10000120 <isr_pendsv>:
10000120:	be00      	bkpt	0x0000

10000122 <isr_systick>:
10000122:	be00      	bkpt	0x0000

10000124 <__default_isrs_end>:
10000124:	7188ebf2 	.word	0x7188ebf2
10000128:	10003e10 	.word	0x10003e10
1000012c:	10003e34 	.word	0x10003e34
10000130:	100001a0 	.word	0x100001a0
10000134:	e71aa390 	.word	0xe71aa390

10000138 <__binary_info_header_end>:
10000138:	ffffded3 	.word	0xffffded3
1000013c:	10210142 	.word	0x10210142
10000140:	000001ff 	.word	0x000001ff
10000144:	00004d3c 	.word	0x00004d3c
10000148:	ab123579 	.word	0xab123579

1000014c <_entry_point>:
1000014c:	f04f 0000 	mov.w	r0, #0

10000150 <_enter_vtable_in_r0>:
10000150:	491e      	ldr	r1, [pc, #120]	@ (100001cc <data_cpy_table+0x2c>)
10000152:	6008      	str	r0, [r1, #0]
10000154:	c806      	ldmia	r0!, {r1, r2}
10000156:	f381 8808 	msr	MSP, r1
1000015a:	4710      	bx	r2

1000015c <_reset_handler>:
1000015c:	f04f 4050 	mov.w	r0, #3489660928	@ 0xd0000000
10000160:	6800      	ldr	r0, [r0, #0]
10000162:	b110      	cbz	r0, 1000016a <hold_non_core0_in_bootrom+0x6>

10000164 <hold_non_core0_in_bootrom>:
10000164:	f04f 0000 	mov.w	r0, #0
10000168:	e7f2      	b.n	10000150 <_enter_vtable_in_r0>
1000016a:	a40d      	add	r4, pc, #52	@ (adr r4, 100001a0 <data_cpy_table>)
1000016c:	cc0e      	ldmia	r4!, {r1, r2, r3}
1000016e:	2900      	cmp	r1, #0
10000170:	d002      	beq.n	10000178 <hold_non_core0_in_bootrom+0x14>
10000172:	f000 f812 	bl	1000019a <data_cpy>
10000176:	e7f9      	b.n	1000016c <hold_non_core0_in_bootrom+0x8>
10000178:	4915      	ldr	r1, [pc, #84]	@ (100001d0 <data_cpy_table+0x30>)
1000017a:	4a16      	ldr	r2, [pc, #88]	@ (100001d4 <data_cpy_table+0x34>)
1000017c:	2000      	movs	r0, #0
1000017e:	e000      	b.n	10000182 <bss_fill_test>

10000180 <bss_fill_loop>:
10000180:	c101      	stmia	r1!, {r0}

10000182 <bss_fill_test>:
10000182:	4291      	cmp	r1, r2
10000184:	d1fc      	bne.n	10000180 <bss_fill_loop>

10000186 <platform_entry>:
10000186:	4914      	ldr	r1, [pc, #80]	@ (100001d8 <data_cpy_table+0x38>)
10000188:	4788      	blx	r1
1000018a:	4914      	ldr	r1, [pc, #80]	@ (100001dc <data_cpy_table+0x3c>)
1000018c:	4788      	blx	r1
1000018e:	4914      	ldr	r1, [pc, #80]	@ (100001e0 <data_cpy_table+0x40>)
10000190:	4788      	blx	r1
10000192:	be00      	bkpt	0x0000
10000194:	e7fd      	b.n	10000192 <platform_entry+0xc>

10000196 <data_cpy_loop>:
10000196:	c901      	ldmia	r1!, {r0}
10000198:	c201      	stmia	r2!, {r0}

1000019a <data_cpy>:
1000019a:	429a      	cmp	r2, r3
1000019c:	d3fb      	bcc.n	10000196 <data_cpy_loop>
1000019e:	4770      	bx	lr

100001a0 <data_cpy_table>:
100001a0:	10003e34 	.word	0x10003e34
100001a4:	20000110 	.word	0x20000110
100001a8:	20001150 	.word	0x20001150
100001ac:	10004e74 	.word	0x10004e74
100001b0:	20080000 	.word	0x20080000
100001b4:	20080000 	.word	0x20080000
100001b8:	10004e74 	.word	0x10004e74
100001bc:	20081000 	.word	0x20081000
100001c0:	20081000 	.word	0x20081000
100001c4:	00000000 	.word	0x00000000
100001c8:	4770      	bx	lr
100001ca:	0000      	.short	0x0000
100001cc:	e000ed08 	.word	0xe000ed08
100001d0:	20001150 	.word	0x20001150
100001d4:	20001b34 	.word	0x20001b34
100001d8:	10001af5 	.word	0x10001af5
100001dc:	100003a1 	.word	0x100003a1
100001e0:	10001aed 	.word	0x10001aed

100001e4 <_init>:
100001e4:	b5f8      	push	{r3, r4, r5, r6, r7, lr}
100001e6:	bf00      	nop

100001e8 <frame_dummy>:
100001e8:	b508      	push	{r3, lr}
100001ea:	4b03      	ldr	r3, [pc, #12]	@ (100001f8 <frame_dummy+0x10>)
100001ec:	b11b      	cbz	r3, 100001f6 <frame_dummy+0xe>
100001ee:	4903      	ldr	r1, [pc, #12]	@ (100001fc <frame_dummy+0x14>)
100001f0:	4803      	ldr	r0, [pc, #12]	@ (10000200 <frame_dummy+0x18>)
100001f2:	f3af 8000 	nop.w
100001f6:	bd08      	pop	{r3, pc}
100001f8:	00000000 	.word	0x00000000
100001fc:	20001ae0 	.word	0x20001ae0
10000200:	10003bac 	.word	0x10003bac

10000204 <led_init>:
10000204:	b538      	push	{r3, r4, r5, lr}
10000206:	2019      	movs	r0, #25
10000208:	f000 f9da 	bl	100005c0 <gpio_init>
1000020c:	f04f 0501 	mov.w	r5, #1
10000210:	2319      	movs	r3, #25
10000212:	ec45 3044 	gpioc_bit_oe_put r3, r5
10000216:	f04f 0400 	mov.w	r4, #0
1000021a:	ec44 3040 	gpioc_bit_out_put r3, r4
1000021e:	2002      	movs	r0, #2
10000220:	f000 f9ce 	bl	100005c0 <gpio_init>
10000224:	2302      	movs	r3, #2
10000226:	ec45 3044 	gpioc_bit_oe_put r3, r5
1000022a:	ec44 3040 	gpioc_bit_out_put r3, r4
1000022e:	201d      	movs	r0, #29
10000230:	f000 f9c6 	bl	100005c0 <gpio_init>
10000234:	231d      	movs	r3, #29
10000236:	ec45 3044 	gpioc_bit_oe_put r3, r5
1000023a:	ec44 3040 	gpioc_bit_out_put r3, r4
1000023e:	bd38      	pop	{r3, r4, r5, pc}

10000240 <ws2812_init_all>:
10000240:	b570      	push	{r4, r5, r6, lr}
10000242:	4951      	ldr	r1, [pc, #324]	@ (10000388 <ws2812_init_all+0x148>)
10000244:	b08c      	sub	sp, #48	@ 0x30
10000246:	4851      	ldr	r0, [pc, #324]	@ (1000038c <ws2812_init_all+0x14c>)
10000248:	f003 f9f2 	bl	10003630 <pio_add_program>
1000024c:	2106      	movs	r1, #6
1000024e:	4604      	mov	r4, r0
10000250:	2010      	movs	r0, #16
10000252:	f000 f997 	bl	10000584 <gpio_set_function>
10000256:	2301      	movs	r3, #1
10000258:	f44f 3580 	mov.w	r5, #65536	@ 0x10000
1000025c:	2210      	movs	r2, #16
1000025e:	2100      	movs	r1, #0
10000260:	9300      	str	r3, [sp, #0]
10000262:	484a      	ldr	r0, [pc, #296]	@ (1000038c <ws2812_init_all+0x14c>)
10000264:	f003 fa5e 	bl	10003724 <pio_sm_set_consecutive_pindirs>
10000268:	f04f 5100 	mov.w	r1, #536870912	@ 0x20000000
1000026c:	1ce3      	adds	r3, r4, #3
1000026e:	9504      	str	r5, [sp, #16]
10000270:	01e5      	lsls	r5, r4, #7
10000272:	4a47      	ldr	r2, [pc, #284]	@ (10000390 <ws2812_init_all+0x150>)
10000274:	ea45 3503 	orr.w	r5, r5, r3, lsl #12
10000278:	2005      	movs	r0, #5
1000027a:	f025 45c0 	bic.w	r5, r5, #1610612736	@ 0x60000000
1000027e:	e9cd 2106 	strd	r2, r1, [sp, #24]
10000282:	9505      	str	r5, [sp, #20]
10000284:	f001 fa6a 	bl	1000175c <clock_get_hz>
10000288:	4b42      	ldr	r3, [pc, #264]	@ (10000394 <ws2812_init_all+0x154>)
1000028a:	ed9f 7a43 	vldr	s14, [pc, #268]	@ 10000398 <ws2812_init_all+0x158>
1000028e:	fba3 2300 	umull	r2, r3, r3, r0
10000292:	0d5b      	lsrs	r3, r3, #21
10000294:	ee07 3a90 	vmov	s15, r3
10000298:	eef8 7ae7 	vcvt.f32.s32	s15, s15
1000029c:	ee77 7a87 	vadd.f32	s15, s15, s14
100002a0:	eebc 7ae7 	vcvt.u32.f32	s14, s15
100002a4:	ee17 3a10 	vmov	r3, s14
100002a8:	b29a      	uxth	r2, r3
100002aa:	2a00      	cmp	r2, #0
100002ac:	d068      	beq.n	10000380 <ws2812_init_all+0x140>
100002ae:	ee07 2a10 	vmov	s14, r2
100002b2:	eeb8 7a47 	vcvt.f32.u32	s14, s14
100002b6:	eddf 6a39 	vldr	s13, [pc, #228]	@ 1000039c <ws2812_init_all+0x15c>
100002ba:	ee77 7ac7 	vsub.f32	s15, s15, s14
100002be:	ee67 7aa6 	vmul.f32	s15, s15, s13
100002c2:	eefc 7ae7 	vcvt.u32.f32	s15, s15
100002c6:	edcd 7a03 	vstr	s15, [sp, #12]
100002ca:	f89d 300c 	ldrb.w	r3, [sp, #12]
100002ce:	021b      	lsls	r3, r3, #8
100002d0:	4e2e      	ldr	r6, [pc, #184]	@ (1000038c <ws2812_init_all+0x14c>)
100002d2:	ea43 4302 	orr.w	r3, r3, r2, lsl #16
100002d6:	2100      	movs	r1, #0
100002d8:	4622      	mov	r2, r4
100002da:	9304      	str	r3, [sp, #16]
100002dc:	4630      	mov	r0, r6
100002de:	ab04      	add	r3, sp, #16
100002e0:	f003 fa66 	bl	100037b0 <pio_sm_init>
100002e4:	6833      	ldr	r3, [r6, #0]
100002e6:	2106      	movs	r1, #6
100002e8:	f043 0301 	orr.w	r3, r3, #1
100002ec:	2016      	movs	r0, #22
100002ee:	6033      	str	r3, [r6, #0]
100002f0:	f000 f948 	bl	10000584 <gpio_set_function>
100002f4:	2301      	movs	r3, #1
100002f6:	2216      	movs	r2, #22
100002f8:	4619      	mov	r1, r3
100002fa:	9300      	str	r3, [sp, #0]
100002fc:	4630      	mov	r0, r6
100002fe:	f003 fa11 	bl	10003724 <pio_sm_set_consecutive_pindirs>
10000302:	f04f 5200 	mov.w	r2, #536870912	@ 0x20000000
10000306:	f44f 3180 	mov.w	r1, #65536	@ 0x10000
1000030a:	4b21      	ldr	r3, [pc, #132]	@ (10000390 <ws2812_init_all+0x150>)
1000030c:	2005      	movs	r0, #5
1000030e:	e9cd 320a 	strd	r3, r2, [sp, #40]	@ 0x28
10000312:	e9cd 1508 	strd	r1, r5, [sp, #32]
10000316:	f001 fa21 	bl	1000175c <clock_get_hz>
1000031a:	4b1e      	ldr	r3, [pc, #120]	@ (10000394 <ws2812_init_all+0x154>)
1000031c:	ed9f 7a1e 	vldr	s14, [pc, #120]	@ 10000398 <ws2812_init_all+0x158>
10000320:	fba3 2300 	umull	r2, r3, r3, r0
10000324:	0d5b      	lsrs	r3, r3, #21
10000326:	ee07 3a90 	vmov	s15, r3
1000032a:	eef8 7ae7 	vcvt.f32.s32	s15, s15
1000032e:	ee77 7a87 	vadd.f32	s15, s15, s14
10000332:	eebc 7ae7 	vcvt.u32.f32	s14, s15
10000336:	ee17 3a10 	vmov	r3, s14
1000033a:	b29b      	uxth	r3, r3
1000033c:	b313      	cbz	r3, 10000384 <ws2812_init_all+0x144>
1000033e:	ee07 3a10 	vmov	s14, r3
10000342:	eeb8 7a47 	vcvt.f32.u32	s14, s14
10000346:	eddf 6a15 	vldr	s13, [pc, #84]	@ 1000039c <ws2812_init_all+0x15c>
1000034a:	ee77 7ac7 	vsub.f32	s15, s15, s14
1000034e:	ee67 7aa6 	vmul.f32	s15, s15, s13
10000352:	eefc 7ae7 	vcvt.u32.f32	s15, s15
10000356:	edcd 7a03 	vstr	s15, [sp, #12]
1000035a:	f89d 000c 	ldrb.w	r0, [sp, #12]
1000035e:	0200      	lsls	r0, r0, #8
10000360:	4d0a      	ldr	r5, [pc, #40]	@ (1000038c <ws2812_init_all+0x14c>)
10000362:	ea40 4003 	orr.w	r0, r0, r3, lsl #16
10000366:	9008      	str	r0, [sp, #32]
10000368:	ab08      	add	r3, sp, #32
1000036a:	4622      	mov	r2, r4
1000036c:	2101      	movs	r1, #1
1000036e:	4628      	mov	r0, r5
10000370:	f003 fa1e 	bl	100037b0 <pio_sm_init>
10000374:	682b      	ldr	r3, [r5, #0]
10000376:	f043 0302 	orr.w	r3, r3, #2
1000037a:	602b      	str	r3, [r5, #0]
1000037c:	b00c      	add	sp, #48	@ 0x30
1000037e:	bd70      	pop	{r4, r5, r6, pc}
10000380:	4613      	mov	r3, r2
10000382:	e7a5      	b.n	100002d0 <ws2812_init_all+0x90>
10000384:	4618      	mov	r0, r3
10000386:	e7eb      	b.n	10000360 <ws2812_init_all+0x120>
10000388:	10003bac 	.word	0x10003bac
1000038c:	50200000 	.word	0x50200000
10000390:	70060000 	.word	0x70060000
10000394:	431bde83 	.word	0x431bde83
10000398:	3b000000 	.word	0x3b000000
1000039c:	43800000 	.word	0x43800000

100003a0 <main>:
100003a0:	e92d 4ff0 	stmdb	sp!, {r4, r5, r6, r7, r8, r9, sl, fp, lr}
100003a4:	b087      	sub	sp, #28
100003a6:	f003 f913 	bl	100035d0 <board_init>
100003aa:	2100      	movs	r1, #0
100003ac:	4608      	mov	r0, r1
100003ae:	f002 ff9f 	bl	100032f0 <tusb_rhport_init>
100003b2:	f7ff ff27 	bl	10000204 <led_init>
100003b6:	f7ff ff43 	bl	10000240 <ws2812_init_all>
100003ba:	2219      	movs	r2, #25
100003bc:	f04f 0300 	mov.w	r3, #0
100003c0:	ec43 2040 	gpioc_bit_out_put r2, r3
100003c4:	2202      	movs	r2, #2
100003c6:	ec43 2040 	gpioc_bit_out_put r2, r3
100003ca:	221d      	movs	r2, #29
100003cc:	ec43 2040 	gpioc_bit_out_put r2, r3
100003d0:	4a47      	ldr	r2, [pc, #284]	@ (100004f0 <main+0x150>)
100003d2:	6853      	ldr	r3, [r2, #4]
100003d4:	f413 3380 	ands.w	r3, r3, #65536	@ 0x10000
100003d8:	d1fb      	bne.n	100003d2 <main+0x32>
100003da:	4945      	ldr	r1, [pc, #276]	@ (100004f0 <main+0x150>)
100003dc:	6113      	str	r3, [r2, #16]
100003de:	684b      	ldr	r3, [r1, #4]
100003e0:	f413 3300 	ands.w	r3, r3, #131072	@ 0x20000
100003e4:	d1fb      	bne.n	100003de <main+0x3e>
100003e6:	469a      	mov	sl, r3
100003e8:	461f      	mov	r7, r3
100003ea:	2601      	movs	r6, #1
100003ec:	4698      	mov	r8, r3
100003ee:	f8df b104 	ldr.w	fp, [pc, #260]	@ 100004f4 <main+0x154>
100003f2:	f8df 9104 	ldr.w	r9, [pc, #260]	@ 100004f8 <main+0x158>
100003f6:	9305      	str	r3, [sp, #20]
100003f8:	614b      	str	r3, [r1, #20]
100003fa:	2100      	movs	r1, #0
100003fc:	f04f 30ff 	mov.w	r0, #4294967295	@ 0xffffffff
10000400:	f002 f81a 	bl	10002438 <tud_task_ext>
10000404:	f001 f876 	bl	100014f4 <time_us_64>
10000408:	2900      	cmp	r1, #0
1000040a:	d042      	beq.n	10000492 <main+0xf2>
1000040c:	f44f 727a 	mov.w	r2, #1000	@ 0x3e8
10000410:	2300      	movs	r3, #0
10000412:	f003 fb89 	bl	10003b28 <____aeabi_uldivmod_veneer>
10000416:	4604      	mov	r4, r0
10000418:	2000      	movs	r0, #0
1000041a:	f002 fd77 	bl	10002f0c <tud_hid_n_ready>
1000041e:	4605      	mov	r5, r0
10000420:	2800      	cmp	r0, #0
10000422:	d032      	beq.n	1000048a <main+0xea>
10000424:	eba4 030a 	sub.w	r3, r4, sl
10000428:	2b63      	cmp	r3, #99	@ 0x63
1000042a:	d913      	bls.n	10000454 <main+0xb4>
1000042c:	2e00      	cmp	r6, #0
1000042e:	d034      	beq.n	1000049a <main+0xfa>
10000430:	2200      	movs	r2, #0
10000432:	2301      	movs	r3, #1
10000434:	4611      	mov	r1, r2
10000436:	4610      	mov	r0, r2
10000438:	e9cd 2201 	strd	r2, r2, [sp, #4]
1000043c:	9200      	str	r2, [sp, #0]
1000043e:	f002 fd81 	bl	10002f44 <tud_hid_n_mouse_report>
10000442:	f8db 3000 	ldr.w	r3, [fp]
10000446:	f086 0601 	eor.w	r6, r6, #1
1000044a:	1ae3      	subs	r3, r4, r3
1000044c:	f5b3 7ffa 	cmp.w	r3, #500	@ 0x1f4
10000450:	d22e      	bcs.n	100004b0 <main+0x110>
10000452:	46a2      	mov	sl, r4
10000454:	b1cf      	cbz	r7, 1000048a <main+0xea>
10000456:	9b05      	ldr	r3, [sp, #20]
10000458:	1ae4      	subs	r4, r4, r3
1000045a:	2c4f      	cmp	r4, #79	@ 0x4f
1000045c:	d915      	bls.n	1000048a <main+0xea>
1000045e:	2319      	movs	r3, #25
10000460:	ec48 3040 	gpioc_bit_out_put r3, r8
10000464:	2302      	movs	r3, #2
10000466:	ec48 3040 	gpioc_bit_out_put r3, r8
1000046a:	231d      	movs	r3, #29
1000046c:	ec48 3040 	gpioc_bit_out_put r3, r8
10000470:	491f      	ldr	r1, [pc, #124]	@ (100004f0 <main+0x150>)
10000472:	684b      	ldr	r3, [r1, #4]
10000474:	f413 3380 	ands.w	r3, r3, #65536	@ 0x10000
10000478:	d1fb      	bne.n	10000472 <main+0xd2>
1000047a:	4a1d      	ldr	r2, [pc, #116]	@ (100004f0 <main+0x150>)
1000047c:	610b      	str	r3, [r1, #16]
1000047e:	6853      	ldr	r3, [r2, #4]
10000480:	f413 3300 	ands.w	r3, r3, #131072	@ 0x20000
10000484:	d1fb      	bne.n	1000047e <main+0xde>
10000486:	461f      	mov	r7, r3
10000488:	6153      	str	r3, [r2, #20]
1000048a:	2001      	movs	r0, #1
1000048c:	f000 ff40 	bl	10001310 <sleep_ms>
10000490:	e7b3      	b.n	100003fa <main+0x5a>
10000492:	fba9 3400 	umull	r3, r4, r9, r0
10000496:	09a4      	lsrs	r4, r4, #6
10000498:	e7be      	b.n	10000418 <main+0x78>
1000049a:	f04f 33ff 	mov.w	r3, #4294967295	@ 0xffffffff
1000049e:	4632      	mov	r2, r6
100004a0:	4631      	mov	r1, r6
100004a2:	4630      	mov	r0, r6
100004a4:	e9cd 6601 	strd	r6, r6, [sp, #4]
100004a8:	9600      	str	r6, [sp, #0]
100004aa:	f002 fd4b 	bl	10002f44 <tud_hid_n_mouse_report>
100004ae:	e7c8      	b.n	10000442 <main+0xa2>
100004b0:	f8cb 4000 	str.w	r4, [fp]
100004b4:	2219      	movs	r2, #25
100004b6:	f04f 0301 	mov.w	r3, #1
100004ba:	ec43 2040 	gpioc_bit_out_put r2, r3
100004be:	2202      	movs	r2, #2
100004c0:	ec43 2040 	gpioc_bit_out_put r2, r3
100004c4:	221d      	movs	r2, #29
100004c6:	ec43 2040 	gpioc_bit_out_put r2, r3
100004ca:	4909      	ldr	r1, [pc, #36]	@ (100004f0 <main+0x150>)
100004cc:	684b      	ldr	r3, [r1, #4]
100004ce:	03da      	lsls	r2, r3, #15
100004d0:	d4fc      	bmi.n	100004cc <main+0x12c>
100004d2:	f04f 5320 	mov.w	r3, #671088640	@ 0x28000000
100004d6:	4a06      	ldr	r2, [pc, #24]	@ (100004f0 <main+0x150>)
100004d8:	610b      	str	r3, [r1, #16]
100004da:	6853      	ldr	r3, [r2, #4]
100004dc:	039b      	lsls	r3, r3, #14
100004de:	d4fc      	bmi.n	100004da <main+0x13a>
100004e0:	f04f 5320 	mov.w	r3, #671088640	@ 0x28000000
100004e4:	9405      	str	r4, [sp, #20]
100004e6:	462f      	mov	r7, r5
100004e8:	46a2      	mov	sl, r4
100004ea:	6153      	str	r3, [r2, #20]
100004ec:	e7cd      	b.n	1000048a <main+0xea>
100004ee:	bf00      	nop
100004f0:	50200000 	.word	0x50200000
100004f4:	20001ad4 	.word	0x20001ad4
100004f8:	10624dd3 	.word	0x10624dd3

100004fc <tud_hid_set_report_cb>:
100004fc:	4770      	bx	lr
100004fe:	bf00      	nop

10000500 <tud_hid_get_report_cb>:
10000500:	2000      	movs	r0, #0
10000502:	4770      	bx	lr

10000504 <tud_descriptor_device_cb>:
10000504:	4800      	ldr	r0, [pc, #0]	@ (10000508 <tud_descriptor_device_cb+0x4>)
10000506:	4770      	bx	lr
10000508:	10003d68 	.word	0x10003d68

1000050c <tud_hid_descriptor_report_cb>:
1000050c:	4800      	ldr	r0, [pc, #0]	@ (10000510 <tud_hid_descriptor_report_cb+0x4>)
1000050e:	4770      	bx	lr
10000510:	10003d18 	.word	0x10003d18

10000514 <tud_descriptor_configuration_cb>:
10000514:	4800      	ldr	r0, [pc, #0]	@ (10000518 <tud_descriptor_configuration_cb+0x4>)
10000516:	4770      	bx	lr
10000518:	10003cf4 	.word	0x10003cf4

1000051c <tud_descriptor_string_cb>:
1000051c:	b538      	push	{r3, r4, r5, lr}
1000051e:	b948      	cbnz	r0, 10000534 <tud_descriptor_string_cb+0x18>
10000520:	4b16      	ldr	r3, [pc, #88]	@ (1000057c <tud_descriptor_string_cb+0x60>)
10000522:	4d17      	ldr	r5, [pc, #92]	@ (10000580 <tud_descriptor_string_cb+0x64>)
10000524:	681a      	ldr	r2, [r3, #0]
10000526:	f44f 7341 	mov.w	r3, #772	@ 0x304
1000052a:	8812      	ldrh	r2, [r2, #0]
1000052c:	806a      	strh	r2, [r5, #2]
1000052e:	4814      	ldr	r0, [pc, #80]	@ (10000580 <tud_descriptor_string_cb+0x64>)
10000530:	802b      	strh	r3, [r5, #0]
10000532:	bd38      	pop	{r3, r4, r5, pc}
10000534:	2803      	cmp	r0, #3
10000536:	d81f      	bhi.n	10000578 <tud_descriptor_string_cb+0x5c>
10000538:	4b10      	ldr	r3, [pc, #64]	@ (1000057c <tud_descriptor_string_cb+0x60>)
1000053a:	4d11      	ldr	r5, [pc, #68]	@ (10000580 <tud_descriptor_string_cb+0x64>)
1000053c:	f853 4020 	ldr.w	r4, [r3, r0, lsl #2]
10000540:	4620      	mov	r0, r4
10000542:	f003 fa6b 	bl	10003a1c <strlen>
10000546:	b2c0      	uxtb	r0, r0
10000548:	281f      	cmp	r0, #31
1000054a:	4684      	mov	ip, r0
1000054c:	bf28      	it	cs
1000054e:	f04f 0c1f 	movcs.w	ip, #31
10000552:	b150      	cbz	r0, 1000056a <tud_descriptor_string_cb+0x4e>
10000554:	2300      	movs	r3, #0
10000556:	462a      	mov	r2, r5
10000558:	1e60      	subs	r0, r4, #1
1000055a:	3301      	adds	r3, #1
1000055c:	f810 1f01 	ldrb.w	r1, [r0, #1]!
10000560:	b2db      	uxtb	r3, r3
10000562:	459c      	cmp	ip, r3
10000564:	f822 1f02 	strh.w	r1, [r2, #2]!
10000568:	d8f7      	bhi.n	1000055a <tud_descriptor_string_cb+0x3e>
1000056a:	f10c 0301 	add.w	r3, ip, #1
1000056e:	b2db      	uxtb	r3, r3
10000570:	005b      	lsls	r3, r3, #1
10000572:	f443 7340 	orr.w	r3, r3, #768	@ 0x300
10000576:	e7da      	b.n	1000052e <tud_descriptor_string_cb+0x12>
10000578:	2000      	movs	r0, #0
1000057a:	bd38      	pop	{r3, r4, r5, pc}
1000057c:	20001098 	.word	0x20001098
10000580:	200014c0 	.word	0x200014c0

10000584 <gpio_set_function>:
10000584:	b410      	push	{r4}
10000586:	f44f 7480 	mov.w	r4, #256	@ 0x100
1000058a:	4b0c      	ldr	r3, [pc, #48]	@ (100005bc <gpio_set_function+0x38>)
1000058c:	f853 2020 	ldr.w	r2, [r3, r0, lsl #2]
10000590:	eb03 0380 	add.w	r3, r3, r0, lsl #2
10000594:	00c0      	lsls	r0, r0, #3
10000596:	f082 0240 	eor.w	r2, r2, #64	@ 0x40
1000059a:	f100 4080 	add.w	r0, r0, #1073741824	@ 0x40000000
1000059e:	f503 5c80 	add.w	ip, r3, #4096	@ 0x1000
100005a2:	f002 02c0 	and.w	r2, r2, #192	@ 0xc0
100005a6:	f500 3020 	add.w	r0, r0, #163840	@ 0x28000
100005aa:	f503 5340 	add.w	r3, r3, #12288	@ 0x3000
100005ae:	f8cc 2000 	str.w	r2, [ip]
100005b2:	6041      	str	r1, [r0, #4]
100005b4:	601c      	str	r4, [r3, #0]
100005b6:	f85d 4b04 	ldr.w	r4, [sp], #4
100005ba:	4770      	bx	lr
100005bc:	40038004 	.word	0x40038004

100005c0 <gpio_init>:
100005c0:	b430      	push	{r4, r5}
100005c2:	f04f 0300 	mov.w	r3, #0
100005c6:	ec43 0044 	gpioc_bit_oe_put r0, r3
100005ca:	ec43 0040 	gpioc_bit_out_put r0, r3
100005ce:	2505      	movs	r5, #5
100005d0:	f44f 7480 	mov.w	r4, #256	@ 0x100
100005d4:	4b0b      	ldr	r3, [pc, #44]	@ (10000604 <gpio_init+0x44>)
100005d6:	00c2      	lsls	r2, r0, #3
100005d8:	f853 1020 	ldr.w	r1, [r3, r0, lsl #2]
100005dc:	eb03 0080 	add.w	r0, r3, r0, lsl #2
100005e0:	f081 0140 	eor.w	r1, r1, #64	@ 0x40
100005e4:	f102 4380 	add.w	r3, r2, #1073741824	@ 0x40000000
100005e8:	f503 3320 	add.w	r3, r3, #163840	@ 0x28000
100005ec:	f001 02c0 	and.w	r2, r1, #192	@ 0xc0
100005f0:	f500 5180 	add.w	r1, r0, #4096	@ 0x1000
100005f4:	f500 5040 	add.w	r0, r0, #12288	@ 0x3000
100005f8:	600a      	str	r2, [r1, #0]
100005fa:	605d      	str	r5, [r3, #4]
100005fc:	6004      	str	r4, [r0, #0]
100005fe:	bc30      	pop	{r4, r5}
10000600:	4770      	bx	lr
10000602:	bf00      	nop
10000604:	40038004 	.word	0x40038004

10000608 <panic>:
10000608:	b40f      	push	{r0, r1, r2, r3}
1000060a:	b500      	push	{lr}
1000060c:	b083      	sub	sp, #12
1000060e:	9c04      	ldr	r4, [sp, #16]
10000610:	4807      	ldr	r0, [pc, #28]	@ (10000630 <panic+0x28>)
10000612:	f001 fba9 	bl	10001d68 <__wrap_puts>
10000616:	b13c      	cbz	r4, 10000628 <panic+0x20>
10000618:	a905      	add	r1, sp, #20
1000061a:	4620      	mov	r0, r4
1000061c:	9101      	str	r1, [sp, #4]
1000061e:	f001 fa4b 	bl	10001ab8 <weak_raw_vprintf>
10000622:	4804      	ldr	r0, [pc, #16]	@ (10000634 <panic+0x2c>)
10000624:	f001 fba0 	bl	10001d68 <__wrap_puts>
10000628:	2001      	movs	r0, #1
1000062a:	f001 fa5d 	bl	10001ae8 <_exit>
1000062e:	bf00      	nop
10000630:	10003bf0 	.word	0x10003bf0
10000634:	10003c00 	.word	0x10003c00

10000638 <hw_claim_lock>:
10000638:	f3ef 8010 	mrs	r0, PRIMASK
1000063c:	b672      	cpsid	i
1000063e:	4b06      	ldr	r3, [pc, #24]	@ (10000658 <hw_claim_lock+0x20>)
10000640:	e8d3 1fcf 	ldaexb	r1, [r3]
10000644:	2201      	movs	r2, #1
10000646:	2900      	cmp	r1, #0
10000648:	d1fa      	bne.n	10000640 <hw_claim_lock+0x8>
1000064a:	e8c3 2f41 	strexb	r1, r2, [r3]
1000064e:	2900      	cmp	r1, #0
10000650:	d1f6      	bne.n	10000640 <hw_claim_lock+0x8>
10000652:	f3bf 8f5f 	dmb	sy
10000656:	4770      	bx	lr
10000658:	20001547 	.word	0x20001547

1000065c <hw_claim_unlock>:
1000065c:	2300      	movs	r3, #0
1000065e:	4a03      	ldr	r2, [pc, #12]	@ (1000066c <hw_claim_unlock+0x10>)
10000660:	e8c2 3f8f 	stlb	r3, [r2]
10000664:	f380 8810 	msr	PRIMASK, r0
10000668:	4770      	bx	lr
1000066a:	bf00      	nop
1000066c:	20001547 	.word	0x20001547

10000670 <hw_claim_or_assert>:
10000670:	b570      	push	{r4, r5, r6, lr}
10000672:	4686      	mov	lr, r0
10000674:	f3ef 8510 	mrs	r5, PRIMASK
10000678:	b672      	cpsid	i
1000067a:	4c12      	ldr	r4, [pc, #72]	@ (100006c4 <hw_claim_or_assert+0x54>)
1000067c:	e8d4 6fcf 	ldaexb	r6, [r4]
10000680:	2001      	movs	r0, #1
10000682:	2e00      	cmp	r6, #0
10000684:	d1fa      	bne.n	1000067c <hw_claim_or_assert+0xc>
10000686:	e8c4 0f46 	strexb	r6, r0, [r4]
1000068a:	2e00      	cmp	r6, #0
1000068c:	d1f6      	bne.n	1000067c <hw_claim_or_assert+0xc>
1000068e:	f3bf 8f5f 	dmb	sy
10000692:	f04f 0c01 	mov.w	ip, #1
10000696:	08c8      	lsrs	r0, r1, #3
10000698:	f001 0307 	and.w	r3, r1, #7
1000069c:	fa0c f303 	lsl.w	r3, ip, r3
100006a0:	f81e c000 	ldrb.w	ip, [lr, r0]
100006a4:	ea1c 0603 	ands.w	r6, ip, r3
100006a8:	d108      	bne.n	100006bc <hw_claim_or_assert+0x4c>
100006aa:	ea4c 0c03 	orr.w	ip, ip, r3
100006ae:	f80e c000 	strb.w	ip, [lr, r0]
100006b2:	e8c4 6f8f 	stlb	r6, [r4]
100006b6:	f385 8810 	msr	PRIMASK, r5
100006ba:	bd70      	pop	{r4, r5, r6, pc}
100006bc:	4610      	mov	r0, r2
100006be:	f7ff ffa3 	bl	10000608 <panic>
100006c2:	bf00      	nop
100006c4:	20001547 	.word	0x20001547

100006c8 <hw_claim_unused_from_range>:
100006c8:	b5f8      	push	{r3, r4, r5, r6, r7, lr}
100006ca:	f3ef 8710 	mrs	r7, PRIMASK
100006ce:	b672      	cpsid	i
100006d0:	4e1c      	ldr	r6, [pc, #112]	@ (10000744 <hw_claim_unused_from_range+0x7c>)
100006d2:	e8d6 5fcf 	ldaexb	r5, [r6]
100006d6:	2401      	movs	r4, #1
100006d8:	2d00      	cmp	r5, #0
100006da:	d1fa      	bne.n	100006d2 <hw_claim_unused_from_range+0xa>
100006dc:	e8c6 4f45 	strexb	r5, r4, [r6]
100006e0:	2d00      	cmp	r5, #0
100006e2:	d1f6      	bne.n	100006d2 <hw_claim_unused_from_range+0xa>
100006e4:	f3bf 8f5f 	dmb	sy
100006e8:	429a      	cmp	r2, r3
100006ea:	d81b      	bhi.n	10000724 <hw_claim_unused_from_range+0x5c>
100006ec:	2501      	movs	r5, #1
100006ee:	e002      	b.n	100006f6 <hw_claim_unused_from_range+0x2e>
100006f0:	3201      	adds	r2, #1
100006f2:	4293      	cmp	r3, r2
100006f4:	d322      	bcc.n	1000073c <hw_claim_unused_from_range+0x74>
100006f6:	08d4      	lsrs	r4, r2, #3
100006f8:	f810 e004 	ldrb.w	lr, [r0, r4]
100006fc:	f002 0c07 	and.w	ip, r2, #7
10000700:	fa05 fc0c 	lsl.w	ip, r5, ip
10000704:	ea1e 0f0c 	tst.w	lr, ip
10000708:	d1f2      	bne.n	100006f0 <hw_claim_unused_from_range+0x28>
1000070a:	ea4e 0e0c 	orr.w	lr, lr, ip
1000070e:	f800 e004 	strb.w	lr, [r0, r4]
10000712:	4610      	mov	r0, r2
10000714:	2300      	movs	r3, #0
10000716:	e8c6 3f8f 	stlb	r3, [r6]
1000071a:	f387 8810 	msr	PRIMASK, r7
1000071e:	4298      	cmp	r0, r3
10000720:	db07      	blt.n	10000732 <hw_claim_unused_from_range+0x6a>
10000722:	bdf8      	pop	{r3, r4, r5, r6, r7, pc}
10000724:	2300      	movs	r3, #0
10000726:	e8c6 3f8f 	stlb	r3, [r6]
1000072a:	f387 8810 	msr	PRIMASK, r7
1000072e:	f04f 30ff 	mov.w	r0, #4294967295	@ 0xffffffff
10000732:	2900      	cmp	r1, #0
10000734:	d0f5      	beq.n	10000722 <hw_claim_unused_from_range+0x5a>
10000736:	9806      	ldr	r0, [sp, #24]
10000738:	f7ff ff66 	bl	10000608 <panic>
1000073c:	f04f 30ff 	mov.w	r0, #4294967295	@ 0xffffffff
10000740:	e7e8      	b.n	10000714 <hw_claim_unused_from_range+0x4c>
10000742:	bf00      	nop
10000744:	20001547 	.word	0x20001547

10000748 <next_striped_spin_lock_num>:
10000748:	4a04      	ldr	r2, [pc, #16]	@ (1000075c <next_striped_spin_lock_num+0x14>)
1000074a:	7810      	ldrb	r0, [r2, #0]
1000074c:	1c43      	adds	r3, r0, #1
1000074e:	b2db      	uxtb	r3, r3
10000750:	2b18      	cmp	r3, #24
10000752:	bf28      	it	cs
10000754:	2310      	movcs	r3, #16
10000756:	7013      	strb	r3, [r2, #0]
10000758:	4770      	bx	lr
1000075a:	bf00      	nop
1000075c:	200010a8 	.word	0x200010a8

10000760 <spin_lock_claim_unused>:
10000760:	b510      	push	{r4, lr}
10000762:	4c05      	ldr	r4, [pc, #20]	@ (10000778 <spin_lock_claim_unused+0x18>)
10000764:	b082      	sub	sp, #8
10000766:	4601      	mov	r1, r0
10000768:	231f      	movs	r3, #31
1000076a:	2218      	movs	r2, #24
1000076c:	9400      	str	r4, [sp, #0]
1000076e:	4803      	ldr	r0, [pc, #12]	@ (1000077c <spin_lock_claim_unused+0x1c>)
10000770:	f7ff ffaa 	bl	100006c8 <hw_claim_unused_from_range>
10000774:	b002      	add	sp, #8
10000776:	bd10      	pop	{r4, pc}
10000778:	10003c04 	.word	0x10003c04
1000077c:	20001698 	.word	0x20001698

10000780 <spinlock_set_extexclall>:
10000780:	f04f 22e0 	mov.w	r2, #3758153728	@ 0xe000e000
10000784:	6893      	ldr	r3, [r2, #8]
10000786:	f043 5300 	orr.w	r3, r3, #536870912	@ 0x20000000
1000078a:	6093      	str	r3, [r2, #8]
1000078c:	4770      	bx	lr
1000078e:	bf00      	nop

10000790 <spin_locks_reset>:
10000790:	2100      	movs	r1, #0
10000792:	4b04      	ldr	r3, [pc, #16]	@ (100007a4 <spin_locks_reset+0x14>)
10000794:	f103 0220 	add.w	r2, r3, #32
10000798:	e8c3 1f8f 	stlb	r1, [r3]
1000079c:	3301      	adds	r3, #1
1000079e:	4293      	cmp	r3, r2
100007a0:	d1fa      	bne.n	10000798 <spin_locks_reset+0x8>
100007a2:	4770      	bx	lr
100007a4:	2000153c 	.word	0x2000153c

100007a8 <runtime_init_per_core_irq_priorities>:
100007a8:	f04f 23e0 	mov.w	r3, #3758153728	@ 0xe000e000
100007ac:	f04f 3280 	mov.w	r2, #2155905152	@ 0x80808080
100007b0:	f8c3 2400 	str.w	r2, [r3, #1024]	@ 0x400
100007b4:	f8c3 2404 	str.w	r2, [r3, #1028]	@ 0x404
100007b8:	f8c3 2408 	str.w	r2, [r3, #1032]	@ 0x408
100007bc:	f8c3 240c 	str.w	r2, [r3, #1036]	@ 0x40c
100007c0:	f8c3 2410 	str.w	r2, [r3, #1040]	@ 0x410
100007c4:	f8c3 2414 	str.w	r2, [r3, #1044]	@ 0x414
100007c8:	f8c3 2418 	str.w	r2, [r3, #1048]	@ 0x418
100007cc:	f8c3 241c 	str.w	r2, [r3, #1052]	@ 0x41c
100007d0:	f8c3 2420 	str.w	r2, [r3, #1056]	@ 0x420
100007d4:	f8c3 2424 	str.w	r2, [r3, #1060]	@ 0x424
100007d8:	f8c3 2428 	str.w	r2, [r3, #1064]	@ 0x428
100007dc:	f8c3 242c 	str.w	r2, [r3, #1068]	@ 0x42c
100007e0:	f8c3 2430 	str.w	r2, [r3, #1072]	@ 0x430
100007e4:	b662      	cpsie	i
100007e6:	4770      	bx	lr

100007e8 <irq_set_enabled>:
100007e8:	2301      	movs	r3, #1
100007ea:	f000 021f 	and.w	r2, r0, #31
100007ee:	4093      	lsls	r3, r2
100007f0:	0940      	lsrs	r0, r0, #5
100007f2:	b141      	cbz	r1, 10000806 <irq_set_enabled+0x1e>
100007f4:	0080      	lsls	r0, r0, #2
100007f6:	f100 4060 	add.w	r0, r0, #3758096384	@ 0xe0000000
100007fa:	f500 4061 	add.w	r0, r0, #57600	@ 0xe100
100007fe:	f8c0 3180 	str.w	r3, [r0, #384]	@ 0x180
10000802:	6003      	str	r3, [r0, #0]
10000804:	4770      	bx	lr
10000806:	4a02      	ldr	r2, [pc, #8]	@ (10000810 <irq_set_enabled+0x28>)
10000808:	3020      	adds	r0, #32
1000080a:	f842 3020 	str.w	r3, [r2, r0, lsl #2]
1000080e:	4770      	bx	lr
10000810:	e000e100 	.word	0xe000e100

10000814 <irq_set_exclusive_handler>:
10000814:	b5f8      	push	{r3, r4, r5, r6, r7, lr}
10000816:	460d      	mov	r5, r1
10000818:	f3ef 8710 	mrs	r7, PRIMASK
1000081c:	b672      	cpsid	i
1000081e:	4e12      	ldr	r6, [pc, #72]	@ (10000868 <irq_set_exclusive_handler+0x54>)
10000820:	e8d6 2fcf 	ldaexb	r2, [r6]
10000824:	2301      	movs	r3, #1
10000826:	2a00      	cmp	r2, #0
10000828:	d1fa      	bne.n	10000820 <irq_set_exclusive_handler+0xc>
1000082a:	e8c6 3f42 	strexb	r2, r3, [r6]
1000082e:	2a00      	cmp	r2, #0
10000830:	d1f6      	bne.n	10000820 <irq_set_exclusive_handler+0xc>
10000832:	f3bf 8f5f 	dmb	sy
10000836:	4b0d      	ldr	r3, [pc, #52]	@ (1000086c <irq_set_exclusive_handler+0x58>)
10000838:	f100 0410 	add.w	r4, r0, #16
1000083c:	689b      	ldr	r3, [r3, #8]
1000083e:	4a0c      	ldr	r2, [pc, #48]	@ (10000870 <irq_set_exclusive_handler+0x5c>)
10000840:	f853 3024 	ldr.w	r3, [r3, r4, lsl #2]
10000844:	4293      	cmp	r3, r2
10000846:	d003      	beq.n	10000850 <irq_set_exclusive_handler+0x3c>
10000848:	4299      	cmp	r1, r3
1000084a:	d001      	beq.n	10000850 <irq_set_exclusive_handler+0x3c>
1000084c:	f001 f81c 	bl	10001888 <hard_assertion_failure>
10000850:	4b06      	ldr	r3, [pc, #24]	@ (1000086c <irq_set_exclusive_handler+0x58>)
10000852:	689b      	ldr	r3, [r3, #8]
10000854:	f843 5024 	str.w	r5, [r3, r4, lsl #2]
10000858:	f3bf 8f5f 	dmb	sy
1000085c:	2300      	movs	r3, #0
1000085e:	e8c6 3f8f 	stlb	r3, [r6]
10000862:	f387 8810 	msr	PRIMASK, r7
10000866:	bdf8      	pop	{r3, r4, r5, r6, r7, pc}
10000868:	20001545 	.word	0x20001545
1000086c:	e000ed00 	.word	0xe000ed00
10000870:	10000111 	.word	0x10000111

10000874 <irq_add_shared_handler>:
10000874:	e92d 4ff0 	stmdb	sp!, {r4, r5, r6, r7, r8, r9, sl, fp, lr}
10000878:	4681      	mov	r9, r0
1000087a:	468b      	mov	fp, r1
1000087c:	4616      	mov	r6, r2
1000087e:	b083      	sub	sp, #12
10000880:	f3ef 8310 	mrs	r3, PRIMASK
10000884:	b672      	cpsid	i
10000886:	f8df a1d0 	ldr.w	sl, [pc, #464]	@ 10000a58 <irq_add_shared_handler+0x1e4>
1000088a:	9300      	str	r3, [sp, #0]
1000088c:	e8da 1fcf 	ldaexb	r1, [sl]
10000890:	2301      	movs	r3, #1
10000892:	2900      	cmp	r1, #0
10000894:	d1fa      	bne.n	1000088c <irq_add_shared_handler+0x18>
10000896:	e8ca 3f41 	strexb	r1, r3, [sl]
1000089a:	2900      	cmp	r1, #0
1000089c:	d1f6      	bne.n	1000088c <irq_add_shared_handler+0x18>
1000089e:	f3bf 8f5f 	dmb	sy
100008a2:	4b66      	ldr	r3, [pc, #408]	@ (10000a3c <irq_add_shared_handler+0x1c8>)
100008a4:	f993 4000 	ldrsb.w	r4, [r3]
100008a8:	2c00      	cmp	r4, #0
100008aa:	f2c0 80a0 	blt.w	100009ee <irq_add_shared_handler+0x17a>
100008ae:	4d64      	ldr	r5, [pc, #400]	@ (10000a40 <irq_add_shared_handler+0x1cc>)
100008b0:	eb04 0744 	add.w	r7, r4, r4, lsl #1
100008b4:	eb05 0887 	add.w	r8, r5, r7, lsl #2
100008b8:	f898 1006 	ldrb.w	r1, [r8, #6]
100008bc:	f109 0910 	add.w	r9, r9, #16
100008c0:	7019      	strb	r1, [r3, #0]
100008c2:	4b60      	ldr	r3, [pc, #384]	@ (10000a44 <irq_add_shared_handler+0x1d0>)
100008c4:	00bf      	lsls	r7, r7, #2
100008c6:	689b      	ldr	r3, [r3, #8]
100008c8:	f853 0029 	ldr.w	r0, [r3, r9, lsl #2]
100008cc:	0063      	lsls	r3, r4, #1
100008ce:	1b41      	subs	r1, r0, r5
100008d0:	292f      	cmp	r1, #47	@ 0x2f
100008d2:	d92f      	bls.n	10000934 <irq_add_shared_handler+0xc0>
100008d4:	495c      	ldr	r1, [pc, #368]	@ (10000a48 <irq_add_shared_handler+0x1d4>)
100008d6:	4288      	cmp	r0, r1
100008d8:	f040 80a4 	bne.w	10000a24 <irq_add_shared_handler+0x1b0>
100008dc:	441c      	add	r4, r3
100008de:	4b5b      	ldr	r3, [pc, #364]	@ (10000a4c <irq_add_shared_handler+0x1d8>)
100008e0:	3702      	adds	r7, #2
100008e2:	442f      	add	r7, r5
100008e4:	3b04      	subs	r3, #4
100008e6:	1bdb      	subs	r3, r3, r7
100008e8:	f3c3 034a 	ubfx	r3, r3, #1, #11
100008ec:	ea6f 43c3 	mvn.w	r3, r3, lsl #19
100008f0:	f44f 4121 	mov.w	r1, #41216	@ 0xa100
100008f4:	ea6f 43d3 	mvn.w	r3, r3, lsr #19
100008f8:	f825 1024 	strh.w	r1, [r5, r4, lsl #2]
100008fc:	eb05 0484 	add.w	r4, r5, r4, lsl #2
10000900:	8063      	strh	r3, [r4, #2]
10000902:	f64b 5301 	movw	r3, #48385	@ 0xbd01
10000906:	80a3      	strh	r3, [r4, #4]
10000908:	23ff      	movs	r3, #255	@ 0xff
1000090a:	f048 0001 	orr.w	r0, r8, #1
1000090e:	71e6      	strb	r6, [r4, #7]
10000910:	f8c4 b008 	str.w	fp, [r4, #8]
10000914:	71a3      	strb	r3, [r4, #6]
10000916:	4b4b      	ldr	r3, [pc, #300]	@ (10000a44 <irq_add_shared_handler+0x1d0>)
10000918:	689b      	ldr	r3, [r3, #8]
1000091a:	f843 0029 	str.w	r0, [r3, r9, lsl #2]
1000091e:	f3bf 8f5f 	dmb	sy
10000922:	2300      	movs	r3, #0
10000924:	e8ca 3f8f 	stlb	r3, [sl]
10000928:	9b00      	ldr	r3, [sp, #0]
1000092a:	f383 8810 	msr	PRIMASK, r3
1000092e:	b003      	add	sp, #12
10000930:	e8bd 8ff0 	ldmia.w	sp!, {r4, r5, r6, r7, r8, r9, sl, fp, pc}
10000934:	f020 0e01 	bic.w	lr, r0, #1
10000938:	f89e 1007 	ldrb.w	r1, [lr, #7]
1000093c:	42b1      	cmp	r1, r6
1000093e:	d82e      	bhi.n	1000099e <irq_add_shared_handler+0x12a>
10000940:	f44f 4321 	mov.w	r3, #41216	@ 0xa100
10000944:	53eb      	strh	r3, [r5, r7]
10000946:	4b41      	ldr	r3, [pc, #260]	@ (10000a4c <irq_add_shared_handler+0x1d8>)
10000948:	1cb9      	adds	r1, r7, #2
1000094a:	4429      	add	r1, r5
1000094c:	3b04      	subs	r3, #4
1000094e:	3704      	adds	r7, #4
10000950:	1a5b      	subs	r3, r3, r1
10000952:	442f      	add	r7, r5
10000954:	f1ae 0104 	sub.w	r1, lr, #4
10000958:	1bc9      	subs	r1, r1, r7
1000095a:	f3c1 044a 	ubfx	r4, r1, #1, #11
1000095e:	493c      	ldr	r1, [pc, #240]	@ (10000a50 <irq_add_shared_handler+0x1dc>)
10000960:	f3c3 034a 	ubfx	r3, r3, #1, #11
10000964:	430b      	orrs	r3, r1
10000966:	4321      	orrs	r1, r4
10000968:	f8a8 1004 	strh.w	r1, [r8, #4]
1000096c:	4939      	ldr	r1, [pc, #228]	@ (10000a54 <irq_add_shared_handler+0x1e0>)
1000096e:	f8a8 3002 	strh.w	r3, [r8, #2]
10000972:	f64a 20aa 	movw	r0, #43690	@ 0xaaaa
10000976:	4673      	mov	r3, lr
10000978:	1b5b      	subs	r3, r3, r5
1000097a:	415b      	adcs	r3, r3
1000097c:	4358      	muls	r0, r3
1000097e:	0d00      	lsrs	r0, r0, #20
10000980:	f888 6007 	strb.w	r6, [r8, #7]
10000984:	f888 0006 	strb.w	r0, [r8, #6]
10000988:	f8c8 b008 	str.w	fp, [r8, #8]
1000098c:	f048 0001 	orr.w	r0, r8, #1
10000990:	f8ce 1000 	str.w	r1, [lr]
10000994:	e7bf      	b.n	10000916 <irq_add_shared_handler+0xa2>
10000996:	79d1      	ldrb	r1, [r2, #7]
10000998:	42b1      	cmp	r1, r6
1000099a:	d92e      	bls.n	100009fa <irq_add_shared_handler+0x186>
1000099c:	4696      	mov	lr, r2
1000099e:	f99e c006 	ldrsb.w	ip, [lr, #6]
100009a2:	eb0c 024c 	add.w	r2, ip, ip, lsl #1
100009a6:	f1bc 0f00 	cmp.w	ip, #0
100009aa:	eb05 0282 	add.w	r2, r5, r2, lsl #2
100009ae:	daf2      	bge.n	10000996 <irq_add_shared_handler+0x122>
100009b0:	f64b 5101 	movw	r1, #48385	@ 0xbd01
100009b4:	f10e 0204 	add.w	r2, lr, #4
100009b8:	f1a8 0704 	sub.w	r7, r8, #4
100009bc:	1abf      	subs	r7, r7, r2
100009be:	f3c7 074a 	ubfx	r7, r7, #1, #11
100009c2:	ea6f 47c7 	mvn.w	r7, r7, lsl #19
100009c6:	ea6f 47d7 	mvn.w	r7, r7, lsr #19
100009ca:	f88e 4006 	strb.w	r4, [lr, #6]
100009ce:	eb03 0804 	add.w	r8, r3, r4
100009d2:	4c20      	ldr	r4, [pc, #128]	@ (10000a54 <irq_add_shared_handler+0x1e0>)
100009d4:	eb05 0388 	add.w	r3, r5, r8, lsl #2
100009d8:	f8ae 7004 	strh.w	r7, [lr, #4]
100009dc:	f845 4028 	str.w	r4, [r5, r8, lsl #2]
100009e0:	8099      	strh	r1, [r3, #4]
100009e2:	f883 c006 	strb.w	ip, [r3, #6]
100009e6:	71de      	strb	r6, [r3, #7]
100009e8:	f8c3 b008 	str.w	fp, [r3, #8]
100009ec:	e793      	b.n	10000916 <irq_add_shared_handler+0xa2>
100009ee:	f000 ff4b 	bl	10001888 <hard_assertion_failure>
100009f2:	4b12      	ldr	r3, [pc, #72]	@ (10000a3c <irq_add_shared_handler+0x1c8>)
100009f4:	f993 4000 	ldrsb.w	r4, [r3]
100009f8:	e759      	b.n	100008ae <irq_add_shared_handler+0x3a>
100009fa:	4672      	mov	r2, lr
100009fc:	f832 1f04 	ldrh.w	r1, [r2, #4]!
10000a00:	0549      	lsls	r1, r1, #21
10000a02:	d414      	bmi.n	10000a2e <irq_add_shared_handler+0x1ba>
10000a04:	1549      	asrs	r1, r1, #21
10000a06:	3102      	adds	r1, #2
10000a08:	eb02 0141 	add.w	r1, r2, r1, lsl #1
10000a0c:	9101      	str	r1, [sp, #4]
10000a0e:	f06f 0107 	mvn.w	r1, #7
10000a12:	1bc9      	subs	r1, r1, r7
10000a14:	9f01      	ldr	r7, [sp, #4]
10000a16:	1b49      	subs	r1, r1, r5
10000a18:	4439      	add	r1, r7
10000a1a:	f3c1 014a 	ubfx	r1, r1, #1, #11
10000a1e:	f441 4160 	orr.w	r1, r1, #57344	@ 0xe000
10000a22:	e7c9      	b.n	100009b8 <irq_add_shared_handler+0x144>
10000a24:	9301      	str	r3, [sp, #4]
10000a26:	f000 ff2f 	bl	10001888 <hard_assertion_failure>
10000a2a:	9b01      	ldr	r3, [sp, #4]
10000a2c:	e756      	b.n	100008dc <irq_add_shared_handler+0x68>
10000a2e:	f501 11ff 	add.w	r1, r1, #2088960	@ 0x1fe000
10000a32:	f501 51ff 	add.w	r1, r1, #8160	@ 0x1fe0
10000a36:	311f      	adds	r1, #31
10000a38:	e7e4      	b.n	10000a04 <irq_add_shared_handler+0x190>
10000a3a:	bf00      	nop
10000a3c:	20001b33 	.word	0x20001b33
10000a40:	200010ac 	.word	0x200010ac
10000a44:	e000ed00 	.word	0xe000ed00
10000a48:	10000111 	.word	0x10000111
10000a4c:	200010dc 	.word	0x200010dc
10000a50:	ffffe000 	.word	0xffffe000
10000a54:	47804801 	.word	0x47804801
10000a58:	20001545 	.word	0x20001545

10000a5c <irq_remove_handler>:
10000a5c:	e92d 4ff0 	stmdb	sp!, {r4, r5, r6, r7, r8, r9, sl, fp, lr}
10000a60:	b083      	sub	sp, #12
10000a62:	f3ef 8a10 	mrs	sl, PRIMASK
10000a66:	b672      	cpsid	i
10000a68:	4e71      	ldr	r6, [pc, #452]	@ (10000c30 <irq_remove_handler+0x1d4>)
10000a6a:	e8d6 2fcf 	ldaexb	r2, [r6]
10000a6e:	2301      	movs	r3, #1
10000a70:	2a00      	cmp	r2, #0
10000a72:	d1fa      	bne.n	10000a6a <irq_remove_handler+0xe>
10000a74:	e8c6 3f42 	strexb	r2, r3, [r6]
10000a78:	2a00      	cmp	r2, #0
10000a7a:	d1f6      	bne.n	10000a6a <irq_remove_handler+0xe>
10000a7c:	f3bf 8f5f 	dmb	sy
10000a80:	4b6c      	ldr	r3, [pc, #432]	@ (10000c34 <irq_remove_handler+0x1d8>)
10000a82:	f100 0810 	add.w	r8, r0, #16
10000a86:	689b      	ldr	r3, [r3, #8]
10000a88:	4a6b      	ldr	r2, [pc, #428]	@ (10000c38 <irq_remove_handler+0x1dc>)
10000a8a:	f853 5028 	ldr.w	r5, [r3, r8, lsl #2]
10000a8e:	4295      	cmp	r5, r2
10000a90:	d045      	beq.n	10000b1e <irq_remove_handler+0xc2>
10000a92:	428d      	cmp	r5, r1
10000a94:	460c      	mov	r4, r1
10000a96:	d050      	beq.n	10000b3a <irq_remove_handler+0xde>
10000a98:	4f68      	ldr	r7, [pc, #416]	@ (10000c3c <irq_remove_handler+0x1e0>)
10000a9a:	1beb      	subs	r3, r5, r7
10000a9c:	2b2f      	cmp	r3, #47	@ 0x2f
10000a9e:	d83e      	bhi.n	10000b1e <irq_remove_handler+0xc2>
10000aa0:	2101      	movs	r1, #1
10000aa2:	ea4f 1950 	mov.w	r9, r0, lsr #5
10000aa6:	ea4f 0989 	mov.w	r9, r9, lsl #2
10000aaa:	f109 4960 	add.w	r9, r9, #3758096384	@ 0xe0000000
10000aae:	f509 4961 	add.w	r9, r9, #57600	@ 0xe100
10000ab2:	f000 031f 	and.w	r3, r0, #31
10000ab6:	fa01 f003 	lsl.w	r0, r1, r3
10000aba:	f8d9 3000 	ldr.w	r3, [r9]
10000abe:	f8c9 0080 	str.w	r0, [r9, #128]	@ 0x80
10000ac2:	ea00 0b03 	and.w	fp, r0, r3
10000ac6:	f3bf 8f5f 	dmb	sy
10000aca:	f3ef 8105 	mrs	r1, IPSR
10000ace:	b2c9      	uxtb	r1, r1
10000ad0:	2900      	cmp	r1, #0
10000ad2:	d034      	beq.n	10000b3e <irq_remove_handler+0xe2>
10000ad4:	4588      	cmp	r8, r1
10000ad6:	d005      	beq.n	10000ae4 <irq_remove_handler+0x88>
10000ad8:	e9cd 1000 	strd	r1, r0, [sp]
10000adc:	f000 fed4 	bl	10001888 <hard_assertion_failure>
10000ae0:	e9dd 1000 	ldrd	r1, r0, [sp]
10000ae4:	f025 0e01 	bic.w	lr, r5, #1
10000ae8:	f8de c008 	ldr.w	ip, [lr, #8]
10000aec:	4564      	cmp	r4, ip
10000aee:	d105      	bne.n	10000afc <irq_remove_handler+0xa0>
10000af0:	e089      	b.n	10000c06 <irq_remove_handler+0x1aa>
10000af2:	f8d3 c008 	ldr.w	ip, [r3, #8]
10000af6:	4564      	cmp	r4, ip
10000af8:	d031      	beq.n	10000b5e <irq_remove_handler+0x102>
10000afa:	469e      	mov	lr, r3
10000afc:	f99e 2006 	ldrsb.w	r2, [lr, #6]
10000b00:	eb02 0342 	add.w	r3, r2, r2, lsl #1
10000b04:	2a00      	cmp	r2, #0
10000b06:	eb07 0383 	add.w	r3, r7, r3, lsl #2
10000b0a:	daf2      	bge.n	10000af2 <irq_remove_handler+0x96>
10000b0c:	4564      	cmp	r4, ip
10000b0e:	d061      	beq.n	10000bd4 <irq_remove_handler+0x178>
10000b10:	f1bb 0f00 	cmp.w	fp, #0
10000b14:	d020      	beq.n	10000b58 <irq_remove_handler+0xfc>
10000b16:	f8c9 0180 	str.w	r0, [r9, #384]	@ 0x180
10000b1a:	f8c9 0000 	str.w	r0, [r9]
10000b1e:	4b45      	ldr	r3, [pc, #276]	@ (10000c34 <irq_remove_handler+0x1d8>)
10000b20:	689b      	ldr	r3, [r3, #8]
10000b22:	f843 5028 	str.w	r5, [r3, r8, lsl #2]
10000b26:	f3bf 8f5f 	dmb	sy
10000b2a:	2300      	movs	r3, #0
10000b2c:	e8c6 3f8f 	stlb	r3, [r6]
10000b30:	f38a 8810 	msr	PRIMASK, sl
10000b34:	b003      	add	sp, #12
10000b36:	e8bd 8ff0 	ldmia.w	sp!, {r4, r5, r6, r7, r8, r9, sl, fp, pc}
10000b3a:	4615      	mov	r5, r2
10000b3c:	e7ef      	b.n	10000b1e <irq_remove_handler+0xc2>
10000b3e:	f025 0e01 	bic.w	lr, r5, #1
10000b42:	f8de c008 	ldr.w	ip, [lr, #8]
10000b46:	4564      	cmp	r4, ip
10000b48:	d1d8      	bne.n	10000afc <irq_remove_handler+0xa0>
10000b4a:	f99e 4006 	ldrsb.w	r4, [lr, #6]
10000b4e:	4673      	mov	r3, lr
10000b50:	2c00      	cmp	r4, #0
10000b52:	da08      	bge.n	10000b66 <irq_remove_handler+0x10a>
10000b54:	4615      	mov	r5, r2
10000b56:	e046      	b.n	10000be6 <irq_remove_handler+0x18a>
10000b58:	f8c9 0080 	str.w	r0, [r9, #128]	@ 0x80
10000b5c:	e7df      	b.n	10000b1e <irq_remove_handler+0xc2>
10000b5e:	f993 4006 	ldrsb.w	r4, [r3, #6]
10000b62:	2c00      	cmp	r4, #0
10000b64:	db37      	blt.n	10000bd6 <irq_remove_handler+0x17a>
10000b66:	eb04 0c44 	add.w	ip, r4, r4, lsl #1
10000b6a:	eb07 0c8c 	add.w	ip, r7, ip, lsl #2
10000b6e:	f89c 1007 	ldrb.w	r1, [ip, #7]
10000b72:	f8dc 2008 	ldr.w	r2, [ip, #8]
10000b76:	71d9      	strb	r1, [r3, #7]
10000b78:	609a      	str	r2, [r3, #8]
10000b7a:	f99c 2006 	ldrsb.w	r2, [ip, #6]
10000b7e:	0061      	lsls	r1, r4, #1
10000b80:	2a00      	cmp	r2, #0
10000b82:	719a      	strb	r2, [r3, #6]
10000b84:	db3d      	blt.n	10000c02 <irq_remove_handler+0x1a6>
10000b86:	f8bc e004 	ldrh.w	lr, [ip, #4]
10000b8a:	ea5f 5e4e 	movs.w	lr, lr, lsl #21
10000b8e:	d505      	bpl.n	10000b9c <irq_remove_handler+0x140>
10000b90:	f50e 1eff 	add.w	lr, lr, #2088960	@ 0x1fe000
10000b94:	f50e 5eff 	add.w	lr, lr, #8160	@ 0x1fe0
10000b98:	f10e 0e1f 	add.w	lr, lr, #31
10000b9c:	f06f 0c07 	mvn.w	ip, #7
10000ba0:	190a      	adds	r2, r1, r4
10000ba2:	ea4f 5e6e 	mov.w	lr, lr, asr #21
10000ba6:	0092      	lsls	r2, r2, #2
10000ba8:	eb02 024e 	add.w	r2, r2, lr, lsl #1
10000bac:	3208      	adds	r2, #8
10000bae:	443a      	add	r2, r7
10000bb0:	ebac 0c03 	sub.w	ip, ip, r3
10000bb4:	4462      	add	r2, ip
10000bb6:	f3c2 024a 	ubfx	r2, r2, #1, #11
10000bba:	ea6f 42c2 	mvn.w	r2, r2, lsl #19
10000bbe:	ea6f 42d2 	mvn.w	r2, r2, lsr #19
10000bc2:	809a      	strh	r2, [r3, #4]
10000bc4:	4b1e      	ldr	r3, [pc, #120]	@ (10000c40 <irq_remove_handler+0x1e4>)
10000bc6:	4421      	add	r1, r4
10000bc8:	781a      	ldrb	r2, [r3, #0]
10000bca:	eb07 0181 	add.w	r1, r7, r1, lsl #2
10000bce:	701c      	strb	r4, [r3, #0]
10000bd0:	718a      	strb	r2, [r1, #6]
10000bd2:	e79d      	b.n	10000b10 <irq_remove_handler+0xb4>
10000bd4:	4673      	mov	r3, lr
10000bd6:	b9d9      	cbnz	r1, 10000c10 <irq_remove_handler+0x1b4>
10000bd8:	22ff      	movs	r2, #255	@ 0xff
10000bda:	f88e 2006 	strb.w	r2, [lr, #6]
10000bde:	f64b 5201 	movw	r2, #48385	@ 0xbd01
10000be2:	f8ae 2004 	strh.w	r2, [lr, #4]
10000be6:	4c16      	ldr	r4, [pc, #88]	@ (10000c40 <irq_remove_handler+0x1e4>)
10000be8:	f64a 22aa 	movw	r2, #43690	@ 0xaaaa
10000bec:	f894 c000 	ldrb.w	ip, [r4]
10000bf0:	4619      	mov	r1, r3
10000bf2:	1bc9      	subs	r1, r1, r7
10000bf4:	4149      	adcs	r1, r1
10000bf6:	434a      	muls	r2, r1
10000bf8:	0d12      	lsrs	r2, r2, #20
10000bfa:	f883 c006 	strb.w	ip, [r3, #6]
10000bfe:	7022      	strb	r2, [r4, #0]
10000c00:	e786      	b.n	10000b10 <irq_remove_handler+0xb4>
10000c02:	4a10      	ldr	r2, [pc, #64]	@ (10000c44 <irq_remove_handler+0x1e8>)
10000c04:	e7dd      	b.n	10000bc2 <irq_remove_handler+0x166>
10000c06:	f99e 4006 	ldrsb.w	r4, [lr, #6]
10000c0a:	4673      	mov	r3, lr
10000c0c:	2c00      	cmp	r4, #0
10000c0e:	daaa      	bge.n	10000b66 <irq_remove_handler+0x10a>
10000c10:	4a0d      	ldr	r2, [pc, #52]	@ (10000c48 <irq_remove_handler+0x1ec>)
10000c12:	4c0e      	ldr	r4, [pc, #56]	@ (10000c4c <irq_remove_handler+0x1f0>)
10000c14:	1ad2      	subs	r2, r2, r3
10000c16:	3a08      	subs	r2, #8
10000c18:	f3c2 310a 	ubfx	r1, r2, #12, #11
10000c1c:	ea6f 5101 	mvn.w	r1, r1, lsl #20
10000c20:	ea6f 5111 	mvn.w	r1, r1, lsr #20
10000c24:	ea44 0252 	orr.w	r2, r4, r2, lsr #1
10000c28:	80da      	strh	r2, [r3, #6]
10000c2a:	8099      	strh	r1, [r3, #4]
10000c2c:	e770      	b.n	10000b10 <irq_remove_handler+0xb4>
10000c2e:	bf00      	nop
10000c30:	20001545 	.word	0x20001545
10000c34:	e000ed00 	.word	0xe000ed00
10000c38:	10000111 	.word	0x10000111
10000c3c:	200010ac 	.word	0x200010ac
10000c40:	20001b33 	.word	0x20001b33
10000c44:	ffffbd01 	.word	0xffffbd01
10000c48:	200010e6 	.word	0x200010e6
10000c4c:	fffff800 	.word	0xfffff800

10000c50 <irq_add_tail_to_free_list>:
10000c50:	b5f0      	push	{r4, r5, r6, r7, lr}
10000c52:	f3ef 8505 	mrs	r5, IPSR
10000c56:	b2ed      	uxtb	r5, r5
10000c58:	f3ef 8c10 	mrs	ip, PRIMASK
10000c5c:	b672      	cpsid	i
10000c5e:	4926      	ldr	r1, [pc, #152]	@ (10000cf8 <irq_add_tail_to_free_list+0xa8>)
10000c60:	e8d1 2fcf 	ldaexb	r2, [r1]
10000c64:	2301      	movs	r3, #1
10000c66:	2a00      	cmp	r2, #0
10000c68:	d1fa      	bne.n	10000c60 <irq_add_tail_to_free_list+0x10>
10000c6a:	e8c1 3f42 	strexb	r2, r3, [r1]
10000c6e:	2a00      	cmp	r2, #0
10000c70:	d1f6      	bne.n	10000c60 <irq_add_tail_to_free_list+0x10>
10000c72:	f3bf 8f5f 	dmb	sy
10000c76:	4e21      	ldr	r6, [pc, #132]	@ (10000cfc <irq_add_tail_to_free_list+0xac>)
10000c78:	f040 0e01 	orr.w	lr, r0, #1
10000c7c:	68b4      	ldr	r4, [r6, #8]
10000c7e:	f64a 23aa 	movw	r3, #43690	@ 0xaaaa
10000c82:	f854 7025 	ldr.w	r7, [r4, r5, lsl #2]
10000c86:	4a1e      	ldr	r2, [pc, #120]	@ (10000d00 <irq_add_tail_to_free_list+0xb0>)
10000c88:	4604      	mov	r4, r0
10000c8a:	1aa4      	subs	r4, r4, r2
10000c8c:	4164      	adcs	r4, r4
10000c8e:	4363      	muls	r3, r4
10000c90:	0d1b      	lsrs	r3, r3, #20
10000c92:	4577      	cmp	r7, lr
10000c94:	b25b      	sxtb	r3, r3
10000c96:	d01b      	beq.n	10000cd0 <irq_add_tail_to_free_list+0x80>
10000c98:	f992 4006 	ldrsb.w	r4, [r2, #6]
10000c9c:	429c      	cmp	r4, r3
10000c9e:	d01c      	beq.n	10000cda <irq_add_tail_to_free_list+0x8a>
10000ca0:	f992 4012 	ldrsb.w	r4, [r2, #18]
10000ca4:	429c      	cmp	r4, r3
10000ca6:	d023      	beq.n	10000cf0 <irq_add_tail_to_free_list+0xa0>
10000ca8:	f992 401e 	ldrsb.w	r4, [r2, #30]
10000cac:	429c      	cmp	r4, r3
10000cae:	d021      	beq.n	10000cf4 <irq_add_tail_to_free_list+0xa4>
10000cb0:	f992 402a 	ldrsb.w	r4, [r2, #42]	@ 0x2a
10000cb4:	429c      	cmp	r4, r3
10000cb6:	bf08      	it	eq
10000cb8:	2403      	moveq	r4, #3
10000cba:	d00f      	beq.n	10000cdc <irq_add_tail_to_free_list+0x8c>
10000cbc:	4a11      	ldr	r2, [pc, #68]	@ (10000d04 <irq_add_tail_to_free_list+0xb4>)
10000cbe:	2400      	movs	r4, #0
10000cc0:	7815      	ldrb	r5, [r2, #0]
10000cc2:	7013      	strb	r3, [r2, #0]
10000cc4:	7185      	strb	r5, [r0, #6]
10000cc6:	e8c1 4f8f 	stlb	r4, [r1]
10000cca:	f38c 8810 	msr	PRIMASK, ip
10000cce:	bdf0      	pop	{r4, r5, r6, r7, pc}
10000cd0:	68b2      	ldr	r2, [r6, #8]
10000cd2:	4c0d      	ldr	r4, [pc, #52]	@ (10000d08 <irq_add_tail_to_free_list+0xb8>)
10000cd4:	f842 4025 	str.w	r4, [r2, r5, lsl #2]
10000cd8:	e7f0      	b.n	10000cbc <irq_add_tail_to_free_list+0x6c>
10000cda:	2400      	movs	r4, #0
10000cdc:	eb04 0444 	add.w	r4, r4, r4, lsl #1
10000ce0:	eb02 0284 	add.w	r2, r2, r4, lsl #2
10000ce4:	24ff      	movs	r4, #255	@ 0xff
10000ce6:	7194      	strb	r4, [r2, #6]
10000ce8:	f64b 5401 	movw	r4, #48385	@ 0xbd01
10000cec:	8094      	strh	r4, [r2, #4]
10000cee:	e7e5      	b.n	10000cbc <irq_add_tail_to_free_list+0x6c>
10000cf0:	2401      	movs	r4, #1
10000cf2:	e7f3      	b.n	10000cdc <irq_add_tail_to_free_list+0x8c>
10000cf4:	2402      	movs	r4, #2
10000cf6:	e7f1      	b.n	10000cdc <irq_add_tail_to_free_list+0x8c>
10000cf8:	20001545 	.word	0x20001545
10000cfc:	e000ed00 	.word	0xe000ed00
10000d00:	200010ac 	.word	0x200010ac
10000d04:	20001b33 	.word	0x20001b33
10000d08:	10000111 	.word	0x10000111

10000d0c <lock_init>:
10000d0c:	4b01      	ldr	r3, [pc, #4]	@ (10000d14 <lock_init+0x8>)
10000d0e:	440b      	add	r3, r1
10000d10:	6003      	str	r3, [r0, #0]
10000d12:	4770      	bx	lr
10000d14:	2000153c 	.word	0x2000153c

10000d18 <runtime_init_mutex>:
10000d18:	b570      	push	{r4, r5, r6, lr}
10000d1a:	4c10      	ldr	r4, [pc, #64]	@ (10000d5c <runtime_init_mutex+0x44>)
10000d1c:	4d10      	ldr	r5, [pc, #64]	@ (10000d60 <runtime_init_mutex+0x48>)
10000d1e:	42ac      	cmp	r4, r5
10000d20:	d20e      	bcs.n	10000d40 <runtime_init_mutex+0x28>
10000d22:	26ff      	movs	r6, #255	@ 0xff
10000d24:	6823      	ldr	r3, [r4, #0]
10000d26:	b163      	cbz	r3, 10000d42 <runtime_init_mutex+0x2a>
10000d28:	f7ff fd0e 	bl	10000748 <next_striped_spin_lock_num>
10000d2c:	4601      	mov	r1, r0
10000d2e:	4620      	mov	r0, r4
10000d30:	f7ff ffec 	bl	10000d0c <lock_init>
10000d34:	80a6      	strh	r6, [r4, #4]
10000d36:	f3bf 8f5f 	dmb	sy
10000d3a:	3408      	adds	r4, #8
10000d3c:	42ac      	cmp	r4, r5
10000d3e:	d3f1      	bcc.n	10000d24 <runtime_init_mutex+0xc>
10000d40:	bd70      	pop	{r4, r5, r6, pc}
10000d42:	f7ff fd01 	bl	10000748 <next_striped_spin_lock_num>
10000d46:	4601      	mov	r1, r0
10000d48:	4620      	mov	r0, r4
10000d4a:	f7ff ffdf 	bl	10000d0c <lock_init>
10000d4e:	7126      	strb	r6, [r4, #4]
10000d50:	f3bf 8f5f 	dmb	sy
10000d54:	3408      	adds	r4, #8
10000d56:	42ac      	cmp	r4, r5
10000d58:	d3e4      	bcc.n	10000d24 <runtime_init_mutex+0xc>
10000d5a:	bd70      	pop	{r4, r5, r6, pc}
10000d5c:	20001148 	.word	0x20001148
10000d60:	20001150 	.word	0x20001150

10000d64 <mutex_init>:
10000d64:	b510      	push	{r4, lr}
10000d66:	4604      	mov	r4, r0
10000d68:	f7ff fcee 	bl	10000748 <next_striped_spin_lock_num>
10000d6c:	4601      	mov	r1, r0
10000d6e:	4620      	mov	r0, r4
10000d70:	f7ff ffcc 	bl	10000d0c <lock_init>
10000d74:	23ff      	movs	r3, #255	@ 0xff
10000d76:	7123      	strb	r3, [r4, #4]
10000d78:	f3bf 8f5f 	dmb	sy
10000d7c:	bd10      	pop	{r4, pc}
10000d7e:	bf00      	nop

10000d80 <critical_section_init>:
10000d80:	b510      	push	{r4, lr}
10000d82:	4604      	mov	r4, r0
10000d84:	2001      	movs	r0, #1
10000d86:	f7ff fceb 	bl	10000760 <spin_lock_claim_unused>
10000d8a:	4b03      	ldr	r3, [pc, #12]	@ (10000d98 <critical_section_init+0x18>)
10000d8c:	4403      	add	r3, r0
10000d8e:	6023      	str	r3, [r4, #0]
10000d90:	f3bf 8f5f 	dmb	sy
10000d94:	bd10      	pop	{r4, pc}
10000d96:	bf00      	nop
10000d98:	2000153c 	.word	0x2000153c

10000d9c <sleep_until_callback>:
10000d9c:	4b0d      	ldr	r3, [pc, #52]	@ (10000dd4 <sleep_until_callback+0x38>)
10000d9e:	681a      	ldr	r2, [r3, #0]
10000da0:	f3ef 8110 	mrs	r1, PRIMASK
10000da4:	b672      	cpsid	i
10000da6:	e8d2 cfcf 	ldaexb	ip, [r2]
10000daa:	2001      	movs	r0, #1
10000dac:	f1bc 0f00 	cmp.w	ip, #0
10000db0:	d1f9      	bne.n	10000da6 <sleep_until_callback+0xa>
10000db2:	e8c2 0f4c 	strexb	ip, r0, [r2]
10000db6:	f1bc 0f00 	cmp.w	ip, #0
10000dba:	d1f4      	bne.n	10000da6 <sleep_until_callback+0xa>
10000dbc:	f3bf 8f5f 	dmb	sy
10000dc0:	2200      	movs	r2, #0
10000dc2:	681b      	ldr	r3, [r3, #0]
10000dc4:	e8c3 2f8f 	stlb	r2, [r3]
10000dc8:	f381 8810 	msr	PRIMASK, r1
10000dcc:	bf40      	sev
10000dce:	2000      	movs	r0, #0
10000dd0:	2100      	movs	r1, #0
10000dd2:	4770      	bx	lr
10000dd4:	20001b20 	.word	0x20001b20

10000dd8 <alarm_pool_irq_handler>:
10000dd8:	e92d 4ff0 	stmdb	sp!, {r4, r5, r6, r7, r8, r9, sl, fp, lr}
10000ddc:	ed2d 8b02 	vpush	{d8}
10000de0:	b085      	sub	sp, #20
10000de2:	f3ef 8305 	mrs	r3, IPSR
10000de6:	b2db      	uxtb	r3, r3
10000de8:	3b10      	subs	r3, #16
10000dea:	089a      	lsrs	r2, r3, #2
10000dec:	bf18      	it	ne
10000dee:	2201      	movne	r2, #1
10000df0:	f04f 0101 	mov.w	r1, #1
10000df4:	f003 0b03 	and.w	fp, r3, #3
10000df8:	bf18      	it	ne
10000dfa:	4daf      	ldrne	r5, [pc, #700]	@ (100010b8 <alarm_pool_irq_handler+0x2e0>)
10000dfc:	4baf      	ldr	r3, [pc, #700]	@ (100010bc <alarm_pool_irq_handler+0x2e4>)
10000dfe:	bf08      	it	eq
10000e00:	4daf      	ldreq	r5, [pc, #700]	@ (100010c0 <alarm_pool_irq_handler+0x2e8>)
10000e02:	eb0b 0282 	add.w	r2, fp, r2, lsl #2
10000e06:	f853 6022 	ldr.w	r6, [r3, r2, lsl #2]
10000e0a:	fa01 f20b 	lsl.w	r2, r1, fp
10000e0e:	f505 5341 	add.w	r3, r5, #12352	@ 0x3040
10000e12:	ed9f 8ba7 	vldr	d8, [pc, #668]	@ 100010b0 <alarm_pool_irq_handler+0x2d8>
10000e16:	9201      	str	r2, [sp, #4]
10000e18:	605a      	str	r2, [r3, #4]
10000e1a:	e02f      	b.n	10000e7c <alarm_pool_irq_handler+0xa4>
10000e1c:	88b3      	ldrh	r3, [r6, #4]
10000e1e:	041c      	lsls	r4, r3, #16
10000e20:	f140 8093 	bpl.w	10000f4a <alarm_pool_irq_handler+0x172>
10000e24:	79b3      	ldrb	r3, [r6, #6]
10000e26:	2b00      	cmp	r3, #0
10000e28:	f040 80dd 	bne.w	10000fe6 <alarm_pool_irq_handler+0x20e>
10000e2c:	f9b6 2008 	ldrsh.w	r2, [r6, #8]
10000e30:	2a00      	cmp	r2, #0
10000e32:	f2c0 811e 	blt.w	10001072 <alarm_pool_irq_handler+0x29a>
10000e36:	6973      	ldr	r3, [r6, #20]
10000e38:	eb02 0242 	add.w	r2, r2, r2, lsl #1
10000e3c:	eb03 03c2 	add.w	r3, r3, r2, lsl #3
10000e40:	e9d3 4702 	ldrd	r4, r7, [r3, #8]
10000e44:	f1b7 3fff 	cmp.w	r7, #4294967295	@ 0xffffffff
10000e48:	bf08      	it	eq
10000e4a:	f1b4 3fff 	cmpeq.w	r4, #4294967295	@ 0xffffffff
10000e4e:	d00e      	beq.n	10000e6e <alarm_pool_irq_handler+0x96>
10000e50:	eb05 018b 	add.w	r1, r5, fp, lsl #2
10000e54:	6aab      	ldr	r3, [r5, #40]	@ 0x28
10000e56:	690a      	ldr	r2, [r1, #16]
10000e58:	1ad2      	subs	r2, r2, r3
10000e5a:	1ae3      	subs	r3, r4, r3
10000e5c:	4293      	cmp	r3, r2
10000e5e:	d305      	bcc.n	10000e6c <alarm_pool_irq_handler+0x94>
10000e60:	2301      	movs	r3, #1
10000e62:	6a2a      	ldr	r2, [r5, #32]
10000e64:	fa03 f30b 	lsl.w	r3, r3, fp
10000e68:	4213      	tst	r3, r2
10000e6a:	d100      	bne.n	10000e6e <alarm_pool_irq_handler+0x96>
10000e6c:	610c      	str	r4, [r1, #16]
10000e6e:	4628      	mov	r0, r5
10000e70:	f000 fb38 	bl	100014e4 <timer_time_us_64>
10000e74:	42a0      	cmp	r0, r4
10000e76:	41b9      	sbcs	r1, r7
10000e78:	f2c0 80fb 	blt.w	10001072 <alarm_pool_irq_handler+0x29a>
10000e7c:	f9b6 3008 	ldrsh.w	r3, [r6, #8]
10000e80:	9a01      	ldr	r2, [sp, #4]
10000e82:	2b00      	cmp	r3, #0
10000e84:	9300      	str	r3, [sp, #0]
10000e86:	63ea      	str	r2, [r5, #60]	@ 0x3c
10000e88:	dbc8      	blt.n	10000e1c <alarm_pool_irq_handler+0x44>
10000e8a:	f8d6 8014 	ldr.w	r8, [r6, #20]
10000e8e:	eb03 0943 	add.w	r9, r3, r3, lsl #1
10000e92:	4628      	mov	r0, r5
10000e94:	eb08 07c9 	add.w	r7, r8, r9, lsl #3
10000e98:	e9d7 4a02 	ldrd	r4, sl, [r7, #8]
10000e9c:	f000 fb22 	bl	100014e4 <timer_time_us_64>
10000ea0:	42a0      	cmp	r0, r4
10000ea2:	eb71 010a 	sbcs.w	r1, r1, sl
10000ea6:	dbb9      	blt.n	10000e1c <alarm_pool_irq_handler+0x44>
10000ea8:	f1ba 0f00 	cmp.w	sl, #0
10000eac:	f2c0 80c3 	blt.w	10001036 <alarm_pool_irq_handler+0x25e>
10000eb0:	e9d7 3104 	ldrd	r3, r1, [r7, #16]
10000eb4:	4a83      	ldr	r2, [pc, #524]	@ (100010c4 <alarm_pool_irq_handler+0x2ec>)
10000eb6:	4293      	cmp	r3, r2
10000eb8:	f000 80ed 	beq.w	10001096 <alarm_pool_irq_handler+0x2be>
10000ebc:	887a      	ldrh	r2, [r7, #2]
10000ebe:	f9b6 0008 	ldrsh.w	r0, [r6, #8]
10000ec2:	b292      	uxth	r2, r2
10000ec4:	ea42 4000 	orr.w	r0, r2, r0, lsl #16
10000ec8:	4798      	blx	r3
10000eca:	4602      	mov	r2, r0
10000ecc:	460b      	mov	r3, r1
10000ece:	ea52 0103 	orrs.w	r1, r2, r3
10000ed2:	f000 80b0 	beq.w	10001036 <alarm_pool_irq_handler+0x25e>
10000ed6:	2b00      	cmp	r3, #0
10000ed8:	f280 80d1 	bge.w	1000107e <alarm_pool_irq_handler+0x2a6>
10000edc:	ebb4 0e02 	subs.w	lr, r4, r2
10000ee0:	eb6a 0a03 	sbc.w	sl, sl, r3
10000ee4:	f938 3039 	ldrsh.w	r3, [r8, r9, lsl #3]
10000ee8:	e9c7 ea02 	strd	lr, sl, [r7, #8]
10000eec:	2b00      	cmp	r3, #0
10000eee:	db95      	blt.n	10000e1c <alarm_pool_irq_handler+0x44>
10000ef0:	6971      	ldr	r1, [r6, #20]
10000ef2:	eb03 0243 	add.w	r2, r3, r3, lsl #1
10000ef6:	eb01 02c2 	add.w	r2, r1, r2, lsl #3
10000efa:	e9d2 7002 	ldrd	r7, r0, [r2, #8]
10000efe:	45be      	cmp	lr, r7
10000f00:	eb7a 0c00 	sbcs.w	ip, sl, r0
10000f04:	ea4f 0243 	mov.w	r2, r3, lsl #1
10000f08:	db88      	blt.n	10000e1c <alarm_pool_irq_handler+0x44>
10000f0a:	46b4      	mov	ip, r6
10000f0c:	f82c 3f08 	strh.w	r3, [ip, #8]!
10000f10:	e006      	b.n	10000f20 <alarm_pool_irq_handler+0x148>
10000f12:	eb03 0043 	add.w	r0, r3, r3, lsl #1
10000f16:	eb01 00c0 	add.w	r0, r1, r0, lsl #3
10000f1a:	005a      	lsls	r2, r3, #1
10000f1c:	e9d0 7002 	ldrd	r7, r0, [r0, #8]
10000f20:	45be      	cmp	lr, r7
10000f22:	441a      	add	r2, r3
10000f24:	eb7a 0000 	sbcs.w	r0, sl, r0
10000f28:	eb01 04c2 	add.w	r4, r1, r2, lsl #3
10000f2c:	db04      	blt.n	10000f38 <alarm_pool_irq_handler+0x160>
10000f2e:	f931 3032 	ldrsh.w	r3, [r1, r2, lsl #3]
10000f32:	46a4      	mov	ip, r4
10000f34:	2b00      	cmp	r3, #0
10000f36:	daec      	bge.n	10000f12 <alarm_pool_irq_handler+0x13a>
10000f38:	f828 3039 	strh.w	r3, [r8, r9, lsl #3]
10000f3c:	9b00      	ldr	r3, [sp, #0]
10000f3e:	f8ac 3000 	strh.w	r3, [ip]
10000f42:	88b3      	ldrh	r3, [r6, #4]
10000f44:	041c      	lsls	r4, r3, #16
10000f46:	f53f af6d 	bmi.w	10000e24 <alarm_pool_irq_handler+0x4c>
10000f4a:	6933      	ldr	r3, [r6, #16]
10000f4c:	f3ef 8210 	mrs	r2, PRIMASK
10000f50:	b672      	cpsid	i
10000f52:	e8d3 0fcf 	ldaexb	r0, [r3]
10000f56:	2101      	movs	r1, #1
10000f58:	2800      	cmp	r0, #0
10000f5a:	d1fa      	bne.n	10000f52 <alarm_pool_irq_handler+0x17a>
10000f5c:	e8c3 1f40 	strexb	r0, r1, [r3]
10000f60:	2800      	cmp	r0, #0
10000f62:	d1f6      	bne.n	10000f52 <alarm_pool_irq_handler+0x17a>
10000f64:	f3bf 8f5f 	dmb	sy
10000f68:	f64f 74ff 	movw	r4, #65535	@ 0xffff
10000f6c:	88b0      	ldrh	r0, [r6, #4]
10000f6e:	2300      	movs	r3, #0
10000f70:	6931      	ldr	r1, [r6, #16]
10000f72:	b200      	sxth	r0, r0
10000f74:	80b4      	strh	r4, [r6, #4]
10000f76:	e8c1 3f8f 	stlb	r3, [r1]
10000f7a:	f382 8810 	msr	PRIMASK, r2
10000f7e:	4298      	cmp	r0, r3
10000f80:	f6ff af50 	blt.w	10000e24 <alarm_pool_irq_handler+0x4c>
10000f84:	4607      	mov	r7, r0
10000f86:	46a9      	mov	r9, r5
10000f88:	6974      	ldr	r4, [r6, #20]
10000f8a:	f106 0808 	add.w	r8, r6, #8
10000f8e:	eb07 0e47 	add.w	lr, r7, r7, lsl #1
10000f92:	eb04 03ce 	add.w	r3, r4, lr, lsl #3
10000f96:	e9d3 5002 	ldrd	r5, r0, [r3, #8]
10000f9a:	f9b6 3008 	ldrsh.w	r3, [r6, #8]
10000f9e:	46c4      	mov	ip, r8
10000fa0:	2b00      	cmp	r3, #0
10000fa2:	db13      	blt.n	10000fcc <alarm_pool_irq_handler+0x1f4>
10000fa4:	46b2      	mov	sl, r6
10000fa6:	9700      	str	r7, [sp, #0]
10000fa8:	e004      	b.n	10000fb4 <alarm_pool_irq_handler+0x1dc>
10000faa:	f934 3036 	ldrsh.w	r3, [r4, r6, lsl #3]
10000fae:	4694      	mov	ip, r2
10000fb0:	2b00      	cmp	r3, #0
10000fb2:	db09      	blt.n	10000fc8 <alarm_pool_irq_handler+0x1f0>
10000fb4:	eb03 0643 	add.w	r6, r3, r3, lsl #1
10000fb8:	eb04 02c6 	add.w	r2, r4, r6, lsl #3
10000fbc:	e9d2 7102 	ldrd	r7, r1, [r2, #8]
10000fc0:	42bd      	cmp	r5, r7
10000fc2:	eb70 0101 	sbcs.w	r1, r0, r1
10000fc6:	daf0      	bge.n	10000faa <alarm_pool_irq_handler+0x1d2>
10000fc8:	4656      	mov	r6, sl
10000fca:	9f00      	ldr	r7, [sp, #0]
10000fcc:	f8ac 7000 	strh.w	r7, [ip]
10000fd0:	f934 703e 	ldrsh.w	r7, [r4, lr, lsl #3]
10000fd4:	f824 303e 	strh.w	r3, [r4, lr, lsl #3]
10000fd8:	2f00      	cmp	r7, #0
10000fda:	dad8      	bge.n	10000f8e <alarm_pool_irq_handler+0x1b6>
10000fdc:	79b3      	ldrb	r3, [r6, #6]
10000fde:	464d      	mov	r5, r9
10000fe0:	2b00      	cmp	r3, #0
10000fe2:	f43f af23 	beq.w	10000e2c <alarm_pool_irq_handler+0x54>
10000fe6:	2300      	movs	r3, #0
10000fe8:	71b3      	strb	r3, [r6, #6]
10000fea:	f9b6 3008 	ldrsh.w	r3, [r6, #8]
10000fee:	f106 0808 	add.w	r8, r6, #8
10000ff2:	1c58      	adds	r0, r3, #1
10000ff4:	d03d      	beq.n	10001072 <alarm_pool_irq_handler+0x29a>
10000ff6:	461a      	mov	r2, r3
10000ff8:	6977      	ldr	r7, [r6, #20]
10000ffa:	e003      	b.n	10001004 <alarm_pool_irq_handler+0x22c>
10000ffc:	4680      	mov	r8, r0
10000ffe:	1c59      	adds	r1, r3, #1
10001000:	f43f af16 	beq.w	10000e30 <alarm_pool_irq_handler+0x58>
10001004:	eb03 0143 	add.w	r1, r3, r3, lsl #1
10001008:	eb07 00c1 	add.w	r0, r7, r1, lsl #3
1000100c:	f8b0 c002 	ldrh.w	ip, [r0, #2]
10001010:	461c      	mov	r4, r3
10001012:	f41c 4f00 	tst.w	ip, #32768	@ 0x8000
10001016:	469e      	mov	lr, r3
10001018:	f937 3031 	ldrsh.w	r3, [r7, r1, lsl #3]
1000101c:	d0ee      	beq.n	10000ffc <alarm_pool_irq_handler+0x224>
1000101e:	4294      	cmp	r4, r2
10001020:	ed80 8b02 	vstr	d8, [r0, #8]
10001024:	d005      	beq.n	10001032 <alarm_pool_irq_handler+0x25a>
10001026:	f8a8 3000 	strh.w	r3, [r8]
1000102a:	8932      	ldrh	r2, [r6, #8]
1000102c:	f827 2031 	strh.w	r2, [r7, r1, lsl #3]
10001030:	8134      	strh	r4, [r6, #8]
10001032:	4672      	mov	r2, lr
10001034:	e7e3      	b.n	10000ffe <alarm_pool_irq_handler+0x226>
10001036:	f838 3039 	ldrh.w	r3, [r8, r9, lsl #3]
1000103a:	8133      	strh	r3, [r6, #8]
1000103c:	6933      	ldr	r3, [r6, #16]
1000103e:	f3ef 8210 	mrs	r2, PRIMASK
10001042:	b672      	cpsid	i
10001044:	e8d3 0fcf 	ldaexb	r0, [r3]
10001048:	2101      	movs	r1, #1
1000104a:	2800      	cmp	r0, #0
1000104c:	d1fa      	bne.n	10001044 <alarm_pool_irq_handler+0x26c>
1000104e:	e8c3 1f40 	strexb	r0, r1, [r3]
10001052:	2800      	cmp	r0, #0
10001054:	d1f6      	bne.n	10001044 <alarm_pool_irq_handler+0x26c>
10001056:	f3bf 8f5f 	dmb	sy
1000105a:	8873      	ldrh	r3, [r6, #2]
1000105c:	6931      	ldr	r1, [r6, #16]
1000105e:	f828 3039 	strh.w	r3, [r8, r9, lsl #3]
10001062:	9b00      	ldr	r3, [sp, #0]
10001064:	8073      	strh	r3, [r6, #2]
10001066:	2300      	movs	r3, #0
10001068:	e8c1 3f8f 	stlb	r3, [r1]
1000106c:	f382 8810 	msr	PRIMASK, r2
10001070:	e6d4      	b.n	10000e1c <alarm_pool_irq_handler+0x44>
10001072:	bf40      	sev
10001074:	b005      	add	sp, #20
10001076:	ecbd 8b02 	vpop	{d8}
1000107a:	e8bd 8ff0 	ldmia.w	sp!, {r4, r5, r6, r7, r8, r9, sl, fp, pc}
1000107e:	4628      	mov	r0, r5
10001080:	e9cd 2302 	strd	r2, r3, [sp, #8]
10001084:	f000 fa2e 	bl	100014e4 <timer_time_us_64>
10001088:	9a02      	ldr	r2, [sp, #8]
1000108a:	9b03      	ldr	r3, [sp, #12]
1000108c:	eb10 0e02 	adds.w	lr, r0, r2
10001090:	eb43 0a01 	adc.w	sl, r3, r1
10001094:	e726      	b.n	10000ee4 <alarm_pool_irq_handler+0x10c>
10001096:	4608      	mov	r0, r1
10001098:	690b      	ldr	r3, [r1, #16]
1000109a:	9102      	str	r1, [sp, #8]
1000109c:	4798      	blx	r3
1000109e:	2800      	cmp	r0, #0
100010a0:	d0c9      	beq.n	10001036 <alarm_pool_irq_handler+0x25e>
100010a2:	9902      	ldr	r1, [sp, #8]
100010a4:	e9d1 2300 	ldrd	r2, r3, [r1]
100010a8:	e711      	b.n	10000ece <alarm_pool_irq_handler+0xf6>
100010aa:	bf00      	nop
100010ac:	f3af 8000 	nop.w
100010b0:	ffffffff 	.word	0xffffffff
100010b4:	ffffffff 	.word	0xffffffff
100010b8:	400b8000 	.word	0x400b8000
100010bc:	20001af8 	.word	0x20001af8
100010c0:	400b0000 	.word	0x400b0000
100010c4:	10000dd9 	.word	0x10000dd9

100010c8 <runtime_init_default_alarm_pool>:
100010c8:	e92d 4ff8 	stmdb	sp!, {r3, r4, r5, r6, r7, r8, r9, sl, fp, lr}
100010cc:	4c36      	ldr	r4, [pc, #216]	@ (100011a8 <runtime_init_default_alarm_pool+0xe0>)
100010ce:	6925      	ldr	r5, [r4, #16]
100010d0:	b12d      	cbz	r5, 100010de <runtime_init_default_alarm_pool+0x16>
100010d2:	e8bd 4ff8 	ldmia.w	sp!, {r3, r4, r5, r6, r7, r8, r9, sl, fp, lr}
100010d6:	210a      	movs	r1, #10
100010d8:	4834      	ldr	r0, [pc, #208]	@ (100011ac <runtime_init_default_alarm_pool+0xe4>)
100010da:	f7ff be17 	b.w	10000d0c <lock_init>
100010de:	f8df 80e4 	ldr.w	r8, [pc, #228]	@ 100011c4 <runtime_init_default_alarm_pool+0xfc>
100010e2:	2103      	movs	r1, #3
100010e4:	4640      	mov	r0, r8
100010e6:	f000 f9eb 	bl	100014c0 <timer_hardware_alarm_claim>
100010ea:	2603      	movs	r6, #3
100010ec:	f8c4 800c 	str.w	r8, [r4, #12]
100010f0:	f7ff fb2a 	bl	10000748 <next_striped_spin_lock_num>
100010f4:	f04f 4c50 	mov.w	ip, #3489660928	@ 0xd0000000
100010f8:	4b2d      	ldr	r3, [pc, #180]	@ (100011b0 <runtime_init_default_alarm_pool+0xe8>)
100010fa:	7026      	strb	r6, [r4, #0]
100010fc:	4403      	add	r3, r0
100010fe:	6123      	str	r3, [r4, #16]
10001100:	f8dc 3000 	ldr.w	r3, [ip]
10001104:	210f      	movs	r1, #15
10001106:	7063      	strb	r3, [r4, #1]
10001108:	6963      	ldr	r3, [r4, #20]
1000110a:	8061      	strh	r1, [r4, #2]
1000110c:	831d      	strh	r5, [r3, #24]
1000110e:	f04f 0504 	mov.w	r5, #4
10001112:	f8a3 5078 	strh.w	r5, [r3, #120]	@ 0x78
10001116:	f04f 0505 	mov.w	r5, #5
1000111a:	f8a3 5090 	strh.w	r5, [r3, #144]	@ 0x90
1000111e:	f04f 0506 	mov.w	r5, #6
10001122:	f8a3 50a8 	strh.w	r5, [r3, #168]	@ 0xa8
10001126:	f04f 0507 	mov.w	r5, #7
1000112a:	210e      	movs	r1, #14
1000112c:	f64f 72ff 	movw	r2, #65535	@ 0xffff
10001130:	2708      	movs	r7, #8
10001132:	f04f 0e0a 	mov.w	lr, #10
10001136:	f8a3 50c0 	strh.w	r5, [r3, #192]	@ 0xc0
1000113a:	f04f 0901 	mov.w	r9, #1
1000113e:	f04f 0c0c 	mov.w	ip, #12
10001142:	f04f 0b02 	mov.w	fp, #2
10001146:	f04f 0a09 	mov.w	sl, #9
1000114a:	200d      	movs	r0, #13
1000114c:	f04f 050b 	mov.w	r5, #11
10001150:	f8a3 1168 	strh.w	r1, [r3, #360]	@ 0x168
10001154:	4917      	ldr	r1, [pc, #92]	@ (100011b4 <runtime_init_default_alarm_pool+0xec>)
10001156:	80a2      	strh	r2, [r4, #4]
10001158:	f8a3 e108 	strh.w	lr, [r3, #264]	@ 0x108
1000115c:	60a1      	str	r1, [r4, #8]
1000115e:	f8a3 b048 	strh.w	fp, [r3, #72]	@ 0x48
10001162:	f8a3 a0f0 	strh.w	sl, [r3, #240]	@ 0xf0
10001166:	f8a3 5120 	strh.w	r5, [r3, #288]	@ 0x120
1000116a:	f8a3 c138 	strh.w	ip, [r3, #312]	@ 0x138
1000116e:	f8a3 0150 	strh.w	r0, [r3, #336]	@ 0x150
10001172:	f8a3 9030 	strh.w	r9, [r3, #48]	@ 0x30
10001176:	f8a3 6060 	strh.w	r6, [r3, #96]	@ 0x60
1000117a:	f8a3 70d8 	strh.w	r7, [r3, #216]	@ 0xd8
1000117e:	801a      	strh	r2, [r3, #0]
10001180:	4b0d      	ldr	r3, [pc, #52]	@ (100011b8 <runtime_init_default_alarm_pool+0xf0>)
10001182:	4630      	mov	r0, r6
10001184:	f8c8 7020 	str.w	r7, [r8, #32]
10001188:	490c      	ldr	r1, [pc, #48]	@ (100011bc <runtime_init_default_alarm_pool+0xf4>)
1000118a:	60dc      	str	r4, [r3, #12]
1000118c:	f7ff fb42 	bl	10000814 <irq_set_exclusive_handler>
10001190:	4649      	mov	r1, r9
10001192:	4630      	mov	r0, r6
10001194:	f7ff fb28 	bl	100007e8 <irq_set_enabled>
10001198:	4b09      	ldr	r3, [pc, #36]	@ (100011c0 <runtime_init_default_alarm_pool+0xf8>)
1000119a:	210a      	movs	r1, #10
1000119c:	641f      	str	r7, [r3, #64]	@ 0x40
1000119e:	4803      	ldr	r0, [pc, #12]	@ (100011ac <runtime_init_default_alarm_pool+0xe4>)
100011a0:	e8bd 4ff8 	ldmia.w	sp!, {r3, r4, r5, r6, r7, r8, r9, sl, fp, lr}
100011a4:	f7ff bdb2 	b.w	10000d0c <lock_init>
100011a8:	200010f4 	.word	0x200010f4
100011ac:	20001b20 	.word	0x20001b20
100011b0:	2000153c 	.word	0x2000153c
100011b4:	0010ffff 	.word	0x0010ffff
100011b8:	20001af8 	.word	0x20001af8
100011bc:	10000dd9 	.word	0x10000dd9
100011c0:	400b2000 	.word	0x400b2000
100011c4:	400b0000 	.word	0x400b0000

100011c8 <alarm_pool_add_alarm_at_force_in_context>:
100011c8:	4601      	mov	r1, r0
100011ca:	b5f0      	push	{r4, r5, r6, r7, lr}
100011cc:	6900      	ldr	r0, [r0, #16]
100011ce:	f3ef 8710 	mrs	r7, PRIMASK
100011d2:	b672      	cpsid	i
100011d4:	e8d0 5fcf 	ldaexb	r5, [r0]
100011d8:	2401      	movs	r4, #1
100011da:	2d00      	cmp	r5, #0
100011dc:	d1fa      	bne.n	100011d4 <alarm_pool_add_alarm_at_force_in_context+0xc>
100011de:	e8c0 4f45 	strexb	r5, r4, [r0]
100011e2:	2d00      	cmp	r5, #0
100011e4:	d1f6      	bne.n	100011d4 <alarm_pool_add_alarm_at_force_in_context+0xc>
100011e6:	f3bf 8f5f 	dmb	sy
100011ea:	f9b1 e002 	ldrsh.w	lr, [r1, #2]
100011ee:	694c      	ldr	r4, [r1, #20]
100011f0:	eb0e 0c4e 	add.w	ip, lr, lr, lsl #1
100011f4:	f1be 0f00 	cmp.w	lr, #0
100011f8:	ea4f 05cc 	mov.w	r5, ip, lsl #3
100011fc:	6908      	ldr	r0, [r1, #16]
100011fe:	eb04 0ccc 	add.w	ip, r4, ip, lsl #3
10001202:	db3c      	blt.n	1000127e <alarm_pool_add_alarm_at_force_in_context+0xb6>
10001204:	5b66      	ldrh	r6, [r4, r5]
10001206:	804e      	strh	r6, [r1, #2]
10001208:	2600      	movs	r6, #0
1000120a:	e8c0 6f8f 	stlb	r6, [r0]
1000120e:	f387 8810 	msr	PRIMASK, r7
10001212:	f8bc 0002 	ldrh.w	r0, [ip, #2]
10001216:	e9cc 2302 	strd	r2, r3, [ip, #8]
1000121a:	3001      	adds	r0, #1
1000121c:	f3c0 000e 	ubfx	r0, r0, #0, #15
10001220:	2801      	cmp	r0, #1
10001222:	bf38      	it	cc
10001224:	2001      	movcc	r0, #1
10001226:	9b05      	ldr	r3, [sp, #20]
10001228:	f8ac 0002 	strh.w	r0, [ip, #2]
1000122c:	f8cc 3010 	str.w	r3, [ip, #16]
10001230:	9b06      	ldr	r3, [sp, #24]
10001232:	ea40 400e 	orr.w	r0, r0, lr, lsl #16
10001236:	f8cc 3014 	str.w	r3, [ip, #20]
1000123a:	690b      	ldr	r3, [r1, #16]
1000123c:	f3ef 8210 	mrs	r2, PRIMASK
10001240:	b672      	cpsid	i
10001242:	e8d3 cfcf 	ldaexb	ip, [r3]
10001246:	2701      	movs	r7, #1
10001248:	f1bc 0f00 	cmp.w	ip, #0
1000124c:	d1f9      	bne.n	10001242 <alarm_pool_add_alarm_at_force_in_context+0x7a>
1000124e:	e8c3 7f4c 	strexb	ip, r7, [r3]
10001252:	f1bc 0f00 	cmp.w	ip, #0
10001256:	d1f4      	bne.n	10001242 <alarm_pool_add_alarm_at_force_in_context+0x7a>
10001258:	f3bf 8f5f 	dmb	sy
1000125c:	888b      	ldrh	r3, [r1, #4]
1000125e:	5363      	strh	r3, [r4, r5]
10001260:	f8a1 e004 	strh.w	lr, [r1, #4]
10001264:	690b      	ldr	r3, [r1, #16]
10001266:	e8c3 6f8f 	stlb	r6, [r3]
1000126a:	f382 8810 	msr	PRIMASK, r2
1000126e:	2201      	movs	r2, #1
10001270:	68cb      	ldr	r3, [r1, #12]
10001272:	7809      	ldrb	r1, [r1, #0]
10001274:	f503 5301 	add.w	r3, r3, #8256	@ 0x2040
10001278:	408a      	lsls	r2, r1
1000127a:	605a      	str	r2, [r3, #4]
1000127c:	bdf0      	pop	{r4, r5, r6, r7, pc}
1000127e:	2300      	movs	r3, #0
10001280:	e8c0 3f8f 	stlb	r3, [r0]
10001284:	f387 8810 	msr	PRIMASK, r7
10001288:	f04f 30ff 	mov.w	r0, #4294967295	@ 0xffffffff
1000128c:	bdf0      	pop	{r4, r5, r6, r7, pc}
1000128e:	bf00      	nop

10001290 <alarm_pool_cancel_alarm>:
10001290:	4603      	mov	r3, r0
10001292:	8940      	ldrh	r0, [r0, #10]
10001294:	ebb0 4f21 	cmp.w	r0, r1, asr #16
10001298:	dd37      	ble.n	1000130a <alarm_pool_cancel_alarm+0x7a>
1000129a:	6958      	ldr	r0, [r3, #20]
1000129c:	140a      	asrs	r2, r1, #16
1000129e:	eb02 0242 	add.w	r2, r2, r2, lsl #1
100012a2:	b510      	push	{r4, lr}
100012a4:	eb00 00c2 	add.w	r0, r0, r2, lsl #3
100012a8:	691c      	ldr	r4, [r3, #16]
100012aa:	f3ef 8c10 	mrs	ip, PRIMASK
100012ae:	b672      	cpsid	i
100012b0:	e8d4 efcf 	ldaexb	lr, [r4]
100012b4:	2201      	movs	r2, #1
100012b6:	f1be 0f00 	cmp.w	lr, #0
100012ba:	d1f9      	bne.n	100012b0 <alarm_pool_cancel_alarm+0x20>
100012bc:	e8c4 2f4e 	strexb	lr, r2, [r4]
100012c0:	f1be 0f00 	cmp.w	lr, #0
100012c4:	d1f4      	bne.n	100012b0 <alarm_pool_cancel_alarm+0x20>
100012c6:	f3bf 8f5f 	dmb	sy
100012ca:	8842      	ldrh	r2, [r0, #2]
100012cc:	b289      	uxth	r1, r1
100012ce:	b292      	uxth	r2, r2
100012d0:	428a      	cmp	r2, r1
100012d2:	d007      	beq.n	100012e4 <alarm_pool_cancel_alarm+0x54>
100012d4:	2200      	movs	r2, #0
100012d6:	691b      	ldr	r3, [r3, #16]
100012d8:	e8c3 2f8f 	stlb	r2, [r3]
100012dc:	f38c 8810 	msr	PRIMASK, ip
100012e0:	2000      	movs	r0, #0
100012e2:	bd10      	pop	{r4, pc}
100012e4:	f442 4200 	orr.w	r2, r2, #32768	@ 0x8000
100012e8:	8042      	strh	r2, [r0, #2]
100012ea:	2101      	movs	r1, #1
100012ec:	2200      	movs	r2, #0
100012ee:	6918      	ldr	r0, [r3, #16]
100012f0:	7199      	strb	r1, [r3, #6]
100012f2:	e8c0 2f8f 	stlb	r2, [r0]
100012f6:	f38c 8810 	msr	PRIMASK, ip
100012fa:	781c      	ldrb	r4, [r3, #0]
100012fc:	68da      	ldr	r2, [r3, #12]
100012fe:	4608      	mov	r0, r1
10001300:	f502 5301 	add.w	r3, r2, #8256	@ 0x2040
10001304:	40a1      	lsls	r1, r4
10001306:	6059      	str	r1, [r3, #4]
10001308:	bd10      	pop	{r4, pc}
1000130a:	2000      	movs	r0, #0
1000130c:	4770      	bx	lr
1000130e:	bf00      	nop

10001310 <sleep_ms>:
10001310:	e92d 41f0 	stmdb	sp!, {r4, r5, r6, r7, r8, lr}
10001314:	b082      	sub	sp, #8
10001316:	4606      	mov	r6, r0
10001318:	f000 f8ec 	bl	100014f4 <time_us_64>
1000131c:	f44f 737a 	mov.w	r3, #1000	@ 0x3e8
10001320:	4604      	mov	r4, r0
10001322:	f04f 30ff 	mov.w	r0, #4294967295	@ 0xffffffff
10001326:	f06f 4200 	mvn.w	r2, #2147483648	@ 0x80000000
1000132a:	fbe6 4103 	umlal	r4, r1, r6, r3
1000132e:	42a0      	cmp	r0, r4
10001330:	eb72 0301 	sbcs.w	r3, r2, r1
10001334:	bf3a      	itte	cc
10001336:	4604      	movcc	r4, r0
10001338:	4615      	movcc	r5, r2
1000133a:	460d      	movcs	r5, r1
1000133c:	1fa6      	subs	r6, r4, #6
1000133e:	f145 37ff 	adc.w	r7, r5, #4294967295	@ 0xffffffff
10001342:	42b4      	cmp	r4, r6
10001344:	eb75 0307 	sbcs.w	r3, r5, r7
10001348:	bf3c      	itt	cc
1000134a:	2600      	movcc	r6, #0
1000134c:	4637      	movcc	r7, r6
1000134e:	f000 f8d1 	bl	100014f4 <time_us_64>
10001352:	1a30      	subs	r0, r6, r0
10001354:	eb67 0101 	sbc.w	r1, r7, r1
10001358:	2801      	cmp	r0, #1
1000135a:	f171 0100 	sbcs.w	r1, r1, #0
1000135e:	da06      	bge.n	1000136e <sleep_ms+0x5e>
10001360:	4620      	mov	r0, r4
10001362:	4629      	mov	r1, r5
10001364:	b002      	add	sp, #8
10001366:	e8bd 41f0 	ldmia.w	sp!, {r4, r5, r6, r7, r8, lr}
1000136a:	f000 b8fb 	b.w	10001564 <busy_wait_until>
1000136e:	f000 f8c1 	bl	100014f4 <time_us_64>
10001372:	4286      	cmp	r6, r0
10001374:	eb67 0101 	sbc.w	r1, r7, r1
10001378:	2900      	cmp	r1, #0
1000137a:	db0a      	blt.n	10001392 <sleep_ms+0x82>
1000137c:	2100      	movs	r1, #0
1000137e:	4b17      	ldr	r3, [pc, #92]	@ (100013dc <sleep_ms+0xcc>)
10001380:	4632      	mov	r2, r6
10001382:	9300      	str	r3, [sp, #0]
10001384:	4816      	ldr	r0, [pc, #88]	@ (100013e0 <sleep_ms+0xd0>)
10001386:	463b      	mov	r3, r7
10001388:	9101      	str	r1, [sp, #4]
1000138a:	f7ff ff1d 	bl	100011c8 <alarm_pool_add_alarm_at_force_in_context>
1000138e:	3001      	adds	r0, #1
10001390:	d0e6      	beq.n	10001360 <sleep_ms+0x50>
10001392:	f04f 0c00 	mov.w	ip, #0
10001396:	4a13      	ldr	r2, [pc, #76]	@ (100013e4 <sleep_ms+0xd4>)
10001398:	4913      	ldr	r1, [pc, #76]	@ (100013e8 <sleep_ms+0xd8>)
1000139a:	6a53      	ldr	r3, [r2, #36]	@ 0x24
1000139c:	429f      	cmp	r7, r3
1000139e:	d804      	bhi.n	100013aa <sleep_ms+0x9a>
100013a0:	6a90      	ldr	r0, [r2, #40]	@ 0x28
100013a2:	42b0      	cmp	r0, r6
100013a4:	d2dc      	bcs.n	10001360 <sleep_ms+0x50>
100013a6:	429f      	cmp	r7, r3
100013a8:	d1da      	bne.n	10001360 <sleep_ms+0x50>
100013aa:	680b      	ldr	r3, [r1, #0]
100013ac:	f3ef 8010 	mrs	r0, PRIMASK
100013b0:	b672      	cpsid	i
100013b2:	e8d3 8fcf 	ldaexb	r8, [r3]
100013b6:	f05f 0e01 	movs.w	lr, #1
100013ba:	f1b8 0f00 	cmp.w	r8, #0
100013be:	d1f8      	bne.n	100013b2 <sleep_ms+0xa2>
100013c0:	e8c3 ef48 	strexb	r8, lr, [r3]
100013c4:	f1b8 0f00 	cmp.w	r8, #0
100013c8:	d1f3      	bne.n	100013b2 <sleep_ms+0xa2>
100013ca:	f3bf 8f5f 	dmb	sy
100013ce:	680b      	ldr	r3, [r1, #0]
100013d0:	e8c3 cf8f 	stlb	ip, [r3]
100013d4:	f380 8810 	msr	PRIMASK, r0
100013d8:	bf20      	wfe
100013da:	e7de      	b.n	1000139a <sleep_ms+0x8a>
100013dc:	10000d9d 	.word	0x10000d9d
100013e0:	200010f4 	.word	0x200010f4
100013e4:	400b0000 	.word	0x400b0000
100013e8:	20001b20 	.word	0x20001b20

100013ec <best_effort_wfe_or_timeout>:
100013ec:	e92d 43f0 	stmdb	sp!, {r4, r5, r6, r7, r8, r9, lr}
100013f0:	4606      	mov	r6, r0
100013f2:	460d      	mov	r5, r1
100013f4:	b083      	sub	sp, #12
100013f6:	f3ef 8405 	mrs	r4, IPSR
100013fa:	b2e4      	uxtb	r4, r4
100013fc:	b13c      	cbz	r4, 1000140e <best_effort_wfe_or_timeout+0x22>
100013fe:	4b2d      	ldr	r3, [pc, #180]	@ (100014b4 <best_effort_wfe_or_timeout+0xc8>)
10001400:	6a5a      	ldr	r2, [r3, #36]	@ 0x24
10001402:	42aa      	cmp	r2, r5
10001404:	d21c      	bcs.n	10001440 <best_effort_wfe_or_timeout+0x54>
10001406:	2000      	movs	r0, #0
10001408:	b003      	add	sp, #12
1000140a:	e8bd 83f0 	ldmia.w	sp!, {r4, r5, r6, r7, r8, r9, pc}
1000140e:	4f2a      	ldr	r7, [pc, #168]	@ (100014b8 <best_effort_wfe_or_timeout+0xcc>)
10001410:	f8d7 900c 	ldr.w	r9, [r7, #12]
10001414:	f897 8000 	ldrb.w	r8, [r7]
10001418:	4648      	mov	r0, r9
1000141a:	f000 f863 	bl	100014e4 <timer_time_us_64>
1000141e:	f108 0804 	add.w	r8, r8, #4
10001422:	f859 3028 	ldr.w	r3, [r9, r8, lsl #2]
10001426:	1a1b      	subs	r3, r3, r0
10001428:	1a30      	subs	r0, r6, r0
1000142a:	eb65 0101 	sbc.w	r1, r5, r1
1000142e:	4298      	cmp	r0, r3
10001430:	f171 0100 	sbcs.w	r1, r1, #0
10001434:	db10      	blt.n	10001458 <best_effort_wfe_or_timeout+0x6c>
10001436:	bf20      	wfe
10001438:	4b1e      	ldr	r3, [pc, #120]	@ (100014b4 <best_effort_wfe_or_timeout+0xc8>)
1000143a:	6a5a      	ldr	r2, [r3, #36]	@ 0x24
1000143c:	42aa      	cmp	r2, r5
1000143e:	d3e2      	bcc.n	10001406 <best_effort_wfe_or_timeout+0x1a>
10001440:	bf14      	ite	ne
10001442:	2401      	movne	r4, #1
10001444:	2400      	moveq	r4, #0
10001446:	6a9b      	ldr	r3, [r3, #40]	@ 0x28
10001448:	42b3      	cmp	r3, r6
1000144a:	bf34      	ite	cc
1000144c:	4620      	movcc	r0, r4
1000144e:	f044 0001 	orrcs.w	r0, r4, #1
10001452:	b003      	add	sp, #12
10001454:	e8bd 83f0 	ldmia.w	sp!, {r4, r5, r6, r7, r8, r9, pc}
10001458:	f000 f84c 	bl	100014f4 <time_us_64>
1000145c:	4286      	cmp	r6, r0
1000145e:	eb65 0101 	sbc.w	r1, r5, r1
10001462:	2900      	cmp	r1, #0
10001464:	db14      	blt.n	10001490 <best_effort_wfe_or_timeout+0xa4>
10001466:	4b15      	ldr	r3, [pc, #84]	@ (100014bc <best_effort_wfe_or_timeout+0xd0>)
10001468:	4638      	mov	r0, r7
1000146a:	e9cd 3400 	strd	r3, r4, [sp]
1000146e:	4632      	mov	r2, r6
10001470:	462b      	mov	r3, r5
10001472:	f7ff fea9 	bl	100011c8 <alarm_pool_add_alarm_at_force_in_context>
10001476:	1e01      	subs	r1, r0, #0
10001478:	dd0a      	ble.n	10001490 <best_effort_wfe_or_timeout+0xa4>
1000147a:	4b0e      	ldr	r3, [pc, #56]	@ (100014b4 <best_effort_wfe_or_timeout+0xc8>)
1000147c:	6a5a      	ldr	r2, [r3, #36]	@ 0x24
1000147e:	42aa      	cmp	r2, r5
10001480:	d316      	bcc.n	100014b0 <best_effort_wfe_or_timeout+0xc4>
10001482:	6a9b      	ldr	r3, [r3, #40]	@ 0x28
10001484:	42b3      	cmp	r3, r6
10001486:	d311      	bcc.n	100014ac <best_effort_wfe_or_timeout+0xc0>
10001488:	480b      	ldr	r0, [pc, #44]	@ (100014b8 <best_effort_wfe_or_timeout+0xcc>)
1000148a:	f7ff ff01 	bl	10001290 <alarm_pool_cancel_alarm>
1000148e:	e7b6      	b.n	100013fe <best_effort_wfe_or_timeout+0x12>
10001490:	4b08      	ldr	r3, [pc, #32]	@ (100014b4 <best_effort_wfe_or_timeout+0xc8>)
10001492:	6a5c      	ldr	r4, [r3, #36]	@ 0x24
10001494:	42ac      	cmp	r4, r5
10001496:	d3b6      	bcc.n	10001406 <best_effort_wfe_or_timeout+0x1a>
10001498:	1b64      	subs	r4, r4, r5
1000149a:	bf18      	it	ne
1000149c:	2401      	movne	r4, #1
1000149e:	6a9b      	ldr	r3, [r3, #40]	@ 0x28
100014a0:	42b3      	cmp	r3, r6
100014a2:	bf34      	ite	cc
100014a4:	4620      	movcc	r0, r4
100014a6:	f044 0001 	orrcs.w	r0, r4, #1
100014aa:	e7ad      	b.n	10001408 <best_effort_wfe_or_timeout+0x1c>
100014ac:	42aa      	cmp	r2, r5
100014ae:	d1eb      	bne.n	10001488 <best_effort_wfe_or_timeout+0x9c>
100014b0:	bf20      	wfe
100014b2:	e7e9      	b.n	10001488 <best_effort_wfe_or_timeout+0x9c>
100014b4:	400b0000 	.word	0x400b0000
100014b8:	200010f4 	.word	0x200010f4
100014bc:	10000d9d 	.word	0x10000d9d

100014c0 <timer_hardware_alarm_claim>:
100014c0:	b410      	push	{r4}
100014c2:	4b05      	ldr	r3, [pc, #20]	@ (100014d8 <timer_hardware_alarm_claim+0x18>)
100014c4:	4c05      	ldr	r4, [pc, #20]	@ (100014dc <timer_hardware_alarm_claim+0x1c>)
100014c6:	4a06      	ldr	r2, [pc, #24]	@ (100014e0 <timer_hardware_alarm_claim+0x20>)
100014c8:	42a0      	cmp	r0, r4
100014ca:	bf14      	ite	ne
100014cc:	4618      	movne	r0, r3
100014ce:	1c58      	addeq	r0, r3, #1
100014d0:	f85d 4b04 	ldr.w	r4, [sp], #4
100014d4:	f7ff b8cc 	b.w	10000670 <hw_claim_or_assert>
100014d8:	2000169c 	.word	0x2000169c
100014dc:	400b8000 	.word	0x400b8000
100014e0:	10003c20 	.word	0x10003c20

100014e4 <timer_time_us_64>:
100014e4:	4603      	mov	r3, r0
100014e6:	6a41      	ldr	r1, [r0, #36]	@ 0x24
100014e8:	460a      	mov	r2, r1
100014ea:	6a98      	ldr	r0, [r3, #40]	@ 0x28
100014ec:	6a59      	ldr	r1, [r3, #36]	@ 0x24
100014ee:	428a      	cmp	r2, r1
100014f0:	d1fa      	bne.n	100014e8 <timer_time_us_64+0x4>
100014f2:	4770      	bx	lr

100014f4 <time_us_64>:
100014f4:	4b03      	ldr	r3, [pc, #12]	@ (10001504 <time_us_64+0x10>)
100014f6:	6a59      	ldr	r1, [r3, #36]	@ 0x24
100014f8:	460a      	mov	r2, r1
100014fa:	6a98      	ldr	r0, [r3, #40]	@ 0x28
100014fc:	6a59      	ldr	r1, [r3, #36]	@ 0x24
100014fe:	4291      	cmp	r1, r2
10001500:	d1fa      	bne.n	100014f8 <time_us_64+0x4>
10001502:	4770      	bx	lr
10001504:	400b0000 	.word	0x400b0000

10001508 <busy_wait_us>:
10001508:	b430      	push	{r4, r5}
1000150a:	4a15      	ldr	r2, [pc, #84]	@ (10001560 <busy_wait_us+0x58>)
1000150c:	6a53      	ldr	r3, [r2, #36]	@ 0x24
1000150e:	469c      	mov	ip, r3
10001510:	6a94      	ldr	r4, [r2, #40]	@ 0x28
10001512:	6a53      	ldr	r3, [r2, #36]	@ 0x24
10001514:	4563      	cmp	r3, ip
10001516:	d1fa      	bne.n	1000150e <busy_wait_us+0x6>
10001518:	1902      	adds	r2, r0, r4
1000151a:	4159      	adcs	r1, r3
1000151c:	f04f 0500 	mov.w	r5, #0
10001520:	bf28      	it	cs
10001522:	2501      	movcs	r5, #1
10001524:	4b0e      	ldr	r3, [pc, #56]	@ (10001560 <busy_wait_us+0x58>)
10001526:	6a5b      	ldr	r3, [r3, #36]	@ 0x24
10001528:	b1b5      	cbz	r5, 10001558 <busy_wait_us+0x50>
1000152a:	1c5a      	adds	r2, r3, #1
1000152c:	bf08      	it	eq
1000152e:	461a      	moveq	r2, r3
10001530:	d008      	beq.n	10001544 <busy_wait_us+0x3c>
10001532:	f04f 31ff 	mov.w	r1, #4294967295	@ 0xffffffff
10001536:	460a      	mov	r2, r1
10001538:	4809      	ldr	r0, [pc, #36]	@ (10001560 <busy_wait_us+0x58>)
1000153a:	6a43      	ldr	r3, [r0, #36]	@ 0x24
1000153c:	428b      	cmp	r3, r1
1000153e:	d3fc      	bcc.n	1000153a <busy_wait_us+0x32>
10001540:	428b      	cmp	r3, r1
10001542:	d107      	bne.n	10001554 <busy_wait_us+0x4c>
10001544:	4906      	ldr	r1, [pc, #24]	@ (10001560 <busy_wait_us+0x58>)
10001546:	e002      	b.n	1000154e <busy_wait_us+0x46>
10001548:	6a48      	ldr	r0, [r1, #36]	@ 0x24
1000154a:	4298      	cmp	r0, r3
1000154c:	d102      	bne.n	10001554 <busy_wait_us+0x4c>
1000154e:	6a88      	ldr	r0, [r1, #40]	@ 0x28
10001550:	4290      	cmp	r0, r2
10001552:	d3f9      	bcc.n	10001548 <busy_wait_us+0x40>
10001554:	bc30      	pop	{r4, r5}
10001556:	4770      	bx	lr
10001558:	4299      	cmp	r1, r3
1000155a:	d8ed      	bhi.n	10001538 <busy_wait_us+0x30>
1000155c:	e7f0      	b.n	10001540 <busy_wait_us+0x38>
1000155e:	bf00      	nop
10001560:	400b0000 	.word	0x400b0000

10001564 <busy_wait_until>:
10001564:	4a07      	ldr	r2, [pc, #28]	@ (10001584 <busy_wait_until+0x20>)
10001566:	6a53      	ldr	r3, [r2, #36]	@ 0x24
10001568:	4299      	cmp	r1, r3
1000156a:	d8fc      	bhi.n	10001566 <busy_wait_until+0x2>
1000156c:	4299      	cmp	r1, r3
1000156e:	d107      	bne.n	10001580 <busy_wait_until+0x1c>
10001570:	4b04      	ldr	r3, [pc, #16]	@ (10001584 <busy_wait_until+0x20>)
10001572:	e002      	b.n	1000157a <busy_wait_until+0x16>
10001574:	6a5a      	ldr	r2, [r3, #36]	@ 0x24
10001576:	4291      	cmp	r1, r2
10001578:	d102      	bne.n	10001580 <busy_wait_until+0x1c>
1000157a:	6a9a      	ldr	r2, [r3, #40]	@ 0x28
1000157c:	4290      	cmp	r0, r2
1000157e:	d8f9      	bhi.n	10001574 <busy_wait_until+0x10>
10001580:	4770      	bx	lr
10001582:	bf00      	nop
10001584:	400b0000 	.word	0x400b0000

10001588 <uart_init>:
10001588:	b5f8      	push	{r3, r4, r5, r6, r7, lr}
1000158a:	4605      	mov	r5, r0
1000158c:	2006      	movs	r0, #6
1000158e:	460e      	mov	r6, r1
10001590:	f000 f8e4 	bl	1000175c <clock_get_hz>
10001594:	2800      	cmp	r0, #0
10001596:	d042      	beq.n	1000161e <uart_init+0x96>
10001598:	4a35      	ldr	r2, [pc, #212]	@ (10001670 <uart_init+0xe8>)
1000159a:	4836      	ldr	r0, [pc, #216]	@ (10001674 <uart_init+0xec>)
1000159c:	4295      	cmp	r5, r2
1000159e:	bf14      	ite	ne
100015a0:	f04f 6280 	movne.w	r2, #67108864	@ 0x4000000
100015a4:	f04f 6200 	moveq.w	r2, #134217728	@ 0x8000000
100015a8:	4b33      	ldr	r3, [pc, #204]	@ (10001678 <uart_init+0xf0>)
100015aa:	4934      	ldr	r1, [pc, #208]	@ (1000167c <uart_init+0xf4>)
100015ac:	6002      	str	r2, [r0, #0]
100015ae:	601a      	str	r2, [r3, #0]
100015b0:	688c      	ldr	r4, [r1, #8]
100015b2:	ea32 0404 	bics.w	r4, r2, r4
100015b6:	d1fb      	bne.n	100015b0 <uart_init+0x28>
100015b8:	4b2d      	ldr	r3, [pc, #180]	@ (10001670 <uart_init+0xe8>)
100015ba:	f44f 7180 	mov.w	r1, #256	@ 0x100
100015be:	1aeb      	subs	r3, r5, r3
100015c0:	fab3 f383 	clz	r3, r3
100015c4:	4a2e      	ldr	r2, [pc, #184]	@ (10001680 <uart_init+0xf8>)
100015c6:	095b      	lsrs	r3, r3, #5
100015c8:	2006      	movs	r0, #6
100015ca:	f822 1013 	strh.w	r1, [r2, r3, lsl #1]
100015ce:	f000 f8c5 	bl	1000175c <clock_get_hz>
100015d2:	00c3      	lsls	r3, r0, #3
100015d4:	fbb3 f3f6 	udiv	r3, r3, r6
100015d8:	3301      	adds	r3, #1
100015da:	09da      	lsrs	r2, r3, #7
100015dc:	d120      	bne.n	10001620 <uart_init+0x98>
100015de:	2640      	movs	r6, #64	@ 0x40
100015e0:	2101      	movs	r1, #1
100015e2:	6269      	str	r1, [r5, #36]	@ 0x24
100015e4:	62aa      	str	r2, [r5, #40]	@ 0x28
100015e6:	6b2f      	ldr	r7, [r5, #48]	@ 0x30
100015e8:	07fb      	lsls	r3, r7, #31
100015ea:	d422      	bmi.n	10001632 <uart_init+0xaa>
100015ec:	462b      	mov	r3, r5
100015ee:	2200      	movs	r2, #0
100015f0:	f853 1f2c 	ldr.w	r1, [r3, #44]!
100015f4:	2006      	movs	r0, #6
100015f6:	f503 5480 	add.w	r4, r3, #4096	@ 0x1000
100015fa:	6022      	str	r2, [r4, #0]
100015fc:	632f      	str	r7, [r5, #48]	@ 0x30
100015fe:	f000 f8ad 	bl	1000175c <clock_get_hz>
10001602:	f240 3101 	movw	r1, #769	@ 0x301
10001606:	2203      	movs	r2, #3
10001608:	0080      	lsls	r0, r0, #2
1000160a:	fbb0 f0f6 	udiv	r0, r0, r6
1000160e:	6aeb      	ldr	r3, [r5, #44]	@ 0x2c
10001610:	f083 0370 	eor.w	r3, r3, #112	@ 0x70
10001614:	f003 037e 	and.w	r3, r3, #126	@ 0x7e
10001618:	6023      	str	r3, [r4, #0]
1000161a:	6329      	str	r1, [r5, #48]	@ 0x30
1000161c:	64aa      	str	r2, [r5, #72]	@ 0x48
1000161e:	bdf8      	pop	{r3, r4, r5, r6, r7, pc}
10001620:	f64f 71fe 	movw	r1, #65534	@ 0xfffe
10001624:	428a      	cmp	r2, r1
10001626:	d91b      	bls.n	10001660 <uart_init+0xd8>
10001628:	4622      	mov	r2, r4
1000162a:	f64f 71ff 	movw	r1, #65535	@ 0xffff
1000162e:	4e15      	ldr	r6, [pc, #84]	@ (10001684 <uart_init+0xfc>)
10001630:	e7d7      	b.n	100015e2 <uart_init+0x5a>
10001632:	f240 3201 	movw	r2, #769	@ 0x301
10001636:	f505 5340 	add.w	r3, r5, #12288	@ 0x3000
1000163a:	631a      	str	r2, [r3, #48]	@ 0x30
1000163c:	6a6b      	ldr	r3, [r5, #36]	@ 0x24
1000163e:	6aac      	ldr	r4, [r5, #40]	@ 0x28
10001640:	2006      	movs	r0, #6
10001642:	eb04 1483 	add.w	r4, r4, r3, lsl #6
10001646:	f000 f889 	bl	1000175c <clock_get_hz>
1000164a:	4b0f      	ldr	r3, [pc, #60]	@ (10001688 <uart_init+0x100>)
1000164c:	02a4      	lsls	r4, r4, #10
1000164e:	fba3 2300 	umull	r2, r3, r3, r0
10001652:	0adb      	lsrs	r3, r3, #11
10001654:	2100      	movs	r1, #0
10001656:	fbb4 f0f3 	udiv	r0, r4, r3
1000165a:	f7ff ff55 	bl	10001508 <busy_wait_us>
1000165e:	e7c5      	b.n	100015ec <uart_init+0x64>
10001660:	f3c3 0345 	ubfx	r3, r3, #1, #6
10001664:	4611      	mov	r1, r2
10001666:	eb03 1682 	add.w	r6, r3, r2, lsl #6
1000166a:	461a      	mov	r2, r3
1000166c:	e7b9      	b.n	100015e2 <uart_init+0x5a>
1000166e:	bf00      	nop
10001670:	40078000 	.word	0x40078000
10001674:	40022000 	.word	0x40022000
10001678:	40023000 	.word	0x40023000
1000167c:	40020000 	.word	0x40020000
10001680:	20001b24 	.word	0x20001b24
10001684:	003fffc0 	.word	0x003fffc0
10001688:	8f2b7b75 	.word	0x8f2b7b75

1000168c <clock_configure_undivided>:
1000168c:	eb00 0c40 	add.w	ip, r0, r0, lsl #1
10001690:	ea4f 0c8c 	mov.w	ip, ip, lsl #2
10001694:	f10c 4c80 	add.w	ip, ip, #1073741824	@ 0x40000000
10001698:	f50c 3c80 	add.w	ip, ip, #65536	@ 0x10000
1000169c:	b5f0      	push	{r4, r5, r6, r7, lr}
1000169e:	4616      	mov	r6, r2
100016a0:	f8dc 2004 	ldr.w	r2, [ip, #4]
100016a4:	1f05      	subs	r5, r0, #4
100016a6:	f5b2 3f80 	cmp.w	r2, #65536	@ 0x10000
100016aa:	bf38      	it	cc
100016ac:	f44f 3280 	movcc.w	r2, #65536	@ 0x10000
100016b0:	b2ed      	uxtb	r5, r5
100016b2:	bf38      	it	cc
100016b4:	f8cc 2004 	strcc.w	r2, [ip, #4]
100016b8:	2d01      	cmp	r5, #1
100016ba:	d92a      	bls.n	10001712 <clock_configure_undivided+0x86>
100016bc:	f44f 6700 	mov.w	r7, #2048	@ 0x800
100016c0:	4c25      	ldr	r4, [pc, #148]	@ (10001758 <clock_configure_undivided+0xcc>)
100016c2:	f50c 5240 	add.w	r2, ip, #12288	@ 0x3000
100016c6:	6017      	str	r7, [r2, #0]
100016c8:	f854 2020 	ldr.w	r2, [r4, r0, lsl #2]
100016cc:	b9b2      	cbnz	r2, 100016fc <clock_configure_undivided+0x70>
100016ce:	f8dc 2000 	ldr.w	r2, [ip]
100016d2:	2d01      	cmp	r5, #1
100016d4:	ea82 1246 	eor.w	r2, r2, r6, lsl #5
100016d8:	f002 02e0 	and.w	r2, r2, #224	@ 0xe0
100016dc:	f50c 5680 	add.w	r6, ip, #4096	@ 0x1000
100016e0:	6032      	str	r2, [r6, #0]
100016e2:	d92a      	bls.n	1000173a <clock_configure_undivided+0xae>
100016e4:	f44f 6100 	mov.w	r1, #2048	@ 0x800
100016e8:	f844 3020 	str.w	r3, [r4, r0, lsl #2]
100016ec:	f44f 3380 	mov.w	r3, #65536	@ 0x10000
100016f0:	f50c 5200 	add.w	r2, ip, #8192	@ 0x2000
100016f4:	6011      	str	r1, [r2, #0]
100016f6:	f8cc 3004 	str.w	r3, [ip, #4]
100016fa:	bdf0      	pop	{r4, r5, r6, r7, pc}
100016fc:	6967      	ldr	r7, [r4, #20]
100016fe:	fbb7 fef2 	udiv	lr, r7, r2
10001702:	f10e 0e01 	add.w	lr, lr, #1
10001706:	eb0e 0e4e 	add.w	lr, lr, lr, lsl #1
1000170a:	f1be 0e03 	subs.w	lr, lr, #3
1000170e:	d2fc      	bcs.n	1000170a <clock_configure_undivided+0x7e>
10001710:	e7dd      	b.n	100016ce <clock_configure_undivided+0x42>
10001712:	2901      	cmp	r1, #1
10001714:	d1d2      	bne.n	100016bc <clock_configure_undivided+0x30>
10001716:	2403      	movs	r4, #3
10001718:	f50c 5240 	add.w	r2, ip, #12288	@ 0x3000
1000171c:	6014      	str	r4, [r2, #0]
1000171e:	f8dc 2008 	ldr.w	r2, [ip, #8]
10001722:	07d2      	lsls	r2, r2, #31
10001724:	d5fb      	bpl.n	1000171e <clock_configure_undivided+0x92>
10001726:	f8dc 2000 	ldr.w	r2, [ip]
1000172a:	4c0b      	ldr	r4, [pc, #44]	@ (10001758 <clock_configure_undivided+0xcc>)
1000172c:	ea82 1246 	eor.w	r2, r2, r6, lsl #5
10001730:	f002 02e0 	and.w	r2, r2, #224	@ 0xe0
10001734:	f50c 5680 	add.w	r6, ip, #4096	@ 0x1000
10001738:	6032      	str	r2, [r6, #0]
1000173a:	2201      	movs	r2, #1
1000173c:	f8dc 5000 	ldr.w	r5, [ip]
10001740:	404d      	eors	r5, r1
10001742:	f005 0503 	and.w	r5, r5, #3
10001746:	6035      	str	r5, [r6, #0]
10001748:	fa02 f101 	lsl.w	r1, r2, r1
1000174c:	f8dc 2008 	ldr.w	r2, [ip, #8]
10001750:	420a      	tst	r2, r1
10001752:	d0fb      	beq.n	1000174c <clock_configure_undivided+0xc0>
10001754:	e7c6      	b.n	100016e4 <clock_configure_undivided+0x58>
10001756:	bf00      	nop
10001758:	200016a0 	.word	0x200016a0

1000175c <clock_get_hz>:
1000175c:	4b01      	ldr	r3, [pc, #4]	@ (10001764 <clock_get_hz+0x8>)
1000175e:	f853 0020 	ldr.w	r0, [r3, r0, lsl #2]
10001762:	4770      	bx	lr
10001764:	200016a0 	.word	0x200016a0

10001768 <pll_init>:
10001768:	b470      	push	{r4, r5, r6}
1000176a:	9d03      	ldr	r5, [sp, #12]
1000176c:	6804      	ldr	r4, [r0, #0]
1000176e:	032d      	lsls	r5, r5, #12
10001770:	ea45 4503 	orr.w	r5, r5, r3, lsl #16
10001774:	4b1b      	ldr	r3, [pc, #108]	@ (100017e4 <pll_init+0x7c>)
10001776:	2c00      	cmp	r4, #0
10001778:	fbb3 f3f1 	udiv	r3, r3, r1
1000177c:	fbb2 f6f3 	udiv	r6, r2, r3
10001780:	db1f      	blt.n	100017c2 <pll_init+0x5a>
10001782:	4a19      	ldr	r2, [pc, #100]	@ (100017e8 <pll_init+0x80>)
10001784:	4b19      	ldr	r3, [pc, #100]	@ (100017ec <pll_init+0x84>)
10001786:	4290      	cmp	r0, r2
10001788:	bf14      	ite	ne
1000178a:	f44f 4280 	movne.w	r2, #16384	@ 0x4000
1000178e:	f44f 4200 	moveq.w	r2, #32768	@ 0x8000
10001792:	4c17      	ldr	r4, [pc, #92]	@ (100017f0 <pll_init+0x88>)
10001794:	601a      	str	r2, [r3, #0]
10001796:	f503 5380 	add.w	r3, r3, #4096	@ 0x1000
1000179a:	601a      	str	r2, [r3, #0]
1000179c:	68a3      	ldr	r3, [r4, #8]
1000179e:	ea32 0303 	bics.w	r3, r2, r3
100017a2:	d1fb      	bne.n	1000179c <pll_init+0x34>
100017a4:	2221      	movs	r2, #33	@ 0x21
100017a6:	f500 5340 	add.w	r3, r0, #12288	@ 0x3000
100017aa:	3304      	adds	r3, #4
100017ac:	6001      	str	r1, [r0, #0]
100017ae:	6086      	str	r6, [r0, #8]
100017b0:	601a      	str	r2, [r3, #0]
100017b2:	6802      	ldr	r2, [r0, #0]
100017b4:	2a00      	cmp	r2, #0
100017b6:	dafc      	bge.n	100017b2 <pll_init+0x4a>
100017b8:	2208      	movs	r2, #8
100017ba:	60c5      	str	r5, [r0, #12]
100017bc:	601a      	str	r2, [r3, #0]
100017be:	bc70      	pop	{r4, r5, r6}
100017c0:	4770      	bx	lr
100017c2:	6803      	ldr	r3, [r0, #0]
100017c4:	f003 033f 	and.w	r3, r3, #63	@ 0x3f
100017c8:	428b      	cmp	r3, r1
100017ca:	d1da      	bne.n	10001782 <pll_init+0x1a>
100017cc:	6883      	ldr	r3, [r0, #8]
100017ce:	f3c3 030b 	ubfx	r3, r3, #0, #12
100017d2:	42b3      	cmp	r3, r6
100017d4:	d1d5      	bne.n	10001782 <pll_init+0x1a>
100017d6:	68c3      	ldr	r3, [r0, #12]
100017d8:	f403 23ee 	and.w	r3, r3, #487424	@ 0x77000
100017dc:	42ab      	cmp	r3, r5
100017de:	d1d0      	bne.n	10001782 <pll_init+0x1a>
100017e0:	e7ed      	b.n	100017be <pll_init+0x56>
100017e2:	bf00      	nop
100017e4:	00b71b00 	.word	0x00b71b00
100017e8:	40058000 	.word	0x40058000
100017ec:	40022000 	.word	0x40022000
100017f0:	40020000 	.word	0x40020000

100017f4 <tick_start>:
100017f4:	2301      	movs	r3, #1
100017f6:	eb00 0040 	add.w	r0, r0, r0, lsl #1
100017fa:	0080      	lsls	r0, r0, #2
100017fc:	f100 4080 	add.w	r0, r0, #1073741824	@ 0x40000000
10001800:	f500 1084 	add.w	r0, r0, #1081344	@ 0x108000
10001804:	6041      	str	r1, [r0, #4]
10001806:	6003      	str	r3, [r0, #0]
10001808:	4770      	bx	lr
1000180a:	bf00      	nop

1000180c <rom_func_lookup>:
1000180c:	2300      	movs	r3, #0
1000180e:	8adb      	ldrh	r3, [r3, #22]
10001810:	2200      	movs	r2, #0
10001812:	e842 f200 	tt	r2, r2
10001816:	0252      	lsls	r2, r2, #9
10001818:	d401      	bmi.n	1000181e <rom_func_lookup+0x12>
1000181a:	2110      	movs	r1, #16
1000181c:	4718      	bx	r3
1000181e:	2104      	movs	r1, #4
10001820:	4718      	bx	r3
10001822:	bf00      	nop

10001824 <runtime_init_bootrom_locking_enable>:
10001824:	4a03      	ldr	r2, [pc, #12]	@ (10001834 <runtime_init_bootrom_locking_enable+0x10>)
10001826:	f8d2 3828 	ldr.w	r3, [r2, #2088]	@ 0x828
1000182a:	2b00      	cmp	r3, #0
1000182c:	d0fb      	beq.n	10001826 <runtime_init_bootrom_locking_enable+0x2>
1000182e:	f3bf 8f5f 	dmb	sy
10001832:	4770      	bx	lr
10001834:	400e0000 	.word	0x400e0000

10001838 <runtime_init_boot_locks_reset>:
10001838:	2100      	movs	r1, #0
1000183a:	4b04      	ldr	r3, [pc, #16]	@ (1000184c <runtime_init_boot_locks_reset+0x14>)
1000183c:	4a04      	ldr	r2, [pc, #16]	@ (10001850 <runtime_init_boot_locks_reset+0x18>)
1000183e:	f3bf 8f5f 	dmb	sy
10001842:	f843 1b04 	str.w	r1, [r3], #4
10001846:	4293      	cmp	r3, r2
10001848:	d1f9      	bne.n	1000183e <runtime_init_boot_locks_reset+0x6>
1000184a:	4770      	bx	lr
1000184c:	400e080c 	.word	0x400e080c
10001850:	400e082c 	.word	0x400e082c

10001854 <xosc_init>:
10001854:	b410      	push	{r4}
10001856:	f44f 708d 	mov.w	r0, #282	@ 0x11a
1000185a:	f44f 642a 	mov.w	r4, #2720	@ 0xaa0
1000185e:	4a06      	ldr	r2, [pc, #24]	@ (10001878 <xosc_init+0x24>)
10001860:	4b06      	ldr	r3, [pc, #24]	@ (1000187c <xosc_init+0x28>)
10001862:	4907      	ldr	r1, [pc, #28]	@ (10001880 <xosc_init+0x2c>)
10001864:	6014      	str	r4, [r2, #0]
10001866:	60d0      	str	r0, [r2, #12]
10001868:	6019      	str	r1, [r3, #0]
1000186a:	6853      	ldr	r3, [r2, #4]
1000186c:	2b00      	cmp	r3, #0
1000186e:	dafc      	bge.n	1000186a <xosc_init+0x16>
10001870:	f85d 4b04 	ldr.w	r4, [sp], #4
10001874:	4770      	bx	lr
10001876:	bf00      	nop
10001878:	40048000 	.word	0x40048000
1000187c:	4004a000 	.word	0x4004a000
10001880:	00fab000 	.word	0x00fab000

10001884 <first_per_core_initializer>:
10001884:	4770      	bx	lr
10001886:	bf00      	nop

10001888 <hard_assertion_failure>:
10001888:	b508      	push	{r3, lr}
1000188a:	4801      	ldr	r0, [pc, #4]	@ (10001890 <hard_assertion_failure+0x8>)
1000188c:	f7fe febc 	bl	10000608 <panic>
10001890:	10003c44 	.word	0x10003c44

10001894 <runtime_run_initializers>:
10001894:	b538      	push	{r3, r4, r5, lr}
10001896:	4c05      	ldr	r4, [pc, #20]	@ (100018ac <runtime_run_initializers+0x18>)
10001898:	4d05      	ldr	r5, [pc, #20]	@ (100018b0 <runtime_run_initializers+0x1c>)
1000189a:	42ac      	cmp	r4, r5
1000189c:	d204      	bcs.n	100018a8 <runtime_run_initializers+0x14>
1000189e:	f854 3b04 	ldr.w	r3, [r4], #4
100018a2:	4798      	blx	r3
100018a4:	42ac      	cmp	r4, r5
100018a6:	d3fa      	bcc.n	1000189e <runtime_run_initializers+0xa>
100018a8:	bd38      	pop	{r3, r4, r5, pc}
100018aa:	bf00      	nop
100018ac:	10003b60 	.word	0x10003b60
100018b0:	10003ba0 	.word	0x10003ba0

100018b4 <runtime_init_early_resets>:
100018b4:	b410      	push	{r4}
100018b6:	4807      	ldr	r0, [pc, #28]	@ (100018d4 <runtime_init_early_resets+0x20>)
100018b8:	4c07      	ldr	r4, [pc, #28]	@ (100018d8 <runtime_init_early_resets+0x24>)
100018ba:	4b08      	ldr	r3, [pc, #32]	@ (100018dc <runtime_init_early_resets+0x28>)
100018bc:	4a08      	ldr	r2, [pc, #32]	@ (100018e0 <runtime_init_early_resets+0x2c>)
100018be:	4909      	ldr	r1, [pc, #36]	@ (100018e4 <runtime_init_early_resets+0x30>)
100018c0:	6004      	str	r4, [r0, #0]
100018c2:	601a      	str	r2, [r3, #0]
100018c4:	688b      	ldr	r3, [r1, #8]
100018c6:	ea32 0303 	bics.w	r3, r2, r3
100018ca:	d1fb      	bne.n	100018c4 <runtime_init_early_resets+0x10>
100018cc:	f85d 4b04 	ldr.w	r4, [sp], #4
100018d0:	4770      	bx	lr
100018d2:	bf00      	nop
100018d4:	40022000 	.word	0x40022000
100018d8:	efef3b7f 	.word	0xefef3b7f
100018dc:	40023000 	.word	0x40023000
100018e0:	03f3fff6 	.word	0x03f3fff6
100018e4:	40020000 	.word	0x40020000

100018e8 <runtime_init_usb_power_down>:
100018e8:	4b04      	ldr	r3, [pc, #16]	@ (100018fc <runtime_init_usb_power_down+0x14>)
100018ea:	6cdb      	ldr	r3, [r3, #76]	@ 0x4c
100018ec:	f5b3 4f00 	cmp.w	r3, #32768	@ 0x8000
100018f0:	d103      	bne.n	100018fa <runtime_init_usb_power_down+0x12>
100018f2:	f44f 2280 	mov.w	r2, #262144	@ 0x40000
100018f6:	4b02      	ldr	r3, [pc, #8]	@ (10001900 <runtime_init_usb_power_down+0x18>)
100018f8:	64da      	str	r2, [r3, #76]	@ 0x4c
100018fa:	4770      	bx	lr
100018fc:	50110000 	.word	0x50110000
10001900:	50112000 	.word	0x50112000

10001904 <runtime_init_per_core_enable_coprocessors>:
10001904:	f04f 22e0 	mov.w	r2, #3758153728	@ 0xe000e000
10001908:	4b04      	ldr	r3, [pc, #16]	@ (1000191c <runtime_init_per_core_enable_coprocessors+0x18>)
1000190a:	f8d2 1d88 	ldr.w	r1, [r2, #3464]	@ 0xd88
1000190e:	430b      	orrs	r3, r1
10001910:	f8c2 3d88 	str.w	r3, [r2, #3464]	@ 0xd88
10001914:	ee10 0430 	dcp_rcmp r0
10001918:	4770      	bx	lr
1000191a:	bf00      	nop
1000191c:	00300303 	.word	0x00300303

10001920 <runtime_init_post_clock_resets>:
10001920:	f06f 4160 	mvn.w	r1, #3758096384	@ 0xe0000000
10001924:	4b04      	ldr	r3, [pc, #16]	@ (10001938 <runtime_init_post_clock_resets+0x18>)
10001926:	4a05      	ldr	r2, [pc, #20]	@ (1000193c <runtime_init_post_clock_resets+0x1c>)
10001928:	6019      	str	r1, [r3, #0]
1000192a:	6893      	ldr	r3, [r2, #8]
1000192c:	43db      	mvns	r3, r3
1000192e:	f033 4360 	bics.w	r3, r3, #3758096384	@ 0xe0000000
10001932:	d1fa      	bne.n	1000192a <runtime_init_post_clock_resets+0xa>
10001934:	4770      	bx	lr
10001936:	bf00      	nop
10001938:	40023000 	.word	0x40023000
1000193c:	40020000 	.word	0x40020000

10001940 <runtime_init_bootrom_reset>:
10001940:	b510      	push	{r4, lr}
10001942:	f245 2053 	movw	r0, #21075	@ 0x5253
10001946:	f7ff ff61 	bl	1000180c <rom_func_lookup>
1000194a:	e8bd 4010 	ldmia.w	sp!, {r4, lr}
1000194e:	4603      	mov	r3, r0
10001950:	2004      	movs	r0, #4
10001952:	4718      	bx	r3

10001954 <runtime_init_per_core_bootrom_reset>:
10001954:	b510      	push	{r4, lr}
10001956:	f245 2053 	movw	r0, #21075	@ 0x5253
1000195a:	f7ff ff57 	bl	1000180c <rom_func_lookup>
1000195e:	e8bd 4010 	ldmia.w	sp!, {r4, lr}
10001962:	4603      	mov	r3, r0
10001964:	2001      	movs	r0, #1
10001966:	4718      	bx	r3

10001968 <runtime_init_spin_locks_reset>:
10001968:	f7fe bf12 	b.w	10000790 <spin_locks_reset>

1000196c <runtime_init_install_ram_vector_table>:
1000196c:	4914      	ldr	r1, [pc, #80]	@ (100019c0 <runtime_init_install_ram_vector_table+0x54>)
1000196e:	4b15      	ldr	r3, [pc, #84]	@ (100019c4 <runtime_init_install_ram_vector_table+0x58>)
10001970:	b570      	push	{r4, r5, r6, lr}
10001972:	1a5c      	subs	r4, r3, r1
10001974:	10a6      	asrs	r6, r4, #2
10001976:	2e44      	cmp	r6, #68	@ 0x44
10001978:	4632      	mov	r2, r6
1000197a:	bf28      	it	cs
1000197c:	2244      	movcs	r2, #68	@ 0x44
1000197e:	4d12      	ldr	r5, [pc, #72]	@ (100019c8 <runtime_init_install_ram_vector_table+0x5c>)
10001980:	0092      	lsls	r2, r2, #2
10001982:	4628      	mov	r0, r5
10001984:	f001 ffd4 	bl	10003930 <memcpy>
10001988:	f5b4 7f86 	cmp.w	r4, #268	@ 0x10c
1000198c:	d813      	bhi.n	100019b6 <runtime_init_install_ram_vector_table+0x4a>
1000198e:	4a0f      	ldr	r2, [pc, #60]	@ (100019cc <runtime_init_install_ram_vector_table+0x60>)
10001990:	f1c6 0044 	rsb	r0, r6, #68	@ 0x44
10001994:	d012      	beq.n	100019bc <runtime_init_install_ram_vector_table+0x50>
10001996:	192b      	adds	r3, r5, r4
10001998:	0841      	lsrs	r1, r0, #1
1000199a:	eb03 01c1 	add.w	r1, r3, r1, lsl #3
1000199e:	e9c3 2200 	strd	r2, r2, [r3]
100019a2:	3308      	adds	r3, #8
100019a4:	428b      	cmp	r3, r1
100019a6:	d1fa      	bne.n	1000199e <runtime_init_install_ram_vector_table+0x32>
100019a8:	07c3      	lsls	r3, r0, #31
100019aa:	d504      	bpl.n	100019b6 <runtime_init_install_ram_vector_table+0x4a>
100019ac:	f020 0001 	bic.w	r0, r0, #1
100019b0:	4430      	add	r0, r6
100019b2:	f845 2020 	str.w	r2, [r5, r0, lsl #2]
100019b6:	4b06      	ldr	r3, [pc, #24]	@ (100019d0 <runtime_init_install_ram_vector_table+0x64>)
100019b8:	609d      	str	r5, [r3, #8]
100019ba:	bd70      	pop	{r4, r5, r6, pc}
100019bc:	2043      	movs	r0, #67	@ 0x43
100019be:	e7f8      	b.n	100019b2 <runtime_init_install_ram_vector_table+0x46>
100019c0:	10000000 	.word	0x10000000
100019c4:	10000110 	.word	0x10000110
100019c8:	20000000 	.word	0x20000000
100019cc:	10000111 	.word	0x10000111
100019d0:	e000ed00 	.word	0xe000ed00

100019d4 <runtime_init_clocks>:
100019d4:	2300      	movs	r3, #0
100019d6:	b570      	push	{r4, r5, r6, lr}
100019d8:	4c2b      	ldr	r4, [pc, #172]	@ (10001a88 <runtime_init_clocks+0xb4>)
100019da:	b082      	sub	sp, #8
100019dc:	f8c4 3084 	str.w	r3, [r4, #132]	@ 0x84
100019e0:	f7ff ff38 	bl	10001854 <xosc_init>
100019e4:	2201      	movs	r2, #1
100019e6:	4b29      	ldr	r3, [pc, #164]	@ (10001a8c <runtime_init_clocks+0xb8>)
100019e8:	63da      	str	r2, [r3, #60]	@ 0x3c
100019ea:	6c63      	ldr	r3, [r4, #68]	@ 0x44
100019ec:	2b01      	cmp	r3, #1
100019ee:	d1fc      	bne.n	100019ea <runtime_init_clocks+0x16>
100019f0:	2103      	movs	r1, #3
100019f2:	4a26      	ldr	r2, [pc, #152]	@ (10001a8c <runtime_init_clocks+0xb8>)
100019f4:	4b24      	ldr	r3, [pc, #144]	@ (10001a88 <runtime_init_clocks+0xb4>)
100019f6:	6311      	str	r1, [r2, #48]	@ 0x30
100019f8:	6b9c      	ldr	r4, [r3, #56]	@ 0x38
100019fa:	2c01      	cmp	r4, #1
100019fc:	d1fc      	bne.n	100019f8 <runtime_init_clocks+0x24>
100019fe:	2602      	movs	r6, #2
10001a00:	2505      	movs	r5, #5
10001a02:	4621      	mov	r1, r4
10001a04:	2305      	movs	r3, #5
10001a06:	4a22      	ldr	r2, [pc, #136]	@ (10001a90 <runtime_init_clocks+0xbc>)
10001a08:	4822      	ldr	r0, [pc, #136]	@ (10001a94 <runtime_init_clocks+0xc0>)
10001a0a:	9600      	str	r6, [sp, #0]
10001a0c:	f7ff feac 	bl	10001768 <pll_init>
10001a10:	4621      	mov	r1, r4
10001a12:	462b      	mov	r3, r5
10001a14:	4a20      	ldr	r2, [pc, #128]	@ (10001a98 <runtime_init_clocks+0xc4>)
10001a16:	4821      	ldr	r0, [pc, #132]	@ (10001a9c <runtime_init_clocks+0xc8>)
10001a18:	9500      	str	r5, [sp, #0]
10001a1a:	f7ff fea5 	bl	10001768 <pll_init>
10001a1e:	2200      	movs	r2, #0
10001a20:	2004      	movs	r0, #4
10001a22:	4631      	mov	r1, r6
10001a24:	4b1e      	ldr	r3, [pc, #120]	@ (10001aa0 <runtime_init_clocks+0xcc>)
10001a26:	f7ff fe31 	bl	1000168c <clock_configure_undivided>
10001a2a:	4621      	mov	r1, r4
10001a2c:	4628      	mov	r0, r5
10001a2e:	2200      	movs	r2, #0
10001a30:	4b1c      	ldr	r3, [pc, #112]	@ (10001aa4 <runtime_init_clocks+0xd0>)
10001a32:	f7ff fe2b 	bl	1000168c <clock_configure_undivided>
10001a36:	2200      	movs	r2, #0
10001a38:	2008      	movs	r0, #8
10001a3a:	4611      	mov	r1, r2
10001a3c:	4b1a      	ldr	r3, [pc, #104]	@ (10001aa8 <runtime_init_clocks+0xd4>)
10001a3e:	f7ff fe25 	bl	1000168c <clock_configure_undivided>
10001a42:	2200      	movs	r2, #0
10001a44:	2009      	movs	r0, #9
10001a46:	4611      	mov	r1, r2
10001a48:	4b17      	ldr	r3, [pc, #92]	@ (10001aa8 <runtime_init_clocks+0xd4>)
10001a4a:	f7ff fe1f 	bl	1000168c <clock_configure_undivided>
10001a4e:	2200      	movs	r2, #0
10001a50:	2006      	movs	r0, #6
10001a52:	4611      	mov	r1, r2
10001a54:	4b13      	ldr	r3, [pc, #76]	@ (10001aa4 <runtime_init_clocks+0xd0>)
10001a56:	f7ff fe19 	bl	1000168c <clock_configure_undivided>
10001a5a:	2200      	movs	r2, #0
10001a5c:	4b11      	ldr	r3, [pc, #68]	@ (10001aa4 <runtime_init_clocks+0xd0>)
10001a5e:	2007      	movs	r0, #7
10001a60:	4611      	mov	r1, r2
10001a62:	f7ff fe13 	bl	1000168c <clock_configure_undivided>
10001a66:	2004      	movs	r0, #4
10001a68:	f7ff fe78 	bl	1000175c <clock_get_hz>
10001a6c:	2400      	movs	r4, #0
10001a6e:	4b0f      	ldr	r3, [pc, #60]	@ (10001aac <runtime_init_clocks+0xd8>)
10001a70:	fba3 3500 	umull	r3, r5, r3, r0
10001a74:	0cad      	lsrs	r5, r5, #18
10001a76:	b2e0      	uxtb	r0, r4
10001a78:	4629      	mov	r1, r5
10001a7a:	3401      	adds	r4, #1
10001a7c:	f7ff feba 	bl	100017f4 <tick_start>
10001a80:	2c06      	cmp	r4, #6
10001a82:	d1f8      	bne.n	10001a76 <runtime_init_clocks+0xa2>
10001a84:	b002      	add	sp, #8
10001a86:	bd70      	pop	{r4, r5, r6, pc}
10001a88:	40010000 	.word	0x40010000
10001a8c:	40013000 	.word	0x40013000
10001a90:	59682f00 	.word	0x59682f00
10001a94:	40050000 	.word	0x40050000
10001a98:	47868c00 	.word	0x47868c00
10001a9c:	40058000 	.word	0x40058000
10001aa0:	00b71b00 	.word	0x00b71b00
10001aa4:	08f0d180 	.word	0x08f0d180
10001aa8:	02dc6c00 	.word	0x02dc6c00
10001aac:	431bde83 	.word	0x431bde83

10001ab0 <_out_char>:
10001ab0:	b900      	cbnz	r0, 10001ab4 <_out_char+0x4>
10001ab2:	4770      	bx	lr
10001ab4:	f000 b916 	b.w	10001ce4 <__wrap_putchar>

10001ab8 <weak_raw_vprintf>:
10001ab8:	b510      	push	{r4, lr}
10001aba:	4b09      	ldr	r3, [pc, #36]	@ (10001ae0 <weak_raw_vprintf+0x28>)
10001abc:	b084      	sub	sp, #16
10001abe:	681c      	ldr	r4, [r3, #0]
10001ac0:	b14c      	cbz	r4, 10001ad6 <weak_raw_vprintf+0x1e>
10001ac2:	4603      	mov	r3, r0
10001ac4:	9100      	str	r1, [sp, #0]
10001ac6:	f04f 32ff 	mov.w	r2, #4294967295	@ 0xffffffff
10001aca:	a903      	add	r1, sp, #12
10001acc:	4805      	ldr	r0, [pc, #20]	@ (10001ae4 <weak_raw_vprintf+0x2c>)
10001ace:	47a0      	blx	r4
10001ad0:	2001      	movs	r0, #1
10001ad2:	b004      	add	sp, #16
10001ad4:	bd10      	pop	{r4, pc}
10001ad6:	f000 f947 	bl	10001d68 <__wrap_puts>
10001ada:	4620      	mov	r0, r4
10001adc:	b004      	add	sp, #16
10001ade:	bd10      	pop	{r4, pc}
10001ae0:	20001ad8 	.word	0x20001ad8
10001ae4:	10001ab1 	.word	0x10001ab1

10001ae8 <_exit>:
10001ae8:	be00      	bkpt	0x0000
10001aea:	e7fd      	b.n	10001ae8 <_exit>

10001aec <exit>:
10001aec:	b508      	push	{r3, lr}
10001aee:	f7ff fffb 	bl	10001ae8 <_exit>
10001af2:	bf00      	nop

10001af4 <runtime_init>:
10001af4:	b538      	push	{r3, r4, r5, lr}
10001af6:	4c06      	ldr	r4, [pc, #24]	@ (10001b10 <runtime_init+0x1c>)
10001af8:	4d06      	ldr	r5, [pc, #24]	@ (10001b14 <runtime_init+0x20>)
10001afa:	f7ff fecb 	bl	10001894 <runtime_run_initializers>
10001afe:	42ac      	cmp	r4, r5
10001b00:	d204      	bcs.n	10001b0c <runtime_init+0x18>
10001b02:	f854 3b04 	ldr.w	r3, [r4], #4
10001b06:	4798      	blx	r3
10001b08:	42ac      	cmp	r4, r5
10001b0a:	d3fa      	bcc.n	10001b02 <runtime_init+0xe>
10001b0c:	bd38      	pop	{r3, r4, r5, pc}
10001b0e:	bf00      	nop
10001b10:	10003ba0 	.word	0x10003ba0
10001b14:	10003bac 	.word	0x10003bac

10001b18 <stdio_out_chars_no_crlf>:
10001b18:	6803      	ldr	r3, [r0, #0]
10001b1a:	4608      	mov	r0, r1
10001b1c:	4611      	mov	r1, r2
10001b1e:	4718      	bx	r3

10001b20 <stdio_out_chars_crlf>:
10001b20:	e92d 41f0 	stmdb	sp!, {r4, r5, r6, r7, r8, lr}
10001b24:	4615      	mov	r5, r2
10001b26:	7d42      	ldrb	r2, [r0, #21]
10001b28:	4607      	mov	r7, r0
10001b2a:	4688      	mov	r8, r1
10001b2c:	2a00      	cmp	r2, #0
10001b2e:	d046      	beq.n	10001bbe <stdio_out_chars_crlf+0x9e>
10001b30:	2d00      	cmp	r5, #0
10001b32:	dd1d      	ble.n	10001b70 <stdio_out_chars_crlf+0x50>
10001b34:	780b      	ldrb	r3, [r1, #0]
10001b36:	2b0a      	cmp	r3, #10
10001b38:	d023      	beq.n	10001b82 <stdio_out_chars_crlf+0x62>
10001b3a:	2d01      	cmp	r5, #1
10001b3c:	f04f 0c00 	mov.w	ip, #0
10001b40:	d018      	beq.n	10001b74 <stdio_out_chars_crlf+0x54>
10001b42:	4646      	mov	r6, r8
10001b44:	2401      	movs	r4, #1
10001b46:	f816 2f01 	ldrb.w	r2, [r6, #1]!
10001b4a:	4621      	mov	r1, r4
10001b4c:	2a0a      	cmp	r2, #10
10001b4e:	f104 0401 	add.w	r4, r4, #1
10001b52:	d022      	beq.n	10001b9a <stdio_out_chars_crlf+0x7a>
10001b54:	42a5      	cmp	r5, r4
10001b56:	d1f6      	bne.n	10001b46 <stdio_out_chars_crlf+0x26>
10001b58:	4565      	cmp	r5, ip
10001b5a:	dc0b      	bgt.n	10001b74 <stdio_out_chars_crlf+0x54>
10001b5c:	eb08 0305 	add.w	r3, r8, r5
10001b60:	f813 3c01 	ldrb.w	r3, [r3, #-1]
10001b64:	f1a3 030d 	sub.w	r3, r3, #13
10001b68:	fab3 f383 	clz	r3, r3
10001b6c:	095b      	lsrs	r3, r3, #5
10001b6e:	753b      	strb	r3, [r7, #20]
10001b70:	e8bd 81f0 	ldmia.w	sp!, {r4, r5, r6, r7, r8, pc}
10001b74:	683b      	ldr	r3, [r7, #0]
10001b76:	eba5 010c 	sub.w	r1, r5, ip
10001b7a:	eb08 000c 	add.w	r0, r8, ip
10001b7e:	4798      	blx	r3
10001b80:	e7ec      	b.n	10001b5c <stdio_out_chars_crlf+0x3c>
10001b82:	7d03      	ldrb	r3, [r0, #20]
10001b84:	2b00      	cmp	r3, #0
10001b86:	d1d8      	bne.n	10001b3a <stdio_out_chars_crlf+0x1a>
10001b88:	6803      	ldr	r3, [r0, #0]
10001b8a:	2102      	movs	r1, #2
10001b8c:	480f      	ldr	r0, [pc, #60]	@ (10001bcc <stdio_out_chars_crlf+0xac>)
10001b8e:	4798      	blx	r3
10001b90:	2d01      	cmp	r5, #1
10001b92:	d0e3      	beq.n	10001b5c <stdio_out_chars_crlf+0x3c>
10001b94:	f04f 0c01 	mov.w	ip, #1
10001b98:	e7d3      	b.n	10001b42 <stdio_out_chars_crlf+0x22>
10001b9a:	f816 3c01 	ldrb.w	r3, [r6, #-1]
10001b9e:	2b0d      	cmp	r3, #13
10001ba0:	d0d8      	beq.n	10001b54 <stdio_out_chars_crlf+0x34>
10001ba2:	458c      	cmp	ip, r1
10001ba4:	eb08 000c 	add.w	r0, r8, ip
10001ba8:	eba1 010c 	sub.w	r1, r1, ip
10001bac:	da01      	bge.n	10001bb2 <stdio_out_chars_crlf+0x92>
10001bae:	683b      	ldr	r3, [r7, #0]
10001bb0:	4798      	blx	r3
10001bb2:	2102      	movs	r1, #2
10001bb4:	4805      	ldr	r0, [pc, #20]	@ (10001bcc <stdio_out_chars_crlf+0xac>)
10001bb6:	683b      	ldr	r3, [r7, #0]
10001bb8:	4798      	blx	r3
10001bba:	46a4      	mov	ip, r4
10001bbc:	e7ca      	b.n	10001b54 <stdio_out_chars_crlf+0x34>
10001bbe:	4629      	mov	r1, r5
10001bc0:	4640      	mov	r0, r8
10001bc2:	683b      	ldr	r3, [r7, #0]
10001bc4:	e8bd 41f0 	ldmia.w	sp!, {r4, r5, r6, r7, r8, lr}
10001bc8:	4718      	bx	r3
10001bca:	bf00      	nop
10001bcc:	10003dd0 	.word	0x10003dd0

10001bd0 <stdio_put_string>:
10001bd0:	e92d 47f0 	stmdb	sp!, {r4, r5, r6, r7, r8, r9, sl, lr}
10001bd4:	b082      	sub	sp, #8
10001bd6:	460d      	mov	r5, r1
10001bd8:	4691      	mov	r9, r2
10001bda:	461c      	mov	r4, r3
10001bdc:	4606      	mov	r6, r0
10001bde:	f7ff fc89 	bl	100014f4 <time_us_64>
10001be2:	f04f 3cff 	mov.w	ip, #4294967295	@ 0xffffffff
10001be6:	f06f 4700 	mvn.w	r7, #2147483648	@ 0x80000000
10001bea:	4a2e      	ldr	r2, [pc, #184]	@ (10001ca4 <stdio_put_string+0xd4>)
10001bec:	1882      	adds	r2, r0, r2
10001bee:	f141 0300 	adc.w	r3, r1, #0
10001bf2:	4594      	cmp	ip, r2
10001bf4:	eb77 0103 	sbcs.w	r1, r7, r3
10001bf8:	bf3c      	itt	cc
10001bfa:	4662      	movcc	r2, ip
10001bfc:	463b      	movcc	r3, r7
10001bfe:	482a      	ldr	r0, [pc, #168]	@ (10001ca8 <stdio_put_string+0xd8>)
10001c00:	f001 ffa6 	bl	10003b50 <__mutex_try_enter_block_until_veneer>
10001c04:	1c6b      	adds	r3, r5, #1
10001c06:	4680      	mov	r8, r0
10001c08:	d040      	beq.n	10001c8c <stdio_put_string+0xbc>
10001c0a:	b30c      	cbz	r4, 10001c50 <stdio_put_string+0x80>
10001c0c:	4f27      	ldr	r7, [pc, #156]	@ (10001cac <stdio_put_string+0xdc>)
10001c0e:	4b28      	ldr	r3, [pc, #160]	@ (10001cb0 <stdio_put_string+0xe0>)
10001c10:	681c      	ldr	r4, [r3, #0]
10001c12:	b1b4      	cbz	r4, 10001c42 <stdio_put_string+0x72>
10001c14:	f1b9 0f00 	cmp.w	r9, #0
10001c18:	d11c      	bne.n	10001c54 <stdio_put_string+0x84>
10001c1a:	f8df 909c 	ldr.w	r9, [pc, #156]	@ 10001cb8 <stdio_put_string+0xe8>
10001c1e:	e001      	b.n	10001c24 <stdio_put_string+0x54>
10001c20:	6924      	ldr	r4, [r4, #16]
10001c22:	b174      	cbz	r4, 10001c42 <stdio_put_string+0x72>
10001c24:	6823      	ldr	r3, [r4, #0]
10001c26:	2b00      	cmp	r3, #0
10001c28:	d0fa      	beq.n	10001c20 <stdio_put_string+0x50>
10001c2a:	f8d9 3000 	ldr.w	r3, [r9]
10001c2e:	b10b      	cbz	r3, 10001c34 <stdio_put_string+0x64>
10001c30:	429c      	cmp	r4, r3
10001c32:	d1f5      	bne.n	10001c20 <stdio_put_string+0x50>
10001c34:	4620      	mov	r0, r4
10001c36:	462a      	mov	r2, r5
10001c38:	4631      	mov	r1, r6
10001c3a:	47b8      	blx	r7
10001c3c:	6924      	ldr	r4, [r4, #16]
10001c3e:	2c00      	cmp	r4, #0
10001c40:	d1f0      	bne.n	10001c24 <stdio_put_string+0x54>
10001c42:	f1b8 0f00 	cmp.w	r8, #0
10001c46:	d126      	bne.n	10001c96 <stdio_put_string+0xc6>
10001c48:	4628      	mov	r0, r5
10001c4a:	b002      	add	sp, #8
10001c4c:	e8bd 87f0 	ldmia.w	sp!, {r4, r5, r6, r7, r8, r9, sl, pc}
10001c50:	4f18      	ldr	r7, [pc, #96]	@ (10001cb4 <stdio_put_string+0xe4>)
10001c52:	e7dc      	b.n	10001c0e <stdio_put_string+0x3e>
10001c54:	f04f 0a0a 	mov.w	sl, #10
10001c58:	f8df 905c 	ldr.w	r9, [pc, #92]	@ 10001cb8 <stdio_put_string+0xe8>
10001c5c:	e002      	b.n	10001c64 <stdio_put_string+0x94>
10001c5e:	6924      	ldr	r4, [r4, #16]
10001c60:	2c00      	cmp	r4, #0
10001c62:	d0ee      	beq.n	10001c42 <stdio_put_string+0x72>
10001c64:	6823      	ldr	r3, [r4, #0]
10001c66:	2b00      	cmp	r3, #0
10001c68:	d0f9      	beq.n	10001c5e <stdio_put_string+0x8e>
10001c6a:	f8d9 3000 	ldr.w	r3, [r9]
10001c6e:	b10b      	cbz	r3, 10001c74 <stdio_put_string+0xa4>
10001c70:	42a3      	cmp	r3, r4
10001c72:	d1f4      	bne.n	10001c5e <stdio_put_string+0x8e>
10001c74:	462a      	mov	r2, r5
10001c76:	4631      	mov	r1, r6
10001c78:	4620      	mov	r0, r4
10001c7a:	47b8      	blx	r7
10001c7c:	2201      	movs	r2, #1
10001c7e:	4620      	mov	r0, r4
10001c80:	f10d 0107 	add.w	r1, sp, #7
10001c84:	f88d a007 	strb.w	sl, [sp, #7]
10001c88:	47b8      	blx	r7
10001c8a:	e7e8      	b.n	10001c5e <stdio_put_string+0x8e>
10001c8c:	4630      	mov	r0, r6
10001c8e:	f001 fec5 	bl	10003a1c <strlen>
10001c92:	4605      	mov	r5, r0
10001c94:	e7b9      	b.n	10001c0a <stdio_put_string+0x3a>
10001c96:	4804      	ldr	r0, [pc, #16]	@ (10001ca8 <stdio_put_string+0xd8>)
10001c98:	f001 ff4a 	bl	10003b30 <__mutex_exit_veneer>
10001c9c:	4628      	mov	r0, r5
10001c9e:	b002      	add	sp, #8
10001ca0:	e8bd 87f0 	ldmia.w	sp!, {r4, r5, r6, r7, r8, r9, sl, pc}
10001ca4:	000f4240 	.word	0x000f4240
10001ca8:	20001148 	.word	0x20001148
10001cac:	10001b21 	.word	0x10001b21
10001cb0:	200016c8 	.word	0x200016c8
10001cb4:	10001b19 	.word	0x10001b19
10001cb8:	200016d0 	.word	0x200016d0

10001cbc <stdio_set_driver_enabled>:
10001cbc:	4a08      	ldr	r2, [pc, #32]	@ (10001ce0 <stdio_set_driver_enabled+0x24>)
10001cbe:	6813      	ldr	r3, [r2, #0]
10001cc0:	b923      	cbnz	r3, 10001ccc <stdio_set_driver_enabled+0x10>
10001cc2:	e00a      	b.n	10001cda <stdio_set_driver_enabled+0x1e>
10001cc4:	f103 0210 	add.w	r2, r3, #16
10001cc8:	691b      	ldr	r3, [r3, #16]
10001cca:	b133      	cbz	r3, 10001cda <stdio_set_driver_enabled+0x1e>
10001ccc:	4283      	cmp	r3, r0
10001cce:	d1f9      	bne.n	10001cc4 <stdio_set_driver_enabled+0x8>
10001cd0:	b929      	cbnz	r1, 10001cde <stdio_set_driver_enabled+0x22>
10001cd2:	6918      	ldr	r0, [r3, #16]
10001cd4:	6010      	str	r0, [r2, #0]
10001cd6:	6119      	str	r1, [r3, #16]
10001cd8:	4770      	bx	lr
10001cda:	b101      	cbz	r1, 10001cde <stdio_set_driver_enabled+0x22>
10001cdc:	6010      	str	r0, [r2, #0]
10001cde:	4770      	bx	lr
10001ce0:	200016c8 	.word	0x200016c8

10001ce4 <__wrap_putchar>:
10001ce4:	b5f0      	push	{r4, r5, r6, r7, lr}
10001ce6:	b083      	sub	sp, #12
10001ce8:	4606      	mov	r6, r0
10001cea:	f88d 0007 	strb.w	r0, [sp, #7]
10001cee:	f7ff fc01 	bl	100014f4 <time_us_64>
10001cf2:	f04f 35ff 	mov.w	r5, #4294967295	@ 0xffffffff
10001cf6:	f06f 4400 	mvn.w	r4, #2147483648	@ 0x80000000
10001cfa:	4a17      	ldr	r2, [pc, #92]	@ (10001d58 <__wrap_putchar+0x74>)
10001cfc:	1882      	adds	r2, r0, r2
10001cfe:	f141 0300 	adc.w	r3, r1, #0
10001d02:	4295      	cmp	r5, r2
10001d04:	eb74 0103 	sbcs.w	r1, r4, r3
10001d08:	bf3c      	itt	cc
10001d0a:	4623      	movcc	r3, r4
10001d0c:	462a      	movcc	r2, r5
10001d0e:	4813      	ldr	r0, [pc, #76]	@ (10001d5c <__wrap_putchar+0x78>)
10001d10:	f001 ff1e 	bl	10003b50 <__mutex_try_enter_block_until_veneer>
10001d14:	4b12      	ldr	r3, [pc, #72]	@ (10001d60 <__wrap_putchar+0x7c>)
10001d16:	4607      	mov	r7, r0
10001d18:	681c      	ldr	r4, [r3, #0]
10001d1a:	b19c      	cbz	r4, 10001d44 <__wrap_putchar+0x60>
10001d1c:	4d11      	ldr	r5, [pc, #68]	@ (10001d64 <__wrap_putchar+0x80>)
10001d1e:	e001      	b.n	10001d24 <__wrap_putchar+0x40>
10001d20:	6924      	ldr	r4, [r4, #16]
10001d22:	b17c      	cbz	r4, 10001d44 <__wrap_putchar+0x60>
10001d24:	6823      	ldr	r3, [r4, #0]
10001d26:	2b00      	cmp	r3, #0
10001d28:	d0fa      	beq.n	10001d20 <__wrap_putchar+0x3c>
10001d2a:	682b      	ldr	r3, [r5, #0]
10001d2c:	b10b      	cbz	r3, 10001d32 <__wrap_putchar+0x4e>
10001d2e:	429c      	cmp	r4, r3
10001d30:	d1f6      	bne.n	10001d20 <__wrap_putchar+0x3c>
10001d32:	4620      	mov	r0, r4
10001d34:	2201      	movs	r2, #1
10001d36:	f10d 0107 	add.w	r1, sp, #7
10001d3a:	f7ff fef1 	bl	10001b20 <stdio_out_chars_crlf>
10001d3e:	6924      	ldr	r4, [r4, #16]
10001d40:	2c00      	cmp	r4, #0
10001d42:	d1ef      	bne.n	10001d24 <__wrap_putchar+0x40>
10001d44:	b917      	cbnz	r7, 10001d4c <__wrap_putchar+0x68>
10001d46:	4630      	mov	r0, r6
10001d48:	b003      	add	sp, #12
10001d4a:	bdf0      	pop	{r4, r5, r6, r7, pc}
10001d4c:	4803      	ldr	r0, [pc, #12]	@ (10001d5c <__wrap_putchar+0x78>)
10001d4e:	f001 feef 	bl	10003b30 <__mutex_exit_veneer>
10001d52:	4630      	mov	r0, r6
10001d54:	b003      	add	sp, #12
10001d56:	bdf0      	pop	{r4, r5, r6, r7, pc}
10001d58:	000f4240 	.word	0x000f4240
10001d5c:	20001148 	.word	0x20001148
10001d60:	200016c8 	.word	0x200016c8
10001d64:	200016d0 	.word	0x200016d0

10001d68 <__wrap_puts>:
10001d68:	b538      	push	{r3, r4, r5, lr}
10001d6a:	4604      	mov	r4, r0
10001d6c:	f001 fe56 	bl	10003a1c <strlen>
10001d70:	2301      	movs	r3, #1
10001d72:	4605      	mov	r5, r0
10001d74:	461a      	mov	r2, r3
10001d76:	4620      	mov	r0, r4
10001d78:	4629      	mov	r1, r5
10001d7a:	f7ff ff29 	bl	10001bd0 <stdio_put_string>
10001d7e:	4b08      	ldr	r3, [pc, #32]	@ (10001da0 <__wrap_puts+0x38>)
10001d80:	681c      	ldr	r4, [r3, #0]
10001d82:	b12c      	cbz	r4, 10001d90 <__wrap_puts+0x28>
10001d84:	6863      	ldr	r3, [r4, #4]
10001d86:	b12b      	cbz	r3, 10001d94 <__wrap_puts+0x2c>
10001d88:	4798      	blx	r3
10001d8a:	6924      	ldr	r4, [r4, #16]
10001d8c:	2c00      	cmp	r4, #0
10001d8e:	d1f9      	bne.n	10001d84 <__wrap_puts+0x1c>
10001d90:	4628      	mov	r0, r5
10001d92:	bd38      	pop	{r3, r4, r5, pc}
10001d94:	6924      	ldr	r4, [r4, #16]
10001d96:	2c00      	cmp	r4, #0
10001d98:	d1f4      	bne.n	10001d84 <__wrap_puts+0x1c>
10001d9a:	4628      	mov	r0, r5
10001d9c:	bd38      	pop	{r3, r4, r5, pc}
10001d9e:	bf00      	nop
10001da0:	200016c8 	.word	0x200016c8

10001da4 <stdio_uart_out_chars>:
10001da4:	f1b1 0c00 	subs.w	ip, r1, #0
10001da8:	dd1d      	ble.n	10001de6 <stdio_uart_out_chars+0x42>
10001daa:	4a0f      	ldr	r2, [pc, #60]	@ (10001de8 <stdio_uart_out_chars+0x44>)
10001dac:	4b0f      	ldr	r3, [pc, #60]	@ (10001dec <stdio_uart_out_chars+0x48>)
10001dae:	6812      	ldr	r2, [r2, #0]
10001db0:	b530      	push	{r4, r5, lr}
10001db2:	1ad3      	subs	r3, r2, r3
10001db4:	fab3 f383 	clz	r3, r3
10001db8:	240d      	movs	r4, #13
10001dba:	4d0d      	ldr	r5, [pc, #52]	@ (10001df0 <stdio_uart_out_chars+0x4c>)
10001dbc:	095b      	lsrs	r3, r3, #5
10001dbe:	1e41      	subs	r1, r0, #1
10001dc0:	f935 e013 	ldrsh.w	lr, [r5, r3, lsl #1]
10001dc4:	448c      	add	ip, r1
10001dc6:	f811 0f01 	ldrb.w	r0, [r1, #1]!
10001dca:	4586      	cmp	lr, r0
10001dcc:	d006      	beq.n	10001ddc <stdio_uart_out_chars+0x38>
10001dce:	6993      	ldr	r3, [r2, #24]
10001dd0:	069b      	lsls	r3, r3, #26
10001dd2:	d4fc      	bmi.n	10001dce <stdio_uart_out_chars+0x2a>
10001dd4:	4561      	cmp	r1, ip
10001dd6:	6010      	str	r0, [r2, #0]
10001dd8:	d1f5      	bne.n	10001dc6 <stdio_uart_out_chars+0x22>
10001dda:	bd30      	pop	{r4, r5, pc}
10001ddc:	6993      	ldr	r3, [r2, #24]
10001dde:	069d      	lsls	r5, r3, #26
10001de0:	d4fc      	bmi.n	10001ddc <stdio_uart_out_chars+0x38>
10001de2:	6014      	str	r4, [r2, #0]
10001de4:	e7f3      	b.n	10001dce <stdio_uart_out_chars+0x2a>
10001de6:	4770      	bx	lr
10001de8:	20001b2c 	.word	0x20001b2c
10001dec:	40078000 	.word	0x40078000
10001df0:	20001b24 	.word	0x20001b24

10001df4 <stdio_uart_in_chars>:
10001df4:	4b22      	ldr	r3, [pc, #136]	@ (10001e80 <stdio_uart_in_chars+0x8c>)
10001df6:	f1b1 0c00 	subs.w	ip, r1, #0
10001dfa:	b410      	push	{r4}
10001dfc:	681c      	ldr	r4, [r3, #0]
10001dfe:	dd2e      	ble.n	10001e5e <stdio_uart_in_chars+0x6a>
10001e00:	4603      	mov	r3, r0
10001e02:	2000      	movs	r0, #0
10001e04:	4a1f      	ldr	r2, [pc, #124]	@ (10001e84 <stdio_uart_in_chars+0x90>)
10001e06:	1e59      	subs	r1, r3, #1
10001e08:	6812      	ldr	r2, [r2, #0]
10001e0a:	6993      	ldr	r3, [r2, #24]
10001e0c:	06db      	lsls	r3, r3, #27
10001e0e:	d417      	bmi.n	10001e40 <stdio_uart_in_chars+0x4c>
10001e10:	3001      	adds	r0, #1
10001e12:	6993      	ldr	r3, [r2, #24]
10001e14:	06db      	lsls	r3, r3, #27
10001e16:	d4fc      	bmi.n	10001e12 <stdio_uart_in_chars+0x1e>
10001e18:	6813      	ldr	r3, [r2, #0]
10001e1a:	4584      	cmp	ip, r0
10001e1c:	f801 3f01 	strb.w	r3, [r1, #1]!
10001e20:	d1f3      	bne.n	10001e0a <stdio_uart_in_chars+0x16>
10001e22:	b14c      	cbz	r4, 10001e38 <stdio_uart_in_chars+0x44>
10001e24:	2150      	movs	r1, #80	@ 0x50
10001e26:	4613      	mov	r3, r2
10001e28:	6391      	str	r1, [r2, #56]	@ 0x38
10001e2a:	f853 2f34 	ldr.w	r2, [r3, #52]!
10001e2e:	f002 0238 	and.w	r2, r2, #56	@ 0x38
10001e32:	f503 5380 	add.w	r3, r3, #4096	@ 0x1000
10001e36:	601a      	str	r2, [r3, #0]
10001e38:	4660      	mov	r0, ip
10001e3a:	f85d 4b04 	ldr.w	r4, [sp], #4
10001e3e:	4770      	bx	lr
10001e40:	b14c      	cbz	r4, 10001e56 <stdio_uart_in_chars+0x62>
10001e42:	2150      	movs	r1, #80	@ 0x50
10001e44:	4613      	mov	r3, r2
10001e46:	6391      	str	r1, [r2, #56]	@ 0x38
10001e48:	f853 2f34 	ldr.w	r2, [r3, #52]!
10001e4c:	f002 0238 	and.w	r2, r2, #56	@ 0x38
10001e50:	f503 5380 	add.w	r3, r3, #4096	@ 0x1000
10001e54:	601a      	str	r2, [r3, #0]
10001e56:	b178      	cbz	r0, 10001e78 <stdio_uart_in_chars+0x84>
10001e58:	f85d 4b04 	ldr.w	r4, [sp], #4
10001e5c:	4770      	bx	lr
10001e5e:	b15c      	cbz	r4, 10001e78 <stdio_uart_in_chars+0x84>
10001e60:	4b08      	ldr	r3, [pc, #32]	@ (10001e84 <stdio_uart_in_chars+0x90>)
10001e62:	2150      	movs	r1, #80	@ 0x50
10001e64:	681a      	ldr	r2, [r3, #0]
10001e66:	4613      	mov	r3, r2
10001e68:	6391      	str	r1, [r2, #56]	@ 0x38
10001e6a:	f853 2f34 	ldr.w	r2, [r3, #52]!
10001e6e:	f002 0238 	and.w	r2, r2, #56	@ 0x38
10001e72:	f503 5380 	add.w	r3, r3, #4096	@ 0x1000
10001e76:	601a      	str	r2, [r3, #0]
10001e78:	f06f 0002 	mvn.w	r0, #2
10001e7c:	e7dd      	b.n	10001e3a <stdio_uart_in_chars+0x46>
10001e7e:	bf00      	nop
10001e80:	20001690 	.word	0x20001690
10001e84:	20001b2c 	.word	0x20001b2c

10001e88 <on_uart_rx>:
10001e88:	4b05      	ldr	r3, [pc, #20]	@ (10001ea0 <on_uart_rx+0x18>)
10001e8a:	681b      	ldr	r3, [r3, #0]
10001e8c:	b133      	cbz	r3, 10001e9c <on_uart_rx+0x14>
10001e8e:	2100      	movs	r1, #0
10001e90:	4a04      	ldr	r2, [pc, #16]	@ (10001ea4 <on_uart_rx+0x1c>)
10001e92:	4805      	ldr	r0, [pc, #20]	@ (10001ea8 <on_uart_rx+0x20>)
10001e94:	6812      	ldr	r2, [r2, #0]
10001e96:	6800      	ldr	r0, [r0, #0]
10001e98:	6391      	str	r1, [r2, #56]	@ 0x38
10001e9a:	4718      	bx	r3
10001e9c:	4770      	bx	lr
10001e9e:	bf00      	nop
10001ea0:	20001690 	.word	0x20001690
10001ea4:	20001b2c 	.word	0x20001b2c
10001ea8:	20001694 	.word	0x20001694

10001eac <stdio_uart_out_flush>:
10001eac:	4b02      	ldr	r3, [pc, #8]	@ (10001eb8 <stdio_uart_out_flush+0xc>)
10001eae:	681a      	ldr	r2, [r3, #0]
10001eb0:	6993      	ldr	r3, [r2, #24]
10001eb2:	071b      	lsls	r3, r3, #28
10001eb4:	d4fc      	bmi.n	10001eb0 <stdio_uart_out_flush+0x4>
10001eb6:	4770      	bx	lr
10001eb8:	20001b2c 	.word	0x20001b2c

10001ebc <stdio_uart_set_chars_available_callback>:
10001ebc:	b5f8      	push	{r3, r4, r5, r6, r7, lr}
10001ebe:	4f1c      	ldr	r7, [pc, #112]	@ (10001f30 <stdio_uart_set_chars_available_callback+0x74>)
10001ec0:	4d1c      	ldr	r5, [pc, #112]	@ (10001f34 <stdio_uart_set_chars_available_callback+0x78>)
10001ec2:	683a      	ldr	r2, [r7, #0]
10001ec4:	4e1c      	ldr	r6, [pc, #112]	@ (10001f38 <stdio_uart_set_chars_available_callback+0x7c>)
10001ec6:	42aa      	cmp	r2, r5
10001ec8:	bf14      	ite	ne
10001eca:	2521      	movne	r5, #33	@ 0x21
10001ecc:	2522      	moveq	r5, #34	@ 0x22
10001ece:	4604      	mov	r4, r0
10001ed0:	f8d6 c000 	ldr.w	ip, [r6]
10001ed4:	b118      	cbz	r0, 10001ede <stdio_uart_set_chars_available_callback+0x22>
10001ed6:	f1bc 0f00 	cmp.w	ip, #0
10001eda:	d010      	beq.n	10001efe <stdio_uart_set_chars_available_callback+0x42>
10001edc:	bdf8      	pop	{r3, r4, r5, r6, r7, pc}
10001ede:	f1bc 0f00 	cmp.w	ip, #0
10001ee2:	d0fb      	beq.n	10001edc <stdio_uart_set_chars_available_callback+0x20>
10001ee4:	4601      	mov	r1, r0
10001ee6:	6390      	str	r0, [r2, #56]	@ 0x38
10001ee8:	4628      	mov	r0, r5
10001eea:	f7fe fc7d 	bl	100007e8 <irq_set_enabled>
10001eee:	4628      	mov	r0, r5
10001ef0:	4912      	ldr	r1, [pc, #72]	@ (10001f3c <stdio_uart_set_chars_available_callback+0x80>)
10001ef2:	f7fe fdb3 	bl	10000a5c <irq_remove_handler>
10001ef6:	4b12      	ldr	r3, [pc, #72]	@ (10001f40 <stdio_uart_set_chars_available_callback+0x84>)
10001ef8:	6034      	str	r4, [r6, #0]
10001efa:	601c      	str	r4, [r3, #0]
10001efc:	bdf8      	pop	{r3, r4, r5, r6, r7, pc}
10001efe:	460b      	mov	r3, r1
10001f00:	4a0f      	ldr	r2, [pc, #60]	@ (10001f40 <stdio_uart_set_chars_available_callback+0x84>)
10001f02:	490e      	ldr	r1, [pc, #56]	@ (10001f3c <stdio_uart_set_chars_available_callback+0x80>)
10001f04:	6030      	str	r0, [r6, #0]
10001f06:	4628      	mov	r0, r5
10001f08:	6013      	str	r3, [r2, #0]
10001f0a:	f7fe fc83 	bl	10000814 <irq_set_exclusive_handler>
10001f0e:	2101      	movs	r1, #1
10001f10:	4628      	mov	r0, r5
10001f12:	f7fe fc69 	bl	100007e8 <irq_set_enabled>
10001f16:	683a      	ldr	r2, [r7, #0]
10001f18:	2150      	movs	r1, #80	@ 0x50
10001f1a:	4613      	mov	r3, r2
10001f1c:	6391      	str	r1, [r2, #56]	@ 0x38
10001f1e:	f853 2f34 	ldr.w	r2, [r3, #52]!
10001f22:	f002 0238 	and.w	r2, r2, #56	@ 0x38
10001f26:	f503 5380 	add.w	r3, r3, #4096	@ 0x1000
10001f2a:	601a      	str	r2, [r3, #0]
10001f2c:	bdf8      	pop	{r3, r4, r5, r6, r7, pc}
10001f2e:	bf00      	nop
10001f30:	20001b2c 	.word	0x20001b2c
10001f34:	40078000 	.word	0x40078000
10001f38:	20001690 	.word	0x20001690
10001f3c:	10001e89 	.word	0x10001e89
10001f40:	20001694 	.word	0x20001694

10001f44 <stdio_uart_init_full>:
10001f44:	b570      	push	{r4, r5, r6, lr}
10001f46:	4e10      	ldr	r6, [pc, #64]	@ (10001f88 <stdio_uart_init_full+0x44>)
10001f48:	460d      	mov	r5, r1
10001f4a:	6030      	str	r0, [r6, #0]
10001f4c:	1e10      	subs	r0, r2, #0
10001f4e:	461c      	mov	r4, r3
10001f50:	db06      	blt.n	10001f60 <stdio_uart_init_full+0x1c>
10001f52:	f010 0f02 	tst.w	r0, #2
10001f56:	bf0c      	ite	eq
10001f58:	2102      	moveq	r1, #2
10001f5a:	210b      	movne	r1, #11
10001f5c:	f7fe fb12 	bl	10000584 <gpio_set_function>
10001f60:	2c00      	cmp	r4, #0
10001f62:	db07      	blt.n	10001f74 <stdio_uart_init_full+0x30>
10001f64:	f014 0f02 	tst.w	r4, #2
10001f68:	bf0c      	ite	eq
10001f6a:	2102      	moveq	r1, #2
10001f6c:	210b      	movne	r1, #11
10001f6e:	4620      	mov	r0, r4
10001f70:	f7fe fb08 	bl	10000584 <gpio_set_function>
10001f74:	4629      	mov	r1, r5
10001f76:	6830      	ldr	r0, [r6, #0]
10001f78:	f7ff fb06 	bl	10001588 <uart_init>
10001f7c:	e8bd 4070 	ldmia.w	sp!, {r4, r5, r6, lr}
10001f80:	2101      	movs	r1, #1
10001f82:	4802      	ldr	r0, [pc, #8]	@ (10001f8c <stdio_uart_init_full+0x48>)
10001f84:	f7ff be9a 	b.w	10001cbc <stdio_set_driver_enabled>
10001f88:	20001b2c 	.word	0x20001b2c
10001f8c:	2000110c 	.word	0x2000110c

10001f90 <dcd_init>:
10001f90:	b570      	push	{r4, r5, r6, lr}
10001f92:	f000 f92d 	bl	100021f0 <rp2040_usb_init>
10001f96:	230c      	movs	r3, #12
10001f98:	2640      	movs	r6, #64	@ 0x40
10001f9a:	4c19      	ldr	r4, [pc, #100]	@ (10002000 <dcd_init+0x70>)
10001f9c:	22ff      	movs	r2, #255	@ 0xff
10001f9e:	67a3      	str	r3, [r4, #120]	@ 0x78
10001fa0:	200e      	movs	r0, #14
10001fa2:	4918      	ldr	r1, [pc, #96]	@ (10002004 <dcd_init+0x74>)
10001fa4:	f7fe fc66 	bl	10000874 <irq_add_shared_handler>
10001fa8:	4632      	mov	r2, r6
10001faa:	2100      	movs	r1, #0
10001fac:	4816      	ldr	r0, [pc, #88]	@ (10002008 <dcd_init+0x78>)
10001fae:	f001 fc59 	bl	10003864 <memset>
10001fb2:	2501      	movs	r5, #1
10001fb4:	2300      	movs	r3, #0
10001fb6:	2180      	movs	r1, #128	@ 0x80
10001fb8:	4813      	ldr	r0, [pc, #76]	@ (10002008 <dcd_init+0x78>)
10001fba:	4a14      	ldr	r2, [pc, #80]	@ (1000200c <dcd_init+0x7c>)
10001fbc:	8441      	strh	r1, [r0, #34]	@ 0x22
10001fbe:	7045      	strb	r5, [r0, #1]
10001fc0:	8306      	strh	r6, [r0, #24]
10001fc2:	8706      	strh	r6, [r0, #56]	@ 0x38
10001fc4:	6082      	str	r2, [r0, #8]
10001fc6:	6043      	str	r3, [r0, #4]
10001fc8:	6013      	str	r3, [r2, #0]
10001fca:	f842 3c04 	str.w	r3, [r2, #-4]
10001fce:	f880 3021 	strb.w	r3, [r0, #33]	@ 0x21
10001fd2:	f880 303b 	strb.w	r3, [r0, #59]	@ 0x3b
10001fd6:	6243      	str	r3, [r0, #36]	@ 0x24
10001fd8:	4b0d      	ldr	r3, [pc, #52]	@ (10002010 <dcd_init+0x80>)
10001fda:	f04f 5600 	mov.w	r6, #536870912	@ 0x20000000
10001fde:	60c3      	str	r3, [r0, #12]
10001fe0:	62c3      	str	r3, [r0, #44]	@ 0x2c
10001fe2:	3b80      	subs	r3, #128	@ 0x80
10001fe4:	6283      	str	r3, [r0, #40]	@ 0x28
10001fe6:	f001 fdab 	bl	10003b40 <__reset_non_control_endpoints_veneer>
10001fea:	f44f 3280 	mov.w	r2, #65536	@ 0x10000
10001fee:	4909      	ldr	r1, [pc, #36]	@ (10002014 <dcd_init+0x84>)
10001ff0:	4b09      	ldr	r3, [pc, #36]	@ (10002018 <dcd_init+0x88>)
10001ff2:	6425      	str	r5, [r4, #64]	@ 0x40
10001ff4:	4628      	mov	r0, r5
10001ff6:	64e6      	str	r6, [r4, #76]	@ 0x4c
10001ff8:	f8c4 1090 	str.w	r1, [r4, #144]	@ 0x90
10001ffc:	64da      	str	r2, [r3, #76]	@ 0x4c
10001ffe:	bd70      	pop	{r4, r5, r6, pc}
10002000:	50110000 	.word	0x50110000
10002004:	2000034d 	.word	0x2000034d
10002008:	200016d4 	.word	0x200016d4
1000200c:	50100084 	.word	0x50100084
10002010:	50100100 	.word	0x50100100
10002014:	0001d010 	.word	0x0001d010
10002018:	50112000 	.word	0x50112000

1000201c <dcd_int_enable>:
1000201c:	2101      	movs	r1, #1
1000201e:	200e      	movs	r0, #14
10002020:	f7fe bbe2 	b.w	100007e8 <irq_set_enabled>

10002024 <dcd_set_address>:
10002024:	2200      	movs	r2, #0
10002026:	4802      	ldr	r0, [pc, #8]	@ (10002030 <dcd_set_address+0xc>)
10002028:	4611      	mov	r1, r2
1000202a:	f000 b901 	b.w	10002230 <hw_endpoint_xfer_start>
1000202e:	bf00      	nop
10002030:	200016f4 	.word	0x200016f4

10002034 <dcd_sof_enable>:
10002034:	4b04      	ldr	r3, [pc, #16]	@ (10002048 <dcd_sof_enable+0x14>)
10002036:	7019      	strb	r1, [r3, #0]
10002038:	b121      	cbz	r1, 10002044 <dcd_sof_enable+0x10>
1000203a:	f44f 3200 	mov.w	r2, #131072	@ 0x20000
1000203e:	4b03      	ldr	r3, [pc, #12]	@ (1000204c <dcd_sof_enable+0x18>)
10002040:	f8c3 2090 	str.w	r2, [r3, #144]	@ 0x90
10002044:	4770      	bx	lr
10002046:	bf00      	nop
10002048:	20001b31 	.word	0x20001b31
1000204c:	50112000 	.word	0x50112000

10002050 <dcd_edpt0_status_complete>:
10002050:	780b      	ldrb	r3, [r1, #0]
10002052:	065b      	lsls	r3, r3, #25
10002054:	d102      	bne.n	1000205c <dcd_edpt0_status_complete+0xc>
10002056:	784b      	ldrb	r3, [r1, #1]
10002058:	2b05      	cmp	r3, #5
1000205a:	d000      	beq.n	1000205e <dcd_edpt0_status_complete+0xe>
1000205c:	4770      	bx	lr
1000205e:	884b      	ldrh	r3, [r1, #2]
10002060:	4a01      	ldr	r2, [pc, #4]	@ (10002068 <dcd_edpt0_status_complete+0x18>)
10002062:	b2db      	uxtb	r3, r3
10002064:	6013      	str	r3, [r2, #0]
10002066:	4770      	bx	lr
10002068:	50110000 	.word	0x50110000

1000206c <dcd_edpt_open>:
1000206c:	78cb      	ldrb	r3, [r1, #3]
1000206e:	e92d 41f0 	stmdb	sp!, {r4, r5, r6, r7, r8, lr}
10002072:	f003 0e03 	and.w	lr, r3, #3
10002076:	f1be 0f01 	cmp.w	lr, #1
1000207a:	f3c3 0001 	ubfx	r0, r3, #0, #2
1000207e:	d05b      	beq.n	10002138 <dcd_edpt_open+0xcc>
10002080:	2700      	movs	r7, #0
10002082:	f891 c002 	ldrb.w	ip, [r1, #2]
10002086:	4c34      	ldr	r4, [pc, #208]	@ (10002158 <dcd_edpt_open+0xec>)
10002088:	f00c 027f 	and.w	r2, ip, #127	@ 0x7f
1000208c:	0056      	lsls	r6, r2, #1
1000208e:	8889      	ldrh	r1, [r1, #4]
10002090:	eb06 13dc 	add.w	r3, r6, ip, lsr #7
10002094:	eb04 1343 	add.w	r3, r4, r3, lsl #5
10002098:	ea4f 15dc 	mov.w	r5, ip, lsr #7
1000209c:	76d8      	strb	r0, [r3, #27]
1000209e:	f3c1 010a 	ubfx	r1, r1, #0, #11
100020a2:	f085 0001 	eor.w	r0, r5, #1
100020a6:	f883 c002 	strb.w	ip, [r3, #2]
100020aa:	8319      	strh	r1, [r3, #24]
100020ac:	7058      	strb	r0, [r3, #1]
100020ae:	70df      	strb	r7, [r3, #3]
100020b0:	00d3      	lsls	r3, r2, #3
100020b2:	bb8d      	cbnz	r5, 10002118 <dcd_edpt_open+0xac>
100020b4:	4829      	ldr	r0, [pc, #164]	@ (1000215c <dcd_edpt_open+0xf0>)
100020b6:	3304      	adds	r3, #4
100020b8:	eb04 1c82 	add.w	ip, r4, r2, lsl #6
100020bc:	eb03 0800 	add.w	r8, r3, r0
100020c0:	f8cc 8008 	str.w	r8, [ip, #8]
100020c4:	501f      	str	r7, [r3, r0]
100020c6:	b382      	cbz	r2, 1000212a <dcd_edpt_open+0xbe>
100020c8:	4b25      	ldr	r3, [pc, #148]	@ (10002160 <dcd_edpt_open+0xf4>)
100020ca:	00d2      	lsls	r2, r2, #3
100020cc:	4413      	add	r3, r2
100020ce:	f8cc 3004 	str.w	r3, [ip, #4]
100020d2:	4b24      	ldr	r3, [pc, #144]	@ (10002164 <dcd_edpt_open+0xf8>)
100020d4:	313f      	adds	r1, #63	@ 0x3f
100020d6:	681a      	ldr	r2, [r3, #0]
100020d8:	f021 013f 	bic.w	r1, r1, #63	@ 0x3f
100020dc:	f1be 0f02 	cmp.w	lr, #2
100020e0:	bf08      	it	eq
100020e2:	0049      	lsleq	r1, r1, #1
100020e4:	4411      	add	r1, r2
100020e6:	6019      	str	r1, [r3, #0]
100020e8:	4b1f      	ldr	r3, [pc, #124]	@ (10002168 <dcd_edpt_open+0xfc>)
100020ea:	1977      	adds	r7, r6, r5
100020ec:	eb04 1747 	add.w	r7, r4, r7, lsl #5
100020f0:	4299      	cmp	r1, r3
100020f2:	60fa      	str	r2, [r7, #12]
100020f4:	d82b      	bhi.n	1000214e <dcd_edpt_open+0xe2>
100020f6:	442e      	add	r6, r5
100020f8:	eb04 1346 	add.w	r3, r4, r6, lsl #5
100020fc:	7ed9      	ldrb	r1, [r3, #27]
100020fe:	f082 42a0 	eor.w	r2, r2, #1342177280	@ 0x50000000
10002102:	f482 1280 	eor.w	r2, r2, #1048576	@ 0x100000
10002106:	685b      	ldr	r3, [r3, #4]
10002108:	ea42 6281 	orr.w	r2, r2, r1, lsl #26
1000210c:	f042 4200 	orr.w	r2, r2, #2147483648	@ 0x80000000
10002110:	601a      	str	r2, [r3, #0]
10002112:	2001      	movs	r0, #1
10002114:	e8bd 81f0 	ldmia.w	sp!, {r4, r5, r6, r7, r8, pc}
10002118:	4810      	ldr	r0, [pc, #64]	@ (1000215c <dcd_edpt_open+0xf0>)
1000211a:	eb04 1c82 	add.w	ip, r4, r2, lsl #6
1000211e:	4403      	add	r3, r0
10002120:	f8cc 3028 	str.w	r3, [ip, #40]	@ 0x28
10002124:	f840 7032 	str.w	r7, [r0, r2, lsl #3]
10002128:	b94a      	cbnz	r2, 1000213e <dcd_edpt_open+0xd2>
1000212a:	2200      	movs	r2, #0
1000212c:	490f      	ldr	r1, [pc, #60]	@ (1000216c <dcd_edpt_open+0x100>)
1000212e:	eb04 1345 	add.w	r3, r4, r5, lsl #5
10002132:	60d9      	str	r1, [r3, #12]
10002134:	605a      	str	r2, [r3, #4]
10002136:	e7ec      	b.n	10002112 <dcd_edpt_open+0xa6>
10002138:	2000      	movs	r0, #0
1000213a:	e8bd 81f0 	ldmia.w	sp!, {r4, r5, r6, r7, r8, pc}
1000213e:	00d2      	lsls	r2, r2, #3
10002140:	f102 42a0 	add.w	r2, r2, #1342177280	@ 0x50000000
10002144:	f502 1280 	add.w	r2, r2, #1048576	@ 0x100000
10002148:	f8cc 2024 	str.w	r2, [ip, #36]	@ 0x24
1000214c:	e7c1      	b.n	100020d2 <dcd_edpt_open+0x66>
1000214e:	f7ff fb9b 	bl	10001888 <hard_assertion_failure>
10002152:	68fa      	ldr	r2, [r7, #12]
10002154:	e7cf      	b.n	100020f6 <dcd_edpt_open+0x8a>
10002156:	bf00      	nop
10002158:	200016d4 	.word	0x200016d4
1000215c:	50100080 	.word	0x50100080
10002160:	50100004 	.word	0x50100004
10002164:	20001adc 	.word	0x20001adc
10002168:	50100fff 	.word	0x50100fff
1000216c:	50100100 	.word	0x50100100

10002170 <dcd_edpt_close_all>:
10002170:	f001 bce6 	b.w	10003b40 <__reset_non_control_endpoints_veneer>

10002174 <dcd_edpt_xfer>:
10002174:	468c      	mov	ip, r1
10002176:	b508      	push	{r3, lr}
10002178:	4611      	mov	r1, r2
1000217a:	4807      	ldr	r0, [pc, #28]	@ (10002198 <dcd_edpt_xfer+0x24>)
1000217c:	461a      	mov	r2, r3
1000217e:	f00c 037f 	and.w	r3, ip, #127	@ 0x7f
10002182:	ea4f 1cdc 	mov.w	ip, ip, lsr #7
10002186:	eb0c 0c43 	add.w	ip, ip, r3, lsl #1
1000218a:	eb00 104c 	add.w	r0, r0, ip, lsl #5
1000218e:	f000 f84f 	bl	10002230 <hw_endpoint_xfer_start>
10002192:	2001      	movs	r0, #1
10002194:	bd08      	pop	{r3, pc}
10002196:	bf00      	nop
10002198:	200016d4 	.word	0x200016d4

1000219c <dcd_edpt_stall>:
1000219c:	f011 027f 	ands.w	r2, r1, #127	@ 0x7f
100021a0:	d105      	bne.n	100021ae <dcd_edpt_stall+0x12>
100021a2:	2900      	cmp	r1, #0
100021a4:	bf0c      	ite	eq
100021a6:	2002      	moveq	r0, #2
100021a8:	2001      	movne	r0, #1
100021aa:	4b06      	ldr	r3, [pc, #24]	@ (100021c4 <dcd_edpt_stall+0x28>)
100021ac:	6698      	str	r0, [r3, #104]	@ 0x68
100021ae:	09c9      	lsrs	r1, r1, #7
100021b0:	4b05      	ldr	r3, [pc, #20]	@ (100021c8 <dcd_edpt_stall+0x2c>)
100021b2:	eb01 0042 	add.w	r0, r1, r2, lsl #1
100021b6:	eb03 1040 	add.w	r0, r3, r0, lsl #5
100021ba:	f44f 6200 	mov.w	r2, #2048	@ 0x800
100021be:	2100      	movs	r1, #0
100021c0:	f001 bcc2 	b.w	10003b48 <___hw_endpoint_buffer_control_update32_veneer>
100021c4:	50112000 	.word	0x50112000
100021c8:	200016d4 	.word	0x200016d4

100021cc <dcd_edpt_clear_stall>:
100021cc:	f011 037f 	ands.w	r3, r1, #127	@ 0x7f
100021d0:	d100      	bne.n	100021d4 <dcd_edpt_clear_stall+0x8>
100021d2:	4770      	bx	lr
100021d4:	2200      	movs	r2, #0
100021d6:	4805      	ldr	r0, [pc, #20]	@ (100021ec <dcd_edpt_clear_stall+0x20>)
100021d8:	005b      	lsls	r3, r3, #1
100021da:	eb03 13d1 	add.w	r3, r3, r1, lsr #7
100021de:	eb00 1043 	add.w	r0, r0, r3, lsl #5
100021e2:	f46f 6100 	mvn.w	r1, #2048	@ 0x800
100021e6:	70c2      	strb	r2, [r0, #3]
100021e8:	f001 bcae 	b.w	10003b48 <___hw_endpoint_buffer_control_update32_veneer>
100021ec:	200016d4 	.word	0x200016d4

100021f0 <rp2040_usb_init>:
100021f0:	f04f 5280 	mov.w	r2, #268435456	@ 0x10000000
100021f4:	4809      	ldr	r0, [pc, #36]	@ (1000221c <rp2040_usb_init+0x2c>)
100021f6:	490a      	ldr	r1, [pc, #40]	@ (10002220 <rp2040_usb_init+0x30>)
100021f8:	b508      	push	{r3, lr}
100021fa:	4b0a      	ldr	r3, [pc, #40]	@ (10002224 <rp2040_usb_init+0x34>)
100021fc:	6002      	str	r2, [r0, #0]
100021fe:	600a      	str	r2, [r1, #0]
10002200:	6899      	ldr	r1, [r3, #8]
10002202:	43c9      	mvns	r1, r1
10002204:	f011 5180 	ands.w	r1, r1, #268435456	@ 0x10000000
10002208:	d1fa      	bne.n	10002200 <rp2040_usb_init+0x10>
1000220a:	f44f 5280 	mov.w	r2, #4096	@ 0x1000
1000220e:	4806      	ldr	r0, [pc, #24]	@ (10002228 <rp2040_usb_init+0x38>)
10002210:	f001 fb28 	bl	10003864 <memset>
10002214:	2209      	movs	r2, #9
10002216:	4b05      	ldr	r3, [pc, #20]	@ (1000222c <rp2040_usb_init+0x3c>)
10002218:	675a      	str	r2, [r3, #116]	@ 0x74
1000221a:	bd08      	pop	{r3, pc}
1000221c:	40022000 	.word	0x40022000
10002220:	40023000 	.word	0x40023000
10002224:	40020000 	.word	0x40020000
10002228:	50100000 	.word	0x50100000
1000222c:	50110000 	.word	0x50110000

10002230 <hw_endpoint_xfer_start>:
10002230:	2300      	movs	r3, #0
10002232:	f04f 0c01 	mov.w	ip, #1
10002236:	b510      	push	{r4, lr}
10002238:	f880 c01a 	strb.w	ip, [r0, #26]
1000223c:	8282      	strh	r2, [r0, #20]
1000223e:	82c3      	strh	r3, [r0, #22]
10002240:	6101      	str	r1, [r0, #16]
10002242:	4604      	mov	r4, r0
10002244:	f001 fc78 	bl	10003b38 <__e15_is_bulkin_ep_veneer>
10002248:	b120      	cbz	r0, 10002254 <hw_endpoint_xfer_start+0x24>
1000224a:	f44f 3200 	mov.w	r2, #131072	@ 0x20000
1000224e:	4b07      	ldr	r3, [pc, #28]	@ (1000226c <hw_endpoint_xfer_start+0x3c>)
10002250:	f8c3 2090 	str.w	r2, [r3, #144]	@ 0x90
10002254:	4620      	mov	r0, r4
10002256:	f001 fc7f 	bl	10003b58 <__e15_is_critical_frame_period_veneer>
1000225a:	b110      	cbz	r0, 10002262 <hw_endpoint_xfer_start+0x32>
1000225c:	2301      	movs	r3, #1
1000225e:	7723      	strb	r3, [r4, #28]
10002260:	bd10      	pop	{r4, pc}
10002262:	4620      	mov	r0, r4
10002264:	e8bd 4010 	ldmia.w	sp!, {r4, lr}
10002268:	f001 bc5a 	b.w	10003b20 <__hw_endpoint_start_next_buffer_veneer>
1000226c:	50112000 	.word	0x50112000

10002270 <tud_vendor_control_xfer_cb>:
10002270:	2000      	movs	r0, #0
10002272:	4770      	bx	lr

10002274 <configuration_reset>:
10002274:	e92d 41f0 	stmdb	sp!, {r4, r5, r6, r7, r8, lr}
10002278:	f04f 0800 	mov.w	r8, #0
1000227c:	4d1c      	ldr	r5, [pc, #112]	@ (100022f0 <configuration_reset+0x7c>)
1000227e:	4604      	mov	r4, r0
10002280:	4642      	mov	r2, r8
10002282:	782b      	ldrb	r3, [r5, #0]
10002284:	4f1b      	ldr	r7, [pc, #108]	@ (100022f4 <configuration_reset+0x80>)
10002286:	4e1c      	ldr	r6, [pc, #112]	@ (100022f8 <configuration_reset+0x84>)
10002288:	e00d      	b.n	100022a6 <configuration_reset+0x32>
1000228a:	6833      	ldr	r3, [r6, #0]
1000228c:	eb13 1342 	adds.w	r3, r3, r2, lsl #5
10002290:	d024      	beq.n	100022dc <configuration_reset+0x68>
10002292:	68db      	ldr	r3, [r3, #12]
10002294:	4620      	mov	r0, r4
10002296:	4798      	blx	r3
10002298:	f108 0801 	add.w	r8, r8, #1
1000229c:	782b      	ldrb	r3, [r5, #0]
1000229e:	fa5f f288 	uxtb.w	r2, r8
100022a2:	4293      	cmp	r3, r2
100022a4:	d306      	bcc.n	100022b4 <configuration_reset+0x40>
100022a6:	4293      	cmp	r3, r2
100022a8:	eba2 0303 	sub.w	r3, r2, r3
100022ac:	d8ed      	bhi.n	1000228a <configuration_reset+0x16>
100022ae:	eb07 1343 	add.w	r3, r7, r3, lsl #5
100022b2:	e7ee      	b.n	10002292 <configuration_reset+0x1e>
100022b4:	2254      	movs	r2, #84	@ 0x54
100022b6:	2100      	movs	r1, #0
100022b8:	4810      	ldr	r0, [pc, #64]	@ (100022fc <configuration_reset+0x88>)
100022ba:	f001 fad3 	bl	10003864 <memset>
100022be:	f04f 33ff 	mov.w	r3, #4294967295	@ 0xffffffff
100022c2:	480e      	ldr	r0, [pc, #56]	@ (100022fc <configuration_reset+0x88>)
100022c4:	2220      	movs	r2, #32
100022c6:	1d04      	adds	r4, r0, #4
100022c8:	6043      	str	r3, [r0, #4]
100022ca:	e9c4 3301 	strd	r3, r3, [r4, #4]
100022ce:	60e3      	str	r3, [r4, #12]
100022d0:	21ff      	movs	r1, #255	@ 0xff
100022d2:	e8bd 41f0 	ldmia.w	sp!, {r4, r5, r6, r7, r8, lr}
100022d6:	3014      	adds	r0, #20
100022d8:	f001 bac4 	b.w	10003864 <memset>
100022dc:	f04f 23e0 	mov.w	r3, #3758153728	@ 0xe000e000
100022e0:	f8d3 3df0 	ldr.w	r3, [r3, #3568]	@ 0xdf0
100022e4:	07db      	lsls	r3, r3, #31
100022e6:	d500      	bpl.n	100022ea <configuration_reset+0x76>
100022e8:	be00      	bkpt	0x0000
100022ea:	e8bd 81f0 	ldmia.w	sp!, {r4, r5, r6, r7, r8, pc}
100022ee:	bf00      	nop
100022f0:	20001b30 	.word	0x20001b30
100022f4:	10003dd4 	.word	0x10003dd4
100022f8:	20001468 	.word	0x20001468
100022fc:	20001568 	.word	0x20001568

10002300 <tud_event_hook_cb>:
10002300:	4770      	bx	lr
10002302:	bf00      	nop

10002304 <tud_sof_cb>:
10002304:	4770      	bx	lr
10002306:	bf00      	nop

10002308 <tud_descriptor_bos_cb>:
10002308:	2000      	movs	r0, #0
1000230a:	4770      	bx	lr

1000230c <tud_descriptor_device_qualifier_cb>:
1000230c:	2000      	movs	r0, #0
1000230e:	4770      	bx	lr

10002310 <tud_descriptor_other_speed_configuration_cb>:
10002310:	2000      	movs	r0, #0
10002312:	4770      	bx	lr

10002314 <tud_mount_cb>:
10002314:	4770      	bx	lr
10002316:	bf00      	nop

10002318 <tud_umount_cb>:
10002318:	4770      	bx	lr
1000231a:	bf00      	nop

1000231c <tud_suspend_cb>:
1000231c:	4770      	bx	lr
1000231e:	bf00      	nop

10002320 <tud_resume_cb>:
10002320:	4770      	bx	lr
10002322:	bf00      	nop

10002324 <tud_mounted>:
10002324:	4b02      	ldr	r3, [pc, #8]	@ (10002330 <tud_mounted+0xc>)
10002326:	7858      	ldrb	r0, [r3, #1]
10002328:	3800      	subs	r0, #0
1000232a:	bf18      	it	ne
1000232c:	2001      	movne	r0, #1
1000232e:	4770      	bx	lr
10002330:	20001568 	.word	0x20001568

10002334 <tud_suspended>:
10002334:	4b02      	ldr	r3, [pc, #8]	@ (10002340 <tud_suspended+0xc>)
10002336:	7818      	ldrb	r0, [r3, #0]
10002338:	f3c0 0080 	ubfx	r0, r0, #2, #1
1000233c:	4770      	bx	lr
1000233e:	bf00      	nop
10002340:	20001568 	.word	0x20001568

10002344 <tud_rhport_init>:
10002344:	e92d 47f0 	stmdb	sp!, {r4, r5, r6, r7, r8, r9, sl, lr}
10002348:	f8df 90e4 	ldr.w	r9, [pc, #228]	@ 10002430 <tud_rhport_init+0xec>
1000234c:	f899 3000 	ldrb.w	r3, [r9]
10002350:	2bff      	cmp	r3, #255	@ 0xff
10002352:	d155      	bne.n	10002400 <tud_rhport_init+0xbc>
10002354:	460d      	mov	r5, r1
10002356:	2900      	cmp	r1, #0
10002358:	d03d      	beq.n	100023d6 <tud_rhport_init+0x92>
1000235a:	2100      	movs	r1, #0
1000235c:	2254      	movs	r2, #84	@ 0x54
1000235e:	4606      	mov	r6, r0
10002360:	4829      	ldr	r0, [pc, #164]	@ (10002408 <tud_rhport_init+0xc4>)
10002362:	f001 fa7f 	bl	10003864 <memset>
10002366:	2200      	movs	r2, #0
10002368:	4c28      	ldr	r4, [pc, #160]	@ (1000240c <tud_rhport_init+0xc8>)
1000236a:	4b29      	ldr	r3, [pc, #164]	@ (10002410 <tud_rhport_init+0xcc>)
1000236c:	4620      	mov	r0, r4
1000236e:	701a      	strb	r2, [r3, #0]
10002370:	f7fe fcf8 	bl	10000d64 <mutex_init>
10002374:	4b27      	ldr	r3, [pc, #156]	@ (10002414 <tud_rhport_init+0xd0>)
10002376:	4828      	ldr	r0, [pc, #160]	@ (10002418 <tud_rhport_init+0xd4>)
10002378:	601c      	str	r4, [r3, #0]
1000237a:	4c28      	ldr	r4, [pc, #160]	@ (1000241c <tud_rhport_init+0xd8>)
1000237c:	f7fe fd00 	bl	10000d80 <critical_section_init>
10002380:	4620      	mov	r0, r4
10002382:	f001 f909 	bl	10003598 <tu_fifo_clear>
10002386:	4a26      	ldr	r2, [pc, #152]	@ (10002420 <tud_rhport_init+0xdc>)
10002388:	4b26      	ldr	r3, [pc, #152]	@ (10002424 <tud_rhport_init+0xe0>)
1000238a:	6014      	str	r4, [r2, #0]
1000238c:	b123      	cbz	r3, 10002398 <tud_rhport_init+0x54>
1000238e:	4826      	ldr	r0, [pc, #152]	@ (10002428 <tud_rhport_init+0xe4>)
10002390:	f3af 8000 	nop.w
10002394:	4b25      	ldr	r3, [pc, #148]	@ (1000242c <tud_rhport_init+0xe8>)
10002396:	6018      	str	r0, [r3, #0]
10002398:	f04f 0a00 	mov.w	sl, #0
1000239c:	4c22      	ldr	r4, [pc, #136]	@ (10002428 <tud_rhport_init+0xe4>)
1000239e:	4653      	mov	r3, sl
100023a0:	7822      	ldrb	r2, [r4, #0]
100023a2:	f8df 8090 	ldr.w	r8, [pc, #144]	@ 10002434 <tud_rhport_init+0xf0>
100023a6:	4f21      	ldr	r7, [pc, #132]	@ (1000242c <tud_rhport_init+0xe8>)
100023a8:	e00d      	b.n	100023c6 <tud_rhport_init+0x82>
100023aa:	683a      	ldr	r2, [r7, #0]
100023ac:	eb12 1343 	adds.w	r3, r2, r3, lsl #5
100023b0:	d011      	beq.n	100023d6 <tud_rhport_init+0x92>
100023b2:	685b      	ldr	r3, [r3, #4]
100023b4:	b17b      	cbz	r3, 100023d6 <tud_rhport_init+0x92>
100023b6:	4798      	blx	r3
100023b8:	f10a 0a01 	add.w	sl, sl, #1
100023bc:	7822      	ldrb	r2, [r4, #0]
100023be:	fa5f f38a 	uxtb.w	r3, sl
100023c2:	4293      	cmp	r3, r2
100023c4:	d811      	bhi.n	100023ea <tud_rhport_init+0xa6>
100023c6:	4293      	cmp	r3, r2
100023c8:	d3ef      	bcc.n	100023aa <tud_rhport_init+0x66>
100023ca:	1a9b      	subs	r3, r3, r2
100023cc:	eb08 1343 	add.w	r3, r8, r3, lsl #5
100023d0:	685b      	ldr	r3, [r3, #4]
100023d2:	2b00      	cmp	r3, #0
100023d4:	d1ef      	bne.n	100023b6 <tud_rhport_init+0x72>
100023d6:	f04f 23e0 	mov.w	r3, #3758153728	@ 0xe000e000
100023da:	f8d3 3df0 	ldr.w	r3, [r3, #3568]	@ 0xdf0
100023de:	07db      	lsls	r3, r3, #31
100023e0:	d500      	bpl.n	100023e4 <tud_rhport_init+0xa0>
100023e2:	be00      	bkpt	0x0000
100023e4:	2000      	movs	r0, #0
100023e6:	e8bd 87f0 	ldmia.w	sp!, {r4, r5, r6, r7, r8, r9, sl, pc}
100023ea:	4629      	mov	r1, r5
100023ec:	4630      	mov	r0, r6
100023ee:	f889 6000 	strb.w	r6, [r9]
100023f2:	f7ff fdcd 	bl	10001f90 <dcd_init>
100023f6:	2800      	cmp	r0, #0
100023f8:	d0ed      	beq.n	100023d6 <tud_rhport_init+0x92>
100023fa:	4630      	mov	r0, r6
100023fc:	f7ff fe0e 	bl	1000201c <dcd_int_enable>
10002400:	2001      	movs	r0, #1
10002402:	e8bd 87f0 	ldmia.w	sp!, {r4, r5, r6, r7, r8, r9, sl, pc}
10002406:	bf00      	nop
10002408:	20001568 	.word	0x20001568
1000240c:	20001560 	.word	0x20001560
10002410:	20001b32 	.word	0x20001b32
10002414:	200015bc 	.word	0x200015bc
10002418:	20001138 	.word	0x20001138
1000241c:	20001124 	.word	0x20001124
10002420:	200015c0 	.word	0x200015c0
10002424:	00000000 	.word	0x00000000
10002428:	20001b30 	.word	0x20001b30
1000242c:	20001468 	.word	0x20001468
10002430:	20001140 	.word	0x20001140
10002434:	10003dd4 	.word	0x10003dd4

10002438 <tud_task_ext>:
10002438:	e92d 4ff0 	stmdb	sp!, {r4, r5, r6, r7, r8, r9, sl, fp, lr}
1000243c:	f8df a2ac 	ldr.w	sl, [pc, #684]	@ 100026ec <tud_task_ext+0x2b4>
10002440:	b08b      	sub	sp, #44	@ 0x2c
10002442:	f89a 3000 	ldrb.w	r3, [sl]
10002446:	2bff      	cmp	r3, #255	@ 0xff
10002448:	f000 80e8 	beq.w	1000261c <tud_task_ext+0x1e4>
1000244c:	4ca0      	ldr	r4, [pc, #640]	@ (100026d0 <tud_task_ext+0x298>)
1000244e:	4da1      	ldr	r5, [pc, #644]	@ (100026d4 <tud_task_ext+0x29c>)
10002450:	f8df b294 	ldr.w	fp, [pc, #660]	@ 100026e8 <tud_task_ext+0x2b0>
10002454:	4ea0      	ldr	r6, [pc, #640]	@ (100026d8 <tud_task_ext+0x2a0>)
10002456:	6827      	ldr	r7, [r4, #0]
10002458:	697b      	ldr	r3, [r7, #20]
1000245a:	f3ef 8210 	mrs	r2, PRIMASK
1000245e:	b672      	cpsid	i
10002460:	e8d3 0fcf 	ldaexb	r0, [r3]
10002464:	2101      	movs	r1, #1
10002466:	2800      	cmp	r0, #0
10002468:	d1fa      	bne.n	10002460 <tud_task_ext+0x28>
1000246a:	e8c3 1f40 	strexb	r0, r1, [r3]
1000246e:	2800      	cmp	r0, #0
10002470:	d1f6      	bne.n	10002460 <tud_task_ext+0x28>
10002472:	f3bf 8f5f 	dmb	sy
10002476:	61ba      	str	r2, [r7, #24]
10002478:	4638      	mov	r0, r7
1000247a:	a907      	add	r1, sp, #28
1000247c:	f000 fff0 	bl	10003460 <tu_fifo_read>
10002480:	2300      	movs	r3, #0
10002482:	697a      	ldr	r2, [r7, #20]
10002484:	e8c2 3f8f 	stlb	r3, [r2]
10002488:	69bb      	ldr	r3, [r7, #24]
1000248a:	f383 8810 	msr	PRIMASK, r3
1000248e:	2800      	cmp	r0, #0
10002490:	f000 80c4 	beq.w	1000261c <tud_task_ext+0x1e4>
10002494:	f89d 301d 	ldrb.w	r3, [sp, #29]
10002498:	3b01      	subs	r3, #1
1000249a:	2b07      	cmp	r3, #7
1000249c:	f200 836a 	bhi.w	10002b74 <tud_task_ext+0x73c>
100024a0:	e8df f003 	tbb	[pc, r3]
100024a4:	978faba1 	.word	0x978faba1
100024a8:	040a3588 	.word	0x040a3588
100024ac:	9b08      	ldr	r3, [sp, #32]
100024ae:	2b00      	cmp	r3, #0
100024b0:	d0d1      	beq.n	10002456 <tud_task_ext+0x1e>
100024b2:	9809      	ldr	r0, [sp, #36]	@ 0x24
100024b4:	4798      	blx	r3
100024b6:	e7ce      	b.n	10002456 <tud_task_ext+0x1e>
100024b8:	f89d 1020 	ldrb.w	r1, [sp, #32]
100024bc:	f001 077f 	and.w	r7, r1, #127	@ 0x7f
100024c0:	eb05 0047 	add.w	r0, r5, r7, lsl #1
100024c4:	eb00 10d1 	add.w	r0, r0, r1, lsr #7
100024c8:	f890 3034 	ldrb.w	r3, [r0, #52]	@ 0x34
100024cc:	f023 0301 	bic.w	r3, r3, #1
100024d0:	f880 3034 	strb.w	r3, [r0, #52]	@ 0x34
100024d4:	f890 3034 	ldrb.w	r3, [r0, #52]	@ 0x34
100024d8:	f023 0304 	bic.w	r3, r3, #4
100024dc:	f880 3034 	strb.w	r3, [r0, #52]	@ 0x34
100024e0:	2f00      	cmp	r7, #0
100024e2:	f000 809e 	beq.w	10002622 <tud_task_ext+0x1ea>
100024e6:	7d02      	ldrb	r2, [r0, #20]
100024e8:	f89b 3000 	ldrb.w	r3, [fp]
100024ec:	429a      	cmp	r2, r3
100024ee:	f080 808d 	bcs.w	1000260c <tud_task_ext+0x1d4>
100024f2:	4b7a      	ldr	r3, [pc, #488]	@ (100026dc <tud_task_ext+0x2a4>)
100024f4:	681b      	ldr	r3, [r3, #0]
100024f6:	eb13 1342 	adds.w	r3, r3, r2, lsl #5
100024fa:	f000 8088 	beq.w	1000260e <tud_task_ext+0x1d6>
100024fe:	699f      	ldr	r7, [r3, #24]
10002500:	f89d 2021 	ldrb.w	r2, [sp, #33]	@ 0x21
10002504:	9b09      	ldr	r3, [sp, #36]	@ 0x24
10002506:	f89d 001c 	ldrb.w	r0, [sp, #28]
1000250a:	47b8      	blx	r7
1000250c:	e7a3      	b.n	10002456 <tud_task_ext+0x1e>
1000250e:	7833      	ldrb	r3, [r6, #0]
10002510:	2b00      	cmp	r3, #0
10002512:	d07c      	beq.n	1000260e <tud_task_ext+0x1d6>
10002514:	7833      	ldrb	r3, [r6, #0]
10002516:	3b01      	subs	r3, #1
10002518:	b2db      	uxtb	r3, r3
1000251a:	7033      	strb	r3, [r6, #0]
1000251c:	7833      	ldrb	r3, [r6, #0]
1000251e:	f003 00ff 	and.w	r0, r3, #255	@ 0xff
10002522:	2b00      	cmp	r3, #0
10002524:	d197      	bne.n	10002456 <tud_task_ext+0x1e>
10002526:	4f6b      	ldr	r7, [pc, #428]	@ (100026d4 <tud_task_ext+0x29c>)
10002528:	f89d 901c 	ldrb.w	r9, [sp, #28]
1000252c:	783b      	ldrb	r3, [r7, #0]
1000252e:	f043 0301 	orr.w	r3, r3, #1
10002532:	703b      	strb	r3, [r7, #0]
10002534:	f897 3034 	ldrb.w	r3, [r7, #52]	@ 0x34
10002538:	f360 0300 	bfi	r3, r0, #0, #1
1000253c:	f887 3034 	strb.w	r3, [r7, #52]	@ 0x34
10002540:	f897 3034 	ldrb.w	r3, [r7, #52]	@ 0x34
10002544:	f360 0382 	bfi	r3, r0, #2, #1
10002548:	f887 3034 	strb.w	r3, [r7, #52]	@ 0x34
1000254c:	f897 3035 	ldrb.w	r3, [r7, #53]	@ 0x35
10002550:	f360 0300 	bfi	r3, r0, #0, #1
10002554:	f887 3035 	strb.w	r3, [r7, #53]	@ 0x35
10002558:	f897 3035 	ldrb.w	r3, [r7, #53]	@ 0x35
1000255c:	f360 0382 	bfi	r3, r0, #2, #1
10002560:	f887 3035 	strb.w	r3, [r7, #53]	@ 0x35
10002564:	f000 fc36 	bl	10002dd4 <usbd_control_set_complete_callback>
10002568:	f89d 3020 	ldrb.w	r3, [sp, #32]
1000256c:	f003 0260 	and.w	r2, r3, #96	@ 0x60
10002570:	2a60      	cmp	r2, #96	@ 0x60
10002572:	d066      	beq.n	10002642 <tud_task_ext+0x20a>
10002574:	2a40      	cmp	r2, #64	@ 0x40
10002576:	d076      	beq.n	10002666 <tud_task_ext+0x22e>
10002578:	f003 031f 	and.w	r3, r3, #31
1000257c:	2b01      	cmp	r3, #1
1000257e:	f000 80b7 	beq.w	100026f0 <tud_task_ext+0x2b8>
10002582:	2b02      	cmp	r3, #2
10002584:	d07b      	beq.n	1000267e <tud_task_ext+0x246>
10002586:	2b00      	cmp	r3, #0
10002588:	d15b      	bne.n	10002642 <tud_task_ext+0x20a>
1000258a:	2a20      	cmp	r2, #32
1000258c:	f000 81de 	beq.w	1000294c <tud_task_ext+0x514>
10002590:	2a00      	cmp	r2, #0
10002592:	d156      	bne.n	10002642 <tud_task_ext+0x20a>
10002594:	f89d 3021 	ldrb.w	r3, [sp, #33]	@ 0x21
10002598:	2b09      	cmp	r3, #9
1000259a:	d852      	bhi.n	10002642 <tud_task_ext+0x20a>
1000259c:	e8df f013 	tbh	[pc, r3, lsl #1]
100025a0:	019701a5 	.word	0x019701a5
100025a4:	01b60051 	.word	0x01b60051
100025a8:	018a0051 	.word	0x018a0051
100025ac:	0051015f 	.word	0x0051015f
100025b0:	00e70154 	.word	0x00e70154
100025b4:	782b      	ldrb	r3, [r5, #0]
100025b6:	07d9      	lsls	r1, r3, #31
100025b8:	f57f af4d 	bpl.w	10002456 <tud_task_ext+0x1e>
100025bc:	f7ff feb0 	bl	10002320 <tud_resume_cb>
100025c0:	e749      	b.n	10002456 <tud_task_ext+0x1e>
100025c2:	78eb      	ldrb	r3, [r5, #3]
100025c4:	07da      	lsls	r2, r3, #31
100025c6:	f57f af46 	bpl.w	10002456 <tud_task_ext+0x1e>
100025ca:	9808      	ldr	r0, [sp, #32]
100025cc:	f7ff fe9a 	bl	10002304 <tud_sof_cb>
100025d0:	e741      	b.n	10002456 <tud_task_ext+0x1e>
100025d2:	782b      	ldrb	r3, [r5, #0]
100025d4:	07d8      	lsls	r0, r3, #31
100025d6:	f57f af3e 	bpl.w	10002456 <tud_task_ext+0x1e>
100025da:	7828      	ldrb	r0, [r5, #0]
100025dc:	f3c0 00c0 	ubfx	r0, r0, #3, #1
100025e0:	f7ff fe9c 	bl	1000231c <tud_suspend_cb>
100025e4:	e737      	b.n	10002456 <tud_task_ext+0x1e>
100025e6:	f89d 001c 	ldrb.w	r0, [sp, #28]
100025ea:	f7ff fe43 	bl	10002274 <configuration_reset>
100025ee:	f000 fbe7 	bl	10002dc0 <usbd_control_reset>
100025f2:	f89d 3020 	ldrb.w	r3, [sp, #32]
100025f6:	70ab      	strb	r3, [r5, #2]
100025f8:	e72d      	b.n	10002456 <tud_task_ext+0x1e>
100025fa:	f89d 001c 	ldrb.w	r0, [sp, #28]
100025fe:	f7ff fe39 	bl	10002274 <configuration_reset>
10002602:	f000 fbdd 	bl	10002dc0 <usbd_control_reset>
10002606:	f7ff fe87 	bl	10002318 <tud_umount_cb>
1000260a:	e724      	b.n	10002456 <tud_task_ext+0x1e>
1000260c:	d011      	beq.n	10002632 <tud_task_ext+0x1fa>
1000260e:	f04f 23e0 	mov.w	r3, #3758153728	@ 0xe000e000
10002612:	f8d3 3df0 	ldr.w	r3, [r3, #3568]	@ 0xdf0
10002616:	07dc      	lsls	r4, r3, #31
10002618:	d500      	bpl.n	1000261c <tud_task_ext+0x1e4>
1000261a:	be00      	bkpt	0x0000
1000261c:	b00b      	add	sp, #44	@ 0x2c
1000261e:	e8bd 8ff0 	ldmia.w	sp!, {r4, r5, r6, r7, r8, r9, sl, fp, pc}
10002622:	9b09      	ldr	r3, [sp, #36]	@ 0x24
10002624:	f89d 2021 	ldrb.w	r2, [sp, #33]	@ 0x21
10002628:	f89d 001c 	ldrb.w	r0, [sp, #28]
1000262c:	f000 fbe6 	bl	10002dfc <usbd_control_xfer_cb>
10002630:	e711      	b.n	10002456 <tud_task_ext+0x1e>
10002632:	4b2b      	ldr	r3, [pc, #172]	@ (100026e0 <tud_task_ext+0x2a8>)
10002634:	e763      	b.n	100024fe <tud_task_ext+0xc6>
10002636:	f7fd ff6d 	bl	10000514 <tud_descriptor_configuration_cb>
1000263a:	4602      	mov	r2, r0
1000263c:	2800      	cmp	r0, #0
1000263e:	f040 817c 	bne.w	1000293a <tud_task_ext+0x502>
10002642:	f04f 23e0 	mov.w	r3, #3758153728	@ 0xe000e000
10002646:	f8d3 3df0 	ldr.w	r3, [r3, #3568]	@ 0xdf0
1000264a:	07df      	lsls	r7, r3, #31
1000264c:	d500      	bpl.n	10002650 <tud_task_ext+0x218>
1000264e:	be00      	bkpt	0x0000
10002650:	f89d 001c 	ldrb.w	r0, [sp, #28]
10002654:	2100      	movs	r1, #0
10002656:	f7ff fda1 	bl	1000219c <dcd_edpt_stall>
1000265a:	2180      	movs	r1, #128	@ 0x80
1000265c:	f89d 001c 	ldrb.w	r0, [sp, #28]
10002660:	f7ff fd9c 	bl	1000219c <dcd_edpt_stall>
10002664:	e6f7      	b.n	10002456 <tud_task_ext+0x1e>
10002666:	481f      	ldr	r0, [pc, #124]	@ (100026e4 <tud_task_ext+0x2ac>)
10002668:	f000 fbb4 	bl	10002dd4 <usbd_control_set_complete_callback>
1000266c:	2101      	movs	r1, #1
1000266e:	4648      	mov	r0, r9
10002670:	aa08      	add	r2, sp, #32
10002672:	f7ff fdfd 	bl	10002270 <tud_vendor_control_xfer_cb>
10002676:	2800      	cmp	r0, #0
10002678:	f47f aeed 	bne.w	10002456 <tud_task_ext+0x1e>
1000267c:	e7e8      	b.n	10002650 <tud_task_ext+0x218>
1000267e:	f89d 1024 	ldrb.w	r1, [sp, #36]	@ 0x24
10002682:	f011 0f70 	tst.w	r1, #112	@ 0x70
10002686:	d1dc      	bne.n	10002642 <tud_task_ext+0x20a>
10002688:	4b17      	ldr	r3, [pc, #92]	@ (100026e8 <tud_task_ext+0x2b0>)
1000268a:	f001 087f 	and.w	r8, r1, #127	@ 0x7f
1000268e:	7818      	ldrb	r0, [r3, #0]
10002690:	eb07 0348 	add.w	r3, r7, r8, lsl #1
10002694:	eb03 13d1 	add.w	r3, r3, r1, lsr #7
10002698:	f893 c014 	ldrb.w	ip, [r3, #20]
1000269c:	ea4f 0848 	mov.w	r8, r8, lsl #1
100026a0:	4584      	cmp	ip, r0
100026a2:	ea4f 13d1 	mov.w	r3, r1, lsr #7
100026a6:	d350      	bcc.n	1000274a <tud_task_ext+0x312>
100026a8:	f040 816d 	bne.w	10002986 <tud_task_ext+0x54e>
100026ac:	480c      	ldr	r0, [pc, #48]	@ (100026e0 <tud_task_ext+0x2a8>)
100026ae:	9001      	str	r0, [sp, #4]
100026b0:	2a00      	cmp	r2, #0
100026b2:	f000 816c 	beq.w	1000298e <tud_task_ext+0x556>
100026b6:	9f01      	ldr	r7, [sp, #4]
100026b8:	6978      	ldr	r0, [r7, #20]
100026ba:	f000 fb8b 	bl	10002dd4 <usbd_control_set_complete_callback>
100026be:	2101      	movs	r1, #1
100026c0:	4648      	mov	r0, r9
100026c2:	697b      	ldr	r3, [r7, #20]
100026c4:	aa08      	add	r2, sp, #32
100026c6:	4798      	blx	r3
100026c8:	2800      	cmp	r0, #0
100026ca:	f47f aec4 	bne.w	10002456 <tud_task_ext+0x1e>
100026ce:	e7bf      	b.n	10002650 <tud_task_ext+0x218>
100026d0:	200015c0 	.word	0x200015c0
100026d4:	20001568 	.word	0x20001568
100026d8:	20001b32 	.word	0x20001b32
100026dc:	20001468 	.word	0x20001468
100026e0:	10003dd4 	.word	0x10003dd4
100026e4:	10002271 	.word	0x10002271
100026e8:	20001b30 	.word	0x20001b30
100026ec:	20001140 	.word	0x20001140
100026f0:	f89d 3024 	ldrb.w	r3, [sp, #36]	@ 0x24
100026f4:	2b0f      	cmp	r3, #15
100026f6:	d8ab      	bhi.n	10002650 <tud_task_ext+0x218>
100026f8:	4ab0      	ldr	r2, [pc, #704]	@ (100029bc <tud_task_ext+0x584>)
100026fa:	443b      	add	r3, r7
100026fc:	791b      	ldrb	r3, [r3, #4]
100026fe:	7812      	ldrb	r2, [r2, #0]
10002700:	4293      	cmp	r3, r2
10002702:	d32e      	bcc.n	10002762 <tud_task_ext+0x32a>
10002704:	d1a4      	bne.n	10002650 <tud_task_ext+0x218>
10002706:	4fae      	ldr	r7, [pc, #696]	@ (100029c0 <tud_task_ext+0x588>)
10002708:	6978      	ldr	r0, [r7, #20]
1000270a:	f000 fb63 	bl	10002dd4 <usbd_control_set_complete_callback>
1000270e:	2101      	movs	r1, #1
10002710:	4648      	mov	r0, r9
10002712:	697b      	ldr	r3, [r7, #20]
10002714:	aa08      	add	r2, sp, #32
10002716:	4798      	blx	r3
10002718:	2800      	cmp	r0, #0
1000271a:	f47f ae9c 	bne.w	10002456 <tud_task_ext+0x1e>
1000271e:	f89d 3020 	ldrb.w	r3, [sp, #32]
10002722:	f013 0760 	ands.w	r7, r3, #96	@ 0x60
10002726:	d193      	bne.n	10002650 <tud_task_ext+0x218>
10002728:	f89d 3021 	ldrb.w	r3, [sp, #33]	@ 0x21
1000272c:	3b0a      	subs	r3, #10
1000272e:	2b01      	cmp	r3, #1
10002730:	d88e      	bhi.n	10002650 <tud_task_ext+0x218>
10002732:	f000 fb4f 	bl	10002dd4 <usbd_control_set_complete_callback>
10002736:	f89d 3021 	ldrb.w	r3, [sp, #33]	@ 0x21
1000273a:	2b0a      	cmp	r3, #10
1000273c:	f000 81fb 	beq.w	10002b36 <tud_task_ext+0x6fe>
10002740:	4648      	mov	r0, r9
10002742:	a908      	add	r1, sp, #32
10002744:	f000 faca 	bl	10002cdc <tud_control_status>
10002748:	e685      	b.n	10002456 <tud_task_ext+0x1e>
1000274a:	489e      	ldr	r0, [pc, #632]	@ (100029c4 <tud_task_ext+0x58c>)
1000274c:	6800      	ldr	r0, [r0, #0]
1000274e:	eb00 104c 	add.w	r0, r0, ip, lsl #5
10002752:	9001      	str	r0, [sp, #4]
10002754:	2a00      	cmp	r2, #0
10002756:	f000 811a 	beq.w	1000298e <tud_task_ext+0x556>
1000275a:	2800      	cmp	r0, #0
1000275c:	f43f af78 	beq.w	10002650 <tud_task_ext+0x218>
10002760:	e7a9      	b.n	100026b6 <tud_task_ext+0x27e>
10002762:	4a98      	ldr	r2, [pc, #608]	@ (100029c4 <tud_task_ext+0x58c>)
10002764:	6817      	ldr	r7, [r2, #0]
10002766:	eb17 1743 	adds.w	r7, r7, r3, lsl #5
1000276a:	d1cd      	bne.n	10002708 <tud_task_ext+0x2d0>
1000276c:	e770      	b.n	10002650 <tud_task_ext+0x218>
1000276e:	787b      	ldrb	r3, [r7, #1]
10002770:	f89d 8022 	ldrb.w	r8, [sp, #34]	@ 0x22
10002774:	4598      	cmp	r8, r3
10002776:	f000 815a 	beq.w	10002a2e <tud_task_ext+0x5f6>
1000277a:	787b      	ldrb	r3, [r7, #1]
1000277c:	2b00      	cmp	r3, #0
1000277e:	f040 81c6 	bne.w	10002b0e <tud_task_ext+0x6d6>
10002782:	f887 8001 	strb.w	r8, [r7, #1]
10002786:	f1b8 0f00 	cmp.w	r8, #0
1000278a:	f000 814e 	beq.w	10002a2a <tud_task_ext+0x5f2>
1000278e:	f108 30ff 	add.w	r0, r8, #4294967295	@ 0xffffffff
10002792:	b2c0      	uxtb	r0, r0
10002794:	f7fd febe 	bl	10000514 <tud_descriptor_configuration_cb>
10002798:	4601      	mov	r1, r0
1000279a:	2800      	cmp	r0, #0
1000279c:	f000 8164 	beq.w	10002a68 <tud_task_ext+0x630>
100027a0:	7843      	ldrb	r3, [r0, #1]
100027a2:	2b02      	cmp	r3, #2
100027a4:	f040 8160 	bne.w	10002a68 <tud_task_ext+0x630>
100027a8:	79c2      	ldrb	r2, [r0, #7]
100027aa:	7838      	ldrb	r0, [r7, #0]
100027ac:	f3c2 1340 	ubfx	r3, r2, #5, #1
100027b0:	011b      	lsls	r3, r3, #4
100027b2:	f3c2 1280 	ubfx	r2, r2, #6, #1
100027b6:	f020 0030 	bic.w	r0, r0, #48	@ 0x30
100027ba:	ea43 1342 	orr.w	r3, r3, r2, lsl #5
100027be:	4303      	orrs	r3, r0
100027c0:	703b      	strb	r3, [r7, #0]
100027c2:	884b      	ldrh	r3, [r1, #2]
100027c4:	f8cd 900c 	str.w	r9, [sp, #12]
100027c8:	18cb      	adds	r3, r1, r3
100027ca:	9301      	str	r3, [sp, #4]
100027cc:	3109      	adds	r1, #9
100027ce:	9b01      	ldr	r3, [sp, #4]
100027d0:	428b      	cmp	r3, r1
100027d2:	f240 81ab 	bls.w	10002b2c <tud_task_ext+0x6f4>
100027d6:	784b      	ldrb	r3, [r1, #1]
100027d8:	2b0b      	cmp	r3, #11
100027da:	f000 81b6 	beq.w	10002b4a <tud_task_ext+0x712>
100027de:	f04f 0c01 	mov.w	ip, #1
100027e2:	2b04      	cmp	r3, #4
100027e4:	f040 8140 	bne.w	10002a68 <tud_task_ext+0x630>
100027e8:	f04f 0900 	mov.w	r9, #0
100027ec:	9b01      	ldr	r3, [sp, #4]
100027ee:	46c8      	mov	r8, r9
100027f0:	1a5b      	subs	r3, r3, r1
100027f2:	b29b      	uxth	r3, r3
100027f4:	9302      	str	r3, [sp, #8]
100027f6:	4b71      	ldr	r3, [pc, #452]	@ (100029bc <tud_task_ext+0x584>)
100027f8:	f8cd c010 	str.w	ip, [sp, #16]
100027fc:	781b      	ldrb	r3, [r3, #0]
100027fe:	e01b      	b.n	10002838 <tud_task_ext+0x400>
10002800:	4b70      	ldr	r3, [pc, #448]	@ (100029c4 <tud_task_ext+0x58c>)
10002802:	681b      	ldr	r3, [r3, #0]
10002804:	eb13 1348 	adds.w	r3, r3, r8, lsl #5
10002808:	f000 812e 	beq.w	10002a68 <tud_task_ext+0x630>
1000280c:	9a02      	ldr	r2, [sp, #8]
1000280e:	691b      	ldr	r3, [r3, #16]
10002810:	9803      	ldr	r0, [sp, #12]
10002812:	9105      	str	r1, [sp, #20]
10002814:	4798      	blx	r3
10002816:	2808      	cmp	r0, #8
10002818:	4602      	mov	r2, r0
1000281a:	9905      	ldr	r1, [sp, #20]
1000281c:	f109 0901 	add.w	r9, r9, #1
10002820:	d903      	bls.n	1000282a <tud_task_ext+0x3f2>
10002822:	9b02      	ldr	r3, [sp, #8]
10002824:	4283      	cmp	r3, r0
10002826:	f080 8107 	bcs.w	10002a38 <tud_task_ext+0x600>
1000282a:	4b64      	ldr	r3, [pc, #400]	@ (100029bc <tud_task_ext+0x584>)
1000282c:	fa5f f889 	uxtb.w	r8, r9
10002830:	781b      	ldrb	r3, [r3, #0]
10002832:	4543      	cmp	r3, r8
10002834:	f0c0 8118 	bcc.w	10002a68 <tud_task_ext+0x630>
10002838:	4543      	cmp	r3, r8
1000283a:	eba8 0303 	sub.w	r3, r8, r3
1000283e:	d8df      	bhi.n	10002800 <tud_task_ext+0x3c8>
10002840:	4a5f      	ldr	r2, [pc, #380]	@ (100029c0 <tud_task_ext+0x588>)
10002842:	eb02 1343 	add.w	r3, r2, r3, lsl #5
10002846:	e7e1      	b.n	1000280c <tud_task_ext+0x3d4>
10002848:	787b      	ldrb	r3, [r7, #1]
1000284a:	4648      	mov	r0, r9
1000284c:	f88d 301a 	strb.w	r3, [sp, #26]
10002850:	f10d 021a 	add.w	r2, sp, #26
10002854:	2301      	movs	r3, #1
10002856:	a908      	add	r1, sp, #32
10002858:	f000 fa5a 	bl	10002d10 <tud_control_xfer>
1000285c:	e5fb      	b.n	10002456 <tud_task_ext+0x1e>
1000285e:	f8bd 0022 	ldrh.w	r0, [sp, #34]	@ 0x22
10002862:	0a03      	lsrs	r3, r0, #8
10002864:	3b01      	subs	r3, #1
10002866:	0a02      	lsrs	r2, r0, #8
10002868:	b2c0      	uxtb	r0, r0
1000286a:	2b0e      	cmp	r3, #14
1000286c:	f63f aef0 	bhi.w	10002650 <tud_task_ext+0x218>
10002870:	a101      	add	r1, pc, #4	@ (adr r1, 10002878 <tud_task_ext+0x440>)
10002872:	f851 f023 	ldr.w	pc, [r1, r3, lsl #2]
10002876:	bf00      	nop
10002878:	10002a99 	.word	0x10002a99
1000287c:	10002929 	.word	0x10002929
10002880:	10002ad5 	.word	0x10002ad5
10002884:	10002651 	.word	0x10002651
10002888:	10002651 	.word	0x10002651
1000288c:	10002ab7 	.word	0x10002ab7
10002890:	10002929 	.word	0x10002929
10002894:	10002651 	.word	0x10002651
10002898:	10002651 	.word	0x10002651
1000289c:	10002651 	.word	0x10002651
100028a0:	10002651 	.word	0x10002651
100028a4:	10002651 	.word	0x10002651
100028a8:	10002651 	.word	0x10002651
100028ac:	10002651 	.word	0x10002651
100028b0:	10002a8b 	.word	0x10002a8b
100028b4:	a808      	add	r0, sp, #32
100028b6:	f000 fa93 	bl	10002de0 <usbd_control_set_request>
100028ba:	4648      	mov	r0, r9
100028bc:	f89d 1022 	ldrb.w	r1, [sp, #34]	@ 0x22
100028c0:	f7ff fbb0 	bl	10002024 <dcd_set_address>
100028c4:	783b      	ldrb	r3, [r7, #0]
100028c6:	f043 0302 	orr.w	r3, r3, #2
100028ca:	703b      	strb	r3, [r7, #0]
100028cc:	e5c3      	b.n	10002456 <tud_task_ext+0x1e>
100028ce:	f8bd 3022 	ldrh.w	r3, [sp, #34]	@ 0x22
100028d2:	2b01      	cmp	r3, #1
100028d4:	f47f aebc 	bne.w	10002650 <tud_task_ext+0x218>
100028d8:	783b      	ldrb	r3, [r7, #0]
100028da:	4648      	mov	r0, r9
100028dc:	f023 0308 	bic.w	r3, r3, #8
100028e0:	a908      	add	r1, sp, #32
100028e2:	703b      	strb	r3, [r7, #0]
100028e4:	f000 f9fa 	bl	10002cdc <tud_control_status>
100028e8:	e5b5      	b.n	10002456 <tud_task_ext+0x1e>
100028ea:	4648      	mov	r0, r9
100028ec:	783b      	ldrb	r3, [r7, #0]
100028ee:	089a      	lsrs	r2, r3, #2
100028f0:	f002 0202 	and.w	r2, r2, #2
100028f4:	f3c3 1340 	ubfx	r3, r3, #5, #1
100028f8:	4313      	orrs	r3, r2
100028fa:	f8ad 301a 	strh.w	r3, [sp, #26]
100028fe:	f10d 021a 	add.w	r2, sp, #26
10002902:	2302      	movs	r3, #2
10002904:	a908      	add	r1, sp, #32
10002906:	f000 fa03 	bl	10002d10 <tud_control_xfer>
1000290a:	e5a4      	b.n	10002456 <tud_task_ext+0x1e>
1000290c:	f8bd 3022 	ldrh.w	r3, [sp, #34]	@ 0x22
10002910:	2b01      	cmp	r3, #1
10002912:	f47f ae9d 	bne.w	10002650 <tud_task_ext+0x218>
10002916:	783b      	ldrb	r3, [r7, #0]
10002918:	4648      	mov	r0, r9
1000291a:	f043 0308 	orr.w	r3, r3, #8
1000291e:	a908      	add	r1, sp, #32
10002920:	703b      	strb	r3, [r7, #0]
10002922:	f000 f9db 	bl	10002cdc <tud_control_status>
10002926:	e596      	b.n	10002456 <tud_task_ext+0x1e>
10002928:	2a02      	cmp	r2, #2
1000292a:	f43f ae84 	beq.w	10002636 <tud_task_ext+0x1fe>
1000292e:	f7ff fcef 	bl	10002310 <tud_descriptor_other_speed_configuration_cb>
10002932:	4602      	mov	r2, r0
10002934:	2800      	cmp	r0, #0
10002936:	f43f ae8b 	beq.w	10002650 <tud_task_ext+0x218>
1000293a:	4648      	mov	r0, r9
1000293c:	8853      	ldrh	r3, [r2, #2]
1000293e:	a908      	add	r1, sp, #32
10002940:	f000 f9e6 	bl	10002d10 <tud_control_xfer>
10002944:	2800      	cmp	r0, #0
10002946:	f47f ad86 	bne.w	10002456 <tud_task_ext+0x1e>
1000294a:	e681      	b.n	10002650 <tud_task_ext+0x218>
1000294c:	f89d 3024 	ldrb.w	r3, [sp, #36]	@ 0x24
10002950:	2b0f      	cmp	r3, #15
10002952:	f63f ae7d 	bhi.w	10002650 <tud_task_ext+0x218>
10002956:	4a19      	ldr	r2, [pc, #100]	@ (100029bc <tud_task_ext+0x584>)
10002958:	443b      	add	r3, r7
1000295a:	791b      	ldrb	r3, [r3, #4]
1000295c:	7812      	ldrb	r2, [r2, #0]
1000295e:	4293      	cmp	r3, r2
10002960:	d227      	bcs.n	100029b2 <tud_task_ext+0x57a>
10002962:	4a18      	ldr	r2, [pc, #96]	@ (100029c4 <tud_task_ext+0x58c>)
10002964:	6817      	ldr	r7, [r2, #0]
10002966:	eb17 1743 	adds.w	r7, r7, r3, lsl #5
1000296a:	f43f ae71 	beq.w	10002650 <tud_task_ext+0x218>
1000296e:	6978      	ldr	r0, [r7, #20]
10002970:	f000 fa30 	bl	10002dd4 <usbd_control_set_complete_callback>
10002974:	2101      	movs	r1, #1
10002976:	4648      	mov	r0, r9
10002978:	697b      	ldr	r3, [r7, #20]
1000297a:	aa08      	add	r2, sp, #32
1000297c:	4798      	blx	r3
1000297e:	2800      	cmp	r0, #0
10002980:	f47f ad69 	bne.w	10002456 <tud_task_ext+0x1e>
10002984:	e664      	b.n	10002650 <tud_task_ext+0x218>
10002986:	2a00      	cmp	r2, #0
10002988:	f47f ae62 	bne.w	10002650 <tud_task_ext+0x218>
1000298c:	9201      	str	r2, [sp, #4]
1000298e:	f89d c021 	ldrb.w	ip, [sp, #33]	@ 0x21
10002992:	f00c 02fd 	and.w	r2, ip, #253	@ 0xfd
10002996:	2a01      	cmp	r2, #1
10002998:	d016      	beq.n	100029c8 <tud_task_ext+0x590>
1000299a:	f1bc 0f00 	cmp.w	ip, #0
1000299e:	f47f ae50 	bne.w	10002642 <tud_task_ext+0x20a>
100029a2:	44b8      	add	r8, r7
100029a4:	4443      	add	r3, r8
100029a6:	f893 3034 	ldrb.w	r3, [r3, #52]	@ 0x34
100029aa:	4648      	mov	r0, r9
100029ac:	f3c3 0340 	ubfx	r3, r3, #1, #1
100029b0:	e7a3      	b.n	100028fa <tud_task_ext+0x4c2>
100029b2:	f47f ae4d 	bne.w	10002650 <tud_task_ext+0x218>
100029b6:	4f02      	ldr	r7, [pc, #8]	@ (100029c0 <tud_task_ext+0x588>)
100029b8:	e7d9      	b.n	1000296e <tud_task_ext+0x536>
100029ba:	bf00      	nop
100029bc:	20001b30 	.word	0x20001b30
100029c0:	10003dd4 	.word	0x10003dd4
100029c4:	20001468 	.word	0x20001468
100029c8:	f8bd 2022 	ldrh.w	r2, [sp, #34]	@ 0x22
100029cc:	b9ba      	cbnz	r2, 100029fe <tud_task_ext+0x5c6>
100029ce:	f1bc 0f01 	cmp.w	ip, #1
100029d2:	f89a 0000 	ldrb.w	r0, [sl]
100029d6:	f000 8085 	beq.w	10002ae4 <tud_task_ext+0x6ac>
100029da:	9302      	str	r3, [sp, #8]
100029dc:	f7ff fbde 	bl	1000219c <dcd_edpt_stall>
100029e0:	9b02      	ldr	r3, [sp, #8]
100029e2:	44b8      	add	r8, r7
100029e4:	4443      	add	r3, r8
100029e6:	f893 2034 	ldrb.w	r2, [r3, #52]	@ 0x34
100029ea:	f042 0202 	orr.w	r2, r2, #2
100029ee:	f883 2034 	strb.w	r2, [r3, #52]	@ 0x34
100029f2:	f893 2034 	ldrb.w	r2, [r3, #52]	@ 0x34
100029f6:	f042 0201 	orr.w	r2, r2, #1
100029fa:	f883 2034 	strb.w	r2, [r3, #52]	@ 0x34
100029fe:	9b01      	ldr	r3, [sp, #4]
10002a00:	2b00      	cmp	r3, #0
10002a02:	f43f ad28 	beq.w	10002456 <tud_task_ext+0x1e>
10002a06:	6958      	ldr	r0, [r3, #20]
10002a08:	f000 f9e4 	bl	10002dd4 <usbd_control_set_complete_callback>
10002a0c:	9b01      	ldr	r3, [sp, #4]
10002a0e:	2101      	movs	r1, #1
10002a10:	695b      	ldr	r3, [r3, #20]
10002a12:	aa08      	add	r2, sp, #32
10002a14:	4648      	mov	r0, r9
10002a16:	4798      	blx	r3
10002a18:	2000      	movs	r0, #0
10002a1a:	f000 f9db 	bl	10002dd4 <usbd_control_set_complete_callback>
10002a1e:	f897 3035 	ldrb.w	r3, [r7, #53]	@ 0x35
10002a22:	07db      	lsls	r3, r3, #31
10002a24:	f53f ad17 	bmi.w	10002456 <tud_task_ext+0x1e>
10002a28:	e68a      	b.n	10002740 <tud_task_ext+0x308>
10002a2a:	f7ff fc75 	bl	10002318 <tud_umount_cb>
10002a2e:	4648      	mov	r0, r9
10002a30:	a908      	add	r1, sp, #32
10002a32:	f000 f953 	bl	10002cdc <tud_control_status>
10002a36:	e50e      	b.n	10002456 <tud_task_ext+0x1e>
10002a38:	f8dd c010 	ldr.w	ip, [sp, #16]
10002a3c:	f1bc 0f00 	cmp.w	ip, #0
10002a40:	f000 8089 	beq.w	10002b56 <tud_task_ext+0x71e>
10002a44:	7888      	ldrb	r0, [r1, #2]
10002a46:	eb00 030c 	add.w	r3, r0, ip
10002a4a:	b2db      	uxtb	r3, r3
10002a4c:	e003      	b.n	10002a56 <tud_task_ext+0x61e>
10002a4e:	4298      	cmp	r0, r3
10002a50:	f88c 8004 	strb.w	r8, [ip, #4]
10002a54:	d07f      	beq.n	10002b56 <tud_task_ext+0x71e>
10002a56:	eb07 0c00 	add.w	ip, r7, r0
10002a5a:	f89c e004 	ldrb.w	lr, [ip, #4]
10002a5e:	3001      	adds	r0, #1
10002a60:	f1be 0fff 	cmp.w	lr, #255	@ 0xff
10002a64:	b2c0      	uxtb	r0, r0
10002a66:	d0f2      	beq.n	10002a4e <tud_task_ext+0x616>
10002a68:	f04f 23e0 	mov.w	r3, #3758153728	@ 0xe000e000
10002a6c:	f8d3 3df0 	ldr.w	r3, [r3, #3568]	@ 0xdf0
10002a70:	07d9      	lsls	r1, r3, #31
10002a72:	d500      	bpl.n	10002a76 <tud_task_ext+0x63e>
10002a74:	be00      	bkpt	0x0000
10002a76:	f04f 23e0 	mov.w	r3, #3758153728	@ 0xe000e000
10002a7a:	f8d3 3df0 	ldr.w	r3, [r3, #3568]	@ 0xdf0
10002a7e:	07da      	lsls	r2, r3, #31
10002a80:	d500      	bpl.n	10002a84 <tud_task_ext+0x64c>
10002a82:	be00      	bkpt	0x0000
10002a84:	2300      	movs	r3, #0
10002a86:	707b      	strb	r3, [r7, #1]
10002a88:	e5e2      	b.n	10002650 <tud_task_ext+0x218>
10002a8a:	f7ff fc3d 	bl	10002308 <tud_descriptor_bos_cb>
10002a8e:	4602      	mov	r2, r0
10002a90:	2800      	cmp	r0, #0
10002a92:	f47f af52 	bne.w	1000293a <tud_task_ext+0x502>
10002a96:	e5db      	b.n	10002650 <tud_task_ext+0x218>
10002a98:	f7fd fd34 	bl	10000504 <tud_descriptor_device_cb>
10002a9c:	4602      	mov	r2, r0
10002a9e:	2800      	cmp	r0, #0
10002aa0:	f43f adcf 	beq.w	10002642 <tud_task_ext+0x20a>
10002aa4:	4648      	mov	r0, r9
10002aa6:	2312      	movs	r3, #18
10002aa8:	a908      	add	r1, sp, #32
10002aaa:	f000 f931 	bl	10002d10 <tud_control_xfer>
10002aae:	2800      	cmp	r0, #0
10002ab0:	f47f acd1 	bne.w	10002456 <tud_task_ext+0x1e>
10002ab4:	e5cc      	b.n	10002650 <tud_task_ext+0x218>
10002ab6:	f7ff fc29 	bl	1000230c <tud_descriptor_device_qualifier_cb>
10002aba:	4602      	mov	r2, r0
10002abc:	2800      	cmp	r0, #0
10002abe:	f43f adc7 	beq.w	10002650 <tud_task_ext+0x218>
10002ac2:	4648      	mov	r0, r9
10002ac4:	7813      	ldrb	r3, [r2, #0]
10002ac6:	a908      	add	r1, sp, #32
10002ac8:	f000 f922 	bl	10002d10 <tud_control_xfer>
10002acc:	2800      	cmp	r0, #0
10002ace:	f47f acc2 	bne.w	10002456 <tud_task_ext+0x1e>
10002ad2:	e5bd      	b.n	10002650 <tud_task_ext+0x218>
10002ad4:	f8bd 1024 	ldrh.w	r1, [sp, #36]	@ 0x24
10002ad8:	f7fd fd20 	bl	1000051c <tud_descriptor_string_cb>
10002adc:	4602      	mov	r2, r0
10002ade:	2800      	cmp	r0, #0
10002ae0:	d1ef      	bne.n	10002ac2 <tud_task_ext+0x68a>
10002ae2:	e5b5      	b.n	10002650 <tud_task_ext+0x218>
10002ae4:	e9cd 3202 	strd	r3, r2, [sp, #8]
10002ae8:	f7ff fb70 	bl	100021cc <dcd_edpt_clear_stall>
10002aec:	9b02      	ldr	r3, [sp, #8]
10002aee:	44b8      	add	r8, r7
10002af0:	4443      	add	r3, r8
10002af2:	f893 1034 	ldrb.w	r1, [r3, #52]	@ 0x34
10002af6:	9a03      	ldr	r2, [sp, #12]
10002af8:	f362 0141 	bfi	r1, r2, #1, #1
10002afc:	f883 1034 	strb.w	r1, [r3, #52]	@ 0x34
10002b00:	f893 1034 	ldrb.w	r1, [r3, #52]	@ 0x34
10002b04:	f362 0100 	bfi	r1, r2, #0, #1
10002b08:	f883 1034 	strb.w	r1, [r3, #52]	@ 0x34
10002b0c:	e777      	b.n	100029fe <tud_task_ext+0x5c6>
10002b0e:	2100      	movs	r1, #0
10002b10:	4648      	mov	r0, r9
10002b12:	f7ff fa8f 	bl	10002034 <dcd_sof_enable>
10002b16:	4648      	mov	r0, r9
10002b18:	f7ff fb2a 	bl	10002170 <dcd_edpt_close_all>
10002b1c:	78bb      	ldrb	r3, [r7, #2]
10002b1e:	4648      	mov	r0, r9
10002b20:	9301      	str	r3, [sp, #4]
10002b22:	f7ff fba7 	bl	10002274 <configuration_reset>
10002b26:	9b01      	ldr	r3, [sp, #4]
10002b28:	70bb      	strb	r3, [r7, #2]
10002b2a:	e62a      	b.n	10002782 <tud_task_ext+0x34a>
10002b2c:	f8dd 900c 	ldr.w	r9, [sp, #12]
10002b30:	f7ff fbf0 	bl	10002314 <tud_mount_cb>
10002b34:	e77b      	b.n	10002a2e <tud_task_ext+0x5f6>
10002b36:	4648      	mov	r0, r9
10002b38:	2301      	movs	r3, #1
10002b3a:	a908      	add	r1, sp, #32
10002b3c:	f10d 021a 	add.w	r2, sp, #26
10002b40:	f88d 701a 	strb.w	r7, [sp, #26]
10002b44:	f000 f8e4 	bl	10002d10 <tud_control_xfer>
10002b48:	e485      	b.n	10002456 <tud_task_ext+0x1e>
10002b4a:	780b      	ldrb	r3, [r1, #0]
10002b4c:	f891 c003 	ldrb.w	ip, [r1, #3]
10002b50:	4419      	add	r1, r3
10002b52:	784b      	ldrb	r3, [r1, #1]
10002b54:	e645      	b.n	100027e2 <tud_task_ext+0x3aa>
10002b56:	4643      	mov	r3, r8
10002b58:	480b      	ldr	r0, [pc, #44]	@ (10002b88 <tud_task_ext+0x750>)
10002b5a:	9204      	str	r2, [sp, #16]
10002b5c:	9102      	str	r1, [sp, #8]
10002b5e:	f000 fc53 	bl	10003408 <tu_edpt_bind_driver>
10002b62:	4b0a      	ldr	r3, [pc, #40]	@ (10002b8c <tud_task_ext+0x754>)
10002b64:	9902      	ldr	r1, [sp, #8]
10002b66:	781b      	ldrb	r3, [r3, #0]
10002b68:	9a04      	ldr	r2, [sp, #16]
10002b6a:	4543      	cmp	r3, r8
10002b6c:	4411      	add	r1, r2
10002b6e:	f4bf ae2e 	bcs.w	100027ce <tud_task_ext+0x396>
10002b72:	e779      	b.n	10002a68 <tud_task_ext+0x630>
10002b74:	f04f 23e0 	mov.w	r3, #3758153728	@ 0xe000e000
10002b78:	f8d3 3df0 	ldr.w	r3, [r3, #3568]	@ 0xdf0
10002b7c:	07db      	lsls	r3, r3, #31
10002b7e:	f57f ac6a 	bpl.w	10002456 <tud_task_ext+0x1e>
10002b82:	be00      	bkpt	0x0000
10002b84:	e467      	b.n	10002456 <tud_task_ext+0x1e>
10002b86:	bf00      	nop
10002b88:	2000157c 	.word	0x2000157c
10002b8c:	20001b30 	.word	0x20001b30

10002b90 <usbd_open_edpt_pair>:
10002b90:	e92d 4ff8 	stmdb	sp!, {r3, r4, r5, r6, r7, r8, r9, sl, fp, lr}
10002b94:	9f0a      	ldr	r7, [sp, #40]	@ 0x28
10002b96:	2a00      	cmp	r2, #0
10002b98:	d040      	beq.n	10002c1c <usbd_open_edpt_pair+0x8c>
10002b9a:	460c      	mov	r4, r1
10002b9c:	461e      	mov	r6, r3
10002b9e:	4615      	mov	r5, r2
10002ba0:	f04f 0a00 	mov.w	sl, #0
10002ba4:	f8df 907c 	ldr.w	r9, [pc, #124]	@ 10002c24 <usbd_open_edpt_pair+0x94>
10002ba8:	f8df 807c 	ldr.w	r8, [pc, #124]	@ 10002c28 <usbd_open_edpt_pair+0x98>
10002bac:	e018      	b.n	10002be0 <usbd_open_edpt_pair+0x50>
10002bae:	4620      	mov	r0, r4
10002bb0:	f898 1002 	ldrb.w	r1, [r8, #2]
10002bb4:	f899 b000 	ldrb.w	fp, [r9]
10002bb8:	f000 fbf6 	bl	100033a8 <tu_edpt_validate>
10002bbc:	b1e0      	cbz	r0, 10002bf8 <usbd_open_edpt_pair+0x68>
10002bbe:	4621      	mov	r1, r4
10002bc0:	4658      	mov	r0, fp
10002bc2:	f7ff fa53 	bl	1000206c <dcd_edpt_open>
10002bc6:	b1f0      	cbz	r0, 10002c06 <usbd_open_edpt_pair+0x76>
10002bc8:	78a2      	ldrb	r2, [r4, #2]
10002bca:	f10a 0a01 	add.w	sl, sl, #1
10002bce:	09d1      	lsrs	r1, r2, #7
10002bd0:	bf16      	itet	ne
10002bd2:	9b0b      	ldrne	r3, [sp, #44]	@ 0x2c
10002bd4:	703a      	strbeq	r2, [r7, #0]
10002bd6:	701a      	strbne	r2, [r3, #0]
10002bd8:	7822      	ldrb	r2, [r4, #0]
10002bda:	45aa      	cmp	sl, r5
10002bdc:	4414      	add	r4, r2
10002bde:	d01d      	beq.n	10002c1c <usbd_open_edpt_pair+0x8c>
10002be0:	7862      	ldrb	r2, [r4, #1]
10002be2:	2a05      	cmp	r2, #5
10002be4:	d10f      	bne.n	10002c06 <usbd_open_edpt_pair+0x76>
10002be6:	78e1      	ldrb	r1, [r4, #3]
10002be8:	f001 0103 	and.w	r1, r1, #3
10002bec:	42b1      	cmp	r1, r6
10002bee:	d10a      	bne.n	10002c06 <usbd_open_edpt_pair+0x76>
10002bf0:	78a2      	ldrb	r2, [r4, #2]
10002bf2:	f012 0f70 	tst.w	r2, #112	@ 0x70
10002bf6:	d0da      	beq.n	10002bae <usbd_open_edpt_pair+0x1e>
10002bf8:	f04f 23e0 	mov.w	r3, #3758153728	@ 0xe000e000
10002bfc:	f8d3 3df0 	ldr.w	r3, [r3, #3568]	@ 0xdf0
10002c00:	07da      	lsls	r2, r3, #31
10002c02:	d500      	bpl.n	10002c06 <usbd_open_edpt_pair+0x76>
10002c04:	be00      	bkpt	0x0000
10002c06:	f04f 23e0 	mov.w	r3, #3758153728	@ 0xe000e000
10002c0a:	f8d3 3df0 	ldr.w	r3, [r3, #3568]	@ 0xdf0
10002c0e:	07db      	lsls	r3, r3, #31
10002c10:	d402      	bmi.n	10002c18 <usbd_open_edpt_pair+0x88>
10002c12:	2000      	movs	r0, #0
10002c14:	e8bd 8ff8 	ldmia.w	sp!, {r3, r4, r5, r6, r7, r8, r9, sl, fp, pc}
10002c18:	be00      	bkpt	0x0000
10002c1a:	e7fa      	b.n	10002c12 <usbd_open_edpt_pair+0x82>
10002c1c:	2001      	movs	r0, #1
10002c1e:	e8bd 8ff8 	ldmia.w	sp!, {r3, r4, r5, r6, r7, r8, r9, sl, fp, pc}
10002c22:	bf00      	nop
10002c24:	20001140 	.word	0x20001140
10002c28:	20001568 	.word	0x20001568

10002c2c <usbd_edpt_claim>:
10002c2c:	460b      	mov	r3, r1
10002c2e:	4a06      	ldr	r2, [pc, #24]	@ (10002c48 <usbd_edpt_claim+0x1c>)
10002c30:	4806      	ldr	r0, [pc, #24]	@ (10002c4c <usbd_edpt_claim+0x20>)
10002c32:	6811      	ldr	r1, [r2, #0]
10002c34:	09da      	lsrs	r2, r3, #7
10002c36:	3234      	adds	r2, #52	@ 0x34
10002c38:	f003 037f 	and.w	r3, r3, #127	@ 0x7f
10002c3c:	eb02 0343 	add.w	r3, r2, r3, lsl #1
10002c40:	4418      	add	r0, r3
10002c42:	f000 bb87 	b.w	10003354 <tu_edpt_claim>
10002c46:	bf00      	nop
10002c48:	200015bc 	.word	0x200015bc
10002c4c:	20001568 	.word	0x20001568

10002c50 <usbd_edpt_xfer>:
10002c50:	b510      	push	{r4, lr}
10002c52:	4819      	ldr	r0, [pc, #100]	@ (10002cb8 <usbd_edpt_xfer+0x68>)
10002c54:	f001 0c7f 	and.w	ip, r1, #127	@ 0x7f
10002c58:	eb00 004c 	add.w	r0, r0, ip, lsl #1
10002c5c:	eb00 10d1 	add.w	r0, r0, r1, lsr #7
10002c60:	f890 c034 	ldrb.w	ip, [r0, #52]	@ 0x34
10002c64:	f01c 0f01 	tst.w	ip, #1
10002c68:	d008      	beq.n	10002c7c <usbd_edpt_xfer+0x2c>
10002c6a:	f04f 23e0 	mov.w	r3, #3758153728	@ 0xe000e000
10002c6e:	f8d3 3df0 	ldr.w	r3, [r3, #3568]	@ 0xdf0
10002c72:	07da      	lsls	r2, r3, #31
10002c74:	d500      	bpl.n	10002c78 <usbd_edpt_xfer+0x28>
10002c76:	be00      	bkpt	0x0000
10002c78:	2000      	movs	r0, #0
10002c7a:	bd10      	pop	{r4, pc}
10002c7c:	f100 0430 	add.w	r4, r0, #48	@ 0x30
10002c80:	f894 c004 	ldrb.w	ip, [r4, #4]
10002c84:	480d      	ldr	r0, [pc, #52]	@ (10002cbc <usbd_edpt_xfer+0x6c>)
10002c86:	f04c 0c01 	orr.w	ip, ip, #1
10002c8a:	7800      	ldrb	r0, [r0, #0]
10002c8c:	f884 c004 	strb.w	ip, [r4, #4]
10002c90:	f7ff fa70 	bl	10002174 <dcd_edpt_xfer>
10002c94:	2800      	cmp	r0, #0
10002c96:	d1f0      	bne.n	10002c7a <usbd_edpt_xfer+0x2a>
10002c98:	f04f 21e0 	mov.w	r1, #3758153728	@ 0xe000e000
10002c9c:	7922      	ldrb	r2, [r4, #4]
10002c9e:	f360 0200 	bfi	r2, r0, #0, #1
10002ca2:	7122      	strb	r2, [r4, #4]
10002ca4:	7922      	ldrb	r2, [r4, #4]
10002ca6:	f360 0282 	bfi	r2, r0, #2, #1
10002caa:	7122      	strb	r2, [r4, #4]
10002cac:	f8d1 3df0 	ldr.w	r3, [r1, #3568]	@ 0xdf0
10002cb0:	07db      	lsls	r3, r3, #31
10002cb2:	d5e1      	bpl.n	10002c78 <usbd_edpt_xfer+0x28>
10002cb4:	be00      	bkpt	0x0000
10002cb6:	e7df      	b.n	10002c78 <usbd_edpt_xfer+0x28>
10002cb8:	20001568 	.word	0x20001568
10002cbc:	20001140 	.word	0x20001140

10002cc0 <usbd_edpt_busy>:
10002cc0:	4b05      	ldr	r3, [pc, #20]	@ (10002cd8 <usbd_edpt_busy+0x18>)
10002cc2:	f001 027f 	and.w	r2, r1, #127	@ 0x7f
10002cc6:	eb03 0342 	add.w	r3, r3, r2, lsl #1
10002cca:	eb03 11d1 	add.w	r1, r3, r1, lsr #7
10002cce:	f891 0034 	ldrb.w	r0, [r1, #52]	@ 0x34
10002cd2:	f000 0001 	and.w	r0, r0, #1
10002cd6:	4770      	bx	lr
10002cd8:	20001568 	.word	0x20001568

10002cdc <tud_control_status>:
10002cdc:	b530      	push	{r4, r5, lr}
10002cde:	4c0b      	ldr	r4, [pc, #44]	@ (10002d0c <tud_control_status+0x30>)
10002ce0:	468c      	mov	ip, r1
10002ce2:	46a6      	mov	lr, r4
10002ce4:	4605      	mov	r5, r0
10002ce6:	6808      	ldr	r0, [r1, #0]
10002ce8:	6849      	ldr	r1, [r1, #4]
10002cea:	2300      	movs	r3, #0
10002cec:	e8ae 0003 	stmia.w	lr!, {r0, r1}
10002cf0:	f89c 1000 	ldrb.w	r1, [ip]
10002cf4:	4628      	mov	r0, r5
10002cf6:	43c9      	mvns	r1, r1
10002cf8:	e9c4 3302 	strd	r3, r3, [r4, #8]
10002cfc:	e8bd 4030 	ldmia.w	sp!, {r4, r5, lr}
10002d00:	461a      	mov	r2, r3
10002d02:	f001 0180 	and.w	r1, r1, #128	@ 0x80
10002d06:	f7ff bfa3 	b.w	10002c50 <usbd_edpt_xfer>
10002d0a:	bf00      	nop
10002d0c:	200014ac 	.word	0x200014ac

10002d10 <tud_control_xfer>:
10002d10:	e92d 41f0 	stmdb	sp!, {r4, r5, r6, r7, r8, lr}
10002d14:	4f28      	ldr	r7, [pc, #160]	@ (10002db8 <tud_control_xfer+0xa8>)
10002d16:	f04f 0800 	mov.w	r8, #0
10002d1a:	46be      	mov	lr, r7
10002d1c:	468c      	mov	ip, r1
10002d1e:	4606      	mov	r6, r0
10002d20:	6808      	ldr	r0, [r1, #0]
10002d22:	6849      	ldr	r1, [r1, #4]
10002d24:	60ba      	str	r2, [r7, #8]
10002d26:	e8ae 0003 	stmia.w	lr!, {r0, r1}
10002d2a:	f8a7 800e 	strh.w	r8, [r7, #14]
10002d2e:	4615      	mov	r5, r2
10002d30:	f8bc 2006 	ldrh.w	r2, [ip, #6]
10002d34:	4293      	cmp	r3, r2
10002d36:	bf28      	it	cs
10002d38:	4613      	movcs	r3, r2
10002d3a:	81bb      	strh	r3, [r7, #12]
10002d3c:	b19a      	cbz	r2, 10002d66 <tud_control_xfer+0x56>
10002d3e:	461c      	mov	r4, r3
10002d40:	b333      	cbz	r3, 10002d90 <tud_control_xfer+0x80>
10002d42:	b1dd      	cbz	r5, 10002d7c <tud_control_xfer+0x6c>
10002d44:	f997 3000 	ldrsb.w	r3, [r7]
10002d48:	2c40      	cmp	r4, #64	@ 0x40
10002d4a:	bf28      	it	cs
10002d4c:	2440      	movcs	r4, #64	@ 0x40
10002d4e:	2b00      	cmp	r3, #0
10002d50:	db29      	blt.n	10002da6 <tud_control_xfer+0x96>
10002d52:	4641      	mov	r1, r8
10002d54:	4623      	mov	r3, r4
10002d56:	4630      	mov	r0, r6
10002d58:	4a18      	ldr	r2, [pc, #96]	@ (10002dbc <tud_control_xfer+0xac>)
10002d5a:	f7ff ff79 	bl	10002c50 <usbd_edpt_xfer>
10002d5e:	b168      	cbz	r0, 10002d7c <tud_control_xfer+0x6c>
10002d60:	2001      	movs	r0, #1
10002d62:	e8bd 81f0 	ldmia.w	sp!, {r4, r5, r6, r7, r8, pc}
10002d66:	f89c 1000 	ldrb.w	r1, [ip]
10002d6a:	4613      	mov	r3, r2
10002d6c:	43c9      	mvns	r1, r1
10002d6e:	4630      	mov	r0, r6
10002d70:	f001 0180 	and.w	r1, r1, #128	@ 0x80
10002d74:	f7ff ff6c 	bl	10002c50 <usbd_edpt_xfer>
10002d78:	2800      	cmp	r0, #0
10002d7a:	d1f1      	bne.n	10002d60 <tud_control_xfer+0x50>
10002d7c:	f04f 23e0 	mov.w	r3, #3758153728	@ 0xe000e000
10002d80:	f8d3 3df0 	ldr.w	r3, [r3, #3568]	@ 0xdf0
10002d84:	07db      	lsls	r3, r3, #31
10002d86:	d500      	bpl.n	10002d8a <tud_control_xfer+0x7a>
10002d88:	be00      	bkpt	0x0000
10002d8a:	2000      	movs	r0, #0
10002d8c:	e8bd 81f0 	ldmia.w	sp!, {r4, r5, r6, r7, r8, pc}
10002d90:	461a      	mov	r2, r3
10002d92:	7839      	ldrb	r1, [r7, #0]
10002d94:	f001 0180 	and.w	r1, r1, #128	@ 0x80
10002d98:	4623      	mov	r3, r4
10002d9a:	4630      	mov	r0, r6
10002d9c:	f7ff ff58 	bl	10002c50 <usbd_edpt_xfer>
10002da0:	2800      	cmp	r0, #0
10002da2:	d1dd      	bne.n	10002d60 <tud_control_xfer+0x50>
10002da4:	e7ea      	b.n	10002d7c <tud_control_xfer+0x6c>
10002da6:	4622      	mov	r2, r4
10002da8:	4629      	mov	r1, r5
10002daa:	4804      	ldr	r0, [pc, #16]	@ (10002dbc <tud_control_xfer+0xac>)
10002dac:	f000 fdc0 	bl	10003930 <memcpy>
10002db0:	2180      	movs	r1, #128	@ 0x80
10002db2:	4a02      	ldr	r2, [pc, #8]	@ (10002dbc <tud_control_xfer+0xac>)
10002db4:	e7f0      	b.n	10002d98 <tud_control_xfer+0x88>
10002db6:	bf00      	nop
10002db8:	200014ac 	.word	0x200014ac
10002dbc:	2000146c 	.word	0x2000146c

10002dc0 <usbd_control_reset>:
10002dc0:	2200      	movs	r2, #0
10002dc2:	4b03      	ldr	r3, [pc, #12]	@ (10002dd0 <usbd_control_reset+0x10>)
10002dc4:	e9c3 2200 	strd	r2, r2, [r3]
10002dc8:	e9c3 2202 	strd	r2, r2, [r3, #8]
10002dcc:	611a      	str	r2, [r3, #16]
10002dce:	4770      	bx	lr
10002dd0:	200014ac 	.word	0x200014ac

10002dd4 <usbd_control_set_complete_callback>:
10002dd4:	4b01      	ldr	r3, [pc, #4]	@ (10002ddc <usbd_control_set_complete_callback+0x8>)
10002dd6:	6118      	str	r0, [r3, #16]
10002dd8:	4770      	bx	lr
10002dda:	bf00      	nop
10002ddc:	200014ac 	.word	0x200014ac

10002de0 <usbd_control_set_request>:
10002de0:	b430      	push	{r4, r5}
10002de2:	4602      	mov	r2, r0
10002de4:	4c04      	ldr	r4, [pc, #16]	@ (10002df8 <usbd_control_set_request+0x18>)
10002de6:	2500      	movs	r5, #0
10002de8:	4623      	mov	r3, r4
10002dea:	6800      	ldr	r0, [r0, #0]
10002dec:	6851      	ldr	r1, [r2, #4]
10002dee:	e9c4 5502 	strd	r5, r5, [r4, #8]
10002df2:	bc30      	pop	{r4, r5}
10002df4:	c303      	stmia	r3!, {r0, r1}
10002df6:	4770      	bx	lr
10002df8:	200014ac 	.word	0x200014ac

10002dfc <usbd_control_xfer_cb>:
10002dfc:	b570      	push	{r4, r5, r6, lr}
10002dfe:	4c3d      	ldr	r4, [pc, #244]	@ (10002ef4 <usbd_control_xfer_cb+0xf8>)
10002e00:	09c9      	lsrs	r1, r1, #7
10002e02:	7822      	ldrb	r2, [r4, #0]
10002e04:	4606      	mov	r6, r0
10002e06:	ebb1 1fd2 	cmp.w	r1, r2, lsr #7
10002e0a:	461d      	mov	r5, r3
10002e0c:	b082      	sub	sp, #8
10002e0e:	d017      	beq.n	10002e40 <usbd_control_xfer_cb+0x44>
10002e10:	b153      	cbz	r3, 10002e28 <usbd_control_xfer_cb+0x2c>
10002e12:	f04f 23e0 	mov.w	r3, #3758153728	@ 0xe000e000
10002e16:	f8d3 3df0 	ldr.w	r3, [r3, #3568]	@ 0xdf0
10002e1a:	07db      	lsls	r3, r3, #31
10002e1c:	d402      	bmi.n	10002e24 <usbd_control_xfer_cb+0x28>
10002e1e:	2000      	movs	r0, #0
10002e20:	b002      	add	sp, #8
10002e22:	bd70      	pop	{r4, r5, r6, pc}
10002e24:	be00      	bkpt	0x0000
10002e26:	e7fa      	b.n	10002e1e <usbd_control_xfer_cb+0x22>
10002e28:	4621      	mov	r1, r4
10002e2a:	f7ff f911 	bl	10002050 <dcd_edpt0_status_complete>
10002e2e:	6923      	ldr	r3, [r4, #16]
10002e30:	b11b      	cbz	r3, 10002e3a <usbd_control_xfer_cb+0x3e>
10002e32:	4622      	mov	r2, r4
10002e34:	2103      	movs	r1, #3
10002e36:	4630      	mov	r0, r6
10002e38:	4798      	blx	r3
10002e3a:	2001      	movs	r0, #1
10002e3c:	b002      	add	sp, #8
10002e3e:	bd70      	pop	{r4, r5, r6, pc}
10002e40:	f994 3000 	ldrsb.w	r3, [r4]
10002e44:	2b00      	cmp	r3, #0
10002e46:	db06      	blt.n	10002e56 <usbd_control_xfer_cb+0x5a>
10002e48:	68a0      	ldr	r0, [r4, #8]
10002e4a:	2800      	cmp	r0, #0
10002e4c:	d0e7      	beq.n	10002e1e <usbd_control_xfer_cb+0x22>
10002e4e:	462a      	mov	r2, r5
10002e50:	4929      	ldr	r1, [pc, #164]	@ (10002ef8 <usbd_control_xfer_cb+0xfc>)
10002e52:	f000 fd6d 	bl	10003930 <memcpy>
10002e56:	89e0      	ldrh	r0, [r4, #14]
10002e58:	68a1      	ldr	r1, [r4, #8]
10002e5a:	88e3      	ldrh	r3, [r4, #6]
10002e5c:	4428      	add	r0, r5
10002e5e:	b280      	uxth	r0, r0
10002e60:	4429      	add	r1, r5
10002e62:	4283      	cmp	r3, r0
10002e64:	81e0      	strh	r0, [r4, #14]
10002e66:	60a1      	str	r1, [r4, #8]
10002e68:	d016      	beq.n	10002e98 <usbd_control_xfer_cb+0x9c>
10002e6a:	2d3f      	cmp	r5, #63	@ 0x3f
10002e6c:	d914      	bls.n	10002e98 <usbd_control_xfer_cb+0x9c>
10002e6e:	89a2      	ldrh	r2, [r4, #12]
10002e70:	f994 4000 	ldrsb.w	r4, [r4]
10002e74:	1a13      	subs	r3, r2, r0
10002e76:	b29b      	uxth	r3, r3
10002e78:	2b40      	cmp	r3, #64	@ 0x40
10002e7a:	bf28      	it	cs
10002e7c:	2340      	movcs	r3, #64	@ 0x40
10002e7e:	2c00      	cmp	r4, #0
10002e80:	db27      	blt.n	10002ed2 <usbd_control_xfer_cb+0xd6>
10002e82:	4290      	cmp	r0, r2
10002e84:	f04f 0100 	mov.w	r1, #0
10002e88:	d031      	beq.n	10002eee <usbd_control_xfer_cb+0xf2>
10002e8a:	4a1b      	ldr	r2, [pc, #108]	@ (10002ef8 <usbd_control_xfer_cb+0xfc>)
10002e8c:	4630      	mov	r0, r6
10002e8e:	f7ff fedf 	bl	10002c50 <usbd_edpt_xfer>
10002e92:	2800      	cmp	r0, #0
10002e94:	d1d1      	bne.n	10002e3a <usbd_control_xfer_cb+0x3e>
10002e96:	e7bc      	b.n	10002e12 <usbd_control_xfer_cb+0x16>
10002e98:	6923      	ldr	r3, [r4, #16]
10002e9a:	b123      	cbz	r3, 10002ea6 <usbd_control_xfer_cb+0xaa>
10002e9c:	2102      	movs	r1, #2
10002e9e:	4630      	mov	r0, r6
10002ea0:	4a14      	ldr	r2, [pc, #80]	@ (10002ef4 <usbd_control_xfer_cb+0xf8>)
10002ea2:	4798      	blx	r3
10002ea4:	b160      	cbz	r0, 10002ec0 <usbd_control_xfer_cb+0xc4>
10002ea6:	7821      	ldrb	r1, [r4, #0]
10002ea8:	2300      	movs	r3, #0
10002eaa:	43c9      	mvns	r1, r1
10002eac:	4630      	mov	r0, r6
10002eae:	461a      	mov	r2, r3
10002eb0:	f001 0180 	and.w	r1, r1, #128	@ 0x80
10002eb4:	f7ff fecc 	bl	10002c50 <usbd_edpt_xfer>
10002eb8:	2800      	cmp	r0, #0
10002eba:	d0aa      	beq.n	10002e12 <usbd_control_xfer_cb+0x16>
10002ebc:	2001      	movs	r0, #1
10002ebe:	e7bd      	b.n	10002e3c <usbd_control_xfer_cb+0x40>
10002ec0:	4601      	mov	r1, r0
10002ec2:	4630      	mov	r0, r6
10002ec4:	f7ff f96a 	bl	1000219c <dcd_edpt_stall>
10002ec8:	2180      	movs	r1, #128	@ 0x80
10002eca:	4630      	mov	r0, r6
10002ecc:	f7ff f966 	bl	1000219c <dcd_edpt_stall>
10002ed0:	e7b3      	b.n	10002e3a <usbd_control_xfer_cb+0x3e>
10002ed2:	4290      	cmp	r0, r2
10002ed4:	d008      	beq.n	10002ee8 <usbd_control_xfer_cb+0xec>
10002ed6:	461a      	mov	r2, r3
10002ed8:	4807      	ldr	r0, [pc, #28]	@ (10002ef8 <usbd_control_xfer_cb+0xfc>)
10002eda:	9301      	str	r3, [sp, #4]
10002edc:	f000 fd28 	bl	10003930 <memcpy>
10002ee0:	2180      	movs	r1, #128	@ 0x80
10002ee2:	4a05      	ldr	r2, [pc, #20]	@ (10002ef8 <usbd_control_xfer_cb+0xfc>)
10002ee4:	9b01      	ldr	r3, [sp, #4]
10002ee6:	e7d1      	b.n	10002e8c <usbd_control_xfer_cb+0x90>
10002ee8:	2180      	movs	r1, #128	@ 0x80
10002eea:	2200      	movs	r2, #0
10002eec:	e7ce      	b.n	10002e8c <usbd_control_xfer_cb+0x90>
10002eee:	460a      	mov	r2, r1
10002ef0:	e7cc      	b.n	10002e8c <usbd_control_xfer_cb+0x90>
10002ef2:	bf00      	nop
10002ef4:	200014ac 	.word	0x200014ac
10002ef8:	2000146c 	.word	0x2000146c

10002efc <tud_hid_set_protocol_cb>:
10002efc:	4770      	bx	lr
10002efe:	bf00      	nop

10002f00 <tud_hid_set_idle_cb>:
10002f00:	2001      	movs	r0, #1
10002f02:	4770      	bx	lr

10002f04 <tud_hid_report_complete_cb>:
10002f04:	4770      	bx	lr
10002f06:	bf00      	nop

10002f08 <tud_hid_report_failed_cb>:
10002f08:	4770      	bx	lr
10002f0a:	bf00      	nop

10002f0c <tud_hid_n_ready>:
10002f0c:	b510      	push	{r4, lr}
10002f0e:	4b0c      	ldr	r3, [pc, #48]	@ (10002f40 <tud_hid_n_ready+0x34>)
10002f10:	eb00 0040 	add.w	r0, r0, r0, lsl #1
10002f14:	eb03 0380 	add.w	r3, r3, r0, lsl #2
10002f18:	785c      	ldrb	r4, [r3, #1]
10002f1a:	f7ff fa03 	bl	10002324 <tud_mounted>
10002f1e:	b908      	cbnz	r0, 10002f24 <tud_hid_n_ready+0x18>
10002f20:	2000      	movs	r0, #0
10002f22:	bd10      	pop	{r4, pc}
10002f24:	f7ff fa06 	bl	10002334 <tud_suspended>
10002f28:	2800      	cmp	r0, #0
10002f2a:	d1f9      	bne.n	10002f20 <tud_hid_n_ready+0x14>
10002f2c:	2c00      	cmp	r4, #0
10002f2e:	d0f7      	beq.n	10002f20 <tud_hid_n_ready+0x14>
10002f30:	4621      	mov	r1, r4
10002f32:	f7ff fec5 	bl	10002cc0 <usbd_edpt_busy>
10002f36:	f080 0001 	eor.w	r0, r0, #1
10002f3a:	b2c0      	uxtb	r0, r0
10002f3c:	bd10      	pop	{r4, pc}
10002f3e:	bf00      	nop
10002f40:	20001530 	.word	0x20001530

10002f44 <tud_hid_n_mouse_report>:
10002f44:	e92d 4ff0 	stmdb	sp!, {r4, r5, r6, r7, r8, r9, sl, fp, lr}
10002f48:	b081      	sub	sp, #4
10002f4a:	f99d 9028 	ldrsb.w	r9, [sp, #40]	@ 0x28
10002f4e:	f99d 802c 	ldrsb.w	r8, [sp, #44]	@ 0x2c
10002f52:	f99d 7030 	ldrsb.w	r7, [sp, #48]	@ 0x30
10002f56:	b118      	cbz	r0, 10002f60 <tud_hid_n_mouse_report+0x1c>
10002f58:	2000      	movs	r0, #0
10002f5a:	b001      	add	sp, #4
10002f5c:	e8bd 8ff0 	ldmia.w	sp!, {r4, r5, r6, r7, r8, r9, sl, fp, pc}
10002f60:	f8df a058 	ldr.w	sl, [pc, #88]	@ 10002fbc <tud_hid_n_mouse_report+0x78>
10002f64:	460d      	mov	r5, r1
10002f66:	f89a 1001 	ldrb.w	r1, [sl, #1]
10002f6a:	4616      	mov	r6, r2
10002f6c:	469b      	mov	fp, r3
10002f6e:	4604      	mov	r4, r0
10002f70:	f7ff fe5c 	bl	10002c2c <usbd_edpt_claim>
10002f74:	2800      	cmp	r0, #0
10002f76:	d0ef      	beq.n	10002f58 <tud_hid_n_mouse_report+0x14>
10002f78:	f36b 0407 	bfi	r4, fp, #0, #8
10002f7c:	f369 240f 	bfi	r4, r9, #8, #8
10002f80:	f368 4417 	bfi	r4, r8, #16, #8
10002f84:	f367 641f 	bfi	r4, r7, #24, #8
10002f88:	b96d      	cbnz	r5, 10002fa6 <tud_hid_n_mouse_report+0x62>
10002f8a:	2305      	movs	r3, #5
10002f8c:	4a09      	ldr	r2, [pc, #36]	@ (10002fb4 <tud_hid_n_mouse_report+0x70>)
10002f8e:	7416      	strb	r6, [r2, #16]
10002f90:	f8c2 4011 	str.w	r4, [r2, #17]
10002f94:	2000      	movs	r0, #0
10002f96:	4a08      	ldr	r2, [pc, #32]	@ (10002fb8 <tud_hid_n_mouse_report+0x74>)
10002f98:	f89a 1001 	ldrb.w	r1, [sl, #1]
10002f9c:	b001      	add	sp, #4
10002f9e:	e8bd 4ff0 	ldmia.w	sp!, {r4, r5, r6, r7, r8, r9, sl, fp, lr}
10002fa2:	f7ff be55 	b.w	10002c50 <usbd_edpt_xfer>
10002fa6:	4a03      	ldr	r2, [pc, #12]	@ (10002fb4 <tud_hid_n_mouse_report+0x70>)
10002fa8:	2306      	movs	r3, #6
10002faa:	7415      	strb	r5, [r2, #16]
10002fac:	7456      	strb	r6, [r2, #17]
10002fae:	f8c2 4012 	str.w	r4, [r2, #18]
10002fb2:	e7ef      	b.n	10002f94 <tud_hid_n_mouse_report+0x50>
10002fb4:	20001500 	.word	0x20001500
10002fb8:	20001510 	.word	0x20001510
10002fbc:	20001530 	.word	0x20001530

10002fc0 <hidd_init>:
10002fc0:	2200      	movs	r2, #0
10002fc2:	4b02      	ldr	r3, [pc, #8]	@ (10002fcc <hidd_init+0xc>)
10002fc4:	e9c3 2200 	strd	r2, r2, [r3]
10002fc8:	609a      	str	r2, [r3, #8]
10002fca:	4770      	bx	lr
10002fcc:	20001530 	.word	0x20001530

10002fd0 <hidd_deinit>:
10002fd0:	2001      	movs	r0, #1
10002fd2:	4770      	bx	lr

10002fd4 <hidd_reset>:
10002fd4:	2200      	movs	r2, #0
10002fd6:	4b02      	ldr	r3, [pc, #8]	@ (10002fe0 <hidd_reset+0xc>)
10002fd8:	e9c3 2200 	strd	r2, r2, [r3]
10002fdc:	609a      	str	r2, [r3, #8]
10002fde:	4770      	bx	lr
10002fe0:	20001530 	.word	0x20001530

10002fe4 <hidd_open>:
10002fe4:	b5f0      	push	{r4, r5, r6, r7, lr}
10002fe6:	794b      	ldrb	r3, [r1, #5]
10002fe8:	b083      	sub	sp, #12
10002fea:	2b03      	cmp	r3, #3
10002fec:	d111      	bne.n	10003012 <hidd_open+0x2e>
10002fee:	f891 c004 	ldrb.w	ip, [r1, #4]
10002ff2:	460c      	mov	r4, r1
10002ff4:	ebcc 05cc 	rsb	r5, ip, ip, lsl #3
10002ff8:	3512      	adds	r5, #18
10002ffa:	b2ad      	uxth	r5, r5
10002ffc:	4295      	cmp	r5, r2
10002ffe:	d802      	bhi.n	10003006 <hidd_open+0x22>
10003000:	4f23      	ldr	r7, [pc, #140]	@ (10003090 <hidd_open+0xac>)
10003002:	787a      	ldrb	r2, [r7, #1]
10003004:	b15a      	cbz	r2, 1000301e <hidd_open+0x3a>
10003006:	f04f 23e0 	mov.w	r3, #3758153728	@ 0xe000e000
1000300a:	f8d3 3df0 	ldr.w	r3, [r3, #3568]	@ 0xdf0
1000300e:	07da      	lsls	r2, r3, #31
10003010:	d403      	bmi.n	1000301a <hidd_open+0x36>
10003012:	2500      	movs	r5, #0
10003014:	4628      	mov	r0, r5
10003016:	b003      	add	sp, #12
10003018:	bdf0      	pop	{r4, r5, r6, r7, pc}
1000301a:	be00      	bkpt	0x0000
1000301c:	e7f9      	b.n	10003012 <hidd_open+0x2e>
1000301e:	7809      	ldrb	r1, [r1, #0]
10003020:	1862      	adds	r2, r4, r1
10003022:	f892 e001 	ldrb.w	lr, [r2, #1]
10003026:	f1be 0f21 	cmp.w	lr, #33	@ 0x21
1000302a:	d1ec      	bne.n	10003006 <hidd_open+0x22>
1000302c:	60ba      	str	r2, [r7, #8]
1000302e:	5c61      	ldrb	r1, [r4, r1]
10003030:	4606      	mov	r6, r0
10003032:	4411      	add	r1, r2
10003034:	4662      	mov	r2, ip
10003036:	f107 0c01 	add.w	ip, r7, #1
1000303a:	f8cd c004 	str.w	ip, [sp, #4]
1000303e:	f107 0c02 	add.w	ip, r7, #2
10003042:	f8cd c000 	str.w	ip, [sp]
10003046:	f7ff fda3 	bl	10002b90 <usbd_open_edpt_pair>
1000304a:	2800      	cmp	r0, #0
1000304c:	d0db      	beq.n	10003006 <hidd_open+0x22>
1000304e:	79a3      	ldrb	r3, [r4, #6]
10003050:	68ba      	ldr	r2, [r7, #8]
10003052:	2b01      	cmp	r3, #1
10003054:	bf08      	it	eq
10003056:	79e3      	ldrbeq	r3, [r4, #7]
10003058:	f8b2 2007 	ldrh.w	r2, [r2, #7]
1000305c:	bf08      	it	eq
1000305e:	70fb      	strbeq	r3, [r7, #3]
10003060:	2301      	movs	r3, #1
10003062:	71bb      	strb	r3, [r7, #6]
10003064:	78a3      	ldrb	r3, [r4, #2]
10003066:	78b9      	ldrb	r1, [r7, #2]
10003068:	80ba      	strh	r2, [r7, #4]
1000306a:	703b      	strb	r3, [r7, #0]
1000306c:	2900      	cmp	r1, #0
1000306e:	d0d1      	beq.n	10003014 <hidd_open+0x30>
10003070:	2310      	movs	r3, #16
10003072:	4630      	mov	r0, r6
10003074:	4a07      	ldr	r2, [pc, #28]	@ (10003094 <hidd_open+0xb0>)
10003076:	f7ff fdeb 	bl	10002c50 <usbd_edpt_xfer>
1000307a:	2800      	cmp	r0, #0
1000307c:	d1ca      	bne.n	10003014 <hidd_open+0x30>
1000307e:	f04f 23e0 	mov.w	r3, #3758153728	@ 0xe000e000
10003082:	f8d3 3df0 	ldr.w	r3, [r3, #3568]	@ 0xdf0
10003086:	07db      	lsls	r3, r3, #31
10003088:	d5c4      	bpl.n	10003014 <hidd_open+0x30>
1000308a:	be00      	bkpt	0x0000
1000308c:	e7c2      	b.n	10003014 <hidd_open+0x30>
1000308e:	bf00      	nop
10003090:	20001530 	.word	0x20001530
10003094:	20001520 	.word	0x20001520

10003098 <hidd_control_xfer_cb>:
10003098:	b570      	push	{r4, r5, r6, lr}
1000309a:	4614      	mov	r4, r2
1000309c:	7812      	ldrb	r2, [r2, #0]
1000309e:	b082      	sub	sp, #8
100030a0:	f002 0c1f 	and.w	ip, r2, #31
100030a4:	f1bc 0f01 	cmp.w	ip, #1
100030a8:	d113      	bne.n	100030d2 <hidd_control_xfer_cb+0x3a>
100030aa:	4e68      	ldr	r6, [pc, #416]	@ (1000324c <hidd_control_xfer_cb+0x1b4>)
100030ac:	f8b4 c004 	ldrh.w	ip, [r4, #4]
100030b0:	7833      	ldrb	r3, [r6, #0]
100030b2:	fa5f fc8c 	uxtb.w	ip, ip
100030b6:	4563      	cmp	r3, ip
100030b8:	d10b      	bne.n	100030d2 <hidd_control_xfer_cb+0x3a>
100030ba:	f012 0260 	ands.w	r2, r2, #96	@ 0x60
100030be:	4605      	mov	r5, r0
100030c0:	d10a      	bne.n	100030d8 <hidd_control_xfer_cb+0x40>
100030c2:	2901      	cmp	r1, #1
100030c4:	d002      	beq.n	100030cc <hidd_control_xfer_cb+0x34>
100030c6:	2001      	movs	r0, #1
100030c8:	b002      	add	sp, #8
100030ca:	bd70      	pop	{r4, r5, r6, pc}
100030cc:	7863      	ldrb	r3, [r4, #1]
100030ce:	2b06      	cmp	r3, #6
100030d0:	d022      	beq.n	10003118 <hidd_control_xfer_cb+0x80>
100030d2:	2000      	movs	r0, #0
100030d4:	b002      	add	sp, #8
100030d6:	bd70      	pop	{r4, r5, r6, pc}
100030d8:	2a20      	cmp	r2, #32
100030da:	d1fa      	bne.n	100030d2 <hidd_control_xfer_cb+0x3a>
100030dc:	7863      	ldrb	r3, [r4, #1]
100030de:	3b01      	subs	r3, #1
100030e0:	2b0a      	cmp	r3, #10
100030e2:	d8f6      	bhi.n	100030d2 <hidd_control_xfer_cb+0x3a>
100030e4:	a201      	add	r2, pc, #4	@ (adr r2, 100030ec <hidd_control_xfer_cb+0x54>)
100030e6:	f852 f023 	ldr.w	pc, [r2, r3, lsl #2]
100030ea:	bf00      	nop
100030ec:	100031c7 	.word	0x100031c7
100030f0:	100031b7 	.word	0x100031b7
100030f4:	100031a7 	.word	0x100031a7
100030f8:	100030d3 	.word	0x100030d3
100030fc:	100030d3 	.word	0x100030d3
10003100:	100030d3 	.word	0x100030d3
10003104:	100030d3 	.word	0x100030d3
10003108:	100030d3 	.word	0x100030d3
1000310c:	1000316d 	.word	0x1000316d
10003110:	1000314f 	.word	0x1000314f
10003114:	10003139 	.word	0x10003139
10003118:	8863      	ldrh	r3, [r4, #2]
1000311a:	0a1b      	lsrs	r3, r3, #8
1000311c:	2b21      	cmp	r3, #33	@ 0x21
1000311e:	d07d      	beq.n	1000321c <hidd_control_xfer_cb+0x184>
10003120:	2b22      	cmp	r3, #34	@ 0x22
10003122:	d1d6      	bne.n	100030d2 <hidd_control_xfer_cb+0x3a>
10003124:	4610      	mov	r0, r2
10003126:	f7fd f9f1 	bl	1000050c <tud_hid_descriptor_report_cb>
1000312a:	4621      	mov	r1, r4
1000312c:	4602      	mov	r2, r0
1000312e:	88b3      	ldrh	r3, [r6, #4]
10003130:	4628      	mov	r0, r5
10003132:	f7ff fded 	bl	10002d10 <tud_control_xfer>
10003136:	e7c6      	b.n	100030c6 <hidd_control_xfer_cb+0x2e>
10003138:	2901      	cmp	r1, #1
1000313a:	d012      	beq.n	10003162 <hidd_control_xfer_cb+0xca>
1000313c:	2903      	cmp	r1, #3
1000313e:	d1c2      	bne.n	100030c6 <hidd_control_xfer_cb+0x2e>
10003140:	8861      	ldrh	r1, [r4, #2]
10003142:	2000      	movs	r0, #0
10003144:	b2c9      	uxtb	r1, r1
10003146:	71b1      	strb	r1, [r6, #6]
10003148:	f7ff fed8 	bl	10002efc <tud_hid_set_protocol_cb>
1000314c:	e7bb      	b.n	100030c6 <hidd_control_xfer_cb+0x2e>
1000314e:	2901      	cmp	r1, #1
10003150:	d1b9      	bne.n	100030c6 <hidd_control_xfer_cb+0x2e>
10003152:	8861      	ldrh	r1, [r4, #2]
10003154:	2000      	movs	r0, #0
10003156:	0a09      	lsrs	r1, r1, #8
10003158:	71f1      	strb	r1, [r6, #7]
1000315a:	f7ff fed1 	bl	10002f00 <tud_hid_set_idle_cb>
1000315e:	2800      	cmp	r0, #0
10003160:	d0b7      	beq.n	100030d2 <hidd_control_xfer_cb+0x3a>
10003162:	4621      	mov	r1, r4
10003164:	4628      	mov	r0, r5
10003166:	f7ff fdb9 	bl	10002cdc <tud_control_status>
1000316a:	e7ac      	b.n	100030c6 <hidd_control_xfer_cb+0x2e>
1000316c:	2901      	cmp	r1, #1
1000316e:	d060      	beq.n	10003232 <hidd_control_xfer_cb+0x19a>
10003170:	2903      	cmp	r1, #3
10003172:	d1a8      	bne.n	100030c6 <hidd_control_xfer_cb+0x2e>
10003174:	88e0      	ldrh	r0, [r4, #6]
10003176:	8863      	ldrh	r3, [r4, #2]
10003178:	2810      	cmp	r0, #16
1000317a:	4604      	mov	r4, r0
1000317c:	bf28      	it	cs
1000317e:	2410      	movcs	r4, #16
10003180:	f013 01ff 	ands.w	r1, r3, #255	@ 0xff
10003184:	ea4f 2213 	mov.w	r2, r3, lsr #8
10003188:	4b31      	ldr	r3, [pc, #196]	@ (10003250 <hidd_control_xfer_cb+0x1b8>)
1000318a:	d007      	beq.n	1000319c <hidd_control_xfer_cb+0x104>
1000318c:	2801      	cmp	r0, #1
1000318e:	d905      	bls.n	1000319c <hidd_control_xfer_cb+0x104>
10003190:	7818      	ldrb	r0, [r3, #0]
10003192:	4288      	cmp	r0, r1
10003194:	d102      	bne.n	1000319c <hidd_control_xfer_cb+0x104>
10003196:	3c01      	subs	r4, #1
10003198:	b2a4      	uxth	r4, r4
1000319a:	3301      	adds	r3, #1
1000319c:	2000      	movs	r0, #0
1000319e:	9400      	str	r4, [sp, #0]
100031a0:	f7fd f9ac 	bl	100004fc <tud_hid_set_report_cb>
100031a4:	e78f      	b.n	100030c6 <hidd_control_xfer_cb+0x2e>
100031a6:	2901      	cmp	r1, #1
100031a8:	d18d      	bne.n	100030c6 <hidd_control_xfer_cb+0x2e>
100031aa:	460b      	mov	r3, r1
100031ac:	4a29      	ldr	r2, [pc, #164]	@ (10003254 <hidd_control_xfer_cb+0x1bc>)
100031ae:	4621      	mov	r1, r4
100031b0:	f7ff fdae 	bl	10002d10 <tud_control_xfer>
100031b4:	e787      	b.n	100030c6 <hidd_control_xfer_cb+0x2e>
100031b6:	2901      	cmp	r1, #1
100031b8:	d185      	bne.n	100030c6 <hidd_control_xfer_cb+0x2e>
100031ba:	460b      	mov	r3, r1
100031bc:	4a26      	ldr	r2, [pc, #152]	@ (10003258 <hidd_control_xfer_cb+0x1c0>)
100031be:	4621      	mov	r1, r4
100031c0:	f7ff fda6 	bl	10002d10 <tud_control_xfer>
100031c4:	e77f      	b.n	100030c6 <hidd_control_xfer_cb+0x2e>
100031c6:	2901      	cmp	r1, #1
100031c8:	f47f af7d 	bne.w	100030c6 <hidd_control_xfer_cb+0x2e>
100031cc:	88e6      	ldrh	r6, [r4, #6]
100031ce:	8863      	ldrh	r3, [r4, #2]
100031d0:	2e10      	cmp	r6, #16
100031d2:	46b4      	mov	ip, r6
100031d4:	bf28      	it	cs
100031d6:	f04f 0c10 	movcs.w	ip, #16
100031da:	f013 00ff 	ands.w	r0, r3, #255	@ 0xff
100031de:	ea4f 2213 	mov.w	r2, r3, lsr #8
100031e2:	d030      	beq.n	10003246 <hidd_control_xfer_cb+0x1ae>
100031e4:	2e01      	cmp	r6, #1
100031e6:	d92e      	bls.n	10003246 <hidd_control_xfer_cb+0x1ae>
100031e8:	460e      	mov	r6, r1
100031ea:	4b19      	ldr	r3, [pc, #100]	@ (10003250 <hidd_control_xfer_cb+0x1b8>)
100031ec:	f10c 3cff 	add.w	ip, ip, #4294967295	@ 0xffffffff
100031f0:	fa1f fc8c 	uxth.w	ip, ip
100031f4:	f803 0b01 	strb.w	r0, [r3], #1
100031f8:	4601      	mov	r1, r0
100031fa:	f8cd c000 	str.w	ip, [sp]
100031fe:	2000      	movs	r0, #0
10003200:	f7fd f97e 	bl	10000500 <tud_hid_get_report_cb>
10003204:	1833      	adds	r3, r6, r0
10003206:	b29b      	uxth	r3, r3
10003208:	b9bb      	cbnz	r3, 1000323a <hidd_control_xfer_cb+0x1a2>
1000320a:	f04f 23e0 	mov.w	r3, #3758153728	@ 0xe000e000
1000320e:	f8d3 3df0 	ldr.w	r3, [r3, #3568]	@ 0xdf0
10003212:	07db      	lsls	r3, r3, #31
10003214:	f57f af5d 	bpl.w	100030d2 <hidd_control_xfer_cb+0x3a>
10003218:	be00      	bkpt	0x0000
1000321a:	e75a      	b.n	100030d2 <hidd_control_xfer_cb+0x3a>
1000321c:	68b2      	ldr	r2, [r6, #8]
1000321e:	2a00      	cmp	r2, #0
10003220:	f43f af57 	beq.w	100030d2 <hidd_control_xfer_cb+0x3a>
10003224:	4621      	mov	r1, r4
10003226:	7813      	ldrb	r3, [r2, #0]
10003228:	b002      	add	sp, #8
1000322a:	e8bd 4070 	ldmia.w	sp!, {r4, r5, r6, lr}
1000322e:	f7ff bd6f 	b.w	10002d10 <tud_control_xfer>
10003232:	88e3      	ldrh	r3, [r4, #6]
10003234:	2b10      	cmp	r3, #16
10003236:	f63f af4c 	bhi.w	100030d2 <hidd_control_xfer_cb+0x3a>
1000323a:	4621      	mov	r1, r4
1000323c:	4628      	mov	r0, r5
1000323e:	4a04      	ldr	r2, [pc, #16]	@ (10003250 <hidd_control_xfer_cb+0x1b8>)
10003240:	f7ff fd66 	bl	10002d10 <tud_control_xfer>
10003244:	e73f      	b.n	100030c6 <hidd_control_xfer_cb+0x2e>
10003246:	2600      	movs	r6, #0
10003248:	4b01      	ldr	r3, [pc, #4]	@ (10003250 <hidd_control_xfer_cb+0x1b8>)
1000324a:	e7d5      	b.n	100031f8 <hidd_control_xfer_cb+0x160>
1000324c:	20001530 	.word	0x20001530
10003250:	20001500 	.word	0x20001500
10003254:	20001536 	.word	0x20001536
10003258:	20001537 	.word	0x20001537

1000325c <hidd_xfer_cb>:
1000325c:	b570      	push	{r4, r5, r6, lr}
1000325e:	460c      	mov	r4, r1
10003260:	4d20      	ldr	r5, [pc, #128]	@ (100032e4 <hidd_xfer_cb+0x88>)
10003262:	4611      	mov	r1, r2
10003264:	f895 c002 	ldrb.w	ip, [r5, #2]
10003268:	f895 e001 	ldrb.w	lr, [r5, #1]
1000326c:	45a4      	cmp	ip, r4
1000326e:	b082      	sub	sp, #8
10003270:	d00b      	beq.n	1000328a <hidd_xfer_cb+0x2e>
10003272:	45a6      	cmp	lr, r4
10003274:	d01f      	beq.n	100032b6 <hidd_xfer_cb+0x5a>
10003276:	f04f 23e0 	mov.w	r3, #3758153728	@ 0xe000e000
1000327a:	f8d3 3df0 	ldr.w	r3, [r3, #3568]	@ 0xdf0
1000327e:	07db      	lsls	r3, r3, #31
10003280:	d500      	bpl.n	10003284 <hidd_xfer_cb+0x28>
10003282:	be00      	bkpt	0x0000
10003284:	2000      	movs	r0, #0
10003286:	b002      	add	sp, #8
10003288:	bd70      	pop	{r4, r5, r6, pc}
1000328a:	45e6      	cmp	lr, ip
1000328c:	b29c      	uxth	r4, r3
1000328e:	d013      	beq.n	100032b8 <hidd_xfer_cb+0x5c>
10003290:	4606      	mov	r6, r0
10003292:	b9c1      	cbnz	r1, 100032c6 <hidd_xfer_cb+0x6a>
10003294:	2202      	movs	r2, #2
10003296:	4608      	mov	r0, r1
10003298:	4b13      	ldr	r3, [pc, #76]	@ (100032e8 <hidd_xfer_cb+0x8c>)
1000329a:	9400      	str	r4, [sp, #0]
1000329c:	f7fd f92e 	bl	100004fc <tud_hid_set_report_cb>
100032a0:	2310      	movs	r3, #16
100032a2:	4630      	mov	r0, r6
100032a4:	4a10      	ldr	r2, [pc, #64]	@ (100032e8 <hidd_xfer_cb+0x8c>)
100032a6:	78a9      	ldrb	r1, [r5, #2]
100032a8:	f7ff fcd2 	bl	10002c50 <usbd_edpt_xfer>
100032ac:	2800      	cmp	r0, #0
100032ae:	d0e2      	beq.n	10003276 <hidd_xfer_cb+0x1a>
100032b0:	2001      	movs	r0, #1
100032b2:	b002      	add	sp, #8
100032b4:	bd70      	pop	{r4, r5, r6, pc}
100032b6:	b29c      	uxth	r4, r3
100032b8:	b961      	cbnz	r1, 100032d4 <hidd_xfer_cb+0x78>
100032ba:	4608      	mov	r0, r1
100032bc:	4622      	mov	r2, r4
100032be:	490b      	ldr	r1, [pc, #44]	@ (100032ec <hidd_xfer_cb+0x90>)
100032c0:	f7ff fe20 	bl	10002f04 <tud_hid_report_complete_cb>
100032c4:	e7f4      	b.n	100032b0 <hidd_xfer_cb+0x54>
100032c6:	4623      	mov	r3, r4
100032c8:	2102      	movs	r1, #2
100032ca:	2000      	movs	r0, #0
100032cc:	4a06      	ldr	r2, [pc, #24]	@ (100032e8 <hidd_xfer_cb+0x8c>)
100032ce:	f7ff fe1b 	bl	10002f08 <tud_hid_report_failed_cb>
100032d2:	e7e5      	b.n	100032a0 <hidd_xfer_cb+0x44>
100032d4:	4623      	mov	r3, r4
100032d6:	2101      	movs	r1, #1
100032d8:	2000      	movs	r0, #0
100032da:	4a04      	ldr	r2, [pc, #16]	@ (100032ec <hidd_xfer_cb+0x90>)
100032dc:	f7ff fe14 	bl	10002f08 <tud_hid_report_failed_cb>
100032e0:	e7e6      	b.n	100032b0 <hidd_xfer_cb+0x54>
100032e2:	bf00      	nop
100032e4:	20001530 	.word	0x20001530
100032e8:	20001520 	.word	0x20001520
100032ec:	20001510 	.word	0x20001510

100032f0 <tusb_rhport_init>:
100032f0:	b510      	push	{r4, lr}
100032f2:	b082      	sub	sp, #8
100032f4:	b1c9      	cbz	r1, 1000332a <tusb_rhport_init+0x3a>
100032f6:	2801      	cmp	r0, #1
100032f8:	d80c      	bhi.n	10003314 <tusb_rhport_init+0x24>
100032fa:	780b      	ldrb	r3, [r1, #0]
100032fc:	b153      	cbz	r3, 10003314 <tusb_rhport_init+0x24>
100032fe:	4c14      	ldr	r4, [pc, #80]	@ (10003350 <tusb_rhport_init+0x60>)
10003300:	2b01      	cmp	r3, #1
10003302:	5423      	strb	r3, [r4, r0]
10003304:	d002      	beq.n	1000330c <tusb_rhport_init+0x1c>
10003306:	2001      	movs	r0, #1
10003308:	b002      	add	sp, #8
1000330a:	bd10      	pop	{r4, pc}
1000330c:	f7ff f81a 	bl	10002344 <tud_rhport_init>
10003310:	2800      	cmp	r0, #0
10003312:	d1f8      	bne.n	10003306 <tusb_rhport_init+0x16>
10003314:	f04f 23e0 	mov.w	r3, #3758153728	@ 0xe000e000
10003318:	f8d3 3df0 	ldr.w	r3, [r3, #3568]	@ 0xdf0
1000331c:	07db      	lsls	r3, r3, #31
1000331e:	d402      	bmi.n	10003326 <tusb_rhport_init+0x36>
10003320:	2000      	movs	r0, #0
10003322:	b002      	add	sp, #8
10003324:	bd10      	pop	{r4, pc}
10003326:	be00      	bkpt	0x0000
10003328:	e7fa      	b.n	10003320 <tusb_rhport_init+0x30>
1000332a:	2401      	movs	r4, #1
1000332c:	4608      	mov	r0, r1
1000332e:	a901      	add	r1, sp, #4
10003330:	f8ad 4004 	strh.w	r4, [sp, #4]
10003334:	f7ff f806 	bl	10002344 <tud_rhport_init>
10003338:	b938      	cbnz	r0, 1000334a <tusb_rhport_init+0x5a>
1000333a:	f04f 23e0 	mov.w	r3, #3758153728	@ 0xe000e000
1000333e:	f8d3 3df0 	ldr.w	r3, [r3, #3568]	@ 0xdf0
10003342:	07da      	lsls	r2, r3, #31
10003344:	d5ed      	bpl.n	10003322 <tusb_rhport_init+0x32>
10003346:	be00      	bkpt	0x0000
10003348:	e7eb      	b.n	10003322 <tusb_rhport_init+0x32>
1000334a:	4b01      	ldr	r3, [pc, #4]	@ (10003350 <tusb_rhport_init+0x60>)
1000334c:	701c      	strb	r4, [r3, #0]
1000334e:	e7e8      	b.n	10003322 <tusb_rhport_init+0x32>
10003350:	2000155c 	.word	0x2000155c

10003354 <tu_edpt_claim>:
10003354:	b5f8      	push	{r3, r4, r5, r6, r7, lr}
10003356:	7803      	ldrb	r3, [r0, #0]
10003358:	f013 0401 	ands.w	r4, r3, #1
1000335c:	d11a      	bne.n	10003394 <tu_edpt_claim+0x40>
1000335e:	7803      	ldrb	r3, [r0, #0]
10003360:	4605      	mov	r5, r0
10003362:	075a      	lsls	r2, r3, #29
10003364:	f3c3 0780 	ubfx	r7, r3, #2, #1
10003368:	d501      	bpl.n	1000336e <tu_edpt_claim+0x1a>
1000336a:	4620      	mov	r0, r4
1000336c:	bdf8      	pop	{r3, r4, r5, r6, r7, pc}
1000336e:	460e      	mov	r6, r1
10003370:	f04f 31ff 	mov.w	r1, #4294967295	@ 0xffffffff
10003374:	4630      	mov	r0, r6
10003376:	f000 fbcf 	bl	10003b18 <__mutex_enter_timeout_ms_veneer>
1000337a:	782b      	ldrb	r3, [r5, #0]
1000337c:	f013 0401 	ands.w	r4, r3, #1
10003380:	d10b      	bne.n	1000339a <tu_edpt_claim+0x46>
10003382:	782b      	ldrb	r3, [r5, #0]
10003384:	075b      	lsls	r3, r3, #29
10003386:	d409      	bmi.n	1000339c <tu_edpt_claim+0x48>
10003388:	782b      	ldrb	r3, [r5, #0]
1000338a:	2401      	movs	r4, #1
1000338c:	f043 0304 	orr.w	r3, r3, #4
10003390:	702b      	strb	r3, [r5, #0]
10003392:	e003      	b.n	1000339c <tu_edpt_claim+0x48>
10003394:	2400      	movs	r4, #0
10003396:	4620      	mov	r0, r4
10003398:	bdf8      	pop	{r3, r4, r5, r6, r7, pc}
1000339a:	463c      	mov	r4, r7
1000339c:	4630      	mov	r0, r6
1000339e:	f000 fbc7 	bl	10003b30 <__mutex_exit_veneer>
100033a2:	4620      	mov	r0, r4
100033a4:	bdf8      	pop	{r3, r4, r5, r6, r7, pc}
100033a6:	bf00      	nop

100033a8 <tu_edpt_validate>:
100033a8:	78c3      	ldrb	r3, [r0, #3]
100033aa:	8882      	ldrh	r2, [r0, #4]
100033ac:	f003 0003 	and.w	r0, r3, #3
100033b0:	2802      	cmp	r0, #2
100033b2:	f3c2 020a 	ubfx	r2, r2, #0, #11
100033b6:	d015      	beq.n	100033e4 <tu_edpt_validate+0x3c>
100033b8:	2803      	cmp	r0, #3
100033ba:	d00a      	beq.n	100033d2 <tu_edpt_validate+0x2a>
100033bc:	2801      	cmp	r0, #1
100033be:	d11c      	bne.n	100033fa <tu_edpt_validate+0x52>
100033c0:	2902      	cmp	r1, #2
100033c2:	f240 33ff 	movw	r3, #1023	@ 0x3ff
100033c6:	bf08      	it	eq
100033c8:	f44f 6380 	moveq.w	r3, #1024	@ 0x400
100033cc:	4293      	cmp	r3, r2
100033ce:	d30d      	bcc.n	100033ec <tu_edpt_validate+0x44>
100033d0:	4770      	bx	lr
100033d2:	2902      	cmp	r1, #2
100033d4:	bf14      	ite	ne
100033d6:	2340      	movne	r3, #64	@ 0x40
100033d8:	f44f 6380 	moveq.w	r3, #1024	@ 0x400
100033dc:	4293      	cmp	r3, r2
100033de:	d305      	bcc.n	100033ec <tu_edpt_validate+0x44>
100033e0:	2001      	movs	r0, #1
100033e2:	4770      	bx	lr
100033e4:	2902      	cmp	r1, #2
100033e6:	d00a      	beq.n	100033fe <tu_edpt_validate+0x56>
100033e8:	2a40      	cmp	r2, #64	@ 0x40
100033ea:	d9f9      	bls.n	100033e0 <tu_edpt_validate+0x38>
100033ec:	f04f 23e0 	mov.w	r3, #3758153728	@ 0xe000e000
100033f0:	f8d3 3df0 	ldr.w	r3, [r3, #3568]	@ 0xdf0
100033f4:	07db      	lsls	r3, r3, #31
100033f6:	d500      	bpl.n	100033fa <tu_edpt_validate+0x52>
100033f8:	be00      	bkpt	0x0000
100033fa:	2000      	movs	r0, #0
100033fc:	4770      	bx	lr
100033fe:	f5b2 7f00 	cmp.w	r2, #512	@ 0x200
10003402:	d0ed      	beq.n	100033e0 <tu_edpt_validate+0x38>
10003404:	e7f2      	b.n	100033ec <tu_edpt_validate+0x44>
10003406:	bf00      	nop

10003408 <tu_edpt_bind_driver>:
10003408:	440a      	add	r2, r1
1000340a:	4291      	cmp	r1, r2
1000340c:	d226      	bcs.n	1000345c <tu_edpt_bind_driver+0x54>
1000340e:	f891 c001 	ldrb.w	ip, [r1, #1]
10003412:	f1bc 0f05 	cmp.w	ip, #5
10003416:	d005      	beq.n	10003424 <tu_edpt_bind_driver+0x1c>
10003418:	f891 c000 	ldrb.w	ip, [r1]
1000341c:	4461      	add	r1, ip
1000341e:	428a      	cmp	r2, r1
10003420:	d8f5      	bhi.n	1000340e <tu_edpt_bind_driver+0x6>
10003422:	4770      	bx	lr
10003424:	b500      	push	{lr}
10003426:	f891 c002 	ldrb.w	ip, [r1, #2]
1000342a:	f00c 0e7f 	and.w	lr, ip, #127	@ 0x7f
1000342e:	eb00 0e4e 	add.w	lr, r0, lr, lsl #1
10003432:	ea4f 1cdc 	mov.w	ip, ip, lsr #7
10003436:	f80e 300c 	strb.w	r3, [lr, ip]
1000343a:	f891 c000 	ldrb.w	ip, [r1]
1000343e:	4461      	add	r1, ip
10003440:	428a      	cmp	r2, r1
10003442:	d909      	bls.n	10003458 <tu_edpt_bind_driver+0x50>
10003444:	f891 c001 	ldrb.w	ip, [r1, #1]
10003448:	f1bc 0f05 	cmp.w	ip, #5
1000344c:	d0eb      	beq.n	10003426 <tu_edpt_bind_driver+0x1e>
1000344e:	f891 c000 	ldrb.w	ip, [r1]
10003452:	4461      	add	r1, ip
10003454:	428a      	cmp	r2, r1
10003456:	d8f5      	bhi.n	10003444 <tu_edpt_bind_driver+0x3c>
10003458:	f85d fb04 	ldr.w	pc, [sp], #4
1000345c:	4770      	bx	lr
1000345e:	bf00      	nop

10003460 <tu_fifo_read>:
10003460:	b538      	push	{r3, r4, r5, lr}
10003462:	4604      	mov	r4, r0
10003464:	6900      	ldr	r0, [r0, #16]
10003466:	460d      	mov	r5, r1
10003468:	b118      	cbz	r0, 10003472 <tu_fifo_read+0x12>
1000346a:	f04f 31ff 	mov.w	r1, #4294967295	@ 0xffffffff
1000346e:	f000 fb53 	bl	10003b18 <__mutex_enter_timeout_ms_veneer>
10003472:	8921      	ldrh	r1, [r4, #8]
10003474:	8963      	ldrh	r3, [r4, #10]
10003476:	b289      	uxth	r1, r1
10003478:	b29b      	uxth	r3, r3
1000347a:	88a2      	ldrh	r2, [r4, #4]
1000347c:	4299      	cmp	r1, r3
1000347e:	bf36      	itet	cc
10003480:	ebc3 0042 	rsbcc	r0, r3, r2, lsl #1
10003484:	1ac8      	subcs	r0, r1, r3
10003486:	1840      	addcc	r0, r0, r1
10003488:	b280      	uxth	r0, r0
1000348a:	b350      	cbz	r0, 100034e2 <tu_fifo_read+0x82>
1000348c:	4282      	cmp	r2, r0
1000348e:	d209      	bcs.n	100034a4 <tu_fifo_read+0x44>
10003490:	4291      	cmp	r1, r2
10003492:	bf2c      	ite	cs
10003494:	1a89      	subcs	r1, r1, r2
10003496:	1889      	addcc	r1, r1, r2
10003498:	b28b      	uxth	r3, r1
1000349a:	429a      	cmp	r2, r3
1000349c:	8163      	strh	r3, [r4, #10]
1000349e:	d803      	bhi.n	100034a8 <tu_fifo_read+0x48>
100034a0:	1a9b      	subs	r3, r3, r2
100034a2:	b29b      	uxth	r3, r3
100034a4:	429a      	cmp	r2, r3
100034a6:	d9fb      	bls.n	100034a0 <tu_fifo_read+0x40>
100034a8:	88e2      	ldrh	r2, [r4, #6]
100034aa:	6821      	ldr	r1, [r4, #0]
100034ac:	f3c2 020e 	ubfx	r2, r2, #0, #15
100034b0:	fb02 1103 	mla	r1, r2, r3, r1
100034b4:	4628      	mov	r0, r5
100034b6:	f000 fa3b 	bl	10003930 <memcpy>
100034ba:	8961      	ldrh	r1, [r4, #10]
100034bc:	2501      	movs	r5, #1
100034be:	b289      	uxth	r1, r1
100034c0:	1c4b      	adds	r3, r1, #1
100034c2:	b29b      	uxth	r3, r3
100034c4:	4299      	cmp	r1, r3
100034c6:	88a2      	ldrh	r2, [r4, #4]
100034c8:	d90e      	bls.n	100034e8 <tu_fifo_read+0x88>
100034ca:	2300      	movs	r3, #0
100034cc:	fa02 f105 	lsl.w	r1, r2, r5
100034d0:	1a5b      	subs	r3, r3, r1
100034d2:	b29b      	uxth	r3, r3
100034d4:	6920      	ldr	r0, [r4, #16]
100034d6:	8163      	strh	r3, [r4, #10]
100034d8:	b108      	cbz	r0, 100034de <tu_fifo_read+0x7e>
100034da:	f000 fb29 	bl	10003b30 <__mutex_exit_veneer>
100034de:	4628      	mov	r0, r5
100034e0:	bd38      	pop	{r3, r4, r5, pc}
100034e2:	4605      	mov	r5, r0
100034e4:	8963      	ldrh	r3, [r4, #10]
100034e6:	b29b      	uxth	r3, r3
100034e8:	ebb3 0f42 	cmp.w	r3, r2, lsl #1
100034ec:	ea4f 0142 	mov.w	r1, r2, lsl #1
100034f0:	dbf0      	blt.n	100034d4 <tu_fifo_read+0x74>
100034f2:	e7ed      	b.n	100034d0 <tu_fifo_read+0x70>

100034f4 <tu_fifo_write>:
100034f4:	b5f8      	push	{r3, r4, r5, r6, r7, lr}
100034f6:	4604      	mov	r4, r0
100034f8:	68c0      	ldr	r0, [r0, #12]
100034fa:	460e      	mov	r6, r1
100034fc:	b118      	cbz	r0, 10003506 <tu_fifo_write+0x12>
100034fe:	f04f 31ff 	mov.w	r1, #4294967295	@ 0xffffffff
10003502:	f000 fb09 	bl	10003b18 <__mutex_enter_timeout_ms_veneer>
10003506:	8925      	ldrh	r5, [r4, #8]
10003508:	8923      	ldrh	r3, [r4, #8]
1000350a:	8961      	ldrh	r1, [r4, #10]
1000350c:	b29b      	uxth	r3, r3
1000350e:	b289      	uxth	r1, r1
10003510:	88a2      	ldrh	r2, [r4, #4]
10003512:	428b      	cmp	r3, r1
10003514:	bf36      	itet	cc
10003516:	ebc1 0142 	rsbcc	r1, r1, r2, lsl #1
1000351a:	1a5b      	subcs	r3, r3, r1
1000351c:	185b      	addcc	r3, r3, r1
1000351e:	b29b      	uxth	r3, r3
10003520:	429a      	cmp	r2, r3
10003522:	b2ad      	uxth	r5, r5
10003524:	d808      	bhi.n	10003538 <tu_fifo_write+0x44>
10003526:	79e7      	ldrb	r7, [r4, #7]
10003528:	09ff      	lsrs	r7, r7, #7
1000352a:	d105      	bne.n	10003538 <tu_fifo_write+0x44>
1000352c:	68e0      	ldr	r0, [r4, #12]
1000352e:	b108      	cbz	r0, 10003534 <tu_fifo_write+0x40>
10003530:	f000 fafe 	bl	10003b30 <__mutex_exit_veneer>
10003534:	4638      	mov	r0, r7
10003536:	bdf8      	pop	{r3, r4, r5, r6, r7, pc}
10003538:	4295      	cmp	r5, r2
1000353a:	bf28      	it	cs
1000353c:	462b      	movcs	r3, r5
1000353e:	d318      	bcc.n	10003572 <tu_fifo_write+0x7e>
10003540:	1a9b      	subs	r3, r3, r2
10003542:	b29b      	uxth	r3, r3
10003544:	4293      	cmp	r3, r2
10003546:	d2fb      	bcs.n	10003540 <tu_fifo_write+0x4c>
10003548:	88e2      	ldrh	r2, [r4, #6]
1000354a:	6820      	ldr	r0, [r4, #0]
1000354c:	f3c2 020e 	ubfx	r2, r2, #0, #15
10003550:	fb02 0003 	mla	r0, r2, r3, r0
10003554:	4631      	mov	r1, r6
10003556:	f000 f9eb 	bl	10003930 <memcpy>
1000355a:	1c6b      	adds	r3, r5, #1
1000355c:	b29b      	uxth	r3, r3
1000355e:	429d      	cmp	r5, r3
10003560:	88a2      	ldrh	r2, [r4, #4]
10003562:	d912      	bls.n	1000358a <tu_fifo_write+0x96>
10003564:	2300      	movs	r3, #0
10003566:	0051      	lsls	r1, r2, #1
10003568:	1a5b      	subs	r3, r3, r1
1000356a:	b29b      	uxth	r3, r3
1000356c:	2701      	movs	r7, #1
1000356e:	8123      	strh	r3, [r4, #8]
10003570:	e7dc      	b.n	1000352c <tu_fifo_write+0x38>
10003572:	88e2      	ldrh	r2, [r4, #6]
10003574:	6820      	ldr	r0, [r4, #0]
10003576:	f3c2 020e 	ubfx	r2, r2, #0, #15
1000357a:	fb05 0002 	mla	r0, r5, r2, r0
1000357e:	4631      	mov	r1, r6
10003580:	f000 f9d6 	bl	10003930 <memcpy>
10003584:	3501      	adds	r5, #1
10003586:	88a2      	ldrh	r2, [r4, #4]
10003588:	b2ab      	uxth	r3, r5
1000358a:	ebb3 0f42 	cmp.w	r3, r2, lsl #1
1000358e:	ea4f 0142 	mov.w	r1, r2, lsl #1
10003592:	dbeb      	blt.n	1000356c <tu_fifo_write+0x78>
10003594:	e7e8      	b.n	10003568 <tu_fifo_write+0x74>
10003596:	bf00      	nop

10003598 <tu_fifo_clear>:
10003598:	b510      	push	{r4, lr}
1000359a:	4604      	mov	r4, r0
1000359c:	68c0      	ldr	r0, [r0, #12]
1000359e:	b118      	cbz	r0, 100035a8 <tu_fifo_clear+0x10>
100035a0:	f04f 31ff 	mov.w	r1, #4294967295	@ 0xffffffff
100035a4:	f000 fab8 	bl	10003b18 <__mutex_enter_timeout_ms_veneer>
100035a8:	6920      	ldr	r0, [r4, #16]
100035aa:	b118      	cbz	r0, 100035b4 <tu_fifo_clear+0x1c>
100035ac:	f04f 31ff 	mov.w	r1, #4294967295	@ 0xffffffff
100035b0:	f000 fab2 	bl	10003b18 <__mutex_enter_timeout_ms_veneer>
100035b4:	2300      	movs	r3, #0
100035b6:	68e0      	ldr	r0, [r4, #12]
100035b8:	8163      	strh	r3, [r4, #10]
100035ba:	8123      	strh	r3, [r4, #8]
100035bc:	b108      	cbz	r0, 100035c2 <tu_fifo_clear+0x2a>
100035be:	f000 fab7 	bl	10003b30 <__mutex_exit_veneer>
100035c2:	6920      	ldr	r0, [r4, #16]
100035c4:	b108      	cbz	r0, 100035ca <tu_fifo_clear+0x32>
100035c6:	f000 fab3 	bl	10003b30 <__mutex_exit_veneer>
100035ca:	2001      	movs	r0, #1
100035cc:	bd10      	pop	{r4, pc}
100035ce:	bf00      	nop

100035d0 <board_init>:
100035d0:	b510      	push	{r4, lr}
100035d2:	2019      	movs	r0, #25
100035d4:	f7fc fff4 	bl	100005c0 <gpio_init>
100035d8:	2319      	movs	r3, #25
100035da:	2201      	movs	r2, #1
100035dc:	ec42 3044 	gpioc_bit_oe_put r3, r2
100035e0:	4c05      	ldr	r4, [pc, #20]	@ (100035f8 <board_init+0x28>)
100035e2:	4806      	ldr	r0, [pc, #24]	@ (100035fc <board_init+0x2c>)
100035e4:	4613      	mov	r3, r2
100035e6:	6020      	str	r0, [r4, #0]
100035e8:	2200      	movs	r2, #0
100035ea:	e8bd 4010 	ldmia.w	sp!, {r4, lr}
100035ee:	f44f 31e1 	mov.w	r1, #115200	@ 0x1c200
100035f2:	f7fe bca7 	b.w	10001f44 <stdio_uart_init_full>
100035f6:	bf00      	nop
100035f8:	20001b28 	.word	0x20001b28
100035fc:	40070000 	.word	0x40070000

10003600 <_retrieve_unique_id_on_boot>:
10003600:	b500      	push	{lr}
10003602:	f245 3047 	movw	r0, #21319	@ 0x5347
10003606:	b08b      	sub	sp, #44	@ 0x2c
10003608:	f7fe f900 	bl	1000180c <rom_func_lookup>
1000360c:	2201      	movs	r2, #1
1000360e:	4603      	mov	r3, r0
10003610:	2109      	movs	r1, #9
10003612:	a801      	add	r0, sp, #4
10003614:	4798      	blx	r3
10003616:	e9dd 3203 	ldrd	r3, r2, [sp, #12]
1000361a:	4904      	ldr	r1, [pc, #16]	@ (1000362c <_retrieve_unique_id_on_boot+0x2c>)
1000361c:	ba12      	rev	r2, r2
1000361e:	ba1b      	rev	r3, r3
10003620:	e9c1 2300 	strd	r2, r3, [r1]
10003624:	b00b      	add	sp, #44	@ 0x2c
10003626:	f85d fb04 	ldr.w	pc, [sp], #4
1000362a:	bf00      	nop
1000362c:	20001b18 	.word	0x20001b18

10003630 <pio_add_program>:
10003630:	e92d 47f0 	stmdb	sp!, {r4, r5, r6, r7, r8, r9, sl, lr}
10003634:	460f      	mov	r7, r1
10003636:	4605      	mov	r5, r0
10003638:	f7fc fffe 	bl	10000638 <hw_claim_lock>
1000363c:	2201      	movs	r2, #1
1000363e:	f897 a004 	ldrb.w	sl, [r7, #4]
10003642:	f997 c005 	ldrsb.w	ip, [r7, #5]
10003646:	f105 4e2f 	add.w	lr, r5, #2936012800	@ 0xaf000000
1000364a:	f8df 80d4 	ldr.w	r8, [pc, #212]	@ 10003720 <pio_add_program+0xf0>
1000364e:	f50e 0e60 	add.w	lr, lr, #14680064	@ 0xe00000
10003652:	fa02 f20a 	lsl.w	r2, r2, sl
10003656:	ea4f 5e1e 	mov.w	lr, lr, lsr #20
1000365a:	f1bc 0f00 	cmp.w	ip, #0
1000365e:	f858 602e 	ldr.w	r6, [r8, lr, lsl #2]
10003662:	f102 32ff 	add.w	r2, r2, #4294967295	@ 0xffffffff
10003666:	f1ca 0420 	rsb	r4, sl, #32
1000366a:	db35      	blt.n	100036d8 <pio_add_program+0xa8>
1000366c:	45a4      	cmp	ip, r4
1000366e:	dc03      	bgt.n	10003678 <pio_add_program+0x48>
10003670:	fa02 f30c 	lsl.w	r3, r2, ip
10003674:	4233      	tst	r3, r6
10003676:	d006      	beq.n	10003686 <pio_add_program+0x56>
10003678:	f04f 34ff 	mov.w	r4, #4294967295	@ 0xffffffff
1000367c:	f7fc ffee 	bl	1000065c <hw_claim_unlock>
10003680:	4620      	mov	r0, r4
10003682:	e8bd 87f0 	ldmia.w	sp!, {r4, r5, r6, r7, r8, r9, sl, pc}
10003686:	f8d5 3168 	ldr.w	r3, [r5, #360]	@ 0x168
1000368a:	79f9      	ldrb	r1, [r7, #7]
1000368c:	2b00      	cmp	r3, #0
1000368e:	d141      	bne.n	10003714 <pio_add_program+0xe4>
10003690:	074b      	lsls	r3, r1, #29
10003692:	d431      	bmi.n	100036f8 <pio_add_program+0xc8>
10003694:	4664      	mov	r4, ip
10003696:	fa02 f20c 	lsl.w	r2, r2, ip
1000369a:	4216      	tst	r6, r2
1000369c:	d133      	bne.n	10003706 <pio_add_program+0xd6>
1000369e:	6839      	ldr	r1, [r7, #0]
100036a0:	f1ba 0f00 	cmp.w	sl, #0
100036a4:	d010      	beq.n	100036c8 <pio_add_program+0x98>
100036a6:	4667      	mov	r7, ip
100036a8:	eb01 0a4a 	add.w	sl, r1, sl, lsl #1
100036ac:	f831 3b02 	ldrh.w	r3, [r1], #2
100036b0:	f107 0912 	add.w	r9, r7, #18
100036b4:	f5b3 5f00 	cmp.w	r3, #8192	@ 0x2000
100036b8:	bf38      	it	cc
100036ba:	4463      	addcc	r3, ip
100036bc:	4551      	cmp	r1, sl
100036be:	f107 0701 	add.w	r7, r7, #1
100036c2:	f845 3029 	str.w	r3, [r5, r9, lsl #2]
100036c6:	d1f1      	bne.n	100036ac <pio_add_program+0x7c>
100036c8:	4332      	orrs	r2, r6
100036ca:	f848 202e 	str.w	r2, [r8, lr, lsl #2]
100036ce:	f7fc ffc5 	bl	1000065c <hw_claim_unlock>
100036d2:	4620      	mov	r0, r4
100036d4:	e8bd 87f0 	ldmia.w	sp!, {r4, r5, r6, r7, r8, r9, sl, pc}
100036d8:	2c00      	cmp	r4, #0
100036da:	da02      	bge.n	100036e2 <pio_add_program+0xb2>
100036dc:	e013      	b.n	10003706 <pio_add_program+0xd6>
100036de:	3c01      	subs	r4, #1
100036e0:	d311      	bcc.n	10003706 <pio_add_program+0xd6>
100036e2:	fa02 f304 	lsl.w	r3, r2, r4
100036e6:	4233      	tst	r3, r6
100036e8:	46a4      	mov	ip, r4
100036ea:	d1f8      	bne.n	100036de <pio_add_program+0xae>
100036ec:	f8d5 1168 	ldr.w	r1, [r5, #360]	@ 0x168
100036f0:	79fb      	ldrb	r3, [r7, #7]
100036f2:	b991      	cbnz	r1, 1000371a <pio_add_program+0xea>
100036f4:	075b      	lsls	r3, r3, #29
100036f6:	d5ce      	bpl.n	10003696 <pio_add_program+0x66>
100036f8:	f06f 040a 	mvn.w	r4, #10
100036fc:	f7fc ffae 	bl	1000065c <hw_claim_unlock>
10003700:	4620      	mov	r0, r4
10003702:	e8bd 87f0 	ldmia.w	sp!, {r4, r5, r6, r7, r8, r9, sl, pc}
10003706:	f06f 0408 	mvn.w	r4, #8
1000370a:	f7fc ffa7 	bl	1000065c <hw_claim_unlock>
1000370e:	4620      	mov	r0, r4
10003710:	e8bd 87f0 	ldmia.w	sp!, {r4, r5, r6, r7, r8, r9, sl, pc}
10003714:	07c9      	lsls	r1, r1, #31
10003716:	d5bd      	bpl.n	10003694 <pio_add_program+0x64>
10003718:	e7ee      	b.n	100036f8 <pio_add_program+0xc8>
1000371a:	07d9      	lsls	r1, r3, #31
1000371c:	d5bb      	bpl.n	10003696 <pio_add_program+0x66>
1000371e:	e7eb      	b.n	100036f8 <pio_add_program+0xc8>
10003720:	20001684 	.word	0x20001684

10003724 <pio_sm_set_consecutive_pindirs>:
10003724:	e92d 41f0 	stmdb	sp!, {r4, r5, r6, r7, r8, lr}
10003728:	f8d0 4168 	ldr.w	r4, [r0, #360]	@ 0x168
1000372c:	f89d 6018 	ldrb.w	r6, [sp, #24]
10003730:	1b12      	subs	r2, r2, r4
10003732:	2a1f      	cmp	r2, #31
10003734:	d838      	bhi.n	100037a8 <pio_sm_set_consecutive_pindirs+0x84>
10003736:	f24e 049f 	movw	r4, #57503	@ 0xe09f
1000373a:	f24e 0580 	movw	r5, #57472	@ 0xe080
1000373e:	f44f 3800 	mov.w	r8, #131072	@ 0x20000
10003742:	eb01 0c41 	add.w	ip, r1, r1, lsl #1
10003746:	2e00      	cmp	r6, #0
10003748:	bf18      	it	ne
1000374a:	4625      	movne	r5, r4
1000374c:	eb00 04cc 	add.w	r4, r0, ip, lsl #3
10003750:	f504 5443 	add.w	r4, r4, #12480	@ 0x30c0
10003754:	eb00 0ccc 	add.w	ip, r0, ip, lsl #3
10003758:	2b05      	cmp	r3, #5
1000375a:	f8dc 70dc 	ldr.w	r7, [ip, #220]	@ 0xdc
1000375e:	ea4f 0e41 	mov.w	lr, r1, lsl #1
10003762:	f8dc 60cc 	ldr.w	r6, [ip, #204]	@ 0xcc
10003766:	f8c4 800c 	str.w	r8, [r4, #12]
1000376a:	d90c      	bls.n	10003786 <pio_sm_set_consecutive_pindirs+0x62>
1000376c:	0154      	lsls	r4, r2, #5
1000376e:	3b05      	subs	r3, #5
10003770:	f044 54a0 	orr.w	r4, r4, #335544320	@ 0x14000000
10003774:	3205      	adds	r2, #5
10003776:	2b05      	cmp	r3, #5
10003778:	f8cc 40dc 	str.w	r4, [ip, #220]	@ 0xdc
1000377c:	f002 021f 	and.w	r2, r2, #31
10003780:	f8cc 50d8 	str.w	r5, [ip, #216]	@ 0xd8
10003784:	d8f2      	bhi.n	1000376c <pio_sm_set_consecutive_pindirs+0x48>
10003786:	4471      	add	r1, lr
10003788:	eb00 01c1 	add.w	r1, r0, r1, lsl #3
1000378c:	2000      	movs	r0, #0
1000378e:	0152      	lsls	r2, r2, #5
10003790:	ea42 6383 	orr.w	r3, r2, r3, lsl #26
10003794:	f8c1 30dc 	str.w	r3, [r1, #220]	@ 0xdc
10003798:	f8c1 50d8 	str.w	r5, [r1, #216]	@ 0xd8
1000379c:	f8c1 70dc 	str.w	r7, [r1, #220]	@ 0xdc
100037a0:	f8c1 60cc 	str.w	r6, [r1, #204]	@ 0xcc
100037a4:	e8bd 81f0 	ldmia.w	sp!, {r4, r5, r6, r7, r8, pc}
100037a8:	f06f 0004 	mvn.w	r0, #4
100037ac:	e7fa      	b.n	100037a4 <pio_sm_set_consecutive_pindirs+0x80>
100037ae:	bf00      	nop

100037b0 <pio_sm_init>:
100037b0:	b5f0      	push	{r4, r5, r6, r7, lr}
100037b2:	2501      	movs	r5, #1
100037b4:	6804      	ldr	r4, [r0, #0]
100037b6:	408d      	lsls	r5, r1
100037b8:	ea24 0405 	bic.w	r4, r4, r5
100037bc:	6004      	str	r4, [r0, #0]
100037be:	b3b3      	cbz	r3, 1000382e <pio_sm_init+0x7e>
100037c0:	e9d3 5601 	ldrd	r5, r6, [r3, #4]
100037c4:	681f      	ldr	r7, [r3, #0]
100037c6:	68dc      	ldr	r4, [r3, #12]
100037c8:	eb01 0341 	add.w	r3, r1, r1, lsl #1
100037cc:	eb00 03c3 	add.w	r3, r0, r3, lsl #3
100037d0:	f8c3 70c8 	str.w	r7, [r3, #200]	@ 0xc8
100037d4:	ea4f 0c41 	mov.w	ip, r1, lsl #1
100037d8:	f8c3 60d0 	str.w	r6, [r3, #208]	@ 0xd0
100037dc:	f8c3 50cc 	str.w	r5, [r3, #204]	@ 0xcc
100037e0:	f8c3 40dc 	str.w	r4, [r3, #220]	@ 0xdc
100037e4:	eb0c 0301 	add.w	r3, ip, r1
100037e8:	f04f 3501 	mov.w	r5, #16843009	@ 0x1010101
100037ec:	eb00 0cc3 	add.w	ip, r0, r3, lsl #3
100037f0:	f04f 4600 	mov.w	r6, #2147483648	@ 0x80000000
100037f4:	eb00 0ec3 	add.w	lr, r0, r3, lsl #3
100037f8:	2301      	movs	r3, #1
100037fa:	f50e 5e86 	add.w	lr, lr, #4288	@ 0x10c0
100037fe:	1d0c      	adds	r4, r1, #4
10003800:	f101 0708 	add.w	r7, r1, #8
10003804:	408d      	lsls	r5, r1
10003806:	f8ce 6010 	str.w	r6, [lr, #16]
1000380a:	fa03 f404 	lsl.w	r4, r3, r4
1000380e:	f8ce 6010 	str.w	r6, [lr, #16]
10003812:	f002 021f 	and.w	r2, r2, #31
10003816:	6085      	str	r5, [r0, #8]
10003818:	40bb      	lsls	r3, r7
1000381a:	f500 5000 	add.w	r0, r0, #8192	@ 0x2000
1000381e:	6004      	str	r4, [r0, #0]
10003820:	f10e 0e10 	add.w	lr, lr, #16
10003824:	6003      	str	r3, [r0, #0]
10003826:	2000      	movs	r0, #0
10003828:	f8cc 20d8 	str.w	r2, [ip, #216]	@ 0xd8
1000382c:	bdf0      	pop	{r4, r5, r6, r7, pc}
1000382e:	f44f 3780 	mov.w	r7, #65536	@ 0x10000
10003832:	f44f 2640 	mov.w	r6, #786432	@ 0xc0000
10003836:	f44f 35f8 	mov.w	r5, #126976	@ 0x1f000
1000383a:	eb01 0441 	add.w	r4, r1, r1, lsl #1
1000383e:	eb00 04c4 	add.w	r4, r0, r4, lsl #3
10003842:	f8c4 70c8 	str.w	r7, [r4, #200]	@ 0xc8
10003846:	ea4f 0c41 	mov.w	ip, r1, lsl #1
1000384a:	f8c4 60d0 	str.w	r6, [r4, #208]	@ 0xd0
1000384e:	f8c4 50cc 	str.w	r5, [r4, #204]	@ 0xcc
10003852:	f8c4 30dc 	str.w	r3, [r4, #220]	@ 0xdc
10003856:	e7c5      	b.n	100037e4 <pio_sm_init+0x34>

10003858 <atexit>:
10003858:	2300      	movs	r3, #0
1000385a:	4601      	mov	r1, r0
1000385c:	461a      	mov	r2, r3
1000385e:	4618      	mov	r0, r3
10003860:	f000 b90a 	b.w	10003a78 <__register_exitproc>

10003864 <memset>:
10003864:	0783      	lsls	r3, r0, #30
10003866:	b530      	push	{r4, r5, lr}
10003868:	d046      	beq.n	100038f8 <memset+0x94>
1000386a:	1884      	adds	r4, r0, r2
1000386c:	4684      	mov	ip, r0
1000386e:	e004      	b.n	1000387a <memset+0x16>
10003870:	f803 1b01 	strb.w	r1, [r3], #1
10003874:	079d      	lsls	r5, r3, #30
10003876:	d004      	beq.n	10003882 <memset+0x1e>
10003878:	469c      	mov	ip, r3
1000387a:	45a4      	cmp	ip, r4
1000387c:	4663      	mov	r3, ip
1000387e:	d1f7      	bne.n	10003870 <memset+0xc>
10003880:	bd30      	pop	{r4, r5, pc}
10003882:	3a01      	subs	r2, #1
10003884:	4402      	add	r2, r0
10003886:	eba2 020c 	sub.w	r2, r2, ip
1000388a:	2a03      	cmp	r2, #3
1000388c:	d929      	bls.n	100038e2 <memset+0x7e>
1000388e:	b2cc      	uxtb	r4, r1
10003890:	2a0f      	cmp	r2, #15
10003892:	eb04 2404 	add.w	r4, r4, r4, lsl #8
10003896:	eb04 4404 	add.w	r4, r4, r4, lsl #16
1000389a:	d92f      	bls.n	100038fc <memset+0x98>
1000389c:	f1a2 0c10 	sub.w	ip, r2, #16
100038a0:	f103 0510 	add.w	r5, r3, #16
100038a4:	f02c 0c0f 	bic.w	ip, ip, #15
100038a8:	44ac      	add	ip, r5
100038aa:	e9c3 4400 	strd	r4, r4, [r3]
100038ae:	e9c3 4402 	strd	r4, r4, [r3, #8]
100038b2:	3310      	adds	r3, #16
100038b4:	4563      	cmp	r3, ip
100038b6:	d1f8      	bne.n	100038aa <memset+0x46>
100038b8:	f012 0f0c 	tst.w	r2, #12
100038bc:	f002 0e0f 	and.w	lr, r2, #15
100038c0:	d018      	beq.n	100038f4 <memset+0x90>
100038c2:	f02e 0c03 	bic.w	ip, lr, #3
100038c6:	f1ae 0504 	sub.w	r5, lr, #4
100038ca:	461a      	mov	r2, r3
100038cc:	449c      	add	ip, r3
100038ce:	f842 4b04 	str.w	r4, [r2], #4
100038d2:	4562      	cmp	r2, ip
100038d4:	d1fb      	bne.n	100038ce <memset+0x6a>
100038d6:	f025 0403 	bic.w	r4, r5, #3
100038da:	3304      	adds	r3, #4
100038dc:	f00e 0203 	and.w	r2, lr, #3
100038e0:	4423      	add	r3, r4
100038e2:	2a00      	cmp	r2, #0
100038e4:	d0cc      	beq.n	10003880 <memset+0x1c>
100038e6:	b2c9      	uxtb	r1, r1
100038e8:	441a      	add	r2, r3
100038ea:	f803 1b01 	strb.w	r1, [r3], #1
100038ee:	4293      	cmp	r3, r2
100038f0:	d1fb      	bne.n	100038ea <memset+0x86>
100038f2:	bd30      	pop	{r4, r5, pc}
100038f4:	4672      	mov	r2, lr
100038f6:	e7f4      	b.n	100038e2 <memset+0x7e>
100038f8:	4603      	mov	r3, r0
100038fa:	e7c6      	b.n	1000388a <memset+0x26>
100038fc:	4696      	mov	lr, r2
100038fe:	e7e0      	b.n	100038c2 <memset+0x5e>

10003900 <__libc_fini_array>:
10003900:	b538      	push	{r3, r4, r5, lr}
10003902:	4d07      	ldr	r5, [pc, #28]	@ (10003920 <__libc_fini_array+0x20>)
10003904:	4c07      	ldr	r4, [pc, #28]	@ (10003924 <__libc_fini_array+0x24>)
10003906:	1b2c      	subs	r4, r5, r4
10003908:	10a4      	asrs	r4, r4, #2
1000390a:	d005      	beq.n	10003918 <__libc_fini_array+0x18>
1000390c:	3c01      	subs	r4, #1
1000390e:	f855 3d04 	ldr.w	r3, [r5, #-4]!
10003912:	4798      	blx	r3
10003914:	2c00      	cmp	r4, #0
10003916:	d1f9      	bne.n	1000390c <__libc_fini_array+0xc>
10003918:	e8bd 4038 	ldmia.w	sp!, {r3, r4, r5, lr}
1000391c:	f000 b8f8 	b.w	10003b10 <_fini>
10003920:	10003bac 	.word	0x10003bac
10003924:	10003bac 	.word	0x10003bac

10003928 <__retarget_lock_acquire_recursive>:
10003928:	4770      	bx	lr
1000392a:	bf00      	nop

1000392c <__retarget_lock_release_recursive>:
1000392c:	4770      	bx	lr
1000392e:	bf00      	nop

10003930 <memcpy>:
10003930:	4684      	mov	ip, r0
10003932:	ea41 0300 	orr.w	r3, r1, r0
10003936:	f013 0303 	ands.w	r3, r3, #3
1000393a:	d149      	bne.n	100039d0 <memcpy+0xa0>
1000393c:	3a40      	subs	r2, #64	@ 0x40
1000393e:	d323      	bcc.n	10003988 <memcpy+0x58>
10003940:	680b      	ldr	r3, [r1, #0]
10003942:	6003      	str	r3, [r0, #0]
10003944:	684b      	ldr	r3, [r1, #4]
10003946:	6043      	str	r3, [r0, #4]
10003948:	688b      	ldr	r3, [r1, #8]
1000394a:	6083      	str	r3, [r0, #8]
1000394c:	68cb      	ldr	r3, [r1, #12]
1000394e:	60c3      	str	r3, [r0, #12]
10003950:	690b      	ldr	r3, [r1, #16]
10003952:	6103      	str	r3, [r0, #16]
10003954:	694b      	ldr	r3, [r1, #20]
10003956:	6143      	str	r3, [r0, #20]
10003958:	698b      	ldr	r3, [r1, #24]
1000395a:	6183      	str	r3, [r0, #24]
1000395c:	69cb      	ldr	r3, [r1, #28]
1000395e:	61c3      	str	r3, [r0, #28]
10003960:	6a0b      	ldr	r3, [r1, #32]
10003962:	6203      	str	r3, [r0, #32]
10003964:	6a4b      	ldr	r3, [r1, #36]	@ 0x24
10003966:	6243      	str	r3, [r0, #36]	@ 0x24
10003968:	6a8b      	ldr	r3, [r1, #40]	@ 0x28
1000396a:	6283      	str	r3, [r0, #40]	@ 0x28
1000396c:	6acb      	ldr	r3, [r1, #44]	@ 0x2c
1000396e:	62c3      	str	r3, [r0, #44]	@ 0x2c
10003970:	6b0b      	ldr	r3, [r1, #48]	@ 0x30
10003972:	6303      	str	r3, [r0, #48]	@ 0x30
10003974:	6b4b      	ldr	r3, [r1, #52]	@ 0x34
10003976:	6343      	str	r3, [r0, #52]	@ 0x34
10003978:	6b8b      	ldr	r3, [r1, #56]	@ 0x38
1000397a:	6383      	str	r3, [r0, #56]	@ 0x38
1000397c:	6bcb      	ldr	r3, [r1, #60]	@ 0x3c
1000397e:	63c3      	str	r3, [r0, #60]	@ 0x3c
10003980:	3040      	adds	r0, #64	@ 0x40
10003982:	3140      	adds	r1, #64	@ 0x40
10003984:	3a40      	subs	r2, #64	@ 0x40
10003986:	d2db      	bcs.n	10003940 <memcpy+0x10>
10003988:	3230      	adds	r2, #48	@ 0x30
1000398a:	d30b      	bcc.n	100039a4 <memcpy+0x74>
1000398c:	680b      	ldr	r3, [r1, #0]
1000398e:	6003      	str	r3, [r0, #0]
10003990:	684b      	ldr	r3, [r1, #4]
10003992:	6043      	str	r3, [r0, #4]
10003994:	688b      	ldr	r3, [r1, #8]
10003996:	6083      	str	r3, [r0, #8]
10003998:	68cb      	ldr	r3, [r1, #12]
1000399a:	60c3      	str	r3, [r0, #12]
1000399c:	3010      	adds	r0, #16
1000399e:	3110      	adds	r1, #16
100039a0:	3a10      	subs	r2, #16
100039a2:	d2f3      	bcs.n	1000398c <memcpy+0x5c>
100039a4:	320c      	adds	r2, #12
100039a6:	d305      	bcc.n	100039b4 <memcpy+0x84>
100039a8:	f851 3b04 	ldr.w	r3, [r1], #4
100039ac:	f840 3b04 	str.w	r3, [r0], #4
100039b0:	3a04      	subs	r2, #4
100039b2:	d2f9      	bcs.n	100039a8 <memcpy+0x78>
100039b4:	3204      	adds	r2, #4
100039b6:	d008      	beq.n	100039ca <memcpy+0x9a>
100039b8:	07d2      	lsls	r2, r2, #31
100039ba:	bf1c      	itt	ne
100039bc:	f811 3b01 	ldrbne.w	r3, [r1], #1
100039c0:	f800 3b01 	strbne.w	r3, [r0], #1
100039c4:	d301      	bcc.n	100039ca <memcpy+0x9a>
100039c6:	880b      	ldrh	r3, [r1, #0]
100039c8:	8003      	strh	r3, [r0, #0]
100039ca:	4660      	mov	r0, ip
100039cc:	4770      	bx	lr
100039ce:	bf00      	nop
100039d0:	2a08      	cmp	r2, #8
100039d2:	d313      	bcc.n	100039fc <memcpy+0xcc>
100039d4:	078b      	lsls	r3, r1, #30
100039d6:	d0b1      	beq.n	1000393c <memcpy+0xc>
100039d8:	f010 0303 	ands.w	r3, r0, #3
100039dc:	d0ae      	beq.n	1000393c <memcpy+0xc>
100039de:	f1c3 0304 	rsb	r3, r3, #4
100039e2:	1ad2      	subs	r2, r2, r3
100039e4:	07db      	lsls	r3, r3, #31
100039e6:	bf1c      	itt	ne
100039e8:	f811 3b01 	ldrbne.w	r3, [r1], #1
100039ec:	f800 3b01 	strbne.w	r3, [r0], #1
100039f0:	d3a4      	bcc.n	1000393c <memcpy+0xc>
100039f2:	f831 3b02 	ldrh.w	r3, [r1], #2
100039f6:	f820 3b02 	strh.w	r3, [r0], #2
100039fa:	e79f      	b.n	1000393c <memcpy+0xc>
100039fc:	3a04      	subs	r2, #4
100039fe:	d3d9      	bcc.n	100039b4 <memcpy+0x84>
10003a00:	3a01      	subs	r2, #1
10003a02:	f811 3b01 	ldrb.w	r3, [r1], #1
10003a06:	f800 3b01 	strb.w	r3, [r0], #1
10003a0a:	d2f9      	bcs.n	10003a00 <memcpy+0xd0>
10003a0c:	780b      	ldrb	r3, [r1, #0]
10003a0e:	7003      	strb	r3, [r0, #0]
10003a10:	784b      	ldrb	r3, [r1, #1]
10003a12:	7043      	strb	r3, [r0, #1]
10003a14:	788b      	ldrb	r3, [r1, #2]
10003a16:	7083      	strb	r3, [r0, #2]
10003a18:	4660      	mov	r0, ip
10003a1a:	4770      	bx	lr

10003a1c <strlen>:
10003a1c:	f020 0103 	bic.w	r1, r0, #3
10003a20:	f010 0003 	ands.w	r0, r0, #3
10003a24:	f1c0 0000 	rsb	r0, r0, #0
10003a28:	f851 3b04 	ldr.w	r3, [r1], #4
10003a2c:	f100 0c04 	add.w	ip, r0, #4
10003a30:	ea4f 0ccc 	mov.w	ip, ip, lsl #3
10003a34:	f06f 0200 	mvn.w	r2, #0
10003a38:	bf1c      	itt	ne
10003a3a:	fa22 f20c 	lsrne.w	r2, r2, ip
10003a3e:	4313      	orrne	r3, r2
10003a40:	f04f 0c01 	mov.w	ip, #1
10003a44:	ea4c 2c0c 	orr.w	ip, ip, ip, lsl #8
10003a48:	ea4c 4c0c 	orr.w	ip, ip, ip, lsl #16
10003a4c:	eba3 020c 	sub.w	r2, r3, ip
10003a50:	ea22 0203 	bic.w	r2, r2, r3
10003a54:	ea12 12cc 	ands.w	r2, r2, ip, lsl #7
10003a58:	bf04      	itt	eq
10003a5a:	f851 3b04 	ldreq.w	r3, [r1], #4
10003a5e:	3004      	addeq	r0, #4
10003a60:	d0f4      	beq.n	10003a4c <strlen+0x30>
10003a62:	f1c2 0100 	rsb	r1, r2, #0
10003a66:	ea02 0201 	and.w	r2, r2, r1
10003a6a:	fab2 f282 	clz	r2, r2
10003a6e:	f1c2 021f 	rsb	r2, r2, #31
10003a72:	eb00 00d2 	add.w	r0, r0, r2, lsr #3
10003a76:	4770      	bx	lr

10003a78 <__register_exitproc>:
10003a78:	e92d 43f8 	stmdb	sp!, {r3, r4, r5, r6, r7, r8, r9, lr}
10003a7c:	4d1c      	ldr	r5, [pc, #112]	@ (10003af0 <__register_exitproc+0x78>)
10003a7e:	4606      	mov	r6, r0
10003a80:	4698      	mov	r8, r3
10003a82:	460f      	mov	r7, r1
10003a84:	6828      	ldr	r0, [r5, #0]
10003a86:	4691      	mov	r9, r2
10003a88:	f7ff ff4e 	bl	10003928 <__retarget_lock_acquire_recursive>
10003a8c:	4b19      	ldr	r3, [pc, #100]	@ (10003af4 <__register_exitproc+0x7c>)
10003a8e:	681c      	ldr	r4, [r3, #0]
10003a90:	b32c      	cbz	r4, 10003ade <__register_exitproc+0x66>
10003a92:	6828      	ldr	r0, [r5, #0]
10003a94:	6865      	ldr	r5, [r4, #4]
10003a96:	2d1f      	cmp	r5, #31
10003a98:	dc24      	bgt.n	10003ae4 <__register_exitproc+0x6c>
10003a9a:	b94e      	cbnz	r6, 10003ab0 <__register_exitproc+0x38>
10003a9c:	1c6b      	adds	r3, r5, #1
10003a9e:	3502      	adds	r5, #2
10003aa0:	6063      	str	r3, [r4, #4]
10003aa2:	f844 7025 	str.w	r7, [r4, r5, lsl #2]
10003aa6:	f7ff ff41 	bl	1000392c <__retarget_lock_release_recursive>
10003aaa:	2000      	movs	r0, #0
10003aac:	e8bd 83f8 	ldmia.w	sp!, {r3, r4, r5, r6, r7, r8, r9, pc}
10003ab0:	eb04 0185 	add.w	r1, r4, r5, lsl #2
10003ab4:	2301      	movs	r3, #1
10003ab6:	2e02      	cmp	r6, #2
10003ab8:	f8c1 9088 	str.w	r9, [r1, #136]	@ 0x88
10003abc:	fa03 f305 	lsl.w	r3, r3, r5
10003ac0:	f8d4 2188 	ldr.w	r2, [r4, #392]	@ 0x188
10003ac4:	ea42 0203 	orr.w	r2, r2, r3
10003ac8:	f8c4 2188 	str.w	r2, [r4, #392]	@ 0x188
10003acc:	f8c1 8108 	str.w	r8, [r1, #264]	@ 0x108
10003ad0:	d1e4      	bne.n	10003a9c <__register_exitproc+0x24>
10003ad2:	f8d4 218c 	ldr.w	r2, [r4, #396]	@ 0x18c
10003ad6:	431a      	orrs	r2, r3
10003ad8:	f8c4 218c 	str.w	r2, [r4, #396]	@ 0x18c
10003adc:	e7de      	b.n	10003a9c <__register_exitproc+0x24>
10003ade:	4c06      	ldr	r4, [pc, #24]	@ (10003af8 <__register_exitproc+0x80>)
10003ae0:	601c      	str	r4, [r3, #0]
10003ae2:	e7d6      	b.n	10003a92 <__register_exitproc+0x1a>
10003ae4:	f7ff ff22 	bl	1000392c <__retarget_lock_release_recursive>
10003ae8:	f04f 30ff 	mov.w	r0, #4294967295	@ 0xffffffff
10003aec:	e7de      	b.n	10003aac <__register_exitproc+0x34>
10003aee:	bf00      	nop
10003af0:	20001144 	.word	0x20001144
10003af4:	200012d0 	.word	0x200012d0
10003af8:	200012d4 	.word	0x200012d4

10003afc <register_fini>:
10003afc:	4b02      	ldr	r3, [pc, #8]	@ (10003b08 <register_fini+0xc>)
10003afe:	b113      	cbz	r3, 10003b06 <register_fini+0xa>
10003b00:	4802      	ldr	r0, [pc, #8]	@ (10003b0c <register_fini+0x10>)
10003b02:	f7ff bea9 	b.w	10003858 <atexit>
10003b06:	4770      	bx	lr
10003b08:	00000000 	.word	0x00000000
10003b0c:	10003901 	.word	0x10003901

10003b10 <_fini>:
10003b10:	b5f8      	push	{r3, r4, r5, r6, r7, lr}
10003b12:	bf00      	nop
10003b14:	0000      	movs	r0, r0
	...

10003b18 <__mutex_enter_timeout_ms_veneer>:
10003b18:	f85f f000 	ldr.w	pc, [pc]	@ 10003b1c <__mutex_enter_timeout_ms_veneer+0x4>
10003b1c:	200001e5 	.word	0x200001e5

10003b20 <__hw_endpoint_start_next_buffer_veneer>:
10003b20:	f85f f000 	ldr.w	pc, [pc]	@ 10003b24 <__hw_endpoint_start_next_buffer_veneer+0x4>
10003b24:	20000abd 	.word	0x20000abd

10003b28 <____aeabi_uldivmod_veneer>:
10003b28:	f85f f000 	ldr.w	pc, [pc]	@ 10003b2c <____aeabi_uldivmod_veneer+0x4>
10003b2c:	20000d75 	.word	0x20000d75

10003b30 <__mutex_exit_veneer>:
10003b30:	f85f f000 	ldr.w	pc, [pc]	@ 10003b34 <__mutex_exit_veneer+0x4>
10003b34:	2000021d 	.word	0x2000021d

10003b38 <__e15_is_bulkin_ep_veneer>:
10003b38:	f85f f000 	ldr.w	pc, [pc]	@ 10003b3c <__e15_is_bulkin_ep_veneer+0x4>
10003b3c:	20000a1d 	.word	0x20000a1d

10003b40 <__reset_non_control_endpoints_veneer>:
10003b40:	f85f f000 	ldr.w	pc, [pc]	@ 10003b44 <__reset_non_control_endpoints_veneer+0x4>
10003b44:	20000259 	.word	0x20000259

10003b48 <___hw_endpoint_buffer_control_update32_veneer>:
10003b48:	f85f f000 	ldr.w	pc, [pc]	@ 10003b4c <___hw_endpoint_buffer_control_update32_veneer+0x4>
10003b4c:	20000a79 	.word	0x20000a79

10003b50 <__mutex_try_enter_block_until_veneer>:
10003b50:	f85f f000 	ldr.w	pc, [pc]	@ 10003b54 <__mutex_try_enter_block_until_veneer+0x4>
10003b54:	2000017d 	.word	0x2000017d

10003b58 <__e15_is_critical_frame_period_veneer>:
10003b58:	f85f f000 	ldr.w	pc, [pc]	@ 10003b5c <__e15_is_critical_frame_period_veneer+0x4>
10003b5c:	20000a45 	.word	0x20000a45

10003b60 <__pre_init_runtime_init_bootrom_reset>:
10003b60:	10001941                                A...

10003b64 <__pre_init_runtime_init_early_resets>:
10003b64:	100018b5                                ....

10003b68 <__pre_init_runtime_init_usb_power_down>:
10003b68:	100018e9                                ....

10003b6c <__pre_init_runtime_init_clocks>:
10003b6c:	100019d5                                ....

10003b70 <__pre_init_runtime_init_post_clock_resets>:
10003b70:	10001921                                !...

10003b74 <__pre_init_runtime_init_boot_locks_reset>:
10003b74:	10001839                                9...

10003b78 <__pre_init_runtime_init_spin_locks_reset>:
10003b78:	10001969                                i...

10003b7c <__pre_init_runtime_init_bootrom_locking_enable>:
10003b7c:	10001825                                %...

10003b80 <__pre_init_runtime_init_mutex>:
10003b80:	10000d19                                ....

10003b84 <__pre_init_runtime_init_install_ram_vector_table>:
10003b84:	1000196d                                m...

10003b88 <__pre_init_runtime_init_default_alarm_pool>:
10003b88:	100010c9                                ....

10003b8c <__pre_init_first_per_core_initializer>:
10003b8c:	10001885                                ....

10003b90 <__pre_init_runtime_init_per_core_bootrom_reset>:
10003b90:	10001955                                U...

10003b94 <__pre_init_runtime_init_per_core_enable_coprocessors>:
10003b94:	10001905                                ....

10003b98 <__pre_init_spinlock_set_extexclall>:
10003b98:	10000781                                ....

10003b9c <__pre_init_runtime_init_per_core_irq_priorities>:
10003b9c:	100007a9                                ....

10003ba0 <__init_array_start>:
10003ba0:	10003afd 	.word	0x10003afd
10003ba4:	10003601 	.word	0x10003601

10003ba8 <__frame_dummy_init_array_entry>:
10003ba8:	100001e9                                ....

Disassembly of section .data:

20000110 <mutex_enter_block_until>:
20000110:	f04f 4150 	mov.w	r1, #3489660928	@ 0xd0000000
20000114:	e92d 41f0 	stmdb	sp!, {r4, r5, r6, r7, r8, lr}
20000118:	2700      	movs	r7, #0
2000011a:	4604      	mov	r4, r0
2000011c:	4616      	mov	r6, r2
2000011e:	461d      	mov	r5, r3
20000120:	f8d1 8000 	ldr.w	r8, [r1]
20000124:	e008      	b.n	20000138 <mutex_enter_block_until+0x28>
20000126:	e8c1 7f8f 	stlb	r7, [r1]
2000012a:	f38c 8810 	msr	PRIMASK, ip
2000012e:	4630      	mov	r0, r6
20000130:	4629      	mov	r1, r5
20000132:	f000 ff9d 	bl	20001070 <__best_effort_wfe_or_timeout_veneer>
20000136:	b9e8      	cbnz	r0, 20000174 <mutex_enter_block_until+0x64>
20000138:	6821      	ldr	r1, [r4, #0]
2000013a:	f3ef 8c10 	mrs	ip, PRIMASK
2000013e:	b672      	cpsid	i
20000140:	e8d1 2fcf 	ldaexb	r2, [r1]
20000144:	2301      	movs	r3, #1
20000146:	2a00      	cmp	r2, #0
20000148:	d1fa      	bne.n	20000140 <mutex_enter_block_until+0x30>
2000014a:	e8c1 3f42 	strexb	r2, r3, [r1]
2000014e:	2a00      	cmp	r2, #0
20000150:	d1f6      	bne.n	20000140 <mutex_enter_block_until+0x30>
20000152:	f3bf 8f5f 	dmb	sy
20000156:	f994 3004 	ldrsb.w	r3, [r4, #4]
2000015a:	6821      	ldr	r1, [r4, #0]
2000015c:	2b00      	cmp	r3, #0
2000015e:	dae2      	bge.n	20000126 <mutex_enter_block_until+0x16>
20000160:	2300      	movs	r3, #0
20000162:	f884 8004 	strb.w	r8, [r4, #4]
20000166:	e8c1 3f8f 	stlb	r3, [r1]
2000016a:	f38c 8810 	msr	PRIMASK, ip
2000016e:	2001      	movs	r0, #1
20000170:	e8bd 81f0 	ldmia.w	sp!, {r4, r5, r6, r7, r8, pc}
20000174:	2000      	movs	r0, #0
20000176:	e8bd 81f0 	ldmia.w	sp!, {r4, r5, r6, r7, r8, pc}
2000017a:	bf00      	nop

2000017c <mutex_try_enter_block_until>:
2000017c:	b530      	push	{r4, r5, lr}
2000017e:	6804      	ldr	r4, [r0, #0]
20000180:	f3ef 8c10 	mrs	ip, PRIMASK
20000184:	b672      	cpsid	i
20000186:	e8d4 efcf 	ldaexb	lr, [r4]
2000018a:	2501      	movs	r5, #1
2000018c:	f1be 0f00 	cmp.w	lr, #0
20000190:	d1f9      	bne.n	20000186 <mutex_try_enter_block_until+0xa>
20000192:	e8c4 5f4e 	strexb	lr, r5, [r4]
20000196:	f1be 0f00 	cmp.w	lr, #0
2000019a:	d1f4      	bne.n	20000186 <mutex_try_enter_block_until+0xa>
2000019c:	f3bf 8f5f 	dmb	sy
200001a0:	f990 4004 	ldrsb.w	r4, [r0, #4]
200001a4:	6805      	ldr	r5, [r0, #0]
200001a6:	2c00      	cmp	r4, #0
200001a8:	db10      	blt.n	200001cc <mutex_try_enter_block_until+0x50>
200001aa:	2100      	movs	r1, #0
200001ac:	e8c5 1f8f 	stlb	r1, [r5]
200001b0:	f38c 8810 	msr	PRIMASK, ip
200001b4:	f04f 4550 	mov.w	r5, #3489660928	@ 0xd0000000
200001b8:	f995 5000 	ldrsb.w	r5, [r5]
200001bc:	42a5      	cmp	r5, r4
200001be:	d101      	bne.n	200001c4 <mutex_try_enter_block_until+0x48>
200001c0:	4608      	mov	r0, r1
200001c2:	bd30      	pop	{r4, r5, pc}
200001c4:	e8bd 4030 	ldmia.w	sp!, {r4, r5, lr}
200001c8:	f7ff bfa2 	b.w	20000110 <mutex_enter_block_until>
200001cc:	f04f 4250 	mov.w	r2, #3489660928	@ 0xd0000000
200001d0:	6812      	ldr	r2, [r2, #0]
200001d2:	2300      	movs	r3, #0
200001d4:	7102      	strb	r2, [r0, #4]
200001d6:	e8c5 3f8f 	stlb	r3, [r5]
200001da:	f38c 8810 	msr	PRIMASK, ip
200001de:	2001      	movs	r0, #1
200001e0:	bd30      	pop	{r4, r5, pc}
200001e2:	bf00      	nop

200001e4 <mutex_enter_timeout_ms>:
200001e4:	b570      	push	{r4, r5, r6, lr}
200001e6:	4605      	mov	r5, r0
200001e8:	460c      	mov	r4, r1
200001ea:	f000 ff3d 	bl	20001068 <__time_us_64_veneer>
200001ee:	4602      	mov	r2, r0
200001f0:	460b      	mov	r3, r1
200001f2:	f44f 707a 	mov.w	r0, #1000	@ 0x3e8
200001f6:	f04f 3eff 	mov.w	lr, #4294967295	@ 0xffffffff
200001fa:	f06f 4c00 	mvn.w	ip, #2147483648	@ 0x80000000
200001fe:	fbe4 2300 	umlal	r2, r3, r4, r0
20000202:	4596      	cmp	lr, r2
20000204:	eb7c 0103 	sbcs.w	r1, ip, r3
20000208:	bf38      	it	cc
2000020a:	4672      	movcc	r2, lr
2000020c:	4628      	mov	r0, r5
2000020e:	e8bd 4070 	ldmia.w	sp!, {r4, r5, r6, lr}
20000212:	bf38      	it	cc
20000214:	4663      	movcc	r3, ip
20000216:	f7ff bf7b 	b.w	20000110 <mutex_enter_block_until>
2000021a:	bf00      	nop

2000021c <mutex_exit>:
2000021c:	6803      	ldr	r3, [r0, #0]
2000021e:	f3ef 8210 	mrs	r2, PRIMASK
20000222:	b672      	cpsid	i
20000224:	e8d3 cfcf 	ldaexb	ip, [r3]
20000228:	2101      	movs	r1, #1
2000022a:	f1bc 0f00 	cmp.w	ip, #0
2000022e:	d1f9      	bne.n	20000224 <mutex_exit+0x8>
20000230:	e8c3 1f4c 	strexb	ip, r1, [r3]
20000234:	f1bc 0f00 	cmp.w	ip, #0
20000238:	d1f4      	bne.n	20000224 <mutex_exit+0x8>
2000023a:	f3bf 8f5f 	dmb	sy
2000023e:	f04f 0cff 	mov.w	ip, #255	@ 0xff
20000242:	2300      	movs	r3, #0
20000244:	6801      	ldr	r1, [r0, #0]
20000246:	f880 c004 	strb.w	ip, [r0, #4]
2000024a:	e8c1 3f8f 	stlb	r3, [r1]
2000024e:	f382 8810 	msr	PRIMASK, r2
20000252:	bf40      	sev
20000254:	4770      	bx	lr
20000256:	bf00      	nop

20000258 <reset_non_control_endpoints>:
20000258:	2100      	movs	r1, #0
2000025a:	b508      	push	{r3, lr}
2000025c:	4b13      	ldr	r3, [pc, #76]	@ (200002ac <reset_non_control_endpoints+0x54>)
2000025e:	f44f 7270 	mov.w	r2, #960	@ 0x3c0
20000262:	6099      	str	r1, [r3, #8]
20000264:	4812      	ldr	r0, [pc, #72]	@ (200002b0 <reset_non_control_endpoints+0x58>)
20000266:	60d9      	str	r1, [r3, #12]
20000268:	6119      	str	r1, [r3, #16]
2000026a:	6159      	str	r1, [r3, #20]
2000026c:	6199      	str	r1, [r3, #24]
2000026e:	61d9      	str	r1, [r3, #28]
20000270:	6219      	str	r1, [r3, #32]
20000272:	6259      	str	r1, [r3, #36]	@ 0x24
20000274:	6299      	str	r1, [r3, #40]	@ 0x28
20000276:	62d9      	str	r1, [r3, #44]	@ 0x2c
20000278:	6319      	str	r1, [r3, #48]	@ 0x30
2000027a:	6359      	str	r1, [r3, #52]	@ 0x34
2000027c:	6399      	str	r1, [r3, #56]	@ 0x38
2000027e:	63d9      	str	r1, [r3, #60]	@ 0x3c
20000280:	6419      	str	r1, [r3, #64]	@ 0x40
20000282:	6459      	str	r1, [r3, #68]	@ 0x44
20000284:	6499      	str	r1, [r3, #72]	@ 0x48
20000286:	64d9      	str	r1, [r3, #76]	@ 0x4c
20000288:	6519      	str	r1, [r3, #80]	@ 0x50
2000028a:	6559      	str	r1, [r3, #84]	@ 0x54
2000028c:	6599      	str	r1, [r3, #88]	@ 0x58
2000028e:	65d9      	str	r1, [r3, #92]	@ 0x5c
20000290:	6619      	str	r1, [r3, #96]	@ 0x60
20000292:	6659      	str	r1, [r3, #100]	@ 0x64
20000294:	6699      	str	r1, [r3, #104]	@ 0x68
20000296:	66d9      	str	r1, [r3, #108]	@ 0x6c
20000298:	6719      	str	r1, [r3, #112]	@ 0x70
2000029a:	6759      	str	r1, [r3, #116]	@ 0x74
2000029c:	6799      	str	r1, [r3, #120]	@ 0x78
2000029e:	67d9      	str	r1, [r3, #124]	@ 0x7c
200002a0:	f000 feee 	bl	20001080 <__memset_veneer>
200002a4:	4b03      	ldr	r3, [pc, #12]	@ (200002b4 <reset_non_control_endpoints+0x5c>)
200002a6:	4a04      	ldr	r2, [pc, #16]	@ (200002b8 <reset_non_control_endpoints+0x60>)
200002a8:	601a      	str	r2, [r3, #0]
200002aa:	bd08      	pop	{r3, pc}
200002ac:	50100000 	.word	0x50100000
200002b0:	20001714 	.word	0x20001714
200002b4:	20001adc 	.word	0x20001adc
200002b8:	50100180 	.word	0x50100180

200002bc <hw_handle_buff_status>:
200002bc:	e92d 4ff0 	stmdb	sp!, {r4, r5, r6, r7, r8, r9, sl, fp, lr}
200002c0:	4b1f      	ldr	r3, [pc, #124]	@ (20000340 <hw_handle_buff_status+0x84>)
200002c2:	b085      	sub	sp, #20
200002c4:	f8d3 a058 	ldr.w	sl, [r3, #88]	@ 0x58
200002c8:	f1ba 0f00 	cmp.w	sl, #0
200002cc:	d022      	beq.n	20000314 <hw_handle_buff_status+0x58>
200002ce:	2400      	movs	r4, #0
200002d0:	2501      	movs	r5, #1
200002d2:	f44f 69e0 	mov.w	r9, #1792	@ 0x700
200002d6:	f8df 8070 	ldr.w	r8, [pc, #112]	@ 20000348 <hw_handle_buff_status+0x8c>
200002da:	4f1a      	ldr	r7, [pc, #104]	@ (20000344 <hw_handle_buff_status+0x88>)
200002dc:	e001      	b.n	200002e2 <hw_handle_buff_status+0x26>
200002de:	2c20      	cmp	r4, #32
200002e0:	d018      	beq.n	20000314 <hw_handle_buff_status+0x58>
200002e2:	ea0a 0205 	and.w	r2, sl, r5
200002e6:	1c61      	adds	r1, r4, #1
200002e8:	4623      	mov	r3, r4
200002ea:	46ab      	mov	fp, r5
200002ec:	b2cc      	uxtb	r4, r1
200002ee:	006d      	lsls	r5, r5, #1
200002f0:	2a00      	cmp	r2, #0
200002f2:	d0f4      	beq.n	200002de <hw_handle_buff_status+0x22>
200002f4:	f004 0201 	and.w	r2, r4, #1
200002f8:	f003 06fe 	and.w	r6, r3, #254	@ 0xfe
200002fc:	4416      	add	r6, r2
200002fe:	eb07 1646 	add.w	r6, r7, r6, lsl #5
20000302:	4630      	mov	r0, r6
20000304:	f8c8 b058 	str.w	fp, [r8, #88]	@ 0x58
20000308:	f000 fc0a 	bl	20000b20 <hw_endpoint_xfer_continue>
2000030c:	b928      	cbnz	r0, 2000031a <hw_handle_buff_status+0x5e>
2000030e:	ea3a 0a0b 	bics.w	sl, sl, fp
20000312:	d1e4      	bne.n	200002de <hw_handle_buff_status+0x22>
20000314:	b005      	add	sp, #20
20000316:	e8bd 8ff0 	ldmia.w	sp!, {r4, r5, r6, r7, r8, r9, sl, fp, pc}
2000031a:	2300      	movs	r3, #0
2000031c:	f88d 3009 	strb.w	r3, [sp, #9]
20000320:	78b3      	ldrb	r3, [r6, #2]
20000322:	a801      	add	r0, sp, #4
20000324:	f88d 3008 	strb.w	r3, [sp, #8]
20000328:	8af3      	ldrh	r3, [r6, #22]
2000032a:	2101      	movs	r1, #1
2000032c:	f8ad 9004 	strh.w	r9, [sp, #4]
20000330:	9303      	str	r3, [sp, #12]
20000332:	f000 fc13 	bl	20000b5c <dcd_event_handler>
20000336:	4630      	mov	r0, r6
20000338:	f000 fb98 	bl	20000a6c <hw_endpoint_reset_transfer>
2000033c:	e7e7      	b.n	2000030e <hw_handle_buff_status+0x52>
2000033e:	bf00      	nop
20000340:	50110000 	.word	0x50110000
20000344:	200016d4 	.word	0x200016d4
20000348:	50113000 	.word	0x50113000

2000034c <dcd_rp2040_irq>:
2000034c:	b5f0      	push	{r4, r5, r6, r7, lr}
2000034e:	4bbb      	ldr	r3, [pc, #748]	@ (2000063c <dcd_rp2040_irq+0x2f0>)
20000350:	b085      	sub	sp, #20
20000352:	f8d3 5098 	ldr.w	r5, [r3, #152]	@ 0x98
20000356:	f415 3600 	ands.w	r6, r5, #131072	@ 0x20000
2000035a:	d074      	beq.n	20000446 <dcd_rp2040_irq+0xfa>
2000035c:	4bb8      	ldr	r3, [pc, #736]	@ (20000640 <dcd_rp2040_irq+0x2f4>)
2000035e:	4cb9      	ldr	r4, [pc, #740]	@ (20000644 <dcd_rp2040_irq+0x2f8>)
20000360:	6a99      	ldr	r1, [r3, #40]	@ 0x28
20000362:	f894 303b 	ldrb.w	r3, [r4, #59]	@ 0x3b
20000366:	4ab8      	ldr	r2, [pc, #736]	@ (20000648 <dcd_rp2040_irq+0x2fc>)
20000368:	2b02      	cmp	r3, #2
2000036a:	6011      	str	r1, [r2, #0]
2000036c:	f000 80d4 	beq.w	20000518 <dcd_rp2040_irq+0x1cc>
20000370:	2600      	movs	r6, #0
20000372:	f894 307b 	ldrb.w	r3, [r4, #123]	@ 0x7b
20000376:	2b02      	cmp	r3, #2
20000378:	f000 813b 	beq.w	200005f2 <dcd_rp2040_irq+0x2a6>
2000037c:	f894 30bb 	ldrb.w	r3, [r4, #187]	@ 0xbb
20000380:	2b02      	cmp	r3, #2
20000382:	f000 817d 	beq.w	20000680 <dcd_rp2040_irq+0x334>
20000386:	f894 30fb 	ldrb.w	r3, [r4, #251]	@ 0xfb
2000038a:	2b02      	cmp	r3, #2
2000038c:	f000 816c 	beq.w	20000668 <dcd_rp2040_irq+0x31c>
20000390:	f894 313b 	ldrb.w	r3, [r4, #315]	@ 0x13b
20000394:	2b02      	cmp	r3, #2
20000396:	f000 8144 	beq.w	20000622 <dcd_rp2040_irq+0x2d6>
2000039a:	f894 317b 	ldrb.w	r3, [r4, #379]	@ 0x17b
2000039e:	2b02      	cmp	r3, #2
200003a0:	f000 8133 	beq.w	2000060a <dcd_rp2040_irq+0x2be>
200003a4:	f894 31bb 	ldrb.w	r3, [r4, #443]	@ 0x1bb
200003a8:	2b02      	cmp	r3, #2
200003aa:	f000 81b6 	beq.w	2000071a <dcd_rp2040_irq+0x3ce>
200003ae:	f894 31fb 	ldrb.w	r3, [r4, #507]	@ 0x1fb
200003b2:	2b02      	cmp	r3, #2
200003b4:	f000 81a6 	beq.w	20000704 <dcd_rp2040_irq+0x3b8>
200003b8:	f894 323b 	ldrb.w	r3, [r4, #571]	@ 0x23b
200003bc:	2b02      	cmp	r3, #2
200003be:	f000 8196 	beq.w	200006ee <dcd_rp2040_irq+0x3a2>
200003c2:	f894 327b 	ldrb.w	r3, [r4, #635]	@ 0x27b
200003c6:	2b02      	cmp	r3, #2
200003c8:	f000 8186 	beq.w	200006d8 <dcd_rp2040_irq+0x38c>
200003cc:	f894 32bb 	ldrb.w	r3, [r4, #699]	@ 0x2bb
200003d0:	2b02      	cmp	r3, #2
200003d2:	f000 8176 	beq.w	200006c2 <dcd_rp2040_irq+0x376>
200003d6:	f894 32fb 	ldrb.w	r3, [r4, #763]	@ 0x2fb
200003da:	2b02      	cmp	r3, #2
200003dc:	f000 8166 	beq.w	200006ac <dcd_rp2040_irq+0x360>
200003e0:	f894 333b 	ldrb.w	r3, [r4, #827]	@ 0x33b
200003e4:	2b02      	cmp	r3, #2
200003e6:	f000 8156 	beq.w	20000696 <dcd_rp2040_irq+0x34a>
200003ea:	f894 337b 	ldrb.w	r3, [r4, #891]	@ 0x37b
200003ee:	2b02      	cmp	r3, #2
200003f0:	f000 80a4 	beq.w	2000053c <dcd_rp2040_irq+0x1f0>
200003f4:	f894 33bb 	ldrb.w	r3, [r4, #955]	@ 0x3bb
200003f8:	2b02      	cmp	r3, #2
200003fa:	f000 8199 	beq.w	20000730 <dcd_rp2040_irq+0x3e4>
200003fe:	f894 33fb 	ldrb.w	r3, [r4, #1019]	@ 0x3fb
20000402:	2b02      	cmp	r3, #2
20000404:	f000 80b4 	beq.w	20000570 <dcd_rp2040_irq+0x224>
20000408:	b93e      	cbnz	r6, 2000041a <dcd_rp2040_irq+0xce>
2000040a:	4b90      	ldr	r3, [pc, #576]	@ (2000064c <dcd_rp2040_irq+0x300>)
2000040c:	781b      	ldrb	r3, [r3, #0]
2000040e:	b923      	cbnz	r3, 2000041a <dcd_rp2040_irq+0xce>
20000410:	f44f 3200 	mov.w	r2, #131072	@ 0x20000
20000414:	4b8e      	ldr	r3, [pc, #568]	@ (20000650 <dcd_rp2040_irq+0x304>)
20000416:	f8c3 2090 	str.w	r2, [r3, #144]	@ 0x90
2000041a:	f44f 7240 	mov.w	r2, #768	@ 0x300
2000041e:	4b87      	ldr	r3, [pc, #540]	@ (2000063c <dcd_rp2040_irq+0x2f0>)
20000420:	2101      	movs	r1, #1
20000422:	6c9b      	ldr	r3, [r3, #72]	@ 0x48
20000424:	a801      	add	r0, sp, #4
20000426:	f3c3 030a 	ubfx	r3, r3, #0, #11
2000042a:	f8ad 2004 	strh.w	r2, [sp, #4]
2000042e:	9302      	str	r3, [sp, #8]
20000430:	f000 fb94 	bl	20000b5c <dcd_event_handler>
20000434:	06ea      	lsls	r2, r5, #27
20000436:	f44f 3600 	mov.w	r6, #131072	@ 0x20000
2000043a:	4c86      	ldr	r4, [pc, #536]	@ (20000654 <dcd_rp2040_irq+0x308>)
2000043c:	d507      	bpl.n	2000044e <dcd_rp2040_irq+0x102>
2000043e:	f7ff ff3d 	bl	200002bc <hw_handle_buff_status>
20000442:	4626      	mov	r6, r4
20000444:	e003      	b.n	2000044e <dcd_rp2040_irq+0x102>
20000446:	06ea      	lsls	r2, r5, #27
20000448:	f04f 0410 	mov.w	r4, #16
2000044c:	d4f7      	bmi.n	2000043e <dcd_rp2040_irq+0xf2>
2000044e:	03eb      	lsls	r3, r5, #15
20000450:	d522      	bpl.n	20000498 <dcd_rp2040_irq+0x14c>
20000452:	4c7c      	ldr	r4, [pc, #496]	@ (20000644 <dcd_rp2040_irq+0x2f8>)
20000454:	f446 3680 	orr.w	r6, r6, #65536	@ 0x10000
20000458:	7ea3      	ldrb	r3, [r4, #26]
2000045a:	2b00      	cmp	r3, #0
2000045c:	f040 8099 	bne.w	20000592 <dcd_rp2040_irq+0x246>
20000460:	2301      	movs	r3, #1
20000462:	f894 203a 	ldrb.w	r2, [r4, #58]	@ 0x3a
20000466:	70e3      	strb	r3, [r4, #3]
20000468:	2a00      	cmp	r2, #0
2000046a:	f040 80ad 	bne.w	200005c8 <dcd_rp2040_irq+0x27c>
2000046e:	2301      	movs	r3, #1
20000470:	f44f 61c0 	mov.w	r1, #1536	@ 0x600
20000474:	4a78      	ldr	r2, [pc, #480]	@ (20000658 <dcd_rp2040_irq+0x30c>)
20000476:	f884 3023 	strb.w	r3, [r4, #35]	@ 0x23
2000047a:	f8ad 1004 	strh.w	r1, [sp, #4]
2000047e:	e892 0003 	ldmia.w	r2, {r0, r1}
20000482:	aa04      	add	r2, sp, #16
20000484:	e902 0003 	stmdb	r2, {r0, r1}
20000488:	4619      	mov	r1, r3
2000048a:	a801      	add	r0, sp, #4
2000048c:	f000 fb66 	bl	20000b5c <dcd_event_handler>
20000490:	f44f 3200 	mov.w	r2, #131072	@ 0x20000
20000494:	4b6e      	ldr	r3, [pc, #440]	@ (20000650 <dcd_rp2040_irq+0x304>)
20000496:	651a      	str	r2, [r3, #80]	@ 0x50
20000498:	04e9      	lsls	r1, r5, #19
2000049a:	d408      	bmi.n	200004ae <dcd_rp2040_irq+0x162>
2000049c:	046a      	lsls	r2, r5, #17
2000049e:	d41d      	bmi.n	200004dc <dcd_rp2040_irq+0x190>
200004a0:	042b      	lsls	r3, r5, #16
200004a2:	d42a      	bmi.n	200004fa <dcd_rp2040_irq+0x1ae>
200004a4:	42ae      	cmp	r6, r5
200004a6:	f040 81c5 	bne.w	20000834 <dcd_rp2040_irq+0x4e8>
200004aa:	b005      	add	sp, #20
200004ac:	bdf0      	pop	{r4, r5, r6, r7, pc}
200004ae:	2400      	movs	r4, #0
200004b0:	4b62      	ldr	r3, [pc, #392]	@ (2000063c <dcd_rp2040_irq+0x2f0>)
200004b2:	f446 5680 	orr.w	r6, r6, #4096	@ 0x1000
200004b6:	601c      	str	r4, [r3, #0]
200004b8:	f7ff fece 	bl	20000258 <reset_non_control_endpoints>
200004bc:	f44f 7380 	mov.w	r3, #256	@ 0x100
200004c0:	2101      	movs	r1, #1
200004c2:	a801      	add	r0, sp, #4
200004c4:	f8ad 3004 	strh.w	r3, [sp, #4]
200004c8:	f88d 4008 	strb.w	r4, [sp, #8]
200004cc:	f000 fb46 	bl	20000b5c <dcd_event_handler>
200004d0:	f44f 2200 	mov.w	r2, #524288	@ 0x80000
200004d4:	4b5e      	ldr	r3, [pc, #376]	@ (20000650 <dcd_rp2040_irq+0x304>)
200004d6:	651a      	str	r2, [r3, #80]	@ 0x50
200004d8:	046a      	lsls	r2, r5, #17
200004da:	d5e1      	bpl.n	200004a0 <dcd_rp2040_irq+0x154>
200004dc:	f44f 6380 	mov.w	r3, #1024	@ 0x400
200004e0:	2101      	movs	r1, #1
200004e2:	a801      	add	r0, sp, #4
200004e4:	f8ad 3004 	strh.w	r3, [sp, #4]
200004e8:	f000 fb38 	bl	20000b5c <dcd_event_handler>
200004ec:	2210      	movs	r2, #16
200004ee:	4b58      	ldr	r3, [pc, #352]	@ (20000650 <dcd_rp2040_irq+0x304>)
200004f0:	f446 4680 	orr.w	r6, r6, #16384	@ 0x4000
200004f4:	651a      	str	r2, [r3, #80]	@ 0x50
200004f6:	042b      	lsls	r3, r5, #16
200004f8:	d5d4      	bpl.n	200004a4 <dcd_rp2040_irq+0x158>
200004fa:	f44f 63a0 	mov.w	r3, #1280	@ 0x500
200004fe:	2101      	movs	r1, #1
20000500:	a801      	add	r0, sp, #4
20000502:	f8ad 3004 	strh.w	r3, [sp, #4]
20000506:	f000 fb29 	bl	20000b5c <dcd_event_handler>
2000050a:	f44f 6200 	mov.w	r2, #2048	@ 0x800
2000050e:	4b50      	ldr	r3, [pc, #320]	@ (20000650 <dcd_rp2040_irq+0x304>)
20000510:	f446 4600 	orr.w	r6, r6, #32768	@ 0x8000
20000514:	651a      	str	r2, [r3, #80]	@ 0x50
20000516:	e7c5      	b.n	200004a4 <dcd_rp2040_irq+0x158>
20000518:	f894 603a 	ldrb.w	r6, [r4, #58]	@ 0x3a
2000051c:	2e00      	cmp	r6, #0
2000051e:	f43f af28 	beq.w	20000372 <dcd_rp2040_irq+0x26>
20000522:	f894 303c 	ldrb.w	r3, [r4, #60]	@ 0x3c
20000526:	2b00      	cmp	r3, #0
20000528:	f43f af23 	beq.w	20000372 <dcd_rp2040_irq+0x26>
2000052c:	2300      	movs	r3, #0
2000052e:	f104 0020 	add.w	r0, r4, #32
20000532:	f884 303c 	strb.w	r3, [r4, #60]	@ 0x3c
20000536:	f000 fac1 	bl	20000abc <hw_endpoint_start_next_buffer>
2000053a:	e71a      	b.n	20000372 <dcd_rp2040_irq+0x26>
2000053c:	f894 737a 	ldrb.w	r7, [r4, #890]	@ 0x37a
20000540:	2f00      	cmp	r7, #0
20000542:	f43f af57 	beq.w	200003f4 <dcd_rp2040_irq+0xa8>
20000546:	f894 337c 	ldrb.w	r3, [r4, #892]	@ 0x37c
2000054a:	2b00      	cmp	r3, #0
2000054c:	f040 8164 	bne.w	20000818 <dcd_rp2040_irq+0x4cc>
20000550:	f894 33bb 	ldrb.w	r3, [r4, #955]	@ 0x3bb
20000554:	2b02      	cmp	r3, #2
20000556:	f040 80f4 	bne.w	20000742 <dcd_rp2040_irq+0x3f6>
2000055a:	f894 33ba 	ldrb.w	r3, [r4, #954]	@ 0x3ba
2000055e:	2b00      	cmp	r3, #0
20000560:	f040 80eb 	bne.w	2000073a <dcd_rp2040_irq+0x3ee>
20000564:	f894 33fb 	ldrb.w	r3, [r4, #1019]	@ 0x3fb
20000568:	2b02      	cmp	r3, #2
2000056a:	f47f af56 	bne.w	2000041a <dcd_rp2040_irq+0xce>
2000056e:	463e      	mov	r6, r7
20000570:	f894 33fa 	ldrb.w	r3, [r4, #1018]	@ 0x3fa
20000574:	2b00      	cmp	r3, #0
20000576:	f43f af47 	beq.w	20000408 <dcd_rp2040_irq+0xbc>
2000057a:	f894 33fc 	ldrb.w	r3, [r4, #1020]	@ 0x3fc
2000057e:	2b00      	cmp	r3, #0
20000580:	f43f af4b 	beq.w	2000041a <dcd_rp2040_irq+0xce>
20000584:	2300      	movs	r3, #0
20000586:	4835      	ldr	r0, [pc, #212]	@ (2000065c <dcd_rp2040_irq+0x310>)
20000588:	f884 33fc 	strb.w	r3, [r4, #1020]	@ 0x3fc
2000058c:	f000 fa96 	bl	20000abc <hw_endpoint_start_next_buffer>
20000590:	e743      	b.n	2000041a <dcd_rp2040_irq+0xce>
20000592:	2102      	movs	r1, #2
20000594:	4b32      	ldr	r3, [pc, #200]	@ (20000660 <dcd_rp2040_irq+0x314>)
20000596:	4a29      	ldr	r2, [pc, #164]	@ (2000063c <dcd_rp2040_irq+0x2f0>)
20000598:	6619      	str	r1, [r3, #96]	@ 0x60
2000059a:	6e53      	ldr	r3, [r2, #100]	@ 0x64
2000059c:	079f      	lsls	r7, r3, #30
2000059e:	d5fc      	bpl.n	2000059a <dcd_rp2040_irq+0x24e>
200005a0:	f44f 5240 	mov.w	r2, #12288	@ 0x3000
200005a4:	2100      	movs	r1, #0
200005a6:	4827      	ldr	r0, [pc, #156]	@ (20000644 <dcd_rp2040_irq+0x2f8>)
200005a8:	f000 fa66 	bl	20000a78 <_hw_endpoint_buffer_control_update32>
200005ac:	4825      	ldr	r0, [pc, #148]	@ (20000644 <dcd_rp2040_irq+0x2f8>)
200005ae:	f000 fa5d 	bl	20000a6c <hw_endpoint_reset_transfer>
200005b2:	2202      	movs	r2, #2
200005b4:	4b26      	ldr	r3, [pc, #152]	@ (20000650 <dcd_rp2040_irq+0x304>)
200005b6:	665a      	str	r2, [r3, #100]	@ 0x64
200005b8:	661a      	str	r2, [r3, #96]	@ 0x60
200005ba:	2301      	movs	r3, #1
200005bc:	f894 203a 	ldrb.w	r2, [r4, #58]	@ 0x3a
200005c0:	70e3      	strb	r3, [r4, #3]
200005c2:	2a00      	cmp	r2, #0
200005c4:	f43f af53 	beq.w	2000046e <dcd_rp2040_irq+0x122>
200005c8:	4a25      	ldr	r2, [pc, #148]	@ (20000660 <dcd_rp2040_irq+0x314>)
200005ca:	6613      	str	r3, [r2, #96]	@ 0x60
200005cc:	f5a2 5200 	sub.w	r2, r2, #8192	@ 0x2000
200005d0:	6e53      	ldr	r3, [r2, #100]	@ 0x64
200005d2:	07d8      	lsls	r0, r3, #31
200005d4:	d5fc      	bpl.n	200005d0 <dcd_rp2040_irq+0x284>
200005d6:	f44f 5240 	mov.w	r2, #12288	@ 0x3000
200005da:	2100      	movs	r1, #0
200005dc:	4821      	ldr	r0, [pc, #132]	@ (20000664 <dcd_rp2040_irq+0x318>)
200005de:	f000 fa4b 	bl	20000a78 <_hw_endpoint_buffer_control_update32>
200005e2:	4820      	ldr	r0, [pc, #128]	@ (20000664 <dcd_rp2040_irq+0x318>)
200005e4:	f000 fa42 	bl	20000a6c <hw_endpoint_reset_transfer>
200005e8:	2201      	movs	r2, #1
200005ea:	4b19      	ldr	r3, [pc, #100]	@ (20000650 <dcd_rp2040_irq+0x304>)
200005ec:	665a      	str	r2, [r3, #100]	@ 0x64
200005ee:	661a      	str	r2, [r3, #96]	@ 0x60
200005f0:	e73d      	b.n	2000046e <dcd_rp2040_irq+0x122>
200005f2:	f894 707a 	ldrb.w	r7, [r4, #122]	@ 0x7a
200005f6:	2f00      	cmp	r7, #0
200005f8:	f43f aec0 	beq.w	2000037c <dcd_rp2040_irq+0x30>
200005fc:	f894 307c 	ldrb.w	r3, [r4, #124]	@ 0x7c
20000600:	2b00      	cmp	r3, #0
20000602:	f040 8101 	bne.w	20000808 <dcd_rp2040_irq+0x4bc>
20000606:	463e      	mov	r6, r7
20000608:	e6b8      	b.n	2000037c <dcd_rp2040_irq+0x30>
2000060a:	f894 717a 	ldrb.w	r7, [r4, #378]	@ 0x17a
2000060e:	2f00      	cmp	r7, #0
20000610:	f43f aec8 	beq.w	200003a4 <dcd_rp2040_irq+0x58>
20000614:	f894 317c 	ldrb.w	r3, [r4, #380]	@ 0x17c
20000618:	2b00      	cmp	r3, #0
2000061a:	f040 80ed 	bne.w	200007f8 <dcd_rp2040_irq+0x4ac>
2000061e:	463e      	mov	r6, r7
20000620:	e6c0      	b.n	200003a4 <dcd_rp2040_irq+0x58>
20000622:	f894 713a 	ldrb.w	r7, [r4, #314]	@ 0x13a
20000626:	2f00      	cmp	r7, #0
20000628:	f43f aeb7 	beq.w	2000039a <dcd_rp2040_irq+0x4e>
2000062c:	f894 313c 	ldrb.w	r3, [r4, #316]	@ 0x13c
20000630:	2b00      	cmp	r3, #0
20000632:	f040 80d9 	bne.w	200007e8 <dcd_rp2040_irq+0x49c>
20000636:	463e      	mov	r6, r7
20000638:	e6af      	b.n	2000039a <dcd_rp2040_irq+0x4e>
2000063a:	bf00      	nop
2000063c:	50110000 	.word	0x50110000
20000640:	400b0000 	.word	0x400b0000
20000644:	200016d4 	.word	0x200016d4
20000648:	200016cc 	.word	0x200016cc
2000064c:	20001b31 	.word	0x20001b31
20000650:	50113000 	.word	0x50113000
20000654:	00020010 	.word	0x00020010
20000658:	50100000 	.word	0x50100000
2000065c:	20001ab4 	.word	0x20001ab4
20000660:	50112000 	.word	0x50112000
20000664:	200016f4 	.word	0x200016f4
20000668:	f894 70fa 	ldrb.w	r7, [r4, #250]	@ 0xfa
2000066c:	2f00      	cmp	r7, #0
2000066e:	f43f ae8f 	beq.w	20000390 <dcd_rp2040_irq+0x44>
20000672:	f894 30fc 	ldrb.w	r3, [r4, #252]	@ 0xfc
20000676:	2b00      	cmp	r3, #0
20000678:	f040 808e 	bne.w	20000798 <dcd_rp2040_irq+0x44c>
2000067c:	463e      	mov	r6, r7
2000067e:	e687      	b.n	20000390 <dcd_rp2040_irq+0x44>
20000680:	f894 70ba 	ldrb.w	r7, [r4, #186]	@ 0xba
20000684:	2f00      	cmp	r7, #0
20000686:	f43f ae7e 	beq.w	20000386 <dcd_rp2040_irq+0x3a>
2000068a:	f894 30bc 	ldrb.w	r3, [r4, #188]	@ 0xbc
2000068e:	2b00      	cmp	r3, #0
20000690:	d17a      	bne.n	20000788 <dcd_rp2040_irq+0x43c>
20000692:	463e      	mov	r6, r7
20000694:	e677      	b.n	20000386 <dcd_rp2040_irq+0x3a>
20000696:	f894 733a 	ldrb.w	r7, [r4, #826]	@ 0x33a
2000069a:	2f00      	cmp	r7, #0
2000069c:	f43f aea5 	beq.w	200003ea <dcd_rp2040_irq+0x9e>
200006a0:	f894 333c 	ldrb.w	r3, [r4, #828]	@ 0x33c
200006a4:	2b00      	cmp	r3, #0
200006a6:	d157      	bne.n	20000758 <dcd_rp2040_irq+0x40c>
200006a8:	463e      	mov	r6, r7
200006aa:	e69e      	b.n	200003ea <dcd_rp2040_irq+0x9e>
200006ac:	f894 72fa 	ldrb.w	r7, [r4, #762]	@ 0x2fa
200006b0:	2f00      	cmp	r7, #0
200006b2:	f43f ae95 	beq.w	200003e0 <dcd_rp2040_irq+0x94>
200006b6:	f894 32fc 	ldrb.w	r3, [r4, #764]	@ 0x2fc
200006ba:	2b00      	cmp	r3, #0
200006bc:	d15c      	bne.n	20000778 <dcd_rp2040_irq+0x42c>
200006be:	463e      	mov	r6, r7
200006c0:	e68e      	b.n	200003e0 <dcd_rp2040_irq+0x94>
200006c2:	f894 72ba 	ldrb.w	r7, [r4, #698]	@ 0x2ba
200006c6:	2f00      	cmp	r7, #0
200006c8:	f43f ae85 	beq.w	200003d6 <dcd_rp2040_irq+0x8a>
200006cc:	f894 32bc 	ldrb.w	r3, [r4, #700]	@ 0x2bc
200006d0:	2b00      	cmp	r3, #0
200006d2:	d149      	bne.n	20000768 <dcd_rp2040_irq+0x41c>
200006d4:	463e      	mov	r6, r7
200006d6:	e67e      	b.n	200003d6 <dcd_rp2040_irq+0x8a>
200006d8:	f894 727a 	ldrb.w	r7, [r4, #634]	@ 0x27a
200006dc:	2f00      	cmp	r7, #0
200006de:	f43f ae75 	beq.w	200003cc <dcd_rp2040_irq+0x80>
200006e2:	f894 327c 	ldrb.w	r3, [r4, #636]	@ 0x27c
200006e6:	2b00      	cmp	r3, #0
200006e8:	d176      	bne.n	200007d8 <dcd_rp2040_irq+0x48c>
200006ea:	463e      	mov	r6, r7
200006ec:	e66e      	b.n	200003cc <dcd_rp2040_irq+0x80>
200006ee:	f894 723a 	ldrb.w	r7, [r4, #570]	@ 0x23a
200006f2:	2f00      	cmp	r7, #0
200006f4:	f43f ae65 	beq.w	200003c2 <dcd_rp2040_irq+0x76>
200006f8:	f894 323c 	ldrb.w	r3, [r4, #572]	@ 0x23c
200006fc:	2b00      	cmp	r3, #0
200006fe:	d163      	bne.n	200007c8 <dcd_rp2040_irq+0x47c>
20000700:	463e      	mov	r6, r7
20000702:	e65e      	b.n	200003c2 <dcd_rp2040_irq+0x76>
20000704:	f894 71fa 	ldrb.w	r7, [r4, #506]	@ 0x1fa
20000708:	2f00      	cmp	r7, #0
2000070a:	f43f ae55 	beq.w	200003b8 <dcd_rp2040_irq+0x6c>
2000070e:	f894 31fc 	ldrb.w	r3, [r4, #508]	@ 0x1fc
20000712:	2b00      	cmp	r3, #0
20000714:	d150      	bne.n	200007b8 <dcd_rp2040_irq+0x46c>
20000716:	463e      	mov	r6, r7
20000718:	e64e      	b.n	200003b8 <dcd_rp2040_irq+0x6c>
2000071a:	f894 71ba 	ldrb.w	r7, [r4, #442]	@ 0x1ba
2000071e:	2f00      	cmp	r7, #0
20000720:	f43f ae45 	beq.w	200003ae <dcd_rp2040_irq+0x62>
20000724:	f894 31bc 	ldrb.w	r3, [r4, #444]	@ 0x1bc
20000728:	2b00      	cmp	r3, #0
2000072a:	d13d      	bne.n	200007a8 <dcd_rp2040_irq+0x45c>
2000072c:	463e      	mov	r6, r7
2000072e:	e63e      	b.n	200003ae <dcd_rp2040_irq+0x62>
20000730:	f894 33ba 	ldrb.w	r3, [r4, #954]	@ 0x3ba
20000734:	2b00      	cmp	r3, #0
20000736:	f43f ae62 	beq.w	200003fe <dcd_rp2040_irq+0xb2>
2000073a:	f894 33bc 	ldrb.w	r3, [r4, #956]	@ 0x3bc
2000073e:	2b00      	cmp	r3, #0
20000740:	d171      	bne.n	20000826 <dcd_rp2040_irq+0x4da>
20000742:	f894 33fb 	ldrb.w	r3, [r4, #1019]	@ 0x3fb
20000746:	2b02      	cmp	r3, #2
20000748:	f47f ae67 	bne.w	2000041a <dcd_rp2040_irq+0xce>
2000074c:	f894 33fa 	ldrb.w	r3, [r4, #1018]	@ 0x3fa
20000750:	2b00      	cmp	r3, #0
20000752:	f43f ae62 	beq.w	2000041a <dcd_rp2040_irq+0xce>
20000756:	e710      	b.n	2000057a <dcd_rp2040_irq+0x22e>
20000758:	2300      	movs	r3, #0
2000075a:	4839      	ldr	r0, [pc, #228]	@ (20000840 <dcd_rp2040_irq+0x4f4>)
2000075c:	f884 333c 	strb.w	r3, [r4, #828]	@ 0x33c
20000760:	463e      	mov	r6, r7
20000762:	f000 f9ab 	bl	20000abc <hw_endpoint_start_next_buffer>
20000766:	e640      	b.n	200003ea <dcd_rp2040_irq+0x9e>
20000768:	2300      	movs	r3, #0
2000076a:	4836      	ldr	r0, [pc, #216]	@ (20000844 <dcd_rp2040_irq+0x4f8>)
2000076c:	f884 32bc 	strb.w	r3, [r4, #700]	@ 0x2bc
20000770:	463e      	mov	r6, r7
20000772:	f000 f9a3 	bl	20000abc <hw_endpoint_start_next_buffer>
20000776:	e62e      	b.n	200003d6 <dcd_rp2040_irq+0x8a>
20000778:	2300      	movs	r3, #0
2000077a:	4833      	ldr	r0, [pc, #204]	@ (20000848 <dcd_rp2040_irq+0x4fc>)
2000077c:	f884 32fc 	strb.w	r3, [r4, #764]	@ 0x2fc
20000780:	463e      	mov	r6, r7
20000782:	f000 f99b 	bl	20000abc <hw_endpoint_start_next_buffer>
20000786:	e62b      	b.n	200003e0 <dcd_rp2040_irq+0x94>
20000788:	2300      	movs	r3, #0
2000078a:	4830      	ldr	r0, [pc, #192]	@ (2000084c <dcd_rp2040_irq+0x500>)
2000078c:	f884 30bc 	strb.w	r3, [r4, #188]	@ 0xbc
20000790:	463e      	mov	r6, r7
20000792:	f000 f993 	bl	20000abc <hw_endpoint_start_next_buffer>
20000796:	e5f6      	b.n	20000386 <dcd_rp2040_irq+0x3a>
20000798:	2300      	movs	r3, #0
2000079a:	482d      	ldr	r0, [pc, #180]	@ (20000850 <dcd_rp2040_irq+0x504>)
2000079c:	f884 30fc 	strb.w	r3, [r4, #252]	@ 0xfc
200007a0:	463e      	mov	r6, r7
200007a2:	f000 f98b 	bl	20000abc <hw_endpoint_start_next_buffer>
200007a6:	e5f3      	b.n	20000390 <dcd_rp2040_irq+0x44>
200007a8:	2300      	movs	r3, #0
200007aa:	482a      	ldr	r0, [pc, #168]	@ (20000854 <dcd_rp2040_irq+0x508>)
200007ac:	f884 31bc 	strb.w	r3, [r4, #444]	@ 0x1bc
200007b0:	463e      	mov	r6, r7
200007b2:	f000 f983 	bl	20000abc <hw_endpoint_start_next_buffer>
200007b6:	e5fa      	b.n	200003ae <dcd_rp2040_irq+0x62>
200007b8:	2300      	movs	r3, #0
200007ba:	4827      	ldr	r0, [pc, #156]	@ (20000858 <dcd_rp2040_irq+0x50c>)
200007bc:	f884 31fc 	strb.w	r3, [r4, #508]	@ 0x1fc
200007c0:	463e      	mov	r6, r7
200007c2:	f000 f97b 	bl	20000abc <hw_endpoint_start_next_buffer>
200007c6:	e5f7      	b.n	200003b8 <dcd_rp2040_irq+0x6c>
200007c8:	2300      	movs	r3, #0
200007ca:	4824      	ldr	r0, [pc, #144]	@ (2000085c <dcd_rp2040_irq+0x510>)
200007cc:	f884 323c 	strb.w	r3, [r4, #572]	@ 0x23c
200007d0:	463e      	mov	r6, r7
200007d2:	f000 f973 	bl	20000abc <hw_endpoint_start_next_buffer>
200007d6:	e5f4      	b.n	200003c2 <dcd_rp2040_irq+0x76>
200007d8:	2300      	movs	r3, #0
200007da:	4821      	ldr	r0, [pc, #132]	@ (20000860 <dcd_rp2040_irq+0x514>)
200007dc:	f884 327c 	strb.w	r3, [r4, #636]	@ 0x27c
200007e0:	463e      	mov	r6, r7
200007e2:	f000 f96b 	bl	20000abc <hw_endpoint_start_next_buffer>
200007e6:	e5f1      	b.n	200003cc <dcd_rp2040_irq+0x80>
200007e8:	2300      	movs	r3, #0
200007ea:	481e      	ldr	r0, [pc, #120]	@ (20000864 <dcd_rp2040_irq+0x518>)
200007ec:	f884 313c 	strb.w	r3, [r4, #316]	@ 0x13c
200007f0:	463e      	mov	r6, r7
200007f2:	f000 f963 	bl	20000abc <hw_endpoint_start_next_buffer>
200007f6:	e5d0      	b.n	2000039a <dcd_rp2040_irq+0x4e>
200007f8:	2300      	movs	r3, #0
200007fa:	481b      	ldr	r0, [pc, #108]	@ (20000868 <dcd_rp2040_irq+0x51c>)
200007fc:	f884 317c 	strb.w	r3, [r4, #380]	@ 0x17c
20000800:	463e      	mov	r6, r7
20000802:	f000 f95b 	bl	20000abc <hw_endpoint_start_next_buffer>
20000806:	e5cd      	b.n	200003a4 <dcd_rp2040_irq+0x58>
20000808:	2300      	movs	r3, #0
2000080a:	4818      	ldr	r0, [pc, #96]	@ (2000086c <dcd_rp2040_irq+0x520>)
2000080c:	f884 307c 	strb.w	r3, [r4, #124]	@ 0x7c
20000810:	463e      	mov	r6, r7
20000812:	f000 f953 	bl	20000abc <hw_endpoint_start_next_buffer>
20000816:	e5b1      	b.n	2000037c <dcd_rp2040_irq+0x30>
20000818:	2300      	movs	r3, #0
2000081a:	4815      	ldr	r0, [pc, #84]	@ (20000870 <dcd_rp2040_irq+0x524>)
2000081c:	f884 337c 	strb.w	r3, [r4, #892]	@ 0x37c
20000820:	f000 f94c 	bl	20000abc <hw_endpoint_start_next_buffer>
20000824:	e694      	b.n	20000550 <dcd_rp2040_irq+0x204>
20000826:	2300      	movs	r3, #0
20000828:	4812      	ldr	r0, [pc, #72]	@ (20000874 <dcd_rp2040_irq+0x528>)
2000082a:	f884 33bc 	strb.w	r3, [r4, #956]	@ 0x3bc
2000082e:	f000 f945 	bl	20000abc <hw_endpoint_start_next_buffer>
20000832:	e786      	b.n	20000742 <dcd_rp2040_irq+0x3f6>
20000834:	4810      	ldr	r0, [pc, #64]	@ (20000878 <dcd_rp2040_irq+0x52c>)
20000836:	ea86 0105 	eor.w	r1, r6, r5
2000083a:	f000 fc25 	bl	20001088 <__panic_veneer>
2000083e:	bf00      	nop
20000840:	200019f4 	.word	0x200019f4
20000844:	20001974 	.word	0x20001974
20000848:	200019b4 	.word	0x200019b4
2000084c:	20001774 	.word	0x20001774
20000850:	200017b4 	.word	0x200017b4
20000854:	20001874 	.word	0x20001874
20000858:	200018b4 	.word	0x200018b4
2000085c:	200018f4 	.word	0x200018f4
20000860:	20001934 	.word	0x20001934
20000864:	200017f4 	.word	0x200017f4
20000868:	20001834 	.word	0x20001834
2000086c:	20001734 	.word	0x20001734
20000870:	20001a34 	.word	0x20001a34
20000874:	20001a74 	.word	0x20001a74
20000878:	10003c90 	.word	0x10003c90

2000087c <prepare_ep_buffer>:
2000087c:	e92d 47f0 	stmdb	sp!, {r4, r5, r6, r7, r8, r9, sl, lr}
20000880:	8a84      	ldrh	r4, [r0, #20]
20000882:	8b05      	ldrh	r5, [r0, #24]
20000884:	78c2      	ldrb	r2, [r0, #3]
20000886:	42a5      	cmp	r5, r4
20000888:	bf28      	it	cs
2000088a:	4625      	movcs	r5, r4
2000088c:	1e17      	subs	r7, r2, #0
2000088e:	bf18      	it	ne
20000890:	2701      	movne	r7, #1
20000892:	1b64      	subs	r4, r4, r5
20000894:	7846      	ldrb	r6, [r0, #1]
20000896:	f082 0201 	eor.w	r2, r2, #1
2000089a:	b2a4      	uxth	r4, r4
2000089c:	4603      	mov	r3, r0
2000089e:	70c2      	strb	r2, [r0, #3]
200008a0:	8284      	strh	r4, [r0, #20]
200008a2:	f445 6080 	orr.w	r0, r5, #1024	@ 0x400
200008a6:	ea40 3047 	orr.w	r0, r0, r7, lsl #13
200008aa:	bba6      	cbnz	r6, 20000916 <prepare_ep_buffer+0x9a>
200008ac:	e9d3 2603 	ldrd	r2, r6, [r3, #12]
200008b0:	1e6f      	subs	r7, r5, #1
200008b2:	eb02 1e81 	add.w	lr, r2, r1, lsl #6
200008b6:	b355      	cbz	r5, 2000090e <prepare_ep_buffer+0x92>
200008b8:	2f05      	cmp	r7, #5
200008ba:	bf98      	it	ls
200008bc:	1c72      	addls	r2, r6, #1
200008be:	d931      	bls.n	20000924 <prepare_ep_buffer+0xa8>
200008c0:	eb02 1c81 	add.w	ip, r2, r1, lsl #6
200008c4:	1c72      	adds	r2, r6, #1
200008c6:	ebac 0402 	sub.w	r4, ip, r2
200008ca:	2c02      	cmp	r4, #2
200008cc:	d92a      	bls.n	20000924 <prepare_ep_buffer+0xa8>
200008ce:	4632      	mov	r2, r6
200008d0:	ea4f 0995 	mov.w	r9, r5, lsr #2
200008d4:	ea4f 0a89 	mov.w	sl, r9, lsl #2
200008d8:	eb06 0889 	add.w	r8, r6, r9, lsl #2
200008dc:	f852 4b04 	ldr.w	r4, [r2], #4
200008e0:	4542      	cmp	r2, r8
200008e2:	f84c 4b04 	str.w	r4, [ip], #4
200008e6:	d1f9      	bne.n	200008dc <prepare_ep_buffer+0x60>
200008e8:	4555      	cmp	r5, sl
200008ea:	eba7 070a 	sub.w	r7, r7, sl
200008ee:	eb0e 040a 	add.w	r4, lr, sl
200008f2:	d00a      	beq.n	2000090a <prepare_ep_buffer+0x8e>
200008f4:	f816 6029 	ldrb.w	r6, [r6, r9, lsl #2]
200008f8:	f80e 6029 	strb.w	r6, [lr, r9, lsl #2]
200008fc:	b12f      	cbz	r7, 2000090a <prepare_ep_buffer+0x8e>
200008fe:	7856      	ldrb	r6, [r2, #1]
20000900:	2f01      	cmp	r7, #1
20000902:	7066      	strb	r6, [r4, #1]
20000904:	d001      	beq.n	2000090a <prepare_ep_buffer+0x8e>
20000906:	7892      	ldrb	r2, [r2, #2]
20000908:	70a2      	strb	r2, [r4, #2]
2000090a:	691e      	ldr	r6, [r3, #16]
2000090c:	8a9c      	ldrh	r4, [r3, #20]
2000090e:	442e      	add	r6, r5
20000910:	611e      	str	r6, [r3, #16]
20000912:	f440 4000 	orr.w	r0, r0, #32768	@ 0x8000
20000916:	b90c      	cbnz	r4, 2000091c <prepare_ep_buffer+0xa0>
20000918:	f440 4080 	orr.w	r0, r0, #16384	@ 0x4000
2000091c:	b101      	cbz	r1, 20000920 <prepare_ep_buffer+0xa4>
2000091e:	0400      	lsls	r0, r0, #16
20000920:	e8bd 87f0 	ldmia.w	sp!, {r4, r5, r6, r7, r8, r9, sl, pc}
20000924:	f10e 3eff 	add.w	lr, lr, #4294967295	@ 0xffffffff
20000928:	442e      	add	r6, r5
2000092a:	e000      	b.n	2000092e <prepare_ep_buffer+0xb2>
2000092c:	3201      	adds	r2, #1
2000092e:	f812 4c01 	ldrb.w	r4, [r2, #-1]
20000932:	42b2      	cmp	r2, r6
20000934:	f80e 4f01 	strb.w	r4, [lr, #1]!
20000938:	d1f8      	bne.n	2000092c <prepare_ep_buffer+0xb0>
2000093a:	e7e6      	b.n	2000090a <prepare_ep_buffer+0x8e>

2000093c <sync_ep_buffer>:
2000093c:	6883      	ldr	r3, [r0, #8]
2000093e:	4602      	mov	r2, r0
20000940:	6818      	ldr	r0, [r3, #0]
20000942:	b101      	cbz	r1, 20000946 <sync_ep_buffer+0xa>
20000944:	0c00      	lsrs	r0, r0, #16
20000946:	7853      	ldrb	r3, [r2, #1]
20000948:	f3c0 0009 	ubfx	r0, r0, #0, #10
2000094c:	2b00      	cmp	r3, #0
2000094e:	d03c      	beq.n	200009ca <sync_ep_buffer+0x8e>
20000950:	e92d 41f0 	stmdb	sp!, {r4, r5, r6, r7, r8, lr}
20000954:	e9d2 3403 	ldrd	r3, r4, [r2, #12]
20000958:	1e46      	subs	r6, r0, #1
2000095a:	eb03 1e81 	add.w	lr, r3, r1, lsl #6
2000095e:	b340      	cbz	r0, 200009b2 <sync_ep_buffer+0x76>
20000960:	2e05      	cmp	r6, #5
20000962:	d93b      	bls.n	200009dc <sync_ep_buffer+0xa0>
20000964:	0189      	lsls	r1, r1, #6
20000966:	1c4d      	adds	r5, r1, #1
20000968:	441d      	add	r5, r3
2000096a:	1b65      	subs	r5, r4, r5
2000096c:	2d02      	cmp	r5, #2
2000096e:	d935      	bls.n	200009dc <sync_ep_buffer+0xa0>
20000970:	4673      	mov	r3, lr
20000972:	4621      	mov	r1, r4
20000974:	f400 777f 	and.w	r7, r0, #1020	@ 0x3fc
20000978:	ea4f 0890 	mov.w	r8, r0, lsr #2
2000097c:	18fd      	adds	r5, r7, r3
2000097e:	f853 cb04 	ldr.w	ip, [r3], #4
20000982:	42ab      	cmp	r3, r5
20000984:	f841 cb04 	str.w	ip, [r1], #4
20000988:	d1f9      	bne.n	2000097e <sync_ep_buffer+0x42>
2000098a:	42b8      	cmp	r0, r7
2000098c:	eba6 0607 	sub.w	r6, r6, r7
20000990:	eb04 0307 	add.w	r3, r4, r7
20000994:	eb0e 0107 	add.w	r1, lr, r7
20000998:	d00a      	beq.n	200009b0 <sync_ep_buffer+0x74>
2000099a:	f81e 5028 	ldrb.w	r5, [lr, r8, lsl #2]
2000099e:	f804 5028 	strb.w	r5, [r4, r8, lsl #2]
200009a2:	b12e      	cbz	r6, 200009b0 <sync_ep_buffer+0x74>
200009a4:	784c      	ldrb	r4, [r1, #1]
200009a6:	2e01      	cmp	r6, #1
200009a8:	705c      	strb	r4, [r3, #1]
200009aa:	d001      	beq.n	200009b0 <sync_ep_buffer+0x74>
200009ac:	7889      	ldrb	r1, [r1, #2]
200009ae:	7099      	strb	r1, [r3, #2]
200009b0:	6914      	ldr	r4, [r2, #16]
200009b2:	8ad3      	ldrh	r3, [r2, #22]
200009b4:	4404      	add	r4, r0
200009b6:	4403      	add	r3, r0
200009b8:	82d3      	strh	r3, [r2, #22]
200009ba:	8b13      	ldrh	r3, [r2, #24]
200009bc:	6114      	str	r4, [r2, #16]
200009be:	4283      	cmp	r3, r0
200009c0:	bf84      	itt	hi
200009c2:	2300      	movhi	r3, #0
200009c4:	8293      	strhhi	r3, [r2, #20]
200009c6:	e8bd 81f0 	ldmia.w	sp!, {r4, r5, r6, r7, r8, pc}
200009ca:	8ad3      	ldrh	r3, [r2, #22]
200009cc:	4403      	add	r3, r0
200009ce:	82d3      	strh	r3, [r2, #22]
200009d0:	8b13      	ldrh	r3, [r2, #24]
200009d2:	4283      	cmp	r3, r0
200009d4:	bf84      	itt	hi
200009d6:	2300      	movhi	r3, #0
200009d8:	8293      	strhhi	r3, [r2, #20]
200009da:	4770      	bx	lr
200009dc:	3c01      	subs	r4, #1
200009de:	eb0e 0100 	add.w	r1, lr, r0
200009e2:	f81e 3b01 	ldrb.w	r3, [lr], #1
200009e6:	4571      	cmp	r1, lr
200009e8:	f804 3f01 	strb.w	r3, [r4, #1]!
200009ec:	d1f9      	bne.n	200009e2 <sync_ep_buffer+0xa6>
200009ee:	e7df      	b.n	200009b0 <sync_ep_buffer+0x74>

200009f0 <_hw_endpoint_xfer_sync>:
200009f0:	b510      	push	{r4, lr}
200009f2:	4604      	mov	r4, r0
200009f4:	6883      	ldr	r3, [r0, #8]
200009f6:	2100      	movs	r1, #0
200009f8:	681b      	ldr	r3, [r3, #0]
200009fa:	f7ff ff9f 	bl	2000093c <sync_ep_buffer>
200009fe:	6863      	ldr	r3, [r4, #4]
20000a00:	681b      	ldr	r3, [r3, #0]
20000a02:	005b      	lsls	r3, r3, #1
20000a04:	d502      	bpl.n	20000a0c <_hw_endpoint_xfer_sync+0x1c>
20000a06:	8b23      	ldrh	r3, [r4, #24]
20000a08:	4283      	cmp	r3, r0
20000a0a:	d000      	beq.n	20000a0e <_hw_endpoint_xfer_sync+0x1e>
20000a0c:	bd10      	pop	{r4, pc}
20000a0e:	4620      	mov	r0, r4
20000a10:	e8bd 4010 	ldmia.w	sp!, {r4, lr}
20000a14:	2101      	movs	r1, #1
20000a16:	f7ff bf91 	b.w	2000093c <sync_ep_buffer>
20000a1a:	bf00      	nop

20000a1c <e15_is_bulkin_ep>:
20000a1c:	4b08      	ldr	r3, [pc, #32]	@ (20000a40 <e15_is_bulkin_ep+0x24>)
20000a1e:	6c1b      	ldr	r3, [r3, #64]	@ 0x40
20000a20:	f013 0302 	ands.w	r3, r3, #2
20000a24:	d102      	bne.n	20000a2c <e15_is_bulkin_ep+0x10>
20000a26:	7882      	ldrb	r2, [r0, #2]
20000a28:	09d2      	lsrs	r2, r2, #7
20000a2a:	d101      	bne.n	20000a30 <e15_is_bulkin_ep+0x14>
20000a2c:	2000      	movs	r0, #0
20000a2e:	4770      	bx	lr
20000a30:	7ec0      	ldrb	r0, [r0, #27]
20000a32:	f1a0 0002 	sub.w	r0, r0, #2
20000a36:	fab0 f080 	clz	r0, r0
20000a3a:	0940      	lsrs	r0, r0, #5
20000a3c:	4770      	bx	lr
20000a3e:	bf00      	nop
20000a40:	50110000 	.word	0x50110000

20000a44 <e15_is_critical_frame_period>:
20000a44:	b508      	push	{r3, lr}
20000a46:	f7ff ffe9 	bl	20000a1c <e15_is_bulkin_ep>
20000a4a:	b150      	cbz	r0, 20000a62 <e15_is_critical_frame_period+0x1e>
20000a4c:	4a05      	ldr	r2, [pc, #20]	@ (20000a64 <e15_is_critical_frame_period+0x20>)
20000a4e:	4b06      	ldr	r3, [pc, #24]	@ (20000a68 <e15_is_critical_frame_period+0x24>)
20000a50:	6a90      	ldr	r0, [r2, #40]	@ 0x28
20000a52:	681b      	ldr	r3, [r3, #0]
20000a54:	f5a0 7048 	sub.w	r0, r0, #800	@ 0x320
20000a58:	1ac0      	subs	r0, r0, r3
20000a5a:	28c6      	cmp	r0, #198	@ 0xc6
20000a5c:	bf8c      	ite	hi
20000a5e:	2000      	movhi	r0, #0
20000a60:	2001      	movls	r0, #1
20000a62:	bd08      	pop	{r3, pc}
20000a64:	400b0000 	.word	0x400b0000
20000a68:	200016cc 	.word	0x200016cc

20000a6c <hw_endpoint_reset_transfer>:
20000a6c:	2300      	movs	r3, #0
20000a6e:	e9c0 3304 	strd	r3, r3, [r0, #16]
20000a72:	7683      	strb	r3, [r0, #26]
20000a74:	4770      	bx	lr
20000a76:	bf00      	nop

20000a78 <_hw_endpoint_buffer_control_update32>:
20000a78:	b510      	push	{r4, lr}
20000a7a:	6883      	ldr	r3, [r0, #8]
20000a7c:	b109      	cbz	r1, 20000a82 <_hw_endpoint_buffer_control_update32+0xa>
20000a7e:	681c      	ldr	r4, [r3, #0]
20000a80:	4021      	ands	r1, r4
20000a82:	b182      	cbz	r2, 20000aa6 <_hw_endpoint_buffer_control_update32+0x2e>
20000a84:	4311      	orrs	r1, r2
20000a86:	0552      	lsls	r2, r2, #21
20000a88:	d50d      	bpl.n	20000aa6 <_hw_endpoint_buffer_control_update32+0x2e>
20000a8a:	681a      	ldr	r2, [r3, #0]
20000a8c:	0554      	lsls	r4, r2, #21
20000a8e:	d40c      	bmi.n	20000aaa <_hw_endpoint_buffer_control_update32+0x32>
20000a90:	4a08      	ldr	r2, [pc, #32]	@ (20000ab4 <_hw_endpoint_buffer_control_update32+0x3c>)
20000a92:	f421 6480 	bic.w	r4, r1, #1024	@ 0x400
20000a96:	601c      	str	r4, [r3, #0]
20000a98:	6c12      	ldr	r2, [r2, #64]	@ 0x40
20000a9a:	0792      	lsls	r2, r2, #30
20000a9c:	d403      	bmi.n	20000aa6 <_hw_endpoint_buffer_control_update32+0x2e>
20000a9e:	230c      	movs	r3, #12
20000aa0:	3b03      	subs	r3, #3
20000aa2:	d2fd      	bcs.n	20000aa0 <_hw_endpoint_buffer_control_update32+0x28>
20000aa4:	6883      	ldr	r3, [r0, #8]
20000aa6:	6019      	str	r1, [r3, #0]
20000aa8:	bd10      	pop	{r4, pc}
20000aaa:	7881      	ldrb	r1, [r0, #2]
20000aac:	4802      	ldr	r0, [pc, #8]	@ (20000ab8 <_hw_endpoint_buffer_control_update32+0x40>)
20000aae:	f000 faeb 	bl	20001088 <__panic_veneer>
20000ab2:	bf00      	nop
20000ab4:	50110000 	.word	0x50110000
20000ab8:	10003ca4 	.word	0x10003ca4

20000abc <hw_endpoint_start_next_buffer>:
20000abc:	b530      	push	{r4, r5, lr}
20000abe:	6843      	ldr	r3, [r0, #4]
20000ac0:	2100      	movs	r1, #0
20000ac2:	b083      	sub	sp, #12
20000ac4:	4604      	mov	r4, r0
20000ac6:	681d      	ldr	r5, [r3, #0]
20000ac8:	f7ff fed8 	bl	2000087c <prepare_ep_buffer>
20000acc:	4b13      	ldr	r3, [pc, #76]	@ (20000b1c <hw_endpoint_start_next_buffer+0x60>)
20000ace:	f440 5280 	orr.w	r2, r0, #4096	@ 0x1000
20000ad2:	6c19      	ldr	r1, [r3, #64]	@ 0x40
20000ad4:	78a3      	ldrb	r3, [r4, #2]
20000ad6:	0789      	lsls	r1, r1, #30
20000ad8:	d50e      	bpl.n	20000af8 <hw_endpoint_start_next_buffer+0x3c>
20000ada:	065b      	lsls	r3, r3, #25
20000adc:	d00e      	beq.n	20000afc <hw_endpoint_start_next_buffer+0x40>
20000ade:	f025 45a0 	bic.w	r5, r5, #1342177280	@ 0x50000000
20000ae2:	f045 5500 	orr.w	r5, r5, #536870912	@ 0x20000000
20000ae6:	2100      	movs	r1, #0
20000ae8:	4620      	mov	r0, r4
20000aea:	6863      	ldr	r3, [r4, #4]
20000aec:	601d      	str	r5, [r3, #0]
20000aee:	b003      	add	sp, #12
20000af0:	e8bd 4030 	ldmia.w	sp!, {r4, r5, lr}
20000af4:	f7ff bfc0 	b.w	20000a78 <_hw_endpoint_buffer_control_update32>
20000af8:	09db      	lsrs	r3, r3, #7
20000afa:	d0f0      	beq.n	20000ade <hw_endpoint_start_next_buffer+0x22>
20000afc:	8aa3      	ldrh	r3, [r4, #20]
20000afe:	2b00      	cmp	r3, #0
20000b00:	d0ed      	beq.n	20000ade <hw_endpoint_start_next_buffer+0x22>
20000b02:	2101      	movs	r1, #1
20000b04:	4620      	mov	r0, r4
20000b06:	9201      	str	r2, [sp, #4]
20000b08:	f7ff feb8 	bl	2000087c <prepare_ep_buffer>
20000b0c:	9a01      	ldr	r2, [sp, #4]
20000b0e:	f025 5500 	bic.w	r5, r5, #536870912	@ 0x20000000
20000b12:	4302      	orrs	r2, r0
20000b14:	f045 45a0 	orr.w	r5, r5, #1342177280	@ 0x50000000
20000b18:	e7e5      	b.n	20000ae6 <hw_endpoint_start_next_buffer+0x2a>
20000b1a:	bf00      	nop
20000b1c:	50110000 	.word	0x50110000

20000b20 <hw_endpoint_xfer_continue>:
20000b20:	b538      	push	{r3, r4, r5, lr}
20000b22:	7e85      	ldrb	r5, [r0, #26]
20000b24:	4604      	mov	r4, r0
20000b26:	b195      	cbz	r5, 20000b4e <hw_endpoint_xfer_continue+0x2e>
20000b28:	f7ff ff62 	bl	200009f0 <_hw_endpoint_xfer_sync>
20000b2c:	8aa3      	ldrh	r3, [r4, #20]
20000b2e:	b90b      	cbnz	r3, 20000b34 <hw_endpoint_xfer_continue+0x14>
20000b30:	4628      	mov	r0, r5
20000b32:	bd38      	pop	{r3, r4, r5, pc}
20000b34:	4620      	mov	r0, r4
20000b36:	f7ff ff85 	bl	20000a44 <e15_is_critical_frame_period>
20000b3a:	b120      	cbz	r0, 20000b46 <hw_endpoint_xfer_continue+0x26>
20000b3c:	2301      	movs	r3, #1
20000b3e:	7723      	strb	r3, [r4, #28]
20000b40:	2500      	movs	r5, #0
20000b42:	4628      	mov	r0, r5
20000b44:	bd38      	pop	{r3, r4, r5, pc}
20000b46:	4620      	mov	r0, r4
20000b48:	f7ff ffb8 	bl	20000abc <hw_endpoint_start_next_buffer>
20000b4c:	e7f8      	b.n	20000b40 <hw_endpoint_xfer_continue+0x20>
20000b4e:	7881      	ldrb	r1, [r0, #2]
20000b50:	4801      	ldr	r0, [pc, #4]	@ (20000b58 <hw_endpoint_xfer_continue+0x38>)
20000b52:	f000 fa99 	bl	20001088 <__panic_veneer>
20000b56:	bf00      	nop
20000b58:	10003cc4 	.word	0x10003cc4

20000b5c <dcd_event_handler>:
20000b5c:	e92d 43f0 	stmdb	sp!, {r4, r5, r6, r7, r8, r9, lr}
20000b60:	7843      	ldrb	r3, [r0, #1]
20000b62:	4604      	mov	r4, r0
20000b64:	3b02      	subs	r3, #2
20000b66:	460d      	mov	r5, r1
20000b68:	b085      	sub	sp, #20
20000b6a:	2b04      	cmp	r3, #4
20000b6c:	d813      	bhi.n	20000b96 <dcd_event_handler+0x3a>
20000b6e:	e8df f003 	tbb	[pc, r3]
20000b72:	4803      	.short	0x4803
20000b74:	7067      	.short	0x7067
20000b76:	42          	.byte	0x42
20000b77:	00          	.byte	0x00
20000b78:	2100      	movs	r1, #0
20000b7a:	4b78      	ldr	r3, [pc, #480]	@ (20000d5c <dcd_event_handler+0x200>)
20000b7c:	781a      	ldrb	r2, [r3, #0]
20000b7e:	f022 0201 	bic.w	r2, r2, #1
20000b82:	701a      	strb	r2, [r3, #0]
20000b84:	781a      	ldrb	r2, [r3, #0]
20000b86:	f022 0202 	bic.w	r2, r2, #2
20000b8a:	701a      	strb	r2, [r3, #0]
20000b8c:	7059      	strb	r1, [r3, #1]
20000b8e:	781a      	ldrb	r2, [r3, #0]
20000b90:	f361 0282 	bfi	r2, r1, #2, #1
20000b94:	701a      	strb	r2, [r3, #0]
20000b96:	4b72      	ldr	r3, [pc, #456]	@ (20000d60 <dcd_event_handler+0x204>)
20000b98:	681e      	ldr	r6, [r3, #0]
20000b9a:	6973      	ldr	r3, [r6, #20]
20000b9c:	f3ef 8210 	mrs	r2, PRIMASK
20000ba0:	b672      	cpsid	i
20000ba2:	e8d3 0fcf 	ldaexb	r0, [r3]
20000ba6:	2101      	movs	r1, #1
20000ba8:	2800      	cmp	r0, #0
20000baa:	d1fa      	bne.n	20000ba2 <dcd_event_handler+0x46>
20000bac:	e8c3 1f40 	strexb	r0, r1, [r3]
20000bb0:	2800      	cmp	r0, #0
20000bb2:	d1f6      	bne.n	20000ba2 <dcd_event_handler+0x46>
20000bb4:	f3bf 8f5f 	dmb	sy
20000bb8:	61b2      	str	r2, [r6, #24]
20000bba:	4621      	mov	r1, r4
20000bbc:	4630      	mov	r0, r6
20000bbe:	f000 fa67 	bl	20001090 <__tu_fifo_write_veneer>
20000bc2:	2300      	movs	r3, #0
20000bc4:	6972      	ldr	r2, [r6, #20]
20000bc6:	e8c2 3f8f 	stlb	r3, [r2]
20000bca:	69b3      	ldr	r3, [r6, #24]
20000bcc:	f383 8810 	msr	PRIMASK, r3
20000bd0:	b948      	cbnz	r0, 20000be6 <dcd_event_handler+0x8a>
20000bd2:	f04f 23e0 	mov.w	r3, #3758153728	@ 0xe000e000
20000bd6:	f8d3 3df0 	ldr.w	r3, [r3, #3568]	@ 0xdf0
20000bda:	07db      	lsls	r3, r3, #31
20000bdc:	d508      	bpl.n	20000bf0 <dcd_event_handler+0x94>
20000bde:	be00      	bkpt	0x0000
20000be0:	b005      	add	sp, #20
20000be2:	e8bd 83f0 	ldmia.w	sp!, {r4, r5, r6, r7, r8, r9, pc}
20000be6:	462a      	mov	r2, r5
20000be8:	7861      	ldrb	r1, [r4, #1]
20000bea:	7820      	ldrb	r0, [r4, #0]
20000bec:	f000 fa44 	bl	20001078 <__tud_event_hook_cb_veneer>
20000bf0:	b005      	add	sp, #20
20000bf2:	e8bd 83f0 	ldmia.w	sp!, {r4, r5, r6, r7, r8, r9, pc}
20000bf6:	4a5b      	ldr	r2, [pc, #364]	@ (20000d64 <dcd_event_handler+0x208>)
20000bf8:	7813      	ldrb	r3, [r2, #0]
20000bfa:	3301      	adds	r3, #1
20000bfc:	b2db      	uxtb	r3, r3
20000bfe:	7013      	strb	r3, [r2, #0]
20000c00:	e7c9      	b.n	20000b96 <dcd_event_handler+0x3a>
20000c02:	f04f 0900 	mov.w	r9, #0
20000c06:	4e58      	ldr	r6, [pc, #352]	@ (20000d68 <dcd_event_handler+0x20c>)
20000c08:	464b      	mov	r3, r9
20000c0a:	7831      	ldrb	r1, [r6, #0]
20000c0c:	f8df 8160 	ldr.w	r8, [pc, #352]	@ 20000d70 <dcd_event_handler+0x214>
20000c10:	4f56      	ldr	r7, [pc, #344]	@ (20000d6c <dcd_event_handler+0x210>)
20000c12:	e00f      	b.n	20000c34 <dcd_event_handler+0xd8>
20000c14:	683a      	ldr	r2, [r7, #0]
20000c16:	eb12 1343 	adds.w	r3, r2, r3, lsl #5
20000c1a:	d005      	beq.n	20000c28 <dcd_event_handler+0xcc>
20000c1c:	69db      	ldr	r3, [r3, #28]
20000c1e:	b11b      	cbz	r3, 20000c28 <dcd_event_handler+0xcc>
20000c20:	6861      	ldr	r1, [r4, #4]
20000c22:	7820      	ldrb	r0, [r4, #0]
20000c24:	4798      	blx	r3
20000c26:	7831      	ldrb	r1, [r6, #0]
20000c28:	f109 0901 	add.w	r9, r9, #1
20000c2c:	fa5f f389 	uxtb.w	r3, r9
20000c30:	428b      	cmp	r3, r1
20000c32:	d817      	bhi.n	20000c64 <dcd_event_handler+0x108>
20000c34:	4299      	cmp	r1, r3
20000c36:	d8ed      	bhi.n	20000c14 <dcd_event_handler+0xb8>
20000c38:	1a5b      	subs	r3, r3, r1
20000c3a:	eb08 1343 	add.w	r3, r8, r3, lsl #5
20000c3e:	e7ed      	b.n	20000c1c <dcd_event_handler+0xc0>
20000c40:	4b46      	ldr	r3, [pc, #280]	@ (20000d5c <dcd_event_handler+0x200>)
20000c42:	781a      	ldrb	r2, [r3, #0]
20000c44:	07d7      	lsls	r7, r2, #31
20000c46:	d5d3      	bpl.n	20000bf0 <dcd_event_handler+0x94>
20000c48:	781a      	ldrb	r2, [r3, #0]
20000c4a:	f042 0204 	orr.w	r2, r2, #4
20000c4e:	701a      	strb	r2, [r3, #0]
20000c50:	e7a1      	b.n	20000b96 <dcd_event_handler+0x3a>
20000c52:	4b42      	ldr	r3, [pc, #264]	@ (20000d5c <dcd_event_handler+0x200>)
20000c54:	781a      	ldrb	r2, [r3, #0]
20000c56:	07d6      	lsls	r6, r2, #31
20000c58:	d5ca      	bpl.n	20000bf0 <dcd_event_handler+0x94>
20000c5a:	781a      	ldrb	r2, [r3, #0]
20000c5c:	f022 0204 	bic.w	r2, r2, #4
20000c60:	701a      	strb	r2, [r3, #0]
20000c62:	e798      	b.n	20000b96 <dcd_event_handler+0x3a>
20000c64:	4e3d      	ldr	r6, [pc, #244]	@ (20000d5c <dcd_event_handler+0x200>)
20000c66:	7833      	ldrb	r3, [r6, #0]
20000c68:	0758      	lsls	r0, r3, #29
20000c6a:	d437      	bmi.n	20000cdc <dcd_event_handler+0x180>
20000c6c:	78f3      	ldrb	r3, [r6, #3]
20000c6e:	07da      	lsls	r2, r3, #31
20000c70:	d5be      	bpl.n	20000bf0 <dcd_event_handler+0x94>
20000c72:	2303      	movs	r3, #3
20000c74:	2700      	movs	r7, #0
20000c76:	4a3a      	ldr	r2, [pc, #232]	@ (20000d60 <dcd_event_handler+0x204>)
20000c78:	7821      	ldrb	r1, [r4, #0]
20000c7a:	6816      	ldr	r6, [r2, #0]
20000c7c:	6862      	ldr	r2, [r4, #4]
20000c7e:	f88d 1004 	strb.w	r1, [sp, #4]
20000c82:	f88d 3005 	strb.w	r3, [sp, #5]
20000c86:	6973      	ldr	r3, [r6, #20]
20000c88:	f8cd 7006 	str.w	r7, [sp, #6]
20000c8c:	f8cd 700a 	str.w	r7, [sp, #10]
20000c90:	f8ad 700e 	strh.w	r7, [sp, #14]
20000c94:	9202      	str	r2, [sp, #8]
20000c96:	f3ef 8210 	mrs	r2, PRIMASK
20000c9a:	b672      	cpsid	i
20000c9c:	e8d3 0fcf 	ldaexb	r0, [r3]
20000ca0:	2101      	movs	r1, #1
20000ca2:	2800      	cmp	r0, #0
20000ca4:	d1fa      	bne.n	20000c9c <dcd_event_handler+0x140>
20000ca6:	e8c3 1f40 	strexb	r0, r1, [r3]
20000caa:	2800      	cmp	r0, #0
20000cac:	d1f6      	bne.n	20000c9c <dcd_event_handler+0x140>
20000cae:	f3bf 8f5f 	dmb	sy
20000cb2:	4630      	mov	r0, r6
20000cb4:	61b2      	str	r2, [r6, #24]
20000cb6:	a901      	add	r1, sp, #4
20000cb8:	f000 f9ea 	bl	20001090 <__tu_fifo_write_veneer>
20000cbc:	6973      	ldr	r3, [r6, #20]
20000cbe:	e8c3 7f8f 	stlb	r7, [r3]
20000cc2:	69b3      	ldr	r3, [r6, #24]
20000cc4:	f383 8810 	msr	PRIMASK, r3
20000cc8:	2800      	cmp	r0, #0
20000cca:	d082      	beq.n	20000bd2 <dcd_event_handler+0x76>
20000ccc:	462a      	mov	r2, r5
20000cce:	f89d 1005 	ldrb.w	r1, [sp, #5]
20000cd2:	f89d 0004 	ldrb.w	r0, [sp, #4]
20000cd6:	f000 f9cf 	bl	20001078 <__tud_event_hook_cb_veneer>
20000cda:	e789      	b.n	20000bf0 <dcd_event_handler+0x94>
20000cdc:	7833      	ldrb	r3, [r6, #0]
20000cde:	f04f 0800 	mov.w	r8, #0
20000ce2:	f023 0304 	bic.w	r3, r3, #4
20000ce6:	7033      	strb	r3, [r6, #0]
20000ce8:	2305      	movs	r3, #5
20000cea:	4a1d      	ldr	r2, [pc, #116]	@ (20000d60 <dcd_event_handler+0x204>)
20000cec:	f88d 3005 	strb.w	r3, [sp, #5]
20000cf0:	6817      	ldr	r7, [r2, #0]
20000cf2:	7822      	ldrb	r2, [r4, #0]
20000cf4:	f8ad 800e 	strh.w	r8, [sp, #14]
20000cf8:	f88d 2004 	strb.w	r2, [sp, #4]
20000cfc:	697b      	ldr	r3, [r7, #20]
20000cfe:	f8cd 8006 	str.w	r8, [sp, #6]
20000d02:	f8cd 800a 	str.w	r8, [sp, #10]
20000d06:	f3ef 8210 	mrs	r2, PRIMASK
20000d0a:	b672      	cpsid	i
20000d0c:	e8d3 0fcf 	ldaexb	r0, [r3]
20000d10:	2101      	movs	r1, #1
20000d12:	2800      	cmp	r0, #0
20000d14:	d1fa      	bne.n	20000d0c <dcd_event_handler+0x1b0>
20000d16:	e8c3 1f40 	strexb	r0, r1, [r3]
20000d1a:	2800      	cmp	r0, #0
20000d1c:	d1f6      	bne.n	20000d0c <dcd_event_handler+0x1b0>
20000d1e:	f3bf 8f5f 	dmb	sy
20000d22:	4638      	mov	r0, r7
20000d24:	61ba      	str	r2, [r7, #24]
20000d26:	a901      	add	r1, sp, #4
20000d28:	f000 f9b2 	bl	20001090 <__tu_fifo_write_veneer>
20000d2c:	697b      	ldr	r3, [r7, #20]
20000d2e:	e8c3 8f8f 	stlb	r8, [r3]
20000d32:	69bb      	ldr	r3, [r7, #24]
20000d34:	f383 8810 	msr	PRIMASK, r3
20000d38:	b938      	cbnz	r0, 20000d4a <dcd_event_handler+0x1ee>
20000d3a:	f04f 23e0 	mov.w	r3, #3758153728	@ 0xe000e000
20000d3e:	f8d3 3df0 	ldr.w	r3, [r3, #3568]	@ 0xdf0
20000d42:	07d9      	lsls	r1, r3, #31
20000d44:	d592      	bpl.n	20000c6c <dcd_event_handler+0x110>
20000d46:	be00      	bkpt	0x0000
20000d48:	e790      	b.n	20000c6c <dcd_event_handler+0x110>
20000d4a:	462a      	mov	r2, r5
20000d4c:	f89d 1005 	ldrb.w	r1, [sp, #5]
20000d50:	f89d 0004 	ldrb.w	r0, [sp, #4]
20000d54:	f000 f990 	bl	20001078 <__tud_event_hook_cb_veneer>
20000d58:	e788      	b.n	20000c6c <dcd_event_handler+0x110>
20000d5a:	bf00      	nop
20000d5c:	20001568 	.word	0x20001568
20000d60:	200015c0 	.word	0x200015c0
20000d64:	20001b32 	.word	0x20001b32
20000d68:	20001b30 	.word	0x20001b30
20000d6c:	20001468 	.word	0x20001468
20000d70:	10003dd4 	.word	0x10003dd4

20000d74 <__aeabi_uldivmod>:
20000d74:	b953      	cbnz	r3, 20000d8c <__aeabi_uldivmod+0x18>
20000d76:	b94a      	cbnz	r2, 20000d8c <__aeabi_uldivmod+0x18>
20000d78:	2900      	cmp	r1, #0
20000d7a:	bf08      	it	eq
20000d7c:	2800      	cmpeq	r0, #0
20000d7e:	bf1c      	itt	ne
20000d80:	f04f 31ff 	movne.w	r1, #4294967295	@ 0xffffffff
20000d84:	f04f 30ff 	movne.w	r0, #4294967295	@ 0xffffffff
20000d88:	f000 b96a 	b.w	20001060 <__aeabi_idiv0>
20000d8c:	f1ad 0c08 	sub.w	ip, sp, #8
20000d90:	e96d ce04 	strd	ip, lr, [sp, #-16]!
20000d94:	f000 f806 	bl	20000da4 <__udivmoddi4>
20000d98:	f8dd e004 	ldr.w	lr, [sp, #4]
20000d9c:	e9dd 2302 	ldrd	r2, r3, [sp, #8]
20000da0:	b004      	add	sp, #16
20000da2:	4770      	bx	lr

20000da4 <__udivmoddi4>:
20000da4:	e92d 47f0 	stmdb	sp!, {r4, r5, r6, r7, r8, r9, sl, lr}
20000da8:	468c      	mov	ip, r1
20000daa:	468e      	mov	lr, r1
20000dac:	9e08      	ldr	r6, [sp, #32]
20000dae:	4615      	mov	r5, r2
20000db0:	4604      	mov	r4, r0
20000db2:	4619      	mov	r1, r3
20000db4:	2b00      	cmp	r3, #0
20000db6:	f040 80d0 	bne.w	20000f5a <__udivmoddi4+0x1b6>
20000dba:	4572      	cmp	r2, lr
20000dbc:	d947      	bls.n	20000e4e <__udivmoddi4+0xaa>
20000dbe:	fab2 f782 	clz	r7, r2
20000dc2:	b14f      	cbz	r7, 20000dd8 <__udivmoddi4+0x34>
20000dc4:	f1c7 0320 	rsb	r3, r7, #32
20000dc8:	fa0e fc07 	lsl.w	ip, lr, r7
20000dcc:	40bd      	lsls	r5, r7
20000dce:	40bc      	lsls	r4, r7
20000dd0:	fa20 f303 	lsr.w	r3, r0, r3
20000dd4:	ea43 0c0c 	orr.w	ip, r3, ip
20000dd8:	ea4f 4e15 	mov.w	lr, r5, lsr #16
20000ddc:	b2a8      	uxth	r0, r5
20000dde:	0c23      	lsrs	r3, r4, #16
20000de0:	fbbc f8fe 	udiv	r8, ip, lr
20000de4:	fb0e cc18 	mls	ip, lr, r8, ip
20000de8:	fb08 f900 	mul.w	r9, r8, r0
20000dec:	ea43 430c 	orr.w	r3, r3, ip, lsl #16
20000df0:	4599      	cmp	r9, r3
20000df2:	d928      	bls.n	20000e46 <__udivmoddi4+0xa2>
20000df4:	18eb      	adds	r3, r5, r3
20000df6:	f108 32ff 	add.w	r2, r8, #4294967295	@ 0xffffffff
20000dfa:	d204      	bcs.n	20000e06 <__udivmoddi4+0x62>
20000dfc:	4599      	cmp	r9, r3
20000dfe:	d902      	bls.n	20000e06 <__udivmoddi4+0x62>
20000e00:	f1a8 0202 	sub.w	r2, r8, #2
20000e04:	442b      	add	r3, r5
20000e06:	eba3 0309 	sub.w	r3, r3, r9
20000e0a:	b2a4      	uxth	r4, r4
20000e0c:	fbb3 fcfe 	udiv	ip, r3, lr
20000e10:	fb0e 331c 	mls	r3, lr, ip, r3
20000e14:	fb0c f000 	mul.w	r0, ip, r0
20000e18:	ea44 4403 	orr.w	r4, r4, r3, lsl #16
20000e1c:	42a0      	cmp	r0, r4
20000e1e:	d914      	bls.n	20000e4a <__udivmoddi4+0xa6>
20000e20:	192c      	adds	r4, r5, r4
20000e22:	f10c 33ff 	add.w	r3, ip, #4294967295	@ 0xffffffff
20000e26:	d204      	bcs.n	20000e32 <__udivmoddi4+0x8e>
20000e28:	42a0      	cmp	r0, r4
20000e2a:	d902      	bls.n	20000e32 <__udivmoddi4+0x8e>
20000e2c:	f1ac 0302 	sub.w	r3, ip, #2
20000e30:	442c      	add	r4, r5
20000e32:	1a24      	subs	r4, r4, r0
20000e34:	ea43 4002 	orr.w	r0, r3, r2, lsl #16
20000e38:	b11e      	cbz	r6, 20000e42 <__udivmoddi4+0x9e>
20000e3a:	40fc      	lsrs	r4, r7
20000e3c:	2300      	movs	r3, #0
20000e3e:	6034      	str	r4, [r6, #0]
20000e40:	6073      	str	r3, [r6, #4]
20000e42:	e8bd 87f0 	ldmia.w	sp!, {r4, r5, r6, r7, r8, r9, sl, pc}
20000e46:	4642      	mov	r2, r8
20000e48:	e7dd      	b.n	20000e06 <__udivmoddi4+0x62>
20000e4a:	4663      	mov	r3, ip
20000e4c:	e7f1      	b.n	20000e32 <__udivmoddi4+0x8e>
20000e4e:	2a00      	cmp	r2, #0
20000e50:	d079      	beq.n	20000f46 <__udivmoddi4+0x1a2>
20000e52:	fab2 f382 	clz	r3, r2
20000e56:	2b00      	cmp	r3, #0
20000e58:	d03f      	beq.n	20000eda <__udivmoddi4+0x136>
20000e5a:	4619      	mov	r1, r3
20000e5c:	f1c1 0320 	rsb	r3, r1, #32
20000e60:	fa02 f501 	lsl.w	r5, r2, r1
20000e64:	fa00 f401 	lsl.w	r4, r0, r1
20000e68:	fa2e f203 	lsr.w	r2, lr, r3
20000e6c:	fa0e fe01 	lsl.w	lr, lr, r1
20000e70:	fa20 f303 	lsr.w	r3, r0, r3
20000e74:	b2af      	uxth	r7, r5
20000e76:	ea43 030e 	orr.w	r3, r3, lr
20000e7a:	ea4f 4e15 	mov.w	lr, r5, lsr #16
20000e7e:	fbb2 fcfe 	udiv	ip, r2, lr
20000e82:	fb0e 201c 	mls	r0, lr, ip, r2
20000e86:	0c1a      	lsrs	r2, r3, #16
20000e88:	fb0c f807 	mul.w	r8, ip, r7
20000e8c:	ea42 4200 	orr.w	r2, r2, r0, lsl #16
20000e90:	4590      	cmp	r8, r2
20000e92:	d95a      	bls.n	20000f4a <__udivmoddi4+0x1a6>
20000e94:	18aa      	adds	r2, r5, r2
20000e96:	f10c 30ff 	add.w	r0, ip, #4294967295	@ 0xffffffff
20000e9a:	d204      	bcs.n	20000ea6 <__udivmoddi4+0x102>
20000e9c:	4590      	cmp	r8, r2
20000e9e:	d902      	bls.n	20000ea6 <__udivmoddi4+0x102>
20000ea0:	f1ac 0002 	sub.w	r0, ip, #2
20000ea4:	442a      	add	r2, r5
20000ea6:	eba2 0208 	sub.w	r2, r2, r8
20000eaa:	b29b      	uxth	r3, r3
20000eac:	fbb2 fcfe 	udiv	ip, r2, lr
20000eb0:	fb0e 221c 	mls	r2, lr, ip, r2
20000eb4:	fb0c f707 	mul.w	r7, ip, r7
20000eb8:	ea43 4302 	orr.w	r3, r3, r2, lsl #16
20000ebc:	429f      	cmp	r7, r3
20000ebe:	d946      	bls.n	20000f4e <__udivmoddi4+0x1aa>
20000ec0:	18eb      	adds	r3, r5, r3
20000ec2:	f10c 32ff 	add.w	r2, ip, #4294967295	@ 0xffffffff
20000ec6:	d204      	bcs.n	20000ed2 <__udivmoddi4+0x12e>
20000ec8:	429f      	cmp	r7, r3
20000eca:	d902      	bls.n	20000ed2 <__udivmoddi4+0x12e>
20000ecc:	f1ac 0202 	sub.w	r2, ip, #2
20000ed0:	442b      	add	r3, r5
20000ed2:	1bdb      	subs	r3, r3, r7
20000ed4:	ea42 4200 	orr.w	r2, r2, r0, lsl #16
20000ed8:	e002      	b.n	20000ee0 <__udivmoddi4+0x13c>
20000eda:	ebae 0302 	sub.w	r3, lr, r2
20000ede:	2201      	movs	r2, #1
20000ee0:	ea4f 4e15 	mov.w	lr, r5, lsr #16
20000ee4:	b2af      	uxth	r7, r5
20000ee6:	0c20      	lsrs	r0, r4, #16
20000ee8:	fbb3 fcfe 	udiv	ip, r3, lr
20000eec:	fb0e 331c 	mls	r3, lr, ip, r3
20000ef0:	fb0c f807 	mul.w	r8, ip, r7
20000ef4:	ea40 4303 	orr.w	r3, r0, r3, lsl #16
20000ef8:	4598      	cmp	r8, r3
20000efa:	d92a      	bls.n	20000f52 <__udivmoddi4+0x1ae>
20000efc:	18eb      	adds	r3, r5, r3
20000efe:	f10c 30ff 	add.w	r0, ip, #4294967295	@ 0xffffffff
20000f02:	d204      	bcs.n	20000f0e <__udivmoddi4+0x16a>
20000f04:	4598      	cmp	r8, r3
20000f06:	d902      	bls.n	20000f0e <__udivmoddi4+0x16a>
20000f08:	f1ac 0002 	sub.w	r0, ip, #2
20000f0c:	442b      	add	r3, r5
20000f0e:	eba3 0308 	sub.w	r3, r3, r8
20000f12:	b2a4      	uxth	r4, r4
20000f14:	fbb3 fcfe 	udiv	ip, r3, lr
20000f18:	fb0e 331c 	mls	r3, lr, ip, r3
20000f1c:	fb0c f707 	mul.w	r7, ip, r7
20000f20:	ea44 4403 	orr.w	r4, r4, r3, lsl #16
20000f24:	42a7      	cmp	r7, r4
20000f26:	d916      	bls.n	20000f56 <__udivmoddi4+0x1b2>
20000f28:	192c      	adds	r4, r5, r4
20000f2a:	f10c 33ff 	add.w	r3, ip, #4294967295	@ 0xffffffff
20000f2e:	d204      	bcs.n	20000f3a <__udivmoddi4+0x196>
20000f30:	42a7      	cmp	r7, r4
20000f32:	d902      	bls.n	20000f3a <__udivmoddi4+0x196>
20000f34:	f1ac 0302 	sub.w	r3, ip, #2
20000f38:	442c      	add	r4, r5
20000f3a:	1be4      	subs	r4, r4, r7
20000f3c:	ea43 4000 	orr.w	r0, r3, r0, lsl #16
20000f40:	460f      	mov	r7, r1
20000f42:	4611      	mov	r1, r2
20000f44:	e778      	b.n	20000e38 <__udivmoddi4+0x94>
20000f46:	211f      	movs	r1, #31
20000f48:	e788      	b.n	20000e5c <__udivmoddi4+0xb8>
20000f4a:	4660      	mov	r0, ip
20000f4c:	e7ab      	b.n	20000ea6 <__udivmoddi4+0x102>
20000f4e:	4662      	mov	r2, ip
20000f50:	e7bf      	b.n	20000ed2 <__udivmoddi4+0x12e>
20000f52:	4660      	mov	r0, ip
20000f54:	e7db      	b.n	20000f0e <__udivmoddi4+0x16a>
20000f56:	4663      	mov	r3, ip
20000f58:	e7ef      	b.n	20000f3a <__udivmoddi4+0x196>
20000f5a:	4573      	cmp	r3, lr
20000f5c:	d906      	bls.n	20000f6c <__udivmoddi4+0x1c8>
20000f5e:	b916      	cbnz	r6, 20000f66 <__udivmoddi4+0x1c2>
20000f60:	2100      	movs	r1, #0
20000f62:	4608      	mov	r0, r1
20000f64:	e76d      	b.n	20000e42 <__udivmoddi4+0x9e>
20000f66:	e9c6 0e00 	strd	r0, lr, [r6]
20000f6a:	e7f9      	b.n	20000f60 <__udivmoddi4+0x1bc>
20000f6c:	fab3 f783 	clz	r7, r3
20000f70:	b987      	cbnz	r7, 20000f94 <__udivmoddi4+0x1f0>
20000f72:	4573      	cmp	r3, lr
20000f74:	d301      	bcc.n	20000f7a <__udivmoddi4+0x1d6>
20000f76:	4282      	cmp	r2, r0
20000f78:	d807      	bhi.n	20000f8a <__udivmoddi4+0x1e6>
20000f7a:	1a84      	subs	r4, r0, r2
20000f7c:	eb6e 0303 	sbc.w	r3, lr, r3
20000f80:	2001      	movs	r0, #1
20000f82:	469c      	mov	ip, r3
20000f84:	b91e      	cbnz	r6, 20000f8e <__udivmoddi4+0x1ea>
20000f86:	2100      	movs	r1, #0
20000f88:	e75b      	b.n	20000e42 <__udivmoddi4+0x9e>
20000f8a:	4638      	mov	r0, r7
20000f8c:	e7fa      	b.n	20000f84 <__udivmoddi4+0x1e0>
20000f8e:	e9c6 4c00 	strd	r4, ip, [r6]
20000f92:	e7f8      	b.n	20000f86 <__udivmoddi4+0x1e2>
20000f94:	f1c7 0c20 	rsb	ip, r7, #32
20000f98:	40bb      	lsls	r3, r7
20000f9a:	fa00 f407 	lsl.w	r4, r0, r7
20000f9e:	fa22 f50c 	lsr.w	r5, r2, ip
20000fa2:	fa20 f10c 	lsr.w	r1, r0, ip
20000fa6:	40ba      	lsls	r2, r7
20000fa8:	431d      	orrs	r5, r3
20000faa:	fa2e f30c 	lsr.w	r3, lr, ip
20000fae:	fa0e fe07 	lsl.w	lr, lr, r7
20000fb2:	ea4f 4915 	mov.w	r9, r5, lsr #16
20000fb6:	ea41 010e 	orr.w	r1, r1, lr
20000fba:	fa1f fe85 	uxth.w	lr, r5
20000fbe:	fbb3 f8f9 	udiv	r8, r3, r9
20000fc2:	fb09 3018 	mls	r0, r9, r8, r3
20000fc6:	0c0b      	lsrs	r3, r1, #16
20000fc8:	fb08 fa0e 	mul.w	sl, r8, lr
20000fcc:	ea43 4300 	orr.w	r3, r3, r0, lsl #16
20000fd0:	459a      	cmp	sl, r3
20000fd2:	d940      	bls.n	20001056 <__udivmoddi4+0x2b2>
20000fd4:	18eb      	adds	r3, r5, r3
20000fd6:	f108 30ff 	add.w	r0, r8, #4294967295	@ 0xffffffff
20000fda:	d204      	bcs.n	20000fe6 <__udivmoddi4+0x242>
20000fdc:	459a      	cmp	sl, r3
20000fde:	d902      	bls.n	20000fe6 <__udivmoddi4+0x242>
20000fe0:	f1a8 0002 	sub.w	r0, r8, #2
20000fe4:	442b      	add	r3, r5
20000fe6:	eba3 030a 	sub.w	r3, r3, sl
20000fea:	b289      	uxth	r1, r1
20000fec:	fbb3 f8f9 	udiv	r8, r3, r9
20000ff0:	fb09 3318 	mls	r3, r9, r8, r3
20000ff4:	fb08 fe0e 	mul.w	lr, r8, lr
20000ff8:	ea41 4103 	orr.w	r1, r1, r3, lsl #16
20000ffc:	458e      	cmp	lr, r1
20000ffe:	d92c      	bls.n	2000105a <__udivmoddi4+0x2b6>
20001000:	1869      	adds	r1, r5, r1
20001002:	f108 33ff 	add.w	r3, r8, #4294967295	@ 0xffffffff
20001006:	d204      	bcs.n	20001012 <__udivmoddi4+0x26e>
20001008:	458e      	cmp	lr, r1
2000100a:	d902      	bls.n	20001012 <__udivmoddi4+0x26e>
2000100c:	f1a8 0302 	sub.w	r3, r8, #2
20001010:	4429      	add	r1, r5
20001012:	ea43 4000 	orr.w	r0, r3, r0, lsl #16
20001016:	eba1 010e 	sub.w	r1, r1, lr
2000101a:	fba0 9802 	umull	r9, r8, r0, r2
2000101e:	4541      	cmp	r1, r8
20001020:	46ce      	mov	lr, r9
20001022:	4643      	mov	r3, r8
20001024:	d302      	bcc.n	2000102c <__udivmoddi4+0x288>
20001026:	d106      	bne.n	20001036 <__udivmoddi4+0x292>
20001028:	454c      	cmp	r4, r9
2000102a:	d204      	bcs.n	20001036 <__udivmoddi4+0x292>
2000102c:	3801      	subs	r0, #1
2000102e:	ebb9 0e02 	subs.w	lr, r9, r2
20001032:	eb68 0305 	sbc.w	r3, r8, r5
20001036:	2e00      	cmp	r6, #0
20001038:	d0a5      	beq.n	20000f86 <__udivmoddi4+0x1e2>
2000103a:	ebb4 020e 	subs.w	r2, r4, lr
2000103e:	eb61 0103 	sbc.w	r1, r1, r3
20001042:	fa01 fc0c 	lsl.w	ip, r1, ip
20001046:	fa22 f307 	lsr.w	r3, r2, r7
2000104a:	40f9      	lsrs	r1, r7
2000104c:	ea4c 0303 	orr.w	r3, ip, r3
20001050:	e9c6 3100 	strd	r3, r1, [r6]
20001054:	e797      	b.n	20000f86 <__udivmoddi4+0x1e2>
20001056:	4640      	mov	r0, r8
20001058:	e7c5      	b.n	20000fe6 <__udivmoddi4+0x242>
2000105a:	4643      	mov	r3, r8
2000105c:	e7d9      	b.n	20001012 <__udivmoddi4+0x26e>
	...

20001060 <__aeabi_idiv0>:
20001060:	4770      	bx	lr
20001062:	bf00      	nop
20001064:	0000      	movs	r0, r0
	...

20001068 <__time_us_64_veneer>:
20001068:	f85f f000 	ldr.w	pc, [pc]	@ 2000106c <__time_us_64_veneer+0x4>
2000106c:	100014f5 	.word	0x100014f5

20001070 <__best_effort_wfe_or_timeout_veneer>:
20001070:	f85f f000 	ldr.w	pc, [pc]	@ 20001074 <__best_effort_wfe_or_timeout_veneer+0x4>
20001074:	100013ed 	.word	0x100013ed

20001078 <__tud_event_hook_cb_veneer>:
20001078:	f85f f000 	ldr.w	pc, [pc]	@ 2000107c <__tud_event_hook_cb_veneer+0x4>
2000107c:	10002301 	.word	0x10002301

20001080 <__memset_veneer>:
20001080:	f85f f000 	ldr.w	pc, [pc]	@ 20001084 <__memset_veneer+0x4>
20001084:	10003865 	.word	0x10003865

20001088 <__panic_veneer>:
20001088:	f85f f000 	ldr.w	pc, [pc]	@ 2000108c <__panic_veneer+0x4>
2000108c:	10000609 	.word	0x10000609

20001090 <__tu_fifo_write_veneer>:
20001090:	f85f f000 	ldr.w	pc, [pc]	@ 20001094 <__tu_fifo_write_veneer+0x4>
20001094:	100034f5 	.word	0x100034f5

20001098 <string_desc_arr>:
20001098:	10003cf0 10003bbc 10003bcc 10003be8     .<...;...;...;..

200010a8 <striped_spin_lock_num>:
200010a8:	00000010                                ....

200010ac <irq_handler_chain_slots>:
200010ac:	00000000 	.word	0x00000000
200010b0:	00010000 	.word	0x00010000
	...
200010bc:	00020000 	.word	0x00020000
	...
200010c8:	00030000 	.word	0x00030000
	...
200010d4:	00ff0000 	.word	0x00ff0000
200010d8:	00000000 	.word	0x00000000

200010dc <irq_handler_chain_first_slot>:
200010dc:	b501      	push	{r0, lr}
200010de:	6848      	ldr	r0, [r1, #4]
200010e0:	3101      	adds	r1, #1
200010e2:	468e      	mov	lr, r1
200010e4:	4700      	bx	r0

200010e6 <irq_handler_chain_remove_tail>:
200010e6:	4670      	mov	r0, lr
200010e8:	3809      	subs	r0, #9
200010ea:	4901      	ldr	r1, [pc, #4]	@ (200010f0 <irq_handler_chain_remove_tail+0xa>)
200010ec:	4788      	blx	r1
200010ee:	bd01      	pop	{r0, pc}
200010f0:	10000c51 	.word	0x10000c51

200010f4 <default_alarm_pool>:
	...
20001108:	20001150                                P.. 

2000110c <stdio_uart>:
2000110c:	10001da5 10001ead 10001df5 10001ebd     ................
2000111c:	00000000 00000100                       ........

20001124 <_usbd_qdef>:
20001124:	200015c4 000c0010 00000000 00000000     ... ............
	...

20001140 <_usbd_rhport>:
20001140:	000000ff                                ....

20001144 <__atexit_recursive_mutex>:
20001144:	20001464                                d.. 

20001148 <print_mutex>:
	...
