
/home/truonglangquan/idk-code/idk-test/miniusb-hid/build_rp2040/miniusb_hid.elf:     file format elf32-littlearm

Sections:
Idx Name          Size      VMA       LMA       File off  Algn
  0 .boot2        00000100  10000000  10000000  00001000  2**0
                  CONTENTS, ALLOC, LOAD, READONLY, CODE
  1 .text         00004218  10000100  10000100  00001100  2**3
                  CONTENTS, ALLOC, LOAD, READONLY, CODE
  2 .rodata       00000334  10004318  10004318  00005318  2**2
                  CONTENTS, ALLOC, LOAD, READONLY, DATA
  3 .binary_info  00000024  1000464c  1000464c  0000564c  2**2
                  CONTENTS, ALLOC, LOAD, READONLY, DATA
  4 .ram_vector_table 000000c0  20000000  20000000  00008000  2**2
                  ALLOC
  5 .uninitialized_data 00000000  200000c0  200000c0  00007084  2**0
                  CONTENTS
  6 .data         00000fc4  200000c0  10004670  000060c0  2**4
                  CONTENTS, ALLOC, LOAD, READONLY, CODE
  7 .tdata        00000000  20001084  20001084  00007084  2**0
                  CONTENTS, ALLOC, LOAD, DATA, THREAD_LOCAL
  8 .tbss         00000000  20001084  20001084  00000000  2**0
                  ALLOC, THREAD_LOCAL
  9 .bss          00000cb8  20001088  10005634  00007088  2**3
                  ALLOC
 10 .heap         00000800  20001d40  10005634  00007d40  2**2
                  ALLOC, READONLY
 11 .scratch_x    00000000  20040000  20040000  00007084  2**0
                  CONTENTS
 12 .scratch_y    00000000  20041000  20041000  00007084  2**0
                  CONTENTS
 13 .stack_dummy  00000800  20041000  20041000  00008000  2**5
                  ALLOC, READONLY
 14 .ARM.attributes 00000028  00000000  00000000  00007084  2**0
                  CONTENTS, READONLY
 15 .comment      0000001e  00000000  00000000  000070ac  2**0
                  CONTENTS, READONLY
 16 .debug_info   000361ca  00000000  00000000  000070ca  2**0
                  CONTENTS, READONLY, DEBUGGING, OCTETS
 17 .debug_abbrev 00009479  00000000  00000000  0003d294  2**0
                  CONTENTS, READONLY, DEBUGGING, OCTETS
 18 .debug_loclists 0001e15f  00000000  00000000  0004670d  2**0
                  CONTENTS, READONLY, DEBUGGING, OCTETS
 19 .debug_aranges 00001818  00000000  00000000  00064870  2**3
                  CONTENTS, READONLY, DEBUGGING, OCTETS
 20 .debug_rnglists 00004f73  00000000  00000000  00066088  2**0
                  CONTENTS, READONLY, DEBUGGING, OCTETS
 21 .debug_line   00024c03  00000000  00000000  0006affb  2**0
                  CONTENTS, READONLY, DEBUGGING, OCTETS
 22 .debug_str    00009ea7  00000000  00000000  0008fbfe  2**0
                  CONTENTS, READONLY, DEBUGGING, OCTETS
 23 .debug_frame  000032f0  00000000  00000000  00099aa8  2**2
                  CONTENTS, READONLY, DEBUGGING, OCTETS
 24 .debug_line_str 000002d1  00000000  00000000  0009cd98  2**0
                  CONTENTS, READONLY, DEBUGGING, OCTETS

/home/truonglangquan/idk-code/idk-test/miniusb-hid/build_rp2040/miniusb_hid.elf:     file format elf32-littlearm


Disassembly of section .boot2:

10000000 <__boot2_start__>:
10000000:	4b32b500 	.word	0x4b32b500
10000004:	60582021 	.word	0x60582021
10000008:	21026898 	.word	0x21026898
1000000c:	60984388 	.word	0x60984388
10000010:	611860d8 	.word	0x611860d8
10000014:	4b2e6158 	.word	0x4b2e6158
10000018:	60992100 	.word	0x60992100
1000001c:	61592102 	.word	0x61592102
10000020:	22f02101 	.word	0x22f02101
10000024:	492b5099 	.word	0x492b5099
10000028:	21016019 	.word	0x21016019
1000002c:	20356099 	.word	0x20356099
10000030:	f844f000 	.word	0xf844f000
10000034:	42902202 	.word	0x42902202
10000038:	2106d014 	.word	0x2106d014
1000003c:	f0006619 	.word	0xf0006619
10000040:	6e19f834 	.word	0x6e19f834
10000044:	66192101 	.word	0x66192101
10000048:	66182000 	.word	0x66182000
1000004c:	f000661a 	.word	0xf000661a
10000050:	6e19f82c 	.word	0x6e19f82c
10000054:	6e196e19 	.word	0x6e196e19
10000058:	f0002005 	.word	0xf0002005
1000005c:	2101f82f 	.word	0x2101f82f
10000060:	d1f94208 	.word	0xd1f94208
10000064:	60992100 	.word	0x60992100
10000068:	6019491b 	.word	0x6019491b
1000006c:	60592100 	.word	0x60592100
10000070:	481b491a 	.word	0x481b491a
10000074:	21016001 	.word	0x21016001
10000078:	21eb6099 	.word	0x21eb6099
1000007c:	21a06619 	.word	0x21a06619
10000080:	f0006619 	.word	0xf0006619
10000084:	2100f812 	.word	0x2100f812
10000088:	49166099 	.word	0x49166099
1000008c:	60014814 	.word	0x60014814
10000090:	60992101 	.word	0x60992101
10000094:	2800bc01 	.word	0x2800bc01
10000098:	4700d000 	.word	0x4700d000
1000009c:	49134812 	.word	0x49134812
100000a0:	c8036008 	.word	0xc8036008
100000a4:	8808f380 	.word	0x8808f380
100000a8:	b5034708 	.word	0xb5034708
100000ac:	20046a99 	.word	0x20046a99
100000b0:	d0fb4201 	.word	0xd0fb4201
100000b4:	42012001 	.word	0x42012001
100000b8:	bd03d1f8 	.word	0xbd03d1f8
100000bc:	6618b502 	.word	0x6618b502
100000c0:	f7ff6618 	.word	0xf7ff6618
100000c4:	6e18fff2 	.word	0x6e18fff2
100000c8:	bd026e18 	.word	0xbd026e18
100000cc:	40020000 	.word	0x40020000
100000d0:	18000000 	.word	0x18000000
100000d4:	00070000 	.word	0x00070000
100000d8:	005f0300 	.word	0x005f0300
100000dc:	00002221 	.word	0x00002221
100000e0:	180000f4 	.word	0x180000f4
100000e4:	a0002022 	.word	0xa0002022
100000e8:	10000100 	.word	0x10000100
100000ec:	e000ed08 	.word	0xe000ed08
	...
100000fc:	7a4eb274 	.word	0x7a4eb274

Disassembly of section .text:

10000100 <__VECTOR_TABLE>:
10000100:	20042000 	.word	0x20042000
10000104:	100001f7 	.word	0x100001f7
10000108:	100001cb 	.word	0x100001cb
1000010c:	100001cd 	.word	0x100001cd
10000110:	100001c9 	.word	0x100001c9
10000114:	100001c9 	.word	0x100001c9
10000118:	100001c9 	.word	0x100001c9
1000011c:	100001c9 	.word	0x100001c9
10000120:	100001c9 	.word	0x100001c9
10000124:	100001c9 	.word	0x100001c9
10000128:	100001c9 	.word	0x100001c9
1000012c:	100001cf 	.word	0x100001cf
10000130:	100001c9 	.word	0x100001c9
10000134:	100001c9 	.word	0x100001c9
10000138:	100001d1 	.word	0x100001d1
1000013c:	100001d3 	.word	0x100001d3
10000140:	100001c1 	.word	0x100001c1
10000144:	100001c1 	.word	0x100001c1
10000148:	100001c1 	.word	0x100001c1
1000014c:	100001c1 	.word	0x100001c1
10000150:	100001c1 	.word	0x100001c1
10000154:	100001c1 	.word	0x100001c1
10000158:	100001c1 	.word	0x100001c1
1000015c:	100001c1 	.word	0x100001c1
10000160:	100001c1 	.word	0x100001c1
10000164:	100001c1 	.word	0x100001c1
10000168:	100001c1 	.word	0x100001c1
1000016c:	100001c1 	.word	0x100001c1
10000170:	100001c1 	.word	0x100001c1
10000174:	100001c1 	.word	0x100001c1
10000178:	100001c1 	.word	0x100001c1
1000017c:	100001c1 	.word	0x100001c1
10000180:	100001c1 	.word	0x100001c1
10000184:	100001c1 	.word	0x100001c1
10000188:	100001c1 	.word	0x100001c1
1000018c:	100001c1 	.word	0x100001c1
10000190:	100001c1 	.word	0x100001c1
10000194:	100001c1 	.word	0x100001c1
10000198:	100001c1 	.word	0x100001c1
1000019c:	100001c1 	.word	0x100001c1
100001a0:	100001c1 	.word	0x100001c1
100001a4:	100001c1 	.word	0x100001c1
100001a8:	100001c1 	.word	0x100001c1
100001ac:	100001c1 	.word	0x100001c1
100001b0:	100001c1 	.word	0x100001c1
100001b4:	100001c1 	.word	0x100001c1
100001b8:	100001c1 	.word	0x100001c1
100001bc:	100001c1 	.word	0x100001c1

100001c0 <__unhandled_user_irq>:
100001c0:	f3ef 8005 	mrs	r0, IPSR
100001c4:	3810      	subs	r0, #16

100001c6 <unhandled_user_irq_num_in_r0>:
100001c6:	be00      	bkpt	0x0000

100001c8 <isr_invalid>:
100001c8:	be00      	bkpt	0x0000

100001ca <isr_nmi>:
100001ca:	be00      	bkpt	0x0000

100001cc <isr_hardfault>:
100001cc:	be00      	bkpt	0x0000

100001ce <isr_svcall>:
100001ce:	be00      	bkpt	0x0000

100001d0 <isr_pendsv>:
100001d0:	be00      	bkpt	0x0000

100001d2 <isr_systick>:
100001d2:	be00      	bkpt	0x0000

100001d4 <__default_isrs_end>:
100001d4:	7188ebf2 	.word	0x7188ebf2
100001d8:	1000464c 	.word	0x1000464c
100001dc:	10004670 	.word	0x10004670
100001e0:	10000238 	.word	0x10000238
100001e4:	e71aa390 	.word	0xe71aa390

100001e8 <_entry_point>:
100001e8:	481e      	ldr	r0, [pc, #120]	@ (10000264 <data_cpy_table+0x2c>)

100001ea <_enter_vtable_in_r0>:
100001ea:	491f      	ldr	r1, [pc, #124]	@ (10000268 <data_cpy_table+0x30>)
100001ec:	6008      	str	r0, [r1, #0]
100001ee:	c806      	ldmia	r0!, {r1, r2}
100001f0:	f381 8808 	msr	MSP, r1
100001f4:	4710      	bx	r2

100001f6 <_reset_handler>:
100001f6:	481d      	ldr	r0, [pc, #116]	@ (1000026c <data_cpy_table+0x34>)
100001f8:	6800      	ldr	r0, [r0, #0]
100001fa:	2800      	cmp	r0, #0
100001fc:	d001      	beq.n	10000202 <hold_non_core0_in_bootrom+0x4>

100001fe <hold_non_core0_in_bootrom>:
100001fe:	4819      	ldr	r0, [pc, #100]	@ (10000264 <data_cpy_table+0x2c>)
10000200:	e7f3      	b.n	100001ea <_enter_vtable_in_r0>
10000202:	a40d      	add	r4, pc, #52	@ (adr r4, 10000238 <data_cpy_table>)
10000204:	cc0e      	ldmia	r4!, {r1, r2, r3}
10000206:	2900      	cmp	r1, #0
10000208:	d002      	beq.n	10000210 <hold_non_core0_in_bootrom+0x12>
1000020a:	f000 f812 	bl	10000232 <data_cpy>
1000020e:	e7f9      	b.n	10000204 <hold_non_core0_in_bootrom+0x6>
10000210:	4917      	ldr	r1, [pc, #92]	@ (10000270 <data_cpy_table+0x38>)
10000212:	4a18      	ldr	r2, [pc, #96]	@ (10000274 <data_cpy_table+0x3c>)
10000214:	2000      	movs	r0, #0
10000216:	e000      	b.n	1000021a <bss_fill_test>

10000218 <bss_fill_loop>:
10000218:	c101      	stmia	r1!, {r0}

1000021a <bss_fill_test>:
1000021a:	4291      	cmp	r1, r2
1000021c:	d1fc      	bne.n	10000218 <bss_fill_loop>

1000021e <platform_entry>:
1000021e:	4916      	ldr	r1, [pc, #88]	@ (10000278 <data_cpy_table+0x40>)
10000220:	4788      	blx	r1
10000222:	4916      	ldr	r1, [pc, #88]	@ (1000027c <data_cpy_table+0x44>)
10000224:	4788      	blx	r1
10000226:	4916      	ldr	r1, [pc, #88]	@ (10000280 <data_cpy_table+0x48>)
10000228:	4788      	blx	r1
1000022a:	be00      	bkpt	0x0000
1000022c:	e7fd      	b.n	1000022a <platform_entry+0xc>

1000022e <data_cpy_loop>:
1000022e:	c901      	ldmia	r1!, {r0}
10000230:	c201      	stmia	r2!, {r0}

10000232 <data_cpy>:
10000232:	429a      	cmp	r2, r3
10000234:	d3fb      	bcc.n	1000022e <data_cpy_loop>
10000236:	4770      	bx	lr

10000238 <data_cpy_table>:
10000238:	10004670 	.word	0x10004670
1000023c:	200000c0 	.word	0x200000c0
10000240:	20001084 	.word	0x20001084
10000244:	10005634 	.word	0x10005634
10000248:	20040000 	.word	0x20040000
1000024c:	20040000 	.word	0x20040000
10000250:	10005634 	.word	0x10005634
10000254:	20041000 	.word	0x20041000
10000258:	20041000 	.word	0x20041000
1000025c:	00000000 	.word	0x00000000
10000260:	4770      	bx	lr
10000262:	0000      	.short	0x0000
10000264:	00000000 	.word	0x00000000
10000268:	e000ed08 	.word	0xe000ed08
1000026c:	d0000000 	.word	0xd0000000
10000270:	20001084 	.word	0x20001084
10000274:	20001d40 	.word	0x20001d40
10000278:	100023a1 	.word	0x100023a1
1000027c:	10000429 	.word	0x10000429
10000280:	10002399 	.word	0x10002399

10000284 <_init>:
10000284:	b5f8      	push	{r3, r4, r5, r6, r7, lr}
10000286:	46c0      	nop			@ (mov r8, r8)

10000288 <frame_dummy>:
10000288:	4b04      	ldr	r3, [pc, #16]	@ (1000029c <frame_dummy+0x14>)
1000028a:	b510      	push	{r4, lr}
1000028c:	2b00      	cmp	r3, #0
1000028e:	d003      	beq.n	10000298 <frame_dummy+0x10>
10000290:	4903      	ldr	r1, [pc, #12]	@ (100002a0 <frame_dummy+0x18>)
10000292:	4804      	ldr	r0, [pc, #16]	@ (100002a4 <frame_dummy+0x1c>)
10000294:	e000      	b.n	10000298 <frame_dummy+0x10>
10000296:	bf00      	nop
10000298:	bd10      	pop	{r4, pc}
1000029a:	46c0      	nop			@ (mov r8, r8)
1000029c:	00000000 	.word	0x00000000
100002a0:	20001cf4 	.word	0x20001cf4
100002a4:	10004318 	.word	0x10004318

100002a8 <led_init>:
100002a8:	b510      	push	{r4, lr}
100002aa:	2019      	movs	r0, #25
100002ac:	f000 f9e0 	bl	10000670 <gpio_init>
100002b0:	24d0      	movs	r4, #208	@ 0xd0
100002b2:	2380      	movs	r3, #128	@ 0x80
100002b4:	0624      	lsls	r4, r4, #24
100002b6:	049b      	lsls	r3, r3, #18
100002b8:	6263      	str	r3, [r4, #36]	@ 0x24
100002ba:	2002      	movs	r0, #2
100002bc:	61a3      	str	r3, [r4, #24]
100002be:	f000 f9d7 	bl	10000670 <gpio_init>
100002c2:	2304      	movs	r3, #4
100002c4:	201d      	movs	r0, #29
100002c6:	6263      	str	r3, [r4, #36]	@ 0x24
100002c8:	61a3      	str	r3, [r4, #24]
100002ca:	f000 f9d1 	bl	10000670 <gpio_init>
100002ce:	2380      	movs	r3, #128	@ 0x80
100002d0:	059b      	lsls	r3, r3, #22
100002d2:	6263      	str	r3, [r4, #36]	@ 0x24
100002d4:	61a3      	str	r3, [r4, #24]
100002d6:	bd10      	pop	{r4, pc}

100002d8 <ws2812_init_all>:
100002d8:	b5f0      	push	{r4, r5, r6, r7, lr}
100002da:	46c6      	mov	lr, r8
100002dc:	b500      	push	{lr}
100002de:	494d      	ldr	r1, [pc, #308]	@ (10000414 <ws2812_init_all+0x13c>)
100002e0:	b08a      	sub	sp, #40	@ 0x28
100002e2:	484d      	ldr	r0, [pc, #308]	@ (10000418 <ws2812_init_all+0x140>)
100002e4:	f003 fdc8 	bl	10003e78 <pio_add_program>
100002e8:	2106      	movs	r1, #6
100002ea:	0006      	movs	r6, r0
100002ec:	2010      	movs	r0, #16
100002ee:	f000 f9a5 	bl	1000063c <gpio_set_function>
100002f2:	2301      	movs	r3, #1
100002f4:	2210      	movs	r2, #16
100002f6:	2100      	movs	r1, #0
100002f8:	9300      	str	r3, [sp, #0]
100002fa:	4847      	ldr	r0, [pc, #284]	@ (10000418 <ws2812_init_all+0x140>)
100002fc:	1cf5      	adds	r5, r6, #3
100002fe:	f003 fe37 	bl	10003f70 <pio_sm_set_consecutive_pindirs>
10000302:	032d      	lsls	r5, r5, #12
10000304:	01f3      	lsls	r3, r6, #7
10000306:	431d      	orrs	r5, r3
10000308:	4b44      	ldr	r3, [pc, #272]	@ (1000041c <ws2812_init_all+0x144>)
1000030a:	af02      	add	r7, sp, #8
1000030c:	401d      	ands	r5, r3
1000030e:	2380      	movs	r3, #128	@ 0x80
10000310:	025b      	lsls	r3, r3, #9
10000312:	9302      	str	r3, [sp, #8]
10000314:	2380      	movs	r3, #128	@ 0x80
10000316:	059b      	lsls	r3, r3, #22
10000318:	60fb      	str	r3, [r7, #12]
1000031a:	4b41      	ldr	r3, [pc, #260]	@ (10000420 <ws2812_init_all+0x148>)
1000031c:	2005      	movs	r0, #5
1000031e:	60bb      	str	r3, [r7, #8]
10000320:	607d      	str	r5, [r7, #4]
10000322:	f001 fadd 	bl	100018e0 <clock_get_hz>
10000326:	493f      	ldr	r1, [pc, #252]	@ (10000424 <ws2812_init_all+0x14c>)
10000328:	f001 fcac 	bl	10001c84 <__wrap___aeabi_uidiv>
1000032c:	f001 ff88 	bl	10002240 <__wrap___aeabi_ui2f>
10000330:	21ec      	movs	r1, #236	@ 0xec
10000332:	0589      	lsls	r1, r1, #22
10000334:	f001 ff66 	bl	10002204 <__wrap___aeabi_fadd>
10000338:	4680      	mov	r8, r0
1000033a:	f001 ffa9 	bl	10002290 <__wrap___aeabi_f2uiz>
1000033e:	b284      	uxth	r4, r0
10000340:	2300      	movs	r3, #0
10000342:	2c00      	cmp	r4, #0
10000344:	d00e      	beq.n	10000364 <ws2812_init_all+0x8c>
10000346:	0020      	movs	r0, r4
10000348:	f001 ff7a 	bl	10002240 <__wrap___aeabi_ui2f>
1000034c:	1c01      	adds	r1, r0, #0
1000034e:	4640      	mov	r0, r8
10000350:	f001 ff55 	bl	100021fe <__wrap___aeabi_fsub>
10000354:	2187      	movs	r1, #135	@ 0x87
10000356:	05c9      	lsls	r1, r1, #23
10000358:	f001 ff6b 	bl	10002232 <__wrap___aeabi_fmul>
1000035c:	f001 ff98 	bl	10002290 <__wrap___aeabi_f2uiz>
10000360:	b2c3      	uxtb	r3, r0
10000362:	021b      	lsls	r3, r3, #8
10000364:	0424      	lsls	r4, r4, #16
10000366:	431c      	orrs	r4, r3
10000368:	003b      	movs	r3, r7
1000036a:	2701      	movs	r7, #1
1000036c:	9402      	str	r4, [sp, #8]
1000036e:	4c2a      	ldr	r4, [pc, #168]	@ (10000418 <ws2812_init_all+0x140>)
10000370:	0032      	movs	r2, r6
10000372:	2100      	movs	r1, #0
10000374:	0020      	movs	r0, r4
10000376:	f003 fe55 	bl	10004024 <pio_sm_init>
1000037a:	6823      	ldr	r3, [r4, #0]
1000037c:	2106      	movs	r1, #6
1000037e:	433b      	orrs	r3, r7
10000380:	6023      	str	r3, [r4, #0]
10000382:	2016      	movs	r0, #22
10000384:	f000 f95a 	bl	1000063c <gpio_set_function>
10000388:	2216      	movs	r2, #22
1000038a:	9700      	str	r7, [sp, #0]
1000038c:	2101      	movs	r1, #1
1000038e:	2301      	movs	r3, #1
10000390:	0020      	movs	r0, r4
10000392:	f003 fded 	bl	10003f70 <pio_sm_set_consecutive_pindirs>
10000396:	2380      	movs	r3, #128	@ 0x80
10000398:	025b      	lsls	r3, r3, #9
1000039a:	9306      	str	r3, [sp, #24]
1000039c:	2380      	movs	r3, #128	@ 0x80
1000039e:	059b      	lsls	r3, r3, #22
100003a0:	9309      	str	r3, [sp, #36]	@ 0x24
100003a2:	4b1f      	ldr	r3, [pc, #124]	@ (10000420 <ws2812_init_all+0x148>)
100003a4:	2005      	movs	r0, #5
100003a6:	9308      	str	r3, [sp, #32]
100003a8:	9507      	str	r5, [sp, #28]
100003aa:	f001 fa99 	bl	100018e0 <clock_get_hz>
100003ae:	491d      	ldr	r1, [pc, #116]	@ (10000424 <ws2812_init_all+0x14c>)
100003b0:	f001 fc68 	bl	10001c84 <__wrap___aeabi_uidiv>
100003b4:	f001 ff44 	bl	10002240 <__wrap___aeabi_ui2f>
100003b8:	21ec      	movs	r1, #236	@ 0xec
100003ba:	0589      	lsls	r1, r1, #22
100003bc:	f001 ff22 	bl	10002204 <__wrap___aeabi_fadd>
100003c0:	1c05      	adds	r5, r0, #0
100003c2:	f001 ff65 	bl	10002290 <__wrap___aeabi_f2uiz>
100003c6:	b284      	uxth	r4, r0
100003c8:	af06      	add	r7, sp, #24
100003ca:	2300      	movs	r3, #0
100003cc:	2c00      	cmp	r4, #0
100003ce:	d00e      	beq.n	100003ee <ws2812_init_all+0x116>
100003d0:	0020      	movs	r0, r4
100003d2:	f001 ff35 	bl	10002240 <__wrap___aeabi_ui2f>
100003d6:	1c01      	adds	r1, r0, #0
100003d8:	1c28      	adds	r0, r5, #0
100003da:	f001 ff10 	bl	100021fe <__wrap___aeabi_fsub>
100003de:	2187      	movs	r1, #135	@ 0x87
100003e0:	05c9      	lsls	r1, r1, #23
100003e2:	f001 ff26 	bl	10002232 <__wrap___aeabi_fmul>
100003e6:	f001 ff53 	bl	10002290 <__wrap___aeabi_f2uiz>
100003ea:	b2c3      	uxtb	r3, r0
100003ec:	021b      	lsls	r3, r3, #8
100003ee:	0424      	lsls	r4, r4, #16
100003f0:	431c      	orrs	r4, r3
100003f2:	9406      	str	r4, [sp, #24]
100003f4:	4c08      	ldr	r4, [pc, #32]	@ (10000418 <ws2812_init_all+0x140>)
100003f6:	003b      	movs	r3, r7
100003f8:	0032      	movs	r2, r6
100003fa:	2101      	movs	r1, #1
100003fc:	0020      	movs	r0, r4
100003fe:	f003 fe11 	bl	10004024 <pio_sm_init>
10000402:	2202      	movs	r2, #2
10000404:	6823      	ldr	r3, [r4, #0]
10000406:	4313      	orrs	r3, r2
10000408:	6023      	str	r3, [r4, #0]
1000040a:	b00a      	add	sp, #40	@ 0x28
1000040c:	bc80      	pop	{r7}
1000040e:	46b8      	mov	r8, r7
10000410:	bdf0      	pop	{r4, r5, r6, r7, pc}
10000412:	46c0      	nop			@ (mov r8, r8)
10000414:	10004318 	.word	0x10004318
10000418:	50200000 	.word	0x50200000
1000041c:	9fffffff 	.word	0x9fffffff
10000420:	70060000 	.word	0x70060000
10000424:	007a1200 	.word	0x007a1200

10000428 <main>:
10000428:	b5f0      	push	{r4, r5, r6, r7, lr}
1000042a:	46d6      	mov	lr, sl
1000042c:	464f      	mov	r7, r9
1000042e:	4646      	mov	r6, r8
10000430:	b5c0      	push	{r6, r7, lr}
10000432:	b084      	sub	sp, #16
10000434:	f003 fce2 	bl	10003dfc <board_init>
10000438:	2100      	movs	r1, #0
1000043a:	2000      	movs	r0, #0
1000043c:	f003 fb78 	bl	10003b30 <tusb_rhport_init>
10000440:	f7ff ff32 	bl	100002a8 <led_init>
10000444:	f7ff ff48 	bl	100002d8 <ws2812_init_all>
10000448:	23d0      	movs	r3, #208	@ 0xd0
1000044a:	2280      	movs	r2, #128	@ 0x80
1000044c:	061b      	lsls	r3, r3, #24
1000044e:	0492      	lsls	r2, r2, #18
10000450:	619a      	str	r2, [r3, #24]
10000452:	2204      	movs	r2, #4
10000454:	619a      	str	r2, [r3, #24]
10000456:	2280      	movs	r2, #128	@ 0x80
10000458:	0592      	lsls	r2, r2, #22
1000045a:	619a      	str	r2, [r3, #24]
1000045c:	2280      	movs	r2, #128	@ 0x80
1000045e:	4950      	ldr	r1, [pc, #320]	@ (100005a0 <main+0x178>)
10000460:	0252      	lsls	r2, r2, #9
10000462:	684b      	ldr	r3, [r1, #4]
10000464:	0018      	movs	r0, r3
10000466:	4010      	ands	r0, r2
10000468:	4213      	tst	r3, r2
1000046a:	d1fa      	bne.n	10000462 <main+0x3a>
1000046c:	2280      	movs	r2, #128	@ 0x80
1000046e:	6108      	str	r0, [r1, #16]
10000470:	494b      	ldr	r1, [pc, #300]	@ (100005a0 <main+0x178>)
10000472:	0292      	lsls	r2, r2, #10
10000474:	684b      	ldr	r3, [r1, #4]
10000476:	001e      	movs	r6, r3
10000478:	4016      	ands	r6, r2
1000047a:	4213      	tst	r3, r2
1000047c:	d1fa      	bne.n	10000474 <main+0x4c>
1000047e:	2300      	movs	r3, #0
10000480:	469a      	mov	sl, r3
10000482:	4699      	mov	r9, r3
10000484:	4b47      	ldr	r3, [pc, #284]	@ (100005a4 <main+0x17c>)
10000486:	2501      	movs	r5, #1
10000488:	4698      	mov	r8, r3
1000048a:	614e      	str	r6, [r1, #20]
1000048c:	2001      	movs	r0, #1
1000048e:	2100      	movs	r1, #0
10000490:	4240      	negs	r0, r0
10000492:	f002 fc09 	bl	10002ca8 <tud_task_ext>
10000496:	f001 f857 	bl	10001548 <time_us_64>
1000049a:	2900      	cmp	r1, #0
1000049c:	d04c      	beq.n	10000538 <main+0x110>
1000049e:	22fa      	movs	r2, #250	@ 0xfa
100004a0:	2300      	movs	r3, #0
100004a2:	0092      	lsls	r2, r2, #2
100004a4:	f001 fc2c 	bl	10001d00 <__wrap___aeabi_uldivmod>
100004a8:	0004      	movs	r4, r0
100004aa:	2000      	movs	r0, #0
100004ac:	f003 f978 	bl	100037a0 <tud_hid_n_ready>
100004b0:	1e07      	subs	r7, r0, #0
100004b2:	d03d      	beq.n	10000530 <main+0x108>
100004b4:	1ba3      	subs	r3, r4, r6
100004b6:	2b63      	cmp	r3, #99	@ 0x63
100004b8:	d915      	bls.n	100004e6 <main+0xbe>
100004ba:	2d00      	cmp	r5, #0
100004bc:	d042      	beq.n	10000544 <main+0x11c>
100004be:	2300      	movs	r3, #0
100004c0:	2200      	movs	r2, #0
100004c2:	9302      	str	r3, [sp, #8]
100004c4:	9301      	str	r3, [sp, #4]
100004c6:	9300      	str	r3, [sp, #0]
100004c8:	2100      	movs	r1, #0
100004ca:	2000      	movs	r0, #0
100004cc:	3301      	adds	r3, #1
100004ce:	f003 f983 	bl	100037d8 <tud_hid_n_mouse_report>
100004d2:	2301      	movs	r3, #1
100004d4:	405d      	eors	r5, r3
100004d6:	4643      	mov	r3, r8
100004d8:	22fa      	movs	r2, #250	@ 0xfa
100004da:	681b      	ldr	r3, [r3, #0]
100004dc:	0026      	movs	r6, r4
100004de:	1ae3      	subs	r3, r4, r3
100004e0:	0052      	lsls	r2, r2, #1
100004e2:	4293      	cmp	r3, r2
100004e4:	d239      	bcs.n	1000055a <main+0x132>
100004e6:	464b      	mov	r3, r9
100004e8:	2b00      	cmp	r3, #0
100004ea:	d021      	beq.n	10000530 <main+0x108>
100004ec:	4653      	mov	r3, sl
100004ee:	1ae4      	subs	r4, r4, r3
100004f0:	2c4f      	cmp	r4, #79	@ 0x4f
100004f2:	d91d      	bls.n	10000530 <main+0x108>
100004f4:	23d0      	movs	r3, #208	@ 0xd0
100004f6:	2280      	movs	r2, #128	@ 0x80
100004f8:	061b      	lsls	r3, r3, #24
100004fa:	0492      	lsls	r2, r2, #18
100004fc:	619a      	str	r2, [r3, #24]
100004fe:	2204      	movs	r2, #4
10000500:	619a      	str	r2, [r3, #24]
10000502:	2280      	movs	r2, #128	@ 0x80
10000504:	0592      	lsls	r2, r2, #22
10000506:	619a      	str	r2, [r3, #24]
10000508:	2280      	movs	r2, #128	@ 0x80
1000050a:	4925      	ldr	r1, [pc, #148]	@ (100005a0 <main+0x178>)
1000050c:	0252      	lsls	r2, r2, #9
1000050e:	684b      	ldr	r3, [r1, #4]
10000510:	0018      	movs	r0, r3
10000512:	4010      	ands	r0, r2
10000514:	4213      	tst	r3, r2
10000516:	d1fa      	bne.n	1000050e <main+0xe6>
10000518:	2280      	movs	r2, #128	@ 0x80
1000051a:	6108      	str	r0, [r1, #16]
1000051c:	4920      	ldr	r1, [pc, #128]	@ (100005a0 <main+0x178>)
1000051e:	0292      	lsls	r2, r2, #10
10000520:	684b      	ldr	r3, [r1, #4]
10000522:	0018      	movs	r0, r3
10000524:	4010      	ands	r0, r2
10000526:	4213      	tst	r3, r2
10000528:	d1fa      	bne.n	10000520 <main+0xf8>
1000052a:	2300      	movs	r3, #0
1000052c:	4699      	mov	r9, r3
1000052e:	6148      	str	r0, [r1, #20]
10000530:	2001      	movs	r0, #1
10000532:	f000 fef3 	bl	1000131c <sleep_ms>
10000536:	e7a9      	b.n	1000048c <main+0x64>
10000538:	21fa      	movs	r1, #250	@ 0xfa
1000053a:	0089      	lsls	r1, r1, #2
1000053c:	f001 fba2 	bl	10001c84 <__wrap___aeabi_uidiv>
10000540:	0004      	movs	r4, r0
10000542:	e7b2      	b.n	100004aa <main+0x82>
10000544:	2301      	movs	r3, #1
10000546:	2200      	movs	r2, #0
10000548:	2100      	movs	r1, #0
1000054a:	9502      	str	r5, [sp, #8]
1000054c:	9501      	str	r5, [sp, #4]
1000054e:	9500      	str	r5, [sp, #0]
10000550:	425b      	negs	r3, r3
10000552:	2000      	movs	r0, #0
10000554:	f003 f940 	bl	100037d8 <tud_hid_n_mouse_report>
10000558:	e7bb      	b.n	100004d2 <main+0xaa>
1000055a:	4643      	mov	r3, r8
1000055c:	2280      	movs	r2, #128	@ 0x80
1000055e:	601c      	str	r4, [r3, #0]
10000560:	23d0      	movs	r3, #208	@ 0xd0
10000562:	0492      	lsls	r2, r2, #18
10000564:	061b      	lsls	r3, r3, #24
10000566:	615a      	str	r2, [r3, #20]
10000568:	2204      	movs	r2, #4
1000056a:	615a      	str	r2, [r3, #20]
1000056c:	2280      	movs	r2, #128	@ 0x80
1000056e:	2180      	movs	r1, #128	@ 0x80
10000570:	0592      	lsls	r2, r2, #22
10000572:	615a      	str	r2, [r3, #20]
10000574:	4a0a      	ldr	r2, [pc, #40]	@ (100005a0 <main+0x178>)
10000576:	0249      	lsls	r1, r1, #9
10000578:	6853      	ldr	r3, [r2, #4]
1000057a:	420b      	tst	r3, r1
1000057c:	d1fc      	bne.n	10000578 <main+0x150>
1000057e:	23a0      	movs	r3, #160	@ 0xa0
10000580:	2180      	movs	r1, #128	@ 0x80
10000582:	059b      	lsls	r3, r3, #22
10000584:	6113      	str	r3, [r2, #16]
10000586:	4a06      	ldr	r2, [pc, #24]	@ (100005a0 <main+0x178>)
10000588:	0289      	lsls	r1, r1, #10
1000058a:	6853      	ldr	r3, [r2, #4]
1000058c:	420b      	tst	r3, r1
1000058e:	d1fc      	bne.n	1000058a <main+0x162>
10000590:	23a0      	movs	r3, #160	@ 0xa0
10000592:	059b      	lsls	r3, r3, #22
10000594:	46b9      	mov	r9, r7
10000596:	46a2      	mov	sl, r4
10000598:	0026      	movs	r6, r4
1000059a:	6153      	str	r3, [r2, #20]
1000059c:	e7c8      	b.n	10000530 <main+0x108>
1000059e:	46c0      	nop			@ (mov r8, r8)
100005a0:	50200000 	.word	0x50200000
100005a4:	20001ce8 	.word	0x20001ce8

100005a8 <tud_hid_set_report_cb>:
100005a8:	4770      	bx	lr
100005aa:	46c0      	nop			@ (mov r8, r8)

100005ac <tud_hid_get_report_cb>:
100005ac:	2000      	movs	r0, #0
100005ae:	4770      	bx	lr

100005b0 <tud_descriptor_device_cb>:
100005b0:	4800      	ldr	r0, [pc, #0]	@ (100005b4 <tud_descriptor_device_cb+0x4>)
100005b2:	4770      	bx	lr
100005b4:	100044d4 	.word	0x100044d4

100005b8 <tud_hid_descriptor_report_cb>:
100005b8:	4800      	ldr	r0, [pc, #0]	@ (100005bc <tud_hid_descriptor_report_cb+0x4>)
100005ba:	4770      	bx	lr
100005bc:	10004484 	.word	0x10004484

100005c0 <tud_descriptor_configuration_cb>:
100005c0:	4800      	ldr	r0, [pc, #0]	@ (100005c4 <tud_descriptor_configuration_cb+0x4>)
100005c2:	4770      	bx	lr
100005c4:	10004460 	.word	0x10004460

100005c8 <tud_descriptor_string_cb>:
100005c8:	b570      	push	{r4, r5, r6, lr}
100005ca:	2800      	cmp	r0, #0
100005cc:	d023      	beq.n	10000616 <tud_descriptor_string_cb+0x4e>
100005ce:	2803      	cmp	r0, #3
100005d0:	d82c      	bhi.n	1000062c <tud_descriptor_string_cb+0x64>
100005d2:	4b17      	ldr	r3, [pc, #92]	@ (10000630 <tud_descriptor_string_cb+0x68>)
100005d4:	0080      	lsls	r0, r0, #2
100005d6:	58c5      	ldr	r5, [r0, r3]
100005d8:	0028      	movs	r0, r5
100005da:	f003 fd91 	bl	10004100 <strlen>
100005de:	b2c0      	uxtb	r0, r0
100005e0:	1c04      	adds	r4, r0, #0
100005e2:	281f      	cmp	r0, #31
100005e4:	d812      	bhi.n	1000060c <tud_descriptor_string_cb+0x44>
100005e6:	b2e4      	uxtb	r4, r4
100005e8:	2800      	cmp	r0, #0
100005ea:	d008      	beq.n	100005fe <tud_descriptor_string_cb+0x36>
100005ec:	2300      	movs	r3, #0
100005ee:	4a11      	ldr	r2, [pc, #68]	@ (10000634 <tud_descriptor_string_cb+0x6c>)
100005f0:	5ce9      	ldrb	r1, [r5, r3]
100005f2:	3301      	adds	r3, #1
100005f4:	8011      	strh	r1, [r2, #0]
100005f6:	b2d9      	uxtb	r1, r3
100005f8:	3202      	adds	r2, #2
100005fa:	428c      	cmp	r4, r1
100005fc:	d8f8      	bhi.n	100005f0 <tud_descriptor_string_cb+0x28>
100005fe:	22c0      	movs	r2, #192	@ 0xc0
10000600:	3401      	adds	r4, #1
10000602:	b2e3      	uxtb	r3, r4
10000604:	005b      	lsls	r3, r3, #1
10000606:	0092      	lsls	r2, r2, #2
10000608:	4313      	orrs	r3, r2
1000060a:	e00c      	b.n	10000626 <tud_descriptor_string_cb+0x5e>
1000060c:	241f      	movs	r4, #31
1000060e:	b2e4      	uxtb	r4, r4
10000610:	2800      	cmp	r0, #0
10000612:	d1eb      	bne.n	100005ec <tud_descriptor_string_cb+0x24>
10000614:	e7f3      	b.n	100005fe <tud_descriptor_string_cb+0x36>
10000616:	4b06      	ldr	r3, [pc, #24]	@ (10000630 <tud_descriptor_string_cb+0x68>)
10000618:	2202      	movs	r2, #2
1000061a:	6819      	ldr	r1, [r3, #0]
1000061c:	4805      	ldr	r0, [pc, #20]	@ (10000634 <tud_descriptor_string_cb+0x6c>)
1000061e:	f001 fe93 	bl	10002348 <__wrap___aeabi_memcpy>
10000622:	23c1      	movs	r3, #193	@ 0xc1
10000624:	009b      	lsls	r3, r3, #2
10000626:	4804      	ldr	r0, [pc, #16]	@ (10000638 <tud_descriptor_string_cb+0x70>)
10000628:	8003      	strh	r3, [r0, #0]
1000062a:	bd70      	pop	{r4, r5, r6, pc}
1000062c:	2000      	movs	r0, #0
1000062e:	e7fc      	b.n	1000062a <tud_descriptor_string_cb+0x62>
10000630:	20000fa0 	.word	0x20000fa0
10000634:	200015fa 	.word	0x200015fa
10000638:	200015f8 	.word	0x200015f8

1000063c <gpio_set_function>:
1000063c:	4a09      	ldr	r2, [pc, #36]	@ (10000664 <gpio_set_function+0x28>)
1000063e:	0083      	lsls	r3, r0, #2
10000640:	189a      	adds	r2, r3, r2
10000642:	b510      	push	{r4, lr}
10000644:	6814      	ldr	r4, [r2, #0]
10000646:	2240      	movs	r2, #64	@ 0x40
10000648:	4054      	eors	r4, r2
1000064a:	3280      	adds	r2, #128	@ 0x80
1000064c:	4022      	ands	r2, r4
1000064e:	4c06      	ldr	r4, [pc, #24]	@ (10000668 <gpio_set_function+0x2c>)
10000650:	00c0      	lsls	r0, r0, #3
10000652:	46a4      	mov	ip, r4
10000654:	4463      	add	r3, ip
10000656:	601a      	str	r2, [r3, #0]
10000658:	4b04      	ldr	r3, [pc, #16]	@ (1000066c <gpio_set_function+0x30>)
1000065a:	469c      	mov	ip, r3
1000065c:	4460      	add	r0, ip
1000065e:	6041      	str	r1, [r0, #4]
10000660:	bd10      	pop	{r4, pc}
10000662:	46c0      	nop			@ (mov r8, r8)
10000664:	4001c004 	.word	0x4001c004
10000668:	4001d004 	.word	0x4001d004
1000066c:	40014000 	.word	0x40014000

10000670 <gpio_init>:
10000670:	2301      	movs	r3, #1
10000672:	22d0      	movs	r2, #208	@ 0xd0
10000674:	4083      	lsls	r3, r0
10000676:	0612      	lsls	r2, r2, #24
10000678:	6293      	str	r3, [r2, #40]	@ 0x28
1000067a:	6193      	str	r3, [r2, #24]
1000067c:	4a09      	ldr	r2, [pc, #36]	@ (100006a4 <gpio_init+0x34>)
1000067e:	0083      	lsls	r3, r0, #2
10000680:	189a      	adds	r2, r3, r2
10000682:	6811      	ldr	r1, [r2, #0]
10000684:	2240      	movs	r2, #64	@ 0x40
10000686:	4051      	eors	r1, r2
10000688:	3280      	adds	r2, #128	@ 0x80
1000068a:	400a      	ands	r2, r1
1000068c:	4906      	ldr	r1, [pc, #24]	@ (100006a8 <gpio_init+0x38>)
1000068e:	00c0      	lsls	r0, r0, #3
10000690:	468c      	mov	ip, r1
10000692:	4463      	add	r3, ip
10000694:	601a      	str	r2, [r3, #0]
10000696:	4b05      	ldr	r3, [pc, #20]	@ (100006ac <gpio_init+0x3c>)
10000698:	469c      	mov	ip, r3
1000069a:	2305      	movs	r3, #5
1000069c:	4460      	add	r0, ip
1000069e:	6043      	str	r3, [r0, #4]
100006a0:	4770      	bx	lr
100006a2:	46c0      	nop			@ (mov r8, r8)
100006a4:	4001c004 	.word	0x4001c004
100006a8:	4001d004 	.word	0x4001d004
100006ac:	40014000 	.word	0x40014000

100006b0 <rp2040_chip_version>:
100006b0:	2380      	movs	r3, #128	@ 0x80
100006b2:	05db      	lsls	r3, r3, #23
100006b4:	6818      	ldr	r0, [r3, #0]
100006b6:	0f00      	lsrs	r0, r0, #28
100006b8:	4770      	bx	lr
100006ba:	46c0      	nop			@ (mov r8, r8)

100006bc <panic>:
100006bc:	b40f      	push	{r0, r1, r2, r3}
100006be:	b500      	push	{lr}
100006c0:	4808      	ldr	r0, [pc, #32]	@ (100006e4 <panic+0x28>)
100006c2:	b083      	sub	sp, #12
100006c4:	f001 ffc2 	bl	1000264c <__wrap_puts>
100006c8:	9b04      	ldr	r3, [sp, #16]
100006ca:	2b00      	cmp	r3, #0
100006cc:	d007      	beq.n	100006de <panic+0x22>
100006ce:	a905      	add	r1, sp, #20
100006d0:	0018      	movs	r0, r3
100006d2:	9101      	str	r1, [sp, #4]
100006d4:	f001 fe46 	bl	10002364 <weak_raw_vprintf>
100006d8:	4803      	ldr	r0, [pc, #12]	@ (100006e8 <panic+0x2c>)
100006da:	f001 ffb7 	bl	1000264c <__wrap_puts>
100006de:	2001      	movs	r0, #1
100006e0:	f001 fe58 	bl	10002394 <_exit>
100006e4:	1000435c 	.word	0x1000435c
100006e8:	1000436c 	.word	0x1000436c

100006ec <hw_claim_lock>:
100006ec:	f3ef 8010 	mrs	r0, PRIMASK
100006f0:	b672      	cpsid	i
100006f2:	4a03      	ldr	r2, [pc, #12]	@ (10000700 <hw_claim_lock+0x14>)
100006f4:	6813      	ldr	r3, [r2, #0]
100006f6:	2b00      	cmp	r3, #0
100006f8:	d0fc      	beq.n	100006f4 <hw_claim_lock+0x8>
100006fa:	f3bf 8f5f 	dmb	sy
100006fe:	4770      	bx	lr
10000700:	d000012c 	.word	0xd000012c

10000704 <hw_claim_unlock>:
10000704:	f3bf 8f5f 	dmb	sy
10000708:	2200      	movs	r2, #0
1000070a:	4b02      	ldr	r3, [pc, #8]	@ (10000714 <hw_claim_unlock+0x10>)
1000070c:	601a      	str	r2, [r3, #0]
1000070e:	f380 8810 	msr	PRIMASK, r0
10000712:	4770      	bx	lr
10000714:	d000012c 	.word	0xd000012c

10000718 <hw_claim_or_assert>:
10000718:	b570      	push	{r4, r5, r6, lr}
1000071a:	f3ef 8c10 	mrs	ip, PRIMASK
1000071e:	b672      	cpsid	i
10000720:	4d0d      	ldr	r5, [pc, #52]	@ (10000758 <hw_claim_or_assert+0x40>)
10000722:	682b      	ldr	r3, [r5, #0]
10000724:	2b00      	cmp	r3, #0
10000726:	d0fc      	beq.n	10000722 <hw_claim_or_assert+0xa>
10000728:	f3bf 8f5f 	dmb	sy
1000072c:	2407      	movs	r4, #7
1000072e:	08cb      	lsrs	r3, r1, #3
10000730:	18c6      	adds	r6, r0, r3
10000732:	5cc0      	ldrb	r0, [r0, r3]
10000734:	2301      	movs	r3, #1
10000736:	400c      	ands	r4, r1
10000738:	40a3      	lsls	r3, r4
1000073a:	001c      	movs	r4, r3
1000073c:	4004      	ands	r4, r0
1000073e:	4203      	tst	r3, r0
10000740:	d107      	bne.n	10000752 <hw_claim_or_assert+0x3a>
10000742:	4318      	orrs	r0, r3
10000744:	7030      	strb	r0, [r6, #0]
10000746:	f3bf 8f5f 	dmb	sy
1000074a:	602c      	str	r4, [r5, #0]
1000074c:	f38c 8810 	msr	PRIMASK, ip
10000750:	bd70      	pop	{r4, r5, r6, pc}
10000752:	0010      	movs	r0, r2
10000754:	f7ff ffb2 	bl	100006bc <panic>
10000758:	d000012c 	.word	0xd000012c

1000075c <hw_claim_unused_from_range>:
1000075c:	b5f8      	push	{r3, r4, r5, r6, r7, lr}
1000075e:	4647      	mov	r7, r8
10000760:	46ce      	mov	lr, r9
10000762:	4688      	mov	r8, r1
10000764:	b580      	push	{r7, lr}
10000766:	f3ef 8c10 	mrs	ip, PRIMASK
1000076a:	b672      	cpsid	i
1000076c:	4d1c      	ldr	r5, [pc, #112]	@ (100007e0 <hw_claim_unused_from_range+0x84>)
1000076e:	682c      	ldr	r4, [r5, #0]
10000770:	2c00      	cmp	r4, #0
10000772:	d0fc      	beq.n	1000076e <hw_claim_unused_from_range+0x12>
10000774:	f3bf 8f5f 	dmb	sy
10000778:	429a      	cmp	r2, r3
1000077a:	d822      	bhi.n	100007c2 <hw_claim_unused_from_range+0x66>
1000077c:	2107      	movs	r1, #7
1000077e:	2601      	movs	r6, #1
10000780:	4689      	mov	r9, r1
10000782:	e002      	b.n	1000078a <hw_claim_unused_from_range+0x2e>
10000784:	3201      	adds	r2, #1
10000786:	4293      	cmp	r3, r2
10000788:	d318      	bcc.n	100007bc <hw_claim_unused_from_range+0x60>
1000078a:	464d      	mov	r5, r9
1000078c:	0037      	movs	r7, r6
1000078e:	4015      	ands	r5, r2
10000790:	40af      	lsls	r7, r5
10000792:	08d4      	lsrs	r4, r2, #3
10000794:	1901      	adds	r1, r0, r4
10000796:	5d04      	ldrb	r4, [r0, r4]
10000798:	4227      	tst	r7, r4
1000079a:	d1f3      	bne.n	10000784 <hw_claim_unused_from_range+0x28>
1000079c:	0010      	movs	r0, r2
1000079e:	433c      	orrs	r4, r7
100007a0:	700c      	strb	r4, [r1, #0]
100007a2:	f3bf 8f5f 	dmb	sy
100007a6:	2200      	movs	r2, #0
100007a8:	4b0d      	ldr	r3, [pc, #52]	@ (100007e0 <hw_claim_unused_from_range+0x84>)
100007aa:	601a      	str	r2, [r3, #0]
100007ac:	f38c 8810 	msr	PRIMASK, ip
100007b0:	2800      	cmp	r0, #0
100007b2:	db0e      	blt.n	100007d2 <hw_claim_unused_from_range+0x76>
100007b4:	bcc0      	pop	{r6, r7}
100007b6:	46b9      	mov	r9, r7
100007b8:	46b0      	mov	r8, r6
100007ba:	bdf8      	pop	{r3, r4, r5, r6, r7, pc}
100007bc:	2001      	movs	r0, #1
100007be:	4240      	negs	r0, r0
100007c0:	e7ef      	b.n	100007a2 <hw_claim_unused_from_range+0x46>
100007c2:	f3bf 8f5f 	dmb	sy
100007c6:	2300      	movs	r3, #0
100007c8:	602b      	str	r3, [r5, #0]
100007ca:	f38c 8810 	msr	PRIMASK, ip
100007ce:	2001      	movs	r0, #1
100007d0:	4240      	negs	r0, r0
100007d2:	4643      	mov	r3, r8
100007d4:	2b00      	cmp	r3, #0
100007d6:	d0ed      	beq.n	100007b4 <hw_claim_unused_from_range+0x58>
100007d8:	9808      	ldr	r0, [sp, #32]
100007da:	f7ff ff6f 	bl	100006bc <panic>
100007de:	46c0      	nop			@ (mov r8, r8)
100007e0:	d000012c 	.word	0xd000012c

100007e4 <next_striped_spin_lock_num>:
100007e4:	4a04      	ldr	r2, [pc, #16]	@ (100007f8 <next_striped_spin_lock_num+0x14>)
100007e6:	7810      	ldrb	r0, [r2, #0]
100007e8:	1c43      	adds	r3, r0, #1
100007ea:	b2db      	uxtb	r3, r3
100007ec:	2b17      	cmp	r3, #23
100007ee:	d900      	bls.n	100007f2 <next_striped_spin_lock_num+0xe>
100007f0:	2310      	movs	r3, #16
100007f2:	7013      	strb	r3, [r2, #0]
100007f4:	4770      	bx	lr
100007f6:	46c0      	nop			@ (mov r8, r8)
100007f8:	20000fb0 	.word	0x20000fb0

100007fc <spin_lock_claim_unused>:
100007fc:	b510      	push	{r4, lr}
100007fe:	4b06      	ldr	r3, [pc, #24]	@ (10000818 <spin_lock_claim_unused+0x1c>)
10000800:	4c06      	ldr	r4, [pc, #24]	@ (1000081c <spin_lock_claim_unused+0x20>)
10000802:	b082      	sub	sp, #8
10000804:	0001      	movs	r1, r0
10000806:	9300      	str	r3, [sp, #0]
10000808:	2218      	movs	r2, #24
1000080a:	231f      	movs	r3, #31
1000080c:	0020      	movs	r0, r4
1000080e:	f7ff ffa5 	bl	1000075c <hw_claim_unused_from_range>
10000812:	b002      	add	sp, #8
10000814:	bd10      	pop	{r4, pc}
10000816:	46c0      	nop			@ (mov r8, r8)
10000818:	10004370 	.word	0x10004370
1000081c:	200018ac 	.word	0x200018ac

10000820 <spin_locks_reset>:
10000820:	2100      	movs	r1, #0
10000822:	4b04      	ldr	r3, [pc, #16]	@ (10000834 <spin_locks_reset+0x14>)
10000824:	4a04      	ldr	r2, [pc, #16]	@ (10000838 <spin_locks_reset+0x18>)
10000826:	f3bf 8f5f 	dmb	sy
1000082a:	c302      	stmia	r3!, {r1}
1000082c:	4293      	cmp	r3, r2
1000082e:	d1fa      	bne.n	10000826 <spin_locks_reset+0x6>
10000830:	4770      	bx	lr
10000832:	46c0      	nop			@ (mov r8, r8)
10000834:	d0000100 	.word	0xd0000100
10000838:	d0000180 	.word	0xd0000180

1000083c <runtime_init_per_core_irq_priorities>:
1000083c:	4b05      	ldr	r3, [pc, #20]	@ (10000854 <runtime_init_per_core_irq_priorities+0x18>)
1000083e:	4a06      	ldr	r2, [pc, #24]	@ (10000858 <runtime_init_per_core_irq_priorities+0x1c>)
10000840:	6013      	str	r3, [r2, #0]
10000842:	4a06      	ldr	r2, [pc, #24]	@ (1000085c <runtime_init_per_core_irq_priorities+0x20>)
10000844:	6013      	str	r3, [r2, #0]
10000846:	6053      	str	r3, [r2, #4]
10000848:	6093      	str	r3, [r2, #8]
1000084a:	60d3      	str	r3, [r2, #12]
1000084c:	6113      	str	r3, [r2, #16]
1000084e:	6153      	str	r3, [r2, #20]
10000850:	6193      	str	r3, [r2, #24]
10000852:	4770      	bx	lr
10000854:	80808080 	.word	0x80808080
10000858:	e000e400 	.word	0xe000e400
1000085c:	e000e404 	.word	0xe000e404

10000860 <irq_set_enabled>:
10000860:	231f      	movs	r3, #31
10000862:	4018      	ands	r0, r3
10000864:	3b1e      	subs	r3, #30
10000866:	4083      	lsls	r3, r0
10000868:	2900      	cmp	r1, #0
1000086a:	d005      	beq.n	10000878 <irq_set_enabled+0x18>
1000086c:	21c0      	movs	r1, #192	@ 0xc0
1000086e:	4a04      	ldr	r2, [pc, #16]	@ (10000880 <irq_set_enabled+0x20>)
10000870:	0049      	lsls	r1, r1, #1
10000872:	5053      	str	r3, [r2, r1]
10000874:	6013      	str	r3, [r2, #0]
10000876:	4770      	bx	lr
10000878:	2280      	movs	r2, #128	@ 0x80
1000087a:	4901      	ldr	r1, [pc, #4]	@ (10000880 <irq_set_enabled+0x20>)
1000087c:	508b      	str	r3, [r1, r2]
1000087e:	e7fa      	b.n	10000876 <irq_set_enabled+0x16>
10000880:	e000e100 	.word	0xe000e100

10000884 <irq_set_exclusive_handler>:
10000884:	b570      	push	{r4, r5, r6, lr}
10000886:	000d      	movs	r5, r1
10000888:	f3ef 8610 	mrs	r6, PRIMASK
1000088c:	b672      	cpsid	i
1000088e:	4a0f      	ldr	r2, [pc, #60]	@ (100008cc <irq_set_exclusive_handler+0x48>)
10000890:	6813      	ldr	r3, [r2, #0]
10000892:	2b00      	cmp	r3, #0
10000894:	d0fc      	beq.n	10000890 <irq_set_exclusive_handler+0xc>
10000896:	f3bf 8f5f 	dmb	sy
1000089a:	4b0d      	ldr	r3, [pc, #52]	@ (100008d0 <irq_set_exclusive_handler+0x4c>)
1000089c:	3010      	adds	r0, #16
1000089e:	689b      	ldr	r3, [r3, #8]
100008a0:	0084      	lsls	r4, r0, #2
100008a2:	591b      	ldr	r3, [r3, r4]
100008a4:	4a0b      	ldr	r2, [pc, #44]	@ (100008d4 <irq_set_exclusive_handler+0x50>)
100008a6:	4293      	cmp	r3, r2
100008a8:	d003      	beq.n	100008b2 <irq_set_exclusive_handler+0x2e>
100008aa:	429d      	cmp	r5, r3
100008ac:	d001      	beq.n	100008b2 <irq_set_exclusive_handler+0x2e>
100008ae:	f001 f8bf 	bl	10001a30 <hard_assertion_failure>
100008b2:	4b07      	ldr	r3, [pc, #28]	@ (100008d0 <irq_set_exclusive_handler+0x4c>)
100008b4:	689b      	ldr	r3, [r3, #8]
100008b6:	511d      	str	r5, [r3, r4]
100008b8:	f3bf 8f5f 	dmb	sy
100008bc:	f3bf 8f5f 	dmb	sy
100008c0:	2200      	movs	r2, #0
100008c2:	4b02      	ldr	r3, [pc, #8]	@ (100008cc <irq_set_exclusive_handler+0x48>)
100008c4:	601a      	str	r2, [r3, #0]
100008c6:	f386 8810 	msr	PRIMASK, r6
100008ca:	bd70      	pop	{r4, r5, r6, pc}
100008cc:	d0000124 	.word	0xd0000124
100008d0:	e000ed00 	.word	0xe000ed00
100008d4:	100001c1 	.word	0x100001c1

100008d8 <irq_add_shared_handler>:
100008d8:	b5f0      	push	{r4, r5, r6, r7, lr}
100008da:	4657      	mov	r7, sl
100008dc:	464e      	mov	r6, r9
100008de:	46de      	mov	lr, fp
100008e0:	4645      	mov	r5, r8
100008e2:	b5e0      	push	{r5, r6, r7, lr}
100008e4:	b085      	sub	sp, #20
100008e6:	0006      	movs	r6, r0
100008e8:	9100      	str	r1, [sp, #0]
100008ea:	0017      	movs	r7, r2
100008ec:	f3ef 8b10 	mrs	fp, PRIMASK
100008f0:	b672      	cpsid	i
100008f2:	4a6a      	ldr	r2, [pc, #424]	@ (10000a9c <irq_add_shared_handler+0x1c4>)
100008f4:	6813      	ldr	r3, [r2, #0]
100008f6:	2b00      	cmp	r3, #0
100008f8:	d0fc      	beq.n	100008f4 <irq_add_shared_handler+0x1c>
100008fa:	f3bf 8f5f 	dmb	sy
100008fe:	2500      	movs	r5, #0
10000900:	4b67      	ldr	r3, [pc, #412]	@ (10000aa0 <irq_add_shared_handler+0x1c8>)
10000902:	575d      	ldrsb	r5, [r3, r5]
10000904:	469a      	mov	sl, r3
10000906:	2d00      	cmp	r5, #0
10000908:	da00      	bge.n	1000090c <irq_add_shared_handler+0x34>
1000090a:	e0a9      	b.n	10000a60 <irq_add_shared_handler+0x188>
1000090c:	006b      	lsls	r3, r5, #1
1000090e:	4c65      	ldr	r4, [pc, #404]	@ (10000aa4 <irq_add_shared_handler+0x1cc>)
10000910:	9301      	str	r3, [sp, #4]
10000912:	195b      	adds	r3, r3, r5
10000914:	009b      	lsls	r3, r3, #2
10000916:	4698      	mov	r8, r3
10000918:	46a1      	mov	r9, r4
1000091a:	44c1      	add	r9, r8
1000091c:	464b      	mov	r3, r9
1000091e:	4652      	mov	r2, sl
10000920:	799b      	ldrb	r3, [r3, #6]
10000922:	3610      	adds	r6, #16
10000924:	7013      	strb	r3, [r2, #0]
10000926:	4b60      	ldr	r3, [pc, #384]	@ (10000aa8 <irq_add_shared_handler+0x1d0>)
10000928:	00b6      	lsls	r6, r6, #2
1000092a:	689b      	ldr	r3, [r3, #8]
1000092c:	5999      	ldr	r1, [r3, r6]
1000092e:	1b0b      	subs	r3, r1, r4
10000930:	2b2f      	cmp	r3, #47	@ 0x2f
10000932:	d933      	bls.n	1000099c <irq_add_shared_handler+0xc4>
10000934:	4b5d      	ldr	r3, [pc, #372]	@ (10000aac <irq_add_shared_handler+0x1d4>)
10000936:	4299      	cmp	r1, r3
10000938:	d000      	beq.n	1000093c <irq_add_shared_handler+0x64>
1000093a:	e0ac      	b.n	10000a96 <irq_add_shared_handler+0x1be>
1000093c:	9b01      	ldr	r3, [sp, #4]
1000093e:	4642      	mov	r2, r8
10000940:	469c      	mov	ip, r3
10000942:	4b5b      	ldr	r3, [pc, #364]	@ (10000ab0 <irq_add_shared_handler+0x1d8>)
10000944:	4465      	add	r5, ip
10000946:	00ad      	lsls	r5, r5, #2
10000948:	5363      	strh	r3, [r4, r5]
1000094a:	4b5a      	ldr	r3, [pc, #360]	@ (10000ab4 <irq_add_shared_handler+0x1dc>)
1000094c:	3202      	adds	r2, #2
1000094e:	18a2      	adds	r2, r4, r2
10000950:	3b04      	subs	r3, #4
10000952:	1a9b      	subs	r3, r3, r2
10000954:	051b      	lsls	r3, r3, #20
10000956:	4a58      	ldr	r2, [pc, #352]	@ (10000ab8 <irq_add_shared_handler+0x1e0>)
10000958:	0d5b      	lsrs	r3, r3, #21
1000095a:	1965      	adds	r5, r4, r5
1000095c:	4313      	orrs	r3, r2
1000095e:	806b      	strh	r3, [r5, #2]
10000960:	4b56      	ldr	r3, [pc, #344]	@ (10000abc <irq_add_shared_handler+0x1e4>)
10000962:	2101      	movs	r1, #1
10000964:	80ab      	strh	r3, [r5, #4]
10000966:	23ff      	movs	r3, #255	@ 0xff
10000968:	71ab      	strb	r3, [r5, #6]
1000096a:	9b00      	ldr	r3, [sp, #0]
1000096c:	71ef      	strb	r7, [r5, #7]
1000096e:	60ab      	str	r3, [r5, #8]
10000970:	464b      	mov	r3, r9
10000972:	430b      	orrs	r3, r1
10000974:	0019      	movs	r1, r3
10000976:	4b4c      	ldr	r3, [pc, #304]	@ (10000aa8 <irq_add_shared_handler+0x1d0>)
10000978:	689b      	ldr	r3, [r3, #8]
1000097a:	5199      	str	r1, [r3, r6]
1000097c:	f3bf 8f5f 	dmb	sy
10000980:	f3bf 8f5f 	dmb	sy
10000984:	2200      	movs	r2, #0
10000986:	4b45      	ldr	r3, [pc, #276]	@ (10000a9c <irq_add_shared_handler+0x1c4>)
10000988:	601a      	str	r2, [r3, #0]
1000098a:	f38b 8810 	msr	PRIMASK, fp
1000098e:	b005      	add	sp, #20
10000990:	bcf0      	pop	{r4, r5, r6, r7}
10000992:	46bb      	mov	fp, r7
10000994:	46b2      	mov	sl, r6
10000996:	46a9      	mov	r9, r5
10000998:	46a0      	mov	r8, r4
1000099a:	bdf0      	pop	{r4, r5, r6, r7, pc}
1000099c:	2001      	movs	r0, #1
1000099e:	000a      	movs	r2, r1
100009a0:	4382      	bics	r2, r0
100009a2:	79d3      	ldrb	r3, [r2, #7]
100009a4:	468c      	mov	ip, r1
100009a6:	42bb      	cmp	r3, r7
100009a8:	d831      	bhi.n	10000a0e <irq_add_shared_handler+0x136>
100009aa:	4645      	mov	r5, r8
100009ac:	0013      	movs	r3, r2
100009ae:	4944      	ldr	r1, [pc, #272]	@ (10000ac0 <irq_add_shared_handler+0x1e8>)
100009b0:	1b1b      	subs	r3, r3, r4
100009b2:	415b      	adcs	r3, r3
100009b4:	4359      	muls	r1, r3
100009b6:	0d09      	lsrs	r1, r1, #20
100009b8:	4b3d      	ldr	r3, [pc, #244]	@ (10000ab0 <irq_add_shared_handler+0x1d8>)
100009ba:	5363      	strh	r3, [r4, r5]
100009bc:	4b3d      	ldr	r3, [pc, #244]	@ (10000ab4 <irq_add_shared_handler+0x1dc>)
100009be:	3502      	adds	r5, #2
100009c0:	1965      	adds	r5, r4, r5
100009c2:	3b04      	subs	r3, #4
100009c4:	1b5b      	subs	r3, r3, r5
100009c6:	051b      	lsls	r3, r3, #20
100009c8:	4d3b      	ldr	r5, [pc, #236]	@ (10000ab8 <irq_add_shared_handler+0x1e0>)
100009ca:	0d5b      	lsrs	r3, r3, #21
100009cc:	432b      	orrs	r3, r5
100009ce:	46aa      	mov	sl, r5
100009d0:	464d      	mov	r5, r9
100009d2:	806b      	strh	r3, [r5, #2]
100009d4:	2504      	movs	r5, #4
100009d6:	46ac      	mov	ip, r5
100009d8:	4655      	mov	r5, sl
100009da:	44e0      	add	r8, ip
100009dc:	1f13      	subs	r3, r2, #4
100009de:	4444      	add	r4, r8
100009e0:	1b1b      	subs	r3, r3, r4
100009e2:	051b      	lsls	r3, r3, #20
100009e4:	0d5b      	lsrs	r3, r3, #21
100009e6:	431d      	orrs	r5, r3
100009e8:	464b      	mov	r3, r9
100009ea:	7199      	strb	r1, [r3, #6]
100009ec:	9900      	ldr	r1, [sp, #0]
100009ee:	809d      	strh	r5, [r3, #4]
100009f0:	6099      	str	r1, [r3, #8]
100009f2:	4649      	mov	r1, r9
100009f4:	71df      	strb	r7, [r3, #7]
100009f6:	4b33      	ldr	r3, [pc, #204]	@ (10000ac4 <irq_add_shared_handler+0x1ec>)
100009f8:	4301      	orrs	r1, r0
100009fa:	6013      	str	r3, [r2, #0]
100009fc:	e7bb      	b.n	10000976 <irq_add_shared_handler+0x9e>
100009fe:	0058      	lsls	r0, r3, #1
10000a00:	18c0      	adds	r0, r0, r3
10000a02:	0080      	lsls	r0, r0, #2
10000a04:	1820      	adds	r0, r4, r0
10000a06:	79c1      	ldrb	r1, [r0, #7]
10000a08:	42b9      	cmp	r1, r7
10000a0a:	d92f      	bls.n	10000a6c <irq_add_shared_handler+0x194>
10000a0c:	0002      	movs	r2, r0
10000a0e:	2306      	movs	r3, #6
10000a10:	56d3      	ldrsb	r3, [r2, r3]
10000a12:	2b00      	cmp	r3, #0
10000a14:	daf3      	bge.n	100009fe <irq_add_shared_handler+0x126>
10000a16:	9302      	str	r3, [sp, #8]
10000a18:	4b2b      	ldr	r3, [pc, #172]	@ (10000ac8 <irq_add_shared_handler+0x1f0>)
10000a1a:	4661      	mov	r1, ip
10000a1c:	9303      	str	r3, [sp, #12]
10000a1e:	1d13      	adds	r3, r2, #4
10000a20:	469a      	mov	sl, r3
10000a22:	2304      	movs	r3, #4
10000a24:	425b      	negs	r3, r3
10000a26:	469c      	mov	ip, r3
10000a28:	44e1      	add	r9, ip
10000a2a:	4650      	mov	r0, sl
10000a2c:	464b      	mov	r3, r9
10000a2e:	1a1b      	subs	r3, r3, r0
10000a30:	051b      	lsls	r3, r3, #20
10000a32:	0d5b      	lsrs	r3, r3, #21
10000a34:	469c      	mov	ip, r3
10000a36:	4b20      	ldr	r3, [pc, #128]	@ (10000ab8 <irq_add_shared_handler+0x1e0>)
10000a38:	7195      	strb	r5, [r2, #6]
10000a3a:	4698      	mov	r8, r3
10000a3c:	4663      	mov	r3, ip
10000a3e:	4640      	mov	r0, r8
10000a40:	4303      	orrs	r3, r0
10000a42:	8093      	strh	r3, [r2, #4]
10000a44:	9b01      	ldr	r3, [sp, #4]
10000a46:	195a      	adds	r2, r3, r5
10000a48:	0092      	lsls	r2, r2, #2
10000a4a:	9b03      	ldr	r3, [sp, #12]
10000a4c:	18a4      	adds	r4, r4, r2
10000a4e:	80a3      	strh	r3, [r4, #4]
10000a50:	9b02      	ldr	r3, [sp, #8]
10000a52:	4a1c      	ldr	r2, [pc, #112]	@ (10000ac4 <irq_add_shared_handler+0x1ec>)
10000a54:	71a3      	strb	r3, [r4, #6]
10000a56:	9b00      	ldr	r3, [sp, #0]
10000a58:	6022      	str	r2, [r4, #0]
10000a5a:	71e7      	strb	r7, [r4, #7]
10000a5c:	60a3      	str	r3, [r4, #8]
10000a5e:	e78a      	b.n	10000976 <irq_add_shared_handler+0x9e>
10000a60:	f000 ffe6 	bl	10001a30 <hard_assertion_failure>
10000a64:	2500      	movs	r5, #0
10000a66:	4653      	mov	r3, sl
10000a68:	575d      	ldrsb	r5, [r3, r5]
10000a6a:	e74f      	b.n	1000090c <irq_add_shared_handler+0x34>
10000a6c:	8890      	ldrh	r0, [r2, #4]
10000a6e:	9302      	str	r3, [sp, #8]
10000a70:	0540      	lsls	r0, r0, #21
10000a72:	1d13      	adds	r3, r2, #4
10000a74:	469a      	mov	sl, r3
10000a76:	1503      	asrs	r3, r0, #20
10000a78:	4661      	mov	r1, ip
10000a7a:	469c      	mov	ip, r3
10000a7c:	4640      	mov	r0, r8
10000a7e:	44d4      	add	ip, sl
10000a80:	4663      	mov	r3, ip
10000a82:	3004      	adds	r0, #4
10000a84:	1820      	adds	r0, r4, r0
10000a86:	1a18      	subs	r0, r3, r0
10000a88:	23e0      	movs	r3, #224	@ 0xe0
10000a8a:	0500      	lsls	r0, r0, #20
10000a8c:	0d40      	lsrs	r0, r0, #21
10000a8e:	021b      	lsls	r3, r3, #8
10000a90:	4318      	orrs	r0, r3
10000a92:	9003      	str	r0, [sp, #12]
10000a94:	e7c5      	b.n	10000a22 <irq_add_shared_handler+0x14a>
10000a96:	f000 ffcb 	bl	10001a30 <hard_assertion_failure>
10000a9a:	e74f      	b.n	1000093c <irq_add_shared_handler+0x64>
10000a9c:	d0000124 	.word	0xd0000124
10000aa0:	20001d3c 	.word	0x20001d3c
10000aa4:	20000fb4 	.word	0x20000fb4
10000aa8:	e000ed00 	.word	0xe000ed00
10000aac:	100001c1 	.word	0x100001c1
10000ab0:	ffffa100 	.word	0xffffa100
10000ab4:	20000fe4 	.word	0x20000fe4
10000ab8:	ffffe000 	.word	0xffffe000
10000abc:	ffffbd01 	.word	0xffffbd01
10000ac0:	0000aaaa 	.word	0x0000aaaa
10000ac4:	47804801 	.word	0x47804801
10000ac8:	0000bd01 	.word	0x0000bd01

10000acc <irq_remove_handler>:
10000acc:	b5f0      	push	{r4, r5, r6, r7, lr}
10000ace:	46de      	mov	lr, fp
10000ad0:	4657      	mov	r7, sl
10000ad2:	464e      	mov	r6, r9
10000ad4:	4645      	mov	r5, r8
10000ad6:	b5e0      	push	{r5, r6, r7, lr}
10000ad8:	000c      	movs	r4, r1
10000ada:	b083      	sub	sp, #12
10000adc:	f3ef 8810 	mrs	r8, PRIMASK
10000ae0:	b672      	cpsid	i
10000ae2:	4a63      	ldr	r2, [pc, #396]	@ (10000c70 <irq_remove_handler+0x1a4>)
10000ae4:	6813      	ldr	r3, [r2, #0]
10000ae6:	2b00      	cmp	r3, #0
10000ae8:	d0fc      	beq.n	10000ae4 <irq_remove_handler+0x18>
10000aea:	f3bf 8f5f 	dmb	sy
10000aee:	4b61      	ldr	r3, [pc, #388]	@ (10000c74 <irq_remove_handler+0x1a8>)
10000af0:	4961      	ldr	r1, [pc, #388]	@ (10000c78 <irq_remove_handler+0x1ac>)
10000af2:	689a      	ldr	r2, [r3, #8]
10000af4:	0003      	movs	r3, r0
10000af6:	3310      	adds	r3, #16
10000af8:	009f      	lsls	r7, r3, #2
10000afa:	59d5      	ldr	r5, [r2, r7]
10000afc:	9301      	str	r3, [sp, #4]
10000afe:	428d      	cmp	r5, r1
10000b00:	d043      	beq.n	10000b8a <irq_remove_handler+0xbe>
10000b02:	42a5      	cmp	r5, r4
10000b04:	d054      	beq.n	10000bb0 <irq_remove_handler+0xe4>
10000b06:	4e5d      	ldr	r6, [pc, #372]	@ (10000c7c <irq_remove_handler+0x1b0>)
10000b08:	1baa      	subs	r2, r5, r6
10000b0a:	2a2f      	cmp	r2, #47	@ 0x2f
10000b0c:	d83d      	bhi.n	10000b8a <irq_remove_handler+0xbe>
10000b0e:	4b5c      	ldr	r3, [pc, #368]	@ (10000c80 <irq_remove_handler+0x1b4>)
10000b10:	469b      	mov	fp, r3
10000b12:	681b      	ldr	r3, [r3, #0]
10000b14:	4699      	mov	r9, r3
10000b16:	2301      	movs	r3, #1
10000b18:	001a      	movs	r2, r3
10000b1a:	469c      	mov	ip, r3
10000b1c:	4082      	lsls	r2, r0
10000b1e:	464b      	mov	r3, r9
10000b20:	4013      	ands	r3, r2
10000b22:	221f      	movs	r2, #31
10000b24:	4699      	mov	r9, r3
10000b26:	4663      	mov	r3, ip
10000b28:	4002      	ands	r2, r0
10000b2a:	4093      	lsls	r3, r2
10000b2c:	469a      	mov	sl, r3
10000b2e:	2280      	movs	r2, #128	@ 0x80
10000b30:	465b      	mov	r3, fp
10000b32:	4650      	mov	r0, sl
10000b34:	5098      	str	r0, [r3, r2]
10000b36:	f3bf 8f5f 	dmb	sy
10000b3a:	f3ef 8305 	mrs	r3, IPSR
10000b3e:	469b      	mov	fp, r3
10000b40:	2b00      	cmp	r3, #0
10000b42:	d037      	beq.n	10000bb4 <irq_remove_handler+0xe8>
10000b44:	9b01      	ldr	r3, [sp, #4]
10000b46:	455b      	cmp	r3, fp
10000b48:	d001      	beq.n	10000b4e <irq_remove_handler+0x82>
10000b4a:	f000 ff71 	bl	10001a30 <hard_assertion_failure>
10000b4e:	2301      	movs	r3, #1
10000b50:	002a      	movs	r2, r5
10000b52:	439a      	bics	r2, r3
10000b54:	6890      	ldr	r0, [r2, #8]
10000b56:	4284      	cmp	r4, r0
10000b58:	d108      	bne.n	10000b6c <irq_remove_handler+0xa0>
10000b5a:	e076      	b.n	10000c4a <irq_remove_handler+0x17e>
10000b5c:	004b      	lsls	r3, r1, #1
10000b5e:	185b      	adds	r3, r3, r1
10000b60:	009b      	lsls	r3, r3, #2
10000b62:	18f3      	adds	r3, r6, r3
10000b64:	6898      	ldr	r0, [r3, #8]
10000b66:	4284      	cmp	r4, r0
10000b68:	d036      	beq.n	10000bd8 <irq_remove_handler+0x10c>
10000b6a:	001a      	movs	r2, r3
10000b6c:	2106      	movs	r1, #6
10000b6e:	5651      	ldrsb	r1, [r2, r1]
10000b70:	2900      	cmp	r1, #0
10000b72:	daf3      	bge.n	10000b5c <irq_remove_handler+0x90>
10000b74:	4284      	cmp	r4, r0
10000b76:	d054      	beq.n	10000c22 <irq_remove_handler+0x156>
10000b78:	464b      	mov	r3, r9
10000b7a:	2b00      	cmp	r3, #0
10000b7c:	d027      	beq.n	10000bce <irq_remove_handler+0x102>
10000b7e:	22c0      	movs	r2, #192	@ 0xc0
10000b80:	4651      	mov	r1, sl
10000b82:	4b3f      	ldr	r3, [pc, #252]	@ (10000c80 <irq_remove_handler+0x1b4>)
10000b84:	0052      	lsls	r2, r2, #1
10000b86:	5099      	str	r1, [r3, r2]
10000b88:	6019      	str	r1, [r3, #0]
10000b8a:	4b3a      	ldr	r3, [pc, #232]	@ (10000c74 <irq_remove_handler+0x1a8>)
10000b8c:	689b      	ldr	r3, [r3, #8]
10000b8e:	51dd      	str	r5, [r3, r7]
10000b90:	f3bf 8f5f 	dmb	sy
10000b94:	f3bf 8f5f 	dmb	sy
10000b98:	2200      	movs	r2, #0
10000b9a:	4b35      	ldr	r3, [pc, #212]	@ (10000c70 <irq_remove_handler+0x1a4>)
10000b9c:	601a      	str	r2, [r3, #0]
10000b9e:	f388 8810 	msr	PRIMASK, r8
10000ba2:	b003      	add	sp, #12
10000ba4:	bcf0      	pop	{r4, r5, r6, r7}
10000ba6:	46bb      	mov	fp, r7
10000ba8:	46b2      	mov	sl, r6
10000baa:	46a9      	mov	r9, r5
10000bac:	46a0      	mov	r8, r4
10000bae:	bdf0      	pop	{r4, r5, r6, r7, pc}
10000bb0:	000d      	movs	r5, r1
10000bb2:	e7ea      	b.n	10000b8a <irq_remove_handler+0xbe>
10000bb4:	002a      	movs	r2, r5
10000bb6:	4663      	mov	r3, ip
10000bb8:	439a      	bics	r2, r3
10000bba:	6890      	ldr	r0, [r2, #8]
10000bbc:	4284      	cmp	r4, r0
10000bbe:	d1d5      	bne.n	10000b6c <irq_remove_handler+0xa0>
10000bc0:	2006      	movs	r0, #6
10000bc2:	5610      	ldrsb	r0, [r2, r0]
10000bc4:	0013      	movs	r3, r2
10000bc6:	2800      	cmp	r0, #0
10000bc8:	da0a      	bge.n	10000be0 <irq_remove_handler+0x114>
10000bca:	000d      	movs	r5, r1
10000bcc:	e031      	b.n	10000c32 <irq_remove_handler+0x166>
10000bce:	2380      	movs	r3, #128	@ 0x80
10000bd0:	4651      	mov	r1, sl
10000bd2:	4a2b      	ldr	r2, [pc, #172]	@ (10000c80 <irq_remove_handler+0x1b4>)
10000bd4:	50d1      	str	r1, [r2, r3]
10000bd6:	e7d8      	b.n	10000b8a <irq_remove_handler+0xbe>
10000bd8:	2006      	movs	r0, #6
10000bda:	5618      	ldrsb	r0, [r3, r0]
10000bdc:	2800      	cmp	r0, #0
10000bde:	db21      	blt.n	10000c24 <irq_remove_handler+0x158>
10000be0:	0042      	lsls	r2, r0, #1
10000be2:	1811      	adds	r1, r2, r0
10000be4:	0089      	lsls	r1, r1, #2
10000be6:	1874      	adds	r4, r6, r1
10000be8:	468b      	mov	fp, r1
10000bea:	68a1      	ldr	r1, [r4, #8]
10000bec:	6099      	str	r1, [r3, #8]
10000bee:	79e1      	ldrb	r1, [r4, #7]
10000bf0:	71d9      	strb	r1, [r3, #7]
10000bf2:	2106      	movs	r1, #6
10000bf4:	5661      	ldrsb	r1, [r4, r1]
10000bf6:	7199      	strb	r1, [r3, #6]
10000bf8:	2900      	cmp	r1, #0
10000bfa:	db24      	blt.n	10000c46 <irq_remove_handler+0x17a>
10000bfc:	88a4      	ldrh	r4, [r4, #4]
10000bfe:	1af1      	subs	r1, r6, r3
10000c00:	0564      	lsls	r4, r4, #21
10000c02:	1524      	asrs	r4, r4, #20
10000c04:	445c      	add	r4, fp
10000c06:	1909      	adds	r1, r1, r4
10000c08:	0509      	lsls	r1, r1, #20
10000c0a:	4c1e      	ldr	r4, [pc, #120]	@ (10000c84 <irq_remove_handler+0x1b8>)
10000c0c:	0d49      	lsrs	r1, r1, #21
10000c0e:	4321      	orrs	r1, r4
10000c10:	8099      	strh	r1, [r3, #4]
10000c12:	1813      	adds	r3, r2, r0
10000c14:	4a1c      	ldr	r2, [pc, #112]	@ (10000c88 <irq_remove_handler+0x1bc>)
10000c16:	009b      	lsls	r3, r3, #2
10000c18:	7811      	ldrb	r1, [r2, #0]
10000c1a:	18f3      	adds	r3, r6, r3
10000c1c:	7199      	strb	r1, [r3, #6]
10000c1e:	7010      	strb	r0, [r2, #0]
10000c20:	e7aa      	b.n	10000b78 <irq_remove_handler+0xac>
10000c22:	0013      	movs	r3, r2
10000c24:	4659      	mov	r1, fp
10000c26:	2900      	cmp	r1, #0
10000c28:	d114      	bne.n	10000c54 <irq_remove_handler+0x188>
10000c2a:	31ff      	adds	r1, #255	@ 0xff
10000c2c:	7191      	strb	r1, [r2, #6]
10000c2e:	4917      	ldr	r1, [pc, #92]	@ (10000c8c <irq_remove_handler+0x1c0>)
10000c30:	8091      	strh	r1, [r2, #4]
10000c32:	4915      	ldr	r1, [pc, #84]	@ (10000c88 <irq_remove_handler+0x1bc>)
10000c34:	780a      	ldrb	r2, [r1, #0]
10000c36:	719a      	strb	r2, [r3, #6]
10000c38:	4a15      	ldr	r2, [pc, #84]	@ (10000c90 <irq_remove_handler+0x1c4>)
10000c3a:	1b9b      	subs	r3, r3, r6
10000c3c:	415b      	adcs	r3, r3
10000c3e:	435a      	muls	r2, r3
10000c40:	0d12      	lsrs	r2, r2, #20
10000c42:	700a      	strb	r2, [r1, #0]
10000c44:	e798      	b.n	10000b78 <irq_remove_handler+0xac>
10000c46:	4911      	ldr	r1, [pc, #68]	@ (10000c8c <irq_remove_handler+0x1c0>)
10000c48:	e7e2      	b.n	10000c10 <irq_remove_handler+0x144>
10000c4a:	2006      	movs	r0, #6
10000c4c:	5610      	ldrsb	r0, [r2, r0]
10000c4e:	0013      	movs	r3, r2
10000c50:	2800      	cmp	r0, #0
10000c52:	dac5      	bge.n	10000be0 <irq_remove_handler+0x114>
10000c54:	4a0f      	ldr	r2, [pc, #60]	@ (10000c94 <irq_remove_handler+0x1c8>)
10000c56:	4910      	ldr	r1, [pc, #64]	@ (10000c98 <irq_remove_handler+0x1cc>)
10000c58:	1ad2      	subs	r2, r2, r3
10000c5a:	3a08      	subs	r2, #8
10000c5c:	0250      	lsls	r0, r2, #9
10000c5e:	0d40      	lsrs	r0, r0, #21
10000c60:	4301      	orrs	r1, r0
10000c62:	8099      	strh	r1, [r3, #4]
10000c64:	490d      	ldr	r1, [pc, #52]	@ (10000c9c <irq_remove_handler+0x1d0>)
10000c66:	0852      	lsrs	r2, r2, #1
10000c68:	430a      	orrs	r2, r1
10000c6a:	80da      	strh	r2, [r3, #6]
10000c6c:	e784      	b.n	10000b78 <irq_remove_handler+0xac>
10000c6e:	46c0      	nop			@ (mov r8, r8)
10000c70:	d0000124 	.word	0xd0000124
10000c74:	e000ed00 	.word	0xe000ed00
10000c78:	100001c1 	.word	0x100001c1
10000c7c:	20000fb4 	.word	0x20000fb4
10000c80:	e000e100 	.word	0xe000e100
10000c84:	ffffe000 	.word	0xffffe000
10000c88:	20001d3c 	.word	0x20001d3c
10000c8c:	ffffbd01 	.word	0xffffbd01
10000c90:	0000aaaa 	.word	0x0000aaaa
10000c94:	20000fee 	.word	0x20000fee
10000c98:	fffff000 	.word	0xfffff000
10000c9c:	fffff800 	.word	0xfffff800

10000ca0 <irq_add_tail_to_free_list>:
10000ca0:	b570      	push	{r4, r5, r6, lr}
10000ca2:	2401      	movs	r4, #1
10000ca4:	4304      	orrs	r4, r0
10000ca6:	f3ef 8105 	mrs	r1, IPSR
10000caa:	f3ef 8c10 	mrs	ip, PRIMASK
10000cae:	b672      	cpsid	i
10000cb0:	4a21      	ldr	r2, [pc, #132]	@ (10000d38 <irq_add_tail_to_free_list+0x98>)
10000cb2:	6813      	ldr	r3, [r2, #0]
10000cb4:	2b00      	cmp	r3, #0
10000cb6:	d0fc      	beq.n	10000cb2 <irq_add_tail_to_free_list+0x12>
10000cb8:	f3bf 8f5f 	dmb	sy
10000cbc:	4b1f      	ldr	r3, [pc, #124]	@ (10000d3c <irq_add_tail_to_free_list+0x9c>)
10000cbe:	0005      	movs	r5, r0
10000cc0:	4a1f      	ldr	r2, [pc, #124]	@ (10000d40 <irq_add_tail_to_free_list+0xa0>)
10000cc2:	1aed      	subs	r5, r5, r3
10000cc4:	416d      	adcs	r5, r5
10000cc6:	436a      	muls	r2, r5
10000cc8:	0d12      	lsrs	r2, r2, #20
10000cca:	4d1e      	ldr	r5, [pc, #120]	@ (10000d44 <irq_add_tail_to_free_list+0xa4>)
10000ccc:	0089      	lsls	r1, r1, #2
10000cce:	68ae      	ldr	r6, [r5, #8]
10000cd0:	b252      	sxtb	r2, r2
10000cd2:	5876      	ldr	r6, [r6, r1]
10000cd4:	42a6      	cmp	r6, r4
10000cd6:	d01c      	beq.n	10000d12 <irq_add_tail_to_free_list+0x72>
10000cd8:	2106      	movs	r1, #6
10000cda:	5659      	ldrsb	r1, [r3, r1]
10000cdc:	4291      	cmp	r1, r2
10000cde:	d01c      	beq.n	10000d1a <irq_add_tail_to_free_list+0x7a>
10000ce0:	2112      	movs	r1, #18
10000ce2:	5659      	ldrsb	r1, [r3, r1]
10000ce4:	4291      	cmp	r1, r2
10000ce6:	d022      	beq.n	10000d2e <irq_add_tail_to_free_list+0x8e>
10000ce8:	211e      	movs	r1, #30
10000cea:	5659      	ldrsb	r1, [r3, r1]
10000cec:	4291      	cmp	r1, r2
10000cee:	d020      	beq.n	10000d32 <irq_add_tail_to_free_list+0x92>
10000cf0:	212a      	movs	r1, #42	@ 0x2a
10000cf2:	5659      	ldrsb	r1, [r3, r1]
10000cf4:	2403      	movs	r4, #3
10000cf6:	4291      	cmp	r1, r2
10000cf8:	d010      	beq.n	10000d1c <irq_add_tail_to_free_list+0x7c>
10000cfa:	4b13      	ldr	r3, [pc, #76]	@ (10000d48 <irq_add_tail_to_free_list+0xa8>)
10000cfc:	7819      	ldrb	r1, [r3, #0]
10000cfe:	701a      	strb	r2, [r3, #0]
10000d00:	7181      	strb	r1, [r0, #6]
10000d02:	f3bf 8f5f 	dmb	sy
10000d06:	2200      	movs	r2, #0
10000d08:	4b0b      	ldr	r3, [pc, #44]	@ (10000d38 <irq_add_tail_to_free_list+0x98>)
10000d0a:	601a      	str	r2, [r3, #0]
10000d0c:	f38c 8810 	msr	PRIMASK, ip
10000d10:	bd70      	pop	{r4, r5, r6, pc}
10000d12:	68ab      	ldr	r3, [r5, #8]
10000d14:	4c0d      	ldr	r4, [pc, #52]	@ (10000d4c <irq_add_tail_to_free_list+0xac>)
10000d16:	505c      	str	r4, [r3, r1]
10000d18:	e7ef      	b.n	10000cfa <irq_add_tail_to_free_list+0x5a>
10000d1a:	2400      	movs	r4, #0
10000d1c:	0061      	lsls	r1, r4, #1
10000d1e:	1909      	adds	r1, r1, r4
10000d20:	0089      	lsls	r1, r1, #2
10000d22:	185b      	adds	r3, r3, r1
10000d24:	21ff      	movs	r1, #255	@ 0xff
10000d26:	7199      	strb	r1, [r3, #6]
10000d28:	4909      	ldr	r1, [pc, #36]	@ (10000d50 <irq_add_tail_to_free_list+0xb0>)
10000d2a:	8099      	strh	r1, [r3, #4]
10000d2c:	e7e5      	b.n	10000cfa <irq_add_tail_to_free_list+0x5a>
10000d2e:	2401      	movs	r4, #1
10000d30:	e7f4      	b.n	10000d1c <irq_add_tail_to_free_list+0x7c>
10000d32:	2402      	movs	r4, #2
10000d34:	e7f2      	b.n	10000d1c <irq_add_tail_to_free_list+0x7c>
10000d36:	46c0      	nop			@ (mov r8, r8)
10000d38:	d0000124 	.word	0xd0000124
10000d3c:	20000fb4 	.word	0x20000fb4
10000d40:	0000aaaa 	.word	0x0000aaaa
10000d44:	e000ed00 	.word	0xe000ed00
10000d48:	20001d3c 	.word	0x20001d3c
10000d4c:	100001c1 	.word	0x100001c1
10000d50:	ffffbd01 	.word	0xffffbd01

10000d54 <lock_init>:
10000d54:	4b02      	ldr	r3, [pc, #8]	@ (10000d60 <lock_init+0xc>)
10000d56:	469c      	mov	ip, r3
10000d58:	4461      	add	r1, ip
10000d5a:	0089      	lsls	r1, r1, #2
10000d5c:	6001      	str	r1, [r0, #0]
10000d5e:	4770      	bx	lr
10000d60:	34000040 	.word	0x34000040

10000d64 <runtime_init_mutex>:
10000d64:	b570      	push	{r4, r5, r6, lr}
10000d66:	4c11      	ldr	r4, [pc, #68]	@ (10000dac <runtime_init_mutex+0x48>)
10000d68:	4d11      	ldr	r5, [pc, #68]	@ (10000db0 <runtime_init_mutex+0x4c>)
10000d6a:	42ac      	cmp	r4, r5
10000d6c:	d20f      	bcs.n	10000d8e <runtime_init_mutex+0x2a>
10000d6e:	26ff      	movs	r6, #255	@ 0xff
10000d70:	6823      	ldr	r3, [r4, #0]
10000d72:	2b00      	cmp	r3, #0
10000d74:	d00c      	beq.n	10000d90 <runtime_init_mutex+0x2c>
10000d76:	f7ff fd35 	bl	100007e4 <next_striped_spin_lock_num>
10000d7a:	0001      	movs	r1, r0
10000d7c:	0020      	movs	r0, r4
10000d7e:	f7ff ffe9 	bl	10000d54 <lock_init>
10000d82:	80a6      	strh	r6, [r4, #4]
10000d84:	f3bf 8f5f 	dmb	sy
10000d88:	3408      	adds	r4, #8
10000d8a:	42ac      	cmp	r4, r5
10000d8c:	d3f0      	bcc.n	10000d70 <runtime_init_mutex+0xc>
10000d8e:	bd70      	pop	{r4, r5, r6, pc}
10000d90:	f7ff fd28 	bl	100007e4 <next_striped_spin_lock_num>
10000d94:	0001      	movs	r1, r0
10000d96:	0020      	movs	r0, r4
10000d98:	f7ff ffdc 	bl	10000d54 <lock_init>
10000d9c:	7126      	strb	r6, [r4, #4]
10000d9e:	f3bf 8f5f 	dmb	sy
10000da2:	3408      	adds	r4, #8
10000da4:	42ac      	cmp	r4, r5
10000da6:	d3e3      	bcc.n	10000d70 <runtime_init_mutex+0xc>
10000da8:	e7f1      	b.n	10000d8e <runtime_init_mutex+0x2a>
10000daa:	46c0      	nop			@ (mov r8, r8)
10000dac:	2000107c 	.word	0x2000107c
10000db0:	20001084 	.word	0x20001084

10000db4 <mutex_init>:
10000db4:	b510      	push	{r4, lr}
10000db6:	0004      	movs	r4, r0
10000db8:	f7ff fd14 	bl	100007e4 <next_striped_spin_lock_num>
10000dbc:	0001      	movs	r1, r0
10000dbe:	0020      	movs	r0, r4
10000dc0:	f7ff ffc8 	bl	10000d54 <lock_init>
10000dc4:	23ff      	movs	r3, #255	@ 0xff
10000dc6:	7123      	strb	r3, [r4, #4]
10000dc8:	f3bf 8f5f 	dmb	sy
10000dcc:	bd10      	pop	{r4, pc}
10000dce:	46c0      	nop			@ (mov r8, r8)

10000dd0 <critical_section_init>:
10000dd0:	b510      	push	{r4, lr}
10000dd2:	0004      	movs	r4, r0
10000dd4:	2001      	movs	r0, #1
10000dd6:	f7ff fd11 	bl	100007fc <spin_lock_claim_unused>
10000dda:	4b03      	ldr	r3, [pc, #12]	@ (10000de8 <critical_section_init+0x18>)
10000ddc:	18c3      	adds	r3, r0, r3
10000dde:	009b      	lsls	r3, r3, #2
10000de0:	6023      	str	r3, [r4, #0]
10000de2:	f3bf 8f5f 	dmb	sy
10000de6:	bd10      	pop	{r4, pc}
10000de8:	34000040 	.word	0x34000040

10000dec <sleep_until_callback>:
10000dec:	4b0a      	ldr	r3, [pc, #40]	@ (10000e18 <sleep_until_callback+0x2c>)
10000dee:	6819      	ldr	r1, [r3, #0]
10000df0:	f3ef 8010 	mrs	r0, PRIMASK
10000df4:	b672      	cpsid	i
10000df6:	680a      	ldr	r2, [r1, #0]
10000df8:	2a00      	cmp	r2, #0
10000dfa:	d0fc      	beq.n	10000df6 <sleep_until_callback+0xa>
10000dfc:	f3bf 8f5f 	dmb	sy
10000e00:	681b      	ldr	r3, [r3, #0]
10000e02:	f3bf 8f5f 	dmb	sy
10000e06:	2200      	movs	r2, #0
10000e08:	601a      	str	r2, [r3, #0]
10000e0a:	f380 8810 	msr	PRIMASK, r0
10000e0e:	bf40      	sev
10000e10:	2000      	movs	r0, #0
10000e12:	2100      	movs	r1, #0
10000e14:	4770      	bx	lr
10000e16:	46c0      	nop			@ (mov r8, r8)
10000e18:	20001d28 	.word	0x20001d28

10000e1c <alarm_pool_irq_handler>:
10000e1c:	b5f0      	push	{r4, r5, r6, r7, lr}
10000e1e:	46de      	mov	lr, fp
10000e20:	4657      	mov	r7, sl
10000e22:	464e      	mov	r6, r9
10000e24:	4645      	mov	r5, r8
10000e26:	b5e0      	push	{r5, r6, r7, lr}
10000e28:	b087      	sub	sp, #28
10000e2a:	f3ef 8305 	mrs	r3, IPSR
10000e2e:	2203      	movs	r2, #3
10000e30:	2501      	movs	r5, #1
10000e32:	401a      	ands	r2, r3
10000e34:	4095      	lsls	r5, r2
10000e36:	0091      	lsls	r1, r2, #2
10000e38:	4688      	mov	r8, r1
10000e3a:	46a9      	mov	r9, r5
10000e3c:	4bb3      	ldr	r3, [pc, #716]	@ (1000110c <alarm_pool_irq_handler+0x2f0>)
10000e3e:	9203      	str	r2, [sp, #12]
10000e40:	585c      	ldr	r4, [r3, r1]
10000e42:	4bb3      	ldr	r3, [pc, #716]	@ (10001110 <alarm_pool_irq_handler+0x2f4>)
10000e44:	601d      	str	r5, [r3, #0]
10000e46:	4bb3      	ldr	r3, [pc, #716]	@ (10001114 <alarm_pool_irq_handler+0x2f8>)
10000e48:	9304      	str	r3, [sp, #16]
10000e4a:	464b      	mov	r3, r9
10000e4c:	48b2      	ldr	r0, [pc, #712]	@ (10001118 <alarm_pool_irq_handler+0x2fc>)
10000e4e:	6343      	str	r3, [r0, #52]	@ 0x34
10000e50:	2308      	movs	r3, #8
10000e52:	5ee5      	ldrsh	r5, [r4, r3]
10000e54:	2d00      	cmp	r5, #0
10000e56:	da37      	bge.n	10000ec8 <alarm_pool_irq_handler+0xac>
10000e58:	88a3      	ldrh	r3, [r4, #4]
10000e5a:	b21b      	sxth	r3, r3
10000e5c:	2b00      	cmp	r3, #0
10000e5e:	db00      	blt.n	10000e62 <alarm_pool_irq_handler+0x46>
10000e60:	e0ad      	b.n	10000fbe <alarm_pool_irq_handler+0x1a2>
10000e62:	79a3      	ldrb	r3, [r4, #6]
10000e64:	2b00      	cmp	r3, #0
10000e66:	d000      	beq.n	10000e6a <alarm_pool_irq_handler+0x4e>
10000e68:	e0ee      	b.n	10001048 <alarm_pool_irq_handler+0x22c>
10000e6a:	2308      	movs	r3, #8
10000e6c:	5ee0      	ldrsh	r0, [r4, r3]
10000e6e:	2800      	cmp	r0, #0
10000e70:	db20      	blt.n	10000eb4 <alarm_pool_irq_handler+0x98>
10000e72:	0043      	lsls	r3, r0, #1
10000e74:	6962      	ldr	r2, [r4, #20]
10000e76:	181b      	adds	r3, r3, r0
10000e78:	00db      	lsls	r3, r3, #3
10000e7a:	18d3      	adds	r3, r2, r3
10000e7c:	689e      	ldr	r6, [r3, #8]
10000e7e:	68dd      	ldr	r5, [r3, #12]
10000e80:	1c73      	adds	r3, r6, #1
10000e82:	d100      	bne.n	10000e86 <alarm_pool_irq_handler+0x6a>
10000e84:	e111      	b.n	100010aa <alarm_pool_irq_handler+0x28e>
10000e86:	48a4      	ldr	r0, [pc, #656]	@ (10001118 <alarm_pool_irq_handler+0x2fc>)
10000e88:	0001      	movs	r1, r0
10000e8a:	4441      	add	r1, r8
10000e8c:	6a82      	ldr	r2, [r0, #40]	@ 0x28
10000e8e:	690b      	ldr	r3, [r1, #16]
10000e90:	1ab7      	subs	r7, r6, r2
10000e92:	1a9b      	subs	r3, r3, r2
10000e94:	429f      	cmp	r7, r3
10000e96:	d315      	bcc.n	10000ec4 <alarm_pool_irq_handler+0xa8>
10000e98:	2301      	movs	r3, #1
10000e9a:	6a02      	ldr	r2, [r0, #32]
10000e9c:	9803      	ldr	r0, [sp, #12]
10000e9e:	4083      	lsls	r3, r0
10000ea0:	421a      	tst	r2, r3
10000ea2:	d00f      	beq.n	10000ec4 <alarm_pool_irq_handler+0xa8>
10000ea4:	489c      	ldr	r0, [pc, #624]	@ (10001118 <alarm_pool_irq_handler+0x2fc>)
10000ea6:	f000 fb47 	bl	10001538 <timer_time_us_64>
10000eaa:	428d      	cmp	r5, r1
10000eac:	dc02      	bgt.n	10000eb4 <alarm_pool_irq_handler+0x98>
10000eae:	d1cc      	bne.n	10000e4a <alarm_pool_irq_handler+0x2e>
10000eb0:	4286      	cmp	r6, r0
10000eb2:	d9ca      	bls.n	10000e4a <alarm_pool_irq_handler+0x2e>
10000eb4:	bf40      	sev
10000eb6:	b007      	add	sp, #28
10000eb8:	bcf0      	pop	{r4, r5, r6, r7}
10000eba:	46bb      	mov	fp, r7
10000ebc:	46b2      	mov	sl, r6
10000ebe:	46a9      	mov	r9, r5
10000ec0:	46a0      	mov	r8, r4
10000ec2:	bdf0      	pop	{r4, r5, r6, r7, pc}
10000ec4:	610e      	str	r6, [r1, #16]
10000ec6:	e7ed      	b.n	10000ea4 <alarm_pool_irq_handler+0x88>
10000ec8:	6962      	ldr	r2, [r4, #20]
10000eca:	006b      	lsls	r3, r5, #1
10000ecc:	4692      	mov	sl, r2
10000ece:	195b      	adds	r3, r3, r5
10000ed0:	00db      	lsls	r3, r3, #3
10000ed2:	449a      	add	sl, r3
10000ed4:	4653      	mov	r3, sl
10000ed6:	689e      	ldr	r6, [r3, #8]
10000ed8:	68df      	ldr	r7, [r3, #12]
10000eda:	f000 fb2d 	bl	10001538 <timer_time_us_64>
10000ede:	428f      	cmp	r7, r1
10000ee0:	dcba      	bgt.n	10000e58 <alarm_pool_irq_handler+0x3c>
10000ee2:	d100      	bne.n	10000ee6 <alarm_pool_irq_handler+0xca>
10000ee4:	e103      	b.n	100010ee <alarm_pool_irq_handler+0x2d2>
10000ee6:	2f00      	cmp	r7, #0
10000ee8:	da00      	bge.n	10000eec <alarm_pool_irq_handler+0xd0>
10000eea:	e0e8      	b.n	100010be <alarm_pool_irq_handler+0x2a2>
10000eec:	4652      	mov	r2, sl
10000eee:	4653      	mov	r3, sl
10000ef0:	6952      	ldr	r2, [r2, #20]
10000ef2:	691b      	ldr	r3, [r3, #16]
10000ef4:	4693      	mov	fp, r2
10000ef6:	9a04      	ldr	r2, [sp, #16]
10000ef8:	4293      	cmp	r3, r2
10000efa:	d100      	bne.n	10000efe <alarm_pool_irq_handler+0xe2>
10000efc:	e0d9      	b.n	100010b2 <alarm_pool_irq_handler+0x296>
10000efe:	4652      	mov	r2, sl
10000f00:	2108      	movs	r1, #8
10000f02:	5e60      	ldrsh	r0, [r4, r1]
10000f04:	8852      	ldrh	r2, [r2, #2]
10000f06:	0400      	lsls	r0, r0, #16
10000f08:	4659      	mov	r1, fp
10000f0a:	4310      	orrs	r0, r2
10000f0c:	4798      	blx	r3
10000f0e:	9000      	str	r0, [sp, #0]
10000f10:	9101      	str	r1, [sp, #4]
10000f12:	9900      	ldr	r1, [sp, #0]
10000f14:	9a01      	ldr	r2, [sp, #4]
10000f16:	000b      	movs	r3, r1
10000f18:	0010      	movs	r0, r2
10000f1a:	4313      	orrs	r3, r2
10000f1c:	d100      	bne.n	10000f20 <alarm_pool_irq_handler+0x104>
10000f1e:	e0ce      	b.n	100010be <alarm_pool_irq_handler+0x2a2>
10000f20:	0013      	movs	r3, r2
10000f22:	000a      	movs	r2, r1
10000f24:	1ab6      	subs	r6, r6, r2
10000f26:	419f      	sbcs	r7, r3
10000f28:	2800      	cmp	r0, #0
10000f2a:	db06      	blt.n	10000f3a <alarm_pool_irq_handler+0x11e>
10000f2c:	487a      	ldr	r0, [pc, #488]	@ (10001118 <alarm_pool_irq_handler+0x2fc>)
10000f2e:	f000 fb03 	bl	10001538 <timer_time_us_64>
10000f32:	9e00      	ldr	r6, [sp, #0]
10000f34:	9f01      	ldr	r7, [sp, #4]
10000f36:	1836      	adds	r6, r6, r0
10000f38:	414f      	adcs	r7, r1
10000f3a:	4653      	mov	r3, sl
10000f3c:	609e      	str	r6, [r3, #8]
10000f3e:	60df      	str	r7, [r3, #12]
10000f40:	2200      	movs	r2, #0
10000f42:	5e9a      	ldrsh	r2, [r3, r2]
10000f44:	2a00      	cmp	r2, #0
10000f46:	da00      	bge.n	10000f4a <alarm_pool_irq_handler+0x12e>
10000f48:	e786      	b.n	10000e58 <alarm_pool_irq_handler+0x3c>
10000f4a:	0053      	lsls	r3, r2, #1
10000f4c:	1899      	adds	r1, r3, r2
10000f4e:	6960      	ldr	r0, [r4, #20]
10000f50:	00c9      	lsls	r1, r1, #3
10000f52:	1841      	adds	r1, r0, r1
10000f54:	9302      	str	r3, [sp, #8]
10000f56:	688b      	ldr	r3, [r1, #8]
10000f58:	68c9      	ldr	r1, [r1, #12]
10000f5a:	469b      	mov	fp, r3
10000f5c:	42b9      	cmp	r1, r7
10000f5e:	dd00      	ble.n	10000f62 <alarm_pool_irq_handler+0x146>
10000f60:	e77a      	b.n	10000e58 <alarm_pool_irq_handler+0x3c>
10000f62:	d102      	bne.n	10000f6a <alarm_pool_irq_handler+0x14e>
10000f64:	42b3      	cmp	r3, r6
10000f66:	d900      	bls.n	10000f6a <alarm_pool_irq_handler+0x14e>
10000f68:	e776      	b.n	10000e58 <alarm_pool_irq_handler+0x3c>
10000f6a:	2308      	movs	r3, #8
10000f6c:	469c      	mov	ip, r3
10000f6e:	44a4      	add	ip, r4
10000f70:	9505      	str	r5, [sp, #20]
10000f72:	4665      	mov	r5, ip
10000f74:	8122      	strh	r2, [r4, #8]
10000f76:	46a4      	mov	ip, r4
10000f78:	9b02      	ldr	r3, [sp, #8]
10000f7a:	002c      	movs	r4, r5
10000f7c:	e006      	b.n	10000f8c <alarm_pool_irq_handler+0x170>
10000f7e:	0053      	lsls	r3, r2, #1
10000f80:	1899      	adds	r1, r3, r2
10000f82:	00c9      	lsls	r1, r1, #3
10000f84:	1841      	adds	r1, r0, r1
10000f86:	688d      	ldr	r5, [r1, #8]
10000f88:	68c9      	ldr	r1, [r1, #12]
10000f8a:	46ab      	mov	fp, r5
10000f8c:	189b      	adds	r3, r3, r2
10000f8e:	00db      	lsls	r3, r3, #3
10000f90:	18c3      	adds	r3, r0, r3
10000f92:	42b9      	cmp	r1, r7
10000f94:	dc06      	bgt.n	10000fa4 <alarm_pool_irq_handler+0x188>
10000f96:	d100      	bne.n	10000f9a <alarm_pool_irq_handler+0x17e>
10000f98:	e0b3      	b.n	10001102 <alarm_pool_irq_handler+0x2e6>
10000f9a:	001c      	movs	r4, r3
10000f9c:	2300      	movs	r3, #0
10000f9e:	5ee2      	ldrsh	r2, [r4, r3]
10000fa0:	2a00      	cmp	r2, #0
10000fa2:	daec      	bge.n	10000f7e <alarm_pool_irq_handler+0x162>
10000fa4:	0023      	movs	r3, r4
10000fa6:	4664      	mov	r4, ip
10000fa8:	469c      	mov	ip, r3
10000faa:	4653      	mov	r3, sl
10000fac:	801a      	strh	r2, [r3, #0]
10000fae:	4663      	mov	r3, ip
10000fb0:	9d05      	ldr	r5, [sp, #20]
10000fb2:	801d      	strh	r5, [r3, #0]
10000fb4:	88a3      	ldrh	r3, [r4, #4]
10000fb6:	b21b      	sxth	r3, r3
10000fb8:	2b00      	cmp	r3, #0
10000fba:	da00      	bge.n	10000fbe <alarm_pool_irq_handler+0x1a2>
10000fbc:	e751      	b.n	10000e62 <alarm_pool_irq_handler+0x46>
10000fbe:	6922      	ldr	r2, [r4, #16]
10000fc0:	f3ef 8110 	mrs	r1, PRIMASK
10000fc4:	b672      	cpsid	i
10000fc6:	6813      	ldr	r3, [r2, #0]
10000fc8:	2b00      	cmp	r3, #0
10000fca:	d0fc      	beq.n	10000fc6 <alarm_pool_irq_handler+0x1aa>
10000fcc:	f3bf 8f5f 	dmb	sy
10000fd0:	2301      	movs	r3, #1
10000fd2:	88a7      	ldrh	r7, [r4, #4]
10000fd4:	425b      	negs	r3, r3
10000fd6:	80a3      	strh	r3, [r4, #4]
10000fd8:	b23f      	sxth	r7, r7
10000fda:	6923      	ldr	r3, [r4, #16]
10000fdc:	f3bf 8f5f 	dmb	sy
10000fe0:	2200      	movs	r2, #0
10000fe2:	601a      	str	r2, [r3, #0]
10000fe4:	f381 8810 	msr	PRIMASK, r1
10000fe8:	2f00      	cmp	r7, #0
10000fea:	da00      	bge.n	10000fee <alarm_pool_irq_handler+0x1d2>
10000fec:	e739      	b.n	10000e62 <alarm_pool_irq_handler+0x46>
10000fee:	0023      	movs	r3, r4
10000ff0:	3308      	adds	r3, #8
10000ff2:	0022      	movs	r2, r4
10000ff4:	469a      	mov	sl, r3
10000ff6:	6966      	ldr	r6, [r4, #20]
10000ff8:	007b      	lsls	r3, r7, #1
10000ffa:	19db      	adds	r3, r3, r7
10000ffc:	00db      	lsls	r3, r3, #3
10000ffe:	18f3      	adds	r3, r6, r3
10001000:	6899      	ldr	r1, [r3, #8]
10001002:	4650      	mov	r0, sl
10001004:	468c      	mov	ip, r1
10001006:	2408      	movs	r4, #8
10001008:	5f11      	ldrsh	r1, [r2, r4]
1000100a:	68dd      	ldr	r5, [r3, #12]
1000100c:	2900      	cmp	r1, #0
1000100e:	db10      	blt.n	10001032 <alarm_pool_irq_handler+0x216>
10001010:	9302      	str	r3, [sp, #8]
10001012:	e006      	b.n	10001022 <alarm_pool_irq_handler+0x206>
10001014:	42ab      	cmp	r3, r5
10001016:	d044      	beq.n	100010a2 <alarm_pool_irq_handler+0x286>
10001018:	2300      	movs	r3, #0
1000101a:	5ee1      	ldrsh	r1, [r4, r3]
1000101c:	0020      	movs	r0, r4
1000101e:	2900      	cmp	r1, #0
10001020:	db06      	blt.n	10001030 <alarm_pool_irq_handler+0x214>
10001022:	004c      	lsls	r4, r1, #1
10001024:	1864      	adds	r4, r4, r1
10001026:	00e4      	lsls	r4, r4, #3
10001028:	1934      	adds	r4, r6, r4
1000102a:	68e3      	ldr	r3, [r4, #12]
1000102c:	42ab      	cmp	r3, r5
1000102e:	ddf1      	ble.n	10001014 <alarm_pool_irq_handler+0x1f8>
10001030:	9b02      	ldr	r3, [sp, #8]
10001032:	8007      	strh	r7, [r0, #0]
10001034:	2000      	movs	r0, #0
10001036:	5e1f      	ldrsh	r7, [r3, r0]
10001038:	8019      	strh	r1, [r3, #0]
1000103a:	2f00      	cmp	r7, #0
1000103c:	dadc      	bge.n	10000ff8 <alarm_pool_irq_handler+0x1dc>
1000103e:	0014      	movs	r4, r2
10001040:	79a3      	ldrb	r3, [r4, #6]
10001042:	2b00      	cmp	r3, #0
10001044:	d100      	bne.n	10001048 <alarm_pool_irq_handler+0x22c>
10001046:	e710      	b.n	10000e6a <alarm_pool_irq_handler+0x4e>
10001048:	2300      	movs	r3, #0
1000104a:	71a3      	strb	r3, [r4, #6]
1000104c:	0026      	movs	r6, r4
1000104e:	2308      	movs	r3, #8
10001050:	5ee1      	ldrsh	r1, [r4, r3]
10001052:	3608      	adds	r6, #8
10001054:	1c4b      	adds	r3, r1, #1
10001056:	d100      	bne.n	1000105a <alarm_pool_irq_handler+0x23e>
10001058:	e72c      	b.n	10000eb4 <alarm_pool_irq_handler+0x98>
1000105a:	0008      	movs	r0, r1
1000105c:	46a2      	mov	sl, r4
1000105e:	6965      	ldr	r5, [r4, #20]
10001060:	e002      	b.n	10001068 <alarm_pool_irq_handler+0x24c>
10001062:	003e      	movs	r6, r7
10001064:	1c4b      	adds	r3, r1, #1
10001066:	d01a      	beq.n	1000109e <alarm_pool_irq_handler+0x282>
10001068:	004b      	lsls	r3, r1, #1
1000106a:	185b      	adds	r3, r3, r1
1000106c:	00db      	lsls	r3, r3, #3
1000106e:	18ef      	adds	r7, r5, r3
10001070:	000a      	movs	r2, r1
10001072:	468c      	mov	ip, r1
10001074:	5ee9      	ldrsh	r1, [r5, r3]
10001076:	887b      	ldrh	r3, [r7, #2]
10001078:	b21b      	sxth	r3, r3
1000107a:	2b00      	cmp	r3, #0
1000107c:	daf1      	bge.n	10001062 <alarm_pool_irq_handler+0x246>
1000107e:	2301      	movs	r3, #1
10001080:	425b      	negs	r3, r3
10001082:	17dc      	asrs	r4, r3, #31
10001084:	60bb      	str	r3, [r7, #8]
10001086:	60fc      	str	r4, [r7, #12]
10001088:	4282      	cmp	r2, r0
1000108a:	d005      	beq.n	10001098 <alarm_pool_irq_handler+0x27c>
1000108c:	4653      	mov	r3, sl
1000108e:	8031      	strh	r1, [r6, #0]
10001090:	891b      	ldrh	r3, [r3, #8]
10001092:	803b      	strh	r3, [r7, #0]
10001094:	4653      	mov	r3, sl
10001096:	811a      	strh	r2, [r3, #8]
10001098:	4660      	mov	r0, ip
1000109a:	1c4b      	adds	r3, r1, #1
1000109c:	d1e4      	bne.n	10001068 <alarm_pool_irq_handler+0x24c>
1000109e:	4654      	mov	r4, sl
100010a0:	e6e5      	b.n	10000e6e <alarm_pool_irq_handler+0x52>
100010a2:	68a3      	ldr	r3, [r4, #8]
100010a4:	4563      	cmp	r3, ip
100010a6:	d9b7      	bls.n	10001018 <alarm_pool_irq_handler+0x1fc>
100010a8:	e7c2      	b.n	10001030 <alarm_pool_irq_handler+0x214>
100010aa:	1c6b      	adds	r3, r5, #1
100010ac:	d000      	beq.n	100010b0 <alarm_pool_irq_handler+0x294>
100010ae:	e6ea      	b.n	10000e86 <alarm_pool_irq_handler+0x6a>
100010b0:	e6f8      	b.n	10000ea4 <alarm_pool_irq_handler+0x88>
100010b2:	465b      	mov	r3, fp
100010b4:	4658      	mov	r0, fp
100010b6:	691b      	ldr	r3, [r3, #16]
100010b8:	4798      	blx	r3
100010ba:	2800      	cmp	r0, #0
100010bc:	d11b      	bne.n	100010f6 <alarm_pool_irq_handler+0x2da>
100010be:	4653      	mov	r3, sl
100010c0:	881b      	ldrh	r3, [r3, #0]
100010c2:	6922      	ldr	r2, [r4, #16]
100010c4:	8123      	strh	r3, [r4, #8]
100010c6:	f3ef 8310 	mrs	r3, PRIMASK
100010ca:	b672      	cpsid	i
100010cc:	6811      	ldr	r1, [r2, #0]
100010ce:	2900      	cmp	r1, #0
100010d0:	d0fc      	beq.n	100010cc <alarm_pool_irq_handler+0x2b0>
100010d2:	f3bf 8f5f 	dmb	sy
100010d6:	4651      	mov	r1, sl
100010d8:	8862      	ldrh	r2, [r4, #2]
100010da:	800a      	strh	r2, [r1, #0]
100010dc:	6922      	ldr	r2, [r4, #16]
100010de:	8065      	strh	r5, [r4, #2]
100010e0:	f3bf 8f5f 	dmb	sy
100010e4:	2100      	movs	r1, #0
100010e6:	6011      	str	r1, [r2, #0]
100010e8:	f383 8810 	msr	PRIMASK, r3
100010ec:	e6b4      	b.n	10000e58 <alarm_pool_irq_handler+0x3c>
100010ee:	4286      	cmp	r6, r0
100010f0:	d800      	bhi.n	100010f4 <alarm_pool_irq_handler+0x2d8>
100010f2:	e6f8      	b.n	10000ee6 <alarm_pool_irq_handler+0xca>
100010f4:	e6b0      	b.n	10000e58 <alarm_pool_irq_handler+0x3c>
100010f6:	465b      	mov	r3, fp
100010f8:	681a      	ldr	r2, [r3, #0]
100010fa:	685b      	ldr	r3, [r3, #4]
100010fc:	9200      	str	r2, [sp, #0]
100010fe:	9301      	str	r3, [sp, #4]
10001100:	e707      	b.n	10000f12 <alarm_pool_irq_handler+0xf6>
10001102:	45b3      	cmp	fp, r6
10001104:	d800      	bhi.n	10001108 <alarm_pool_irq_handler+0x2ec>
10001106:	e748      	b.n	10000f9a <alarm_pool_irq_handler+0x17e>
10001108:	e74c      	b.n	10000fa4 <alarm_pool_irq_handler+0x188>
1000110a:	46c0      	nop			@ (mov r8, r8)
1000110c:	20001d0c 	.word	0x20001d0c
10001110:	4005703c 	.word	0x4005703c
10001114:	10000e1d 	.word	0x10000e1d
10001118:	40054000 	.word	0x40054000

1000111c <runtime_init_default_alarm_pool>:
1000111c:	b570      	push	{r4, r5, r6, lr}
1000111e:	4c2e      	ldr	r4, [pc, #184]	@ (100011d8 <runtime_init_default_alarm_pool+0xbc>)
10001120:	6925      	ldr	r5, [r4, #16]
10001122:	2d00      	cmp	r5, #0
10001124:	d004      	beq.n	10001130 <runtime_init_default_alarm_pool+0x14>
10001126:	210a      	movs	r1, #10
10001128:	482c      	ldr	r0, [pc, #176]	@ (100011dc <runtime_init_default_alarm_pool+0xc0>)
1000112a:	f7ff fe13 	bl	10000d54 <lock_init>
1000112e:	bd70      	pop	{r4, r5, r6, pc}
10001130:	4e2b      	ldr	r6, [pc, #172]	@ (100011e0 <runtime_init_default_alarm_pool+0xc4>)
10001132:	2103      	movs	r1, #3
10001134:	0030      	movs	r0, r6
10001136:	f000 f9f5 	bl	10001524 <timer_hardware_alarm_claim>
1000113a:	60e6      	str	r6, [r4, #12]
1000113c:	f7ff fb52 	bl	100007e4 <next_striped_spin_lock_num>
10001140:	4b28      	ldr	r3, [pc, #160]	@ (100011e4 <runtime_init_default_alarm_pool+0xc8>)
10001142:	2203      	movs	r2, #3
10001144:	469c      	mov	ip, r3
10001146:	23d0      	movs	r3, #208	@ 0xd0
10001148:	7022      	strb	r2, [r4, #0]
1000114a:	061b      	lsls	r3, r3, #24
1000114c:	681b      	ldr	r3, [r3, #0]
1000114e:	2101      	movs	r1, #1
10001150:	7063      	strb	r3, [r4, #1]
10001152:	4b25      	ldr	r3, [pc, #148]	@ (100011e8 <runtime_init_default_alarm_pool+0xcc>)
10001154:	4460      	add	r0, ip
10001156:	60a3      	str	r3, [r4, #8]
10001158:	230f      	movs	r3, #15
1000115a:	0080      	lsls	r0, r0, #2
1000115c:	6120      	str	r0, [r4, #16]
1000115e:	2002      	movs	r0, #2
10001160:	8063      	strh	r3, [r4, #2]
10001162:	6963      	ldr	r3, [r4, #20]
10001164:	4249      	negs	r1, r1
10001166:	80a1      	strh	r1, [r4, #4]
10001168:	8019      	strh	r1, [r3, #0]
1000116a:	3102      	adds	r1, #2
1000116c:	8619      	strh	r1, [r3, #48]	@ 0x30
1000116e:	3147      	adds	r1, #71	@ 0x47
10001170:	831d      	strh	r5, [r3, #24]
10001172:	5258      	strh	r0, [r3, r1]
10001174:	3118      	adds	r1, #24
10001176:	525a      	strh	r2, [r3, r1]
10001178:	3275      	adds	r2, #117	@ 0x75
1000117a:	395c      	subs	r1, #92	@ 0x5c
1000117c:	5299      	strh	r1, [r3, r2]
1000117e:	3218      	adds	r2, #24
10001180:	3101      	adds	r1, #1
10001182:	5299      	strh	r1, [r3, r2]
10001184:	3218      	adds	r2, #24
10001186:	3101      	adds	r1, #1
10001188:	5299      	strh	r1, [r3, r2]
1000118a:	3218      	adds	r2, #24
1000118c:	3101      	adds	r1, #1
1000118e:	5299      	strh	r1, [r3, r2]
10001190:	3508      	adds	r5, #8
10001192:	3218      	adds	r2, #24
10001194:	529d      	strh	r5, [r3, r2]
10001196:	3102      	adds	r1, #2
10001198:	3218      	adds	r2, #24
1000119a:	5299      	strh	r1, [r3, r2]
1000119c:	3218      	adds	r2, #24
1000119e:	3101      	adds	r1, #1
100011a0:	5299      	strh	r1, [r3, r2]
100011a2:	3218      	adds	r2, #24
100011a4:	3101      	adds	r1, #1
100011a6:	5299      	strh	r1, [r3, r2]
100011a8:	3218      	adds	r2, #24
100011aa:	3101      	adds	r1, #1
100011ac:	5299      	strh	r1, [r3, r2]
100011ae:	3218      	adds	r2, #24
100011b0:	3101      	adds	r1, #1
100011b2:	5299      	strh	r1, [r3, r2]
100011b4:	3218      	adds	r2, #24
100011b6:	3101      	adds	r1, #1
100011b8:	5299      	strh	r1, [r3, r2]
100011ba:	4b0c      	ldr	r3, [pc, #48]	@ (100011ec <runtime_init_default_alarm_pool+0xd0>)
100011bc:	490c      	ldr	r1, [pc, #48]	@ (100011f0 <runtime_init_default_alarm_pool+0xd4>)
100011be:	60dc      	str	r4, [r3, #12]
100011c0:	3001      	adds	r0, #1
100011c2:	6235      	str	r5, [r6, #32]
100011c4:	f7ff fb5e 	bl	10000884 <irq_set_exclusive_handler>
100011c8:	2101      	movs	r1, #1
100011ca:	2003      	movs	r0, #3
100011cc:	f7ff fb48 	bl	10000860 <irq_set_enabled>
100011d0:	4b08      	ldr	r3, [pc, #32]	@ (100011f4 <runtime_init_default_alarm_pool+0xd8>)
100011d2:	601d      	str	r5, [r3, #0]
100011d4:	e7a7      	b.n	10001126 <runtime_init_default_alarm_pool+0xa>
100011d6:	46c0      	nop			@ (mov r8, r8)
100011d8:	20000ffc 	.word	0x20000ffc
100011dc:	20001d28 	.word	0x20001d28
100011e0:	40054000 	.word	0x40054000
100011e4:	34000040 	.word	0x34000040
100011e8:	0010ffff 	.word	0x0010ffff
100011ec:	20001d0c 	.word	0x20001d0c
100011f0:	10000e1d 	.word	0x10000e1d
100011f4:	40056038 	.word	0x40056038

100011f8 <alarm_pool_add_alarm_at_force_in_context>:
100011f8:	b570      	push	{r4, r5, r6, lr}
100011fa:	0001      	movs	r1, r0
100011fc:	6904      	ldr	r4, [r0, #16]
100011fe:	f3ef 8c10 	mrs	ip, PRIMASK
10001202:	b672      	cpsid	i
10001204:	6820      	ldr	r0, [r4, #0]
10001206:	2800      	cmp	r0, #0
10001208:	d0fc      	beq.n	10001204 <alarm_pool_add_alarm_at_force_in_context+0xc>
1000120a:	f3bf 8f5f 	dmb	sy
1000120e:	2002      	movs	r0, #2
10001210:	5e0d      	ldrsh	r5, [r1, r0]
10001212:	694c      	ldr	r4, [r1, #20]
10001214:	0068      	lsls	r0, r5, #1
10001216:	1940      	adds	r0, r0, r5
10001218:	00c0      	lsls	r0, r0, #3
1000121a:	1824      	adds	r4, r4, r0
1000121c:	6908      	ldr	r0, [r1, #16]
1000121e:	2d00      	cmp	r5, #0
10001220:	db36      	blt.n	10001290 <alarm_pool_add_alarm_at_force_in_context+0x98>
10001222:	8826      	ldrh	r6, [r4, #0]
10001224:	804e      	strh	r6, [r1, #2]
10001226:	f3bf 8f5f 	dmb	sy
1000122a:	2600      	movs	r6, #0
1000122c:	6006      	str	r6, [r0, #0]
1000122e:	f38c 8810 	msr	PRIMASK, ip
10001232:	60e3      	str	r3, [r4, #12]
10001234:	8863      	ldrh	r3, [r4, #2]
10001236:	9804      	ldr	r0, [sp, #16]
10001238:	3301      	adds	r3, #1
1000123a:	6120      	str	r0, [r4, #16]
1000123c:	045b      	lsls	r3, r3, #17
1000123e:	9805      	ldr	r0, [sp, #20]
10001240:	0c5b      	lsrs	r3, r3, #17
10001242:	60a2      	str	r2, [r4, #8]
10001244:	6160      	str	r0, [r4, #20]
10001246:	1c1a      	adds	r2, r3, #0
10001248:	2b00      	cmp	r3, #0
1000124a:	d01f      	beq.n	1000128c <alarm_pool_add_alarm_at_force_in_context+0x94>
1000124c:	b293      	uxth	r3, r2
1000124e:	0428      	lsls	r0, r5, #16
10001250:	8062      	strh	r2, [r4, #2]
10001252:	4318      	orrs	r0, r3
10001254:	690a      	ldr	r2, [r1, #16]
10001256:	f3ef 8c10 	mrs	ip, PRIMASK
1000125a:	b672      	cpsid	i
1000125c:	6813      	ldr	r3, [r2, #0]
1000125e:	2b00      	cmp	r3, #0
10001260:	d0fc      	beq.n	1000125c <alarm_pool_add_alarm_at_force_in_context+0x64>
10001262:	f3bf 8f5f 	dmb	sy
10001266:	888b      	ldrh	r3, [r1, #4]
10001268:	8023      	strh	r3, [r4, #0]
1000126a:	808d      	strh	r5, [r1, #4]
1000126c:	690b      	ldr	r3, [r1, #16]
1000126e:	f3bf 8f5f 	dmb	sy
10001272:	2200      	movs	r2, #0
10001274:	601a      	str	r2, [r3, #0]
10001276:	f38c 8810 	msr	PRIMASK, ip
1000127a:	780b      	ldrb	r3, [r1, #0]
1000127c:	3201      	adds	r2, #1
1000127e:	409a      	lsls	r2, r3
10001280:	68cb      	ldr	r3, [r1, #12]
10001282:	4908      	ldr	r1, [pc, #32]	@ (100012a4 <alarm_pool_add_alarm_at_force_in_context+0xac>)
10001284:	468c      	mov	ip, r1
10001286:	4463      	add	r3, ip
10001288:	601a      	str	r2, [r3, #0]
1000128a:	bd70      	pop	{r4, r5, r6, pc}
1000128c:	2201      	movs	r2, #1
1000128e:	e7dd      	b.n	1000124c <alarm_pool_add_alarm_at_force_in_context+0x54>
10001290:	f3bf 8f5f 	dmb	sy
10001294:	2300      	movs	r3, #0
10001296:	6003      	str	r3, [r0, #0]
10001298:	f38c 8810 	msr	PRIMASK, ip
1000129c:	2001      	movs	r0, #1
1000129e:	4240      	negs	r0, r0
100012a0:	e7f3      	b.n	1000128a <alarm_pool_add_alarm_at_force_in_context+0x92>
100012a2:	46c0      	nop			@ (mov r8, r8)
100012a4:	0000203c 	.word	0x0000203c

100012a8 <alarm_pool_cancel_alarm>:
100012a8:	b510      	push	{r4, lr}
100012aa:	8943      	ldrh	r3, [r0, #10]
100012ac:	140a      	asrs	r2, r1, #16
100012ae:	4293      	cmp	r3, r2
100012b0:	dd1a      	ble.n	100012e8 <alarm_pool_cancel_alarm+0x40>
100012b2:	0053      	lsls	r3, r2, #1
100012b4:	189b      	adds	r3, r3, r2
100012b6:	6942      	ldr	r2, [r0, #20]
100012b8:	00db      	lsls	r3, r3, #3
100012ba:	18d3      	adds	r3, r2, r3
100012bc:	6904      	ldr	r4, [r0, #16]
100012be:	f3ef 8c10 	mrs	ip, PRIMASK
100012c2:	b672      	cpsid	i
100012c4:	6822      	ldr	r2, [r4, #0]
100012c6:	2a00      	cmp	r2, #0
100012c8:	d0fc      	beq.n	100012c4 <alarm_pool_cancel_alarm+0x1c>
100012ca:	f3bf 8f5f 	dmb	sy
100012ce:	885a      	ldrh	r2, [r3, #2]
100012d0:	0409      	lsls	r1, r1, #16
100012d2:	b294      	uxth	r4, r2
100012d4:	0c09      	lsrs	r1, r1, #16
100012d6:	428a      	cmp	r2, r1
100012d8:	d008      	beq.n	100012ec <alarm_pool_cancel_alarm+0x44>
100012da:	6903      	ldr	r3, [r0, #16]
100012dc:	f3bf 8f5f 	dmb	sy
100012e0:	2200      	movs	r2, #0
100012e2:	601a      	str	r2, [r3, #0]
100012e4:	f38c 8810 	msr	PRIMASK, ip
100012e8:	2000      	movs	r0, #0
100012ea:	bd10      	pop	{r4, pc}
100012ec:	2280      	movs	r2, #128	@ 0x80
100012ee:	0212      	lsls	r2, r2, #8
100012f0:	4314      	orrs	r4, r2
100012f2:	805c      	strh	r4, [r3, #2]
100012f4:	2301      	movs	r3, #1
100012f6:	6902      	ldr	r2, [r0, #16]
100012f8:	7183      	strb	r3, [r0, #6]
100012fa:	f3bf 8f5f 	dmb	sy
100012fe:	2100      	movs	r1, #0
10001300:	6011      	str	r1, [r2, #0]
10001302:	f38c 8810 	msr	PRIMASK, ip
10001306:	4904      	ldr	r1, [pc, #16]	@ (10001318 <alarm_pool_cancel_alarm+0x70>)
10001308:	7802      	ldrb	r2, [r0, #0]
1000130a:	468c      	mov	ip, r1
1000130c:	4093      	lsls	r3, r2
1000130e:	68c2      	ldr	r2, [r0, #12]
10001310:	2001      	movs	r0, #1
10001312:	4462      	add	r2, ip
10001314:	6013      	str	r3, [r2, #0]
10001316:	e7e8      	b.n	100012ea <alarm_pool_cancel_alarm+0x42>
10001318:	0000203c 	.word	0x0000203c

1000131c <sleep_ms>:
1000131c:	b5f0      	push	{r4, r5, r6, r7, lr}
1000131e:	46c6      	mov	lr, r8
10001320:	b500      	push	{lr}
10001322:	b082      	sub	sp, #8
10001324:	0004      	movs	r4, r0
10001326:	f000 f90f 	bl	10001548 <time_us_64>
1000132a:	22fa      	movs	r2, #250	@ 0xfa
1000132c:	0006      	movs	r6, r0
1000132e:	000f      	movs	r7, r1
10001330:	0020      	movs	r0, r4
10001332:	2300      	movs	r3, #0
10001334:	2100      	movs	r1, #0
10001336:	0092      	lsls	r2, r2, #2
10001338:	f000 ff44 	bl	100021c4 <__wrap___aeabi_lmul>
1000133c:	1980      	adds	r0, r0, r6
1000133e:	4179      	adcs	r1, r7
10001340:	0004      	movs	r4, r0
10001342:	1e0d      	subs	r5, r1, #0
10001344:	da02      	bge.n	1000134c <sleep_ms+0x30>
10001346:	2401      	movs	r4, #1
10001348:	4d2e      	ldr	r5, [pc, #184]	@ (10001404 <sleep_ms+0xe8>)
1000134a:	4264      	negs	r4, r4
1000134c:	2606      	movs	r6, #6
1000134e:	4276      	negs	r6, r6
10001350:	17f7      	asrs	r7, r6, #31
10001352:	1936      	adds	r6, r6, r4
10001354:	416f      	adcs	r7, r5
10001356:	42af      	cmp	r7, r5
10001358:	d814      	bhi.n	10001384 <sleep_ms+0x68>
1000135a:	d011      	beq.n	10001380 <sleep_ms+0x64>
1000135c:	f000 f8f4 	bl	10001548 <time_us_64>
10001360:	0032      	movs	r2, r6
10001362:	003b      	movs	r3, r7
10001364:	1a12      	subs	r2, r2, r0
10001366:	418b      	sbcs	r3, r1
10001368:	2b00      	cmp	r3, #0
1000136a:	dc15      	bgt.n	10001398 <sleep_ms+0x7c>
1000136c:	2b00      	cmp	r3, #0
1000136e:	d046      	beq.n	100013fe <sleep_ms+0xe2>
10001370:	0020      	movs	r0, r4
10001372:	0029      	movs	r1, r5
10001374:	f000 f926 	bl	100015c4 <busy_wait_until>
10001378:	b002      	add	sp, #8
1000137a:	bc80      	pop	{r7}
1000137c:	46b8      	mov	r8, r7
1000137e:	bdf0      	pop	{r4, r5, r6, r7, pc}
10001380:	42a6      	cmp	r6, r4
10001382:	d9eb      	bls.n	1000135c <sleep_ms+0x40>
10001384:	2600      	movs	r6, #0
10001386:	2700      	movs	r7, #0
10001388:	f000 f8de 	bl	10001548 <time_us_64>
1000138c:	0032      	movs	r2, r6
1000138e:	003b      	movs	r3, r7
10001390:	1a12      	subs	r2, r2, r0
10001392:	418b      	sbcs	r3, r1
10001394:	2b00      	cmp	r3, #0
10001396:	dde9      	ble.n	1000136c <sleep_ms+0x50>
10001398:	f000 f8d6 	bl	10001548 <time_us_64>
1000139c:	0032      	movs	r2, r6
1000139e:	003b      	movs	r3, r7
100013a0:	1a12      	subs	r2, r2, r0
100013a2:	418b      	sbcs	r3, r1
100013a4:	2b00      	cmp	r3, #0
100013a6:	db0a      	blt.n	100013be <sleep_ms+0xa2>
100013a8:	2300      	movs	r3, #0
100013aa:	9301      	str	r3, [sp, #4]
100013ac:	4b16      	ldr	r3, [pc, #88]	@ (10001408 <sleep_ms+0xec>)
100013ae:	0032      	movs	r2, r6
100013b0:	9300      	str	r3, [sp, #0]
100013b2:	4816      	ldr	r0, [pc, #88]	@ (1000140c <sleep_ms+0xf0>)
100013b4:	003b      	movs	r3, r7
100013b6:	f7ff ff1f 	bl	100011f8 <alarm_pool_add_alarm_at_force_in_context>
100013ba:	3001      	adds	r0, #1
100013bc:	d0d8      	beq.n	10001370 <sleep_ms+0x54>
100013be:	2300      	movs	r3, #0
100013c0:	0039      	movs	r1, r7
100013c2:	46b0      	mov	r8, r6
100013c4:	469c      	mov	ip, r3
100013c6:	4a12      	ldr	r2, [pc, #72]	@ (10001410 <sleep_ms+0xf4>)
100013c8:	4812      	ldr	r0, [pc, #72]	@ (10001414 <sleep_ms+0xf8>)
100013ca:	6a53      	ldr	r3, [r2, #36]	@ 0x24
100013cc:	4299      	cmp	r1, r3
100013ce:	d804      	bhi.n	100013da <sleep_ms+0xbe>
100013d0:	6a96      	ldr	r6, [r2, #40]	@ 0x28
100013d2:	45b0      	cmp	r8, r6
100013d4:	d9cc      	bls.n	10001370 <sleep_ms+0x54>
100013d6:	4299      	cmp	r1, r3
100013d8:	d1ca      	bne.n	10001370 <sleep_ms+0x54>
100013da:	6806      	ldr	r6, [r0, #0]
100013dc:	f3ef 8710 	mrs	r7, PRIMASK
100013e0:	b672      	cpsid	i
100013e2:	6833      	ldr	r3, [r6, #0]
100013e4:	2b00      	cmp	r3, #0
100013e6:	d0fc      	beq.n	100013e2 <sleep_ms+0xc6>
100013e8:	f3bf 8f5f 	dmb	sy
100013ec:	6803      	ldr	r3, [r0, #0]
100013ee:	f3bf 8f5f 	dmb	sy
100013f2:	4666      	mov	r6, ip
100013f4:	601e      	str	r6, [r3, #0]
100013f6:	f387 8810 	msr	PRIMASK, r7
100013fa:	bf20      	wfe
100013fc:	e7e5      	b.n	100013ca <sleep_ms+0xae>
100013fe:	2a00      	cmp	r2, #0
10001400:	d0b6      	beq.n	10001370 <sleep_ms+0x54>
10001402:	e7c9      	b.n	10001398 <sleep_ms+0x7c>
10001404:	7fffffff 	.word	0x7fffffff
10001408:	10000ded 	.word	0x10000ded
1000140c:	20000ffc 	.word	0x20000ffc
10001410:	40054000 	.word	0x40054000
10001414:	20001d28 	.word	0x20001d28

10001418 <best_effort_wfe_or_timeout>:
10001418:	b5f0      	push	{r4, r5, r6, r7, lr}
1000141a:	4657      	mov	r7, sl
1000141c:	464e      	mov	r6, r9
1000141e:	46de      	mov	lr, fp
10001420:	4645      	mov	r5, r8
10001422:	b5e0      	push	{r5, r6, r7, lr}
10001424:	0006      	movs	r6, r0
10001426:	000f      	movs	r7, r1
10001428:	b085      	sub	sp, #20
1000142a:	f3ef 8305 	mrs	r3, IPSR
1000142e:	4699      	mov	r9, r3
10001430:	468b      	mov	fp, r1
10001432:	2b00      	cmp	r3, #0
10001434:	d012      	beq.n	1000145c <best_effort_wfe_or_timeout+0x44>
10001436:	4938      	ldr	r1, [pc, #224]	@ (10001518 <best_effort_wfe_or_timeout+0x100>)
10001438:	2000      	movs	r0, #0
1000143a:	6a4b      	ldr	r3, [r1, #36]	@ 0x24
1000143c:	42bb      	cmp	r3, r7
1000143e:	d306      	bcc.n	1000144e <best_effort_wfe_or_timeout+0x36>
10001440:	6a8a      	ldr	r2, [r1, #40]	@ 0x28
10001442:	1bdb      	subs	r3, r3, r7
10001444:	1e59      	subs	r1, r3, #1
10001446:	418b      	sbcs	r3, r1
10001448:	42b2      	cmp	r2, r6
1000144a:	4140      	adcs	r0, r0
1000144c:	4318      	orrs	r0, r3
1000144e:	b005      	add	sp, #20
10001450:	bcf0      	pop	{r4, r5, r6, r7}
10001452:	46bb      	mov	fp, r7
10001454:	46b2      	mov	sl, r6
10001456:	46a9      	mov	r9, r5
10001458:	46a0      	mov	r8, r4
1000145a:	bdf0      	pop	{r4, r5, r6, r7, pc}
1000145c:	4b2f      	ldr	r3, [pc, #188]	@ (1000151c <best_effort_wfe_or_timeout+0x104>)
1000145e:	469a      	mov	sl, r3
10001460:	68db      	ldr	r3, [r3, #12]
10001462:	4698      	mov	r8, r3
10001464:	4653      	mov	r3, sl
10001466:	781b      	ldrb	r3, [r3, #0]
10001468:	4640      	mov	r0, r8
1000146a:	9303      	str	r3, [sp, #12]
1000146c:	f000 f864 	bl	10001538 <timer_time_us_64>
10001470:	4642      	mov	r2, r8
10001472:	9b03      	ldr	r3, [sp, #12]
10001474:	0004      	movs	r4, r0
10001476:	3304      	adds	r3, #4
10001478:	009b      	lsls	r3, r3, #2
1000147a:	589b      	ldr	r3, [r3, r2]
1000147c:	000d      	movs	r5, r1
1000147e:	1a1b      	subs	r3, r3, r0
10001480:	0039      	movs	r1, r7
10001482:	0030      	movs	r0, r6
10001484:	1b00      	subs	r0, r0, r4
10001486:	41a9      	sbcs	r1, r5
10001488:	4589      	cmp	r9, r1
1000148a:	dc10      	bgt.n	100014ae <best_effort_wfe_or_timeout+0x96>
1000148c:	d00d      	beq.n	100014aa <best_effort_wfe_or_timeout+0x92>
1000148e:	bf20      	wfe
10001490:	4a21      	ldr	r2, [pc, #132]	@ (10001518 <best_effort_wfe_or_timeout+0x100>)
10001492:	2000      	movs	r0, #0
10001494:	6a53      	ldr	r3, [r2, #36]	@ 0x24
10001496:	455b      	cmp	r3, fp
10001498:	d3d9      	bcc.n	1000144e <best_effort_wfe_or_timeout+0x36>
1000149a:	6a92      	ldr	r2, [r2, #40]	@ 0x28
1000149c:	1bdb      	subs	r3, r3, r7
1000149e:	1e59      	subs	r1, r3, #1
100014a0:	418b      	sbcs	r3, r1
100014a2:	42b2      	cmp	r2, r6
100014a4:	4140      	adcs	r0, r0
100014a6:	4318      	orrs	r0, r3
100014a8:	e7d1      	b.n	1000144e <best_effort_wfe_or_timeout+0x36>
100014aa:	4283      	cmp	r3, r0
100014ac:	d9ef      	bls.n	1000148e <best_effort_wfe_or_timeout+0x76>
100014ae:	f000 f84b 	bl	10001548 <time_us_64>
100014b2:	0032      	movs	r2, r6
100014b4:	003b      	movs	r3, r7
100014b6:	1a12      	subs	r2, r2, r0
100014b8:	418b      	sbcs	r3, r1
100014ba:	2b00      	cmp	r3, #0
100014bc:	db1a      	blt.n	100014f4 <best_effort_wfe_or_timeout+0xdc>
100014be:	2300      	movs	r3, #0
100014c0:	9301      	str	r3, [sp, #4]
100014c2:	4b17      	ldr	r3, [pc, #92]	@ (10001520 <best_effort_wfe_or_timeout+0x108>)
100014c4:	0032      	movs	r2, r6
100014c6:	9300      	str	r3, [sp, #0]
100014c8:	4650      	mov	r0, sl
100014ca:	003b      	movs	r3, r7
100014cc:	f7ff fe94 	bl	100011f8 <alarm_pool_add_alarm_at_force_in_context>
100014d0:	1e01      	subs	r1, r0, #0
100014d2:	dd0f      	ble.n	100014f4 <best_effort_wfe_or_timeout+0xdc>
100014d4:	4b10      	ldr	r3, [pc, #64]	@ (10001518 <best_effort_wfe_or_timeout+0x100>)
100014d6:	6a5a      	ldr	r2, [r3, #36]	@ 0x24
100014d8:	455a      	cmp	r2, fp
100014da:	d31b      	bcc.n	10001514 <best_effort_wfe_or_timeout+0xfc>
100014dc:	6a9b      	ldr	r3, [r3, #40]	@ 0x28
100014de:	42b3      	cmp	r3, r6
100014e0:	d316      	bcc.n	10001510 <best_effort_wfe_or_timeout+0xf8>
100014e2:	4650      	mov	r0, sl
100014e4:	f7ff fee0 	bl	100012a8 <alarm_pool_cancel_alarm>
100014e8:	4a0b      	ldr	r2, [pc, #44]	@ (10001518 <best_effort_wfe_or_timeout+0x100>)
100014ea:	2000      	movs	r0, #0
100014ec:	6a53      	ldr	r3, [r2, #36]	@ 0x24
100014ee:	455b      	cmp	r3, fp
100014f0:	d3ad      	bcc.n	1000144e <best_effort_wfe_or_timeout+0x36>
100014f2:	e7d2      	b.n	1000149a <best_effort_wfe_or_timeout+0x82>
100014f4:	4a08      	ldr	r2, [pc, #32]	@ (10001518 <best_effort_wfe_or_timeout+0x100>)
100014f6:	2000      	movs	r0, #0
100014f8:	6a53      	ldr	r3, [r2, #36]	@ 0x24
100014fa:	455b      	cmp	r3, fp
100014fc:	d3a7      	bcc.n	1000144e <best_effort_wfe_or_timeout+0x36>
100014fe:	2000      	movs	r0, #0
10001500:	6a92      	ldr	r2, [r2, #40]	@ 0x28
10001502:	1bdb      	subs	r3, r3, r7
10001504:	42b2      	cmp	r2, r6
10001506:	4140      	adcs	r0, r0
10001508:	1e5a      	subs	r2, r3, #1
1000150a:	4193      	sbcs	r3, r2
1000150c:	4318      	orrs	r0, r3
1000150e:	e79e      	b.n	1000144e <best_effort_wfe_or_timeout+0x36>
10001510:	455a      	cmp	r2, fp
10001512:	d1e6      	bne.n	100014e2 <best_effort_wfe_or_timeout+0xca>
10001514:	bf20      	wfe
10001516:	e7e4      	b.n	100014e2 <best_effort_wfe_or_timeout+0xca>
10001518:	40054000 	.word	0x40054000
1000151c:	20000ffc 	.word	0x20000ffc
10001520:	10000ded 	.word	0x10000ded

10001524 <timer_hardware_alarm_claim>:
10001524:	b510      	push	{r4, lr}
10001526:	4a02      	ldr	r2, [pc, #8]	@ (10001530 <timer_hardware_alarm_claim+0xc>)
10001528:	4802      	ldr	r0, [pc, #8]	@ (10001534 <timer_hardware_alarm_claim+0x10>)
1000152a:	f7ff f8f5 	bl	10000718 <hw_claim_or_assert>
1000152e:	bd10      	pop	{r4, pc}
10001530:	1000438c 	.word	0x1000438c
10001534:	200018b0 	.word	0x200018b0

10001538 <timer_time_us_64>:
10001538:	0003      	movs	r3, r0
1000153a:	6a41      	ldr	r1, [r0, #36]	@ 0x24
1000153c:	000a      	movs	r2, r1
1000153e:	6a98      	ldr	r0, [r3, #40]	@ 0x28
10001540:	6a59      	ldr	r1, [r3, #36]	@ 0x24
10001542:	428a      	cmp	r2, r1
10001544:	d1fa      	bne.n	1000153c <timer_time_us_64+0x4>
10001546:	4770      	bx	lr

10001548 <time_us_64>:
10001548:	4b03      	ldr	r3, [pc, #12]	@ (10001558 <time_us_64+0x10>)
1000154a:	6a59      	ldr	r1, [r3, #36]	@ 0x24
1000154c:	000a      	movs	r2, r1
1000154e:	6a98      	ldr	r0, [r3, #40]	@ 0x28
10001550:	6a59      	ldr	r1, [r3, #36]	@ 0x24
10001552:	4291      	cmp	r1, r2
10001554:	d1fa      	bne.n	1000154c <time_us_64+0x4>
10001556:	4770      	bx	lr
10001558:	40054000 	.word	0x40054000

1000155c <busy_wait_us>:
1000155c:	b570      	push	{r4, r5, r6, lr}
1000155e:	0004      	movs	r4, r0
10001560:	000d      	movs	r5, r1
10001562:	4a17      	ldr	r2, [pc, #92]	@ (100015c0 <busy_wait_us+0x64>)
10001564:	6a53      	ldr	r3, [r2, #36]	@ 0x24
10001566:	0019      	movs	r1, r3
10001568:	6a96      	ldr	r6, [r2, #40]	@ 0x28
1000156a:	6a53      	ldr	r3, [r2, #36]	@ 0x24
1000156c:	428b      	cmp	r3, r1
1000156e:	d1fa      	bne.n	10001566 <busy_wait_us+0xa>
10001570:	0030      	movs	r0, r6
10001572:	0019      	movs	r1, r3
10001574:	1824      	adds	r4, r4, r0
10001576:	414d      	adcs	r5, r1
10001578:	42ab      	cmp	r3, r5
1000157a:	d816      	bhi.n	100015aa <busy_wait_us+0x4e>
1000157c:	d013      	beq.n	100015a6 <busy_wait_us+0x4a>
1000157e:	4b10      	ldr	r3, [pc, #64]	@ (100015c0 <busy_wait_us+0x64>)
10001580:	002a      	movs	r2, r5
10001582:	6a5b      	ldr	r3, [r3, #36]	@ 0x24
10001584:	429d      	cmp	r5, r3
10001586:	d903      	bls.n	10001590 <busy_wait_us+0x34>
10001588:	490d      	ldr	r1, [pc, #52]	@ (100015c0 <busy_wait_us+0x64>)
1000158a:	6a4b      	ldr	r3, [r1, #36]	@ 0x24
1000158c:	4293      	cmp	r3, r2
1000158e:	d3fc      	bcc.n	1000158a <busy_wait_us+0x2e>
10001590:	4293      	cmp	r3, r2
10001592:	d107      	bne.n	100015a4 <busy_wait_us+0x48>
10001594:	4a0a      	ldr	r2, [pc, #40]	@ (100015c0 <busy_wait_us+0x64>)
10001596:	e002      	b.n	1000159e <busy_wait_us+0x42>
10001598:	6a51      	ldr	r1, [r2, #36]	@ 0x24
1000159a:	4299      	cmp	r1, r3
1000159c:	d102      	bne.n	100015a4 <busy_wait_us+0x48>
1000159e:	6a91      	ldr	r1, [r2, #40]	@ 0x28
100015a0:	42a1      	cmp	r1, r4
100015a2:	d3f9      	bcc.n	10001598 <busy_wait_us+0x3c>
100015a4:	bd70      	pop	{r4, r5, r6, pc}
100015a6:	42a6      	cmp	r6, r4
100015a8:	d9e9      	bls.n	1000157e <busy_wait_us+0x22>
100015aa:	4b05      	ldr	r3, [pc, #20]	@ (100015c0 <busy_wait_us+0x64>)
100015ac:	6a5b      	ldr	r3, [r3, #36]	@ 0x24
100015ae:	001c      	movs	r4, r3
100015b0:	1c5a      	adds	r2, r3, #1
100015b2:	d0ef      	beq.n	10001594 <busy_wait_us+0x38>
100015b4:	2201      	movs	r2, #1
100015b6:	2401      	movs	r4, #1
100015b8:	4264      	negs	r4, r4
100015ba:	17e5      	asrs	r5, r4, #31
100015bc:	4252      	negs	r2, r2
100015be:	e7e3      	b.n	10001588 <busy_wait_us+0x2c>
100015c0:	40054000 	.word	0x40054000

100015c4 <busy_wait_until>:
100015c4:	4a06      	ldr	r2, [pc, #24]	@ (100015e0 <busy_wait_until+0x1c>)
100015c6:	6a53      	ldr	r3, [r2, #36]	@ 0x24
100015c8:	4299      	cmp	r1, r3
100015ca:	d8fc      	bhi.n	100015c6 <busy_wait_until+0x2>
100015cc:	d107      	bne.n	100015de <busy_wait_until+0x1a>
100015ce:	4b04      	ldr	r3, [pc, #16]	@ (100015e0 <busy_wait_until+0x1c>)
100015d0:	e002      	b.n	100015d8 <busy_wait_until+0x14>
100015d2:	6a5a      	ldr	r2, [r3, #36]	@ 0x24
100015d4:	4291      	cmp	r1, r2
100015d6:	d102      	bne.n	100015de <busy_wait_until+0x1a>
100015d8:	6a9a      	ldr	r2, [r3, #40]	@ 0x28
100015da:	4290      	cmp	r0, r2
100015dc:	d8f9      	bhi.n	100015d2 <busy_wait_until+0xe>
100015de:	4770      	bx	lr
100015e0:	40054000 	.word	0x40054000

100015e4 <uart_init>:
100015e4:	b5f8      	push	{r3, r4, r5, r6, r7, lr}
100015e6:	0004      	movs	r4, r0
100015e8:	2006      	movs	r0, #6
100015ea:	000d      	movs	r5, r1
100015ec:	f000 f978 	bl	100018e0 <clock_get_hz>
100015f0:	2800      	cmp	r0, #0
100015f2:	d044      	beq.n	1000167e <uart_init+0x9a>
100015f4:	4b37      	ldr	r3, [pc, #220]	@ (100016d4 <uart_init+0xf0>)
100015f6:	4938      	ldr	r1, [pc, #224]	@ (100016d8 <uart_init+0xf4>)
100015f8:	18e3      	adds	r3, r4, r3
100015fa:	1e5a      	subs	r2, r3, #1
100015fc:	4193      	sbcs	r3, r2
100015fe:	2280      	movs	r2, #128	@ 0x80
10001600:	0412      	lsls	r2, r2, #16
10001602:	4694      	mov	ip, r2
10001604:	425b      	negs	r3, r3
10001606:	0d9b      	lsrs	r3, r3, #22
10001608:	4a34      	ldr	r2, [pc, #208]	@ (100016dc <uart_init+0xf8>)
1000160a:	059b      	lsls	r3, r3, #22
1000160c:	4463      	add	r3, ip
1000160e:	6013      	str	r3, [r2, #0]
10001610:	4a33      	ldr	r2, [pc, #204]	@ (100016e0 <uart_init+0xfc>)
10001612:	6013      	str	r3, [r2, #0]
10001614:	0018      	movs	r0, r3
10001616:	680a      	ldr	r2, [r1, #0]
10001618:	4390      	bics	r0, r2
1000161a:	d1fb      	bne.n	10001614 <uart_init+0x30>
1000161c:	4b2d      	ldr	r3, [pc, #180]	@ (100016d4 <uart_init+0xf0>)
1000161e:	4a31      	ldr	r2, [pc, #196]	@ (100016e4 <uart_init+0x100>)
10001620:	18e3      	adds	r3, r4, r3
10001622:	4259      	negs	r1, r3
10001624:	414b      	adcs	r3, r1
10001626:	2180      	movs	r1, #128	@ 0x80
10001628:	005b      	lsls	r3, r3, #1
1000162a:	0049      	lsls	r1, r1, #1
1000162c:	2006      	movs	r0, #6
1000162e:	5299      	strh	r1, [r3, r2]
10001630:	f000 f956 	bl	100018e0 <clock_get_hz>
10001634:	0029      	movs	r1, r5
10001636:	00c0      	lsls	r0, r0, #3
10001638:	f000 fb24 	bl	10001c84 <__wrap___aeabi_uidiv>
1000163c:	3001      	adds	r0, #1
1000163e:	09c3      	lsrs	r3, r0, #7
10001640:	d11e      	bne.n	10001680 <uart_init+0x9c>
10001642:	2740      	movs	r7, #64	@ 0x40
10001644:	2201      	movs	r2, #1
10001646:	6262      	str	r2, [r4, #36]	@ 0x24
10001648:	62a3      	str	r3, [r4, #40]	@ 0x28
1000164a:	6b26      	ldr	r6, [r4, #48]	@ 0x30
1000164c:	07f3      	lsls	r3, r6, #31
1000164e:	d422      	bmi.n	10001696 <uart_init+0xb2>
10001650:	6ae3      	ldr	r3, [r4, #44]	@ 0x2c
10001652:	4b25      	ldr	r3, [pc, #148]	@ (100016e8 <uart_init+0x104>)
10001654:	2006      	movs	r0, #6
10001656:	18e5      	adds	r5, r4, r3
10001658:	2300      	movs	r3, #0
1000165a:	602b      	str	r3, [r5, #0]
1000165c:	6326      	str	r6, [r4, #48]	@ 0x30
1000165e:	f000 f93f 	bl	100018e0 <clock_get_hz>
10001662:	0039      	movs	r1, r7
10001664:	0080      	lsls	r0, r0, #2
10001666:	f000 fb0d 	bl	10001c84 <__wrap___aeabi_uidiv>
1000166a:	2370      	movs	r3, #112	@ 0x70
1000166c:	6ae2      	ldr	r2, [r4, #44]	@ 0x2c
1000166e:	405a      	eors	r2, r3
10001670:	330e      	adds	r3, #14
10001672:	4013      	ands	r3, r2
10001674:	602b      	str	r3, [r5, #0]
10001676:	4b1d      	ldr	r3, [pc, #116]	@ (100016ec <uart_init+0x108>)
10001678:	6323      	str	r3, [r4, #48]	@ 0x30
1000167a:	2303      	movs	r3, #3
1000167c:	64a3      	str	r3, [r4, #72]	@ 0x48
1000167e:	bdf8      	pop	{r3, r4, r5, r6, r7, pc}
10001680:	4a1b      	ldr	r2, [pc, #108]	@ (100016f0 <uart_init+0x10c>)
10001682:	4293      	cmp	r3, r2
10001684:	d91e      	bls.n	100016c4 <uart_init+0xe0>
10001686:	2300      	movs	r3, #0
10001688:	4a1a      	ldr	r2, [pc, #104]	@ (100016f4 <uart_init+0x110>)
1000168a:	4f1b      	ldr	r7, [pc, #108]	@ (100016f8 <uart_init+0x114>)
1000168c:	6262      	str	r2, [r4, #36]	@ 0x24
1000168e:	62a3      	str	r3, [r4, #40]	@ 0x28
10001690:	6b26      	ldr	r6, [r4, #48]	@ 0x30
10001692:	07f3      	lsls	r3, r6, #31
10001694:	d5dc      	bpl.n	10001650 <uart_init+0x6c>
10001696:	4b19      	ldr	r3, [pc, #100]	@ (100016fc <uart_init+0x118>)
10001698:	4a14      	ldr	r2, [pc, #80]	@ (100016ec <uart_init+0x108>)
1000169a:	18e3      	adds	r3, r4, r3
1000169c:	601a      	str	r2, [r3, #0]
1000169e:	6a65      	ldr	r5, [r4, #36]	@ 0x24
100016a0:	6aa3      	ldr	r3, [r4, #40]	@ 0x28
100016a2:	2006      	movs	r0, #6
100016a4:	01ad      	lsls	r5, r5, #6
100016a6:	18ed      	adds	r5, r5, r3
100016a8:	f000 f91a 	bl	100018e0 <clock_get_hz>
100016ac:	4914      	ldr	r1, [pc, #80]	@ (10001700 <uart_init+0x11c>)
100016ae:	f000 fae9 	bl	10001c84 <__wrap___aeabi_uidiv>
100016b2:	02ad      	lsls	r5, r5, #10
100016b4:	0001      	movs	r1, r0
100016b6:	0028      	movs	r0, r5
100016b8:	f000 fae4 	bl	10001c84 <__wrap___aeabi_uidiv>
100016bc:	2100      	movs	r1, #0
100016be:	f7ff ff4d 	bl	1000155c <busy_wait_us>
100016c2:	e7c5      	b.n	10001650 <uart_init+0x6c>
100016c4:	0640      	lsls	r0, r0, #25
100016c6:	0e80      	lsrs	r0, r0, #26
100016c8:	019f      	lsls	r7, r3, #6
100016ca:	001a      	movs	r2, r3
100016cc:	183f      	adds	r7, r7, r0
100016ce:	0003      	movs	r3, r0
100016d0:	e7b9      	b.n	10001646 <uart_init+0x62>
100016d2:	46c0      	nop			@ (mov r8, r8)
100016d4:	bffc8000 	.word	0xbffc8000
100016d8:	4000c008 	.word	0x4000c008
100016dc:	4000e000 	.word	0x4000e000
100016e0:	4000f000 	.word	0x4000f000
100016e4:	20001d2c 	.word	0x20001d2c
100016e8:	0000102c 	.word	0x0000102c
100016ec:	00000301 	.word	0x00000301
100016f0:	0000fffe 	.word	0x0000fffe
100016f4:	0000ffff 	.word	0x0000ffff
100016f8:	003fffc0 	.word	0x003fffc0
100016fc:	00003030 	.word	0x00003030
10001700:	00000e4e 	.word	0x00000e4e

10001704 <clock_configure_int_divider>:
10001704:	b5f8      	push	{r3, r4, r5, r6, r7, lr}
10001706:	46de      	mov	lr, fp
10001708:	464e      	mov	r6, r9
1000170a:	4657      	mov	r7, sl
1000170c:	4645      	mov	r5, r8
1000170e:	b5e0      	push	{r5, r6, r7, lr}
10001710:	468b      	mov	fp, r1
10001712:	0005      	movs	r5, r0
10001714:	990a      	ldr	r1, [sp, #40]	@ 0x28
10001716:	0018      	movs	r0, r3
10001718:	0016      	movs	r6, r2
1000171a:	f000 fab3 	bl	10001c84 <__wrap___aeabi_uidiv>
1000171e:	9b0a      	ldr	r3, [sp, #40]	@ 0x28
10001720:	006c      	lsls	r4, r5, #1
10001722:	021f      	lsls	r7, r3, #8
10001724:	4b32      	ldr	r3, [pc, #200]	@ (100017f0 <clock_configure_int_divider+0xec>)
10001726:	1964      	adds	r4, r4, r5
10001728:	469c      	mov	ip, r3
1000172a:	00a4      	lsls	r4, r4, #2
1000172c:	4464      	add	r4, ip
1000172e:	6863      	ldr	r3, [r4, #4]
10001730:	4681      	mov	r9, r0
10001732:	429f      	cmp	r7, r3
10001734:	d900      	bls.n	10001738 <clock_configure_int_divider+0x34>
10001736:	6067      	str	r7, [r4, #4]
10001738:	1f2b      	subs	r3, r5, #4
1000173a:	b2db      	uxtb	r3, r3
1000173c:	4698      	mov	r8, r3
1000173e:	2b01      	cmp	r3, #1
10001740:	d930      	bls.n	100017a4 <clock_configure_int_divider+0xa0>
10001742:	23c0      	movs	r3, #192	@ 0xc0
10001744:	2280      	movs	r2, #128	@ 0x80
10001746:	019b      	lsls	r3, r3, #6
10001748:	18e3      	adds	r3, r4, r3
1000174a:	0112      	lsls	r2, r2, #4
1000174c:	601a      	str	r2, [r3, #0]
1000174e:	4b29      	ldr	r3, [pc, #164]	@ (100017f4 <clock_configure_int_divider+0xf0>)
10001750:	00ad      	lsls	r5, r5, #2
10001752:	5959      	ldr	r1, [r3, r5]
10001754:	469a      	mov	sl, r3
10001756:	2900      	cmp	r1, #0
10001758:	d11b      	bne.n	10001792 <clock_configure_int_divider+0x8e>
1000175a:	0173      	lsls	r3, r6, #5
1000175c:	26e0      	movs	r6, #224	@ 0xe0
1000175e:	6822      	ldr	r2, [r4, #0]
10001760:	4053      	eors	r3, r2
10001762:	401e      	ands	r6, r3
10001764:	2380      	movs	r3, #128	@ 0x80
10001766:	4642      	mov	r2, r8
10001768:	015b      	lsls	r3, r3, #5
1000176a:	18e3      	adds	r3, r4, r3
1000176c:	601e      	str	r6, [r3, #0]
1000176e:	2a01      	cmp	r2, #1
10001770:	d930      	bls.n	100017d4 <clock_configure_int_divider+0xd0>
10001772:	2380      	movs	r3, #128	@ 0x80
10001774:	2280      	movs	r2, #128	@ 0x80
10001776:	019b      	lsls	r3, r3, #6
10001778:	18e3      	adds	r3, r4, r3
1000177a:	0112      	lsls	r2, r2, #4
1000177c:	601a      	str	r2, [r3, #0]
1000177e:	4653      	mov	r3, sl
10001780:	464a      	mov	r2, r9
10001782:	6067      	str	r7, [r4, #4]
10001784:	515a      	str	r2, [r3, r5]
10001786:	bcf0      	pop	{r4, r5, r6, r7}
10001788:	46bb      	mov	fp, r7
1000178a:	46b2      	mov	sl, r6
1000178c:	46a9      	mov	r9, r5
1000178e:	46a0      	mov	r8, r4
10001790:	bdf8      	pop	{r3, r4, r5, r6, r7, pc}
10001792:	6958      	ldr	r0, [r3, #20]
10001794:	f000 fa76 	bl	10001c84 <__wrap___aeabi_uidiv>
10001798:	3001      	adds	r0, #1
1000179a:	0043      	lsls	r3, r0, #1
1000179c:	181b      	adds	r3, r3, r0
1000179e:	3b03      	subs	r3, #3
100017a0:	d2fd      	bcs.n	1000179e <clock_configure_int_divider+0x9a>
100017a2:	e7da      	b.n	1000175a <clock_configure_int_divider+0x56>
100017a4:	465b      	mov	r3, fp
100017a6:	2b01      	cmp	r3, #1
100017a8:	d1cb      	bne.n	10001742 <clock_configure_int_divider+0x3e>
100017aa:	23c0      	movs	r3, #192	@ 0xc0
100017ac:	2203      	movs	r2, #3
100017ae:	019b      	lsls	r3, r3, #6
100017b0:	18e3      	adds	r3, r4, r3
100017b2:	601a      	str	r2, [r3, #0]
100017b4:	3a02      	subs	r2, #2
100017b6:	68a3      	ldr	r3, [r4, #8]
100017b8:	421a      	tst	r2, r3
100017ba:	d0fc      	beq.n	100017b6 <clock_configure_int_divider+0xb2>
100017bc:	0173      	lsls	r3, r6, #5
100017be:	26e0      	movs	r6, #224	@ 0xe0
100017c0:	6822      	ldr	r2, [r4, #0]
100017c2:	00ad      	lsls	r5, r5, #2
100017c4:	4053      	eors	r3, r2
100017c6:	401e      	ands	r6, r3
100017c8:	2380      	movs	r3, #128	@ 0x80
100017ca:	4a0a      	ldr	r2, [pc, #40]	@ (100017f4 <clock_configure_int_divider+0xf0>)
100017cc:	015b      	lsls	r3, r3, #5
100017ce:	4692      	mov	sl, r2
100017d0:	18e3      	adds	r3, r4, r3
100017d2:	601e      	str	r6, [r3, #0]
100017d4:	465a      	mov	r2, fp
100017d6:	6821      	ldr	r1, [r4, #0]
100017d8:	4051      	eors	r1, r2
100017da:	2203      	movs	r2, #3
100017dc:	400a      	ands	r2, r1
100017de:	601a      	str	r2, [r3, #0]
100017e0:	2201      	movs	r2, #1
100017e2:	465b      	mov	r3, fp
100017e4:	409a      	lsls	r2, r3
100017e6:	68a3      	ldr	r3, [r4, #8]
100017e8:	421a      	tst	r2, r3
100017ea:	d0fc      	beq.n	100017e6 <clock_configure_int_divider+0xe2>
100017ec:	e7c1      	b.n	10001772 <clock_configure_int_divider+0x6e>
100017ee:	46c0      	nop			@ (mov r8, r8)
100017f0:	40008000 	.word	0x40008000
100017f4:	200018b4 	.word	0x200018b4

100017f8 <clock_configure_undivided>:
100017f8:	b5f0      	push	{r4, r5, r6, r7, lr}
100017fa:	4646      	mov	r6, r8
100017fc:	464f      	mov	r7, r9
100017fe:	46d6      	mov	lr, sl
10001800:	b5c0      	push	{r6, r7, lr}
10001802:	001f      	movs	r7, r3
10001804:	4b34      	ldr	r3, [pc, #208]	@ (100018d8 <clock_configure_undivided+0xe0>)
10001806:	0044      	lsls	r4, r0, #1
10001808:	469c      	mov	ip, r3
1000180a:	1824      	adds	r4, r4, r0
1000180c:	00a4      	lsls	r4, r4, #2
1000180e:	4464      	add	r4, ip
10001810:	6863      	ldr	r3, [r4, #4]
10001812:	4688      	mov	r8, r1
10001814:	0016      	movs	r6, r2
10001816:	2bff      	cmp	r3, #255	@ 0xff
10001818:	d802      	bhi.n	10001820 <clock_configure_undivided+0x28>
1000181a:	2380      	movs	r3, #128	@ 0x80
1000181c:	005b      	lsls	r3, r3, #1
1000181e:	6063      	str	r3, [r4, #4]
10001820:	1f03      	subs	r3, r0, #4
10001822:	b2db      	uxtb	r3, r3
10001824:	469a      	mov	sl, r3
10001826:	2b01      	cmp	r3, #1
10001828:	d930      	bls.n	1000188c <clock_configure_undivided+0x94>
1000182a:	23c0      	movs	r3, #192	@ 0xc0
1000182c:	2280      	movs	r2, #128	@ 0x80
1000182e:	019b      	lsls	r3, r3, #6
10001830:	18e3      	adds	r3, r4, r3
10001832:	0112      	lsls	r2, r2, #4
10001834:	601a      	str	r2, [r3, #0]
10001836:	4b29      	ldr	r3, [pc, #164]	@ (100018dc <clock_configure_undivided+0xe4>)
10001838:	0085      	lsls	r5, r0, #2
1000183a:	5959      	ldr	r1, [r3, r5]
1000183c:	4699      	mov	r9, r3
1000183e:	2900      	cmp	r1, #0
10001840:	d11b      	bne.n	1000187a <clock_configure_undivided+0x82>
10001842:	0173      	lsls	r3, r6, #5
10001844:	26e0      	movs	r6, #224	@ 0xe0
10001846:	6822      	ldr	r2, [r4, #0]
10001848:	4053      	eors	r3, r2
1000184a:	401e      	ands	r6, r3
1000184c:	2380      	movs	r3, #128	@ 0x80
1000184e:	4652      	mov	r2, sl
10001850:	015b      	lsls	r3, r3, #5
10001852:	18e3      	adds	r3, r4, r3
10001854:	601e      	str	r6, [r3, #0]
10001856:	2a01      	cmp	r2, #1
10001858:	d930      	bls.n	100018bc <clock_configure_undivided+0xc4>
1000185a:	2380      	movs	r3, #128	@ 0x80
1000185c:	2280      	movs	r2, #128	@ 0x80
1000185e:	019b      	lsls	r3, r3, #6
10001860:	18e3      	adds	r3, r4, r3
10001862:	0112      	lsls	r2, r2, #4
10001864:	601a      	str	r2, [r3, #0]
10001866:	2380      	movs	r3, #128	@ 0x80
10001868:	005b      	lsls	r3, r3, #1
1000186a:	6063      	str	r3, [r4, #4]
1000186c:	464b      	mov	r3, r9
1000186e:	515f      	str	r7, [r3, r5]
10001870:	bce0      	pop	{r5, r6, r7}
10001872:	46ba      	mov	sl, r7
10001874:	46b1      	mov	r9, r6
10001876:	46a8      	mov	r8, r5
10001878:	bdf0      	pop	{r4, r5, r6, r7, pc}
1000187a:	6958      	ldr	r0, [r3, #20]
1000187c:	f000 fa02 	bl	10001c84 <__wrap___aeabi_uidiv>
10001880:	3001      	adds	r0, #1
10001882:	0043      	lsls	r3, r0, #1
10001884:	181b      	adds	r3, r3, r0
10001886:	3b03      	subs	r3, #3
10001888:	d2fd      	bcs.n	10001886 <clock_configure_undivided+0x8e>
1000188a:	e7da      	b.n	10001842 <clock_configure_undivided+0x4a>
1000188c:	4643      	mov	r3, r8
1000188e:	2b01      	cmp	r3, #1
10001890:	d1cb      	bne.n	1000182a <clock_configure_undivided+0x32>
10001892:	23c0      	movs	r3, #192	@ 0xc0
10001894:	2203      	movs	r2, #3
10001896:	019b      	lsls	r3, r3, #6
10001898:	18e3      	adds	r3, r4, r3
1000189a:	601a      	str	r2, [r3, #0]
1000189c:	3a02      	subs	r2, #2
1000189e:	68a3      	ldr	r3, [r4, #8]
100018a0:	421a      	tst	r2, r3
100018a2:	d0fc      	beq.n	1000189e <clock_configure_undivided+0xa6>
100018a4:	0173      	lsls	r3, r6, #5
100018a6:	26e0      	movs	r6, #224	@ 0xe0
100018a8:	6822      	ldr	r2, [r4, #0]
100018aa:	0085      	lsls	r5, r0, #2
100018ac:	4053      	eors	r3, r2
100018ae:	401e      	ands	r6, r3
100018b0:	2380      	movs	r3, #128	@ 0x80
100018b2:	4a0a      	ldr	r2, [pc, #40]	@ (100018dc <clock_configure_undivided+0xe4>)
100018b4:	015b      	lsls	r3, r3, #5
100018b6:	4691      	mov	r9, r2
100018b8:	18e3      	adds	r3, r4, r3
100018ba:	601e      	str	r6, [r3, #0]
100018bc:	4642      	mov	r2, r8
100018be:	6821      	ldr	r1, [r4, #0]
100018c0:	4051      	eors	r1, r2
100018c2:	2203      	movs	r2, #3
100018c4:	400a      	ands	r2, r1
100018c6:	601a      	str	r2, [r3, #0]
100018c8:	2301      	movs	r3, #1
100018ca:	4642      	mov	r2, r8
100018cc:	4093      	lsls	r3, r2
100018ce:	68a2      	ldr	r2, [r4, #8]
100018d0:	4213      	tst	r3, r2
100018d2:	d0fc      	beq.n	100018ce <clock_configure_undivided+0xd6>
100018d4:	e7c1      	b.n	1000185a <clock_configure_undivided+0x62>
100018d6:	46c0      	nop			@ (mov r8, r8)
100018d8:	40008000 	.word	0x40008000
100018dc:	200018b4 	.word	0x200018b4

100018e0 <clock_get_hz>:
100018e0:	4b01      	ldr	r3, [pc, #4]	@ (100018e8 <clock_get_hz+0x8>)
100018e2:	0080      	lsls	r0, r0, #2
100018e4:	58c0      	ldr	r0, [r0, r3]
100018e6:	4770      	bx	lr
100018e8:	200018b4 	.word	0x200018b4

100018ec <pll_init>:
100018ec:	b5f8      	push	{r3, r4, r5, r6, r7, lr}
100018ee:	0004      	movs	r4, r0
100018f0:	4821      	ldr	r0, [pc, #132]	@ (10001978 <pll_init+0x8c>)
100018f2:	001e      	movs	r6, r3
100018f4:	0017      	movs	r7, r2
100018f6:	000d      	movs	r5, r1
100018f8:	f000 f9c4 	bl	10001c84 <__wrap___aeabi_uidiv>
100018fc:	0001      	movs	r1, r0
100018fe:	0038      	movs	r0, r7
10001900:	f000 f9c0 	bl	10001c84 <__wrap___aeabi_uidiv>
10001904:	9b06      	ldr	r3, [sp, #24]
10001906:	0436      	lsls	r6, r6, #16
10001908:	031b      	lsls	r3, r3, #12
1000190a:	431e      	orrs	r6, r3
1000190c:	6823      	ldr	r3, [r4, #0]
1000190e:	2b00      	cmp	r3, #0
10001910:	db20      	blt.n	10001954 <pll_init+0x68>
10001912:	4b1a      	ldr	r3, [pc, #104]	@ (1000197c <pll_init+0x90>)
10001914:	491a      	ldr	r1, [pc, #104]	@ (10001980 <pll_init+0x94>)
10001916:	18e3      	adds	r3, r4, r3
10001918:	1e5a      	subs	r2, r3, #1
1000191a:	4193      	sbcs	r3, r2
1000191c:	2280      	movs	r2, #128	@ 0x80
1000191e:	0192      	lsls	r2, r2, #6
10001920:	4694      	mov	ip, r2
10001922:	425b      	negs	r3, r3
10001924:	0b1b      	lsrs	r3, r3, #12
10001926:	4a17      	ldr	r2, [pc, #92]	@ (10001984 <pll_init+0x98>)
10001928:	031b      	lsls	r3, r3, #12
1000192a:	4463      	add	r3, ip
1000192c:	6013      	str	r3, [r2, #0]
1000192e:	4a16      	ldr	r2, [pc, #88]	@ (10001988 <pll_init+0x9c>)
10001930:	6013      	str	r3, [r2, #0]
10001932:	001f      	movs	r7, r3
10001934:	680a      	ldr	r2, [r1, #0]
10001936:	4397      	bics	r7, r2
10001938:	d1fb      	bne.n	10001932 <pll_init+0x46>
1000193a:	4b14      	ldr	r3, [pc, #80]	@ (1000198c <pll_init+0xa0>)
1000193c:	6025      	str	r5, [r4, #0]
1000193e:	18e2      	adds	r2, r4, r3
10001940:	2321      	movs	r3, #33	@ 0x21
10001942:	60a0      	str	r0, [r4, #8]
10001944:	6013      	str	r3, [r2, #0]
10001946:	6823      	ldr	r3, [r4, #0]
10001948:	2b00      	cmp	r3, #0
1000194a:	dafc      	bge.n	10001946 <pll_init+0x5a>
1000194c:	2308      	movs	r3, #8
1000194e:	60e6      	str	r6, [r4, #12]
10001950:	6013      	str	r3, [r2, #0]
10001952:	bdf8      	pop	{r3, r4, r5, r6, r7, pc}
10001954:	233f      	movs	r3, #63	@ 0x3f
10001956:	6822      	ldr	r2, [r4, #0]
10001958:	4013      	ands	r3, r2
1000195a:	42ab      	cmp	r3, r5
1000195c:	d1d9      	bne.n	10001912 <pll_init+0x26>
1000195e:	68a3      	ldr	r3, [r4, #8]
10001960:	051b      	lsls	r3, r3, #20
10001962:	0d1b      	lsrs	r3, r3, #20
10001964:	4283      	cmp	r3, r0
10001966:	d1d4      	bne.n	10001912 <pll_init+0x26>
10001968:	22ee      	movs	r2, #238	@ 0xee
1000196a:	68e3      	ldr	r3, [r4, #12]
1000196c:	02d2      	lsls	r2, r2, #11
1000196e:	4013      	ands	r3, r2
10001970:	42b3      	cmp	r3, r6
10001972:	d1ce      	bne.n	10001912 <pll_init+0x26>
10001974:	e7ed      	b.n	10001952 <pll_init+0x66>
10001976:	46c0      	nop			@ (mov r8, r8)
10001978:	00b71b00 	.word	0x00b71b00
1000197c:	bffd4000 	.word	0xbffd4000
10001980:	4000c008 	.word	0x4000c008
10001984:	4000e000 	.word	0x4000e000
10001988:	4000f000 	.word	0x4000f000
1000198c:	00003004 	.word	0x00003004

10001990 <tick_start>:
10001990:	2380      	movs	r3, #128	@ 0x80
10001992:	4a02      	ldr	r2, [pc, #8]	@ (1000199c <tick_start+0xc>)
10001994:	009b      	lsls	r3, r3, #2
10001996:	430b      	orrs	r3, r1
10001998:	62d3      	str	r3, [r2, #44]	@ 0x2c
1000199a:	4770      	bx	lr
1000199c:	40058000 	.word	0x40058000

100019a0 <rom_func_lookup>:
100019a0:	2300      	movs	r3, #0
100019a2:	b510      	push	{r4, lr}
100019a4:	0001      	movs	r1, r0
100019a6:	8a98      	ldrh	r0, [r3, #20]
100019a8:	8b1b      	ldrh	r3, [r3, #24]
100019aa:	4798      	blx	r3
100019ac:	bd10      	pop	{r4, pc}
100019ae:	46c0      	nop			@ (mov r8, r8)

100019b0 <rom_data_lookup>:
100019b0:	2316      	movs	r3, #22
100019b2:	b510      	push	{r4, lr}
100019b4:	0001      	movs	r1, r0
100019b6:	8818      	ldrh	r0, [r3, #0]
100019b8:	3302      	adds	r3, #2
100019ba:	881b      	ldrh	r3, [r3, #0]
100019bc:	4798      	blx	r3
100019be:	bd10      	pop	{r4, pc}

100019c0 <rom_funcs_lookup>:
100019c0:	b5f8      	push	{r3, r4, r5, r6, r7, lr}
100019c2:	4647      	mov	r7, r8
100019c4:	46ce      	mov	lr, r9
100019c6:	b580      	push	{r7, lr}
100019c8:	1e0f      	subs	r7, r1, #0
100019ca:	d018      	beq.n	100019fe <rom_funcs_lookup+0x3e>
100019cc:	2314      	movs	r3, #20
100019ce:	4699      	mov	r9, r3
100019d0:	3304      	adds	r3, #4
100019d2:	0004      	movs	r4, r0
100019d4:	2500      	movs	r5, #0
100019d6:	2601      	movs	r6, #1
100019d8:	4698      	mov	r8, r3
100019da:	464b      	mov	r3, r9
100019dc:	8818      	ldrh	r0, [r3, #0]
100019de:	4643      	mov	r3, r8
100019e0:	6821      	ldr	r1, [r4, #0]
100019e2:	881b      	ldrh	r3, [r3, #0]
100019e4:	4798      	blx	r3
100019e6:	c401      	stmia	r4!, {r0}
100019e8:	1e43      	subs	r3, r0, #1
100019ea:	4198      	sbcs	r0, r3
100019ec:	3501      	adds	r5, #1
100019ee:	4006      	ands	r6, r0
100019f0:	42af      	cmp	r7, r5
100019f2:	d1f2      	bne.n	100019da <rom_funcs_lookup+0x1a>
100019f4:	0030      	movs	r0, r6
100019f6:	bcc0      	pop	{r6, r7}
100019f8:	46b9      	mov	r9, r7
100019fa:	46b0      	mov	r8, r6
100019fc:	bdf8      	pop	{r3, r4, r5, r6, r7, pc}
100019fe:	2601      	movs	r6, #1
10001a00:	e7f8      	b.n	100019f4 <rom_funcs_lookup+0x34>
10001a02:	46c0      	nop			@ (mov r8, r8)

10001a04 <xosc_init>:
10001a04:	23aa      	movs	r3, #170	@ 0xaa
10001a06:	4a06      	ldr	r2, [pc, #24]	@ (10001a20 <xosc_init+0x1c>)
10001a08:	011b      	lsls	r3, r3, #4
10001a0a:	6013      	str	r3, [r2, #0]
10001a0c:	238d      	movs	r3, #141	@ 0x8d
10001a0e:	005b      	lsls	r3, r3, #1
10001a10:	60d3      	str	r3, [r2, #12]
10001a12:	4904      	ldr	r1, [pc, #16]	@ (10001a24 <xosc_init+0x20>)
10001a14:	4b04      	ldr	r3, [pc, #16]	@ (10001a28 <xosc_init+0x24>)
10001a16:	6019      	str	r1, [r3, #0]
10001a18:	6853      	ldr	r3, [r2, #4]
10001a1a:	2b00      	cmp	r3, #0
10001a1c:	dafc      	bge.n	10001a18 <xosc_init+0x14>
10001a1e:	4770      	bx	lr
10001a20:	40024000 	.word	0x40024000
10001a24:	00fab000 	.word	0x00fab000
10001a28:	40026000 	.word	0x40026000

10001a2c <first_per_core_initializer>:
10001a2c:	4770      	bx	lr
10001a2e:	46c0      	nop			@ (mov r8, r8)

10001a30 <hard_assertion_failure>:
10001a30:	b510      	push	{r4, lr}
10001a32:	4801      	ldr	r0, [pc, #4]	@ (10001a38 <hard_assertion_failure+0x8>)
10001a34:	f7fe fe42 	bl	100006bc <panic>
10001a38:	100043b0 	.word	0x100043b0

10001a3c <runtime_run_initializers>:
10001a3c:	b570      	push	{r4, r5, r6, lr}
10001a3e:	4d07      	ldr	r5, [pc, #28]	@ (10001a5c <runtime_run_initializers+0x20>)
10001a40:	4e07      	ldr	r6, [pc, #28]	@ (10001a60 <runtime_run_initializers+0x24>)
10001a42:	42b5      	cmp	r5, r6
10001a44:	d209      	bcs.n	10001a5a <runtime_run_initializers+0x1e>
10001a46:	2400      	movs	r4, #0
10001a48:	3e01      	subs	r6, #1
10001a4a:	1b76      	subs	r6, r6, r5
10001a4c:	08b6      	lsrs	r6, r6, #2
10001a4e:	cd08      	ldmia	r5!, {r3}
10001a50:	4798      	blx	r3
10001a52:	0023      	movs	r3, r4
10001a54:	3401      	adds	r4, #1
10001a56:	42b3      	cmp	r3, r6
10001a58:	d1f9      	bne.n	10001a4e <runtime_run_initializers+0x12>
10001a5a:	bd70      	pop	{r4, r5, r6, pc}
10001a5c:	100042d0 	.word	0x100042d0
10001a60:	1000430c 	.word	0x1000430c

10001a64 <runtime_init_early_resets>:
10001a64:	4b05      	ldr	r3, [pc, #20]	@ (10001a7c <runtime_init_early_resets+0x18>)
10001a66:	4a06      	ldr	r2, [pc, #24]	@ (10001a80 <runtime_init_early_resets+0x1c>)
10001a68:	4906      	ldr	r1, [pc, #24]	@ (10001a84 <runtime_init_early_resets+0x20>)
10001a6a:	601a      	str	r2, [r3, #0]
10001a6c:	4a06      	ldr	r2, [pc, #24]	@ (10001a88 <runtime_init_early_resets+0x24>)
10001a6e:	4b07      	ldr	r3, [pc, #28]	@ (10001a8c <runtime_init_early_resets+0x28>)
10001a70:	601a      	str	r2, [r3, #0]
10001a72:	0010      	movs	r0, r2
10001a74:	680b      	ldr	r3, [r1, #0]
10001a76:	4398      	bics	r0, r3
10001a78:	d1fb      	bne.n	10001a72 <runtime_init_early_resets+0xe>
10001a7a:	4770      	bx	lr
10001a7c:	4000e000 	.word	0x4000e000
10001a80:	fefbcdbf 	.word	0xfefbcdbf
10001a84:	4000c008 	.word	0x4000c008
10001a88:	003c7ffe 	.word	0x003c7ffe
10001a8c:	4000f000 	.word	0x4000f000

10001a90 <runtime_init_usb_power_down>:
10001a90:	4b04      	ldr	r3, [pc, #16]	@ (10001aa4 <runtime_init_usb_power_down+0x14>)
10001a92:	6cdb      	ldr	r3, [r3, #76]	@ 0x4c
10001a94:	2b00      	cmp	r3, #0
10001a96:	d103      	bne.n	10001aa0 <runtime_init_usb_power_down+0x10>
10001a98:	2280      	movs	r2, #128	@ 0x80
10001a9a:	4b03      	ldr	r3, [pc, #12]	@ (10001aa8 <runtime_init_usb_power_down+0x18>)
10001a9c:	02d2      	lsls	r2, r2, #11
10001a9e:	601a      	str	r2, [r3, #0]
10001aa0:	4770      	bx	lr
10001aa2:	46c0      	nop			@ (mov r8, r8)
10001aa4:	50110000 	.word	0x50110000
10001aa8:	5011204c 	.word	0x5011204c

10001aac <runtime_init_post_clock_resets>:
10001aac:	4a04      	ldr	r2, [pc, #16]	@ (10001ac0 <runtime_init_post_clock_resets+0x14>)
10001aae:	4b05      	ldr	r3, [pc, #20]	@ (10001ac4 <runtime_init_post_clock_resets+0x18>)
10001ab0:	601a      	str	r2, [r3, #0]
10001ab2:	4a05      	ldr	r2, [pc, #20]	@ (10001ac8 <runtime_init_post_clock_resets+0x1c>)
10001ab4:	6813      	ldr	r3, [r2, #0]
10001ab6:	01db      	lsls	r3, r3, #7
10001ab8:	3380      	adds	r3, #128	@ 0x80
10001aba:	d1fb      	bne.n	10001ab4 <runtime_init_post_clock_resets+0x8>
10001abc:	4770      	bx	lr
10001abe:	46c0      	nop			@ (mov r8, r8)
10001ac0:	01ffffff 	.word	0x01ffffff
10001ac4:	4000f000 	.word	0x4000f000
10001ac8:	4000c008 	.word	0x4000c008

10001acc <runtime_init_rp2040_gpio_ie_disable>:
10001acc:	2240      	movs	r2, #64	@ 0x40
10001ace:	4b03      	ldr	r3, [pc, #12]	@ (10001adc <runtime_init_rp2040_gpio_ie_disable+0x10>)
10001ad0:	679a      	str	r2, [r3, #120]	@ 0x78
10001ad2:	675a      	str	r2, [r3, #116]	@ 0x74
10001ad4:	671a      	str	r2, [r3, #112]	@ 0x70
10001ad6:	66da      	str	r2, [r3, #108]	@ 0x6c
10001ad8:	4770      	bx	lr
10001ada:	46c0      	nop			@ (mov r8, r8)
10001adc:	4001f000 	.word	0x4001f000

10001ae0 <runtime_init_spin_locks_reset>:
10001ae0:	b510      	push	{r4, lr}
10001ae2:	f7fe fe9d 	bl	10000820 <spin_locks_reset>
10001ae6:	bd10      	pop	{r4, pc}

10001ae8 <runtime_init_install_ram_vector_table>:
10001ae8:	b5f8      	push	{r3, r4, r5, r6, r7, lr}
10001aea:	4927      	ldr	r1, [pc, #156]	@ (10001b88 <runtime_init_install_ram_vector_table+0xa0>)
10001aec:	4c27      	ldr	r4, [pc, #156]	@ (10001b8c <runtime_init_install_ram_vector_table+0xa4>)
10001aee:	4d28      	ldr	r5, [pc, #160]	@ (10001b90 <runtime_init_install_ram_vector_table+0xa8>)
10001af0:	1a64      	subs	r4, r4, r1
10001af2:	10a6      	asrs	r6, r4, #2
10001af4:	0032      	movs	r2, r6
10001af6:	2e30      	cmp	r6, #48	@ 0x30
10001af8:	d900      	bls.n	10001afc <runtime_init_install_ram_vector_table+0x14>
10001afa:	2230      	movs	r2, #48	@ 0x30
10001afc:	0028      	movs	r0, r5
10001afe:	0092      	lsls	r2, r2, #2
10001b00:	f000 fc22 	bl	10002348 <__wrap___aeabi_memcpy>
10001b04:	2cbc      	cmp	r4, #188	@ 0xbc
10001b06:	d83b      	bhi.n	10001b80 <runtime_init_install_ram_vector_table+0x98>
10001b08:	2030      	movs	r0, #48	@ 0x30
10001b0a:	232f      	movs	r3, #47	@ 0x2f
10001b0c:	192c      	adds	r4, r5, r4
10001b0e:	0764      	lsls	r4, r4, #29
10001b10:	4a20      	ldr	r2, [pc, #128]	@ (10001b94 <runtime_init_install_ram_vector_table+0xac>)
10001b12:	1b80      	subs	r0, r0, r6
10001b14:	0fe4      	lsrs	r4, r4, #31
10001b16:	1b9b      	subs	r3, r3, r6
10001b18:	2b05      	cmp	r3, #5
10001b1a:	d916      	bls.n	10001b4a <runtime_init_install_ram_vector_table+0x62>
10001b1c:	0037      	movs	r7, r6
10001b1e:	2c00      	cmp	r4, #0
10001b20:	d002      	beq.n	10001b28 <runtime_init_install_ram_vector_table+0x40>
10001b22:	00b3      	lsls	r3, r6, #2
10001b24:	1c77      	adds	r7, r6, #1
10001b26:	50ea      	str	r2, [r5, r3]
10001b28:	1b00      	subs	r0, r0, r4
10001b2a:	1933      	adds	r3, r6, r4
10001b2c:	009b      	lsls	r3, r3, #2
10001b2e:	0841      	lsrs	r1, r0, #1
10001b30:	18eb      	adds	r3, r5, r3
10001b32:	00c9      	lsls	r1, r1, #3
10001b34:	18c9      	adds	r1, r1, r3
10001b36:	601a      	str	r2, [r3, #0]
10001b38:	605a      	str	r2, [r3, #4]
10001b3a:	3308      	adds	r3, #8
10001b3c:	4299      	cmp	r1, r3
10001b3e:	d1fa      	bne.n	10001b36 <runtime_init_install_ram_vector_table+0x4e>
10001b40:	2301      	movs	r3, #1
10001b42:	4203      	tst	r3, r0
10001b44:	d01c      	beq.n	10001b80 <runtime_init_install_ram_vector_table+0x98>
10001b46:	4398      	bics	r0, r3
10001b48:	19c6      	adds	r6, r0, r7
10001b4a:	00b3      	lsls	r3, r6, #2
10001b4c:	50ea      	str	r2, [r5, r3]
10001b4e:	1c73      	adds	r3, r6, #1
10001b50:	2e2f      	cmp	r6, #47	@ 0x2f
10001b52:	d015      	beq.n	10001b80 <runtime_init_install_ram_vector_table+0x98>
10001b54:	009b      	lsls	r3, r3, #2
10001b56:	50ea      	str	r2, [r5, r3]
10001b58:	1cb3      	adds	r3, r6, #2
10001b5a:	2e2e      	cmp	r6, #46	@ 0x2e
10001b5c:	d010      	beq.n	10001b80 <runtime_init_install_ram_vector_table+0x98>
10001b5e:	009b      	lsls	r3, r3, #2
10001b60:	50ea      	str	r2, [r5, r3]
10001b62:	1cf3      	adds	r3, r6, #3
10001b64:	2e2d      	cmp	r6, #45	@ 0x2d
10001b66:	d00b      	beq.n	10001b80 <runtime_init_install_ram_vector_table+0x98>
10001b68:	009b      	lsls	r3, r3, #2
10001b6a:	50ea      	str	r2, [r5, r3]
10001b6c:	1d33      	adds	r3, r6, #4
10001b6e:	2e2c      	cmp	r6, #44	@ 0x2c
10001b70:	d006      	beq.n	10001b80 <runtime_init_install_ram_vector_table+0x98>
10001b72:	009b      	lsls	r3, r3, #2
10001b74:	50ea      	str	r2, [r5, r3]
10001b76:	1d73      	adds	r3, r6, #5
10001b78:	2e2b      	cmp	r6, #43	@ 0x2b
10001b7a:	d001      	beq.n	10001b80 <runtime_init_install_ram_vector_table+0x98>
10001b7c:	009b      	lsls	r3, r3, #2
10001b7e:	50ea      	str	r2, [r5, r3]
10001b80:	4b05      	ldr	r3, [pc, #20]	@ (10001b98 <runtime_init_install_ram_vector_table+0xb0>)
10001b82:	609d      	str	r5, [r3, #8]
10001b84:	bdf8      	pop	{r3, r4, r5, r6, r7, pc}
10001b86:	46c0      	nop			@ (mov r8, r8)
10001b88:	10000100 	.word	0x10000100
10001b8c:	100001c0 	.word	0x100001c0
10001b90:	20000000 	.word	0x20000000
10001b94:	100001c1 	.word	0x100001c1
10001b98:	e000ed00 	.word	0xe000ed00

10001b9c <runtime_init_clocks>:
10001b9c:	2300      	movs	r3, #0
10001b9e:	b510      	push	{r4, lr}
10001ba0:	4c29      	ldr	r4, [pc, #164]	@ (10001c48 <runtime_init_clocks+0xac>)
10001ba2:	b082      	sub	sp, #8
10001ba4:	67a3      	str	r3, [r4, #120]	@ 0x78
10001ba6:	f7ff ff2d 	bl	10001a04 <xosc_init>
10001baa:	2201      	movs	r2, #1
10001bac:	4b27      	ldr	r3, [pc, #156]	@ (10001c4c <runtime_init_clocks+0xb0>)
10001bae:	601a      	str	r2, [r3, #0]
10001bb0:	6c63      	ldr	r3, [r4, #68]	@ 0x44
10001bb2:	2b01      	cmp	r3, #1
10001bb4:	d1fc      	bne.n	10001bb0 <runtime_init_clocks+0x14>
10001bb6:	2203      	movs	r2, #3
10001bb8:	4b25      	ldr	r3, [pc, #148]	@ (10001c50 <runtime_init_clocks+0xb4>)
10001bba:	601a      	str	r2, [r3, #0]
10001bbc:	4a22      	ldr	r2, [pc, #136]	@ (10001c48 <runtime_init_clocks+0xac>)
10001bbe:	6b93      	ldr	r3, [r2, #56]	@ 0x38
10001bc0:	2b01      	cmp	r3, #1
10001bc2:	d1fc      	bne.n	10001bbe <runtime_init_clocks+0x22>
10001bc4:	3301      	adds	r3, #1
10001bc6:	9300      	str	r3, [sp, #0]
10001bc8:	2101      	movs	r1, #1
10001bca:	4a22      	ldr	r2, [pc, #136]	@ (10001c54 <runtime_init_clocks+0xb8>)
10001bcc:	4822      	ldr	r0, [pc, #136]	@ (10001c58 <runtime_init_clocks+0xbc>)
10001bce:	3304      	adds	r3, #4
10001bd0:	f7ff fe8c 	bl	100018ec <pll_init>
10001bd4:	2305      	movs	r3, #5
10001bd6:	2101      	movs	r1, #1
10001bd8:	9300      	str	r3, [sp, #0]
10001bda:	4a20      	ldr	r2, [pc, #128]	@ (10001c5c <runtime_init_clocks+0xc0>)
10001bdc:	4820      	ldr	r0, [pc, #128]	@ (10001c60 <runtime_init_clocks+0xc4>)
10001bde:	f7ff fe85 	bl	100018ec <pll_init>
10001be2:	2200      	movs	r2, #0
10001be4:	2102      	movs	r1, #2
10001be6:	2004      	movs	r0, #4
10001be8:	4b1e      	ldr	r3, [pc, #120]	@ (10001c64 <runtime_init_clocks+0xc8>)
10001bea:	f7ff fe05 	bl	100017f8 <clock_configure_undivided>
10001bee:	2200      	movs	r2, #0
10001bf0:	2101      	movs	r1, #1
10001bf2:	2005      	movs	r0, #5
10001bf4:	4b1c      	ldr	r3, [pc, #112]	@ (10001c68 <runtime_init_clocks+0xcc>)
10001bf6:	f7ff fdff 	bl	100017f8 <clock_configure_undivided>
10001bfa:	2200      	movs	r2, #0
10001bfc:	2100      	movs	r1, #0
10001bfe:	2007      	movs	r0, #7
10001c00:	4b1a      	ldr	r3, [pc, #104]	@ (10001c6c <runtime_init_clocks+0xd0>)
10001c02:	f7ff fdf9 	bl	100017f8 <clock_configure_undivided>
10001c06:	2200      	movs	r2, #0
10001c08:	2100      	movs	r1, #0
10001c0a:	2008      	movs	r0, #8
10001c0c:	4b17      	ldr	r3, [pc, #92]	@ (10001c6c <runtime_init_clocks+0xd0>)
10001c0e:	f7ff fdf3 	bl	100017f8 <clock_configure_undivided>
10001c12:	2380      	movs	r3, #128	@ 0x80
10001c14:	00db      	lsls	r3, r3, #3
10001c16:	9300      	str	r3, [sp, #0]
10001c18:	2200      	movs	r2, #0
10001c1a:	2100      	movs	r1, #0
10001c1c:	2009      	movs	r0, #9
10001c1e:	4b13      	ldr	r3, [pc, #76]	@ (10001c6c <runtime_init_clocks+0xd0>)
10001c20:	f7ff fd70 	bl	10001704 <clock_configure_int_divider>
10001c24:	2200      	movs	r2, #0
10001c26:	4b10      	ldr	r3, [pc, #64]	@ (10001c68 <runtime_init_clocks+0xcc>)
10001c28:	2100      	movs	r1, #0
10001c2a:	2006      	movs	r0, #6
10001c2c:	f7ff fde4 	bl	100017f8 <clock_configure_undivided>
10001c30:	2004      	movs	r0, #4
10001c32:	f7ff fe55 	bl	100018e0 <clock_get_hz>
10001c36:	490e      	ldr	r1, [pc, #56]	@ (10001c70 <runtime_init_clocks+0xd4>)
10001c38:	f000 f824 	bl	10001c84 <__wrap___aeabi_uidiv>
10001c3c:	0001      	movs	r1, r0
10001c3e:	2000      	movs	r0, #0
10001c40:	f7ff fea6 	bl	10001990 <tick_start>
10001c44:	b002      	add	sp, #8
10001c46:	bd10      	pop	{r4, pc}
10001c48:	40008000 	.word	0x40008000
10001c4c:	4000b03c 	.word	0x4000b03c
10001c50:	4000b030 	.word	0x4000b030
10001c54:	59682f00 	.word	0x59682f00
10001c58:	40028000 	.word	0x40028000
10001c5c:	47868c00 	.word	0x47868c00
10001c60:	4002c000 	.word	0x4002c000
10001c64:	00b71b00 	.word	0x00b71b00
10001c68:	07735940 	.word	0x07735940
10001c6c:	02dc6c00 	.word	0x02dc6c00
10001c70:	000f4240 	.word	0x000f4240

10001c74 <__aeabi_bits_init>:
10001c74:	4801      	ldr	r0, [pc, #4]	@ (10001c7c <__aeabi_bits_init+0x8>)
10001c76:	2104      	movs	r1, #4
10001c78:	4b01      	ldr	r3, [pc, #4]	@ (10001c80 <__aeabi_bits_init+0xc>)
10001c7a:	4718      	bx	r3
10001c7c:	20001020 	.word	0x20001020
10001c80:	100019c1 	.word	0x100019c1

10001c84 <__wrap___aeabi_uidiv>:
10001c84:	4a11      	ldr	r2, [pc, #68]	@ (10001ccc <divmod_u32u32_savestate+0x18>)
10001c86:	6f93      	ldr	r3, [r2, #120]	@ 0x78
10001c88:	089b      	lsrs	r3, r3, #2
10001c8a:	d213      	bcs.n	10001cb4 <divmod_u32u32_savestate>

10001c8c <divmod_u32u32_unsafe>:
10001c8c:	6610      	str	r0, [r2, #96]	@ 0x60
10001c8e:	6651      	str	r1, [r2, #100]	@ 0x64
10001c90:	2900      	cmp	r1, #0
10001c92:	d005      	beq.n	10001ca0 <divmod_u32u32_unsafe+0x14>
10001c94:	e7ff      	b.n	10001c96 <divmod_u32u32_unsafe+0xa>
10001c96:	e7ff      	b.n	10001c98 <divmod_u32u32_unsafe+0xc>
10001c98:	e7ff      	b.n	10001c9a <divmod_u32u32_unsafe+0xe>
10001c9a:	6f51      	ldr	r1, [r2, #116]	@ 0x74
10001c9c:	6f10      	ldr	r0, [r2, #112]	@ 0x70
10001c9e:	4770      	bx	lr
10001ca0:	b504      	push	{r2, lr}
10001ca2:	2800      	cmp	r0, #0
10001ca4:	d001      	beq.n	10001caa <divmod_u32u32_unsafe+0x1e>
10001ca6:	2000      	movs	r0, #0
10001ca8:	43c0      	mvns	r0, r0
10001caa:	f002 fae1 	bl	10004270 <____aeabi_idiv0_veneer>
10001cae:	2100      	movs	r1, #0
10001cb0:	bd04      	pop	{r2, pc}
10001cb2:	46c0      	nop			@ (mov r8, r8)

10001cb4 <divmod_u32u32_savestate>:
10001cb4:	b5f0      	push	{r4, r5, r6, r7, lr}
10001cb6:	6e14      	ldr	r4, [r2, #96]	@ 0x60
10001cb8:	6e55      	ldr	r5, [r2, #100]	@ 0x64
10001cba:	6f57      	ldr	r7, [r2, #116]	@ 0x74
10001cbc:	6f16      	ldr	r6, [r2, #112]	@ 0x70
10001cbe:	f7ff ffe5 	bl	10001c8c <divmod_u32u32_unsafe>
10001cc2:	6614      	str	r4, [r2, #96]	@ 0x60
10001cc4:	6655      	str	r5, [r2, #100]	@ 0x64
10001cc6:	6757      	str	r7, [r2, #116]	@ 0x74
10001cc8:	6716      	str	r6, [r2, #112]	@ 0x70
10001cca:	bdf0      	pop	{r4, r5, r6, r7, pc}
10001ccc:	d0000000 	.word	0xd0000000

10001cd0 <__wrap___aeabi_ldivmod>:
10001cd0:	4694      	mov	ip, r2
10001cd2:	4a4a      	ldr	r2, [pc, #296]	@ (10001dfc <udiv0+0x1a>)
10001cd4:	6f92      	ldr	r2, [r2, #120]	@ 0x78
10001cd6:	0892      	lsrs	r2, r2, #2
10001cd8:	4662      	mov	r2, ip
10001cda:	d201      	bcs.n	10001ce0 <divmod_s64s64_savestate>
10001cdc:	e028      	b.n	10001d30 <divmod_s64s64_unsafe>
10001cde:	46c0      	nop			@ (mov r8, r8)

10001ce0 <divmod_s64s64_savestate>:
10001ce0:	b5f0      	push	{r4, r5, r6, r7, lr}
10001ce2:	4e46      	ldr	r6, [pc, #280]	@ (10001dfc <udiv0+0x1a>)
10001ce4:	6e34      	ldr	r4, [r6, #96]	@ 0x60
10001ce6:	6e75      	ldr	r5, [r6, #100]	@ 0x64
10001ce8:	6f77      	ldr	r7, [r6, #116]	@ 0x74
10001cea:	6f36      	ldr	r6, [r6, #112]	@ 0x70
10001cec:	f000 f820 	bl	10001d30 <divmod_s64s64_unsafe>
10001cf0:	4694      	mov	ip, r2
10001cf2:	4a42      	ldr	r2, [pc, #264]	@ (10001dfc <udiv0+0x1a>)
10001cf4:	6614      	str	r4, [r2, #96]	@ 0x60
10001cf6:	6655      	str	r5, [r2, #100]	@ 0x64
10001cf8:	6757      	str	r7, [r2, #116]	@ 0x74
10001cfa:	6716      	str	r6, [r2, #112]	@ 0x70
10001cfc:	4662      	mov	r2, ip
10001cfe:	bdf0      	pop	{r4, r5, r6, r7, pc}

10001d00 <__wrap___aeabi_uldivmod>:
10001d00:	4694      	mov	ip, r2
10001d02:	4a3e      	ldr	r2, [pc, #248]	@ (10001dfc <udiv0+0x1a>)
10001d04:	6f92      	ldr	r2, [r2, #120]	@ 0x78
10001d06:	0892      	lsrs	r2, r2, #2
10001d08:	4662      	mov	r2, ip
10001d0a:	d201      	bcs.n	10001d10 <divmod_u64u64_savestate>
10001d0c:	e054      	b.n	10001db8 <divmod_u64u64_unsafe>
10001d0e:	46c0      	nop			@ (mov r8, r8)

10001d10 <divmod_u64u64_savestate>:
10001d10:	b5f0      	push	{r4, r5, r6, r7, lr}
10001d12:	4e3a      	ldr	r6, [pc, #232]	@ (10001dfc <udiv0+0x1a>)
10001d14:	6e34      	ldr	r4, [r6, #96]	@ 0x60
10001d16:	6e75      	ldr	r5, [r6, #100]	@ 0x64
10001d18:	6f77      	ldr	r7, [r6, #116]	@ 0x74
10001d1a:	6f36      	ldr	r6, [r6, #112]	@ 0x70
10001d1c:	f000 f84c 	bl	10001db8 <divmod_u64u64_unsafe>
10001d20:	4694      	mov	ip, r2
10001d22:	4a36      	ldr	r2, [pc, #216]	@ (10001dfc <udiv0+0x1a>)
10001d24:	6614      	str	r4, [r2, #96]	@ 0x60
10001d26:	6655      	str	r5, [r2, #100]	@ 0x64
10001d28:	6757      	str	r7, [r2, #116]	@ 0x74
10001d2a:	6716      	str	r6, [r2, #112]	@ 0x70
10001d2c:	4662      	mov	r2, ip
10001d2e:	bdf0      	pop	{r4, r5, r6, r7, pc}

10001d30 <divmod_s64s64_unsafe>:
10001d30:	2b00      	cmp	r3, #0
10001d32:	db24      	blt.n	10001d7e <l42_1+0x26>
10001d34:	d011      	beq.n	10001d5a <l42_1+0x2>
10001d36:	2900      	cmp	r1, #0
10001d38:	da3e      	bge.n	10001db8 <divmod_u64u64_unsafe>
10001d3a:	b500      	push	{lr}
10001d3c:	43c9      	mvns	r1, r1
10001d3e:	4240      	negs	r0, r0
10001d40:	d100      	bne.n	10001d44 <l40_1>
10001d42:	3101      	adds	r1, #1

10001d44 <l40_1>:
10001d44:	f000 f838 	bl	10001db8 <divmod_u64u64_unsafe>
10001d48:	43c9      	mvns	r1, r1
10001d4a:	4240      	negs	r0, r0
10001d4c:	d100      	bne.n	10001d50 <l41_1>
10001d4e:	3101      	adds	r1, #1

10001d50 <l41_1>:
10001d50:	43db      	mvns	r3, r3
10001d52:	4252      	negs	r2, r2
10001d54:	d100      	bne.n	10001d58 <l42_1>
10001d56:	3301      	adds	r3, #1

10001d58 <l42_1>:
10001d58:	bd00      	pop	{pc}
10001d5a:	2a00      	cmp	r2, #0
10001d5c:	d1eb      	bne.n	10001d36 <divmod_s64s64_unsafe+0x6>
10001d5e:	2800      	cmp	r0, #0
10001d60:	d101      	bne.n	10001d66 <l42_1+0xe>
10001d62:	2900      	cmp	r1, #0
10001d64:	d005      	beq.n	10001d72 <l42_1+0x1a>
10001d66:	2000      	movs	r0, #0
10001d68:	0fc9      	lsrs	r1, r1, #31
10001d6a:	07c9      	lsls	r1, r1, #31
10001d6c:	d101      	bne.n	10001d72 <l42_1+0x1a>
10001d6e:	43c0      	mvns	r0, r0
10001d70:	0841      	lsrs	r1, r0, #1
10001d72:	b500      	push	{lr}
10001d74:	f002 fa64 	bl	10004240 <____aeabi_ldiv0_veneer>
10001d78:	2200      	movs	r2, #0
10001d7a:	2300      	movs	r3, #0
10001d7c:	bd00      	pop	{pc}
10001d7e:	b500      	push	{lr}
10001d80:	2900      	cmp	r1, #0
10001d82:	db0a      	blt.n	10001d9a <l44_1+0x2>
10001d84:	43db      	mvns	r3, r3
10001d86:	4252      	negs	r2, r2
10001d88:	d100      	bne.n	10001d8c <l43_1>
10001d8a:	3301      	adds	r3, #1

10001d8c <l43_1>:
10001d8c:	f000 f814 	bl	10001db8 <divmod_u64u64_unsafe>
10001d90:	43c9      	mvns	r1, r1
10001d92:	4240      	negs	r0, r0
10001d94:	d100      	bne.n	10001d98 <l44_1>
10001d96:	3101      	adds	r1, #1

10001d98 <l44_1>:
10001d98:	bd00      	pop	{pc}
10001d9a:	43c9      	mvns	r1, r1
10001d9c:	4240      	negs	r0, r0
10001d9e:	d100      	bne.n	10001da2 <l45_1>
10001da0:	3101      	adds	r1, #1

10001da2 <l45_1>:
10001da2:	43db      	mvns	r3, r3
10001da4:	4252      	negs	r2, r2
10001da6:	d100      	bne.n	10001daa <l46_1>
10001da8:	3301      	adds	r3, #1

10001daa <l46_1>:
10001daa:	f000 f805 	bl	10001db8 <divmod_u64u64_unsafe>
10001dae:	43db      	mvns	r3, r3
10001db0:	4252      	negs	r2, r2
10001db2:	d100      	bne.n	10001db6 <l47_1>
10001db4:	3301      	adds	r3, #1

10001db6 <l47_1>:
10001db6:	bd00      	pop	{pc}

10001db8 <divmod_u64u64_unsafe>:
10001db8:	2900      	cmp	r1, #0
10001dba:	d123      	bne.n	10001e04 <y64>
10001dbc:	2b00      	cmp	r3, #0
10001dbe:	d118      	bne.n	10001df2 <udiv0+0x10>
10001dc0:	2a00      	cmp	r2, #0
10001dc2:	d00c      	beq.n	10001dde <divmod_u64u64_unsafe+0x26>
10001dc4:	46bc      	mov	ip, r7
10001dc6:	4f0d      	ldr	r7, [pc, #52]	@ (10001dfc <udiv0+0x1a>)
10001dc8:	6638      	str	r0, [r7, #96]	@ 0x60
10001dca:	667a      	str	r2, [r7, #100]	@ 0x64
10001dcc:	2100      	movs	r1, #0
10001dce:	2300      	movs	r3, #0
10001dd0:	e7ff      	b.n	10001dd2 <divmod_u64u64_unsafe+0x1a>
10001dd2:	e7ff      	b.n	10001dd4 <divmod_u64u64_unsafe+0x1c>
10001dd4:	e7ff      	b.n	10001dd6 <divmod_u64u64_unsafe+0x1e>
10001dd6:	6f7a      	ldr	r2, [r7, #116]	@ 0x74
10001dd8:	6f38      	ldr	r0, [r7, #112]	@ 0x70
10001dda:	4667      	mov	r7, ip
10001ddc:	4770      	bx	lr
10001dde:	2800      	cmp	r0, #0
10001de0:	d001      	beq.n	10001de6 <udiv0+0x4>

10001de2 <udiv0>:
10001de2:	4807      	ldr	r0, [pc, #28]	@ (10001e00 <udiv0+0x1e>)
10001de4:	0001      	movs	r1, r0
10001de6:	b500      	push	{lr}
10001de8:	f002 fa2a 	bl	10004240 <____aeabi_ldiv0_veneer>
10001dec:	2200      	movs	r2, #0
10001dee:	2300      	movs	r3, #0
10001df0:	bd00      	pop	{pc}
10001df2:	0002      	movs	r2, r0
10001df4:	000b      	movs	r3, r1
10001df6:	2000      	movs	r0, #0
10001df8:	2100      	movs	r1, #0
10001dfa:	4770      	bx	lr
10001dfc:	d0000000 	.word	0xd0000000
10001e00:	ffffffff 	.word	0xffffffff

10001e04 <y64>:
10001e04:	2b00      	cmp	r3, #0
10001e06:	d000      	beq.n	10001e0a <y64+0x6>
10001e08:	e0bf      	b.n	10001f8a <y64_x48>
10001e0a:	0c13      	lsrs	r3, r2, #16
10001e0c:	d128      	bne.n	10001e60 <y64_x32>
10001e0e:	2a00      	cmp	r2, #0
10001e10:	d0e7      	beq.n	10001de2 <udiv0>
10001e12:	b480      	push	{r7}
10001e14:	4f11      	ldr	r7, [pc, #68]	@ (10001e5c <y64+0x58>)
10001e16:	6639      	str	r1, [r7, #96]	@ 0x60
10001e18:	667a      	str	r2, [r7, #100]	@ 0x64
10001e1a:	e7ff      	b.n	10001e1c <y64+0x18>
10001e1c:	e7ff      	b.n	10001e1e <y64+0x1a>
10001e1e:	b430      	push	{r4, r5}
10001e20:	0c04      	lsrs	r4, r0, #16
10001e22:	6f7b      	ldr	r3, [r7, #116]	@ 0x74
10001e24:	6f39      	ldr	r1, [r7, #112]	@ 0x70
10001e26:	041b      	lsls	r3, r3, #16
10001e28:	4323      	orrs	r3, r4
10001e2a:	663b      	str	r3, [r7, #96]	@ 0x60
10001e2c:	667a      	str	r2, [r7, #100]	@ 0x64
10001e2e:	e7ff      	b.n	10001e30 <y64+0x2c>
10001e30:	e7ff      	b.n	10001e32 <y64+0x2e>
10001e32:	e7ff      	b.n	10001e34 <y64+0x30>
10001e34:	46c0      	nop			@ (mov r8, r8)
10001e36:	b284      	uxth	r4, r0
10001e38:	6f7b      	ldr	r3, [r7, #116]	@ 0x74
10001e3a:	6f3d      	ldr	r5, [r7, #112]	@ 0x70
10001e3c:	041b      	lsls	r3, r3, #16
10001e3e:	4323      	orrs	r3, r4
10001e40:	663b      	str	r3, [r7, #96]	@ 0x60
10001e42:	667a      	str	r2, [r7, #100]	@ 0x64
10001e44:	e7ff      	b.n	10001e46 <y64+0x42>
10001e46:	e7ff      	b.n	10001e48 <y64+0x44>
10001e48:	46c0      	nop			@ (mov r8, r8)
10001e4a:	2300      	movs	r3, #0
10001e4c:	042c      	lsls	r4, r5, #16
10001e4e:	0c2d      	lsrs	r5, r5, #16
10001e50:	6f7a      	ldr	r2, [r7, #116]	@ 0x74
10001e52:	6f38      	ldr	r0, [r7, #112]	@ 0x70
10001e54:	1900      	adds	r0, r0, r4
10001e56:	4169      	adcs	r1, r5
10001e58:	bcb0      	pop	{r4, r5, r7}
10001e5a:	4770      	bx	lr
10001e5c:	d0000000 	.word	0xd0000000

10001e60 <y64_x32>:
10001e60:	b5f0      	push	{r4, r5, r6, r7, lr}
10001e62:	4694      	mov	ip, r2
10001e64:	2500      	movs	r5, #0
10001e66:	0e14      	lsrs	r4, r2, #24
10001e68:	d101      	bne.n	10001e6e <y64_x32+0xe>
10001e6a:	0212      	lsls	r2, r2, #8
10001e6c:	3508      	adds	r5, #8
10001e6e:	0f14      	lsrs	r4, r2, #28
10001e70:	d101      	bne.n	10001e76 <y64_x32+0x16>
10001e72:	0112      	lsls	r2, r2, #4
10001e74:	3504      	adds	r5, #4
10001e76:	0f94      	lsrs	r4, r2, #30
10001e78:	d101      	bne.n	10001e7e <y64_x32+0x1e>
10001e7a:	0092      	lsls	r2, r2, #2
10001e7c:	3502      	adds	r5, #2
10001e7e:	0fd4      	lsrs	r4, r2, #31
10001e80:	d101      	bne.n	10001e86 <y64_x32+0x26>
10001e82:	0052      	lsls	r2, r2, #1
10001e84:	3501      	adds	r5, #1
10001e86:	0bd4      	lsrs	r4, r2, #15
10001e88:	3401      	adds	r4, #1
10001e8a:	4f25      	ldr	r7, [pc, #148]	@ (10001f20 <y64_x32+0xc0>)
10001e8c:	667c      	str	r4, [r7, #100]	@ 0x64
10001e8e:	4c25      	ldr	r4, [pc, #148]	@ (10001f24 <y64_x32+0xc4>)
10001e90:	663c      	str	r4, [r7, #96]	@ 0x60
10001e92:	0c0e      	lsrs	r6, r1, #16
10001e94:	b293      	uxth	r3, r2
10001e96:	e7ff      	b.n	10001e98 <y64_x32+0x38>
10001e98:	e7ff      	b.n	10001e9a <y64_x32+0x3a>
10001e9a:	e7ff      	b.n	10001e9c <y64_x32+0x3c>
10001e9c:	6f3c      	ldr	r4, [r7, #112]	@ 0x70
10001e9e:	4366      	muls	r6, r4
10001ea0:	0c36      	lsrs	r6, r6, #16
10001ea2:	0377      	lsls	r7, r6, #13
10001ea4:	46be      	mov	lr, r7
10001ea6:	4373      	muls	r3, r6
10001ea8:	0bdf      	lsrs	r7, r3, #15
10001eaa:	045b      	lsls	r3, r3, #17
10001eac:	1ac0      	subs	r0, r0, r3
10001eae:	41b9      	sbcs	r1, r7
10001eb0:	0c13      	lsrs	r3, r2, #16
10001eb2:	4373      	muls	r3, r6
10001eb4:	18db      	adds	r3, r3, r3
10001eb6:	1ac9      	subs	r1, r1, r3
10001eb8:	08ce      	lsrs	r6, r1, #3
10001eba:	4366      	muls	r6, r4
10001ebc:	0c36      	lsrs	r6, r6, #16
10001ebe:	44b6      	add	lr, r6
10001ec0:	b293      	uxth	r3, r2
10001ec2:	4373      	muls	r3, r6
10001ec4:	0f1f      	lsrs	r7, r3, #28
10001ec6:	011b      	lsls	r3, r3, #4
10001ec8:	1ac0      	subs	r0, r0, r3
10001eca:	41b9      	sbcs	r1, r7
10001ecc:	0c13      	lsrs	r3, r2, #16
10001ece:	4373      	muls	r3, r6
10001ed0:	0b1f      	lsrs	r7, r3, #12
10001ed2:	051b      	lsls	r3, r3, #20
10001ed4:	1ac0      	subs	r0, r0, r3
10001ed6:	41b9      	sbcs	r1, r7
10001ed8:	0d86      	lsrs	r6, r0, #22
10001eda:	028f      	lsls	r7, r1, #10
10001edc:	433e      	orrs	r6, r7
10001ede:	4366      	muls	r6, r4
10001ee0:	0c36      	lsrs	r6, r6, #16
10001ee2:	2d09      	cmp	r5, #9
10001ee4:	db24      	blt.n	10001f30 <last0>
10001ee6:	0a52      	lsrs	r2, r2, #9
10001ee8:	4372      	muls	r2, r6
10001eea:	1a80      	subs	r0, r0, r2
10001eec:	0377      	lsls	r7, r6, #13
10001eee:	0a46      	lsrs	r6, r0, #9
10001ef0:	4366      	muls	r6, r4
10001ef2:	0c36      	lsrs	r6, r6, #16
10001ef4:	2316      	movs	r3, #22
10001ef6:	1b5b      	subs	r3, r3, r5
10001ef8:	40de      	lsrs	r6, r3
10001efa:	40df      	lsrs	r7, r3
10001efc:	19bf      	adds	r7, r7, r6
10001efe:	4664      	mov	r4, ip
10001f00:	4366      	muls	r6, r4
10001f02:	1b82      	subs	r2, r0, r6
10001f04:	4670      	mov	r0, lr
10001f06:	3504      	adds	r5, #4
10001f08:	3306      	adds	r3, #6
10001f0a:	0001      	movs	r1, r0
10001f0c:	40d9      	lsrs	r1, r3
10001f0e:	40a8      	lsls	r0, r5
10001f10:	19c0      	adds	r0, r0, r7
10001f12:	d300      	bcc.n	10001f16 <y64_x32+0xb6>
10001f14:	3101      	adds	r1, #1
10001f16:	42a2      	cmp	r2, r4
10001f18:	d206      	bcs.n	10001f28 <y64_x32+0xc8>
10001f1a:	2300      	movs	r3, #0
10001f1c:	bdf0      	pop	{r4, r5, r6, r7, pc}
10001f1e:	0000      	.short	0x0000
10001f20:	d0000000 	.word	0xd0000000
10001f24:	ffffffff 	.word	0xffffffff
10001f28:	1b12      	subs	r2, r2, r4
10001f2a:	3001      	adds	r0, #1
10001f2c:	d3f3      	bcc.n	10001f16 <y64_x32+0xb6>
10001f2e:	e7f1      	b.n	10001f14 <y64_x32+0xb4>

10001f30 <last0>:
10001f30:	2709      	movs	r7, #9
10001f32:	1b7f      	subs	r7, r7, r5
10001f34:	40fe      	lsrs	r6, r7
10001f36:	4664      	mov	r4, ip
10001f38:	b2a2      	uxth	r2, r4
10001f3a:	4372      	muls	r2, r6
10001f3c:	1a80      	subs	r0, r0, r2
10001f3e:	d200      	bcs.n	10001f42 <last0+0x12>
10001f40:	3901      	subs	r1, #1
10001f42:	0c22      	lsrs	r2, r4, #16
10001f44:	4372      	muls	r2, r6
10001f46:	0c13      	lsrs	r3, r2, #16
10001f48:	0412      	lsls	r2, r2, #16
10001f4a:	1a82      	subs	r2, r0, r2
10001f4c:	4199      	sbcs	r1, r3
10001f4e:	000b      	movs	r3, r1
10001f50:	4670      	mov	r0, lr
10001f52:	3504      	adds	r5, #4
10001f54:	3713      	adds	r7, #19
10001f56:	0001      	movs	r1, r0
10001f58:	40f9      	lsrs	r1, r7
10001f5a:	40a8      	lsls	r0, r5
10001f5c:	1980      	adds	r0, r0, r6
10001f5e:	d300      	bcc.n	10001f62 <last0+0x32>
10001f60:	3101      	adds	r1, #1
10001f62:	2b00      	cmp	r3, #0
10001f64:	d102      	bne.n	10001f6c <last0+0x3c>
10001f66:	42a2      	cmp	r2, r4
10001f68:	d20a      	bcs.n	10001f80 <last0+0x50>
10001f6a:	bdf0      	pop	{r4, r5, r6, r7, pc}
10001f6c:	3001      	adds	r0, #1
10001f6e:	d300      	bcc.n	10001f72 <last0+0x42>
10001f70:	3101      	adds	r1, #1
10001f72:	1b12      	subs	r2, r2, r4
10001f74:	d2fa      	bcs.n	10001f6c <last0+0x3c>
10001f76:	3b01      	subs	r3, #1
10001f78:	d1f8      	bne.n	10001f6c <last0+0x3c>
10001f7a:	42a2      	cmp	r2, r4
10001f7c:	d200      	bcs.n	10001f80 <last0+0x50>
10001f7e:	bdf0      	pop	{r4, r5, r6, r7, pc}
10001f80:	3001      	adds	r0, #1
10001f82:	d300      	bcc.n	10001f86 <last0+0x56>
10001f84:	3101      	adds	r1, #1
10001f86:	1b12      	subs	r2, r2, r4
10001f88:	e7f7      	b.n	10001f7a <last0+0x4a>

10001f8a <y64_x48>:
10001f8a:	b5f0      	push	{r4, r5, r6, r7, lr}
10001f8c:	0c1c      	lsrs	r4, r3, #16
10001f8e:	d000      	beq.n	10001f92 <y64_x48+0x8>
10001f90:	e080      	b.n	10002094 <y64_x64>
10001f92:	b40c      	push	{r2, r3}
10001f94:	2500      	movs	r5, #0
10001f96:	0a1c      	lsrs	r4, r3, #8
10001f98:	d104      	bne.n	10001fa4 <y64_x48+0x1a>
10001f9a:	021b      	lsls	r3, r3, #8
10001f9c:	0e16      	lsrs	r6, r2, #24
10001f9e:	4333      	orrs	r3, r6
10001fa0:	0212      	lsls	r2, r2, #8
10001fa2:	3508      	adds	r5, #8
10001fa4:	0b1c      	lsrs	r4, r3, #12
10001fa6:	d104      	bne.n	10001fb2 <y64_x48+0x28>
10001fa8:	011b      	lsls	r3, r3, #4
10001faa:	0f16      	lsrs	r6, r2, #28
10001fac:	4333      	orrs	r3, r6
10001fae:	0112      	lsls	r2, r2, #4
10001fb0:	3504      	adds	r5, #4
10001fb2:	0b9c      	lsrs	r4, r3, #14
10001fb4:	d104      	bne.n	10001fc0 <y64_x48+0x36>
10001fb6:	009b      	lsls	r3, r3, #2
10001fb8:	0f96      	lsrs	r6, r2, #30
10001fba:	4333      	orrs	r3, r6
10001fbc:	0092      	lsls	r2, r2, #2
10001fbe:	3502      	adds	r5, #2
10001fc0:	0bdc      	lsrs	r4, r3, #15
10001fc2:	d102      	bne.n	10001fca <y64_x48+0x40>
10001fc4:	1892      	adds	r2, r2, r2
10001fc6:	415b      	adcs	r3, r3
10001fc8:	3501      	adds	r5, #1
10001fca:	001c      	movs	r4, r3
10001fcc:	1897      	adds	r7, r2, r2
10001fce:	4164      	adcs	r4, r4
10001fd0:	3401      	adds	r4, #1
10001fd2:	4f46      	ldr	r7, [pc, #280]	@ (100020ec <y64_x64+0x58>)
10001fd4:	667c      	str	r4, [r7, #100]	@ 0x64
10001fd6:	4c46      	ldr	r4, [pc, #280]	@ (100020f0 <y64_x64+0x5c>)
10001fd8:	663c      	str	r4, [r7, #96]	@ 0x60
10001fda:	0c0e      	lsrs	r6, r1, #16
10001fdc:	e7ff      	b.n	10001fde <y64_x48+0x54>
10001fde:	e7ff      	b.n	10001fe0 <y64_x48+0x56>
10001fe0:	e7ff      	b.n	10001fe2 <y64_x48+0x58>
10001fe2:	46c0      	nop			@ (mov r8, r8)
10001fe4:	6f3c      	ldr	r4, [r7, #112]	@ 0x70
10001fe6:	4366      	muls	r6, r4
10001fe8:	0c36      	lsrs	r6, r6, #16
10001fea:	0377      	lsls	r7, r6, #13
10001fec:	46be      	mov	lr, r7
10001fee:	b297      	uxth	r7, r2
10001ff0:	4377      	muls	r7, r6
10001ff2:	1bc0      	subs	r0, r0, r7
10001ff4:	d200      	bcs.n	10001ff8 <y64_x48+0x6e>
10001ff6:	3901      	subs	r1, #1
10001ff8:	1bc0      	subs	r0, r0, r7
10001ffa:	d200      	bcs.n	10001ffe <y64_x48+0x74>
10001ffc:	3901      	subs	r1, #1
10001ffe:	b29f      	uxth	r7, r3
10002000:	4377      	muls	r7, r6
10002002:	1bc9      	subs	r1, r1, r7
10002004:	1bc9      	subs	r1, r1, r7
10002006:	0c17      	lsrs	r7, r2, #16
10002008:	4377      	muls	r7, r6
1000200a:	047e      	lsls	r6, r7, #17
1000200c:	0bff      	lsrs	r7, r7, #15
1000200e:	1b80      	subs	r0, r0, r6
10002010:	41b9      	sbcs	r1, r7
10002012:	08ce      	lsrs	r6, r1, #3
10002014:	4366      	muls	r6, r4
10002016:	0c36      	lsrs	r6, r6, #16
10002018:	2d0c      	cmp	r5, #12
1000201a:	db33      	blt.n	10002084 <last1>
1000201c:	44b6      	add	lr, r6
1000201e:	0b12      	lsrs	r2, r2, #12
10002020:	051f      	lsls	r7, r3, #20
10002022:	433a      	orrs	r2, r7
10002024:	0b1b      	lsrs	r3, r3, #12
10002026:	b297      	uxth	r7, r2
10002028:	4377      	muls	r7, r6
1000202a:	1bc0      	subs	r0, r0, r7
1000202c:	d200      	bcs.n	10002030 <y64_x48+0xa6>
1000202e:	3901      	subs	r1, #1
10002030:	b29f      	uxth	r7, r3
10002032:	4377      	muls	r7, r6
10002034:	1bc9      	subs	r1, r1, r7
10002036:	0c17      	lsrs	r7, r2, #16
10002038:	4377      	muls	r7, r6
1000203a:	043e      	lsls	r6, r7, #16
1000203c:	0c3f      	lsrs	r7, r7, #16
1000203e:	1b80      	subs	r0, r0, r6
10002040:	41b9      	sbcs	r1, r7
10002042:	0d86      	lsrs	r6, r0, #22
10002044:	028f      	lsls	r7, r1, #10
10002046:	433e      	orrs	r6, r7
10002048:	4366      	muls	r6, r4
1000204a:	2729      	movs	r7, #41	@ 0x29
1000204c:	1b7f      	subs	r7, r7, r5
1000204e:	40fe      	lsrs	r6, r7
10002050:	3d0c      	subs	r5, #12
10002052:	4677      	mov	r7, lr
10002054:	40af      	lsls	r7, r5
10002056:	19bf      	adds	r7, r7, r6
10002058:	bc30      	pop	{r4, r5}
1000205a:	b2a2      	uxth	r2, r4
1000205c:	b2ab      	uxth	r3, r5
1000205e:	4372      	muls	r2, r6
10002060:	4373      	muls	r3, r6
10002062:	1a80      	subs	r0, r0, r2
10002064:	4199      	sbcs	r1, r3
10002066:	0c22      	lsrs	r2, r4, #16
10002068:	4372      	muls	r2, r6
1000206a:	0c13      	lsrs	r3, r2, #16
1000206c:	0412      	lsls	r2, r2, #16
1000206e:	1a80      	subs	r0, r0, r2
10002070:	4199      	sbcs	r1, r3
10002072:	0002      	movs	r2, r0
10002074:	000b      	movs	r3, r1
10002076:	3701      	adds	r7, #1
10002078:	1b00      	subs	r0, r0, r4
1000207a:	41a9      	sbcs	r1, r5
1000207c:	d2f9      	bcs.n	10002072 <y64_x48+0xe8>
1000207e:	1e78      	subs	r0, r7, #1
10002080:	2100      	movs	r1, #0
10002082:	bdf0      	pop	{r4, r5, r6, r7, pc}

10002084 <last1>:
10002084:	270c      	movs	r7, #12
10002086:	1b7f      	subs	r7, r7, r5
10002088:	40fe      	lsrs	r6, r7
1000208a:	4677      	mov	r7, lr
1000208c:	0b7f      	lsrs	r7, r7, #13
1000208e:	40af      	lsls	r7, r5
10002090:	19ff      	adds	r7, r7, r7
10002092:	e7e0      	b.n	10002056 <y64_x48+0xcc>

10002094 <y64_x64>:
10002094:	2400      	movs	r4, #0
10002096:	1c5d      	adds	r5, r3, #1
10002098:	d007      	beq.n	100020aa <y64_x64+0x16>
1000209a:	4f14      	ldr	r7, [pc, #80]	@ (100020ec <y64_x64+0x58>)
1000209c:	667d      	str	r5, [r7, #100]	@ 0x64
1000209e:	6639      	str	r1, [r7, #96]	@ 0x60
100020a0:	e7ff      	b.n	100020a2 <y64_x64+0xe>
100020a2:	e7ff      	b.n	100020a4 <y64_x64+0x10>
100020a4:	e7ff      	b.n	100020a6 <y64_x64+0x12>
100020a6:	e7ff      	b.n	100020a8 <y64_x64+0x14>
100020a8:	6f3c      	ldr	r4, [r7, #112]	@ 0x70
100020aa:	b295      	uxth	r5, r2
100020ac:	b29e      	uxth	r6, r3
100020ae:	4365      	muls	r5, r4
100020b0:	4366      	muls	r6, r4
100020b2:	1b40      	subs	r0, r0, r5
100020b4:	41b1      	sbcs	r1, r6
100020b6:	0c15      	lsrs	r5, r2, #16
100020b8:	0c1e      	lsrs	r6, r3, #16
100020ba:	4365      	muls	r5, r4
100020bc:	4366      	muls	r6, r4
100020be:	0436      	lsls	r6, r6, #16
100020c0:	0c2f      	lsrs	r7, r5, #16
100020c2:	433e      	orrs	r6, r7
100020c4:	042d      	lsls	r5, r5, #16
100020c6:	1b40      	subs	r0, r0, r5
100020c8:	41b1      	sbcs	r1, r6
100020ca:	4299      	cmp	r1, r3
100020cc:	d204      	bcs.n	100020d8 <y64_x64+0x44>
100020ce:	0002      	movs	r2, r0
100020d0:	000b      	movs	r3, r1
100020d2:	0020      	movs	r0, r4
100020d4:	2100      	movs	r1, #0
100020d6:	bdf0      	pop	{r4, r5, r6, r7, pc}
100020d8:	d101      	bne.n	100020de <y64_x64+0x4a>
100020da:	4290      	cmp	r0, r2
100020dc:	d3f7      	bcc.n	100020ce <y64_x64+0x3a>
100020de:	1a80      	subs	r0, r0, r2
100020e0:	4199      	sbcs	r1, r3
100020e2:	3401      	adds	r4, #1
100020e4:	4299      	cmp	r1, r3
100020e6:	d3f2      	bcc.n	100020ce <y64_x64+0x3a>
100020e8:	e7f6      	b.n	100020d8 <y64_x64+0x44>
100020ea:	0000      	.short	0x0000
100020ec:	d0000000 	.word	0xd0000000
100020f0:	ffffffff 	.word	0xffffffff

100020f4 <__aeabi_double_init>:
100020f4:	2313      	movs	r3, #19
100020f6:	b570      	push	{r4, r5, r6, lr}
100020f8:	781d      	ldrb	r5, [r3, #0]
100020fa:	2d01      	cmp	r5, #1
100020fc:	d019      	beq.n	10002132 <__aeabi_double_init+0x3e>
100020fe:	dd14      	ble.n	1000212a <__aeabi_double_init+0x36>
10002100:	481f      	ldr	r0, [pc, #124]	@ (10002180 <__aeabi_double_init+0x8c>)
10002102:	f7ff fc55 	bl	100019b0 <rom_data_lookup>
10002106:	0006      	movs	r6, r0
10002108:	481e      	ldr	r0, [pc, #120]	@ (10002184 <__aeabi_double_init+0x90>)
1000210a:	f7ff fc51 	bl	100019b0 <rom_data_lookup>
1000210e:	4c1e      	ldr	r4, [pc, #120]	@ (10002188 <__aeabi_double_init+0x94>)
10002110:	2280      	movs	r2, #128	@ 0x80
10002112:	0031      	movs	r1, r6
10002114:	0020      	movs	r0, r4
10002116:	f000 f917 	bl	10002348 <__wrap___aeabi_memcpy>
1000211a:	2d02      	cmp	r5, #2
1000211c:	d02d      	beq.n	1000217a <__aeabi_double_init+0x86>
1000211e:	481b      	ldr	r0, [pc, #108]	@ (1000218c <__aeabi_double_init+0x98>)
10002120:	f7ff fc3e 	bl	100019a0 <rom_func_lookup>
10002124:	4b1a      	ldr	r3, [pc, #104]	@ (10002190 <__aeabi_double_init+0x9c>)
10002126:	6018      	str	r0, [r3, #0]
10002128:	bd70      	pop	{r4, r5, r6, pc}
1000212a:	4b1a      	ldr	r3, [pc, #104]	@ (10002194 <__aeabi_double_init+0xa0>)
1000212c:	4c16      	ldr	r4, [pc, #88]	@ (10002188 <__aeabi_double_init+0x94>)
1000212e:	64a3      	str	r3, [r4, #72]	@ 0x48
10002130:	e7f5      	b.n	1000211e <__aeabi_double_init+0x2a>
10002132:	4b18      	ldr	r3, [pc, #96]	@ (10002194 <__aeabi_double_init+0xa0>)
10002134:	4c14      	ldr	r4, [pc, #80]	@ (10002188 <__aeabi_double_init+0x94>)
10002136:	6023      	str	r3, [r4, #0]
10002138:	6063      	str	r3, [r4, #4]
1000213a:	60a3      	str	r3, [r4, #8]
1000213c:	60e3      	str	r3, [r4, #12]
1000213e:	6123      	str	r3, [r4, #16]
10002140:	6163      	str	r3, [r4, #20]
10002142:	61a3      	str	r3, [r4, #24]
10002144:	61e3      	str	r3, [r4, #28]
10002146:	6223      	str	r3, [r4, #32]
10002148:	6263      	str	r3, [r4, #36]	@ 0x24
1000214a:	62a3      	str	r3, [r4, #40]	@ 0x28
1000214c:	62e3      	str	r3, [r4, #44]	@ 0x2c
1000214e:	6323      	str	r3, [r4, #48]	@ 0x30
10002150:	6363      	str	r3, [r4, #52]	@ 0x34
10002152:	63a3      	str	r3, [r4, #56]	@ 0x38
10002154:	63e3      	str	r3, [r4, #60]	@ 0x3c
10002156:	6423      	str	r3, [r4, #64]	@ 0x40
10002158:	6463      	str	r3, [r4, #68]	@ 0x44
1000215a:	64a3      	str	r3, [r4, #72]	@ 0x48
1000215c:	64e3      	str	r3, [r4, #76]	@ 0x4c
1000215e:	6523      	str	r3, [r4, #80]	@ 0x50
10002160:	6563      	str	r3, [r4, #84]	@ 0x54
10002162:	65a3      	str	r3, [r4, #88]	@ 0x58
10002164:	65e3      	str	r3, [r4, #92]	@ 0x5c
10002166:	6623      	str	r3, [r4, #96]	@ 0x60
10002168:	6663      	str	r3, [r4, #100]	@ 0x64
1000216a:	66a3      	str	r3, [r4, #104]	@ 0x68
1000216c:	66e3      	str	r3, [r4, #108]	@ 0x6c
1000216e:	6723      	str	r3, [r4, #112]	@ 0x70
10002170:	6763      	str	r3, [r4, #116]	@ 0x74
10002172:	67a3      	str	r3, [r4, #120]	@ 0x78
10002174:	67e3      	str	r3, [r4, #124]	@ 0x7c
10002176:	64a3      	str	r3, [r4, #72]	@ 0x48
10002178:	e7d1      	b.n	1000211e <__aeabi_double_init+0x2a>
1000217a:	4b06      	ldr	r3, [pc, #24]	@ (10002194 <__aeabi_double_init+0xa0>)
1000217c:	64a3      	str	r3, [r4, #72]	@ 0x48
1000217e:	e7ce      	b.n	1000211e <__aeabi_double_init+0x2a>
10002180:	00004453 	.word	0x00004453
10002184:	00004653 	.word	0x00004653
10002188:	20001208 	.word	0x20001208
1000218c:	0000334c 	.word	0x0000334c
10002190:	20001d24 	.word	0x20001d24
10002194:	10002199 	.word	0x10002199

10002198 <double_table_shim_on_use_helper>:
10002198:	b507      	push	{r0, r1, r2, lr}
1000219a:	4660      	mov	r0, ip
1000219c:	8801      	ldrh	r1, [r0, #0]
1000219e:	0a0a      	lsrs	r2, r1, #8
100021a0:	3002      	adds	r0, #2
100021a2:	2adf      	cmp	r2, #223	@ 0xdf
100021a4:	d1fa      	bne.n	1000219c <double_table_shim_on_use_helper+0x4>
100021a6:	b2c9      	uxtb	r1, r1
100021a8:	0882      	lsrs	r2, r0, #2
100021aa:	d304      	bcc.n	100021b6 <double_table_shim_on_use_helper+0x1e>
100021ac:	8802      	ldrh	r2, [r0, #0]
100021ae:	8840      	ldrh	r0, [r0, #2]
100021b0:	0400      	lsls	r0, r0, #16
100021b2:	4310      	orrs	r0, r2
100021b4:	e000      	b.n	100021b8 <double_table_shim_on_use_helper+0x20>
100021b6:	6800      	ldr	r0, [r0, #0]
100021b8:	4a01      	ldr	r2, [pc, #4]	@ (100021c0 <double_table_shim_on_use_helper+0x28>)
100021ba:	5050      	str	r0, [r2, r1]
100021bc:	9003      	str	r0, [sp, #12]
100021be:	bd07      	pop	{r0, r1, r2, pc}
100021c0:	20001208 	.word	0x20001208

100021c4 <__wrap___aeabi_lmul>:
100021c4:	4351      	muls	r1, r2
100021c6:	4343      	muls	r3, r0
100021c8:	18c9      	adds	r1, r1, r3
100021ca:	468c      	mov	ip, r1
100021cc:	0c11      	lsrs	r1, r2, #16
100021ce:	b283      	uxth	r3, r0
100021d0:	434b      	muls	r3, r1
100021d2:	b410      	push	{r4}
100021d4:	0c04      	lsrs	r4, r0, #16
100021d6:	4361      	muls	r1, r4
100021d8:	b292      	uxth	r2, r2
100021da:	b280      	uxth	r0, r0
100021dc:	4350      	muls	r0, r2
100021de:	4362      	muls	r2, r4
100021e0:	041c      	lsls	r4, r3, #16
100021e2:	0c1b      	lsrs	r3, r3, #16
100021e4:	1900      	adds	r0, r0, r4
100021e6:	bc10      	pop	{r4}
100021e8:	4159      	adcs	r1, r3
100021ea:	0413      	lsls	r3, r2, #16
100021ec:	0c12      	lsrs	r2, r2, #16
100021ee:	18c0      	adds	r0, r0, r3
100021f0:	4151      	adcs	r1, r2
100021f2:	4461      	add	r1, ip
100021f4:	4770      	bx	lr
	...

100021f8 <__wrap___aeabi_frsub>:
100021f8:	4048      	eors	r0, r1
100021fa:	4041      	eors	r1, r0
100021fc:	4048      	eors	r0, r1

100021fe <__wrap___aeabi_fsub>:
100021fe:	4b0e      	ldr	r3, [pc, #56]	@ (10002238 <__wrap___aeabi_fmul+0x6>)
10002200:	685b      	ldr	r3, [r3, #4]
10002202:	4718      	bx	r3

10002204 <__wrap___aeabi_fadd>:
10002204:	4b0c      	ldr	r3, [pc, #48]	@ (10002238 <__wrap___aeabi_fmul+0x6>)
10002206:	681b      	ldr	r3, [r3, #0]
10002208:	4718      	bx	r3

1000220a <__wrap___aeabi_fdiv>:
1000220a:	4a0c      	ldr	r2, [pc, #48]	@ (1000223c <__wrap___aeabi_fmul+0xa>)
1000220c:	6f93      	ldr	r3, [r2, #120]	@ 0x78
1000220e:	089b      	lsrs	r3, r3, #2
10002210:	d202      	bcs.n	10002218 <fdiv_save_state>

10002212 <fdiv_shim_call>:
10002212:	4b09      	ldr	r3, [pc, #36]	@ (10002238 <__wrap___aeabi_fmul+0x6>)
10002214:	68db      	ldr	r3, [r3, #12]
10002216:	4718      	bx	r3

10002218 <fdiv_save_state>:
10002218:	b5f0      	push	{r4, r5, r6, r7, lr}
1000221a:	6e14      	ldr	r4, [r2, #96]	@ 0x60
1000221c:	6e55      	ldr	r5, [r2, #100]	@ 0x64
1000221e:	6f57      	ldr	r7, [r2, #116]	@ 0x74
10002220:	6f16      	ldr	r6, [r2, #112]	@ 0x70
10002222:	f7ff fff6 	bl	10002212 <fdiv_shim_call>
10002226:	4a05      	ldr	r2, [pc, #20]	@ (1000223c <__wrap___aeabi_fmul+0xa>)
10002228:	6614      	str	r4, [r2, #96]	@ 0x60
1000222a:	6655      	str	r5, [r2, #100]	@ 0x64
1000222c:	6757      	str	r7, [r2, #116]	@ 0x74
1000222e:	6716      	str	r6, [r2, #112]	@ 0x70
10002230:	bdf0      	pop	{r4, r5, r6, r7, pc}

10002232 <__wrap___aeabi_fmul>:
10002232:	4b01      	ldr	r3, [pc, #4]	@ (10002238 <__wrap___aeabi_fmul+0x6>)
10002234:	689b      	ldr	r3, [r3, #8]
10002236:	4718      	bx	r3
10002238:	20001308 	.word	0x20001308
1000223c:	d0000000 	.word	0xd0000000

10002240 <__wrap___aeabi_ui2f>:
10002240:	1a49      	subs	r1, r1, r1
10002242:	2800      	cmp	r0, #0
10002244:	d108      	bne.n	10002258 <__aeabi_i2f_main>
10002246:	4608      	mov	r0, r1
10002248:	4770      	bx	lr
	...

1000224c <__wrap___aeabi_i2f>:
1000224c:	0fc1      	lsrs	r1, r0, #31
1000224e:	07c9      	lsls	r1, r1, #31
10002250:	d500      	bpl.n	10002254 <__wrap___aeabi_i2f+0x8>
10002252:	4240      	negs	r0, r0
10002254:	2800      	cmp	r0, #0
10002256:	d017      	beq.n	10002288 <__aeabi_i2f_main+0x30>

10002258 <__aeabi_i2f_main>:
10002258:	46f4      	mov	ip, lr
1000225a:	b403      	push	{r0, r1}
1000225c:	4b0b      	ldr	r3, [pc, #44]	@ (1000228c <__aeabi_i2f_main+0x34>)
1000225e:	681b      	ldr	r3, [r3, #0]
10002260:	4798      	blx	r3
10002262:	bc06      	pop	{r1, r2}
10002264:	4081      	lsls	r1, r0
10002266:	389e      	subs	r0, #158	@ 0x9e
10002268:	4240      	negs	r0, r0
1000226a:	3180      	adds	r1, #128	@ 0x80
1000226c:	d207      	bcs.n	1000227e <__aeabi_i2f_main+0x26>
1000226e:	060b      	lsls	r3, r1, #24
10002270:	d007      	beq.n	10002282 <__aeabi_i2f_main+0x2a>
10002272:	0049      	lsls	r1, r1, #1
10002274:	0a49      	lsrs	r1, r1, #9
10002276:	05c0      	lsls	r0, r0, #23
10002278:	4310      	orrs	r0, r2
1000227a:	4308      	orrs	r0, r1
1000227c:	4760      	bx	ip
1000227e:	3001      	adds	r0, #1
10002280:	e7f8      	b.n	10002274 <__aeabi_i2f_main+0x1c>
10002282:	0a49      	lsrs	r1, r1, #9
10002284:	0289      	lsls	r1, r1, #10
10002286:	e7f5      	b.n	10002274 <__aeabi_i2f_main+0x1c>
10002288:	4770      	bx	lr
1000228a:	0000      	.short	0x0000
1000228c:	20001d24 	.word	0x20001d24

10002290 <__wrap___aeabi_f2uiz>:
10002290:	4b01      	ldr	r3, [pc, #4]	@ (10002298 <__wrap___aeabi_f2uiz+0x8>)
10002292:	6a5b      	ldr	r3, [r3, #36]	@ 0x24
10002294:	4718      	bx	r3
10002296:	0000      	.short	0x0000
10002298:	20001308 	.word	0x20001308

1000229c <__aeabi_float_init>:
1000229c:	2313      	movs	r3, #19
1000229e:	b510      	push	{r4, lr}
100022a0:	4812      	ldr	r0, [pc, #72]	@ (100022ec <__aeabi_float_init+0x50>)
100022a2:	781c      	ldrb	r4, [r3, #0]
100022a4:	f7ff fb84 	bl	100019b0 <rom_data_lookup>
100022a8:	0001      	movs	r1, r0
100022aa:	2c01      	cmp	r4, #1
100022ac:	d00a      	beq.n	100022c4 <__aeabi_float_init+0x28>
100022ae:	dd03      	ble.n	100022b8 <__aeabi_float_init+0x1c>
100022b0:	2280      	movs	r2, #128	@ 0x80
100022b2:	480f      	ldr	r0, [pc, #60]	@ (100022f0 <__aeabi_float_init+0x54>)
100022b4:	f000 f848 	bl	10002348 <__wrap___aeabi_memcpy>
100022b8:	480e      	ldr	r0, [pc, #56]	@ (100022f4 <__aeabi_float_init+0x58>)
100022ba:	f7ff fb71 	bl	100019a0 <rom_func_lookup>
100022be:	4b0e      	ldr	r3, [pc, #56]	@ (100022f8 <__aeabi_float_init+0x5c>)
100022c0:	6018      	str	r0, [r3, #0]
100022c2:	bd10      	pop	{r4, pc}
100022c4:	4c0a      	ldr	r4, [pc, #40]	@ (100022f0 <__aeabi_float_init+0x54>)
100022c6:	2254      	movs	r2, #84	@ 0x54
100022c8:	0020      	movs	r0, r4
100022ca:	f000 f83d 	bl	10002348 <__wrap___aeabi_memcpy>
100022ce:	4b0b      	ldr	r3, [pc, #44]	@ (100022fc <__aeabi_float_init+0x60>)
100022d0:	6563      	str	r3, [r4, #84]	@ 0x54
100022d2:	65a3      	str	r3, [r4, #88]	@ 0x58
100022d4:	65e3      	str	r3, [r4, #92]	@ 0x5c
100022d6:	6623      	str	r3, [r4, #96]	@ 0x60
100022d8:	6663      	str	r3, [r4, #100]	@ 0x64
100022da:	66a3      	str	r3, [r4, #104]	@ 0x68
100022dc:	66e3      	str	r3, [r4, #108]	@ 0x6c
100022de:	6723      	str	r3, [r4, #112]	@ 0x70
100022e0:	6763      	str	r3, [r4, #116]	@ 0x74
100022e2:	67a3      	str	r3, [r4, #120]	@ 0x78
100022e4:	67e3      	str	r3, [r4, #124]	@ 0x7c
100022e6:	6223      	str	r3, [r4, #32]
100022e8:	61e3      	str	r3, [r4, #28]
100022ea:	e7e5      	b.n	100022b8 <__aeabi_float_init+0x1c>
100022ec:	00004653 	.word	0x00004653
100022f0:	20001308 	.word	0x20001308
100022f4:	0000334c 	.word	0x0000334c
100022f8:	20001d24 	.word	0x20001d24
100022fc:	10002301 	.word	0x10002301

10002300 <float_table_shim_on_use_helper>:
10002300:	b507      	push	{r0, r1, r2, lr}
10002302:	4660      	mov	r0, ip
10002304:	8801      	ldrh	r1, [r0, #0]
10002306:	0a0a      	lsrs	r2, r1, #8
10002308:	3002      	adds	r0, #2
1000230a:	2adf      	cmp	r2, #223	@ 0xdf
1000230c:	d1fa      	bne.n	10002304 <float_table_shim_on_use_helper+0x4>
1000230e:	b2c9      	uxtb	r1, r1
10002310:	0882      	lsrs	r2, r0, #2
10002312:	d304      	bcc.n	1000231e <float_table_shim_on_use_helper+0x1e>
10002314:	8802      	ldrh	r2, [r0, #0]
10002316:	8840      	ldrh	r0, [r0, #2]
10002318:	0400      	lsls	r0, r0, #16
1000231a:	4310      	orrs	r0, r2
1000231c:	e000      	b.n	10002320 <float_table_shim_on_use_helper+0x20>
1000231e:	6800      	ldr	r0, [r0, #0]
10002320:	4a01      	ldr	r2, [pc, #4]	@ (10002328 <float_table_shim_on_use_helper+0x28>)
10002322:	5050      	str	r0, [r2, r1]
10002324:	9003      	str	r0, [sp, #12]
10002326:	bd07      	pop	{r0, r1, r2, pc}
10002328:	20001308 	.word	0x20001308

1000232c <__aeabi_mem_init>:
1000232c:	4801      	ldr	r0, [pc, #4]	@ (10002334 <__aeabi_mem_init+0x8>)
1000232e:	2104      	movs	r1, #4
10002330:	4b01      	ldr	r3, [pc, #4]	@ (10002338 <__aeabi_mem_init+0xc>)
10002332:	4718      	bx	r3
10002334:	20001030 	.word	0x20001030
10002338:	100019c1 	.word	0x100019c1

1000233c <__wrap_memset>:
1000233c:	4b01      	ldr	r3, [pc, #4]	@ (10002344 <__wrap_memset+0x8>)
1000233e:	681b      	ldr	r3, [r3, #0]
10002340:	4718      	bx	r3
10002342:	0000      	.short	0x0000
10002344:	20001030 	.word	0x20001030

10002348 <__wrap___aeabi_memcpy>:
10002348:	4b01      	ldr	r3, [pc, #4]	@ (10002350 <__wrap___aeabi_memcpy+0x8>)
1000234a:	685b      	ldr	r3, [r3, #4]
1000234c:	4718      	bx	r3
1000234e:	0000      	.short	0x0000
10002350:	20001030 	.word	0x20001030

10002354 <_out_char>:
10002354:	b510      	push	{r4, lr}
10002356:	2800      	cmp	r0, #0
10002358:	d100      	bne.n	1000235c <_out_char+0x8>
1000235a:	bd10      	pop	{r4, pc}
1000235c:	f000 f92c 	bl	100025b8 <__wrap_putchar>
10002360:	e7fb      	b.n	1000235a <_out_char+0x6>
10002362:	46c0      	nop			@ (mov r8, r8)

10002364 <weak_raw_vprintf>:
10002364:	b510      	push	{r4, lr}
10002366:	4a09      	ldr	r2, [pc, #36]	@ (1000238c <weak_raw_vprintf+0x28>)
10002368:	0003      	movs	r3, r0
1000236a:	6814      	ldr	r4, [r2, #0]
1000236c:	b084      	sub	sp, #16
1000236e:	2c00      	cmp	r4, #0
10002370:	d008      	beq.n	10002384 <weak_raw_vprintf+0x20>
10002372:	2201      	movs	r2, #1
10002374:	9100      	str	r1, [sp, #0]
10002376:	4806      	ldr	r0, [pc, #24]	@ (10002390 <weak_raw_vprintf+0x2c>)
10002378:	4252      	negs	r2, r2
1000237a:	a903      	add	r1, sp, #12
1000237c:	47a0      	blx	r4
1000237e:	2001      	movs	r0, #1
10002380:	b004      	add	sp, #16
10002382:	bd10      	pop	{r4, pc}
10002384:	f000 f962 	bl	1000264c <__wrap_puts>
10002388:	2000      	movs	r0, #0
1000238a:	e7f9      	b.n	10002380 <weak_raw_vprintf+0x1c>
1000238c:	20001cec 	.word	0x20001cec
10002390:	10002355 	.word	0x10002355

10002394 <_exit>:
10002394:	be00      	bkpt	0x0000
10002396:	e7fd      	b.n	10002394 <_exit>

10002398 <exit>:
10002398:	b510      	push	{r4, lr}
1000239a:	f7ff fffb 	bl	10002394 <_exit>
1000239e:	46c0      	nop			@ (mov r8, r8)

100023a0 <runtime_init>:
100023a0:	b570      	push	{r4, r5, r6, lr}
100023a2:	f7ff fb4b 	bl	10001a3c <runtime_run_initializers>
100023a6:	4d07      	ldr	r5, [pc, #28]	@ (100023c4 <runtime_init+0x24>)
100023a8:	4e07      	ldr	r6, [pc, #28]	@ (100023c8 <runtime_init+0x28>)
100023aa:	42b5      	cmp	r5, r6
100023ac:	d209      	bcs.n	100023c2 <runtime_init+0x22>
100023ae:	2400      	movs	r4, #0
100023b0:	3e01      	subs	r6, #1
100023b2:	1b76      	subs	r6, r6, r5
100023b4:	08b6      	lsrs	r6, r6, #2
100023b6:	cd08      	ldmia	r5!, {r3}
100023b8:	4798      	blx	r3
100023ba:	0023      	movs	r3, r4
100023bc:	3401      	adds	r4, #1
100023be:	42b3      	cmp	r3, r6
100023c0:	d1f9      	bne.n	100023b6 <runtime_init+0x16>
100023c2:	bd70      	pop	{r4, r5, r6, pc}
100023c4:	1000430c 	.word	0x1000430c
100023c8:	10004318 	.word	0x10004318

100023cc <stdio_out_chars_no_crlf>:
100023cc:	0003      	movs	r3, r0
100023ce:	b510      	push	{r4, lr}
100023d0:	0008      	movs	r0, r1
100023d2:	0011      	movs	r1, r2
100023d4:	681b      	ldr	r3, [r3, #0]
100023d6:	4798      	blx	r3
100023d8:	bd10      	pop	{r4, pc}
100023da:	46c0      	nop			@ (mov r8, r8)

100023dc <stdio_out_chars_crlf>:
100023dc:	b5f0      	push	{r4, r5, r6, r7, lr}
100023de:	46c6      	mov	lr, r8
100023e0:	b500      	push	{lr}
100023e2:	7d43      	ldrb	r3, [r0, #21]
100023e4:	0007      	movs	r7, r0
100023e6:	000c      	movs	r4, r1
100023e8:	0016      	movs	r6, r2
100023ea:	2b00      	cmp	r3, #0
100023ec:	d046      	beq.n	1000247c <stdio_out_chars_crlf+0xa0>
100023ee:	2a00      	cmp	r2, #0
100023f0:	dd17      	ble.n	10002422 <stdio_out_chars_crlf+0x46>
100023f2:	780b      	ldrb	r3, [r1, #0]
100023f4:	2b0a      	cmp	r3, #10
100023f6:	d024      	beq.n	10002442 <stdio_out_chars_crlf+0x66>
100023f8:	2300      	movs	r3, #0
100023fa:	4698      	mov	r8, r3
100023fc:	2e01      	cmp	r6, #1
100023fe:	d013      	beq.n	10002428 <stdio_out_chars_crlf+0x4c>
10002400:	2501      	movs	r5, #1
10002402:	0029      	movs	r1, r5
10002404:	5c63      	ldrb	r3, [r4, r1]
10002406:	3501      	adds	r5, #1
10002408:	2b0a      	cmp	r3, #10
1000240a:	d026      	beq.n	1000245a <stdio_out_chars_crlf+0x7e>
1000240c:	42b5      	cmp	r5, r6
1000240e:	d1f8      	bne.n	10002402 <stdio_out_chars_crlf+0x26>
10002410:	4546      	cmp	r6, r8
10002412:	dc09      	bgt.n	10002428 <stdio_out_chars_crlf+0x4c>
10002414:	19a4      	adds	r4, r4, r6
10002416:	3c01      	subs	r4, #1
10002418:	7823      	ldrb	r3, [r4, #0]
1000241a:	3b0d      	subs	r3, #13
1000241c:	425a      	negs	r2, r3
1000241e:	4153      	adcs	r3, r2
10002420:	753b      	strb	r3, [r7, #20]
10002422:	bc80      	pop	{r7}
10002424:	46b8      	mov	r8, r7
10002426:	bdf0      	pop	{r4, r5, r6, r7, pc}
10002428:	4643      	mov	r3, r8
1000242a:	18e0      	adds	r0, r4, r3
1000242c:	19a4      	adds	r4, r4, r6
1000242e:	1af1      	subs	r1, r6, r3
10002430:	3c01      	subs	r4, #1
10002432:	683b      	ldr	r3, [r7, #0]
10002434:	4798      	blx	r3
10002436:	7823      	ldrb	r3, [r4, #0]
10002438:	3b0d      	subs	r3, #13
1000243a:	425a      	negs	r2, r3
1000243c:	4153      	adcs	r3, r2
1000243e:	753b      	strb	r3, [r7, #20]
10002440:	e7ef      	b.n	10002422 <stdio_out_chars_crlf+0x46>
10002442:	7d03      	ldrb	r3, [r0, #20]
10002444:	2b00      	cmp	r3, #0
10002446:	d1d7      	bne.n	100023f8 <stdio_out_chars_crlf+0x1c>
10002448:	2102      	movs	r1, #2
1000244a:	480f      	ldr	r0, [pc, #60]	@ (10002488 <stdio_out_chars_crlf+0xac>)
1000244c:	683b      	ldr	r3, [r7, #0]
1000244e:	4798      	blx	r3
10002450:	2e01      	cmp	r6, #1
10002452:	d0df      	beq.n	10002414 <stdio_out_chars_crlf+0x38>
10002454:	2301      	movs	r3, #1
10002456:	4698      	mov	r8, r3
10002458:	e7d2      	b.n	10002400 <stdio_out_chars_crlf+0x24>
1000245a:	1e63      	subs	r3, r4, #1
1000245c:	5c5b      	ldrb	r3, [r3, r1]
1000245e:	2b0d      	cmp	r3, #13
10002460:	d0d4      	beq.n	1000240c <stdio_out_chars_crlf+0x30>
10002462:	4588      	cmp	r8, r1
10002464:	da04      	bge.n	10002470 <stdio_out_chars_crlf+0x94>
10002466:	4643      	mov	r3, r8
10002468:	1ac9      	subs	r1, r1, r3
1000246a:	18e0      	adds	r0, r4, r3
1000246c:	683b      	ldr	r3, [r7, #0]
1000246e:	4798      	blx	r3
10002470:	2102      	movs	r1, #2
10002472:	4805      	ldr	r0, [pc, #20]	@ (10002488 <stdio_out_chars_crlf+0xac>)
10002474:	683b      	ldr	r3, [r7, #0]
10002476:	46a8      	mov	r8, r5
10002478:	4798      	blx	r3
1000247a:	e7c7      	b.n	1000240c <stdio_out_chars_crlf+0x30>
1000247c:	6803      	ldr	r3, [r0, #0]
1000247e:	0011      	movs	r1, r2
10002480:	0020      	movs	r0, r4
10002482:	4798      	blx	r3
10002484:	e7cd      	b.n	10002422 <stdio_out_chars_crlf+0x46>
10002486:	46c0      	nop			@ (mov r8, r8)
10002488:	1000453c 	.word	0x1000453c

1000248c <stdio_put_string>:
1000248c:	b5f0      	push	{r4, r5, r6, r7, lr}
1000248e:	4645      	mov	r5, r8
10002490:	46de      	mov	lr, fp
10002492:	464e      	mov	r6, r9
10002494:	4657      	mov	r7, sl
10002496:	b5e0      	push	{r5, r6, r7, lr}
10002498:	b083      	sub	sp, #12
1000249a:	4691      	mov	r9, r2
1000249c:	001c      	movs	r4, r3
1000249e:	4680      	mov	r8, r0
100024a0:	000d      	movs	r5, r1
100024a2:	f7ff f851 	bl	10001548 <time_us_64>
100024a6:	2300      	movs	r3, #0
100024a8:	4a30      	ldr	r2, [pc, #192]	@ (1000256c <stdio_put_string+0xe0>)
100024aa:	1812      	adds	r2, r2, r0
100024ac:	414b      	adcs	r3, r1
100024ae:	2b00      	cmp	r3, #0
100024b0:	da02      	bge.n	100024b8 <stdio_put_string+0x2c>
100024b2:	2201      	movs	r2, #1
100024b4:	4b2e      	ldr	r3, [pc, #184]	@ (10002570 <stdio_put_string+0xe4>)
100024b6:	4252      	negs	r2, r2
100024b8:	492e      	ldr	r1, [pc, #184]	@ (10002574 <stdio_put_string+0xe8>)
100024ba:	0008      	movs	r0, r1
100024bc:	468a      	mov	sl, r1
100024be:	f001 fee7 	bl	10004290 <__mutex_try_enter_block_until_veneer>
100024c2:	0007      	movs	r7, r0
100024c4:	1c6b      	adds	r3, r5, #1
100024c6:	d103      	bne.n	100024d0 <stdio_put_string+0x44>
100024c8:	4640      	mov	r0, r8
100024ca:	f001 fe19 	bl	10004100 <strlen>
100024ce:	0005      	movs	r5, r0
100024d0:	2c00      	cmp	r4, #0
100024d2:	d027      	beq.n	10002524 <stdio_put_string+0x98>
100024d4:	4e28      	ldr	r6, [pc, #160]	@ (10002578 <stdio_put_string+0xec>)
100024d6:	4b29      	ldr	r3, [pc, #164]	@ (1000257c <stdio_put_string+0xf0>)
100024d8:	681c      	ldr	r4, [r3, #0]
100024da:	2c00      	cmp	r4, #0
100024dc:	d018      	beq.n	10002510 <stdio_put_string+0x84>
100024de:	464b      	mov	r3, r9
100024e0:	2b00      	cmp	r3, #0
100024e2:	d121      	bne.n	10002528 <stdio_put_string+0x9c>
100024e4:	4b26      	ldr	r3, [pc, #152]	@ (10002580 <stdio_put_string+0xf4>)
100024e6:	4699      	mov	r9, r3
100024e8:	e002      	b.n	100024f0 <stdio_put_string+0x64>
100024ea:	6924      	ldr	r4, [r4, #16]
100024ec:	2c00      	cmp	r4, #0
100024ee:	d00f      	beq.n	10002510 <stdio_put_string+0x84>
100024f0:	6823      	ldr	r3, [r4, #0]
100024f2:	2b00      	cmp	r3, #0
100024f4:	d0f9      	beq.n	100024ea <stdio_put_string+0x5e>
100024f6:	464b      	mov	r3, r9
100024f8:	681b      	ldr	r3, [r3, #0]
100024fa:	2b00      	cmp	r3, #0
100024fc:	d001      	beq.n	10002502 <stdio_put_string+0x76>
100024fe:	429c      	cmp	r4, r3
10002500:	d1f3      	bne.n	100024ea <stdio_put_string+0x5e>
10002502:	0020      	movs	r0, r4
10002504:	002a      	movs	r2, r5
10002506:	4641      	mov	r1, r8
10002508:	47b0      	blx	r6
1000250a:	6924      	ldr	r4, [r4, #16]
1000250c:	2c00      	cmp	r4, #0
1000250e:	d1ef      	bne.n	100024f0 <stdio_put_string+0x64>
10002510:	2f00      	cmp	r7, #0
10002512:	d126      	bne.n	10002562 <stdio_put_string+0xd6>
10002514:	0028      	movs	r0, r5
10002516:	b003      	add	sp, #12
10002518:	bcf0      	pop	{r4, r5, r6, r7}
1000251a:	46bb      	mov	fp, r7
1000251c:	46b2      	mov	sl, r6
1000251e:	46a9      	mov	r9, r5
10002520:	46a0      	mov	r8, r4
10002522:	bdf0      	pop	{r4, r5, r6, r7, pc}
10002524:	4e17      	ldr	r6, [pc, #92]	@ (10002584 <stdio_put_string+0xf8>)
10002526:	e7d6      	b.n	100024d6 <stdio_put_string+0x4a>
10002528:	4b15      	ldr	r3, [pc, #84]	@ (10002580 <stdio_put_string+0xf4>)
1000252a:	4699      	mov	r9, r3
1000252c:	230a      	movs	r3, #10
1000252e:	469b      	mov	fp, r3
10002530:	e002      	b.n	10002538 <stdio_put_string+0xac>
10002532:	6924      	ldr	r4, [r4, #16]
10002534:	2c00      	cmp	r4, #0
10002536:	d0eb      	beq.n	10002510 <stdio_put_string+0x84>
10002538:	6823      	ldr	r3, [r4, #0]
1000253a:	2b00      	cmp	r3, #0
1000253c:	d0f9      	beq.n	10002532 <stdio_put_string+0xa6>
1000253e:	464b      	mov	r3, r9
10002540:	681b      	ldr	r3, [r3, #0]
10002542:	2b00      	cmp	r3, #0
10002544:	d001      	beq.n	1000254a <stdio_put_string+0xbe>
10002546:	42a3      	cmp	r3, r4
10002548:	d1f3      	bne.n	10002532 <stdio_put_string+0xa6>
1000254a:	002a      	movs	r2, r5
1000254c:	4641      	mov	r1, r8
1000254e:	0020      	movs	r0, r4
10002550:	47b0      	blx	r6
10002552:	466b      	mov	r3, sp
10002554:	465a      	mov	r2, fp
10002556:	0020      	movs	r0, r4
10002558:	71da      	strb	r2, [r3, #7]
1000255a:	1dd9      	adds	r1, r3, #7
1000255c:	2201      	movs	r2, #1
1000255e:	47b0      	blx	r6
10002560:	e7e7      	b.n	10002532 <stdio_put_string+0xa6>
10002562:	4650      	mov	r0, sl
10002564:	f001 fe64 	bl	10004230 <__mutex_exit_veneer>
10002568:	e7d4      	b.n	10002514 <stdio_put_string+0x88>
1000256a:	46c0      	nop			@ (mov r8, r8)
1000256c:	000f4240 	.word	0x000f4240
10002570:	7fffffff 	.word	0x7fffffff
10002574:	2000107c 	.word	0x2000107c
10002578:	100023dd 	.word	0x100023dd
1000257c:	200018dc 	.word	0x200018dc
10002580:	200018e4 	.word	0x200018e4
10002584:	100023cd 	.word	0x100023cd

10002588 <stdio_set_driver_enabled>:
10002588:	4a0a      	ldr	r2, [pc, #40]	@ (100025b4 <stdio_set_driver_enabled+0x2c>)
1000258a:	6813      	ldr	r3, [r2, #0]
1000258c:	2b00      	cmp	r3, #0
1000258e:	d105      	bne.n	1000259c <stdio_set_driver_enabled+0x14>
10002590:	e00c      	b.n	100025ac <stdio_set_driver_enabled+0x24>
10002592:	001a      	movs	r2, r3
10002594:	691b      	ldr	r3, [r3, #16]
10002596:	3210      	adds	r2, #16
10002598:	2b00      	cmp	r3, #0
1000259a:	d007      	beq.n	100025ac <stdio_set_driver_enabled+0x24>
1000259c:	4283      	cmp	r3, r0
1000259e:	d1f8      	bne.n	10002592 <stdio_set_driver_enabled+0xa>
100025a0:	2900      	cmp	r1, #0
100025a2:	d102      	bne.n	100025aa <stdio_set_driver_enabled+0x22>
100025a4:	6918      	ldr	r0, [r3, #16]
100025a6:	6010      	str	r0, [r2, #0]
100025a8:	6119      	str	r1, [r3, #16]
100025aa:	4770      	bx	lr
100025ac:	2900      	cmp	r1, #0
100025ae:	d0fc      	beq.n	100025aa <stdio_set_driver_enabled+0x22>
100025b0:	6010      	str	r0, [r2, #0]
100025b2:	e7fa      	b.n	100025aa <stdio_set_driver_enabled+0x22>
100025b4:	200018dc 	.word	0x200018dc

100025b8 <__wrap_putchar>:
100025b8:	b5f0      	push	{r4, r5, r6, r7, lr}
100025ba:	46ce      	mov	lr, r9
100025bc:	4647      	mov	r7, r8
100025be:	b580      	push	{r7, lr}
100025c0:	b083      	sub	sp, #12
100025c2:	466b      	mov	r3, sp
100025c4:	0006      	movs	r6, r0
100025c6:	1ddd      	adds	r5, r3, #7
100025c8:	7028      	strb	r0, [r5, #0]
100025ca:	f7fe ffbd 	bl	10001548 <time_us_64>
100025ce:	2300      	movs	r3, #0
100025d0:	4a19      	ldr	r2, [pc, #100]	@ (10002638 <__wrap_putchar+0x80>)
100025d2:	1812      	adds	r2, r2, r0
100025d4:	414b      	adcs	r3, r1
100025d6:	2b00      	cmp	r3, #0
100025d8:	da02      	bge.n	100025e0 <__wrap_putchar+0x28>
100025da:	2201      	movs	r2, #1
100025dc:	4b17      	ldr	r3, [pc, #92]	@ (1000263c <__wrap_putchar+0x84>)
100025de:	4252      	negs	r2, r2
100025e0:	4917      	ldr	r1, [pc, #92]	@ (10002640 <__wrap_putchar+0x88>)
100025e2:	0008      	movs	r0, r1
100025e4:	4688      	mov	r8, r1
100025e6:	f001 fe53 	bl	10004290 <__mutex_try_enter_block_until_veneer>
100025ea:	4b16      	ldr	r3, [pc, #88]	@ (10002644 <__wrap_putchar+0x8c>)
100025ec:	4681      	mov	r9, r0
100025ee:	681c      	ldr	r4, [r3, #0]
100025f0:	2c00      	cmp	r4, #0
100025f2:	d014      	beq.n	1000261e <__wrap_putchar+0x66>
100025f4:	4f14      	ldr	r7, [pc, #80]	@ (10002648 <__wrap_putchar+0x90>)
100025f6:	e002      	b.n	100025fe <__wrap_putchar+0x46>
100025f8:	6924      	ldr	r4, [r4, #16]
100025fa:	2c00      	cmp	r4, #0
100025fc:	d00f      	beq.n	1000261e <__wrap_putchar+0x66>
100025fe:	6823      	ldr	r3, [r4, #0]
10002600:	2b00      	cmp	r3, #0
10002602:	d0f9      	beq.n	100025f8 <__wrap_putchar+0x40>
10002604:	683b      	ldr	r3, [r7, #0]
10002606:	2b00      	cmp	r3, #0
10002608:	d001      	beq.n	1000260e <__wrap_putchar+0x56>
1000260a:	429c      	cmp	r4, r3
1000260c:	d1f4      	bne.n	100025f8 <__wrap_putchar+0x40>
1000260e:	0020      	movs	r0, r4
10002610:	2201      	movs	r2, #1
10002612:	0029      	movs	r1, r5
10002614:	f7ff fee2 	bl	100023dc <stdio_out_chars_crlf>
10002618:	6924      	ldr	r4, [r4, #16]
1000261a:	2c00      	cmp	r4, #0
1000261c:	d1ef      	bne.n	100025fe <__wrap_putchar+0x46>
1000261e:	464b      	mov	r3, r9
10002620:	2b00      	cmp	r3, #0
10002622:	d105      	bne.n	10002630 <__wrap_putchar+0x78>
10002624:	0030      	movs	r0, r6
10002626:	b003      	add	sp, #12
10002628:	bcc0      	pop	{r6, r7}
1000262a:	46b9      	mov	r9, r7
1000262c:	46b0      	mov	r8, r6
1000262e:	bdf0      	pop	{r4, r5, r6, r7, pc}
10002630:	4640      	mov	r0, r8
10002632:	f001 fdfd 	bl	10004230 <__mutex_exit_veneer>
10002636:	e7f5      	b.n	10002624 <__wrap_putchar+0x6c>
10002638:	000f4240 	.word	0x000f4240
1000263c:	7fffffff 	.word	0x7fffffff
10002640:	2000107c 	.word	0x2000107c
10002644:	200018dc 	.word	0x200018dc
10002648:	200018e4 	.word	0x200018e4

1000264c <__wrap_puts>:
1000264c:	b570      	push	{r4, r5, r6, lr}
1000264e:	0004      	movs	r4, r0
10002650:	f001 fd56 	bl	10004100 <strlen>
10002654:	2301      	movs	r3, #1
10002656:	0001      	movs	r1, r0
10002658:	0005      	movs	r5, r0
1000265a:	2201      	movs	r2, #1
1000265c:	0020      	movs	r0, r4
1000265e:	f7ff ff15 	bl	1000248c <stdio_put_string>
10002662:	4b08      	ldr	r3, [pc, #32]	@ (10002684 <__wrap_puts+0x38>)
10002664:	681c      	ldr	r4, [r3, #0]
10002666:	2c00      	cmp	r4, #0
10002668:	d006      	beq.n	10002678 <__wrap_puts+0x2c>
1000266a:	6863      	ldr	r3, [r4, #4]
1000266c:	2b00      	cmp	r3, #0
1000266e:	d005      	beq.n	1000267c <__wrap_puts+0x30>
10002670:	4798      	blx	r3
10002672:	6924      	ldr	r4, [r4, #16]
10002674:	2c00      	cmp	r4, #0
10002676:	d1f8      	bne.n	1000266a <__wrap_puts+0x1e>
10002678:	0028      	movs	r0, r5
1000267a:	bd70      	pop	{r4, r5, r6, pc}
1000267c:	6924      	ldr	r4, [r4, #16]
1000267e:	2c00      	cmp	r4, #0
10002680:	d1f3      	bne.n	1000266a <__wrap_puts+0x1e>
10002682:	e7f9      	b.n	10002678 <__wrap_puts+0x2c>
10002684:	200018dc 	.word	0x200018dc

10002688 <stdio_uart_out_chars>:
10002688:	b5f0      	push	{r4, r5, r6, r7, lr}
1000268a:	2900      	cmp	r1, #0
1000268c:	dd15      	ble.n	100026ba <stdio_uart_out_chars+0x32>
1000268e:	4b0e      	ldr	r3, [pc, #56]	@ (100026c8 <stdio_uart_out_chars+0x40>)
10002690:	270d      	movs	r7, #13
10002692:	681a      	ldr	r2, [r3, #0]
10002694:	4b0d      	ldr	r3, [pc, #52]	@ (100026cc <stdio_uart_out_chars+0x44>)
10002696:	4c0e      	ldr	r4, [pc, #56]	@ (100026d0 <stdio_uart_out_chars+0x48>)
10002698:	18d3      	adds	r3, r2, r3
1000269a:	425d      	negs	r5, r3
1000269c:	416b      	adcs	r3, r5
1000269e:	1845      	adds	r5, r0, r1
100026a0:	2120      	movs	r1, #32
100026a2:	005b      	lsls	r3, r3, #1
100026a4:	5f1e      	ldrsh	r6, [r3, r4]
100026a6:	7804      	ldrb	r4, [r0, #0]
100026a8:	42a6      	cmp	r6, r4
100026aa:	d007      	beq.n	100026bc <stdio_uart_out_chars+0x34>
100026ac:	6993      	ldr	r3, [r2, #24]
100026ae:	4219      	tst	r1, r3
100026b0:	d1fc      	bne.n	100026ac <stdio_uart_out_chars+0x24>
100026b2:	3001      	adds	r0, #1
100026b4:	6014      	str	r4, [r2, #0]
100026b6:	42a8      	cmp	r0, r5
100026b8:	d1f5      	bne.n	100026a6 <stdio_uart_out_chars+0x1e>
100026ba:	bdf0      	pop	{r4, r5, r6, r7, pc}
100026bc:	6993      	ldr	r3, [r2, #24]
100026be:	4219      	tst	r1, r3
100026c0:	d1fc      	bne.n	100026bc <stdio_uart_out_chars+0x34>
100026c2:	6017      	str	r7, [r2, #0]
100026c4:	e7f2      	b.n	100026ac <stdio_uart_out_chars+0x24>
100026c6:	46c0      	nop			@ (mov r8, r8)
100026c8:	20001d34 	.word	0x20001d34
100026cc:	bffc8000 	.word	0xbffc8000
100026d0:	20001d2c 	.word	0x20001d2c

100026d4 <stdio_uart_in_chars>:
100026d4:	4b20      	ldr	r3, [pc, #128]	@ (10002758 <stdio_uart_in_chars+0x84>)
100026d6:	b570      	push	{r4, r5, r6, lr}
100026d8:	0004      	movs	r4, r0
100026da:	1e0d      	subs	r5, r1, #0
100026dc:	681e      	ldr	r6, [r3, #0]
100026de:	dd2a      	ble.n	10002736 <stdio_uart_in_chars+0x62>
100026e0:	2000      	movs	r0, #0
100026e2:	2110      	movs	r1, #16
100026e4:	4b1d      	ldr	r3, [pc, #116]	@ (1000275c <stdio_uart_in_chars+0x88>)
100026e6:	3c01      	subs	r4, #1
100026e8:	681a      	ldr	r2, [r3, #0]
100026ea:	6993      	ldr	r3, [r2, #24]
100026ec:	4219      	tst	r1, r3
100026ee:	d114      	bne.n	1000271a <stdio_uart_in_chars+0x46>
100026f0:	3001      	adds	r0, #1
100026f2:	6993      	ldr	r3, [r2, #24]
100026f4:	4219      	tst	r1, r3
100026f6:	d1fc      	bne.n	100026f2 <stdio_uart_in_chars+0x1e>
100026f8:	6813      	ldr	r3, [r2, #0]
100026fa:	5423      	strb	r3, [r4, r0]
100026fc:	4285      	cmp	r5, r0
100026fe:	d1f4      	bne.n	100026ea <stdio_uart_in_chars+0x16>
10002700:	2e00      	cmp	r6, #0
10002702:	d008      	beq.n	10002716 <stdio_uart_in_chars+0x42>
10002704:	2350      	movs	r3, #80	@ 0x50
10002706:	6393      	str	r3, [r2, #56]	@ 0x38
10002708:	6b51      	ldr	r1, [r2, #52]	@ 0x34
1000270a:	3b18      	subs	r3, #24
1000270c:	400b      	ands	r3, r1
1000270e:	4914      	ldr	r1, [pc, #80]	@ (10002760 <stdio_uart_in_chars+0x8c>)
10002710:	468c      	mov	ip, r1
10002712:	4462      	add	r2, ip
10002714:	6013      	str	r3, [r2, #0]
10002716:	0028      	movs	r0, r5
10002718:	bd70      	pop	{r4, r5, r6, pc}
1000271a:	2e00      	cmp	r6, #0
1000271c:	d008      	beq.n	10002730 <stdio_uart_in_chars+0x5c>
1000271e:	2350      	movs	r3, #80	@ 0x50
10002720:	6393      	str	r3, [r2, #56]	@ 0x38
10002722:	6b51      	ldr	r1, [r2, #52]	@ 0x34
10002724:	3b18      	subs	r3, #24
10002726:	400b      	ands	r3, r1
10002728:	490d      	ldr	r1, [pc, #52]	@ (10002760 <stdio_uart_in_chars+0x8c>)
1000272a:	468c      	mov	ip, r1
1000272c:	4462      	add	r2, ip
1000272e:	6013      	str	r3, [r2, #0]
10002730:	2800      	cmp	r0, #0
10002732:	d1f1      	bne.n	10002718 <stdio_uart_in_chars+0x44>
10002734:	e00c      	b.n	10002750 <stdio_uart_in_chars+0x7c>
10002736:	2e00      	cmp	r6, #0
10002738:	d00a      	beq.n	10002750 <stdio_uart_in_chars+0x7c>
1000273a:	2250      	movs	r2, #80	@ 0x50
1000273c:	4b07      	ldr	r3, [pc, #28]	@ (1000275c <stdio_uart_in_chars+0x88>)
1000273e:	681b      	ldr	r3, [r3, #0]
10002740:	639a      	str	r2, [r3, #56]	@ 0x38
10002742:	6b59      	ldr	r1, [r3, #52]	@ 0x34
10002744:	3a18      	subs	r2, #24
10002746:	400a      	ands	r2, r1
10002748:	4905      	ldr	r1, [pc, #20]	@ (10002760 <stdio_uart_in_chars+0x8c>)
1000274a:	468c      	mov	ip, r1
1000274c:	4463      	add	r3, ip
1000274e:	601a      	str	r2, [r3, #0]
10002750:	2003      	movs	r0, #3
10002752:	4240      	negs	r0, r0
10002754:	e7e0      	b.n	10002718 <stdio_uart_in_chars+0x44>
10002756:	46c0      	nop			@ (mov r8, r8)
10002758:	200018a4 	.word	0x200018a4
1000275c:	20001d34 	.word	0x20001d34
10002760:	00001034 	.word	0x00001034

10002764 <on_uart_rx>:
10002764:	4b06      	ldr	r3, [pc, #24]	@ (10002780 <on_uart_rx+0x1c>)
10002766:	b510      	push	{r4, lr}
10002768:	681b      	ldr	r3, [r3, #0]
1000276a:	2b00      	cmp	r3, #0
1000276c:	d006      	beq.n	1000277c <on_uart_rx+0x18>
1000276e:	2100      	movs	r1, #0
10002770:	4a04      	ldr	r2, [pc, #16]	@ (10002784 <on_uart_rx+0x20>)
10002772:	6812      	ldr	r2, [r2, #0]
10002774:	6391      	str	r1, [r2, #56]	@ 0x38
10002776:	4a04      	ldr	r2, [pc, #16]	@ (10002788 <on_uart_rx+0x24>)
10002778:	6810      	ldr	r0, [r2, #0]
1000277a:	4798      	blx	r3
1000277c:	bd10      	pop	{r4, pc}
1000277e:	46c0      	nop			@ (mov r8, r8)
10002780:	200018a4 	.word	0x200018a4
10002784:	20001d34 	.word	0x20001d34
10002788:	200018a8 	.word	0x200018a8

1000278c <stdio_uart_out_flush>:
1000278c:	2208      	movs	r2, #8
1000278e:	4b03      	ldr	r3, [pc, #12]	@ (1000279c <stdio_uart_out_flush+0x10>)
10002790:	6819      	ldr	r1, [r3, #0]
10002792:	698b      	ldr	r3, [r1, #24]
10002794:	421a      	tst	r2, r3
10002796:	d1fc      	bne.n	10002792 <stdio_uart_out_flush+0x6>
10002798:	4770      	bx	lr
1000279a:	46c0      	nop			@ (mov r8, r8)
1000279c:	20001d34 	.word	0x20001d34

100027a0 <stdio_uart_set_chars_available_callback>:
100027a0:	b5f8      	push	{r3, r4, r5, r6, r7, lr}
100027a2:	4f1a      	ldr	r7, [pc, #104]	@ (1000280c <stdio_uart_set_chars_available_callback+0x6c>)
100027a4:	4b1a      	ldr	r3, [pc, #104]	@ (10002810 <stdio_uart_set_chars_available_callback+0x70>)
100027a6:	683a      	ldr	r2, [r7, #0]
100027a8:	0005      	movs	r5, r0
100027aa:	18d3      	adds	r3, r2, r3
100027ac:	4258      	negs	r0, r3
100027ae:	4143      	adcs	r3, r0
100027b0:	4e18      	ldr	r6, [pc, #96]	@ (10002814 <stdio_uart_set_chars_available_callback+0x74>)
100027b2:	3314      	adds	r3, #20
100027b4:	001c      	movs	r4, r3
100027b6:	6833      	ldr	r3, [r6, #0]
100027b8:	2d00      	cmp	r5, #0
100027ba:	d002      	beq.n	100027c2 <stdio_uart_set_chars_available_callback+0x22>
100027bc:	2b00      	cmp	r3, #0
100027be:	d00f      	beq.n	100027e0 <stdio_uart_set_chars_available_callback+0x40>
100027c0:	bdf8      	pop	{r3, r4, r5, r6, r7, pc}
100027c2:	2b00      	cmp	r3, #0
100027c4:	d0fc      	beq.n	100027c0 <stdio_uart_set_chars_available_callback+0x20>
100027c6:	2100      	movs	r1, #0
100027c8:	0020      	movs	r0, r4
100027ca:	6395      	str	r5, [r2, #56]	@ 0x38
100027cc:	f7fe f848 	bl	10000860 <irq_set_enabled>
100027d0:	0020      	movs	r0, r4
100027d2:	4911      	ldr	r1, [pc, #68]	@ (10002818 <stdio_uart_set_chars_available_callback+0x78>)
100027d4:	f7fe f97a 	bl	10000acc <irq_remove_handler>
100027d8:	4b10      	ldr	r3, [pc, #64]	@ (1000281c <stdio_uart_set_chars_available_callback+0x7c>)
100027da:	6035      	str	r5, [r6, #0]
100027dc:	601d      	str	r5, [r3, #0]
100027de:	e7ef      	b.n	100027c0 <stdio_uart_set_chars_available_callback+0x20>
100027e0:	4b0e      	ldr	r3, [pc, #56]	@ (1000281c <stdio_uart_set_chars_available_callback+0x7c>)
100027e2:	0020      	movs	r0, r4
100027e4:	6019      	str	r1, [r3, #0]
100027e6:	490c      	ldr	r1, [pc, #48]	@ (10002818 <stdio_uart_set_chars_available_callback+0x78>)
100027e8:	6035      	str	r5, [r6, #0]
100027ea:	f7fe f84b 	bl	10000884 <irq_set_exclusive_handler>
100027ee:	2101      	movs	r1, #1
100027f0:	0020      	movs	r0, r4
100027f2:	f7fe f835 	bl	10000860 <irq_set_enabled>
100027f6:	2250      	movs	r2, #80	@ 0x50
100027f8:	683b      	ldr	r3, [r7, #0]
100027fa:	639a      	str	r2, [r3, #56]	@ 0x38
100027fc:	6b59      	ldr	r1, [r3, #52]	@ 0x34
100027fe:	3a18      	subs	r2, #24
10002800:	400a      	ands	r2, r1
10002802:	4907      	ldr	r1, [pc, #28]	@ (10002820 <stdio_uart_set_chars_available_callback+0x80>)
10002804:	468c      	mov	ip, r1
10002806:	4463      	add	r3, ip
10002808:	601a      	str	r2, [r3, #0]
1000280a:	e7d9      	b.n	100027c0 <stdio_uart_set_chars_available_callback+0x20>
1000280c:	20001d34 	.word	0x20001d34
10002810:	bffc8000 	.word	0xbffc8000
10002814:	200018a4 	.word	0x200018a4
10002818:	10002765 	.word	0x10002765
1000281c:	200018a8 	.word	0x200018a8
10002820:	00001034 	.word	0x00001034

10002824 <stdio_uart_init_full>:
10002824:	b570      	push	{r4, r5, r6, lr}
10002826:	4e0c      	ldr	r6, [pc, #48]	@ (10002858 <stdio_uart_init_full+0x34>)
10002828:	000d      	movs	r5, r1
1000282a:	001c      	movs	r4, r3
1000282c:	6030      	str	r0, [r6, #0]
1000282e:	2a00      	cmp	r2, #0
10002830:	db03      	blt.n	1000283a <stdio_uart_init_full+0x16>
10002832:	2102      	movs	r1, #2
10002834:	0010      	movs	r0, r2
10002836:	f7fd ff01 	bl	1000063c <gpio_set_function>
1000283a:	2c00      	cmp	r4, #0
1000283c:	db03      	blt.n	10002846 <stdio_uart_init_full+0x22>
1000283e:	2102      	movs	r1, #2
10002840:	0020      	movs	r0, r4
10002842:	f7fd fefb 	bl	1000063c <gpio_set_function>
10002846:	0029      	movs	r1, r5
10002848:	6830      	ldr	r0, [r6, #0]
1000284a:	f7fe fecb 	bl	100015e4 <uart_init>
1000284e:	2101      	movs	r1, #1
10002850:	4802      	ldr	r0, [pc, #8]	@ (1000285c <stdio_uart_init_full+0x38>)
10002852:	f7ff fe99 	bl	10002588 <stdio_set_driver_enabled>
10002856:	bd70      	pop	{r4, r5, r6, pc}
10002858:	20001d34 	.word	0x20001d34
1000285c:	20001040 	.word	0x20001040

10002860 <dcd_init>:
10002860:	b5f8      	push	{r3, r4, r5, r6, r7, lr}
10002862:	f000 f947 	bl	10002af4 <rp2040_usb_init>
10002866:	230c      	movs	r3, #12
10002868:	4d19      	ldr	r5, [pc, #100]	@ (100028d0 <dcd_init+0x70>)
1000286a:	22ff      	movs	r2, #255	@ 0xff
1000286c:	67ab      	str	r3, [r5, #120]	@ 0x78
1000286e:	2005      	movs	r0, #5
10002870:	4918      	ldr	r1, [pc, #96]	@ (100028d4 <dcd_init+0x74>)
10002872:	f7fe f831 	bl	100008d8 <irq_add_shared_handler>
10002876:	4c18      	ldr	r4, [pc, #96]	@ (100028d8 <dcd_init+0x78>)
10002878:	2240      	movs	r2, #64	@ 0x40
1000287a:	2100      	movs	r1, #0
1000287c:	0020      	movs	r0, r4
1000287e:	f7ff fd5d 	bl	1000233c <__wrap_memset>
10002882:	2740      	movs	r7, #64	@ 0x40
10002884:	2300      	movs	r3, #0
10002886:	2601      	movs	r6, #1
10002888:	2121      	movs	r1, #33	@ 0x21
1000288a:	4a14      	ldr	r2, [pc, #80]	@ (100028dc <dcd_init+0x7c>)
1000288c:	7066      	strb	r6, [r4, #1]
1000288e:	8327      	strh	r7, [r4, #24]
10002890:	60a2      	str	r2, [r4, #8]
10002892:	6013      	str	r3, [r2, #0]
10002894:	5463      	strb	r3, [r4, r1]
10002896:	315f      	adds	r1, #95	@ 0x5f
10002898:	8461      	strh	r1, [r4, #34]	@ 0x22
1000289a:	3945      	subs	r1, #69	@ 0x45
1000289c:	5463      	strb	r3, [r4, r1]
1000289e:	4a10      	ldr	r2, [pc, #64]	@ (100028e0 <dcd_init+0x80>)
100028a0:	4910      	ldr	r1, [pc, #64]	@ (100028e4 <dcd_init+0x84>)
100028a2:	6063      	str	r3, [r4, #4]
100028a4:	60e2      	str	r2, [r4, #12]
100028a6:	8727      	strh	r7, [r4, #56]	@ 0x38
100028a8:	62a1      	str	r1, [r4, #40]	@ 0x28
100028aa:	600b      	str	r3, [r1, #0]
100028ac:	6263      	str	r3, [r4, #36]	@ 0x24
100028ae:	62e2      	str	r2, [r4, #44]	@ 0x2c
100028b0:	f001 fcd6 	bl	10004260 <__reset_non_control_endpoints_veneer>
100028b4:	2380      	movs	r3, #128	@ 0x80
100028b6:	059b      	lsls	r3, r3, #22
100028b8:	642e      	str	r6, [r5, #64]	@ 0x40
100028ba:	64eb      	str	r3, [r5, #76]	@ 0x4c
100028bc:	2390      	movs	r3, #144	@ 0x90
100028be:	4a0a      	ldr	r2, [pc, #40]	@ (100028e8 <dcd_init+0x88>)
100028c0:	2001      	movs	r0, #1
100028c2:	50ea      	str	r2, [r5, r3]
100028c4:	2280      	movs	r2, #128	@ 0x80
100028c6:	4b09      	ldr	r3, [pc, #36]	@ (100028ec <dcd_init+0x8c>)
100028c8:	0252      	lsls	r2, r2, #9
100028ca:	64da      	str	r2, [r3, #76]	@ 0x4c
100028cc:	bdf8      	pop	{r3, r4, r5, r6, r7, pc}
100028ce:	46c0      	nop			@ (mov r8, r8)
100028d0:	50110000 	.word	0x50110000
100028d4:	20000315 	.word	0x20000315
100028d8:	200018e8 	.word	0x200018e8
100028dc:	50100084 	.word	0x50100084
100028e0:	50100100 	.word	0x50100100
100028e4:	50100080 	.word	0x50100080
100028e8:	0001d010 	.word	0x0001d010
100028ec:	50112000 	.word	0x50112000

100028f0 <dcd_int_enable>:
100028f0:	b510      	push	{r4, lr}
100028f2:	2101      	movs	r1, #1
100028f4:	2005      	movs	r0, #5
100028f6:	f7fd ffb3 	bl	10000860 <irq_set_enabled>
100028fa:	bd10      	pop	{r4, pc}

100028fc <dcd_set_address>:
100028fc:	b510      	push	{r4, lr}
100028fe:	2200      	movs	r2, #0
10002900:	2100      	movs	r1, #0
10002902:	4802      	ldr	r0, [pc, #8]	@ (1000290c <dcd_set_address+0x10>)
10002904:	f000 f916 	bl	10002b34 <hw_endpoint_xfer_start>
10002908:	bd10      	pop	{r4, pc}
1000290a:	46c0      	nop			@ (mov r8, r8)
1000290c:	20001908 	.word	0x20001908

10002910 <dcd_sof_enable>:
10002910:	4b04      	ldr	r3, [pc, #16]	@ (10002924 <dcd_sof_enable+0x14>)
10002912:	7019      	strb	r1, [r3, #0]
10002914:	2900      	cmp	r1, #0
10002916:	d004      	beq.n	10002922 <dcd_sof_enable+0x12>
10002918:	2180      	movs	r1, #128	@ 0x80
1000291a:	2390      	movs	r3, #144	@ 0x90
1000291c:	4a02      	ldr	r2, [pc, #8]	@ (10002928 <dcd_sof_enable+0x18>)
1000291e:	0289      	lsls	r1, r1, #10
10002920:	50d1      	str	r1, [r2, r3]
10002922:	4770      	bx	lr
10002924:	20001d39 	.word	0x20001d39
10002928:	50112000 	.word	0x50112000

1000292c <dcd_edpt0_status_complete>:
1000292c:	780b      	ldrb	r3, [r1, #0]
1000292e:	065b      	lsls	r3, r3, #25
10002930:	d102      	bne.n	10002938 <dcd_edpt0_status_complete+0xc>
10002932:	784b      	ldrb	r3, [r1, #1]
10002934:	2b05      	cmp	r3, #5
10002936:	d000      	beq.n	1000293a <dcd_edpt0_status_complete+0xe>
10002938:	4770      	bx	lr
1000293a:	788a      	ldrb	r2, [r1, #2]
1000293c:	4b01      	ldr	r3, [pc, #4]	@ (10002944 <dcd_edpt0_status_complete+0x18>)
1000293e:	601a      	str	r2, [r3, #0]
10002940:	e7fa      	b.n	10002938 <dcd_edpt0_status_complete+0xc>
10002942:	46c0      	nop			@ (mov r8, r8)
10002944:	50110000 	.word	0x50110000

10002948 <dcd_edpt_open>:
10002948:	b5f0      	push	{r4, r5, r6, r7, lr}
1000294a:	46c6      	mov	lr, r8
1000294c:	78c8      	ldrb	r0, [r1, #3]
1000294e:	b500      	push	{lr}
10002950:	0780      	lsls	r0, r0, #30
10002952:	0f83      	lsrs	r3, r0, #30
10002954:	0018      	movs	r0, r3
10002956:	2b01      	cmp	r3, #1
10002958:	d060      	beq.n	10002a1c <dcd_edpt_open+0xd4>
1000295a:	788f      	ldrb	r7, [r1, #2]
1000295c:	790a      	ldrb	r2, [r1, #4]
1000295e:	794b      	ldrb	r3, [r1, #5]
10002960:	217f      	movs	r1, #127	@ 0x7f
10002962:	4039      	ands	r1, r7
10002964:	09fc      	lsrs	r4, r7, #7
10002966:	021b      	lsls	r3, r3, #8
10002968:	004e      	lsls	r6, r1, #1
1000296a:	4313      	orrs	r3, r2
1000296c:	4d33      	ldr	r5, [pc, #204]	@ (10002a3c <dcd_edpt_open+0xf4>)
1000296e:	1932      	adds	r2, r6, r4
10002970:	0152      	lsls	r2, r2, #5
10002972:	18aa      	adds	r2, r5, r2
10002974:	7097      	strb	r7, [r2, #2]
10002976:	2701      	movs	r7, #1
10002978:	4067      	eors	r7, r4
1000297a:	7057      	strb	r7, [r2, #1]
1000297c:	2700      	movs	r7, #0
1000297e:	055b      	lsls	r3, r3, #21
10002980:	0d5b      	lsrs	r3, r3, #21
10002982:	70d7      	strb	r7, [r2, #3]
10002984:	8313      	strh	r3, [r2, #24]
10002986:	76d0      	strb	r0, [r2, #27]
10002988:	46b8      	mov	r8, r7
1000298a:	00ca      	lsls	r2, r1, #3
1000298c:	2c01      	cmp	r4, #1
1000298e:	d032      	beq.n	100029f6 <dcd_edpt_open+0xae>
10002990:	4f2b      	ldr	r7, [pc, #172]	@ (10002a40 <dcd_edpt_open+0xf8>)
10002992:	46bc      	mov	ip, r7
10002994:	018f      	lsls	r7, r1, #6
10002996:	4462      	add	r2, ip
10002998:	46bc      	mov	ip, r7
1000299a:	44ac      	add	ip, r5
1000299c:	4667      	mov	r7, ip
1000299e:	60ba      	str	r2, [r7, #8]
100029a0:	4647      	mov	r7, r8
100029a2:	6017      	str	r7, [r2, #0]
100029a4:	2900      	cmp	r1, #0
100029a6:	d032      	beq.n	10002a0e <dcd_edpt_open+0xc6>
100029a8:	4a26      	ldr	r2, [pc, #152]	@ (10002a44 <dcd_edpt_open+0xfc>)
100029aa:	00c9      	lsls	r1, r1, #3
100029ac:	4690      	mov	r8, r2
100029ae:	4662      	mov	r2, ip
100029b0:	4441      	add	r1, r8
100029b2:	6051      	str	r1, [r2, #4]
100029b4:	223f      	movs	r2, #63	@ 0x3f
100029b6:	333f      	adds	r3, #63	@ 0x3f
100029b8:	4393      	bics	r3, r2
100029ba:	2802      	cmp	r0, #2
100029bc:	d037      	beq.n	10002a2e <dcd_edpt_open+0xe6>
100029be:	4922      	ldr	r1, [pc, #136]	@ (10002a48 <dcd_edpt_open+0x100>)
100029c0:	1937      	adds	r7, r6, r4
100029c2:	680a      	ldr	r2, [r1, #0]
100029c4:	017f      	lsls	r7, r7, #5
100029c6:	18d3      	adds	r3, r2, r3
100029c8:	600b      	str	r3, [r1, #0]
100029ca:	4920      	ldr	r1, [pc, #128]	@ (10002a4c <dcd_edpt_open+0x104>)
100029cc:	19ef      	adds	r7, r5, r7
100029ce:	60fa      	str	r2, [r7, #12]
100029d0:	428b      	cmp	r3, r1
100029d2:	d82e      	bhi.n	10002a32 <dcd_edpt_open+0xea>
100029d4:	1936      	adds	r6, r6, r4
100029d6:	0176      	lsls	r6, r6, #5
100029d8:	19ad      	adds	r5, r5, r6
100029da:	7eeb      	ldrb	r3, [r5, #27]
100029dc:	491c      	ldr	r1, [pc, #112]	@ (10002a50 <dcd_edpt_open+0x108>)
100029de:	069b      	lsls	r3, r3, #26
100029e0:	404a      	eors	r2, r1
100029e2:	4313      	orrs	r3, r2
100029e4:	2280      	movs	r2, #128	@ 0x80
100029e6:	0612      	lsls	r2, r2, #24
100029e8:	4313      	orrs	r3, r2
100029ea:	686a      	ldr	r2, [r5, #4]
100029ec:	6013      	str	r3, [r2, #0]
100029ee:	2001      	movs	r0, #1
100029f0:	bc80      	pop	{r7}
100029f2:	46b8      	mov	r8, r7
100029f4:	bdf0      	pop	{r4, r5, r6, r7, pc}
100029f6:	4f17      	ldr	r7, [pc, #92]	@ (10002a54 <dcd_edpt_open+0x10c>)
100029f8:	46bc      	mov	ip, r7
100029fa:	018f      	lsls	r7, r1, #6
100029fc:	4462      	add	r2, ip
100029fe:	46bc      	mov	ip, r7
10002a00:	44ac      	add	ip, r5
10002a02:	4667      	mov	r7, ip
10002a04:	62ba      	str	r2, [r7, #40]	@ 0x28
10002a06:	4647      	mov	r7, r8
10002a08:	6017      	str	r7, [r2, #0]
10002a0a:	2900      	cmp	r1, #0
10002a0c:	d108      	bne.n	10002a20 <dcd_edpt_open+0xd8>
10002a0e:	2300      	movs	r3, #0
10002a10:	0164      	lsls	r4, r4, #5
10002a12:	192c      	adds	r4, r5, r4
10002a14:	6063      	str	r3, [r4, #4]
10002a16:	4b10      	ldr	r3, [pc, #64]	@ (10002a58 <dcd_edpt_open+0x110>)
10002a18:	60e3      	str	r3, [r4, #12]
10002a1a:	e7e8      	b.n	100029ee <dcd_edpt_open+0xa6>
10002a1c:	2000      	movs	r0, #0
10002a1e:	e7e7      	b.n	100029f0 <dcd_edpt_open+0xa8>
10002a20:	4a0b      	ldr	r2, [pc, #44]	@ (10002a50 <dcd_edpt_open+0x108>)
10002a22:	00c9      	lsls	r1, r1, #3
10002a24:	4690      	mov	r8, r2
10002a26:	4662      	mov	r2, ip
10002a28:	4441      	add	r1, r8
10002a2a:	6251      	str	r1, [r2, #36]	@ 0x24
10002a2c:	e7c2      	b.n	100029b4 <dcd_edpt_open+0x6c>
10002a2e:	005b      	lsls	r3, r3, #1
10002a30:	e7c5      	b.n	100029be <dcd_edpt_open+0x76>
10002a32:	f7fe fffd 	bl	10001a30 <hard_assertion_failure>
10002a36:	68fa      	ldr	r2, [r7, #12]
10002a38:	e7cc      	b.n	100029d4 <dcd_edpt_open+0x8c>
10002a3a:	46c0      	nop			@ (mov r8, r8)
10002a3c:	200018e8 	.word	0x200018e8
10002a40:	50100084 	.word	0x50100084
10002a44:	50100004 	.word	0x50100004
10002a48:	20001cf0 	.word	0x20001cf0
10002a4c:	50100fff 	.word	0x50100fff
10002a50:	50100000 	.word	0x50100000
10002a54:	50100080 	.word	0x50100080
10002a58:	50100100 	.word	0x50100100

10002a5c <dcd_edpt_close_all>:
10002a5c:	b510      	push	{r4, lr}
10002a5e:	f001 fbff 	bl	10004260 <__reset_non_control_endpoints_veneer>
10002a62:	bd10      	pop	{r4, pc}

10002a64 <dcd_edpt_xfer>:
10002a64:	b510      	push	{r4, lr}
10002a66:	207f      	movs	r0, #127	@ 0x7f
10002a68:	000c      	movs	r4, r1
10002a6a:	4020      	ands	r0, r4
10002a6c:	0040      	lsls	r0, r0, #1
10002a6e:	09e4      	lsrs	r4, r4, #7
10002a70:	0011      	movs	r1, r2
10002a72:	1900      	adds	r0, r0, r4
10002a74:	001a      	movs	r2, r3
10002a76:	4b03      	ldr	r3, [pc, #12]	@ (10002a84 <dcd_edpt_xfer+0x20>)
10002a78:	0140      	lsls	r0, r0, #5
10002a7a:	18c0      	adds	r0, r0, r3
10002a7c:	f000 f85a 	bl	10002b34 <hw_endpoint_xfer_start>
10002a80:	2001      	movs	r0, #1
10002a82:	bd10      	pop	{r4, pc}
10002a84:	200018e8 	.word	0x200018e8

10002a88 <dcd_edpt_stall>:
10002a88:	237f      	movs	r3, #127	@ 0x7f
10002a8a:	0018      	movs	r0, r3
10002a8c:	b500      	push	{lr}
10002a8e:	4008      	ands	r0, r1
10002a90:	b083      	sub	sp, #12
10002a92:	420b      	tst	r3, r1
10002a94:	d104      	bne.n	10002aa0 <dcd_edpt_stall+0x18>
10002a96:	424b      	negs	r3, r1
10002a98:	414b      	adcs	r3, r1
10002a9a:	4a08      	ldr	r2, [pc, #32]	@ (10002abc <dcd_edpt_stall+0x34>)
10002a9c:	3301      	adds	r3, #1
10002a9e:	6693      	str	r3, [r2, #104]	@ 0x68
10002aa0:	2280      	movs	r2, #128	@ 0x80
10002aa2:	09c9      	lsrs	r1, r1, #7
10002aa4:	0040      	lsls	r0, r0, #1
10002aa6:	4b06      	ldr	r3, [pc, #24]	@ (10002ac0 <dcd_edpt_stall+0x38>)
10002aa8:	1840      	adds	r0, r0, r1
10002aaa:	0140      	lsls	r0, r0, #5
10002aac:	2100      	movs	r1, #0
10002aae:	18c0      	adds	r0, r0, r3
10002ab0:	0112      	lsls	r2, r2, #4
10002ab2:	f001 fc05 	bl	100042c0 <___hw_endpoint_buffer_control_update32_veneer>
10002ab6:	b003      	add	sp, #12
10002ab8:	bd00      	pop	{pc}
10002aba:	46c0      	nop			@ (mov r8, r8)
10002abc:	50112000 	.word	0x50112000
10002ac0:	200018e8 	.word	0x200018e8

10002ac4 <dcd_edpt_clear_stall>:
10002ac4:	227f      	movs	r2, #127	@ 0x7f
10002ac6:	0013      	movs	r3, r2
10002ac8:	b510      	push	{r4, lr}
10002aca:	400b      	ands	r3, r1
10002acc:	420a      	tst	r2, r1
10002ace:	d100      	bne.n	10002ad2 <dcd_edpt_clear_stall+0xe>
10002ad0:	bd10      	pop	{r4, pc}
10002ad2:	09c9      	lsrs	r1, r1, #7
10002ad4:	005b      	lsls	r3, r3, #1
10002ad6:	185b      	adds	r3, r3, r1
10002ad8:	4804      	ldr	r0, [pc, #16]	@ (10002aec <dcd_edpt_clear_stall+0x28>)
10002ada:	015b      	lsls	r3, r3, #5
10002adc:	18c0      	adds	r0, r0, r3
10002ade:	2300      	movs	r3, #0
10002ae0:	2200      	movs	r2, #0
10002ae2:	4903      	ldr	r1, [pc, #12]	@ (10002af0 <dcd_edpt_clear_stall+0x2c>)
10002ae4:	70c3      	strb	r3, [r0, #3]
10002ae6:	f001 fbeb 	bl	100042c0 <___hw_endpoint_buffer_control_update32_veneer>
10002aea:	e7f1      	b.n	10002ad0 <dcd_edpt_clear_stall+0xc>
10002aec:	200018e8 	.word	0x200018e8
10002af0:	fffff7ff 	.word	0xfffff7ff

10002af4 <rp2040_usb_init>:
10002af4:	2280      	movs	r2, #128	@ 0x80
10002af6:	4b0a      	ldr	r3, [pc, #40]	@ (10002b20 <rp2040_usb_init+0x2c>)
10002af8:	0452      	lsls	r2, r2, #17
10002afa:	b510      	push	{r4, lr}
10002afc:	601a      	str	r2, [r3, #0]
10002afe:	4b09      	ldr	r3, [pc, #36]	@ (10002b24 <rp2040_usb_init+0x30>)
10002b00:	4909      	ldr	r1, [pc, #36]	@ (10002b28 <rp2040_usb_init+0x34>)
10002b02:	601a      	str	r2, [r3, #0]
10002b04:	0010      	movs	r0, r2
10002b06:	680b      	ldr	r3, [r1, #0]
10002b08:	4398      	bics	r0, r3
10002b0a:	d1fb      	bne.n	10002b04 <rp2040_usb_init+0x10>
10002b0c:	2280      	movs	r2, #128	@ 0x80
10002b0e:	2100      	movs	r1, #0
10002b10:	0152      	lsls	r2, r2, #5
10002b12:	4806      	ldr	r0, [pc, #24]	@ (10002b2c <rp2040_usb_init+0x38>)
10002b14:	f7ff fc12 	bl	1000233c <__wrap_memset>
10002b18:	2209      	movs	r2, #9
10002b1a:	4b05      	ldr	r3, [pc, #20]	@ (10002b30 <rp2040_usb_init+0x3c>)
10002b1c:	675a      	str	r2, [r3, #116]	@ 0x74
10002b1e:	bd10      	pop	{r4, pc}
10002b20:	4000e000 	.word	0x4000e000
10002b24:	4000f000 	.word	0x4000f000
10002b28:	4000c008 	.word	0x4000c008
10002b2c:	50100000 	.word	0x50100000
10002b30:	50110000 	.word	0x50110000

10002b34 <hw_endpoint_xfer_start>:
10002b34:	2300      	movs	r3, #0
10002b36:	b510      	push	{r4, lr}
10002b38:	82c3      	strh	r3, [r0, #22]
10002b3a:	3301      	adds	r3, #1
10002b3c:	8282      	strh	r2, [r0, #20]
10002b3e:	7683      	strb	r3, [r0, #26]
10002b40:	6101      	str	r1, [r0, #16]
10002b42:	0004      	movs	r4, r0
10002b44:	f001 fb84 	bl	10004250 <__e15_is_bulkin_ep_veneer>
10002b48:	2800      	cmp	r0, #0
10002b4a:	d004      	beq.n	10002b56 <hw_endpoint_xfer_start+0x22>
10002b4c:	2180      	movs	r1, #128	@ 0x80
10002b4e:	2390      	movs	r3, #144	@ 0x90
10002b50:	4a07      	ldr	r2, [pc, #28]	@ (10002b70 <hw_endpoint_xfer_start+0x3c>)
10002b52:	0289      	lsls	r1, r1, #10
10002b54:	50d1      	str	r1, [r2, r3]
10002b56:	0020      	movs	r0, r4
10002b58:	f001 fbaa 	bl	100042b0 <__e15_is_critical_frame_period_veneer>
10002b5c:	2800      	cmp	r0, #0
10002b5e:	d002      	beq.n	10002b66 <hw_endpoint_xfer_start+0x32>
10002b60:	2301      	movs	r3, #1
10002b62:	7723      	strb	r3, [r4, #28]
10002b64:	bd10      	pop	{r4, pc}
10002b66:	0020      	movs	r0, r4
10002b68:	f001 fb9a 	bl	100042a0 <__hw_endpoint_start_next_buffer_veneer>
10002b6c:	e7fa      	b.n	10002b64 <hw_endpoint_xfer_start+0x30>
10002b6e:	46c0      	nop			@ (mov r8, r8)
10002b70:	50112000 	.word	0x50112000

10002b74 <tud_vendor_control_xfer_cb>:
10002b74:	2000      	movs	r0, #0
10002b76:	4770      	bx	lr

10002b78 <tud_event_hook_cb>:
10002b78:	4770      	bx	lr
10002b7a:	46c0      	nop			@ (mov r8, r8)

10002b7c <tud_sof_cb>:
10002b7c:	4770      	bx	lr
10002b7e:	46c0      	nop			@ (mov r8, r8)

10002b80 <tud_descriptor_bos_cb>:
10002b80:	2000      	movs	r0, #0
10002b82:	4770      	bx	lr

10002b84 <tud_descriptor_device_qualifier_cb>:
10002b84:	2000      	movs	r0, #0
10002b86:	4770      	bx	lr

10002b88 <tud_descriptor_other_speed_configuration_cb>:
10002b88:	2000      	movs	r0, #0
10002b8a:	4770      	bx	lr

10002b8c <tud_mount_cb>:
10002b8c:	4770      	bx	lr
10002b8e:	46c0      	nop			@ (mov r8, r8)

10002b90 <tud_umount_cb>:
10002b90:	4770      	bx	lr
10002b92:	46c0      	nop			@ (mov r8, r8)

10002b94 <tud_suspend_cb>:
10002b94:	4770      	bx	lr
10002b96:	46c0      	nop			@ (mov r8, r8)

10002b98 <tud_resume_cb>:
10002b98:	4770      	bx	lr
10002b9a:	46c0      	nop			@ (mov r8, r8)

10002b9c <tud_mounted>:
10002b9c:	4b02      	ldr	r3, [pc, #8]	@ (10002ba8 <tud_mounted+0xc>)
10002b9e:	7858      	ldrb	r0, [r3, #1]
10002ba0:	1e43      	subs	r3, r0, #1
10002ba2:	4198      	sbcs	r0, r3
10002ba4:	b2c0      	uxtb	r0, r0
10002ba6:	4770      	bx	lr
10002ba8:	20001680 	.word	0x20001680

10002bac <tud_suspended>:
10002bac:	4b02      	ldr	r3, [pc, #8]	@ (10002bb8 <tud_suspended+0xc>)
10002bae:	7818      	ldrb	r0, [r3, #0]
10002bb0:	0740      	lsls	r0, r0, #29
10002bb2:	0fc0      	lsrs	r0, r0, #31
10002bb4:	4770      	bx	lr
10002bb6:	46c0      	nop			@ (mov r8, r8)
10002bb8:	20001680 	.word	0x20001680

10002bbc <tud_rhport_init>:
10002bbc:	b5f0      	push	{r4, r5, r6, r7, lr}
10002bbe:	46d6      	mov	lr, sl
10002bc0:	464f      	mov	r7, r9
10002bc2:	4646      	mov	r6, r8
10002bc4:	b5c0      	push	{r6, r7, lr}
10002bc6:	4b2d      	ldr	r3, [pc, #180]	@ (10002c7c <tud_rhport_init+0xc0>)
10002bc8:	0007      	movs	r7, r0
10002bca:	469a      	mov	sl, r3
10002bcc:	781b      	ldrb	r3, [r3, #0]
10002bce:	000e      	movs	r6, r1
10002bd0:	2bff      	cmp	r3, #255	@ 0xff
10002bd2:	d14d      	bne.n	10002c70 <tud_rhport_init+0xb4>
10002bd4:	2900      	cmp	r1, #0
10002bd6:	d03e      	beq.n	10002c56 <tud_rhport_init+0x9a>
10002bd8:	2100      	movs	r1, #0
10002bda:	2254      	movs	r2, #84	@ 0x54
10002bdc:	4828      	ldr	r0, [pc, #160]	@ (10002c80 <tud_rhport_init+0xc4>)
10002bde:	f7ff fbad 	bl	1000233c <__wrap_memset>
10002be2:	2200      	movs	r2, #0
10002be4:	4c27      	ldr	r4, [pc, #156]	@ (10002c84 <tud_rhport_init+0xc8>)
10002be6:	4b28      	ldr	r3, [pc, #160]	@ (10002c88 <tud_rhport_init+0xcc>)
10002be8:	0020      	movs	r0, r4
10002bea:	701a      	strb	r2, [r3, #0]
10002bec:	f7fe f8e2 	bl	10000db4 <mutex_init>
10002bf0:	4b26      	ldr	r3, [pc, #152]	@ (10002c8c <tud_rhport_init+0xd0>)
10002bf2:	601c      	str	r4, [r3, #0]
10002bf4:	4c26      	ldr	r4, [pc, #152]	@ (10002c90 <tud_rhport_init+0xd4>)
10002bf6:	0020      	movs	r0, r4
10002bf8:	3c14      	subs	r4, #20
10002bfa:	f7fe f8e9 	bl	10000dd0 <critical_section_init>
10002bfe:	0020      	movs	r0, r4
10002c00:	f001 f8dc 	bl	10003dbc <tu_fifo_clear>
10002c04:	4b23      	ldr	r3, [pc, #140]	@ (10002c94 <tud_rhport_init+0xd8>)
10002c06:	4d24      	ldr	r5, [pc, #144]	@ (10002c98 <tud_rhport_init+0xdc>)
10002c08:	601c      	str	r4, [r3, #0]
10002c0a:	4b24      	ldr	r3, [pc, #144]	@ (10002c9c <tud_rhport_init+0xe0>)
10002c0c:	2b00      	cmp	r3, #0
10002c0e:	d004      	beq.n	10002c1a <tud_rhport_init+0x5e>
10002c10:	0028      	movs	r0, r5
10002c12:	e000      	b.n	10002c16 <tud_rhport_init+0x5a>
10002c14:	bf00      	nop
10002c16:	4b22      	ldr	r3, [pc, #136]	@ (10002ca0 <tud_rhport_init+0xe4>)
10002c18:	6018      	str	r0, [r3, #0]
10002c1a:	4a22      	ldr	r2, [pc, #136]	@ (10002ca4 <tud_rhport_init+0xe8>)
10002c1c:	2400      	movs	r4, #0
10002c1e:	4691      	mov	r9, r2
10002c20:	4a1f      	ldr	r2, [pc, #124]	@ (10002ca0 <tud_rhport_init+0xe4>)
10002c22:	782b      	ldrb	r3, [r5, #0]
10002c24:	4690      	mov	r8, r2
10002c26:	e00e      	b.n	10002c46 <tud_rhport_init+0x8a>
10002c28:	4643      	mov	r3, r8
10002c2a:	681b      	ldr	r3, [r3, #0]
10002c2c:	0162      	lsls	r2, r4, #5
10002c2e:	189b      	adds	r3, r3, r2
10002c30:	2b00      	cmp	r3, #0
10002c32:	d010      	beq.n	10002c56 <tud_rhport_init+0x9a>
10002c34:	685b      	ldr	r3, [r3, #4]
10002c36:	2b00      	cmp	r3, #0
10002c38:	d00d      	beq.n	10002c56 <tud_rhport_init+0x9a>
10002c3a:	4798      	blx	r3
10002c3c:	3401      	adds	r4, #1
10002c3e:	782b      	ldrb	r3, [r5, #0]
10002c40:	b2e4      	uxtb	r4, r4
10002c42:	42a3      	cmp	r3, r4
10002c44:	d309      	bcc.n	10002c5a <tud_rhport_init+0x9e>
10002c46:	42a3      	cmp	r3, r4
10002c48:	d8ee      	bhi.n	10002c28 <tud_rhport_init+0x6c>
10002c4a:	1ae3      	subs	r3, r4, r3
10002c4c:	015b      	lsls	r3, r3, #5
10002c4e:	444b      	add	r3, r9
10002c50:	685b      	ldr	r3, [r3, #4]
10002c52:	2b00      	cmp	r3, #0
10002c54:	d1f1      	bne.n	10002c3a <tud_rhport_init+0x7e>
10002c56:	2000      	movs	r0, #0
10002c58:	e00b      	b.n	10002c72 <tud_rhport_init+0xb6>
10002c5a:	4653      	mov	r3, sl
10002c5c:	0031      	movs	r1, r6
10002c5e:	0038      	movs	r0, r7
10002c60:	701f      	strb	r7, [r3, #0]
10002c62:	f7ff fdfd 	bl	10002860 <dcd_init>
10002c66:	2800      	cmp	r0, #0
10002c68:	d0f5      	beq.n	10002c56 <tud_rhport_init+0x9a>
10002c6a:	0038      	movs	r0, r7
10002c6c:	f7ff fe40 	bl	100028f0 <dcd_int_enable>
10002c70:	2001      	movs	r0, #1
10002c72:	bce0      	pop	{r5, r6, r7}
10002c74:	46ba      	mov	sl, r7
10002c76:	46b1      	mov	r9, r6
10002c78:	46a8      	mov	r8, r5
10002c7a:	bdf0      	pop	{r4, r5, r6, r7, pc}
10002c7c:	20001074 	.word	0x20001074
10002c80:	20001680 	.word	0x20001680
10002c84:	20001678 	.word	0x20001678
10002c88:	20001d3a 	.word	0x20001d3a
10002c8c:	200016d4 	.word	0x200016d4
10002c90:	2000106c 	.word	0x2000106c
10002c94:	200016d8 	.word	0x200016d8
10002c98:	20001d38 	.word	0x20001d38
10002c9c:	00000000 	.word	0x00000000
10002ca0:	200015a0 	.word	0x200015a0
10002ca4:	100045e8 	.word	0x100045e8

10002ca8 <tud_task_ext>:
10002ca8:	b5f0      	push	{r4, r5, r6, r7, lr}
10002caa:	46de      	mov	lr, fp
10002cac:	4657      	mov	r7, sl
10002cae:	464e      	mov	r6, r9
10002cb0:	4645      	mov	r5, r8
10002cb2:	b5e0      	push	{r5, r6, r7, lr}
10002cb4:	4bca      	ldr	r3, [pc, #808]	@ (10002fe0 <tud_task_ext+0x338>)
10002cb6:	b08f      	sub	sp, #60	@ 0x3c
10002cb8:	9303      	str	r3, [sp, #12]
10002cba:	781b      	ldrb	r3, [r3, #0]
10002cbc:	2bff      	cmp	r3, #255	@ 0xff
10002cbe:	d100      	bne.n	10002cc2 <tud_task_ext+0x1a>
10002cc0:	e146      	b.n	10002f50 <tud_task_ext+0x2a8>
10002cc2:	4bc8      	ldr	r3, [pc, #800]	@ (10002fe4 <tud_task_ext+0x33c>)
10002cc4:	4ec8      	ldr	r6, [pc, #800]	@ (10002fe8 <tud_task_ext+0x340>)
10002cc6:	469b      	mov	fp, r3
10002cc8:	465f      	mov	r7, fp
10002cca:	4bc8      	ldr	r3, [pc, #800]	@ (10002fec <tud_task_ext+0x344>)
10002ccc:	ac0b      	add	r4, sp, #44	@ 0x2c
10002cce:	9302      	str	r3, [sp, #8]
10002cd0:	4bc7      	ldr	r3, [pc, #796]	@ (10002ff0 <tud_task_ext+0x348>)
10002cd2:	9301      	str	r3, [sp, #4]
10002cd4:	6835      	ldr	r5, [r6, #0]
10002cd6:	696a      	ldr	r2, [r5, #20]
10002cd8:	f3ef 8110 	mrs	r1, PRIMASK
10002cdc:	b672      	cpsid	i
10002cde:	6813      	ldr	r3, [r2, #0]
10002ce0:	2b00      	cmp	r3, #0
10002ce2:	d0fc      	beq.n	10002cde <tud_task_ext+0x36>
10002ce4:	f3bf 8f5f 	dmb	sy
10002ce8:	61a9      	str	r1, [r5, #24]
10002cea:	0028      	movs	r0, r5
10002cec:	0021      	movs	r1, r4
10002cee:	f000 ffc5 	bl	10003c7c <tu_fifo_read>
10002cf2:	696a      	ldr	r2, [r5, #20]
10002cf4:	69ab      	ldr	r3, [r5, #24]
10002cf6:	f3bf 8f5f 	dmb	sy
10002cfa:	2100      	movs	r1, #0
10002cfc:	6011      	str	r1, [r2, #0]
10002cfe:	f383 8810 	msr	PRIMASK, r3
10002d02:	2800      	cmp	r0, #0
10002d04:	d100      	bne.n	10002d08 <tud_task_ext+0x60>
10002d06:	e123      	b.n	10002f50 <tud_task_ext+0x2a8>
10002d08:	7863      	ldrb	r3, [r4, #1]
10002d0a:	2b08      	cmp	r3, #8
10002d0c:	d8e2      	bhi.n	10002cd4 <tud_task_ext+0x2c>
10002d0e:	009b      	lsls	r3, r3, #2
10002d10:	58fb      	ldr	r3, [r7, r3]
10002d12:	469f      	mov	pc, r3
10002d14:	6863      	ldr	r3, [r4, #4]
10002d16:	2b00      	cmp	r3, #0
10002d18:	d0dc      	beq.n	10002cd4 <tud_task_ext+0x2c>
10002d1a:	68a0      	ldr	r0, [r4, #8]
10002d1c:	4798      	blx	r3
10002d1e:	e7d9      	b.n	10002cd4 <tud_task_ext+0x2c>
10002d20:	227f      	movs	r2, #127	@ 0x7f
10002d22:	7921      	ldrb	r1, [r4, #4]
10002d24:	4db1      	ldr	r5, [pc, #708]	@ (10002fec <tud_task_ext+0x344>)
10002d26:	400a      	ands	r2, r1
10002d28:	0053      	lsls	r3, r2, #1
10002d2a:	18eb      	adds	r3, r5, r3
10002d2c:	4698      	mov	r8, r3
10002d2e:	09c8      	lsrs	r0, r1, #7
10002d30:	4480      	add	r8, r0
10002d32:	4640      	mov	r0, r8
10002d34:	2301      	movs	r3, #1
10002d36:	3030      	adds	r0, #48	@ 0x30
10002d38:	7905      	ldrb	r5, [r0, #4]
10002d3a:	439d      	bics	r5, r3
10002d3c:	7105      	strb	r5, [r0, #4]
10002d3e:	7905      	ldrb	r5, [r0, #4]
10002d40:	3303      	adds	r3, #3
10002d42:	439d      	bics	r5, r3
10002d44:	7105      	strb	r5, [r0, #4]
10002d46:	2a00      	cmp	r2, #0
10002d48:	d100      	bne.n	10002d4c <tud_task_ext+0xa4>
10002d4a:	e108      	b.n	10002f5e <tud_task_ext+0x2b6>
10002d4c:	4643      	mov	r3, r8
10002d4e:	4aa9      	ldr	r2, [pc, #676]	@ (10002ff4 <tud_task_ext+0x34c>)
10002d50:	7d1b      	ldrb	r3, [r3, #20]
10002d52:	7812      	ldrb	r2, [r2, #0]
10002d54:	4293      	cmp	r3, r2
10002d56:	d300      	bcc.n	10002d5a <tud_task_ext+0xb2>
10002d58:	e0f8      	b.n	10002f4c <tud_task_ext+0x2a4>
10002d5a:	4aa7      	ldr	r2, [pc, #668]	@ (10002ff8 <tud_task_ext+0x350>)
10002d5c:	015b      	lsls	r3, r3, #5
10002d5e:	6815      	ldr	r5, [r2, #0]
10002d60:	18ed      	adds	r5, r5, r3
10002d62:	2d00      	cmp	r5, #0
10002d64:	d100      	bne.n	10002d68 <tud_task_ext+0xc0>
10002d66:	e0f3      	b.n	10002f50 <tud_task_ext+0x2a8>
10002d68:	68a3      	ldr	r3, [r4, #8]
10002d6a:	7962      	ldrb	r2, [r4, #5]
10002d6c:	7820      	ldrb	r0, [r4, #0]
10002d6e:	69ad      	ldr	r5, [r5, #24]
10002d70:	47a8      	blx	r5
10002d72:	e7af      	b.n	10002cd4 <tud_task_ext+0x2c>
10002d74:	4aa1      	ldr	r2, [pc, #644]	@ (10002ffc <tud_task_ext+0x354>)
10002d76:	7813      	ldrb	r3, [r2, #0]
10002d78:	2b00      	cmp	r3, #0
10002d7a:	d100      	bne.n	10002d7e <tud_task_ext+0xd6>
10002d7c:	e0e8      	b.n	10002f50 <tud_task_ext+0x2a8>
10002d7e:	7813      	ldrb	r3, [r2, #0]
10002d80:	3b01      	subs	r3, #1
10002d82:	b2db      	uxtb	r3, r3
10002d84:	7013      	strb	r3, [r2, #0]
10002d86:	7813      	ldrb	r3, [r2, #0]
10002d88:	2b00      	cmp	r3, #0
10002d8a:	d1a3      	bne.n	10002cd4 <tud_task_ext+0x2c>
10002d8c:	2201      	movs	r2, #1
10002d8e:	4d97      	ldr	r5, [pc, #604]	@ (10002fec <tud_task_ext+0x344>)
10002d90:	2101      	movs	r1, #1
10002d92:	782b      	ldrb	r3, [r5, #0]
10002d94:	2004      	movs	r0, #4
10002d96:	4313      	orrs	r3, r2
10002d98:	702b      	strb	r3, [r5, #0]
10002d9a:	2334      	movs	r3, #52	@ 0x34
10002d9c:	5cea      	ldrb	r2, [r5, r3]
10002d9e:	438a      	bics	r2, r1
10002da0:	54ea      	strb	r2, [r5, r3]
10002da2:	5cea      	ldrb	r2, [r5, r3]
10002da4:	4382      	bics	r2, r0
10002da6:	54ea      	strb	r2, [r5, r3]
10002da8:	3301      	adds	r3, #1
10002daa:	5cea      	ldrb	r2, [r5, r3]
10002dac:	438a      	bics	r2, r1
10002dae:	54ea      	strb	r2, [r5, r3]
10002db0:	5cea      	ldrb	r2, [r5, r3]
10002db2:	4382      	bics	r2, r0
10002db4:	54ea      	strb	r2, [r5, r3]
10002db6:	7823      	ldrb	r3, [r4, #0]
10002db8:	2000      	movs	r0, #0
10002dba:	4698      	mov	r8, r3
10002dbc:	f000 fc5e 	bl	1000367c <usbd_control_set_complete_callback>
10002dc0:	2260      	movs	r2, #96	@ 0x60
10002dc2:	7923      	ldrb	r3, [r4, #4]
10002dc4:	401a      	ands	r2, r3
10002dc6:	2a60      	cmp	r2, #96	@ 0x60
10002dc8:	d100      	bne.n	10002dcc <tud_task_ext+0x124>
10002dca:	e0f3      	b.n	10002fb4 <tud_task_ext+0x30c>
10002dcc:	2a40      	cmp	r2, #64	@ 0x40
10002dce:	d100      	bne.n	10002dd2 <tud_task_ext+0x12a>
10002dd0:	e0f9      	b.n	10002fc6 <tud_task_ext+0x31e>
10002dd2:	06db      	lsls	r3, r3, #27
10002dd4:	0edb      	lsrs	r3, r3, #27
10002dd6:	2b01      	cmp	r3, #1
10002dd8:	d100      	bne.n	10002ddc <tud_task_ext+0x134>
10002dda:	e117      	b.n	1000300c <tud_task_ext+0x364>
10002ddc:	2b02      	cmp	r3, #2
10002dde:	d100      	bne.n	10002de2 <tud_task_ext+0x13a>
10002de0:	e0cc      	b.n	10002f7c <tud_task_ext+0x2d4>
10002de2:	2b00      	cmp	r3, #0
10002de4:	d000      	beq.n	10002de8 <tud_task_ext+0x140>
10002de6:	e0e5      	b.n	10002fb4 <tud_task_ext+0x30c>
10002de8:	2a20      	cmp	r2, #32
10002dea:	d100      	bne.n	10002dee <tud_task_ext+0x146>
10002dec:	e20f      	b.n	1000320e <tud_task_ext+0x566>
10002dee:	2a00      	cmp	r2, #0
10002df0:	d000      	beq.n	10002df4 <tud_task_ext+0x14c>
10002df2:	e0df      	b.n	10002fb4 <tud_task_ext+0x30c>
10002df4:	7963      	ldrb	r3, [r4, #5]
10002df6:	2b09      	cmp	r3, #9
10002df8:	d900      	bls.n	10002dfc <tud_task_ext+0x154>
10002dfa:	e0db      	b.n	10002fb4 <tud_task_ext+0x30c>
10002dfc:	4a80      	ldr	r2, [pc, #512]	@ (10003000 <tud_task_ext+0x358>)
10002dfe:	009b      	lsls	r3, r3, #2
10002e00:	58d3      	ldr	r3, [r2, r3]
10002e02:	469f      	mov	pc, r3
10002e04:	4d79      	ldr	r5, [pc, #484]	@ (10002fec <tud_task_ext+0x344>)
10002e06:	782b      	ldrb	r3, [r5, #0]
10002e08:	07db      	lsls	r3, r3, #31
10002e0a:	d400      	bmi.n	10002e0e <tud_task_ext+0x166>
10002e0c:	e762      	b.n	10002cd4 <tud_task_ext+0x2c>
10002e0e:	f7ff fec3 	bl	10002b98 <tud_resume_cb>
10002e12:	e75f      	b.n	10002cd4 <tud_task_ext+0x2c>
10002e14:	9b02      	ldr	r3, [sp, #8]
10002e16:	78db      	ldrb	r3, [r3, #3]
10002e18:	07db      	lsls	r3, r3, #31
10002e1a:	d400      	bmi.n	10002e1e <tud_task_ext+0x176>
10002e1c:	e75a      	b.n	10002cd4 <tud_task_ext+0x2c>
10002e1e:	6860      	ldr	r0, [r4, #4]
10002e20:	f7ff feac 	bl	10002b7c <tud_sof_cb>
10002e24:	e756      	b.n	10002cd4 <tud_task_ext+0x2c>
10002e26:	4d71      	ldr	r5, [pc, #452]	@ (10002fec <tud_task_ext+0x344>)
10002e28:	782b      	ldrb	r3, [r5, #0]
10002e2a:	07db      	lsls	r3, r3, #31
10002e2c:	d400      	bmi.n	10002e30 <tud_task_ext+0x188>
10002e2e:	e751      	b.n	10002cd4 <tud_task_ext+0x2c>
10002e30:	7828      	ldrb	r0, [r5, #0]
10002e32:	0700      	lsls	r0, r0, #28
10002e34:	0fc0      	lsrs	r0, r0, #31
10002e36:	f7ff fead 	bl	10002b94 <tud_suspend_cb>
10002e3a:	e74b      	b.n	10002cd4 <tud_task_ext+0x2c>
10002e3c:	7823      	ldrb	r3, [r4, #0]
10002e3e:	4a6c      	ldr	r2, [pc, #432]	@ (10002ff0 <tud_task_ext+0x348>)
10002e40:	4698      	mov	r8, r3
10002e42:	4693      	mov	fp, r2
10002e44:	4b6b      	ldr	r3, [pc, #428]	@ (10002ff4 <tud_task_ext+0x34c>)
10002e46:	4a6c      	ldr	r2, [pc, #432]	@ (10002ff8 <tud_task_ext+0x350>)
10002e48:	4699      	mov	r9, r3
10002e4a:	0031      	movs	r1, r6
10002e4c:	4692      	mov	sl, r2
10002e4e:	003a      	movs	r2, r7
10002e50:	4646      	mov	r6, r8
10002e52:	464f      	mov	r7, r9
10002e54:	2500      	movs	r5, #0
10002e56:	4691      	mov	r9, r2
10002e58:	4688      	mov	r8, r1
10002e5a:	781b      	ldrb	r3, [r3, #0]
10002e5c:	e00e      	b.n	10002e7c <tud_task_ext+0x1d4>
10002e5e:	4653      	mov	r3, sl
10002e60:	681b      	ldr	r3, [r3, #0]
10002e62:	016a      	lsls	r2, r5, #5
10002e64:	189b      	adds	r3, r3, r2
10002e66:	2b00      	cmp	r3, #0
10002e68:	d100      	bne.n	10002e6c <tud_task_ext+0x1c4>
10002e6a:	e07e      	b.n	10002f6a <tud_task_ext+0x2c2>
10002e6c:	68db      	ldr	r3, [r3, #12]
10002e6e:	0030      	movs	r0, r6
10002e70:	4798      	blx	r3
10002e72:	3501      	adds	r5, #1
10002e74:	783b      	ldrb	r3, [r7, #0]
10002e76:	b2ed      	uxtb	r5, r5
10002e78:	42ab      	cmp	r3, r5
10002e7a:	d30c      	bcc.n	10002e96 <tud_task_ext+0x1ee>
10002e7c:	429d      	cmp	r5, r3
10002e7e:	d3ee      	bcc.n	10002e5e <tud_task_ext+0x1b6>
10002e80:	1aeb      	subs	r3, r5, r3
10002e82:	015b      	lsls	r3, r3, #5
10002e84:	445b      	add	r3, fp
10002e86:	68db      	ldr	r3, [r3, #12]
10002e88:	0030      	movs	r0, r6
10002e8a:	4798      	blx	r3
10002e8c:	3501      	adds	r5, #1
10002e8e:	783b      	ldrb	r3, [r7, #0]
10002e90:	b2ed      	uxtb	r5, r5
10002e92:	42ab      	cmp	r3, r5
10002e94:	d2f2      	bcs.n	10002e7c <tud_task_ext+0x1d4>
10002e96:	4d55      	ldr	r5, [pc, #340]	@ (10002fec <tud_task_ext+0x344>)
10002e98:	2254      	movs	r2, #84	@ 0x54
10002e9a:	2100      	movs	r1, #0
10002e9c:	0028      	movs	r0, r5
10002e9e:	f7ff fa4d 	bl	1000233c <__wrap_memset>
10002ea2:	2210      	movs	r2, #16
10002ea4:	21ff      	movs	r1, #255	@ 0xff
10002ea6:	1d28      	adds	r0, r5, #4
10002ea8:	f7ff fa48 	bl	1000233c <__wrap_memset>
10002eac:	0028      	movs	r0, r5
10002eae:	2220      	movs	r2, #32
10002eb0:	21ff      	movs	r1, #255	@ 0xff
10002eb2:	3014      	adds	r0, #20
10002eb4:	4646      	mov	r6, r8
10002eb6:	464f      	mov	r7, r9
10002eb8:	f7ff fa40 	bl	1000233c <__wrap_memset>
10002ebc:	f000 fbd4 	bl	10003668 <usbd_control_reset>
10002ec0:	7923      	ldrb	r3, [r4, #4]
10002ec2:	70ab      	strb	r3, [r5, #2]
10002ec4:	e706      	b.n	10002cd4 <tud_task_ext+0x2c>
10002ec6:	7823      	ldrb	r3, [r4, #0]
10002ec8:	4a4b      	ldr	r2, [pc, #300]	@ (10002ff8 <tud_task_ext+0x350>)
10002eca:	4698      	mov	r8, r3
10002ecc:	4b49      	ldr	r3, [pc, #292]	@ (10002ff4 <tud_task_ext+0x34c>)
10002ece:	4692      	mov	sl, r2
10002ed0:	4699      	mov	r9, r3
10002ed2:	0032      	movs	r2, r6
10002ed4:	46bb      	mov	fp, r7
10002ed6:	4646      	mov	r6, r8
10002ed8:	2500      	movs	r5, #0
10002eda:	464f      	mov	r7, r9
10002edc:	4690      	mov	r8, r2
10002ede:	781b      	ldrb	r3, [r3, #0]
10002ee0:	e00d      	b.n	10002efe <tud_task_ext+0x256>
10002ee2:	4653      	mov	r3, sl
10002ee4:	681b      	ldr	r3, [r3, #0]
10002ee6:	016a      	lsls	r2, r5, #5
10002ee8:	189b      	adds	r3, r3, r2
10002eea:	2b00      	cmp	r3, #0
10002eec:	d041      	beq.n	10002f72 <tud_task_ext+0x2ca>
10002eee:	68db      	ldr	r3, [r3, #12]
10002ef0:	0030      	movs	r0, r6
10002ef2:	4798      	blx	r3
10002ef4:	3501      	adds	r5, #1
10002ef6:	783b      	ldrb	r3, [r7, #0]
10002ef8:	b2ed      	uxtb	r5, r5
10002efa:	42ab      	cmp	r3, r5
10002efc:	d30e      	bcc.n	10002f1c <tud_task_ext+0x274>
10002efe:	429d      	cmp	r5, r3
10002f00:	d3ef      	bcc.n	10002ee2 <tud_task_ext+0x23a>
10002f02:	9a01      	ldr	r2, [sp, #4]
10002f04:	1aeb      	subs	r3, r5, r3
10002f06:	4694      	mov	ip, r2
10002f08:	015b      	lsls	r3, r3, #5
10002f0a:	4463      	add	r3, ip
10002f0c:	68db      	ldr	r3, [r3, #12]
10002f0e:	0030      	movs	r0, r6
10002f10:	4798      	blx	r3
10002f12:	3501      	adds	r5, #1
10002f14:	783b      	ldrb	r3, [r7, #0]
10002f16:	b2ed      	uxtb	r5, r5
10002f18:	42ab      	cmp	r3, r5
10002f1a:	d2f0      	bcs.n	10002efe <tud_task_ext+0x256>
10002f1c:	9d02      	ldr	r5, [sp, #8]
10002f1e:	2254      	movs	r2, #84	@ 0x54
10002f20:	2100      	movs	r1, #0
10002f22:	0028      	movs	r0, r5
10002f24:	f7ff fa0a 	bl	1000233c <__wrap_memset>
10002f28:	2210      	movs	r2, #16
10002f2a:	21ff      	movs	r1, #255	@ 0xff
10002f2c:	4835      	ldr	r0, [pc, #212]	@ (10003004 <tud_task_ext+0x35c>)
10002f2e:	f7ff fa05 	bl	1000233c <__wrap_memset>
10002f32:	0028      	movs	r0, r5
10002f34:	2220      	movs	r2, #32
10002f36:	21ff      	movs	r1, #255	@ 0xff
10002f38:	3014      	adds	r0, #20
10002f3a:	4646      	mov	r6, r8
10002f3c:	465f      	mov	r7, fp
10002f3e:	f7ff f9fd 	bl	1000233c <__wrap_memset>
10002f42:	f000 fb91 	bl	10003668 <usbd_control_reset>
10002f46:	f7ff fe23 	bl	10002b90 <tud_umount_cb>
10002f4a:	e6c3      	b.n	10002cd4 <tud_task_ext+0x2c>
10002f4c:	4293      	cmp	r3, r2
10002f4e:	d013      	beq.n	10002f78 <tud_task_ext+0x2d0>
10002f50:	b00f      	add	sp, #60	@ 0x3c
10002f52:	bcf0      	pop	{r4, r5, r6, r7}
10002f54:	46bb      	mov	fp, r7
10002f56:	46b2      	mov	sl, r6
10002f58:	46a9      	mov	r9, r5
10002f5a:	46a0      	mov	r8, r4
10002f5c:	bdf0      	pop	{r4, r5, r6, r7, pc}
10002f5e:	68a3      	ldr	r3, [r4, #8]
10002f60:	7962      	ldrb	r2, [r4, #5]
10002f62:	7820      	ldrb	r0, [r4, #0]
10002f64:	f000 fb9e 	bl	100036a4 <usbd_control_xfer_cb>
10002f68:	e6b4      	b.n	10002cd4 <tud_task_ext+0x2c>
10002f6a:	4646      	mov	r6, r8
10002f6c:	464f      	mov	r7, r9
10002f6e:	4d1f      	ldr	r5, [pc, #124]	@ (10002fec <tud_task_ext+0x344>)
10002f70:	e7a4      	b.n	10002ebc <tud_task_ext+0x214>
10002f72:	4646      	mov	r6, r8
10002f74:	465f      	mov	r7, fp
10002f76:	e7e4      	b.n	10002f42 <tud_task_ext+0x29a>
10002f78:	4d1d      	ldr	r5, [pc, #116]	@ (10002ff0 <tud_task_ext+0x348>)
10002f7a:	e6f5      	b.n	10002d68 <tud_task_ext+0xc0>
10002f7c:	2370      	movs	r3, #112	@ 0x70
10002f7e:	7a21      	ldrb	r1, [r4, #8]
10002f80:	420b      	tst	r3, r1
10002f82:	d117      	bne.n	10002fb4 <tud_task_ext+0x30c>
10002f84:	09c8      	lsrs	r0, r1, #7
10002f86:	4683      	mov	fp, r0
10002f88:	330f      	adds	r3, #15
10002f8a:	400b      	ands	r3, r1
10002f8c:	005b      	lsls	r3, r3, #1
10002f8e:	4699      	mov	r9, r3
10002f90:	4818      	ldr	r0, [pc, #96]	@ (10002ff4 <tud_task_ext+0x34c>)
10002f92:	18eb      	adds	r3, r5, r3
10002f94:	445b      	add	r3, fp
10002f96:	7d1b      	ldrb	r3, [r3, #20]
10002f98:	7800      	ldrb	r0, [r0, #0]
10002f9a:	4283      	cmp	r3, r0
10002f9c:	d261      	bcs.n	10003062 <tud_task_ext+0x3ba>
10002f9e:	4816      	ldr	r0, [pc, #88]	@ (10002ff8 <tud_task_ext+0x350>)
10002fa0:	015b      	lsls	r3, r3, #5
10002fa2:	6800      	ldr	r0, [r0, #0]
10002fa4:	4682      	mov	sl, r0
10002fa6:	449a      	add	sl, r3
10002fa8:	2a00      	cmp	r2, #0
10002faa:	d100      	bne.n	10002fae <tud_task_ext+0x306>
10002fac:	e14e      	b.n	1000324c <tud_task_ext+0x5a4>
10002fae:	4653      	mov	r3, sl
10002fb0:	2b00      	cmp	r3, #0
10002fb2:	d15e      	bne.n	10003072 <tud_task_ext+0x3ca>
10002fb4:	7820      	ldrb	r0, [r4, #0]
10002fb6:	2100      	movs	r1, #0
10002fb8:	f7ff fd66 	bl	10002a88 <dcd_edpt_stall>
10002fbc:	2180      	movs	r1, #128	@ 0x80
10002fbe:	7820      	ldrb	r0, [r4, #0]
10002fc0:	f7ff fd62 	bl	10002a88 <dcd_edpt_stall>
10002fc4:	e686      	b.n	10002cd4 <tud_task_ext+0x2c>
10002fc6:	4810      	ldr	r0, [pc, #64]	@ (10003008 <tud_task_ext+0x360>)
10002fc8:	f000 fb58 	bl	1000367c <usbd_control_set_complete_callback>
10002fcc:	2101      	movs	r1, #1
10002fce:	4640      	mov	r0, r8
10002fd0:	aa0c      	add	r2, sp, #48	@ 0x30
10002fd2:	f7ff fdcf 	bl	10002b74 <tud_vendor_control_xfer_cb>
10002fd6:	2800      	cmp	r0, #0
10002fd8:	d000      	beq.n	10002fdc <tud_task_ext+0x334>
10002fda:	e67b      	b.n	10002cd4 <tud_task_ext+0x2c>
10002fdc:	e7ea      	b.n	10002fb4 <tud_task_ext+0x30c>
10002fde:	46c0      	nop			@ (mov r8, r8)
10002fe0:	20001074 	.word	0x20001074
10002fe4:	10004540 	.word	0x10004540
10002fe8:	200016d8 	.word	0x200016d8
10002fec:	20001680 	.word	0x20001680
10002ff0:	100045e8 	.word	0x100045e8
10002ff4:	20001d38 	.word	0x20001d38
10002ff8:	200015a0 	.word	0x200015a0
10002ffc:	20001d3a 	.word	0x20001d3a
10003000:	10004564 	.word	0x10004564
10003004:	20001684 	.word	0x20001684
10003008:	10002b75 	.word	0x10002b75
1000300c:	7a23      	ldrb	r3, [r4, #8]
1000300e:	2b0f      	cmp	r3, #15
10003010:	d8d0      	bhi.n	10002fb4 <tud_task_ext+0x30c>
10003012:	4ad5      	ldr	r2, [pc, #852]	@ (10003368 <tud_task_ext+0x6c0>)
10003014:	18eb      	adds	r3, r5, r3
10003016:	791b      	ldrb	r3, [r3, #4]
10003018:	7812      	ldrb	r2, [r2, #0]
1000301a:	4293      	cmp	r3, r2
1000301c:	d334      	bcc.n	10003088 <tud_task_ext+0x3e0>
1000301e:	d1c9      	bne.n	10002fb4 <tud_task_ext+0x30c>
10003020:	4dd2      	ldr	r5, [pc, #840]	@ (1000336c <tud_task_ext+0x6c4>)
10003022:	6968      	ldr	r0, [r5, #20]
10003024:	f000 fb2a 	bl	1000367c <usbd_control_set_complete_callback>
10003028:	2101      	movs	r1, #1
1000302a:	4640      	mov	r0, r8
1000302c:	696b      	ldr	r3, [r5, #20]
1000302e:	aa0c      	add	r2, sp, #48	@ 0x30
10003030:	4798      	blx	r3
10003032:	2800      	cmp	r0, #0
10003034:	d000      	beq.n	10003038 <tud_task_ext+0x390>
10003036:	e64d      	b.n	10002cd4 <tud_task_ext+0x2c>
10003038:	2260      	movs	r2, #96	@ 0x60
1000303a:	0015      	movs	r5, r2
1000303c:	7923      	ldrb	r3, [r4, #4]
1000303e:	401d      	ands	r5, r3
10003040:	421a      	tst	r2, r3
10003042:	d1b7      	bne.n	10002fb4 <tud_task_ext+0x30c>
10003044:	7963      	ldrb	r3, [r4, #5]
10003046:	3b0a      	subs	r3, #10
10003048:	2b01      	cmp	r3, #1
1000304a:	d8b3      	bhi.n	10002fb4 <tud_task_ext+0x30c>
1000304c:	f000 fb16 	bl	1000367c <usbd_control_set_complete_callback>
10003050:	7963      	ldrb	r3, [r4, #5]
10003052:	2b0a      	cmp	r3, #10
10003054:	d100      	bne.n	10003058 <tud_task_ext+0x3b0>
10003056:	e17d      	b.n	10003354 <tud_task_ext+0x6ac>
10003058:	4640      	mov	r0, r8
1000305a:	a90c      	add	r1, sp, #48	@ 0x30
1000305c:	f000 fa9a 	bl	10003594 <tud_control_status>
10003060:	e638      	b.n	10002cd4 <tud_task_ext+0x2c>
10003062:	4283      	cmp	r3, r0
10003064:	d000      	beq.n	10003068 <tud_task_ext+0x3c0>
10003066:	e0ec      	b.n	10003242 <tud_task_ext+0x59a>
10003068:	4bc0      	ldr	r3, [pc, #768]	@ (1000336c <tud_task_ext+0x6c4>)
1000306a:	469a      	mov	sl, r3
1000306c:	2a00      	cmp	r2, #0
1000306e:	d100      	bne.n	10003072 <tud_task_ext+0x3ca>
10003070:	e0ec      	b.n	1000324c <tud_task_ext+0x5a4>
10003072:	4653      	mov	r3, sl
10003074:	6958      	ldr	r0, [r3, #20]
10003076:	f000 fb01 	bl	1000367c <usbd_control_set_complete_callback>
1000307a:	4653      	mov	r3, sl
1000307c:	2101      	movs	r1, #1
1000307e:	4640      	mov	r0, r8
10003080:	695b      	ldr	r3, [r3, #20]
10003082:	aa0c      	add	r2, sp, #48	@ 0x30
10003084:	4798      	blx	r3
10003086:	e7a6      	b.n	10002fd6 <tud_task_ext+0x32e>
10003088:	4ab9      	ldr	r2, [pc, #740]	@ (10003370 <tud_task_ext+0x6c8>)
1000308a:	015b      	lsls	r3, r3, #5
1000308c:	6815      	ldr	r5, [r2, #0]
1000308e:	18ed      	adds	r5, r5, r3
10003090:	2d00      	cmp	r5, #0
10003092:	d1c6      	bne.n	10003022 <tud_task_ext+0x37a>
10003094:	e78e      	b.n	10002fb4 <tud_task_ext+0x30c>
10003096:	79a3      	ldrb	r3, [r4, #6]
10003098:	469a      	mov	sl, r3
1000309a:	786b      	ldrb	r3, [r5, #1]
1000309c:	459a      	cmp	sl, r3
1000309e:	d0db      	beq.n	10003058 <tud_task_ext+0x3b0>
100030a0:	786b      	ldrb	r3, [r5, #1]
100030a2:	2b00      	cmp	r3, #0
100030a4:	d000      	beq.n	100030a8 <tud_task_ext+0x400>
100030a6:	e128      	b.n	100032fa <tud_task_ext+0x652>
100030a8:	4653      	mov	r3, sl
100030aa:	706b      	strb	r3, [r5, #1]
100030ac:	2b00      	cmp	r3, #0
100030ae:	d100      	bne.n	100030b2 <tud_task_ext+0x40a>
100030b0:	e120      	b.n	100032f4 <tud_task_ext+0x64c>
100030b2:	4650      	mov	r0, sl
100030b4:	3801      	subs	r0, #1
100030b6:	b2c0      	uxtb	r0, r0
100030b8:	f7fd fa82 	bl	100005c0 <tud_descriptor_configuration_cb>
100030bc:	2800      	cmp	r0, #0
100030be:	d100      	bne.n	100030c2 <tud_task_ext+0x41a>
100030c0:	e171      	b.n	100033a6 <tud_task_ext+0x6fe>
100030c2:	7843      	ldrb	r3, [r0, #1]
100030c4:	2b02      	cmp	r3, #2
100030c6:	d000      	beq.n	100030ca <tud_task_ext+0x422>
100030c8:	e16d      	b.n	100033a6 <tud_task_ext+0x6fe>
100030ca:	2201      	movs	r2, #1
100030cc:	79c1      	ldrb	r1, [r0, #7]
100030ce:	46a9      	mov	r9, r5
100030d0:	118b      	asrs	r3, r1, #6
100030d2:	1149      	asrs	r1, r1, #5
100030d4:	4013      	ands	r3, r2
100030d6:	400a      	ands	r2, r1
100030d8:	2130      	movs	r1, #48	@ 0x30
100030da:	0112      	lsls	r2, r2, #4
100030dc:	015b      	lsls	r3, r3, #5
100030de:	4313      	orrs	r3, r2
100030e0:	782a      	ldrb	r2, [r5, #0]
100030e2:	438a      	bics	r2, r1
100030e4:	4313      	orrs	r3, r2
100030e6:	702b      	strb	r3, [r5, #0]
100030e8:	2309      	movs	r3, #9
100030ea:	469b      	mov	fp, r3
100030ec:	4483      	add	fp, r0
100030ee:	465d      	mov	r5, fp
100030f0:	46b3      	mov	fp, r6
100030f2:	78c3      	ldrb	r3, [r0, #3]
100030f4:	7882      	ldrb	r2, [r0, #2]
100030f6:	021b      	lsls	r3, r3, #8
100030f8:	4313      	orrs	r3, r2
100030fa:	18c3      	adds	r3, r0, r3
100030fc:	9306      	str	r3, [sp, #24]
100030fe:	4b9a      	ldr	r3, [pc, #616]	@ (10003368 <tud_task_ext+0x6c0>)
10003100:	9704      	str	r7, [sp, #16]
10003102:	9305      	str	r3, [sp, #20]
10003104:	4b99      	ldr	r3, [pc, #612]	@ (1000336c <tud_task_ext+0x6c4>)
10003106:	9308      	str	r3, [sp, #32]
10003108:	4b99      	ldr	r3, [pc, #612]	@ (10003370 <tud_task_ext+0x6c8>)
1000310a:	469a      	mov	sl, r3
1000310c:	4b99      	ldr	r3, [pc, #612]	@ (10003374 <tud_task_ext+0x6cc>)
1000310e:	9309      	str	r3, [sp, #36]	@ 0x24
10003110:	9b06      	ldr	r3, [sp, #24]
10003112:	42ab      	cmp	r3, r5
10003114:	d800      	bhi.n	10003118 <tud_task_ext+0x470>
10003116:	e149      	b.n	100033ac <tud_task_ext+0x704>
10003118:	786b      	ldrb	r3, [r5, #1]
1000311a:	2201      	movs	r2, #1
1000311c:	2b0b      	cmp	r3, #11
1000311e:	d103      	bne.n	10003128 <tud_task_ext+0x480>
10003120:	782b      	ldrb	r3, [r5, #0]
10003122:	78ea      	ldrb	r2, [r5, #3]
10003124:	18ed      	adds	r5, r5, r3
10003126:	786b      	ldrb	r3, [r5, #1]
10003128:	2b04      	cmp	r3, #4
1000312a:	d000      	beq.n	1000312e <tud_task_ext+0x486>
1000312c:	e138      	b.n	100033a0 <tud_task_ext+0x6f8>
1000312e:	9b06      	ldr	r3, [sp, #24]
10003130:	2600      	movs	r6, #0
10003132:	1b5b      	subs	r3, r3, r5
10003134:	b29b      	uxth	r3, r3
10003136:	9307      	str	r3, [sp, #28]
10003138:	9b05      	ldr	r3, [sp, #20]
1000313a:	0017      	movs	r7, r2
1000313c:	781b      	ldrb	r3, [r3, #0]
1000313e:	e018      	b.n	10003172 <tud_task_ext+0x4ca>
10003140:	4653      	mov	r3, sl
10003142:	681b      	ldr	r3, [r3, #0]
10003144:	0172      	lsls	r2, r6, #5
10003146:	189b      	adds	r3, r3, r2
10003148:	2b00      	cmp	r3, #0
1000314a:	d100      	bne.n	1000314e <tud_task_ext+0x4a6>
1000314c:	e128      	b.n	100033a0 <tud_task_ext+0x6f8>
1000314e:	0029      	movs	r1, r5
10003150:	4640      	mov	r0, r8
10003152:	691b      	ldr	r3, [r3, #16]
10003154:	9a07      	ldr	r2, [sp, #28]
10003156:	4798      	blx	r3
10003158:	2808      	cmp	r0, #8
1000315a:	d903      	bls.n	10003164 <tud_task_ext+0x4bc>
1000315c:	9b07      	ldr	r3, [sp, #28]
1000315e:	4283      	cmp	r3, r0
10003160:	d300      	bcc.n	10003164 <tud_task_ext+0x4bc>
10003162:	e10b      	b.n	1000337c <tud_task_ext+0x6d4>
10003164:	9b05      	ldr	r3, [sp, #20]
10003166:	3601      	adds	r6, #1
10003168:	781b      	ldrb	r3, [r3, #0]
1000316a:	b2f6      	uxtb	r6, r6
1000316c:	42b3      	cmp	r3, r6
1000316e:	d200      	bcs.n	10003172 <tud_task_ext+0x4ca>
10003170:	e116      	b.n	100033a0 <tud_task_ext+0x6f8>
10003172:	42b3      	cmp	r3, r6
10003174:	d8e4      	bhi.n	10003140 <tud_task_ext+0x498>
10003176:	9a08      	ldr	r2, [sp, #32]
10003178:	1af3      	subs	r3, r6, r3
1000317a:	4694      	mov	ip, r2
1000317c:	015b      	lsls	r3, r3, #5
1000317e:	4463      	add	r3, ip
10003180:	e7e5      	b.n	1000314e <tud_task_ext+0x4a6>
10003182:	786b      	ldrb	r3, [r5, #1]
10003184:	aa0a      	add	r2, sp, #40	@ 0x28
10003186:	3202      	adds	r2, #2
10003188:	7013      	strb	r3, [r2, #0]
1000318a:	4640      	mov	r0, r8
1000318c:	2301      	movs	r3, #1
1000318e:	a90c      	add	r1, sp, #48	@ 0x30
10003190:	f000 fa16 	bl	100035c0 <tud_control_xfer>
10003194:	e59e      	b.n	10002cd4 <tud_task_ext+0x2c>
10003196:	88e3      	ldrh	r3, [r4, #6]
10003198:	0a1a      	lsrs	r2, r3, #8
1000319a:	b2d8      	uxtb	r0, r3
1000319c:	2a0f      	cmp	r2, #15
1000319e:	d900      	bls.n	100031a2 <tud_task_ext+0x4fa>
100031a0:	e708      	b.n	10002fb4 <tud_task_ext+0x30c>
100031a2:	4975      	ldr	r1, [pc, #468]	@ (10003378 <tud_task_ext+0x6d0>)
100031a4:	0093      	lsls	r3, r2, #2
100031a6:	58cb      	ldr	r3, [r1, r3]
100031a8:	469f      	mov	pc, r3
100031aa:	a80c      	add	r0, sp, #48	@ 0x30
100031ac:	f000 fa6c 	bl	10003688 <usbd_control_set_request>
100031b0:	4640      	mov	r0, r8
100031b2:	79a1      	ldrb	r1, [r4, #6]
100031b4:	f7ff fba2 	bl	100028fc <dcd_set_address>
100031b8:	2202      	movs	r2, #2
100031ba:	782b      	ldrb	r3, [r5, #0]
100031bc:	4313      	orrs	r3, r2
100031be:	702b      	strb	r3, [r5, #0]
100031c0:	e588      	b.n	10002cd4 <tud_task_ext+0x2c>
100031c2:	88e3      	ldrh	r3, [r4, #6]
100031c4:	2b01      	cmp	r3, #1
100031c6:	d000      	beq.n	100031ca <tud_task_ext+0x522>
100031c8:	e6f4      	b.n	10002fb4 <tud_task_ext+0x30c>
100031ca:	2208      	movs	r2, #8
100031cc:	782b      	ldrb	r3, [r5, #0]
100031ce:	4640      	mov	r0, r8
100031d0:	4393      	bics	r3, r2
100031d2:	a90c      	add	r1, sp, #48	@ 0x30
100031d4:	702b      	strb	r3, [r5, #0]
100031d6:	f000 f9dd 	bl	10003594 <tud_control_status>
100031da:	e57b      	b.n	10002cd4 <tud_task_ext+0x2c>
100031dc:	2002      	movs	r0, #2
100031de:	7829      	ldrb	r1, [r5, #0]
100031e0:	ab0a      	add	r3, sp, #40	@ 0x28
100031e2:	1c9a      	adds	r2, r3, #2
100031e4:	068b      	lsls	r3, r1, #26
100031e6:	0889      	lsrs	r1, r1, #2
100031e8:	0fdb      	lsrs	r3, r3, #31
100031ea:	4001      	ands	r1, r0
100031ec:	430b      	orrs	r3, r1
100031ee:	8013      	strh	r3, [r2, #0]
100031f0:	4640      	mov	r0, r8
100031f2:	2302      	movs	r3, #2
100031f4:	a90c      	add	r1, sp, #48	@ 0x30
100031f6:	f000 f9e3 	bl	100035c0 <tud_control_xfer>
100031fa:	e56b      	b.n	10002cd4 <tud_task_ext+0x2c>
100031fc:	88e3      	ldrh	r3, [r4, #6]
100031fe:	2b01      	cmp	r3, #1
10003200:	d000      	beq.n	10003204 <tud_task_ext+0x55c>
10003202:	e6d7      	b.n	10002fb4 <tud_task_ext+0x30c>
10003204:	2208      	movs	r2, #8
10003206:	782b      	ldrb	r3, [r5, #0]
10003208:	4313      	orrs	r3, r2
1000320a:	702b      	strb	r3, [r5, #0]
1000320c:	e724      	b.n	10003058 <tud_task_ext+0x3b0>
1000320e:	7a23      	ldrb	r3, [r4, #8]
10003210:	2b0f      	cmp	r3, #15
10003212:	d900      	bls.n	10003216 <tud_task_ext+0x56e>
10003214:	e6ce      	b.n	10002fb4 <tud_task_ext+0x30c>
10003216:	4a54      	ldr	r2, [pc, #336]	@ (10003368 <tud_task_ext+0x6c0>)
10003218:	18eb      	adds	r3, r5, r3
1000321a:	791b      	ldrb	r3, [r3, #4]
1000321c:	7812      	ldrb	r2, [r2, #0]
1000321e:	4293      	cmp	r3, r2
10003220:	d228      	bcs.n	10003274 <tud_task_ext+0x5cc>
10003222:	4a53      	ldr	r2, [pc, #332]	@ (10003370 <tud_task_ext+0x6c8>)
10003224:	015b      	lsls	r3, r3, #5
10003226:	6815      	ldr	r5, [r2, #0]
10003228:	18ed      	adds	r5, r5, r3
1000322a:	2d00      	cmp	r5, #0
1000322c:	d100      	bne.n	10003230 <tud_task_ext+0x588>
1000322e:	e6c1      	b.n	10002fb4 <tud_task_ext+0x30c>
10003230:	6968      	ldr	r0, [r5, #20]
10003232:	f000 fa23 	bl	1000367c <usbd_control_set_complete_callback>
10003236:	2101      	movs	r1, #1
10003238:	4640      	mov	r0, r8
1000323a:	696b      	ldr	r3, [r5, #20]
1000323c:	aa0c      	add	r2, sp, #48	@ 0x30
1000323e:	4798      	blx	r3
10003240:	e6c9      	b.n	10002fd6 <tud_task_ext+0x32e>
10003242:	2a00      	cmp	r2, #0
10003244:	d000      	beq.n	10003248 <tud_task_ext+0x5a0>
10003246:	e6b5      	b.n	10002fb4 <tud_task_ext+0x30c>
10003248:	2300      	movs	r3, #0
1000324a:	469a      	mov	sl, r3
1000324c:	7962      	ldrb	r2, [r4, #5]
1000324e:	2002      	movs	r0, #2
10003250:	0013      	movs	r3, r2
10003252:	9204      	str	r2, [sp, #16]
10003254:	4383      	bics	r3, r0
10003256:	2b01      	cmp	r3, #1
10003258:	d011      	beq.n	1000327e <tud_task_ext+0x5d6>
1000325a:	2a00      	cmp	r2, #0
1000325c:	d000      	beq.n	10003260 <tud_task_ext+0x5b8>
1000325e:	e6a9      	b.n	10002fb4 <tud_task_ext+0x30c>
10003260:	002b      	movs	r3, r5
10003262:	444b      	add	r3, r9
10003264:	445b      	add	r3, fp
10003266:	3330      	adds	r3, #48	@ 0x30
10003268:	791b      	ldrb	r3, [r3, #4]
1000326a:	aa0a      	add	r2, sp, #40	@ 0x28
1000326c:	079b      	lsls	r3, r3, #30
1000326e:	0fdb      	lsrs	r3, r3, #31
10003270:	3202      	adds	r2, #2
10003272:	e7bc      	b.n	100031ee <tud_task_ext+0x546>
10003274:	4293      	cmp	r3, r2
10003276:	d000      	beq.n	1000327a <tud_task_ext+0x5d2>
10003278:	e69c      	b.n	10002fb4 <tud_task_ext+0x30c>
1000327a:	4d3c      	ldr	r5, [pc, #240]	@ (1000336c <tud_task_ext+0x6c4>)
1000327c:	e7d8      	b.n	10003230 <tud_task_ext+0x588>
1000327e:	88e3      	ldrh	r3, [r4, #6]
10003280:	2b00      	cmp	r3, #0
10003282:	d112      	bne.n	100032aa <tud_task_ext+0x602>
10003284:	9b03      	ldr	r3, [sp, #12]
10003286:	7818      	ldrb	r0, [r3, #0]
10003288:	9b04      	ldr	r3, [sp, #16]
1000328a:	2b01      	cmp	r3, #1
1000328c:	d023      	beq.n	100032d6 <tud_task_ext+0x62e>
1000328e:	f7ff fbfb 	bl	10002a88 <dcd_edpt_stall>
10003292:	464b      	mov	r3, r9
10003294:	2102      	movs	r1, #2
10003296:	18eb      	adds	r3, r5, r3
10003298:	445b      	add	r3, fp
1000329a:	3330      	adds	r3, #48	@ 0x30
1000329c:	791a      	ldrb	r2, [r3, #4]
1000329e:	430a      	orrs	r2, r1
100032a0:	2101      	movs	r1, #1
100032a2:	711a      	strb	r2, [r3, #4]
100032a4:	791a      	ldrb	r2, [r3, #4]
100032a6:	430a      	orrs	r2, r1
100032a8:	711a      	strb	r2, [r3, #4]
100032aa:	4653      	mov	r3, sl
100032ac:	2b00      	cmp	r3, #0
100032ae:	d100      	bne.n	100032b2 <tud_task_ext+0x60a>
100032b0:	e510      	b.n	10002cd4 <tud_task_ext+0x2c>
100032b2:	6958      	ldr	r0, [r3, #20]
100032b4:	f000 f9e2 	bl	1000367c <usbd_control_set_complete_callback>
100032b8:	4653      	mov	r3, sl
100032ba:	2101      	movs	r1, #1
100032bc:	695b      	ldr	r3, [r3, #20]
100032be:	aa0c      	add	r2, sp, #48	@ 0x30
100032c0:	4640      	mov	r0, r8
100032c2:	4798      	blx	r3
100032c4:	2000      	movs	r0, #0
100032c6:	f000 f9d9 	bl	1000367c <usbd_control_set_complete_callback>
100032ca:	2335      	movs	r3, #53	@ 0x35
100032cc:	5ceb      	ldrb	r3, [r5, r3]
100032ce:	07db      	lsls	r3, r3, #31
100032d0:	d500      	bpl.n	100032d4 <tud_task_ext+0x62c>
100032d2:	e4ff      	b.n	10002cd4 <tud_task_ext+0x2c>
100032d4:	e6c0      	b.n	10003058 <tud_task_ext+0x3b0>
100032d6:	f7ff fbf5 	bl	10002ac4 <dcd_edpt_clear_stall>
100032da:	464b      	mov	r3, r9
100032dc:	2102      	movs	r1, #2
100032de:	18eb      	adds	r3, r5, r3
100032e0:	445b      	add	r3, fp
100032e2:	3330      	adds	r3, #48	@ 0x30
100032e4:	791a      	ldrb	r2, [r3, #4]
100032e6:	438a      	bics	r2, r1
100032e8:	711a      	strb	r2, [r3, #4]
100032ea:	791a      	ldrb	r2, [r3, #4]
100032ec:	9904      	ldr	r1, [sp, #16]
100032ee:	438a      	bics	r2, r1
100032f0:	711a      	strb	r2, [r3, #4]
100032f2:	e7da      	b.n	100032aa <tud_task_ext+0x602>
100032f4:	f7ff fc4c 	bl	10002b90 <tud_umount_cb>
100032f8:	e6ae      	b.n	10003058 <tud_task_ext+0x3b0>
100032fa:	2100      	movs	r1, #0
100032fc:	4640      	mov	r0, r8
100032fe:	f7ff fb07 	bl	10002910 <dcd_sof_enable>
10003302:	4640      	mov	r0, r8
10003304:	f7ff fbaa 	bl	10002a5c <dcd_edpt_close_all>
10003308:	2200      	movs	r2, #0
1000330a:	4693      	mov	fp, r2
1000330c:	4a17      	ldr	r2, [pc, #92]	@ (1000336c <tud_task_ext+0x6c4>)
1000330e:	78ab      	ldrb	r3, [r5, #2]
10003310:	9205      	str	r2, [sp, #20]
10003312:	4a17      	ldr	r2, [pc, #92]	@ (10003370 <tud_task_ext+0x6c8>)
10003314:	9304      	str	r3, [sp, #16]
10003316:	9206      	str	r2, [sp, #24]
10003318:	002a      	movs	r2, r5
1000331a:	4b13      	ldr	r3, [pc, #76]	@ (10003368 <tud_task_ext+0x6c0>)
1000331c:	465d      	mov	r5, fp
1000331e:	4699      	mov	r9, r3
10003320:	4693      	mov	fp, r2
10003322:	781b      	ldrb	r3, [r3, #0]
10003324:	e00e      	b.n	10003344 <tud_task_ext+0x69c>
10003326:	9b06      	ldr	r3, [sp, #24]
10003328:	016a      	lsls	r2, r5, #5
1000332a:	681b      	ldr	r3, [r3, #0]
1000332c:	189b      	adds	r3, r3, r2
1000332e:	2b00      	cmp	r3, #0
10003330:	d055      	beq.n	100033de <tud_task_ext+0x736>
10003332:	68db      	ldr	r3, [r3, #12]
10003334:	4640      	mov	r0, r8
10003336:	4798      	blx	r3
10003338:	464b      	mov	r3, r9
1000333a:	3501      	adds	r5, #1
1000333c:	781b      	ldrb	r3, [r3, #0]
1000333e:	b2ed      	uxtb	r5, r5
10003340:	42ab      	cmp	r3, r5
10003342:	d338      	bcc.n	100033b6 <tud_task_ext+0x70e>
10003344:	429d      	cmp	r5, r3
10003346:	d3ee      	bcc.n	10003326 <tud_task_ext+0x67e>
10003348:	9a05      	ldr	r2, [sp, #20]
1000334a:	1aeb      	subs	r3, r5, r3
1000334c:	4694      	mov	ip, r2
1000334e:	015b      	lsls	r3, r3, #5
10003350:	4463      	add	r3, ip
10003352:	e7ee      	b.n	10003332 <tud_task_ext+0x68a>
10003354:	ab0a      	add	r3, sp, #40	@ 0x28
10003356:	1c9a      	adds	r2, r3, #2
10003358:	4640      	mov	r0, r8
1000335a:	2301      	movs	r3, #1
1000335c:	a90c      	add	r1, sp, #48	@ 0x30
1000335e:	7015      	strb	r5, [r2, #0]
10003360:	f000 f92e 	bl	100035c0 <tud_control_xfer>
10003364:	e4b6      	b.n	10002cd4 <tud_task_ext+0x2c>
10003366:	46c0      	nop			@ (mov r8, r8)
10003368:	20001d38 	.word	0x20001d38
1000336c:	100045e8 	.word	0x100045e8
10003370:	200015a0 	.word	0x200015a0
10003374:	20001694 	.word	0x20001694
10003378:	1000458c 	.word	0x1000458c
1000337c:	003a      	movs	r2, r7
1000337e:	0007      	movs	r7, r0
10003380:	2a00      	cmp	r2, #0
10003382:	d03c      	beq.n	100033fe <tud_task_ext+0x756>
10003384:	78ab      	ldrb	r3, [r5, #2]
10003386:	189a      	adds	r2, r3, r2
10003388:	b2d2      	uxtb	r2, r2
1000338a:	e004      	b.n	10003396 <tud_task_ext+0x6ee>
1000338c:	3301      	adds	r3, #1
1000338e:	b2db      	uxtb	r3, r3
10003390:	710e      	strb	r6, [r1, #4]
10003392:	429a      	cmp	r2, r3
10003394:	d033      	beq.n	100033fe <tud_task_ext+0x756>
10003396:	4649      	mov	r1, r9
10003398:	18c9      	adds	r1, r1, r3
1000339a:	7908      	ldrb	r0, [r1, #4]
1000339c:	28ff      	cmp	r0, #255	@ 0xff
1000339e:	d0f5      	beq.n	1000338c <tud_task_ext+0x6e4>
100033a0:	465e      	mov	r6, fp
100033a2:	464d      	mov	r5, r9
100033a4:	9f04      	ldr	r7, [sp, #16]
100033a6:	2300      	movs	r3, #0
100033a8:	706b      	strb	r3, [r5, #1]
100033aa:	e603      	b.n	10002fb4 <tud_task_ext+0x30c>
100033ac:	465e      	mov	r6, fp
100033ae:	9f04      	ldr	r7, [sp, #16]
100033b0:	f7ff fbec 	bl	10002b8c <tud_mount_cb>
100033b4:	e650      	b.n	10003058 <tud_task_ext+0x3b0>
100033b6:	465d      	mov	r5, fp
100033b8:	2254      	movs	r2, #84	@ 0x54
100033ba:	2100      	movs	r1, #0
100033bc:	0028      	movs	r0, r5
100033be:	f7fe ffbd 	bl	1000233c <__wrap_memset>
100033c2:	2210      	movs	r2, #16
100033c4:	21ff      	movs	r1, #255	@ 0xff
100033c6:	1d28      	adds	r0, r5, #4
100033c8:	f7fe ffb8 	bl	1000233c <__wrap_memset>
100033cc:	0028      	movs	r0, r5
100033ce:	2220      	movs	r2, #32
100033d0:	21ff      	movs	r1, #255	@ 0xff
100033d2:	3014      	adds	r0, #20
100033d4:	f7fe ffb2 	bl	1000233c <__wrap_memset>
100033d8:	9b04      	ldr	r3, [sp, #16]
100033da:	70ab      	strb	r3, [r5, #2]
100033dc:	e664      	b.n	100030a8 <tud_task_ext+0x400>
100033de:	465d      	mov	r5, fp
100033e0:	e7fa      	b.n	100033d8 <tud_task_ext+0x730>
100033e2:	f7ff fbcd 	bl	10002b80 <tud_descriptor_bos_cb>
100033e6:	1e02      	subs	r2, r0, #0
100033e8:	d100      	bne.n	100033ec <tud_task_ext+0x744>
100033ea:	e5e3      	b.n	10002fb4 <tud_task_ext+0x30c>
100033ec:	78d3      	ldrb	r3, [r2, #3]
100033ee:	7891      	ldrb	r1, [r2, #2]
100033f0:	021b      	lsls	r3, r3, #8
100033f2:	430b      	orrs	r3, r1
100033f4:	4640      	mov	r0, r8
100033f6:	a90c      	add	r1, sp, #48	@ 0x30
100033f8:	f000 f8e2 	bl	100035c0 <tud_control_xfer>
100033fc:	e5eb      	b.n	10002fd6 <tud_task_ext+0x32e>
100033fe:	0033      	movs	r3, r6
10003400:	0029      	movs	r1, r5
10003402:	003a      	movs	r2, r7
10003404:	9809      	ldr	r0, [sp, #36]	@ 0x24
10003406:	f000 fc1f 	bl	10003c48 <tu_edpt_bind_driver>
1000340a:	9b05      	ldr	r3, [sp, #20]
1000340c:	19ed      	adds	r5, r5, r7
1000340e:	781b      	ldrb	r3, [r3, #0]
10003410:	42b3      	cmp	r3, r6
10003412:	d300      	bcc.n	10003416 <tud_task_ext+0x76e>
10003414:	e67c      	b.n	10003110 <tud_task_ext+0x468>
10003416:	e7c3      	b.n	100033a0 <tud_task_ext+0x6f8>
10003418:	f7ff fbb4 	bl	10002b84 <tud_descriptor_device_qualifier_cb>
1000341c:	1e02      	subs	r2, r0, #0
1000341e:	d100      	bne.n	10003422 <tud_task_ext+0x77a>
10003420:	e5c8      	b.n	10002fb4 <tud_task_ext+0x30c>
10003422:	4640      	mov	r0, r8
10003424:	7813      	ldrb	r3, [r2, #0]
10003426:	a90c      	add	r1, sp, #48	@ 0x30
10003428:	f000 f8ca 	bl	100035c0 <tud_control_xfer>
1000342c:	e5d3      	b.n	10002fd6 <tud_task_ext+0x32e>
1000342e:	8921      	ldrh	r1, [r4, #8]
10003430:	f7fd f8ca 	bl	100005c8 <tud_descriptor_string_cb>
10003434:	1e02      	subs	r2, r0, #0
10003436:	d1f4      	bne.n	10003422 <tud_task_ext+0x77a>
10003438:	e5bc      	b.n	10002fb4 <tud_task_ext+0x30c>
1000343a:	2a02      	cmp	r2, #2
1000343c:	d00f      	beq.n	1000345e <tud_task_ext+0x7b6>
1000343e:	f7ff fba3 	bl	10002b88 <tud_descriptor_other_speed_configuration_cb>
10003442:	1e02      	subs	r2, r0, #0
10003444:	d1d2      	bne.n	100033ec <tud_task_ext+0x744>
10003446:	e5b5      	b.n	10002fb4 <tud_task_ext+0x30c>
10003448:	f7fd f8b2 	bl	100005b0 <tud_descriptor_device_cb>
1000344c:	1e02      	subs	r2, r0, #0
1000344e:	d100      	bne.n	10003452 <tud_task_ext+0x7aa>
10003450:	e5b0      	b.n	10002fb4 <tud_task_ext+0x30c>
10003452:	2312      	movs	r3, #18
10003454:	4640      	mov	r0, r8
10003456:	a90c      	add	r1, sp, #48	@ 0x30
10003458:	f000 f8b2 	bl	100035c0 <tud_control_xfer>
1000345c:	e5bb      	b.n	10002fd6 <tud_task_ext+0x32e>
1000345e:	f7fd f8af 	bl	100005c0 <tud_descriptor_configuration_cb>
10003462:	1e02      	subs	r2, r0, #0
10003464:	d1c2      	bne.n	100033ec <tud_task_ext+0x744>
10003466:	e5a5      	b.n	10002fb4 <tud_task_ext+0x30c>

10003468 <usbd_open_edpt_pair>:
10003468:	b5f8      	push	{r3, r4, r5, r6, r7, lr}
1000346a:	4657      	mov	r7, sl
1000346c:	464e      	mov	r6, r9
1000346e:	46de      	mov	lr, fp
10003470:	4645      	mov	r5, r8
10003472:	000c      	movs	r4, r1
10003474:	b5e0      	push	{r5, r6, r7, lr}
10003476:	0016      	movs	r6, r2
10003478:	001f      	movs	r7, r3
1000347a:	2a00      	cmp	r2, #0
1000347c:	d03c      	beq.n	100034f8 <usbd_open_edpt_pair+0x90>
1000347e:	2370      	movs	r3, #112	@ 0x70
10003480:	4698      	mov	r8, r3
10003482:	4b1e      	ldr	r3, [pc, #120]	@ (100034fc <usbd_open_edpt_pair+0x94>)
10003484:	2500      	movs	r5, #0
10003486:	469b      	mov	fp, r3
10003488:	4b1d      	ldr	r3, [pc, #116]	@ (10003500 <usbd_open_edpt_pair+0x98>)
1000348a:	469a      	mov	sl, r3
1000348c:	e01a      	b.n	100034c4 <usbd_open_edpt_pair+0x5c>
1000348e:	465b      	mov	r3, fp
10003490:	781b      	ldrb	r3, [r3, #0]
10003492:	0020      	movs	r0, r4
10003494:	4699      	mov	r9, r3
10003496:	4653      	mov	r3, sl
10003498:	7899      	ldrb	r1, [r3, #2]
1000349a:	f000 fb97 	bl	10003bcc <tu_edpt_validate>
1000349e:	2800      	cmp	r0, #0
100034a0:	d01c      	beq.n	100034dc <usbd_open_edpt_pair+0x74>
100034a2:	0021      	movs	r1, r4
100034a4:	4648      	mov	r0, r9
100034a6:	f7ff fa4f 	bl	10002948 <dcd_edpt_open>
100034aa:	2800      	cmp	r0, #0
100034ac:	d016      	beq.n	100034dc <usbd_open_edpt_pair+0x74>
100034ae:	78a3      	ldrb	r3, [r4, #2]
100034b0:	09da      	lsrs	r2, r3, #7
100034b2:	2a01      	cmp	r2, #1
100034b4:	d019      	beq.n	100034ea <usbd_open_edpt_pair+0x82>
100034b6:	9a0a      	ldr	r2, [sp, #40]	@ 0x28
100034b8:	3501      	adds	r5, #1
100034ba:	7013      	strb	r3, [r2, #0]
100034bc:	7823      	ldrb	r3, [r4, #0]
100034be:	18e4      	adds	r4, r4, r3
100034c0:	42ae      	cmp	r6, r5
100034c2:	dd19      	ble.n	100034f8 <usbd_open_edpt_pair+0x90>
100034c4:	7863      	ldrb	r3, [r4, #1]
100034c6:	2b05      	cmp	r3, #5
100034c8:	d108      	bne.n	100034dc <usbd_open_edpt_pair+0x74>
100034ca:	78e3      	ldrb	r3, [r4, #3]
100034cc:	079b      	lsls	r3, r3, #30
100034ce:	0f9b      	lsrs	r3, r3, #30
100034d0:	42bb      	cmp	r3, r7
100034d2:	d103      	bne.n	100034dc <usbd_open_edpt_pair+0x74>
100034d4:	4642      	mov	r2, r8
100034d6:	78a3      	ldrb	r3, [r4, #2]
100034d8:	421a      	tst	r2, r3
100034da:	d0d8      	beq.n	1000348e <usbd_open_edpt_pair+0x26>
100034dc:	2000      	movs	r0, #0
100034de:	bcf0      	pop	{r4, r5, r6, r7}
100034e0:	46bb      	mov	fp, r7
100034e2:	46b2      	mov	sl, r6
100034e4:	46a9      	mov	r9, r5
100034e6:	46a0      	mov	r8, r4
100034e8:	bdf8      	pop	{r3, r4, r5, r6, r7, pc}
100034ea:	9a0b      	ldr	r2, [sp, #44]	@ 0x2c
100034ec:	3501      	adds	r5, #1
100034ee:	7013      	strb	r3, [r2, #0]
100034f0:	7823      	ldrb	r3, [r4, #0]
100034f2:	18e4      	adds	r4, r4, r3
100034f4:	42ae      	cmp	r6, r5
100034f6:	dce5      	bgt.n	100034c4 <usbd_open_edpt_pair+0x5c>
100034f8:	2001      	movs	r0, #1
100034fa:	e7f0      	b.n	100034de <usbd_open_edpt_pair+0x76>
100034fc:	20001074 	.word	0x20001074
10003500:	20001680 	.word	0x20001680

10003504 <usbd_edpt_claim>:
10003504:	000b      	movs	r3, r1
10003506:	207f      	movs	r0, #127	@ 0x7f
10003508:	b510      	push	{r4, lr}
1000350a:	4018      	ands	r0, r3
1000350c:	09db      	lsrs	r3, r3, #7
1000350e:	3334      	adds	r3, #52	@ 0x34
10003510:	0040      	lsls	r0, r0, #1
10003512:	4a04      	ldr	r2, [pc, #16]	@ (10003524 <usbd_edpt_claim+0x20>)
10003514:	18c0      	adds	r0, r0, r3
10003516:	4b04      	ldr	r3, [pc, #16]	@ (10003528 <usbd_edpt_claim+0x24>)
10003518:	6811      	ldr	r1, [r2, #0]
1000351a:	18c0      	adds	r0, r0, r3
1000351c:	f000 fb2e 	bl	10003b7c <tu_edpt_claim>
10003520:	bd10      	pop	{r4, pc}
10003522:	46c0      	nop			@ (mov r8, r8)
10003524:	200016d4 	.word	0x200016d4
10003528:	20001680 	.word	0x20001680

1000352c <usbd_edpt_xfer>:
1000352c:	b570      	push	{r4, r5, r6, lr}
1000352e:	247f      	movs	r4, #127	@ 0x7f
10003530:	480f      	ldr	r0, [pc, #60]	@ (10003570 <usbd_edpt_xfer+0x44>)
10003532:	400c      	ands	r4, r1
10003534:	0064      	lsls	r4, r4, #1
10003536:	1904      	adds	r4, r0, r4
10003538:	09cd      	lsrs	r5, r1, #7
1000353a:	1964      	adds	r4, r4, r5
1000353c:	3430      	adds	r4, #48	@ 0x30
1000353e:	7920      	ldrb	r0, [r4, #4]
10003540:	07c0      	lsls	r0, r0, #31
10003542:	d501      	bpl.n	10003548 <usbd_edpt_xfer+0x1c>
10003544:	2000      	movs	r0, #0
10003546:	bd70      	pop	{r4, r5, r6, pc}
10003548:	2601      	movs	r6, #1
1000354a:	7925      	ldrb	r5, [r4, #4]
1000354c:	4809      	ldr	r0, [pc, #36]	@ (10003574 <usbd_edpt_xfer+0x48>)
1000354e:	4335      	orrs	r5, r6
10003550:	7800      	ldrb	r0, [r0, #0]
10003552:	7125      	strb	r5, [r4, #4]
10003554:	f7ff fa86 	bl	10002a64 <dcd_edpt_xfer>
10003558:	2800      	cmp	r0, #0
1000355a:	d1f4      	bne.n	10003546 <usbd_edpt_xfer+0x1a>
1000355c:	2201      	movs	r2, #1
1000355e:	7923      	ldrb	r3, [r4, #4]
10003560:	4393      	bics	r3, r2
10003562:	7123      	strb	r3, [r4, #4]
10003564:	7923      	ldrb	r3, [r4, #4]
10003566:	3203      	adds	r2, #3
10003568:	4393      	bics	r3, r2
1000356a:	7123      	strb	r3, [r4, #4]
1000356c:	e7ea      	b.n	10003544 <usbd_edpt_xfer+0x18>
1000356e:	46c0      	nop			@ (mov r8, r8)
10003570:	20001680 	.word	0x20001680
10003574:	20001074 	.word	0x20001074

10003578 <usbd_edpt_busy>:
10003578:	227f      	movs	r2, #127	@ 0x7f
1000357a:	4b05      	ldr	r3, [pc, #20]	@ (10003590 <usbd_edpt_busy+0x18>)
1000357c:	400a      	ands	r2, r1
1000357e:	0052      	lsls	r2, r2, #1
10003580:	09c9      	lsrs	r1, r1, #7
10003582:	189b      	adds	r3, r3, r2
10003584:	185b      	adds	r3, r3, r1
10003586:	3330      	adds	r3, #48	@ 0x30
10003588:	7918      	ldrb	r0, [r3, #4]
1000358a:	07c0      	lsls	r0, r0, #31
1000358c:	0fc0      	lsrs	r0, r0, #31
1000358e:	4770      	bx	lr
10003590:	20001680 	.word	0x20001680

10003594 <tud_control_status>:
10003594:	b570      	push	{r4, r5, r6, lr}
10003596:	4c09      	ldr	r4, [pc, #36]	@ (100035bc <tud_control_status+0x28>)
10003598:	0006      	movs	r6, r0
1000359a:	2208      	movs	r2, #8
1000359c:	0020      	movs	r0, r4
1000359e:	000d      	movs	r5, r1
100035a0:	f7fe fed2 	bl	10002348 <__wrap___aeabi_memcpy>
100035a4:	2300      	movs	r3, #0
100035a6:	2180      	movs	r1, #128	@ 0x80
100035a8:	60e3      	str	r3, [r4, #12]
100035aa:	60a3      	str	r3, [r4, #8]
100035ac:	782b      	ldrb	r3, [r5, #0]
100035ae:	0030      	movs	r0, r6
100035b0:	4399      	bics	r1, r3
100035b2:	2200      	movs	r2, #0
100035b4:	2300      	movs	r3, #0
100035b6:	f7ff ffb9 	bl	1000352c <usbd_edpt_xfer>
100035ba:	bd70      	pop	{r4, r5, r6, pc}
100035bc:	200015e4 	.word	0x200015e4

100035c0 <tud_control_xfer>:
100035c0:	b5f8      	push	{r3, r4, r5, r6, r7, lr}
100035c2:	46ce      	mov	lr, r9
100035c4:	4647      	mov	r7, r8
100035c6:	4690      	mov	r8, r2
100035c8:	4e25      	ldr	r6, [pc, #148]	@ (10003660 <tud_control_xfer+0xa0>)
100035ca:	b580      	push	{r7, lr}
100035cc:	4681      	mov	r9, r0
100035ce:	2208      	movs	r2, #8
100035d0:	0030      	movs	r0, r6
100035d2:	000d      	movs	r5, r1
100035d4:	001f      	movs	r7, r3
100035d6:	f7fe feb7 	bl	10002348 <__wrap___aeabi_memcpy>
100035da:	4643      	mov	r3, r8
100035dc:	60b3      	str	r3, [r6, #8]
100035de:	2300      	movs	r3, #0
100035e0:	81f3      	strh	r3, [r6, #14]
100035e2:	79ec      	ldrb	r4, [r5, #7]
100035e4:	79ab      	ldrb	r3, [r5, #6]
100035e6:	0224      	lsls	r4, r4, #8
100035e8:	431c      	orrs	r4, r3
100035ea:	1c23      	adds	r3, r4, #0
100035ec:	42bc      	cmp	r4, r7
100035ee:	d900      	bls.n	100035f2 <tud_control_xfer+0x32>
100035f0:	1c3b      	adds	r3, r7, #0
100035f2:	b29f      	uxth	r7, r3
100035f4:	81b3      	strh	r3, [r6, #12]
100035f6:	2c00      	cmp	r4, #0
100035f8:	d00d      	beq.n	10003616 <tud_control_xfer+0x56>
100035fa:	2f00      	cmp	r7, #0
100035fc:	d017      	beq.n	1000362e <tud_control_xfer+0x6e>
100035fe:	4642      	mov	r2, r8
10003600:	2a00      	cmp	r2, #0
10003602:	d02b      	beq.n	1000365c <tud_control_xfer+0x9c>
10003604:	2f40      	cmp	r7, #64	@ 0x40
10003606:	d81b      	bhi.n	10003640 <tud_control_xfer+0x80>
10003608:	b29f      	uxth	r7, r3
1000360a:	7833      	ldrb	r3, [r6, #0]
1000360c:	2b7f      	cmp	r3, #127	@ 0x7f
1000360e:	d81c      	bhi.n	1000364a <tud_control_xfer+0x8a>
10003610:	2100      	movs	r1, #0
10003612:	4a14      	ldr	r2, [pc, #80]	@ (10003664 <tud_control_xfer+0xa4>)
10003614:	e00f      	b.n	10003636 <tud_control_xfer+0x76>
10003616:	2180      	movs	r1, #128	@ 0x80
10003618:	782b      	ldrb	r3, [r5, #0]
1000361a:	2200      	movs	r2, #0
1000361c:	4399      	bics	r1, r3
1000361e:	4648      	mov	r0, r9
10003620:	2300      	movs	r3, #0
10003622:	f7ff ff83 	bl	1000352c <usbd_edpt_xfer>
10003626:	bcc0      	pop	{r6, r7}
10003628:	46b9      	mov	r9, r7
1000362a:	46b0      	mov	r8, r6
1000362c:	bdf8      	pop	{r3, r4, r5, r6, r7, pc}
1000362e:	237f      	movs	r3, #127	@ 0x7f
10003630:	2200      	movs	r2, #0
10003632:	7831      	ldrb	r1, [r6, #0]
10003634:	4399      	bics	r1, r3
10003636:	003b      	movs	r3, r7
10003638:	4648      	mov	r0, r9
1000363a:	f7ff ff77 	bl	1000352c <usbd_edpt_xfer>
1000363e:	e7f2      	b.n	10003626 <tud_control_xfer+0x66>
10003640:	2340      	movs	r3, #64	@ 0x40
10003642:	b29f      	uxth	r7, r3
10003644:	7833      	ldrb	r3, [r6, #0]
10003646:	2b7f      	cmp	r3, #127	@ 0x7f
10003648:	d9e2      	bls.n	10003610 <tud_control_xfer+0x50>
1000364a:	4c06      	ldr	r4, [pc, #24]	@ (10003664 <tud_control_xfer+0xa4>)
1000364c:	003a      	movs	r2, r7
1000364e:	4641      	mov	r1, r8
10003650:	0020      	movs	r0, r4
10003652:	f7fe fe79 	bl	10002348 <__wrap___aeabi_memcpy>
10003656:	2180      	movs	r1, #128	@ 0x80
10003658:	0022      	movs	r2, r4
1000365a:	e7ec      	b.n	10003636 <tud_control_xfer+0x76>
1000365c:	2000      	movs	r0, #0
1000365e:	e7e2      	b.n	10003626 <tud_control_xfer+0x66>
10003660:	200015e4 	.word	0x200015e4
10003664:	200015a4 	.word	0x200015a4

10003668 <usbd_control_reset>:
10003668:	b510      	push	{r4, lr}
1000366a:	2214      	movs	r2, #20
1000366c:	2100      	movs	r1, #0
1000366e:	4802      	ldr	r0, [pc, #8]	@ (10003678 <usbd_control_reset+0x10>)
10003670:	f7fe fe64 	bl	1000233c <__wrap_memset>
10003674:	bd10      	pop	{r4, pc}
10003676:	46c0      	nop			@ (mov r8, r8)
10003678:	200015e4 	.word	0x200015e4

1000367c <usbd_control_set_complete_callback>:
1000367c:	4b01      	ldr	r3, [pc, #4]	@ (10003684 <usbd_control_set_complete_callback+0x8>)
1000367e:	6118      	str	r0, [r3, #16]
10003680:	4770      	bx	lr
10003682:	46c0      	nop			@ (mov r8, r8)
10003684:	200015e4 	.word	0x200015e4

10003688 <usbd_control_set_request>:
10003688:	b510      	push	{r4, lr}
1000368a:	4c05      	ldr	r4, [pc, #20]	@ (100036a0 <usbd_control_set_request+0x18>)
1000368c:	0001      	movs	r1, r0
1000368e:	2208      	movs	r2, #8
10003690:	0020      	movs	r0, r4
10003692:	f7fe fe59 	bl	10002348 <__wrap___aeabi_memcpy>
10003696:	2300      	movs	r3, #0
10003698:	60a3      	str	r3, [r4, #8]
1000369a:	60e3      	str	r3, [r4, #12]
1000369c:	bd10      	pop	{r4, pc}
1000369e:	46c0      	nop			@ (mov r8, r8)
100036a0:	200015e4 	.word	0x200015e4

100036a4 <usbd_control_xfer_cb>:
100036a4:	b570      	push	{r4, r5, r6, lr}
100036a6:	4c38      	ldr	r4, [pc, #224]	@ (10003788 <usbd_control_xfer_cb+0xe4>)
100036a8:	001d      	movs	r5, r3
100036aa:	7823      	ldrb	r3, [r4, #0]
100036ac:	0006      	movs	r6, r0
100036ae:	09da      	lsrs	r2, r3, #7
100036b0:	09c9      	lsrs	r1, r1, #7
100036b2:	428a      	cmp	r2, r1
100036b4:	d010      	beq.n	100036d8 <usbd_control_xfer_cb+0x34>
100036b6:	2000      	movs	r0, #0
100036b8:	2d00      	cmp	r5, #0
100036ba:	d000      	beq.n	100036be <usbd_control_xfer_cb+0x1a>
100036bc:	bd70      	pop	{r4, r5, r6, pc}
100036be:	0021      	movs	r1, r4
100036c0:	0030      	movs	r0, r6
100036c2:	f7ff f933 	bl	1000292c <dcd_edpt0_status_complete>
100036c6:	6923      	ldr	r3, [r4, #16]
100036c8:	2b00      	cmp	r3, #0
100036ca:	d003      	beq.n	100036d4 <usbd_control_xfer_cb+0x30>
100036cc:	0022      	movs	r2, r4
100036ce:	2103      	movs	r1, #3
100036d0:	0030      	movs	r0, r6
100036d2:	4798      	blx	r3
100036d4:	2001      	movs	r0, #1
100036d6:	e7f1      	b.n	100036bc <usbd_control_xfer_cb+0x18>
100036d8:	2b7f      	cmp	r3, #127	@ 0x7f
100036da:	d806      	bhi.n	100036ea <usbd_control_xfer_cb+0x46>
100036dc:	68a0      	ldr	r0, [r4, #8]
100036de:	2800      	cmp	r0, #0
100036e0:	d034      	beq.n	1000374c <usbd_control_xfer_cb+0xa8>
100036e2:	002a      	movs	r2, r5
100036e4:	4929      	ldr	r1, [pc, #164]	@ (1000378c <usbd_control_xfer_cb+0xe8>)
100036e6:	f7fe fe2f 	bl	10002348 <__wrap___aeabi_memcpy>
100036ea:	89e2      	ldrh	r2, [r4, #14]
100036ec:	68a1      	ldr	r1, [r4, #8]
100036ee:	1952      	adds	r2, r2, r5
100036f0:	88e3      	ldrh	r3, [r4, #6]
100036f2:	b292      	uxth	r2, r2
100036f4:	1949      	adds	r1, r1, r5
100036f6:	81e2      	strh	r2, [r4, #14]
100036f8:	60a1      	str	r1, [r4, #8]
100036fa:	4293      	cmp	r3, r2
100036fc:	d014      	beq.n	10003728 <usbd_control_xfer_cb+0x84>
100036fe:	2d3f      	cmp	r5, #63	@ 0x3f
10003700:	d912      	bls.n	10003728 <usbd_control_xfer_cb+0x84>
10003702:	89a3      	ldrh	r3, [r4, #12]
10003704:	1a98      	subs	r0, r3, r2
10003706:	1c05      	adds	r5, r0, #0
10003708:	b280      	uxth	r0, r0
1000370a:	2840      	cmp	r0, #64	@ 0x40
1000370c:	d82a      	bhi.n	10003764 <usbd_control_xfer_cb+0xc0>
1000370e:	7820      	ldrb	r0, [r4, #0]
10003710:	b2ad      	uxth	r5, r5
10003712:	287f      	cmp	r0, #127	@ 0x7f
10003714:	d828      	bhi.n	10003768 <usbd_control_xfer_cb+0xc4>
10003716:	2100      	movs	r1, #0
10003718:	429a      	cmp	r2, r3
1000371a:	d032      	beq.n	10003782 <usbd_control_xfer_cb+0xde>
1000371c:	4a1b      	ldr	r2, [pc, #108]	@ (1000378c <usbd_control_xfer_cb+0xe8>)
1000371e:	002b      	movs	r3, r5
10003720:	0030      	movs	r0, r6
10003722:	f7ff ff03 	bl	1000352c <usbd_edpt_xfer>
10003726:	e7c9      	b.n	100036bc <usbd_control_xfer_cb+0x18>
10003728:	6923      	ldr	r3, [r4, #16]
1000372a:	2b00      	cmp	r3, #0
1000372c:	d005      	beq.n	1000373a <usbd_control_xfer_cb+0x96>
1000372e:	0022      	movs	r2, r4
10003730:	2102      	movs	r1, #2
10003732:	0030      	movs	r0, r6
10003734:	4798      	blx	r3
10003736:	2800      	cmp	r0, #0
10003738:	d00a      	beq.n	10003750 <usbd_control_xfer_cb+0xac>
1000373a:	2180      	movs	r1, #128	@ 0x80
1000373c:	7823      	ldrb	r3, [r4, #0]
1000373e:	2200      	movs	r2, #0
10003740:	4399      	bics	r1, r3
10003742:	0030      	movs	r0, r6
10003744:	2300      	movs	r3, #0
10003746:	f7ff fef1 	bl	1000352c <usbd_edpt_xfer>
1000374a:	e7b7      	b.n	100036bc <usbd_control_xfer_cb+0x18>
1000374c:	2000      	movs	r0, #0
1000374e:	e7b5      	b.n	100036bc <usbd_control_xfer_cb+0x18>
10003750:	2100      	movs	r1, #0
10003752:	0030      	movs	r0, r6
10003754:	f7ff f998 	bl	10002a88 <dcd_edpt_stall>
10003758:	0030      	movs	r0, r6
1000375a:	2180      	movs	r1, #128	@ 0x80
1000375c:	f7ff f994 	bl	10002a88 <dcd_edpt_stall>
10003760:	2001      	movs	r0, #1
10003762:	e7ab      	b.n	100036bc <usbd_control_xfer_cb+0x18>
10003764:	2540      	movs	r5, #64	@ 0x40
10003766:	e7d2      	b.n	1000370e <usbd_control_xfer_cb+0x6a>
10003768:	429a      	cmp	r2, r3
1000376a:	d007      	beq.n	1000377c <usbd_control_xfer_cb+0xd8>
1000376c:	4c07      	ldr	r4, [pc, #28]	@ (1000378c <usbd_control_xfer_cb+0xe8>)
1000376e:	002a      	movs	r2, r5
10003770:	0020      	movs	r0, r4
10003772:	f7fe fde9 	bl	10002348 <__wrap___aeabi_memcpy>
10003776:	2180      	movs	r1, #128	@ 0x80
10003778:	0022      	movs	r2, r4
1000377a:	e7d0      	b.n	1000371e <usbd_control_xfer_cb+0x7a>
1000377c:	2180      	movs	r1, #128	@ 0x80
1000377e:	2200      	movs	r2, #0
10003780:	e7cd      	b.n	1000371e <usbd_control_xfer_cb+0x7a>
10003782:	2200      	movs	r2, #0
10003784:	e7cb      	b.n	1000371e <usbd_control_xfer_cb+0x7a>
10003786:	46c0      	nop			@ (mov r8, r8)
10003788:	200015e4 	.word	0x200015e4
1000378c:	200015a4 	.word	0x200015a4

10003790 <tud_hid_set_protocol_cb>:
10003790:	4770      	bx	lr
10003792:	46c0      	nop			@ (mov r8, r8)

10003794 <tud_hid_set_idle_cb>:
10003794:	2001      	movs	r0, #1
10003796:	4770      	bx	lr

10003798 <tud_hid_report_complete_cb>:
10003798:	4770      	bx	lr
1000379a:	46c0      	nop			@ (mov r8, r8)

1000379c <tud_hid_report_failed_cb>:
1000379c:	4770      	bx	lr
1000379e:	46c0      	nop			@ (mov r8, r8)

100037a0 <tud_hid_n_ready>:
100037a0:	0042      	lsls	r2, r0, #1
100037a2:	4b0c      	ldr	r3, [pc, #48]	@ (100037d4 <tud_hid_n_ready+0x34>)
100037a4:	1812      	adds	r2, r2, r0
100037a6:	0092      	lsls	r2, r2, #2
100037a8:	b510      	push	{r4, lr}
100037aa:	189b      	adds	r3, r3, r2
100037ac:	785c      	ldrb	r4, [r3, #1]
100037ae:	f7ff f9f5 	bl	10002b9c <tud_mounted>
100037b2:	2800      	cmp	r0, #0
100037b4:	d101      	bne.n	100037ba <tud_hid_n_ready+0x1a>
100037b6:	2000      	movs	r0, #0
100037b8:	bd10      	pop	{r4, pc}
100037ba:	f7ff f9f7 	bl	10002bac <tud_suspended>
100037be:	2800      	cmp	r0, #0
100037c0:	d1f9      	bne.n	100037b6 <tud_hid_n_ready+0x16>
100037c2:	2c00      	cmp	r4, #0
100037c4:	d0f7      	beq.n	100037b6 <tud_hid_n_ready+0x16>
100037c6:	0021      	movs	r1, r4
100037c8:	f7ff fed6 	bl	10003578 <usbd_edpt_busy>
100037cc:	2301      	movs	r3, #1
100037ce:	4058      	eors	r0, r3
100037d0:	b2c0      	uxtb	r0, r0
100037d2:	e7f1      	b.n	100037b8 <tud_hid_n_ready+0x18>
100037d4:	20001668 	.word	0x20001668

100037d8 <tud_hid_n_mouse_report>:
100037d8:	b5f0      	push	{r4, r5, r6, r7, lr}
100037da:	464f      	mov	r7, r9
100037dc:	4646      	mov	r6, r8
100037de:	46d6      	mov	lr, sl
100037e0:	001d      	movs	r5, r3
100037e2:	2300      	movs	r3, #0
100037e4:	b5c0      	push	{r6, r7, lr}
100037e6:	000c      	movs	r4, r1
100037e8:	a908      	add	r1, sp, #32
100037ea:	56cb      	ldrsb	r3, [r1, r3]
100037ec:	2700      	movs	r7, #0
100037ee:	4698      	mov	r8, r3
100037f0:	2300      	movs	r3, #0
100037f2:	a909      	add	r1, sp, #36	@ 0x24
100037f4:	56cb      	ldrsb	r3, [r1, r3]
100037f6:	a90a      	add	r1, sp, #40	@ 0x28
100037f8:	0016      	movs	r6, r2
100037fa:	4699      	mov	r9, r3
100037fc:	57cf      	ldrsb	r7, [r1, r7]
100037fe:	2800      	cmp	r0, #0
10003800:	d005      	beq.n	1000380e <tud_hid_n_mouse_report+0x36>
10003802:	2000      	movs	r0, #0
10003804:	bce0      	pop	{r5, r6, r7}
10003806:	46ba      	mov	sl, r7
10003808:	46b1      	mov	r9, r6
1000380a:	46a8      	mov	r8, r5
1000380c:	bdf0      	pop	{r4, r5, r6, r7, pc}
1000380e:	4b12      	ldr	r3, [pc, #72]	@ (10003858 <tud_hid_n_mouse_report+0x80>)
10003810:	2000      	movs	r0, #0
10003812:	7859      	ldrb	r1, [r3, #1]
10003814:	469a      	mov	sl, r3
10003816:	f7ff fe75 	bl	10003504 <usbd_edpt_claim>
1000381a:	2800      	cmp	r0, #0
1000381c:	d0f1      	beq.n	10003802 <tud_hid_n_mouse_report+0x2a>
1000381e:	4b0f      	ldr	r3, [pc, #60]	@ (1000385c <tud_hid_n_mouse_report+0x84>)
10003820:	2c00      	cmp	r4, #0
10003822:	d10e      	bne.n	10003842 <tud_hid_n_mouse_report+0x6a>
10003824:	4642      	mov	r2, r8
10003826:	749a      	strb	r2, [r3, #18]
10003828:	464a      	mov	r2, r9
1000382a:	741e      	strb	r6, [r3, #16]
1000382c:	745d      	strb	r5, [r3, #17]
1000382e:	74da      	strb	r2, [r3, #19]
10003830:	751f      	strb	r7, [r3, #20]
10003832:	2305      	movs	r3, #5
10003834:	4651      	mov	r1, sl
10003836:	4a0a      	ldr	r2, [pc, #40]	@ (10003860 <tud_hid_n_mouse_report+0x88>)
10003838:	7849      	ldrb	r1, [r1, #1]
1000383a:	2000      	movs	r0, #0
1000383c:	f7ff fe76 	bl	1000352c <usbd_edpt_xfer>
10003840:	e7e0      	b.n	10003804 <tud_hid_n_mouse_report+0x2c>
10003842:	4642      	mov	r2, r8
10003844:	74da      	strb	r2, [r3, #19]
10003846:	464a      	mov	r2, r9
10003848:	741c      	strb	r4, [r3, #16]
1000384a:	745e      	strb	r6, [r3, #17]
1000384c:	749d      	strb	r5, [r3, #18]
1000384e:	751a      	strb	r2, [r3, #20]
10003850:	755f      	strb	r7, [r3, #21]
10003852:	2306      	movs	r3, #6
10003854:	e7ee      	b.n	10003834 <tud_hid_n_mouse_report+0x5c>
10003856:	46c0      	nop			@ (mov r8, r8)
10003858:	20001668 	.word	0x20001668
1000385c:	20001638 	.word	0x20001638
10003860:	20001648 	.word	0x20001648

10003864 <hidd_init>:
10003864:	b510      	push	{r4, lr}
10003866:	220c      	movs	r2, #12
10003868:	2100      	movs	r1, #0
1000386a:	4802      	ldr	r0, [pc, #8]	@ (10003874 <hidd_init+0x10>)
1000386c:	f7fe fd66 	bl	1000233c <__wrap_memset>
10003870:	bd10      	pop	{r4, pc}
10003872:	46c0      	nop			@ (mov r8, r8)
10003874:	20001668 	.word	0x20001668

10003878 <hidd_deinit>:
10003878:	2001      	movs	r0, #1
1000387a:	4770      	bx	lr

1000387c <hidd_reset>:
1000387c:	b510      	push	{r4, lr}
1000387e:	220c      	movs	r2, #12
10003880:	2100      	movs	r1, #0
10003882:	4802      	ldr	r0, [pc, #8]	@ (1000388c <hidd_reset+0x10>)
10003884:	f7fe fd5a 	bl	1000233c <__wrap_memset>
10003888:	bd10      	pop	{r4, pc}
1000388a:	46c0      	nop			@ (mov r8, r8)
1000388c:	20001668 	.word	0x20001668

10003890 <hidd_open>:
10003890:	b5f0      	push	{r4, r5, r6, r7, lr}
10003892:	794b      	ldrb	r3, [r1, #5]
10003894:	0006      	movs	r6, r0
10003896:	000d      	movs	r5, r1
10003898:	b083      	sub	sp, #12
1000389a:	2b03      	cmp	r3, #3
1000389c:	d10a      	bne.n	100038b4 <hidd_open+0x24>
1000389e:	7908      	ldrb	r0, [r1, #4]
100038a0:	00c4      	lsls	r4, r0, #3
100038a2:	1a24      	subs	r4, r4, r0
100038a4:	3412      	adds	r4, #18
100038a6:	b2a4      	uxth	r4, r4
100038a8:	4294      	cmp	r4, r2
100038aa:	d803      	bhi.n	100038b4 <hidd_open+0x24>
100038ac:	4f19      	ldr	r7, [pc, #100]	@ (10003914 <hidd_open+0x84>)
100038ae:	787b      	ldrb	r3, [r7, #1]
100038b0:	2b00      	cmp	r3, #0
100038b2:	d003      	beq.n	100038bc <hidd_open+0x2c>
100038b4:	2400      	movs	r4, #0
100038b6:	0020      	movs	r0, r4
100038b8:	b003      	add	sp, #12
100038ba:	bdf0      	pop	{r4, r5, r6, r7, pc}
100038bc:	7809      	ldrb	r1, [r1, #0]
100038be:	1869      	adds	r1, r5, r1
100038c0:	784b      	ldrb	r3, [r1, #1]
100038c2:	2b21      	cmp	r3, #33	@ 0x21
100038c4:	d1f6      	bne.n	100038b4 <hidd_open+0x24>
100038c6:	60b9      	str	r1, [r7, #8]
100038c8:	780b      	ldrb	r3, [r1, #0]
100038ca:	0002      	movs	r2, r0
100038cc:	18c9      	adds	r1, r1, r3
100038ce:	1c7b      	adds	r3, r7, #1
100038d0:	9301      	str	r3, [sp, #4]
100038d2:	1cbb      	adds	r3, r7, #2
100038d4:	9300      	str	r3, [sp, #0]
100038d6:	0030      	movs	r0, r6
100038d8:	2303      	movs	r3, #3
100038da:	f7ff fdc5 	bl	10003468 <usbd_open_edpt_pair>
100038de:	2800      	cmp	r0, #0
100038e0:	d0e8      	beq.n	100038b4 <hidd_open+0x24>
100038e2:	79ab      	ldrb	r3, [r5, #6]
100038e4:	2b01      	cmp	r3, #1
100038e6:	d101      	bne.n	100038ec <hidd_open+0x5c>
100038e8:	79eb      	ldrb	r3, [r5, #7]
100038ea:	70fb      	strb	r3, [r7, #3]
100038ec:	2301      	movs	r3, #1
100038ee:	71bb      	strb	r3, [r7, #6]
100038f0:	78ab      	ldrb	r3, [r5, #2]
100038f2:	78b9      	ldrb	r1, [r7, #2]
100038f4:	703b      	strb	r3, [r7, #0]
100038f6:	68bb      	ldr	r3, [r7, #8]
100038f8:	79da      	ldrb	r2, [r3, #7]
100038fa:	7a1b      	ldrb	r3, [r3, #8]
100038fc:	021b      	lsls	r3, r3, #8
100038fe:	4313      	orrs	r3, r2
10003900:	80bb      	strh	r3, [r7, #4]
10003902:	2900      	cmp	r1, #0
10003904:	d0d7      	beq.n	100038b6 <hidd_open+0x26>
10003906:	2310      	movs	r3, #16
10003908:	0030      	movs	r0, r6
1000390a:	4a03      	ldr	r2, [pc, #12]	@ (10003918 <hidd_open+0x88>)
1000390c:	f7ff fe0e 	bl	1000352c <usbd_edpt_xfer>
10003910:	e7d1      	b.n	100038b6 <hidd_open+0x26>
10003912:	46c0      	nop			@ (mov r8, r8)
10003914:	20001668 	.word	0x20001668
10003918:	20001658 	.word	0x20001658

1000391c <hidd_control_xfer_cb>:
1000391c:	231f      	movs	r3, #31
1000391e:	b5f0      	push	{r4, r5, r6, r7, lr}
10003920:	0014      	movs	r4, r2
10003922:	7812      	ldrb	r2, [r2, #0]
10003924:	0005      	movs	r5, r0
10003926:	b083      	sub	sp, #12
10003928:	4013      	ands	r3, r2
1000392a:	2b01      	cmp	r3, #1
1000392c:	d001      	beq.n	10003932 <hidd_control_xfer_cb+0x16>
1000392e:	2000      	movs	r0, #0
10003930:	e00c      	b.n	1000394c <hidd_control_xfer_cb+0x30>
10003932:	4e5a      	ldr	r6, [pc, #360]	@ (10003a9c <hidd_control_xfer_cb+0x180>)
10003934:	7920      	ldrb	r0, [r4, #4]
10003936:	7833      	ldrb	r3, [r6, #0]
10003938:	4298      	cmp	r0, r3
1000393a:	d1f8      	bne.n	1000392e <hidd_control_xfer_cb+0x12>
1000393c:	2360      	movs	r3, #96	@ 0x60
1000393e:	0018      	movs	r0, r3
10003940:	4010      	ands	r0, r2
10003942:	4213      	tst	r3, r2
10003944:	d104      	bne.n	10003950 <hidd_control_xfer_cb+0x34>
10003946:	2901      	cmp	r1, #1
10003948:	d00b      	beq.n	10003962 <hidd_control_xfer_cb+0x46>
1000394a:	2001      	movs	r0, #1
1000394c:	b003      	add	sp, #12
1000394e:	bdf0      	pop	{r4, r5, r6, r7, pc}
10003950:	2820      	cmp	r0, #32
10003952:	d1ec      	bne.n	1000392e <hidd_control_xfer_cb+0x12>
10003954:	7863      	ldrb	r3, [r4, #1]
10003956:	2b0b      	cmp	r3, #11
10003958:	d8e9      	bhi.n	1000392e <hidd_control_xfer_cb+0x12>
1000395a:	4a51      	ldr	r2, [pc, #324]	@ (10003aa0 <hidd_control_xfer_cb+0x184>)
1000395c:	009b      	lsls	r3, r3, #2
1000395e:	58d3      	ldr	r3, [r2, r3]
10003960:	469f      	mov	pc, r3
10003962:	7863      	ldrb	r3, [r4, #1]
10003964:	2b06      	cmp	r3, #6
10003966:	d1e2      	bne.n	1000392e <hidd_control_xfer_cb+0x12>
10003968:	78e3      	ldrb	r3, [r4, #3]
1000396a:	2b21      	cmp	r3, #33	@ 0x21
1000396c:	d07a      	beq.n	10003a64 <hidd_control_xfer_cb+0x148>
1000396e:	2b22      	cmp	r3, #34	@ 0x22
10003970:	d1dd      	bne.n	1000392e <hidd_control_xfer_cb+0x12>
10003972:	2000      	movs	r0, #0
10003974:	f7fc fe20 	bl	100005b8 <tud_hid_descriptor_report_cb>
10003978:	0021      	movs	r1, r4
1000397a:	0002      	movs	r2, r0
1000397c:	88b3      	ldrh	r3, [r6, #4]
1000397e:	0028      	movs	r0, r5
10003980:	f7ff fe1e 	bl	100035c0 <tud_control_xfer>
10003984:	e7e1      	b.n	1000394a <hidd_control_xfer_cb+0x2e>
10003986:	2901      	cmp	r1, #1
10003988:	d010      	beq.n	100039ac <hidd_control_xfer_cb+0x90>
1000398a:	2903      	cmp	r1, #3
1000398c:	d1dd      	bne.n	1000394a <hidd_control_xfer_cb+0x2e>
1000398e:	78a1      	ldrb	r1, [r4, #2]
10003990:	2000      	movs	r0, #0
10003992:	71b1      	strb	r1, [r6, #6]
10003994:	f7ff fefc 	bl	10003790 <tud_hid_set_protocol_cb>
10003998:	e7d7      	b.n	1000394a <hidd_control_xfer_cb+0x2e>
1000399a:	2901      	cmp	r1, #1
1000399c:	d1d5      	bne.n	1000394a <hidd_control_xfer_cb+0x2e>
1000399e:	78e1      	ldrb	r1, [r4, #3]
100039a0:	2000      	movs	r0, #0
100039a2:	71f1      	strb	r1, [r6, #7]
100039a4:	f7ff fef6 	bl	10003794 <tud_hid_set_idle_cb>
100039a8:	2800      	cmp	r0, #0
100039aa:	d0c0      	beq.n	1000392e <hidd_control_xfer_cb+0x12>
100039ac:	0021      	movs	r1, r4
100039ae:	0028      	movs	r0, r5
100039b0:	f7ff fdf0 	bl	10003594 <tud_control_status>
100039b4:	e7c9      	b.n	1000394a <hidd_control_xfer_cb+0x2e>
100039b6:	2901      	cmp	r1, #1
100039b8:	d05e      	beq.n	10003a78 <hidd_control_xfer_cb+0x15c>
100039ba:	2903      	cmp	r1, #3
100039bc:	d1c5      	bne.n	1000394a <hidd_control_xfer_cb+0x2e>
100039be:	79e0      	ldrb	r0, [r4, #7]
100039c0:	79a3      	ldrb	r3, [r4, #6]
100039c2:	0200      	lsls	r0, r0, #8
100039c4:	4318      	orrs	r0, r3
100039c6:	78e2      	ldrb	r2, [r4, #3]
100039c8:	78a1      	ldrb	r1, [r4, #2]
100039ca:	1c04      	adds	r4, r0, #0
100039cc:	2810      	cmp	r0, #16
100039ce:	d900      	bls.n	100039d2 <hidd_control_xfer_cb+0xb6>
100039d0:	2410      	movs	r4, #16
100039d2:	4b34      	ldr	r3, [pc, #208]	@ (10003aa4 <hidd_control_xfer_cb+0x188>)
100039d4:	b2a4      	uxth	r4, r4
100039d6:	2900      	cmp	r1, #0
100039d8:	d007      	beq.n	100039ea <hidd_control_xfer_cb+0xce>
100039da:	2801      	cmp	r0, #1
100039dc:	d905      	bls.n	100039ea <hidd_control_xfer_cb+0xce>
100039de:	7818      	ldrb	r0, [r3, #0]
100039e0:	4288      	cmp	r0, r1
100039e2:	d102      	bne.n	100039ea <hidd_control_xfer_cb+0xce>
100039e4:	3c01      	subs	r4, #1
100039e6:	4b30      	ldr	r3, [pc, #192]	@ (10003aa8 <hidd_control_xfer_cb+0x18c>)
100039e8:	b2a4      	uxth	r4, r4
100039ea:	2000      	movs	r0, #0
100039ec:	9400      	str	r4, [sp, #0]
100039ee:	f7fc fddb 	bl	100005a8 <tud_hid_set_report_cb>
100039f2:	e7aa      	b.n	1000394a <hidd_control_xfer_cb+0x2e>
100039f4:	2901      	cmp	r1, #1
100039f6:	d1a8      	bne.n	1000394a <hidd_control_xfer_cb+0x2e>
100039f8:	2301      	movs	r3, #1
100039fa:	0021      	movs	r1, r4
100039fc:	0028      	movs	r0, r5
100039fe:	4a2b      	ldr	r2, [pc, #172]	@ (10003aac <hidd_control_xfer_cb+0x190>)
10003a00:	f7ff fdde 	bl	100035c0 <tud_control_xfer>
10003a04:	e7a1      	b.n	1000394a <hidd_control_xfer_cb+0x2e>
10003a06:	2901      	cmp	r1, #1
10003a08:	d19f      	bne.n	1000394a <hidd_control_xfer_cb+0x2e>
10003a0a:	2301      	movs	r3, #1
10003a0c:	0021      	movs	r1, r4
10003a0e:	0028      	movs	r0, r5
10003a10:	4a27      	ldr	r2, [pc, #156]	@ (10003ab0 <hidd_control_xfer_cb+0x194>)
10003a12:	f7ff fdd5 	bl	100035c0 <tud_control_xfer>
10003a16:	e798      	b.n	1000394a <hidd_control_xfer_cb+0x2e>
10003a18:	2901      	cmp	r1, #1
10003a1a:	d196      	bne.n	1000394a <hidd_control_xfer_cb+0x2e>
10003a1c:	79e3      	ldrb	r3, [r4, #7]
10003a1e:	79a0      	ldrb	r0, [r4, #6]
10003a20:	021b      	lsls	r3, r3, #8
10003a22:	4303      	orrs	r3, r0
10003a24:	78e2      	ldrb	r2, [r4, #3]
10003a26:	78a1      	ldrb	r1, [r4, #2]
10003a28:	1c18      	adds	r0, r3, #0
10003a2a:	2b10      	cmp	r3, #16
10003a2c:	d900      	bls.n	10003a30 <hidd_control_xfer_cb+0x114>
10003a2e:	2010      	movs	r0, #16
10003a30:	b280      	uxth	r0, r0
10003a32:	2900      	cmp	r1, #0
10003a34:	d02d      	beq.n	10003a92 <hidd_control_xfer_cb+0x176>
10003a36:	2b01      	cmp	r3, #1
10003a38:	d92b      	bls.n	10003a92 <hidd_control_xfer_cb+0x176>
10003a3a:	2601      	movs	r6, #1
10003a3c:	4f19      	ldr	r7, [pc, #100]	@ (10003aa4 <hidd_control_xfer_cb+0x188>)
10003a3e:	3801      	subs	r0, #1
10003a40:	7039      	strb	r1, [r7, #0]
10003a42:	b280      	uxth	r0, r0
10003a44:	1c7b      	adds	r3, r7, #1
10003a46:	9000      	str	r0, [sp, #0]
10003a48:	2000      	movs	r0, #0
10003a4a:	f7fc fdaf 	bl	100005ac <tud_hid_get_report_cb>
10003a4e:	1833      	adds	r3, r6, r0
10003a50:	b29b      	uxth	r3, r3
10003a52:	2b00      	cmp	r3, #0
10003a54:	d100      	bne.n	10003a58 <hidd_control_xfer_cb+0x13c>
10003a56:	e76a      	b.n	1000392e <hidd_control_xfer_cb+0x12>
10003a58:	003a      	movs	r2, r7
10003a5a:	0021      	movs	r1, r4
10003a5c:	0028      	movs	r0, r5
10003a5e:	f7ff fdaf 	bl	100035c0 <tud_control_xfer>
10003a62:	e772      	b.n	1000394a <hidd_control_xfer_cb+0x2e>
10003a64:	68b2      	ldr	r2, [r6, #8]
10003a66:	2a00      	cmp	r2, #0
10003a68:	d100      	bne.n	10003a6c <hidd_control_xfer_cb+0x150>
10003a6a:	e760      	b.n	1000392e <hidd_control_xfer_cb+0x12>
10003a6c:	0021      	movs	r1, r4
10003a6e:	0028      	movs	r0, r5
10003a70:	7813      	ldrb	r3, [r2, #0]
10003a72:	f7ff fda5 	bl	100035c0 <tud_control_xfer>
10003a76:	e769      	b.n	1000394c <hidd_control_xfer_cb+0x30>
10003a78:	79e3      	ldrb	r3, [r4, #7]
10003a7a:	79a2      	ldrb	r2, [r4, #6]
10003a7c:	021b      	lsls	r3, r3, #8
10003a7e:	4313      	orrs	r3, r2
10003a80:	2b10      	cmp	r3, #16
10003a82:	d900      	bls.n	10003a86 <hidd_control_xfer_cb+0x16a>
10003a84:	e753      	b.n	1000392e <hidd_control_xfer_cb+0x12>
10003a86:	0021      	movs	r1, r4
10003a88:	0028      	movs	r0, r5
10003a8a:	4a06      	ldr	r2, [pc, #24]	@ (10003aa4 <hidd_control_xfer_cb+0x188>)
10003a8c:	f7ff fd98 	bl	100035c0 <tud_control_xfer>
10003a90:	e75b      	b.n	1000394a <hidd_control_xfer_cb+0x2e>
10003a92:	4f04      	ldr	r7, [pc, #16]	@ (10003aa4 <hidd_control_xfer_cb+0x188>)
10003a94:	2600      	movs	r6, #0
10003a96:	003b      	movs	r3, r7
10003a98:	e7d5      	b.n	10003a46 <hidd_control_xfer_cb+0x12a>
10003a9a:	46c0      	nop			@ (mov r8, r8)
10003a9c:	20001668 	.word	0x20001668
10003aa0:	10004608 	.word	0x10004608
10003aa4:	20001638 	.word	0x20001638
10003aa8:	20001639 	.word	0x20001639
10003aac:	2000166e 	.word	0x2000166e
10003ab0:	2000166f 	.word	0x2000166f

10003ab4 <hidd_xfer_cb>:
10003ab4:	b570      	push	{r4, r5, r6, lr}
10003ab6:	4d1b      	ldr	r5, [pc, #108]	@ (10003b24 <hidd_xfer_cb+0x70>)
10003ab8:	0004      	movs	r4, r0
10003aba:	78a8      	ldrb	r0, [r5, #2]
10003abc:	786e      	ldrb	r6, [r5, #1]
10003abe:	b082      	sub	sp, #8
10003ac0:	4288      	cmp	r0, r1
10003ac2:	d004      	beq.n	10003ace <hidd_xfer_cb+0x1a>
10003ac4:	428e      	cmp	r6, r1
10003ac6:	d016      	beq.n	10003af6 <hidd_xfer_cb+0x42>
10003ac8:	2000      	movs	r0, #0
10003aca:	b002      	add	sp, #8
10003acc:	bd70      	pop	{r4, r5, r6, pc}
10003ace:	b29b      	uxth	r3, r3
10003ad0:	4286      	cmp	r6, r0
10003ad2:	d011      	beq.n	10003af8 <hidd_xfer_cb+0x44>
10003ad4:	4e14      	ldr	r6, [pc, #80]	@ (10003b28 <hidd_xfer_cb+0x74>)
10003ad6:	2a00      	cmp	r2, #0
10003ad8:	d117      	bne.n	10003b0a <hidd_xfer_cb+0x56>
10003ada:	9300      	str	r3, [sp, #0]
10003adc:	2100      	movs	r1, #0
10003ade:	0033      	movs	r3, r6
10003ae0:	2000      	movs	r0, #0
10003ae2:	3202      	adds	r2, #2
10003ae4:	f7fc fd60 	bl	100005a8 <tud_hid_set_report_cb>
10003ae8:	2310      	movs	r3, #16
10003aea:	0032      	movs	r2, r6
10003aec:	0020      	movs	r0, r4
10003aee:	78a9      	ldrb	r1, [r5, #2]
10003af0:	f7ff fd1c 	bl	1000352c <usbd_edpt_xfer>
10003af4:	e7e9      	b.n	10003aca <hidd_xfer_cb+0x16>
10003af6:	b29b      	uxth	r3, r3
10003af8:	2a00      	cmp	r2, #0
10003afa:	d10c      	bne.n	10003b16 <hidd_xfer_cb+0x62>
10003afc:	2000      	movs	r0, #0
10003afe:	001a      	movs	r2, r3
10003b00:	490a      	ldr	r1, [pc, #40]	@ (10003b2c <hidd_xfer_cb+0x78>)
10003b02:	f7ff fe49 	bl	10003798 <tud_hid_report_complete_cb>
10003b06:	2001      	movs	r0, #1
10003b08:	e7df      	b.n	10003aca <hidd_xfer_cb+0x16>
10003b0a:	0032      	movs	r2, r6
10003b0c:	2102      	movs	r1, #2
10003b0e:	2000      	movs	r0, #0
10003b10:	f7ff fe44 	bl	1000379c <tud_hid_report_failed_cb>
10003b14:	e7e8      	b.n	10003ae8 <hidd_xfer_cb+0x34>
10003b16:	2000      	movs	r0, #0
10003b18:	2101      	movs	r1, #1
10003b1a:	4a04      	ldr	r2, [pc, #16]	@ (10003b2c <hidd_xfer_cb+0x78>)
10003b1c:	f7ff fe3e 	bl	1000379c <tud_hid_report_failed_cb>
10003b20:	2001      	movs	r0, #1
10003b22:	e7d2      	b.n	10003aca <hidd_xfer_cb+0x16>
10003b24:	20001668 	.word	0x20001668
10003b28:	20001658 	.word	0x20001658
10003b2c:	20001648 	.word	0x20001648

10003b30 <tusb_rhport_init>:
10003b30:	b500      	push	{lr}
10003b32:	0003      	movs	r3, r0
10003b34:	b083      	sub	sp, #12
10003b36:	2900      	cmp	r1, #0
10003b38:	d010      	beq.n	10003b5c <tusb_rhport_init+0x2c>
10003b3a:	2000      	movs	r0, #0
10003b3c:	2b01      	cmp	r3, #1
10003b3e:	d807      	bhi.n	10003b50 <tusb_rhport_init+0x20>
10003b40:	780a      	ldrb	r2, [r1, #0]
10003b42:	2a00      	cmp	r2, #0
10003b44:	d004      	beq.n	10003b50 <tusb_rhport_init+0x20>
10003b46:	480c      	ldr	r0, [pc, #48]	@ (10003b78 <tusb_rhport_init+0x48>)
10003b48:	54c2      	strb	r2, [r0, r3]
10003b4a:	2001      	movs	r0, #1
10003b4c:	2a01      	cmp	r2, #1
10003b4e:	d001      	beq.n	10003b54 <tusb_rhport_init+0x24>
10003b50:	b003      	add	sp, #12
10003b52:	bd00      	pop	{pc}
10003b54:	0018      	movs	r0, r3
10003b56:	f7ff f831 	bl	10002bbc <tud_rhport_init>
10003b5a:	e7f9      	b.n	10003b50 <tusb_rhport_init+0x20>
10003b5c:	2301      	movs	r3, #1
10003b5e:	466a      	mov	r2, sp
10003b60:	2000      	movs	r0, #0
10003b62:	a901      	add	r1, sp, #4
10003b64:	8093      	strh	r3, [r2, #4]
10003b66:	f7ff f829 	bl	10002bbc <tud_rhport_init>
10003b6a:	2800      	cmp	r0, #0
10003b6c:	d0f0      	beq.n	10003b50 <tusb_rhport_init+0x20>
10003b6e:	2201      	movs	r2, #1
10003b70:	4b01      	ldr	r3, [pc, #4]	@ (10003b78 <tusb_rhport_init+0x48>)
10003b72:	701a      	strb	r2, [r3, #0]
10003b74:	e7ec      	b.n	10003b50 <tusb_rhport_init+0x20>
10003b76:	46c0      	nop			@ (mov r8, r8)
10003b78:	20001674 	.word	0x20001674

10003b7c <tu_edpt_claim>:
10003b7c:	7803      	ldrb	r3, [r0, #0]
10003b7e:	b570      	push	{r4, r5, r6, lr}
10003b80:	07db      	lsls	r3, r3, #31
10003b82:	0004      	movs	r4, r0
10003b84:	000e      	movs	r6, r1
10003b86:	0fdd      	lsrs	r5, r3, #31
10003b88:	2b00      	cmp	r3, #0
10003b8a:	d117      	bne.n	10003bbc <tu_edpt_claim+0x40>
10003b8c:	7803      	ldrb	r3, [r0, #0]
10003b8e:	075b      	lsls	r3, r3, #29
10003b90:	d501      	bpl.n	10003b96 <tu_edpt_claim+0x1a>
10003b92:	0028      	movs	r0, r5
10003b94:	bd70      	pop	{r4, r5, r6, pc}
10003b96:	2101      	movs	r1, #1
10003b98:	0030      	movs	r0, r6
10003b9a:	4249      	negs	r1, r1
10003b9c:	f000 fb70 	bl	10004280 <__mutex_enter_timeout_ms_veneer>
10003ba0:	7823      	ldrb	r3, [r4, #0]
10003ba2:	07db      	lsls	r3, r3, #31
10003ba4:	0fdd      	lsrs	r5, r3, #31
10003ba6:	2b00      	cmp	r3, #0
10003ba8:	d10a      	bne.n	10003bc0 <tu_edpt_claim+0x44>
10003baa:	7823      	ldrb	r3, [r4, #0]
10003bac:	075b      	lsls	r3, r3, #29
10003bae:	d408      	bmi.n	10003bc2 <tu_edpt_claim+0x46>
10003bb0:	2204      	movs	r2, #4
10003bb2:	7823      	ldrb	r3, [r4, #0]
10003bb4:	2501      	movs	r5, #1
10003bb6:	4313      	orrs	r3, r2
10003bb8:	7023      	strb	r3, [r4, #0]
10003bba:	e002      	b.n	10003bc2 <tu_edpt_claim+0x46>
10003bbc:	2500      	movs	r5, #0
10003bbe:	e7e8      	b.n	10003b92 <tu_edpt_claim+0x16>
10003bc0:	2500      	movs	r5, #0
10003bc2:	0030      	movs	r0, r6
10003bc4:	f000 fb34 	bl	10004230 <__mutex_exit_veneer>
10003bc8:	e7e3      	b.n	10003b92 <tu_edpt_claim+0x16>
10003bca:	46c0      	nop			@ (mov r8, r8)

10003bcc <tu_edpt_validate>:
10003bcc:	7943      	ldrb	r3, [r0, #5]
10003bce:	7902      	ldrb	r2, [r0, #4]
10003bd0:	021b      	lsls	r3, r3, #8
10003bd2:	4313      	orrs	r3, r2
10003bd4:	78c2      	ldrb	r2, [r0, #3]
10003bd6:	055b      	lsls	r3, r3, #21
10003bd8:	0792      	lsls	r2, r2, #30
10003bda:	0d5b      	lsrs	r3, r3, #21
10003bdc:	0f92      	lsrs	r2, r2, #30
10003bde:	2a02      	cmp	r2, #2
10003be0:	d01d      	beq.n	10003c1e <tu_edpt_validate+0x52>
10003be2:	2a03      	cmp	r2, #3
10003be4:	d00c      	beq.n	10003c00 <tu_edpt_validate+0x34>
10003be6:	2000      	movs	r0, #0
10003be8:	2a01      	cmp	r2, #1
10003bea:	d108      	bne.n	10003bfe <tu_edpt_validate+0x32>
10003bec:	3902      	subs	r1, #2
10003bee:	424a      	negs	r2, r1
10003bf0:	4151      	adcs	r1, r2
10003bf2:	4a12      	ldr	r2, [pc, #72]	@ (10003c3c <tu_edpt_validate+0x70>)
10003bf4:	4694      	mov	ip, r2
10003bf6:	4461      	add	r1, ip
10003bf8:	4299      	cmp	r1, r3
10003bfa:	4140      	adcs	r0, r0
10003bfc:	b2c0      	uxtb	r0, r0
10003bfe:	4770      	bx	lr
10003c00:	3902      	subs	r1, #2
10003c02:	1e4a      	subs	r2, r1, #1
10003c04:	4191      	sbcs	r1, r2
10003c06:	4a0e      	ldr	r2, [pc, #56]	@ (10003c40 <tu_edpt_validate+0x74>)
10003c08:	4249      	negs	r1, r1
10003c0a:	4011      	ands	r1, r2
10003c0c:	2280      	movs	r2, #128	@ 0x80
10003c0e:	00d2      	lsls	r2, r2, #3
10003c10:	4694      	mov	ip, r2
10003c12:	2000      	movs	r0, #0
10003c14:	4461      	add	r1, ip
10003c16:	4299      	cmp	r1, r3
10003c18:	4140      	adcs	r0, r0
10003c1a:	b2c0      	uxtb	r0, r0
10003c1c:	e7ef      	b.n	10003bfe <tu_edpt_validate+0x32>
10003c1e:	2902      	cmp	r1, #2
10003c20:	d005      	beq.n	10003c2e <tu_edpt_validate+0x62>
10003c22:	2000      	movs	r0, #0
10003c24:	2240      	movs	r2, #64	@ 0x40
10003c26:	429a      	cmp	r2, r3
10003c28:	4140      	adcs	r0, r0
10003c2a:	b2c0      	uxtb	r0, r0
10003c2c:	e7e7      	b.n	10003bfe <tu_edpt_validate+0x32>
10003c2e:	4a05      	ldr	r2, [pc, #20]	@ (10003c44 <tu_edpt_validate+0x78>)
10003c30:	1898      	adds	r0, r3, r2
10003c32:	4243      	negs	r3, r0
10003c34:	4158      	adcs	r0, r3
10003c36:	b2c0      	uxtb	r0, r0
10003c38:	e7e1      	b.n	10003bfe <tu_edpt_validate+0x32>
10003c3a:	46c0      	nop			@ (mov r8, r8)
10003c3c:	000003ff 	.word	0x000003ff
10003c40:	fffffc40 	.word	0xfffffc40
10003c44:	fffffe00 	.word	0xfffffe00

10003c48 <tu_edpt_bind_driver>:
10003c48:	188a      	adds	r2, r1, r2
10003c4a:	b570      	push	{r4, r5, r6, lr}
10003c4c:	4291      	cmp	r1, r2
10003c4e:	d207      	bcs.n	10003c60 <tu_edpt_bind_driver+0x18>
10003c50:	267f      	movs	r6, #127	@ 0x7f
10003c52:	784c      	ldrb	r4, [r1, #1]
10003c54:	2c05      	cmp	r4, #5
10003c56:	d004      	beq.n	10003c62 <tu_edpt_bind_driver+0x1a>
10003c58:	780c      	ldrb	r4, [r1, #0]
10003c5a:	1909      	adds	r1, r1, r4
10003c5c:	428a      	cmp	r2, r1
10003c5e:	d8f8      	bhi.n	10003c52 <tu_edpt_bind_driver+0xa>
10003c60:	bd70      	pop	{r4, r5, r6, pc}
10003c62:	0034      	movs	r4, r6
10003c64:	788d      	ldrb	r5, [r1, #2]
10003c66:	402c      	ands	r4, r5
10003c68:	0064      	lsls	r4, r4, #1
10003c6a:	1904      	adds	r4, r0, r4
10003c6c:	09ed      	lsrs	r5, r5, #7
10003c6e:	5563      	strb	r3, [r4, r5]
10003c70:	780c      	ldrb	r4, [r1, #0]
10003c72:	1909      	adds	r1, r1, r4
10003c74:	428a      	cmp	r2, r1
10003c76:	d8ec      	bhi.n	10003c52 <tu_edpt_bind_driver+0xa>
10003c78:	e7f2      	b.n	10003c60 <tu_edpt_bind_driver+0x18>
10003c7a:	46c0      	nop			@ (mov r8, r8)

10003c7c <tu_fifo_read>:
10003c7c:	b570      	push	{r4, r5, r6, lr}
10003c7e:	0004      	movs	r4, r0
10003c80:	6900      	ldr	r0, [r0, #16]
10003c82:	000e      	movs	r6, r1
10003c84:	2800      	cmp	r0, #0
10003c86:	d003      	beq.n	10003c90 <tu_fifo_read+0x14>
10003c88:	2101      	movs	r1, #1
10003c8a:	4249      	negs	r1, r1
10003c8c:	f000 faf8 	bl	10004280 <__mutex_enter_timeout_ms_veneer>
10003c90:	8925      	ldrh	r5, [r4, #8]
10003c92:	8960      	ldrh	r0, [r4, #10]
10003c94:	88a2      	ldrh	r2, [r4, #4]
10003c96:	b2a9      	uxth	r1, r5
10003c98:	b283      	uxth	r3, r0
10003c9a:	4285      	cmp	r5, r0
10003c9c:	d332      	bcc.n	10003d04 <tu_fifo_read+0x88>
10003c9e:	1acd      	subs	r5, r1, r3
10003ca0:	b2ad      	uxth	r5, r5
10003ca2:	2d00      	cmp	r5, #0
10003ca4:	d028      	beq.n	10003cf8 <tu_fifo_read+0x7c>
10003ca6:	42aa      	cmp	r2, r5
10003ca8:	d208      	bcs.n	10003cbc <tu_fifo_read+0x40>
10003caa:	4291      	cmp	r1, r2
10003cac:	d32f      	bcc.n	10003d0e <tu_fifo_read+0x92>
10003cae:	1a89      	subs	r1, r1, r2
10003cb0:	b28b      	uxth	r3, r1
10003cb2:	8163      	strh	r3, [r4, #10]
10003cb4:	429a      	cmp	r2, r3
10003cb6:	d803      	bhi.n	10003cc0 <tu_fifo_read+0x44>
10003cb8:	1a9b      	subs	r3, r3, r2
10003cba:	b29b      	uxth	r3, r3
10003cbc:	429a      	cmp	r2, r3
10003cbe:	d9fb      	bls.n	10003cb8 <tu_fifo_read+0x3c>
10003cc0:	88e2      	ldrh	r2, [r4, #6]
10003cc2:	6821      	ldr	r1, [r4, #0]
10003cc4:	0452      	lsls	r2, r2, #17
10003cc6:	0c52      	lsrs	r2, r2, #17
10003cc8:	4353      	muls	r3, r2
10003cca:	0030      	movs	r0, r6
10003ccc:	18c9      	adds	r1, r1, r3
10003cce:	f7fe fb3b 	bl	10002348 <__wrap___aeabi_memcpy>
10003cd2:	8963      	ldrh	r3, [r4, #10]
10003cd4:	2501      	movs	r5, #1
10003cd6:	1c59      	adds	r1, r3, #1
10003cd8:	b289      	uxth	r1, r1
10003cda:	88a2      	ldrh	r2, [r4, #4]
10003cdc:	428b      	cmp	r3, r1
10003cde:	d90d      	bls.n	10003cfc <tu_fifo_read+0x80>
10003ce0:	2100      	movs	r1, #0
10003ce2:	0052      	lsls	r2, r2, #1
10003ce4:	1a89      	subs	r1, r1, r2
10003ce6:	b289      	uxth	r1, r1
10003ce8:	6920      	ldr	r0, [r4, #16]
10003cea:	8161      	strh	r1, [r4, #10]
10003cec:	2800      	cmp	r0, #0
10003cee:	d001      	beq.n	10003cf4 <tu_fifo_read+0x78>
10003cf0:	f000 fa9e 	bl	10004230 <__mutex_exit_veneer>
10003cf4:	0028      	movs	r0, r5
10003cf6:	bd70      	pop	{r4, r5, r6, pc}
10003cf8:	8961      	ldrh	r1, [r4, #10]
10003cfa:	b289      	uxth	r1, r1
10003cfc:	0052      	lsls	r2, r2, #1
10003cfe:	4291      	cmp	r1, r2
10003d00:	dbf2      	blt.n	10003ce8 <tu_fifo_read+0x6c>
10003d02:	e7ef      	b.n	10003ce4 <tu_fifo_read+0x68>
10003d04:	0055      	lsls	r5, r2, #1
10003d06:	1aed      	subs	r5, r5, r3
10003d08:	194d      	adds	r5, r1, r5
10003d0a:	b2ad      	uxth	r5, r5
10003d0c:	e7c9      	b.n	10003ca2 <tu_fifo_read+0x26>
10003d0e:	1889      	adds	r1, r1, r2
10003d10:	b28b      	uxth	r3, r1
10003d12:	8163      	strh	r3, [r4, #10]
10003d14:	e7ce      	b.n	10003cb4 <tu_fifo_read+0x38>
10003d16:	46c0      	nop			@ (mov r8, r8)

10003d18 <tu_fifo_write>:
10003d18:	b5f8      	push	{r3, r4, r5, r6, r7, lr}
10003d1a:	0004      	movs	r4, r0
10003d1c:	68c0      	ldr	r0, [r0, #12]
10003d1e:	000e      	movs	r6, r1
10003d20:	2800      	cmp	r0, #0
10003d22:	d003      	beq.n	10003d2c <tu_fifo_write+0x14>
10003d24:	2101      	movs	r1, #1
10003d26:	4249      	negs	r1, r1
10003d28:	f000 faaa 	bl	10004280 <__mutex_enter_timeout_ms_veneer>
10003d2c:	8925      	ldrh	r5, [r4, #8]
10003d2e:	8920      	ldrh	r0, [r4, #8]
10003d30:	8961      	ldrh	r1, [r4, #10]
10003d32:	88a2      	ldrh	r2, [r4, #4]
10003d34:	b2ad      	uxth	r5, r5
10003d36:	b283      	uxth	r3, r0
10003d38:	b28f      	uxth	r7, r1
10003d3a:	4288      	cmp	r0, r1
10003d3c:	d329      	bcc.n	10003d92 <tu_fifo_write+0x7a>
10003d3e:	1bdb      	subs	r3, r3, r7
10003d40:	b29b      	uxth	r3, r3
10003d42:	429a      	cmp	r2, r3
10003d44:	d809      	bhi.n	10003d5a <tu_fifo_write+0x42>
10003d46:	79e7      	ldrb	r7, [r4, #7]
10003d48:	09ff      	lsrs	r7, r7, #7
10003d4a:	d106      	bne.n	10003d5a <tu_fifo_write+0x42>
10003d4c:	68e0      	ldr	r0, [r4, #12]
10003d4e:	2800      	cmp	r0, #0
10003d50:	d001      	beq.n	10003d56 <tu_fifo_write+0x3e>
10003d52:	f000 fa6d 	bl	10004230 <__mutex_exit_veneer>
10003d56:	0038      	movs	r0, r7
10003d58:	bdf8      	pop	{r3, r4, r5, r6, r7, pc}
10003d5a:	002b      	movs	r3, r5
10003d5c:	4295      	cmp	r5, r2
10003d5e:	d31d      	bcc.n	10003d9c <tu_fifo_write+0x84>
10003d60:	1a9b      	subs	r3, r3, r2
10003d62:	b29b      	uxth	r3, r3
10003d64:	4293      	cmp	r3, r2
10003d66:	d2fb      	bcs.n	10003d60 <tu_fifo_write+0x48>
10003d68:	88e2      	ldrh	r2, [r4, #6]
10003d6a:	6820      	ldr	r0, [r4, #0]
10003d6c:	0452      	lsls	r2, r2, #17
10003d6e:	0c52      	lsrs	r2, r2, #17
10003d70:	4353      	muls	r3, r2
10003d72:	0031      	movs	r1, r6
10003d74:	18c0      	adds	r0, r0, r3
10003d76:	f7fe fae7 	bl	10002348 <__wrap___aeabi_memcpy>
10003d7a:	1c6b      	adds	r3, r5, #1
10003d7c:	b29b      	uxth	r3, r3
10003d7e:	88a2      	ldrh	r2, [r4, #4]
10003d80:	429d      	cmp	r5, r3
10003d82:	d917      	bls.n	10003db4 <tu_fifo_write+0x9c>
10003d84:	2300      	movs	r3, #0
10003d86:	0052      	lsls	r2, r2, #1
10003d88:	1a9b      	subs	r3, r3, r2
10003d8a:	b29b      	uxth	r3, r3
10003d8c:	2701      	movs	r7, #1
10003d8e:	8123      	strh	r3, [r4, #8]
10003d90:	e7dc      	b.n	10003d4c <tu_fifo_write+0x34>
10003d92:	0051      	lsls	r1, r2, #1
10003d94:	1bc9      	subs	r1, r1, r7
10003d96:	185b      	adds	r3, r3, r1
10003d98:	b29b      	uxth	r3, r3
10003d9a:	e7d2      	b.n	10003d42 <tu_fifo_write+0x2a>
10003d9c:	88e2      	ldrh	r2, [r4, #6]
10003d9e:	6820      	ldr	r0, [r4, #0]
10003da0:	0452      	lsls	r2, r2, #17
10003da2:	0c52      	lsrs	r2, r2, #17
10003da4:	4353      	muls	r3, r2
10003da6:	0031      	movs	r1, r6
10003da8:	18c0      	adds	r0, r0, r3
10003daa:	f7fe facd 	bl	10002348 <__wrap___aeabi_memcpy>
10003dae:	3501      	adds	r5, #1
10003db0:	88a2      	ldrh	r2, [r4, #4]
10003db2:	b2ab      	uxth	r3, r5
10003db4:	0052      	lsls	r2, r2, #1
10003db6:	4293      	cmp	r3, r2
10003db8:	dbe8      	blt.n	10003d8c <tu_fifo_write+0x74>
10003dba:	e7e5      	b.n	10003d88 <tu_fifo_write+0x70>

10003dbc <tu_fifo_clear>:
10003dbc:	b510      	push	{r4, lr}
10003dbe:	0004      	movs	r4, r0
10003dc0:	68c0      	ldr	r0, [r0, #12]
10003dc2:	2800      	cmp	r0, #0
10003dc4:	d003      	beq.n	10003dce <tu_fifo_clear+0x12>
10003dc6:	2101      	movs	r1, #1
10003dc8:	4249      	negs	r1, r1
10003dca:	f000 fa59 	bl	10004280 <__mutex_enter_timeout_ms_veneer>
10003dce:	6920      	ldr	r0, [r4, #16]
10003dd0:	2800      	cmp	r0, #0
10003dd2:	d003      	beq.n	10003ddc <tu_fifo_clear+0x20>
10003dd4:	2101      	movs	r1, #1
10003dd6:	4249      	negs	r1, r1
10003dd8:	f000 fa52 	bl	10004280 <__mutex_enter_timeout_ms_veneer>
10003ddc:	2300      	movs	r3, #0
10003dde:	68e0      	ldr	r0, [r4, #12]
10003de0:	8163      	strh	r3, [r4, #10]
10003de2:	8123      	strh	r3, [r4, #8]
10003de4:	2800      	cmp	r0, #0
10003de6:	d001      	beq.n	10003dec <tu_fifo_clear+0x30>
10003de8:	f000 fa22 	bl	10004230 <__mutex_exit_veneer>
10003dec:	6920      	ldr	r0, [r4, #16]
10003dee:	2800      	cmp	r0, #0
10003df0:	d001      	beq.n	10003df6 <tu_fifo_clear+0x3a>
10003df2:	f000 fa1d 	bl	10004230 <__mutex_exit_veneer>
10003df6:	2001      	movs	r0, #1
10003df8:	bd10      	pop	{r4, pc}
10003dfa:	46c0      	nop			@ (mov r8, r8)

10003dfc <board_init>:
10003dfc:	b510      	push	{r4, lr}
10003dfe:	2019      	movs	r0, #25
10003e00:	f7fc fc36 	bl	10000670 <gpio_init>
10003e04:	23d0      	movs	r3, #208	@ 0xd0
10003e06:	2280      	movs	r2, #128	@ 0x80
10003e08:	21e1      	movs	r1, #225	@ 0xe1
10003e0a:	061b      	lsls	r3, r3, #24
10003e0c:	0492      	lsls	r2, r2, #18
10003e0e:	625a      	str	r2, [r3, #36]	@ 0x24
10003e10:	4804      	ldr	r0, [pc, #16]	@ (10003e24 <board_init+0x28>)
10003e12:	4b05      	ldr	r3, [pc, #20]	@ (10003e28 <board_init+0x2c>)
10003e14:	2200      	movs	r2, #0
10003e16:	6018      	str	r0, [r3, #0]
10003e18:	0249      	lsls	r1, r1, #9
10003e1a:	2301      	movs	r3, #1
10003e1c:	f7fe fd02 	bl	10002824 <stdio_uart_init_full>
10003e20:	bd10      	pop	{r4, pc}
10003e22:	46c0      	nop			@ (mov r8, r8)
10003e24:	40034000 	.word	0x40034000
10003e28:	20001d30 	.word	0x20001d30

10003e2c <_retrieve_unique_id_on_boot>:
10003e2c:	b510      	push	{r4, lr}
10003e2e:	4802      	ldr	r0, [pc, #8]	@ (10003e38 <_retrieve_unique_id_on_boot+0xc>)
10003e30:	f000 f804 	bl	10003e3c <flash_get_unique_id>
10003e34:	bd10      	pop	{r4, pc}
10003e36:	46c0      	nop			@ (mov r8, r8)
10003e38:	20001d1c 	.word	0x20001d1c

10003e3c <flash_get_unique_id>:
10003e3c:	b510      	push	{r4, lr}
10003e3e:	b088      	sub	sp, #32
10003e40:	0004      	movs	r4, r0
10003e42:	220d      	movs	r2, #13
10003e44:	2100      	movs	r1, #0
10003e46:	4668      	mov	r0, sp
10003e48:	f7fe fa78 	bl	1000233c <__wrap_memset>
10003e4c:	220d      	movs	r2, #13
10003e4e:	2100      	movs	r1, #0
10003e50:	a804      	add	r0, sp, #16
10003e52:	f7fe fa73 	bl	1000233c <__wrap_memset>
10003e56:	234b      	movs	r3, #75	@ 0x4b
10003e58:	466a      	mov	r2, sp
10003e5a:	4668      	mov	r0, sp
10003e5c:	7013      	strb	r3, [r2, #0]
10003e5e:	a904      	add	r1, sp, #16
10003e60:	220d      	movs	r2, #13
10003e62:	f000 f9dd 	bl	10004220 <__flash_do_cmd_veneer>
10003e66:	2115      	movs	r1, #21
10003e68:	2208      	movs	r2, #8
10003e6a:	0020      	movs	r0, r4
10003e6c:	4469      	add	r1, sp
10003e6e:	f7fe fa6b 	bl	10002348 <__wrap___aeabi_memcpy>
10003e72:	b008      	add	sp, #32
10003e74:	bd10      	pop	{r4, pc}
10003e76:	46c0      	nop			@ (mov r8, r8)

10003e78 <pio_add_program>:
10003e78:	b5f0      	push	{r4, r5, r6, r7, lr}
10003e7a:	4657      	mov	r7, sl
10003e7c:	4645      	mov	r5, r8
10003e7e:	46de      	mov	lr, fp
10003e80:	464e      	mov	r6, r9
10003e82:	4688      	mov	r8, r1
10003e84:	b5e0      	push	{r5, r6, r7, lr}
10003e86:	b083      	sub	sp, #12
10003e88:	0006      	movs	r6, r0
10003e8a:	2505      	movs	r5, #5
10003e8c:	f7fc fc2e 	bl	100006ec <hw_claim_lock>
10003e90:	4643      	mov	r3, r8
10003e92:	4684      	mov	ip, r0
10003e94:	575d      	ldrsb	r5, [r3, r5]
10003e96:	7918      	ldrb	r0, [r3, #4]
10003e98:	4b33      	ldr	r3, [pc, #204]	@ (10003f68 <pio_add_program+0xf0>)
10003e9a:	4a34      	ldr	r2, [pc, #208]	@ (10003f6c <pio_add_program+0xf4>)
10003e9c:	18f3      	adds	r3, r6, r3
10003e9e:	0d1b      	lsrs	r3, r3, #20
10003ea0:	009b      	lsls	r3, r3, #2
10003ea2:	4692      	mov	sl, r2
10003ea4:	58d7      	ldr	r7, [r2, r3]
10003ea6:	2201      	movs	r2, #1
10003ea8:	2420      	movs	r4, #32
10003eaa:	4082      	lsls	r2, r0
10003eac:	1a24      	subs	r4, r4, r0
10003eae:	3a01      	subs	r2, #1
10003eb0:	2d00      	cmp	r5, #0
10003eb2:	db41      	blt.n	10003f38 <pio_add_program+0xc0>
10003eb4:	42a5      	cmp	r5, r4
10003eb6:	dc32      	bgt.n	10003f1e <pio_add_program+0xa6>
10003eb8:	0011      	movs	r1, r2
10003eba:	40a9      	lsls	r1, r5
10003ebc:	420f      	tst	r7, r1
10003ebe:	d12e      	bne.n	10003f1e <pio_add_program+0xa6>
10003ec0:	4641      	mov	r1, r8
10003ec2:	6809      	ldr	r1, [r1, #0]
10003ec4:	4689      	mov	r9, r1
10003ec6:	4641      	mov	r1, r8
10003ec8:	7989      	ldrb	r1, [r1, #6]
10003eca:	2900      	cmp	r1, #0
10003ecc:	d145      	bne.n	10003f5a <pio_add_program+0xe2>
10003ece:	002c      	movs	r4, r5
10003ed0:	40aa      	lsls	r2, r5
10003ed2:	4693      	mov	fp, r2
10003ed4:	4659      	mov	r1, fp
10003ed6:	403a      	ands	r2, r7
10003ed8:	4239      	tst	r1, r7
10003eda:	d141      	bne.n	10003f60 <pio_add_program+0xe8>
10003edc:	2180      	movs	r1, #128	@ 0x80
10003ede:	0189      	lsls	r1, r1, #6
10003ee0:	4688      	mov	r8, r1
10003ee2:	2800      	cmp	r0, #0
10003ee4:	d016      	beq.n	10003f14 <pio_add_program+0x9c>
10003ee6:	4661      	mov	r1, ip
10003ee8:	46a4      	mov	ip, r4
10003eea:	0034      	movs	r4, r6
10003eec:	464e      	mov	r6, r9
10003eee:	4699      	mov	r9, r3
10003ef0:	0003      	movs	r3, r0
10003ef2:	9101      	str	r1, [sp, #4]
10003ef4:	0051      	lsls	r1, r2, #1
10003ef6:	5a70      	ldrh	r0, [r6, r1]
10003ef8:	4540      	cmp	r0, r8
10003efa:	d200      	bcs.n	10003efe <pio_add_program+0x86>
10003efc:	1940      	adds	r0, r0, r5
10003efe:	18a9      	adds	r1, r5, r2
10003f00:	3112      	adds	r1, #18
10003f02:	0089      	lsls	r1, r1, #2
10003f04:	3201      	adds	r2, #1
10003f06:	5108      	str	r0, [r1, r4]
10003f08:	429a      	cmp	r2, r3
10003f0a:	d3f3      	bcc.n	10003ef4 <pio_add_program+0x7c>
10003f0c:	9b01      	ldr	r3, [sp, #4]
10003f0e:	4664      	mov	r4, ip
10003f10:	469c      	mov	ip, r3
10003f12:	464b      	mov	r3, r9
10003f14:	465a      	mov	r2, fp
10003f16:	4317      	orrs	r7, r2
10003f18:	4652      	mov	r2, sl
10003f1a:	50d7      	str	r7, [r2, r3]
10003f1c:	e001      	b.n	10003f22 <pio_add_program+0xaa>
10003f1e:	2401      	movs	r4, #1
10003f20:	4264      	negs	r4, r4
10003f22:	4660      	mov	r0, ip
10003f24:	f7fc fbee 	bl	10000704 <hw_claim_unlock>
10003f28:	0020      	movs	r0, r4
10003f2a:	b003      	add	sp, #12
10003f2c:	bcf0      	pop	{r4, r5, r6, r7}
10003f2e:	46bb      	mov	fp, r7
10003f30:	46b2      	mov	sl, r6
10003f32:	46a9      	mov	r9, r5
10003f34:	46a0      	mov	r8, r4
10003f36:	bdf0      	pop	{r4, r5, r6, r7, pc}
10003f38:	2c00      	cmp	r4, #0
10003f3a:	da02      	bge.n	10003f42 <pio_add_program+0xca>
10003f3c:	e010      	b.n	10003f60 <pio_add_program+0xe8>
10003f3e:	3c01      	subs	r4, #1
10003f40:	d30e      	bcc.n	10003f60 <pio_add_program+0xe8>
10003f42:	0011      	movs	r1, r2
10003f44:	40a1      	lsls	r1, r4
10003f46:	0025      	movs	r5, r4
10003f48:	420f      	tst	r7, r1
10003f4a:	d1f8      	bne.n	10003f3e <pio_add_program+0xc6>
10003f4c:	4641      	mov	r1, r8
10003f4e:	6809      	ldr	r1, [r1, #0]
10003f50:	4689      	mov	r9, r1
10003f52:	4641      	mov	r1, r8
10003f54:	7989      	ldrb	r1, [r1, #6]
10003f56:	2900      	cmp	r1, #0
10003f58:	d0ba      	beq.n	10003ed0 <pio_add_program+0x58>
10003f5a:	2414      	movs	r4, #20
10003f5c:	4264      	negs	r4, r4
10003f5e:	e7e0      	b.n	10003f22 <pio_add_program+0xaa>
10003f60:	2409      	movs	r4, #9
10003f62:	4264      	negs	r4, r4
10003f64:	e7dd      	b.n	10003f22 <pio_add_program+0xaa>
10003f66:	46c0      	nop			@ (mov r8, r8)
10003f68:	afe00000 	.word	0xafe00000
10003f6c:	2000179c 	.word	0x2000179c

10003f70 <pio_sm_set_consecutive_pindirs>:
10003f70:	b5f0      	push	{r4, r5, r6, r7, lr}
10003f72:	464e      	mov	r6, r9
10003f74:	4645      	mov	r5, r8
10003f76:	46de      	mov	lr, fp
10003f78:	4657      	mov	r7, sl
10003f7a:	b5e0      	push	{r5, r6, r7, lr}
10003f7c:	b083      	sub	sp, #12
10003f7e:	4689      	mov	r9, r1
10003f80:	a90c      	add	r1, sp, #48	@ 0x30
10003f82:	4684      	mov	ip, r0
10003f84:	780d      	ldrb	r5, [r1, #0]
10003f86:	2a1f      	cmp	r2, #31
10003f88:	d845      	bhi.n	10004016 <pio_sm_set_consecutive_pindirs+0xa6>
10003f8a:	4649      	mov	r1, r9
10003f8c:	0049      	lsls	r1, r1, #1
10003f8e:	4688      	mov	r8, r1
10003f90:	4449      	add	r1, r9
10003f92:	00c9      	lsls	r1, r1, #3
10003f94:	1846      	adds	r6, r0, r1
10003f96:	0037      	movs	r7, r6
10003f98:	0034      	movs	r4, r6
10003f9a:	37dc      	adds	r7, #220	@ 0xdc
10003f9c:	6838      	ldr	r0, [r7, #0]
10003f9e:	34cc      	adds	r4, #204	@ 0xcc
10003fa0:	4683      	mov	fp, r0
10003fa2:	6820      	ldr	r0, [r4, #0]
10003fa4:	0031      	movs	r1, r6
10003fa6:	9001      	str	r0, [sp, #4]
10003fa8:	481c      	ldr	r0, [pc, #112]	@ (1000401c <pio_sm_set_consecutive_pindirs+0xac>)
10003faa:	2480      	movs	r4, #128	@ 0x80
10003fac:	4682      	mov	sl, r0
10003fae:	02a4      	lsls	r4, r4, #10
10003fb0:	4451      	add	r1, sl
10003fb2:	600c      	str	r4, [r1, #0]
10003fb4:	4269      	negs	r1, r5
10003fb6:	414d      	adcs	r5, r1
10003fb8:	211e      	movs	r1, #30
10003fba:	426d      	negs	r5, r5
10003fbc:	438d      	bics	r5, r1
10003fbe:	4918      	ldr	r1, [pc, #96]	@ (10004020 <pio_sm_set_consecutive_pindirs+0xb0>)
10003fc0:	468a      	mov	sl, r1
10003fc2:	4455      	add	r5, sl
10003fc4:	2b05      	cmp	r3, #5
10003fc6:	d90c      	bls.n	10003fe2 <pio_sm_set_consecutive_pindirs+0x72>
10003fc8:	20a0      	movs	r0, #160	@ 0xa0
10003fca:	211f      	movs	r1, #31
10003fcc:	0540      	lsls	r0, r0, #21
10003fce:	36d8      	adds	r6, #216	@ 0xd8
10003fd0:	0154      	lsls	r4, r2, #5
10003fd2:	4304      	orrs	r4, r0
10003fd4:	3205      	adds	r2, #5
10003fd6:	3b05      	subs	r3, #5
10003fd8:	603c      	str	r4, [r7, #0]
10003fda:	400a      	ands	r2, r1
10003fdc:	6035      	str	r5, [r6, #0]
10003fde:	2b05      	cmp	r3, #5
10003fe0:	d8f6      	bhi.n	10003fd0 <pio_sm_set_consecutive_pindirs+0x60>
10003fe2:	0152      	lsls	r2, r2, #5
10003fe4:	069b      	lsls	r3, r3, #26
10003fe6:	4313      	orrs	r3, r2
10003fe8:	4642      	mov	r2, r8
10003fea:	444a      	add	r2, r9
10003fec:	00d2      	lsls	r2, r2, #3
10003fee:	4462      	add	r2, ip
10003ff0:	0010      	movs	r0, r2
10003ff2:	32dc      	adds	r2, #220	@ 0xdc
10003ff4:	6013      	str	r3, [r2, #0]
10003ff6:	0003      	movs	r3, r0
10003ff8:	33d8      	adds	r3, #216	@ 0xd8
10003ffa:	601d      	str	r5, [r3, #0]
10003ffc:	465b      	mov	r3, fp
10003ffe:	6013      	str	r3, [r2, #0]
10004000:	9b01      	ldr	r3, [sp, #4]
10004002:	30cc      	adds	r0, #204	@ 0xcc
10004004:	6003      	str	r3, [r0, #0]
10004006:	2000      	movs	r0, #0
10004008:	b003      	add	sp, #12
1000400a:	bcf0      	pop	{r4, r5, r6, r7}
1000400c:	46bb      	mov	fp, r7
1000400e:	46b2      	mov	sl, r6
10004010:	46a9      	mov	r9, r5
10004012:	46a0      	mov	r8, r4
10004014:	bdf0      	pop	{r4, r5, r6, r7, pc}
10004016:	2005      	movs	r0, #5
10004018:	4240      	negs	r0, r0
1000401a:	e7f5      	b.n	10004008 <pio_sm_set_consecutive_pindirs+0x98>
1000401c:	000030cc 	.word	0x000030cc
10004020:	0000e09f 	.word	0x0000e09f

10004024 <pio_sm_init>:
10004024:	b5f0      	push	{r4, r5, r6, r7, lr}
10004026:	2501      	movs	r5, #1
10004028:	408d      	lsls	r5, r1
1000402a:	6804      	ldr	r4, [r0, #0]
1000402c:	43ac      	bics	r4, r5
1000402e:	6004      	str	r4, [r0, #0]
10004030:	2b00      	cmp	r3, #0
10004032:	d02e      	beq.n	10004092 <pio_sm_init+0x6e>
10004034:	004d      	lsls	r5, r1, #1
10004036:	186c      	adds	r4, r5, r1
10004038:	00e4      	lsls	r4, r4, #3
1000403a:	1904      	adds	r4, r0, r4
1000403c:	0026      	movs	r6, r4
1000403e:	681f      	ldr	r7, [r3, #0]
10004040:	36c8      	adds	r6, #200	@ 0xc8
10004042:	6037      	str	r7, [r6, #0]
10004044:	689f      	ldr	r7, [r3, #8]
10004046:	3604      	adds	r6, #4
10004048:	6077      	str	r7, [r6, #4]
1000404a:	685f      	ldr	r7, [r3, #4]
1000404c:	68db      	ldr	r3, [r3, #12]
1000404e:	34dc      	adds	r4, #220	@ 0xdc
10004050:	6037      	str	r7, [r6, #0]
10004052:	6023      	str	r3, [r4, #0]
10004054:	186b      	adds	r3, r5, r1
10004056:	4d18      	ldr	r5, [pc, #96]	@ (100040b8 <pio_sm_init+0x94>)
10004058:	00db      	lsls	r3, r3, #3
1000405a:	46ac      	mov	ip, r5
1000405c:	2580      	movs	r5, #128	@ 0x80
1000405e:	18c4      	adds	r4, r0, r3
10004060:	4464      	add	r4, ip
10004062:	062d      	lsls	r5, r5, #24
10004064:	6025      	str	r5, [r4, #0]
10004066:	6025      	str	r5, [r4, #0]
10004068:	4c14      	ldr	r4, [pc, #80]	@ (100040bc <pio_sm_init+0x98>)
1000406a:	1d0d      	adds	r5, r1, #4
1000406c:	408c      	lsls	r4, r1
1000406e:	6084      	str	r4, [r0, #8]
10004070:	2401      	movs	r4, #1
10004072:	0026      	movs	r6, r4
10004074:	40ae      	lsls	r6, r5
10004076:	2580      	movs	r5, #128	@ 0x80
10004078:	3108      	adds	r1, #8
1000407a:	408c      	lsls	r4, r1
1000407c:	211f      	movs	r1, #31
1000407e:	01ad      	lsls	r5, r5, #6
10004080:	1945      	adds	r5, r0, r5
10004082:	18c0      	adds	r0, r0, r3
10004084:	400a      	ands	r2, r1
10004086:	30d8      	adds	r0, #216	@ 0xd8
10004088:	602e      	str	r6, [r5, #0]
1000408a:	602c      	str	r4, [r5, #0]
1000408c:	6002      	str	r2, [r0, #0]
1000408e:	2000      	movs	r0, #0
10004090:	bdf0      	pop	{r4, r5, r6, r7, pc}
10004092:	004d      	lsls	r5, r1, #1
10004094:	186c      	adds	r4, r5, r1
10004096:	00e4      	lsls	r4, r4, #3
10004098:	1904      	adds	r4, r0, r4
1000409a:	0026      	movs	r6, r4
1000409c:	2780      	movs	r7, #128	@ 0x80
1000409e:	36c8      	adds	r6, #200	@ 0xc8
100040a0:	027f      	lsls	r7, r7, #9
100040a2:	6037      	str	r7, [r6, #0]
100040a4:	27c0      	movs	r7, #192	@ 0xc0
100040a6:	033f      	lsls	r7, r7, #12
100040a8:	60b7      	str	r7, [r6, #8]
100040aa:	27f8      	movs	r7, #248	@ 0xf8
100040ac:	3604      	adds	r6, #4
100040ae:	027f      	lsls	r7, r7, #9
100040b0:	34dc      	adds	r4, #220	@ 0xdc
100040b2:	6037      	str	r7, [r6, #0]
100040b4:	6023      	str	r3, [r4, #0]
100040b6:	e7cd      	b.n	10004054 <pio_sm_init+0x30>
100040b8:	000010d0 	.word	0x000010d0
100040bc:	01010101 	.word	0x01010101

100040c0 <atexit>:
100040c0:	b510      	push	{r4, lr}
100040c2:	0001      	movs	r1, r0
100040c4:	2300      	movs	r3, #0
100040c6:	2200      	movs	r2, #0
100040c8:	2000      	movs	r0, #0
100040ca:	f000 f847 	bl	1000415c <__register_exitproc>
100040ce:	bd10      	pop	{r4, pc}

100040d0 <__libc_fini_array>:
100040d0:	b570      	push	{r4, r5, r6, lr}
100040d2:	4c07      	ldr	r4, [pc, #28]	@ (100040f0 <__libc_fini_array+0x20>)
100040d4:	4d07      	ldr	r5, [pc, #28]	@ (100040f4 <__libc_fini_array+0x24>)
100040d6:	1b64      	subs	r4, r4, r5
100040d8:	10a4      	asrs	r4, r4, #2
100040da:	d005      	beq.n	100040e8 <__libc_fini_array+0x18>
100040dc:	3c01      	subs	r4, #1
100040de:	00a3      	lsls	r3, r4, #2
100040e0:	58eb      	ldr	r3, [r5, r3]
100040e2:	4798      	blx	r3
100040e4:	2c00      	cmp	r4, #0
100040e6:	d1f9      	bne.n	100040dc <__libc_fini_array+0xc>
100040e8:	f000 f898 	bl	1000421c <_fini>
100040ec:	bd70      	pop	{r4, r5, r6, pc}
100040ee:	46c0      	nop			@ (mov r8, r8)
100040f0:	10004318 	.word	0x10004318
100040f4:	10004318 	.word	0x10004318

100040f8 <__retarget_lock_acquire_recursive>:
100040f8:	4770      	bx	lr
100040fa:	46c0      	nop			@ (mov r8, r8)

100040fc <__retarget_lock_release_recursive>:
100040fc:	4770      	bx	lr
100040fe:	46c0      	nop			@ (mov r8, r8)

10004100 <strlen>:
10004100:	b510      	push	{r4, lr}
10004102:	0783      	lsls	r3, r0, #30
10004104:	d00a      	beq.n	1000411c <strlen+0x1c>
10004106:	0003      	movs	r3, r0
10004108:	2103      	movs	r1, #3
1000410a:	e002      	b.n	10004112 <strlen+0x12>
1000410c:	3301      	adds	r3, #1
1000410e:	420b      	tst	r3, r1
10004110:	d005      	beq.n	1000411e <strlen+0x1e>
10004112:	781a      	ldrb	r2, [r3, #0]
10004114:	2a00      	cmp	r2, #0
10004116:	d1f9      	bne.n	1000410c <strlen+0xc>
10004118:	1a18      	subs	r0, r3, r0
1000411a:	bd10      	pop	{r4, pc}
1000411c:	0003      	movs	r3, r0
1000411e:	6819      	ldr	r1, [r3, #0]
10004120:	4a0c      	ldr	r2, [pc, #48]	@ (10004154 <strlen+0x54>)
10004122:	4c0d      	ldr	r4, [pc, #52]	@ (10004158 <strlen+0x58>)
10004124:	188a      	adds	r2, r1, r2
10004126:	438a      	bics	r2, r1
10004128:	4222      	tst	r2, r4
1000412a:	d10f      	bne.n	1000414c <strlen+0x4c>
1000412c:	6859      	ldr	r1, [r3, #4]
1000412e:	4a09      	ldr	r2, [pc, #36]	@ (10004154 <strlen+0x54>)
10004130:	3304      	adds	r3, #4
10004132:	188a      	adds	r2, r1, r2
10004134:	438a      	bics	r2, r1
10004136:	4222      	tst	r2, r4
10004138:	d108      	bne.n	1000414c <strlen+0x4c>
1000413a:	6859      	ldr	r1, [r3, #4]
1000413c:	4a05      	ldr	r2, [pc, #20]	@ (10004154 <strlen+0x54>)
1000413e:	3304      	adds	r3, #4
10004140:	188a      	adds	r2, r1, r2
10004142:	438a      	bics	r2, r1
10004144:	4222      	tst	r2, r4
10004146:	d0f1      	beq.n	1000412c <strlen+0x2c>
10004148:	e000      	b.n	1000414c <strlen+0x4c>
1000414a:	3301      	adds	r3, #1
1000414c:	781a      	ldrb	r2, [r3, #0]
1000414e:	2a00      	cmp	r2, #0
10004150:	d1fb      	bne.n	1000414a <strlen+0x4a>
10004152:	e7e1      	b.n	10004118 <strlen+0x18>
10004154:	fefefeff 	.word	0xfefefeff
10004158:	80808080 	.word	0x80808080

1000415c <__register_exitproc>:
1000415c:	b5f0      	push	{r4, r5, r6, r7, lr}
1000415e:	46d6      	mov	lr, sl
10004160:	464f      	mov	r7, r9
10004162:	4646      	mov	r6, r8
10004164:	4698      	mov	r8, r3
10004166:	4b24      	ldr	r3, [pc, #144]	@ (100041f8 <__register_exitproc+0x9c>)
10004168:	b5c0      	push	{r6, r7, lr}
1000416a:	0006      	movs	r6, r0
1000416c:	6818      	ldr	r0, [r3, #0]
1000416e:	469a      	mov	sl, r3
10004170:	000f      	movs	r7, r1
10004172:	4691      	mov	r9, r2
10004174:	f7ff ffc0 	bl	100040f8 <__retarget_lock_acquire_recursive>
10004178:	4b20      	ldr	r3, [pc, #128]	@ (100041fc <__register_exitproc+0xa0>)
1000417a:	681d      	ldr	r5, [r3, #0]
1000417c:	2d00      	cmp	r5, #0
1000417e:	d032      	beq.n	100041e6 <__register_exitproc+0x8a>
10004180:	4653      	mov	r3, sl
10004182:	686c      	ldr	r4, [r5, #4]
10004184:	6818      	ldr	r0, [r3, #0]
10004186:	2c1f      	cmp	r4, #31
10004188:	dc30      	bgt.n	100041ec <__register_exitproc+0x90>
1000418a:	2e00      	cmp	r6, #0
1000418c:	d10c      	bne.n	100041a8 <__register_exitproc+0x4c>
1000418e:	1c63      	adds	r3, r4, #1
10004190:	3402      	adds	r4, #2
10004192:	00a4      	lsls	r4, r4, #2
10004194:	606b      	str	r3, [r5, #4]
10004196:	5167      	str	r7, [r4, r5]
10004198:	f7ff ffb0 	bl	100040fc <__retarget_lock_release_recursive>
1000419c:	2000      	movs	r0, #0
1000419e:	bce0      	pop	{r5, r6, r7}
100041a0:	46ba      	mov	sl, r7
100041a2:	46b1      	mov	r9, r6
100041a4:	46a8      	mov	r8, r5
100041a6:	bdf0      	pop	{r4, r5, r6, r7, pc}
100041a8:	4649      	mov	r1, r9
100041aa:	2288      	movs	r2, #136	@ 0x88
100041ac:	00a3      	lsls	r3, r4, #2
100041ae:	18eb      	adds	r3, r5, r3
100041b0:	5099      	str	r1, [r3, r2]
100041b2:	21c4      	movs	r1, #196	@ 0xc4
100041b4:	0049      	lsls	r1, r1, #1
100041b6:	468c      	mov	ip, r1
100041b8:	44ac      	add	ip, r5
100041ba:	4661      	mov	r1, ip
100041bc:	3a87      	subs	r2, #135	@ 0x87
100041be:	40a2      	lsls	r2, r4
100041c0:	6809      	ldr	r1, [r1, #0]
100041c2:	4691      	mov	r9, r2
100041c4:	4311      	orrs	r1, r2
100041c6:	4662      	mov	r2, ip
100041c8:	6011      	str	r1, [r2, #0]
100041ca:	2184      	movs	r1, #132	@ 0x84
100041cc:	4642      	mov	r2, r8
100041ce:	0049      	lsls	r1, r1, #1
100041d0:	505a      	str	r2, [r3, r1]
100041d2:	2e02      	cmp	r6, #2
100041d4:	d1db      	bne.n	1000418e <__register_exitproc+0x32>
100041d6:	0029      	movs	r1, r5
100041d8:	464a      	mov	r2, r9
100041da:	318d      	adds	r1, #141	@ 0x8d
100041dc:	31ff      	adds	r1, #255	@ 0xff
100041de:	680b      	ldr	r3, [r1, #0]
100041e0:	4313      	orrs	r3, r2
100041e2:	600b      	str	r3, [r1, #0]
100041e4:	e7d3      	b.n	1000418e <__register_exitproc+0x32>
100041e6:	4d06      	ldr	r5, [pc, #24]	@ (10004200 <__register_exitproc+0xa4>)
100041e8:	601d      	str	r5, [r3, #0]
100041ea:	e7c9      	b.n	10004180 <__register_exitproc+0x24>
100041ec:	f7ff ff86 	bl	100040fc <__retarget_lock_release_recursive>
100041f0:	2001      	movs	r0, #1
100041f2:	4240      	negs	r0, r0
100041f4:	e7d3      	b.n	1000419e <__register_exitproc+0x42>
100041f6:	46c0      	nop			@ (mov r8, r8)
100041f8:	20001078 	.word	0x20001078
100041fc:	20001408 	.word	0x20001408
10004200:	2000140c 	.word	0x2000140c

10004204 <register_fini>:
10004204:	4b03      	ldr	r3, [pc, #12]	@ (10004214 <register_fini+0x10>)
10004206:	b510      	push	{r4, lr}
10004208:	2b00      	cmp	r3, #0
1000420a:	d002      	beq.n	10004212 <register_fini+0xe>
1000420c:	4802      	ldr	r0, [pc, #8]	@ (10004218 <register_fini+0x14>)
1000420e:	f7ff ff57 	bl	100040c0 <atexit>
10004212:	bd10      	pop	{r4, pc}
10004214:	00000000 	.word	0x00000000
10004218:	100040d1 	.word	0x100040d1

1000421c <_fini>:
1000421c:	b5f8      	push	{r3, r4, r5, r6, r7, lr}
1000421e:	46c0      	nop			@ (mov r8, r8)

10004220 <__flash_do_cmd_veneer>:
10004220:	b401      	push	{r0}
10004222:	4802      	ldr	r0, [pc, #8]	@ (1000422c <__flash_do_cmd_veneer+0xc>)
10004224:	4684      	mov	ip, r0
10004226:	bc01      	pop	{r0}
10004228:	4760      	bx	ip
1000422a:	bf00      	nop
1000422c:	20000ddd 	.word	0x20000ddd

10004230 <__mutex_exit_veneer>:
10004230:	b401      	push	{r0}
10004232:	4802      	ldr	r0, [pc, #8]	@ (1000423c <__mutex_exit_veneer+0xc>)
10004234:	4684      	mov	ip, r0
10004236:	bc01      	pop	{r0}
10004238:	4760      	bx	ip
1000423a:	bf00      	nop
1000423c:	200001e5 	.word	0x200001e5

10004240 <____aeabi_ldiv0_veneer>:
10004240:	b401      	push	{r0}
10004242:	4802      	ldr	r0, [pc, #8]	@ (1000424c <____aeabi_ldiv0_veneer+0xc>)
10004244:	4684      	mov	ip, r0
10004246:	bc01      	pop	{r0}
10004248:	4760      	bx	ip
1000424a:	bf00      	nop
1000424c:	20000f19 	.word	0x20000f19

10004250 <__e15_is_bulkin_ep_veneer>:
10004250:	b401      	push	{r0}
10004252:	4802      	ldr	r0, [pc, #8]	@ (1000425c <__e15_is_bulkin_ep_veneer+0xc>)
10004254:	4684      	mov	ip, r0
10004256:	bc01      	pop	{r0}
10004258:	4760      	bx	ip
1000425a:	bf00      	nop
1000425c:	200009e9 	.word	0x200009e9

10004260 <__reset_non_control_endpoints_veneer>:
10004260:	b401      	push	{r0}
10004262:	4802      	ldr	r0, [pc, #8]	@ (1000426c <__reset_non_control_endpoints_veneer+0xc>)
10004264:	4684      	mov	ip, r0
10004266:	bc01      	pop	{r0}
10004268:	4760      	bx	ip
1000426a:	bf00      	nop
1000426c:	2000020d 	.word	0x2000020d

10004270 <____aeabi_idiv0_veneer>:
10004270:	b401      	push	{r0}
10004272:	4802      	ldr	r0, [pc, #8]	@ (1000427c <____aeabi_idiv0_veneer+0xc>)
10004274:	4684      	mov	ip, r0
10004276:	bc01      	pop	{r0}
10004278:	4760      	bx	ip
1000427a:	bf00      	nop
1000427c:	20000f19 	.word	0x20000f19

10004280 <__mutex_enter_timeout_ms_veneer>:
10004280:	b401      	push	{r0}
10004282:	4802      	ldr	r0, [pc, #8]	@ (1000428c <__mutex_enter_timeout_ms_veneer+0xc>)
10004284:	4684      	mov	ip, r0
10004286:	bc01      	pop	{r0}
10004288:	4760      	bx	ip
1000428a:	bf00      	nop
1000428c:	20000159 	.word	0x20000159

10004290 <__mutex_try_enter_block_until_veneer>:
10004290:	b401      	push	{r0}
10004292:	4802      	ldr	r0, [pc, #8]	@ (1000429c <__mutex_try_enter_block_until_veneer+0xc>)
10004294:	4684      	mov	ip, r0
10004296:	bc01      	pop	{r0}
10004298:	4760      	bx	ip
1000429a:	bf00      	nop
1000429c:	200000c1 	.word	0x200000c1

100042a0 <__hw_endpoint_start_next_buffer_veneer>:
100042a0:	b401      	push	{r0}
100042a2:	4802      	ldr	r0, [pc, #8]	@ (100042ac <__hw_endpoint_start_next_buffer_veneer+0xc>)
100042a4:	4684      	mov	ip, r0
100042a6:	bc01      	pop	{r0}
100042a8:	4760      	bx	ip
100042aa:	bf00      	nop
100042ac:	20000aa1 	.word	0x20000aa1

100042b0 <__e15_is_critical_frame_period_veneer>:
100042b0:	b401      	push	{r0}
100042b2:	4802      	ldr	r0, [pc, #8]	@ (100042bc <__e15_is_critical_frame_period_veneer+0xc>)
100042b4:	4684      	mov	ip, r0
100042b6:	bc01      	pop	{r0}
100042b8:	4760      	bx	ip
100042ba:	bf00      	nop
100042bc:	20000a11 	.word	0x20000a11

100042c0 <___hw_endpoint_buffer_control_update32_veneer>:
100042c0:	b401      	push	{r0}
100042c2:	4802      	ldr	r0, [pc, #8]	@ (100042cc <___hw_endpoint_buffer_control_update32_veneer+0xc>)
100042c4:	4684      	mov	ip, r0
100042c6:	bc01      	pop	{r0}
100042c8:	4760      	bx	ip
100042ca:	bf00      	nop
100042cc:	20000a51 	.word	0x20000a51

100042d0 <__pre_init_runtime_init_early_resets>:
100042d0:	10001a65                                e...

100042d4 <__pre_init_runtime_init_usb_power_down>:
100042d4:	10001a91 10001c75 1000232d 100020f5     ....u...-#... ..
100042e4:	1000229d                                ."..

100042e8 <__pre_init_runtime_init_clocks>:
100042e8:	10001b9d                                ....

100042ec <__pre_init_runtime_init_post_clock_resets>:
100042ec:	10001aad                                ....

100042f0 <__pre_init_runtime_init_rp2040_gpio_ie_disable>:
100042f0:	10001acd                                ....

100042f4 <__pre_init_runtime_init_spin_locks_reset>:
100042f4:	10001ae1                                ....

100042f8 <__pre_init_runtime_init_mutex>:
100042f8:	10000d65                                e...

100042fc <__pre_init_runtime_init_install_ram_vector_table>:
100042fc:	10001ae9                                ....

10004300 <__pre_init_runtime_init_default_alarm_pool>:
10004300:	1000111d                                ....

10004304 <__pre_init_first_per_core_initializer>:
10004304:	10001a2d                                -...

10004308 <__pre_init_runtime_init_per_core_irq_priorities>:
10004308:	1000083d                                =...

1000430c <__init_array_start>:
1000430c:	10004205 	.word	0x10004205
10004310:	10003e2d 	.word	0x10003e2d

10004314 <__frame_dummy_init_array_entry>:
10004314:	10000289                                ....

Disassembly of section .data:

200000c0 <mutex_try_enter_block_until>:
200000c0:	b5f0      	push	{r4, r5, r6, r7, lr}
200000c2:	46c6      	mov	lr, r8
200000c4:	0015      	movs	r5, r2
200000c6:	b500      	push	{lr}
200000c8:	0004      	movs	r4, r0
200000ca:	001e      	movs	r6, r3
200000cc:	6802      	ldr	r2, [r0, #0]
200000ce:	f3ef 8110 	mrs	r1, PRIMASK
200000d2:	b672      	cpsid	i
200000d4:	6813      	ldr	r3, [r2, #0]
200000d6:	2b00      	cmp	r3, #0
200000d8:	d0fc      	beq.n	200000d4 <mutex_try_enter_block_until+0x14>
200000da:	f3bf 8f5f 	dmb	sy
200000de:	2304      	movs	r3, #4
200000e0:	56e3      	ldrsb	r3, [r4, r3]
200000e2:	6822      	ldr	r2, [r4, #0]
200000e4:	2b00      	cmp	r3, #0
200000e6:	db2b      	blt.n	20000140 <mutex_try_enter_block_until+0x80>
200000e8:	f3bf 8f5f 	dmb	sy
200000ec:	2000      	movs	r0, #0
200000ee:	6010      	str	r0, [r2, #0]
200000f0:	f381 8810 	msr	PRIMASK, r1
200000f4:	22d0      	movs	r2, #208	@ 0xd0
200000f6:	0612      	lsls	r2, r2, #24
200000f8:	7812      	ldrb	r2, [r2, #0]
200000fa:	2700      	movs	r7, #0
200000fc:	b252      	sxtb	r2, r2
200000fe:	4690      	mov	r8, r2
20000100:	429a      	cmp	r2, r3
20000102:	d10e      	bne.n	20000122 <mutex_try_enter_block_until+0x62>
20000104:	2000      	movs	r0, #0
20000106:	bc80      	pop	{r7}
20000108:	46b8      	mov	r8, r7
2000010a:	bdf0      	pop	{r4, r5, r6, r7, pc}
2000010c:	f3bf 8f5f 	dmb	sy
20000110:	6017      	str	r7, [r2, #0]
20000112:	f381 8810 	msr	PRIMASK, r1
20000116:	0028      	movs	r0, r5
20000118:	0031      	movs	r1, r6
2000011a:	f000 ff09 	bl	20000f30 <__best_effort_wfe_or_timeout_veneer>
2000011e:	2800      	cmp	r0, #0
20000120:	d1f0      	bne.n	20000104 <mutex_try_enter_block_until+0x44>
20000122:	6822      	ldr	r2, [r4, #0]
20000124:	f3ef 8110 	mrs	r1, PRIMASK
20000128:	b672      	cpsid	i
2000012a:	6813      	ldr	r3, [r2, #0]
2000012c:	2b00      	cmp	r3, #0
2000012e:	d0fc      	beq.n	2000012a <mutex_try_enter_block_until+0x6a>
20000130:	f3bf 8f5f 	dmb	sy
20000134:	7923      	ldrb	r3, [r4, #4]
20000136:	6822      	ldr	r2, [r4, #0]
20000138:	2b7f      	cmp	r3, #127	@ 0x7f
2000013a:	d9e7      	bls.n	2000010c <mutex_try_enter_block_until+0x4c>
2000013c:	4643      	mov	r3, r8
2000013e:	e002      	b.n	20000146 <mutex_try_enter_block_until+0x86>
20000140:	23d0      	movs	r3, #208	@ 0xd0
20000142:	061b      	lsls	r3, r3, #24
20000144:	681b      	ldr	r3, [r3, #0]
20000146:	7123      	strb	r3, [r4, #4]
20000148:	f3bf 8f5f 	dmb	sy
2000014c:	2300      	movs	r3, #0
2000014e:	6013      	str	r3, [r2, #0]
20000150:	f381 8810 	msr	PRIMASK, r1
20000154:	2001      	movs	r0, #1
20000156:	e7d6      	b.n	20000106 <mutex_try_enter_block_until+0x46>

20000158 <mutex_enter_timeout_ms>:
20000158:	b5f0      	push	{r4, r5, r6, r7, lr}
2000015a:	46c6      	mov	lr, r8
2000015c:	b500      	push	{lr}
2000015e:	000d      	movs	r5, r1
20000160:	0004      	movs	r4, r0
20000162:	f000 fef5 	bl	20000f50 <__time_us_64_veneer>
20000166:	22fa      	movs	r2, #250	@ 0xfa
20000168:	0006      	movs	r6, r0
2000016a:	000f      	movs	r7, r1
2000016c:	2300      	movs	r3, #0
2000016e:	0028      	movs	r0, r5
20000170:	2100      	movs	r1, #0
20000172:	0092      	lsls	r2, r2, #2
20000174:	f000 fef4 	bl	20000f60 <____wrap___aeabi_lmul_veneer>
20000178:	1836      	adds	r6, r6, r0
2000017a:	414f      	adcs	r7, r1
2000017c:	2f00      	cmp	r7, #0
2000017e:	da02      	bge.n	20000186 <mutex_enter_timeout_ms+0x2e>
20000180:	2601      	movs	r6, #1
20000182:	4f17      	ldr	r7, [pc, #92]	@ (200001e0 <mutex_enter_timeout_ms+0x88>)
20000184:	4276      	negs	r6, r6
20000186:	23d0      	movs	r3, #208	@ 0xd0
20000188:	061b      	lsls	r3, r3, #24
2000018a:	681b      	ldr	r3, [r3, #0]
2000018c:	2500      	movs	r5, #0
2000018e:	4698      	mov	r8, r3
20000190:	e00a      	b.n	200001a8 <mutex_enter_timeout_ms+0x50>
20000192:	f3bf 8f5f 	dmb	sy
20000196:	6015      	str	r5, [r2, #0]
20000198:	f381 8810 	msr	PRIMASK, r1
2000019c:	0030      	movs	r0, r6
2000019e:	0039      	movs	r1, r7
200001a0:	f000 fec6 	bl	20000f30 <__best_effort_wfe_or_timeout_veneer>
200001a4:	2800      	cmp	r0, #0
200001a6:	d118      	bne.n	200001da <mutex_enter_timeout_ms+0x82>
200001a8:	6822      	ldr	r2, [r4, #0]
200001aa:	f3ef 8110 	mrs	r1, PRIMASK
200001ae:	b672      	cpsid	i
200001b0:	6813      	ldr	r3, [r2, #0]
200001b2:	2b00      	cmp	r3, #0
200001b4:	d0fc      	beq.n	200001b0 <mutex_enter_timeout_ms+0x58>
200001b6:	f3bf 8f5f 	dmb	sy
200001ba:	7923      	ldrb	r3, [r4, #4]
200001bc:	6822      	ldr	r2, [r4, #0]
200001be:	2b7f      	cmp	r3, #127	@ 0x7f
200001c0:	d9e7      	bls.n	20000192 <mutex_enter_timeout_ms+0x3a>
200001c2:	4643      	mov	r3, r8
200001c4:	7123      	strb	r3, [r4, #4]
200001c6:	f3bf 8f5f 	dmb	sy
200001ca:	2300      	movs	r3, #0
200001cc:	6013      	str	r3, [r2, #0]
200001ce:	f381 8810 	msr	PRIMASK, r1
200001d2:	2001      	movs	r0, #1
200001d4:	bc80      	pop	{r7}
200001d6:	46b8      	mov	r8, r7
200001d8:	bdf0      	pop	{r4, r5, r6, r7, pc}
200001da:	2000      	movs	r0, #0
200001dc:	e7fa      	b.n	200001d4 <mutex_enter_timeout_ms+0x7c>
200001de:	46c0      	nop			@ (mov r8, r8)
200001e0:	7fffffff 	.word	0x7fffffff

200001e4 <mutex_exit>:
200001e4:	6802      	ldr	r2, [r0, #0]
200001e6:	f3ef 8110 	mrs	r1, PRIMASK
200001ea:	b672      	cpsid	i
200001ec:	6813      	ldr	r3, [r2, #0]
200001ee:	2b00      	cmp	r3, #0
200001f0:	d0fc      	beq.n	200001ec <mutex_exit+0x8>
200001f2:	f3bf 8f5f 	dmb	sy
200001f6:	23ff      	movs	r3, #255	@ 0xff
200001f8:	7103      	strb	r3, [r0, #4]
200001fa:	6803      	ldr	r3, [r0, #0]
200001fc:	f3bf 8f5f 	dmb	sy
20000200:	2200      	movs	r2, #0
20000202:	601a      	str	r2, [r3, #0]
20000204:	f381 8810 	msr	PRIMASK, r1
20000208:	bf40      	sev
2000020a:	4770      	bx	lr

2000020c <reset_non_control_endpoints>:
2000020c:	2200      	movs	r2, #0
2000020e:	4b15      	ldr	r3, [pc, #84]	@ (20000264 <reset_non_control_endpoints+0x58>)
20000210:	b510      	push	{r4, lr}
20000212:	609a      	str	r2, [r3, #8]
20000214:	60da      	str	r2, [r3, #12]
20000216:	611a      	str	r2, [r3, #16]
20000218:	615a      	str	r2, [r3, #20]
2000021a:	619a      	str	r2, [r3, #24]
2000021c:	61da      	str	r2, [r3, #28]
2000021e:	621a      	str	r2, [r3, #32]
20000220:	625a      	str	r2, [r3, #36]	@ 0x24
20000222:	629a      	str	r2, [r3, #40]	@ 0x28
20000224:	62da      	str	r2, [r3, #44]	@ 0x2c
20000226:	631a      	str	r2, [r3, #48]	@ 0x30
20000228:	635a      	str	r2, [r3, #52]	@ 0x34
2000022a:	639a      	str	r2, [r3, #56]	@ 0x38
2000022c:	63da      	str	r2, [r3, #60]	@ 0x3c
2000022e:	641a      	str	r2, [r3, #64]	@ 0x40
20000230:	645a      	str	r2, [r3, #68]	@ 0x44
20000232:	649a      	str	r2, [r3, #72]	@ 0x48
20000234:	64da      	str	r2, [r3, #76]	@ 0x4c
20000236:	651a      	str	r2, [r3, #80]	@ 0x50
20000238:	655a      	str	r2, [r3, #84]	@ 0x54
2000023a:	659a      	str	r2, [r3, #88]	@ 0x58
2000023c:	65da      	str	r2, [r3, #92]	@ 0x5c
2000023e:	661a      	str	r2, [r3, #96]	@ 0x60
20000240:	665a      	str	r2, [r3, #100]	@ 0x64
20000242:	669a      	str	r2, [r3, #104]	@ 0x68
20000244:	66da      	str	r2, [r3, #108]	@ 0x6c
20000246:	671a      	str	r2, [r3, #112]	@ 0x70
20000248:	675a      	str	r2, [r3, #116]	@ 0x74
2000024a:	679a      	str	r2, [r3, #120]	@ 0x78
2000024c:	67da      	str	r2, [r3, #124]	@ 0x7c
2000024e:	32f0      	adds	r2, #240	@ 0xf0
20000250:	0092      	lsls	r2, r2, #2
20000252:	2100      	movs	r1, #0
20000254:	4804      	ldr	r0, [pc, #16]	@ (20000268 <reset_non_control_endpoints+0x5c>)
20000256:	f000 fe63 	bl	20000f20 <____wrap_memset_veneer>
2000025a:	4b04      	ldr	r3, [pc, #16]	@ (2000026c <reset_non_control_endpoints+0x60>)
2000025c:	4a04      	ldr	r2, [pc, #16]	@ (20000270 <reset_non_control_endpoints+0x64>)
2000025e:	601a      	str	r2, [r3, #0]
20000260:	bd10      	pop	{r4, pc}
20000262:	46c0      	nop			@ (mov r8, r8)
20000264:	50100000 	.word	0x50100000
20000268:	20001928 	.word	0x20001928
2000026c:	20001cf0 	.word	0x20001cf0
20000270:	50100180 	.word	0x50100180

20000274 <hw_handle_buff_status>:
20000274:	b5f0      	push	{r4, r5, r6, r7, lr}
20000276:	464e      	mov	r6, r9
20000278:	4645      	mov	r5, r8
2000027a:	46de      	mov	lr, fp
2000027c:	4657      	mov	r7, sl
2000027e:	b5e0      	push	{r5, r6, r7, lr}
20000280:	4b21      	ldr	r3, [pc, #132]	@ (20000308 <hw_handle_buff_status+0x94>)
20000282:	2400      	movs	r4, #0
20000284:	6d9e      	ldr	r6, [r3, #88]	@ 0x58
20000286:	2501      	movs	r5, #1
20000288:	b085      	sub	sp, #20
2000028a:	2e00      	cmp	r6, #0
2000028c:	d022      	beq.n	200002d4 <hw_handle_buff_status+0x60>
2000028e:	4b1f      	ldr	r3, [pc, #124]	@ (2000030c <hw_handle_buff_status+0x98>)
20000290:	469a      	mov	sl, r3
20000292:	2301      	movs	r3, #1
20000294:	4699      	mov	r9, r3
20000296:	4b1e      	ldr	r3, [pc, #120]	@ (20000310 <hw_handle_buff_status+0x9c>)
20000298:	4698      	mov	r8, r3
2000029a:	e001      	b.n	200002a0 <hw_handle_buff_status+0x2c>
2000029c:	2c20      	cmp	r4, #32
2000029e:	d019      	beq.n	200002d4 <hw_handle_buff_status+0x60>
200002a0:	002a      	movs	r2, r5
200002a2:	0023      	movs	r3, r4
200002a4:	3401      	adds	r4, #1
200002a6:	002f      	movs	r7, r5
200002a8:	4032      	ands	r2, r6
200002aa:	b2e4      	uxtb	r4, r4
200002ac:	006d      	lsls	r5, r5, #1
200002ae:	2a00      	cmp	r2, #0
200002b0:	d0f4      	beq.n	2000029c <hw_handle_buff_status+0x28>
200002b2:	4652      	mov	r2, sl
200002b4:	6597      	str	r7, [r2, #88]	@ 0x58
200002b6:	464a      	mov	r2, r9
200002b8:	085b      	lsrs	r3, r3, #1
200002ba:	005b      	lsls	r3, r3, #1
200002bc:	4022      	ands	r2, r4
200002be:	189b      	adds	r3, r3, r2
200002c0:	015b      	lsls	r3, r3, #5
200002c2:	4443      	add	r3, r8
200002c4:	0018      	movs	r0, r3
200002c6:	469b      	mov	fp, r3
200002c8:	f000 fc1e 	bl	20000b08 <hw_endpoint_xfer_continue>
200002cc:	2800      	cmp	r0, #0
200002ce:	d108      	bne.n	200002e2 <hw_handle_buff_status+0x6e>
200002d0:	43be      	bics	r6, r7
200002d2:	d1e3      	bne.n	2000029c <hw_handle_buff_status+0x28>
200002d4:	b005      	add	sp, #20
200002d6:	bcf0      	pop	{r4, r5, r6, r7}
200002d8:	46bb      	mov	fp, r7
200002da:	46b2      	mov	sl, r6
200002dc:	46a9      	mov	r9, r5
200002de:	46a0      	mov	r8, r4
200002e0:	bdf0      	pop	{r4, r5, r6, r7, pc}
200002e2:	465b      	mov	r3, fp
200002e4:	21e0      	movs	r1, #224	@ 0xe0
200002e6:	789a      	ldrb	r2, [r3, #2]
200002e8:	8adb      	ldrh	r3, [r3, #22]
200002ea:	a801      	add	r0, sp, #4
200002ec:	6083      	str	r3, [r0, #8]
200002ee:	2300      	movs	r3, #0
200002f0:	00c9      	lsls	r1, r1, #3
200002f2:	8001      	strh	r1, [r0, #0]
200002f4:	2101      	movs	r1, #1
200002f6:	7102      	strb	r2, [r0, #4]
200002f8:	7143      	strb	r3, [r0, #5]
200002fa:	f000 fc25 	bl	20000b48 <dcd_event_handler>
200002fe:	4658      	mov	r0, fp
20000300:	f000 fba0 	bl	20000a44 <hw_endpoint_reset_transfer>
20000304:	e7e4      	b.n	200002d0 <hw_handle_buff_status+0x5c>
20000306:	46c0      	nop			@ (mov r8, r8)
20000308:	50110000 	.word	0x50110000
2000030c:	50113000 	.word	0x50113000
20000310:	200018e8 	.word	0x200018e8

20000314 <dcd_rp2040_irq>:
20000314:	2398      	movs	r3, #152	@ 0x98
20000316:	b5f0      	push	{r4, r5, r6, r7, lr}
20000318:	46c6      	mov	lr, r8
2000031a:	4ac8      	ldr	r2, [pc, #800]	@ (2000063c <dcd_rp2040_irq+0x328>)
2000031c:	b500      	push	{lr}
2000031e:	58d5      	ldr	r5, [r2, r3]
20000320:	2380      	movs	r3, #128	@ 0x80
20000322:	002e      	movs	r6, r5
20000324:	029b      	lsls	r3, r3, #10
20000326:	2410      	movs	r4, #16
20000328:	b084      	sub	sp, #16
2000032a:	401e      	ands	r6, r3
2000032c:	421d      	tst	r5, r3
2000032e:	d074      	beq.n	2000041a <dcd_rp2040_irq+0x106>
20000330:	4bc3      	ldr	r3, [pc, #780]	@ (20000640 <dcd_rp2040_irq+0x32c>)
20000332:	4cc4      	ldr	r4, [pc, #784]	@ (20000644 <dcd_rp2040_irq+0x330>)
20000334:	6a9a      	ldr	r2, [r3, #40]	@ 0x28
20000336:	4bc4      	ldr	r3, [pc, #784]	@ (20000648 <dcd_rp2040_irq+0x334>)
20000338:	2600      	movs	r6, #0
2000033a:	601a      	str	r2, [r3, #0]
2000033c:	233b      	movs	r3, #59	@ 0x3b
2000033e:	5ce3      	ldrb	r3, [r4, r3]
20000340:	2b02      	cmp	r3, #2
20000342:	d100      	bne.n	20000346 <dcd_rp2040_irq+0x32>
20000344:	e14f      	b.n	200005e6 <dcd_rp2040_irq+0x2d2>
20000346:	237b      	movs	r3, #123	@ 0x7b
20000348:	5ce3      	ldrb	r3, [r4, r3]
2000034a:	2b02      	cmp	r3, #2
2000034c:	d100      	bne.n	20000350 <dcd_rp2040_irq+0x3c>
2000034e:	e0f3      	b.n	20000538 <dcd_rp2040_irq+0x224>
20000350:	23bb      	movs	r3, #187	@ 0xbb
20000352:	5ce3      	ldrb	r3, [r4, r3]
20000354:	2b02      	cmp	r3, #2
20000356:	d100      	bne.n	2000035a <dcd_rp2040_irq+0x46>
20000358:	e0fa      	b.n	20000550 <dcd_rp2040_irq+0x23c>
2000035a:	23fb      	movs	r3, #251	@ 0xfb
2000035c:	5ce3      	ldrb	r3, [r4, r3]
2000035e:	2b02      	cmp	r3, #2
20000360:	d100      	bne.n	20000364 <dcd_rp2040_irq+0x50>
20000362:	e101      	b.n	20000568 <dcd_rp2040_irq+0x254>
20000364:	233c      	movs	r3, #60	@ 0x3c
20000366:	33ff      	adds	r3, #255	@ 0xff
20000368:	5ce3      	ldrb	r3, [r4, r3]
2000036a:	2b02      	cmp	r3, #2
2000036c:	d100      	bne.n	20000370 <dcd_rp2040_irq+0x5c>
2000036e:	e12d      	b.n	200005cc <dcd_rp2040_irq+0x2b8>
20000370:	237c      	movs	r3, #124	@ 0x7c
20000372:	33ff      	adds	r3, #255	@ 0xff
20000374:	5ce3      	ldrb	r3, [r4, r3]
20000376:	2b02      	cmp	r3, #2
20000378:	d100      	bne.n	2000037c <dcd_rp2040_irq+0x68>
2000037a:	e10e      	b.n	2000059a <dcd_rp2040_irq+0x286>
2000037c:	23bc      	movs	r3, #188	@ 0xbc
2000037e:	33ff      	adds	r3, #255	@ 0xff
20000380:	5ce3      	ldrb	r3, [r4, r3]
20000382:	2b02      	cmp	r3, #2
20000384:	d100      	bne.n	20000388 <dcd_rp2040_irq+0x74>
20000386:	e13f      	b.n	20000608 <dcd_rp2040_irq+0x2f4>
20000388:	23fc      	movs	r3, #252	@ 0xfc
2000038a:	33ff      	adds	r3, #255	@ 0xff
2000038c:	5ce3      	ldrb	r3, [r4, r3]
2000038e:	2b02      	cmp	r3, #2
20000390:	d100      	bne.n	20000394 <dcd_rp2040_irq+0x80>
20000392:	e0f5      	b.n	20000580 <dcd_rp2040_irq+0x26c>
20000394:	4bad      	ldr	r3, [pc, #692]	@ (2000064c <dcd_rp2040_irq+0x338>)
20000396:	5ce3      	ldrb	r3, [r4, r3]
20000398:	2b02      	cmp	r3, #2
2000039a:	d100      	bne.n	2000039e <dcd_rp2040_irq+0x8a>
2000039c:	e174      	b.n	20000688 <dcd_rp2040_irq+0x374>
2000039e:	4bac      	ldr	r3, [pc, #688]	@ (20000650 <dcd_rp2040_irq+0x33c>)
200003a0:	5ce3      	ldrb	r3, [r4, r3]
200003a2:	2b02      	cmp	r3, #2
200003a4:	d100      	bne.n	200003a8 <dcd_rp2040_irq+0x94>
200003a6:	e105      	b.n	200005b4 <dcd_rp2040_irq+0x2a0>
200003a8:	4baa      	ldr	r3, [pc, #680]	@ (20000654 <dcd_rp2040_irq+0x340>)
200003aa:	5ce3      	ldrb	r3, [r4, r3]
200003ac:	2b02      	cmp	r3, #2
200003ae:	d100      	bne.n	200003b2 <dcd_rp2040_irq+0x9e>
200003b0:	e175      	b.n	2000069e <dcd_rp2040_irq+0x38a>
200003b2:	4ba9      	ldr	r3, [pc, #676]	@ (20000658 <dcd_rp2040_irq+0x344>)
200003b4:	5ce3      	ldrb	r3, [r4, r3]
200003b6:	2b02      	cmp	r3, #2
200003b8:	d100      	bne.n	200003bc <dcd_rp2040_irq+0xa8>
200003ba:	e132      	b.n	20000622 <dcd_rp2040_irq+0x30e>
200003bc:	4ba7      	ldr	r3, [pc, #668]	@ (2000065c <dcd_rp2040_irq+0x348>)
200003be:	5ce3      	ldrb	r3, [r4, r3]
200003c0:	2b02      	cmp	r3, #2
200003c2:	d100      	bne.n	200003c6 <dcd_rp2040_irq+0xb2>
200003c4:	e1a0      	b.n	20000708 <dcd_rp2040_irq+0x3f4>
200003c6:	4ba6      	ldr	r3, [pc, #664]	@ (20000660 <dcd_rp2040_irq+0x34c>)
200003c8:	5ce3      	ldrb	r3, [r4, r3]
200003ca:	2b02      	cmp	r3, #2
200003cc:	d100      	bne.n	200003d0 <dcd_rp2040_irq+0xbc>
200003ce:	e171      	b.n	200006b4 <dcd_rp2040_irq+0x3a0>
200003d0:	4ba4      	ldr	r3, [pc, #656]	@ (20000664 <dcd_rp2040_irq+0x350>)
200003d2:	5ce3      	ldrb	r3, [r4, r3]
200003d4:	2b02      	cmp	r3, #2
200003d6:	d100      	bne.n	200003da <dcd_rp2040_irq+0xc6>
200003d8:	e1a1      	b.n	2000071e <dcd_rp2040_irq+0x40a>
200003da:	4ba3      	ldr	r3, [pc, #652]	@ (20000668 <dcd_rp2040_irq+0x354>)
200003dc:	5ce3      	ldrb	r3, [r4, r3]
200003de:	2b02      	cmp	r3, #2
200003e0:	d100      	bne.n	200003e4 <dcd_rp2040_irq+0xd0>
200003e2:	e17f      	b.n	200006e4 <dcd_rp2040_irq+0x3d0>
200003e4:	2e00      	cmp	r6, #0
200003e6:	d108      	bne.n	200003fa <dcd_rp2040_irq+0xe6>
200003e8:	4ba0      	ldr	r3, [pc, #640]	@ (2000066c <dcd_rp2040_irq+0x358>)
200003ea:	781b      	ldrb	r3, [r3, #0]
200003ec:	2b00      	cmp	r3, #0
200003ee:	d104      	bne.n	200003fa <dcd_rp2040_irq+0xe6>
200003f0:	2180      	movs	r1, #128	@ 0x80
200003f2:	4a9f      	ldr	r2, [pc, #636]	@ (20000670 <dcd_rp2040_irq+0x35c>)
200003f4:	3390      	adds	r3, #144	@ 0x90
200003f6:	0289      	lsls	r1, r1, #10
200003f8:	50d1      	str	r1, [r2, r3]
200003fa:	22c0      	movs	r2, #192	@ 0xc0
200003fc:	4669      	mov	r1, sp
200003fe:	4b8f      	ldr	r3, [pc, #572]	@ (2000063c <dcd_rp2040_irq+0x328>)
20000400:	0092      	lsls	r2, r2, #2
20000402:	6c9b      	ldr	r3, [r3, #72]	@ 0x48
20000404:	2680      	movs	r6, #128	@ 0x80
20000406:	055b      	lsls	r3, r3, #21
20000408:	808a      	strh	r2, [r1, #4]
2000040a:	0d5b      	lsrs	r3, r3, #21
2000040c:	2101      	movs	r1, #1
2000040e:	a801      	add	r0, sp, #4
20000410:	9302      	str	r3, [sp, #8]
20000412:	f000 fb99 	bl	20000b48 <dcd_event_handler>
20000416:	4c97      	ldr	r4, [pc, #604]	@ (20000674 <dcd_rp2040_irq+0x360>)
20000418:	02b6      	lsls	r6, r6, #10
2000041a:	06eb      	lsls	r3, r5, #27
2000041c:	d500      	bpl.n	20000420 <dcd_rp2040_irq+0x10c>
2000041e:	e07f      	b.n	20000520 <dcd_rp2040_irq+0x20c>
20000420:	2380      	movs	r3, #128	@ 0x80
20000422:	025b      	lsls	r3, r3, #9
20000424:	421d      	tst	r5, r3
20000426:	d031      	beq.n	2000048c <dcd_rp2040_irq+0x178>
20000428:	431e      	orrs	r6, r3
2000042a:	2301      	movs	r3, #1
2000042c:	2402      	movs	r4, #2
2000042e:	4698      	mov	r8, r3
20000430:	4f84      	ldr	r7, [pc, #528]	@ (20000644 <dcd_rp2040_irq+0x330>)
20000432:	7ebb      	ldrb	r3, [r7, #26]
20000434:	2b00      	cmp	r3, #0
20000436:	d014      	beq.n	20000462 <dcd_rp2040_irq+0x14e>
20000438:	f000 fda2 	bl	20000f80 <__rp2040_chip_version_veneer>
2000043c:	2801      	cmp	r0, #1
2000043e:	d900      	bls.n	20000442 <dcd_rp2040_irq+0x12e>
20000440:	e072      	b.n	20000528 <dcd_rp2040_irq+0x214>
20000442:	22c0      	movs	r2, #192	@ 0xc0
20000444:	2100      	movs	r1, #0
20000446:	0038      	movs	r0, r7
20000448:	0192      	lsls	r2, r2, #6
2000044a:	f000 fb01 	bl	20000a50 <_hw_endpoint_buffer_control_update32>
2000044e:	0038      	movs	r0, r7
20000450:	f000 faf8 	bl	20000a44 <hw_endpoint_reset_transfer>
20000454:	f000 fd94 	bl	20000f80 <__rp2040_chip_version_veneer>
20000458:	2801      	cmp	r0, #1
2000045a:	d902      	bls.n	20000462 <dcd_rp2040_irq+0x14e>
2000045c:	4b84      	ldr	r3, [pc, #528]	@ (20000670 <dcd_rp2040_irq+0x35c>)
2000045e:	665c      	str	r4, [r3, #100]	@ 0x64
20000460:	661c      	str	r4, [r3, #96]	@ 0x60
20000462:	4643      	mov	r3, r8
20000464:	70fb      	strb	r3, [r7, #3]
20000466:	3720      	adds	r7, #32
20000468:	2c01      	cmp	r4, #1
2000046a:	d122      	bne.n	200004b2 <dcd_rp2040_irq+0x19e>
2000046c:	23c0      	movs	r3, #192	@ 0xc0
2000046e:	466a      	mov	r2, sp
20000470:	00db      	lsls	r3, r3, #3
20000472:	8093      	strh	r3, [r2, #4]
20000474:	4a80      	ldr	r2, [pc, #512]	@ (20000678 <dcd_rp2040_irq+0x364>)
20000476:	ab02      	add	r3, sp, #8
20000478:	ca03      	ldmia	r2!, {r0, r1}
2000047a:	c303      	stmia	r3!, {r0, r1}
2000047c:	2101      	movs	r1, #1
2000047e:	a801      	add	r0, sp, #4
20000480:	f000 fb62 	bl	20000b48 <dcd_event_handler>
20000484:	2280      	movs	r2, #128	@ 0x80
20000486:	4b7a      	ldr	r3, [pc, #488]	@ (20000670 <dcd_rp2040_irq+0x35c>)
20000488:	0292      	lsls	r2, r2, #10
2000048a:	651a      	str	r2, [r3, #80]	@ 0x50
2000048c:	2380      	movs	r3, #128	@ 0x80
2000048e:	015b      	lsls	r3, r3, #5
20000490:	421d      	tst	r5, r3
20000492:	d110      	bne.n	200004b6 <dcd_rp2040_irq+0x1a2>
20000494:	2380      	movs	r3, #128	@ 0x80
20000496:	01db      	lsls	r3, r3, #7
20000498:	421d      	tst	r5, r3
2000049a:	d123      	bne.n	200004e4 <dcd_rp2040_irq+0x1d0>
2000049c:	2380      	movs	r3, #128	@ 0x80
2000049e:	021b      	lsls	r3, r3, #8
200004a0:	421d      	tst	r5, r3
200004a2:	d12f      	bne.n	20000504 <dcd_rp2040_irq+0x1f0>
200004a4:	42ae      	cmp	r6, r5
200004a6:	d000      	beq.n	200004aa <dcd_rp2040_irq+0x196>
200004a8:	e1c0      	b.n	2000082c <dcd_rp2040_irq+0x518>
200004aa:	b004      	add	sp, #16
200004ac:	bc80      	pop	{r7}
200004ae:	46b8      	mov	r8, r7
200004b0:	bdf0      	pop	{r4, r5, r6, r7, pc}
200004b2:	2401      	movs	r4, #1
200004b4:	e7bd      	b.n	20000432 <dcd_rp2040_irq+0x11e>
200004b6:	2400      	movs	r4, #0
200004b8:	431e      	orrs	r6, r3
200004ba:	4b60      	ldr	r3, [pc, #384]	@ (2000063c <dcd_rp2040_irq+0x328>)
200004bc:	601c      	str	r4, [r3, #0]
200004be:	f7ff fea5 	bl	2000020c <reset_non_control_endpoints>
200004c2:	2380      	movs	r3, #128	@ 0x80
200004c4:	466a      	mov	r2, sp
200004c6:	005b      	lsls	r3, r3, #1
200004c8:	8093      	strh	r3, [r2, #4]
200004ca:	7214      	strb	r4, [r2, #8]
200004cc:	2101      	movs	r1, #1
200004ce:	a801      	add	r0, sp, #4
200004d0:	f000 fb3a 	bl	20000b48 <dcd_event_handler>
200004d4:	2280      	movs	r2, #128	@ 0x80
200004d6:	4b66      	ldr	r3, [pc, #408]	@ (20000670 <dcd_rp2040_irq+0x35c>)
200004d8:	0312      	lsls	r2, r2, #12
200004da:	651a      	str	r2, [r3, #80]	@ 0x50
200004dc:	2380      	movs	r3, #128	@ 0x80
200004de:	01db      	lsls	r3, r3, #7
200004e0:	421d      	tst	r5, r3
200004e2:	d0db      	beq.n	2000049c <dcd_rp2040_irq+0x188>
200004e4:	431e      	orrs	r6, r3
200004e6:	2380      	movs	r3, #128	@ 0x80
200004e8:	466a      	mov	r2, sp
200004ea:	00db      	lsls	r3, r3, #3
200004ec:	8093      	strh	r3, [r2, #4]
200004ee:	2101      	movs	r1, #1
200004f0:	a801      	add	r0, sp, #4
200004f2:	f000 fb29 	bl	20000b48 <dcd_event_handler>
200004f6:	2210      	movs	r2, #16
200004f8:	4b5d      	ldr	r3, [pc, #372]	@ (20000670 <dcd_rp2040_irq+0x35c>)
200004fa:	651a      	str	r2, [r3, #80]	@ 0x50
200004fc:	2380      	movs	r3, #128	@ 0x80
200004fe:	021b      	lsls	r3, r3, #8
20000500:	421d      	tst	r5, r3
20000502:	d0cf      	beq.n	200004a4 <dcd_rp2040_irq+0x190>
20000504:	431e      	orrs	r6, r3
20000506:	23a0      	movs	r3, #160	@ 0xa0
20000508:	466a      	mov	r2, sp
2000050a:	00db      	lsls	r3, r3, #3
2000050c:	8093      	strh	r3, [r2, #4]
2000050e:	2101      	movs	r1, #1
20000510:	a801      	add	r0, sp, #4
20000512:	f000 fb19 	bl	20000b48 <dcd_event_handler>
20000516:	2280      	movs	r2, #128	@ 0x80
20000518:	4b55      	ldr	r3, [pc, #340]	@ (20000670 <dcd_rp2040_irq+0x35c>)
2000051a:	0112      	lsls	r2, r2, #4
2000051c:	651a      	str	r2, [r3, #80]	@ 0x50
2000051e:	e7c1      	b.n	200004a4 <dcd_rp2040_irq+0x190>
20000520:	f7ff fea8 	bl	20000274 <hw_handle_buff_status>
20000524:	0026      	movs	r6, r4
20000526:	e77b      	b.n	20000420 <dcd_rp2040_irq+0x10c>
20000528:	4b54      	ldr	r3, [pc, #336]	@ (2000067c <dcd_rp2040_irq+0x368>)
2000052a:	4a44      	ldr	r2, [pc, #272]	@ (2000063c <dcd_rp2040_irq+0x328>)
2000052c:	661c      	str	r4, [r3, #96]	@ 0x60
2000052e:	6e53      	ldr	r3, [r2, #100]	@ 0x64
20000530:	4023      	ands	r3, r4
20000532:	42a3      	cmp	r3, r4
20000534:	d1fb      	bne.n	2000052e <dcd_rp2040_irq+0x21a>
20000536:	e784      	b.n	20000442 <dcd_rp2040_irq+0x12e>
20000538:	3378      	adds	r3, #120	@ 0x78
2000053a:	5ce7      	ldrb	r7, [r4, r3]
2000053c:	2f00      	cmp	r7, #0
2000053e:	d100      	bne.n	20000542 <dcd_rp2040_irq+0x22e>
20000540:	e706      	b.n	20000350 <dcd_rp2040_irq+0x3c>
20000542:	3302      	adds	r3, #2
20000544:	5ce2      	ldrb	r2, [r4, r3]
20000546:	2a00      	cmp	r2, #0
20000548:	d000      	beq.n	2000054c <dcd_rp2040_irq+0x238>
2000054a:	e10d      	b.n	20000768 <dcd_rp2040_irq+0x454>
2000054c:	003e      	movs	r6, r7
2000054e:	e6ff      	b.n	20000350 <dcd_rp2040_irq+0x3c>
20000550:	33b8      	adds	r3, #184	@ 0xb8
20000552:	5ce7      	ldrb	r7, [r4, r3]
20000554:	2f00      	cmp	r7, #0
20000556:	d100      	bne.n	2000055a <dcd_rp2040_irq+0x246>
20000558:	e6ff      	b.n	2000035a <dcd_rp2040_irq+0x46>
2000055a:	3302      	adds	r3, #2
2000055c:	5ce2      	ldrb	r2, [r4, r3]
2000055e:	2a00      	cmp	r2, #0
20000560:	d000      	beq.n	20000564 <dcd_rp2040_irq+0x250>
20000562:	e0f9      	b.n	20000758 <dcd_rp2040_irq+0x444>
20000564:	003e      	movs	r6, r7
20000566:	e6f8      	b.n	2000035a <dcd_rp2040_irq+0x46>
20000568:	33f8      	adds	r3, #248	@ 0xf8
2000056a:	5ce7      	ldrb	r7, [r4, r3]
2000056c:	2f00      	cmp	r7, #0
2000056e:	d100      	bne.n	20000572 <dcd_rp2040_irq+0x25e>
20000570:	e6f8      	b.n	20000364 <dcd_rp2040_irq+0x50>
20000572:	3302      	adds	r3, #2
20000574:	5ce2      	ldrb	r2, [r4, r3]
20000576:	2a00      	cmp	r2, #0
20000578:	d000      	beq.n	2000057c <dcd_rp2040_irq+0x268>
2000057a:	e141      	b.n	20000800 <dcd_rp2040_irq+0x4ec>
2000057c:	003e      	movs	r6, r7
2000057e:	e6f1      	b.n	20000364 <dcd_rp2040_irq+0x50>
20000580:	33f9      	adds	r3, #249	@ 0xf9
20000582:	33ff      	adds	r3, #255	@ 0xff
20000584:	5ce7      	ldrb	r7, [r4, r3]
20000586:	2f00      	cmp	r7, #0
20000588:	d100      	bne.n	2000058c <dcd_rp2040_irq+0x278>
2000058a:	e703      	b.n	20000394 <dcd_rp2040_irq+0x80>
2000058c:	3302      	adds	r3, #2
2000058e:	5ce2      	ldrb	r2, [r4, r3]
20000590:	2a00      	cmp	r2, #0
20000592:	d000      	beq.n	20000596 <dcd_rp2040_irq+0x282>
20000594:	e12b      	b.n	200007ee <dcd_rp2040_irq+0x4da>
20000596:	003e      	movs	r6, r7
20000598:	e6fc      	b.n	20000394 <dcd_rp2040_irq+0x80>
2000059a:	3379      	adds	r3, #121	@ 0x79
2000059c:	33ff      	adds	r3, #255	@ 0xff
2000059e:	5ce7      	ldrb	r7, [r4, r3]
200005a0:	2f00      	cmp	r7, #0
200005a2:	d100      	bne.n	200005a6 <dcd_rp2040_irq+0x292>
200005a4:	e6ea      	b.n	2000037c <dcd_rp2040_irq+0x68>
200005a6:	3302      	adds	r3, #2
200005a8:	5ce2      	ldrb	r2, [r4, r3]
200005aa:	2a00      	cmp	r2, #0
200005ac:	d000      	beq.n	200005b0 <dcd_rp2040_irq+0x29c>
200005ae:	e115      	b.n	200007dc <dcd_rp2040_irq+0x4c8>
200005b0:	003e      	movs	r6, r7
200005b2:	e6e3      	b.n	2000037c <dcd_rp2040_irq+0x68>
200005b4:	4b32      	ldr	r3, [pc, #200]	@ (20000680 <dcd_rp2040_irq+0x36c>)
200005b6:	5ce7      	ldrb	r7, [r4, r3]
200005b8:	2f00      	cmp	r7, #0
200005ba:	d100      	bne.n	200005be <dcd_rp2040_irq+0x2aa>
200005bc:	e6f4      	b.n	200003a8 <dcd_rp2040_irq+0x94>
200005be:	3302      	adds	r3, #2
200005c0:	5ce2      	ldrb	r2, [r4, r3]
200005c2:	2a00      	cmp	r2, #0
200005c4:	d000      	beq.n	200005c8 <dcd_rp2040_irq+0x2b4>
200005c6:	e101      	b.n	200007cc <dcd_rp2040_irq+0x4b8>
200005c8:	003e      	movs	r6, r7
200005ca:	e6ed      	b.n	200003a8 <dcd_rp2040_irq+0x94>
200005cc:	3339      	adds	r3, #57	@ 0x39
200005ce:	33ff      	adds	r3, #255	@ 0xff
200005d0:	5ce7      	ldrb	r7, [r4, r3]
200005d2:	2f00      	cmp	r7, #0
200005d4:	d100      	bne.n	200005d8 <dcd_rp2040_irq+0x2c4>
200005d6:	e6cb      	b.n	20000370 <dcd_rp2040_irq+0x5c>
200005d8:	3302      	adds	r3, #2
200005da:	5ce2      	ldrb	r2, [r4, r3]
200005dc:	2a00      	cmp	r2, #0
200005de:	d000      	beq.n	200005e2 <dcd_rp2040_irq+0x2ce>
200005e0:	e0eb      	b.n	200007ba <dcd_rp2040_irq+0x4a6>
200005e2:	003e      	movs	r6, r7
200005e4:	e6c4      	b.n	20000370 <dcd_rp2040_irq+0x5c>
200005e6:	3338      	adds	r3, #56	@ 0x38
200005e8:	5ce6      	ldrb	r6, [r4, r3]
200005ea:	2e00      	cmp	r6, #0
200005ec:	d100      	bne.n	200005f0 <dcd_rp2040_irq+0x2dc>
200005ee:	e6aa      	b.n	20000346 <dcd_rp2040_irq+0x32>
200005f0:	3302      	adds	r3, #2
200005f2:	5ce2      	ldrb	r2, [r4, r3]
200005f4:	2a00      	cmp	r2, #0
200005f6:	d100      	bne.n	200005fa <dcd_rp2040_irq+0x2e6>
200005f8:	e6a5      	b.n	20000346 <dcd_rp2040_irq+0x32>
200005fa:	0020      	movs	r0, r4
200005fc:	2200      	movs	r2, #0
200005fe:	3020      	adds	r0, #32
20000600:	54e2      	strb	r2, [r4, r3]
20000602:	f000 fa4d 	bl	20000aa0 <hw_endpoint_start_next_buffer>
20000606:	e69e      	b.n	20000346 <dcd_rp2040_irq+0x32>
20000608:	33b9      	adds	r3, #185	@ 0xb9
2000060a:	33ff      	adds	r3, #255	@ 0xff
2000060c:	5ce7      	ldrb	r7, [r4, r3]
2000060e:	2f00      	cmp	r7, #0
20000610:	d100      	bne.n	20000614 <dcd_rp2040_irq+0x300>
20000612:	e6b9      	b.n	20000388 <dcd_rp2040_irq+0x74>
20000614:	3302      	adds	r3, #2
20000616:	5ce2      	ldrb	r2, [r4, r3]
20000618:	2a00      	cmp	r2, #0
2000061a:	d000      	beq.n	2000061e <dcd_rp2040_irq+0x30a>
2000061c:	e0c4      	b.n	200007a8 <dcd_rp2040_irq+0x494>
2000061e:	003e      	movs	r6, r7
20000620:	e6b2      	b.n	20000388 <dcd_rp2040_irq+0x74>
20000622:	4b18      	ldr	r3, [pc, #96]	@ (20000684 <dcd_rp2040_irq+0x370>)
20000624:	5ce7      	ldrb	r7, [r4, r3]
20000626:	2f00      	cmp	r7, #0
20000628:	d100      	bne.n	2000062c <dcd_rp2040_irq+0x318>
2000062a:	e6c7      	b.n	200003bc <dcd_rp2040_irq+0xa8>
2000062c:	3302      	adds	r3, #2
2000062e:	5ce2      	ldrb	r2, [r4, r3]
20000630:	2a00      	cmp	r2, #0
20000632:	d000      	beq.n	20000636 <dcd_rp2040_irq+0x322>
20000634:	e0b0      	b.n	20000798 <dcd_rp2040_irq+0x484>
20000636:	003e      	movs	r6, r7
20000638:	e6c0      	b.n	200003bc <dcd_rp2040_irq+0xa8>
2000063a:	46c0      	nop			@ (mov r8, r8)
2000063c:	50110000 	.word	0x50110000
20000640:	40054000 	.word	0x40054000
20000644:	200018e8 	.word	0x200018e8
20000648:	200018e0 	.word	0x200018e0
2000064c:	0000023b 	.word	0x0000023b
20000650:	0000027b 	.word	0x0000027b
20000654:	000002bb 	.word	0x000002bb
20000658:	000002fb 	.word	0x000002fb
2000065c:	0000033b 	.word	0x0000033b
20000660:	0000037b 	.word	0x0000037b
20000664:	000003bb 	.word	0x000003bb
20000668:	000003fb 	.word	0x000003fb
2000066c:	20001d39 	.word	0x20001d39
20000670:	50113000 	.word	0x50113000
20000674:	00020010 	.word	0x00020010
20000678:	50100000 	.word	0x50100000
2000067c:	50112000 	.word	0x50112000
20000680:	0000027a 	.word	0x0000027a
20000684:	000002fa 	.word	0x000002fa
20000688:	4b6b      	ldr	r3, [pc, #428]	@ (20000838 <dcd_rp2040_irq+0x524>)
2000068a:	5ce7      	ldrb	r7, [r4, r3]
2000068c:	2f00      	cmp	r7, #0
2000068e:	d100      	bne.n	20000692 <dcd_rp2040_irq+0x37e>
20000690:	e685      	b.n	2000039e <dcd_rp2040_irq+0x8a>
20000692:	3302      	adds	r3, #2
20000694:	5ce2      	ldrb	r2, [r4, r3]
20000696:	2a00      	cmp	r2, #0
20000698:	d176      	bne.n	20000788 <dcd_rp2040_irq+0x474>
2000069a:	003e      	movs	r6, r7
2000069c:	e67f      	b.n	2000039e <dcd_rp2040_irq+0x8a>
2000069e:	4b67      	ldr	r3, [pc, #412]	@ (2000083c <dcd_rp2040_irq+0x528>)
200006a0:	5ce7      	ldrb	r7, [r4, r3]
200006a2:	2f00      	cmp	r7, #0
200006a4:	d100      	bne.n	200006a8 <dcd_rp2040_irq+0x394>
200006a6:	e684      	b.n	200003b2 <dcd_rp2040_irq+0x9e>
200006a8:	3302      	adds	r3, #2
200006aa:	5ce2      	ldrb	r2, [r4, r3]
200006ac:	2a00      	cmp	r2, #0
200006ae:	d163      	bne.n	20000778 <dcd_rp2040_irq+0x464>
200006b0:	003e      	movs	r6, r7
200006b2:	e67e      	b.n	200003b2 <dcd_rp2040_irq+0x9e>
200006b4:	4b62      	ldr	r3, [pc, #392]	@ (20000840 <dcd_rp2040_irq+0x52c>)
200006b6:	5ce7      	ldrb	r7, [r4, r3]
200006b8:	2f00      	cmp	r7, #0
200006ba:	d100      	bne.n	200006be <dcd_rp2040_irq+0x3aa>
200006bc:	e688      	b.n	200003d0 <dcd_rp2040_irq+0xbc>
200006be:	3302      	adds	r3, #2
200006c0:	5ce2      	ldrb	r2, [r4, r3]
200006c2:	2a00      	cmp	r2, #0
200006c4:	d000      	beq.n	200006c8 <dcd_rp2040_irq+0x3b4>
200006c6:	e0a3      	b.n	20000810 <dcd_rp2040_irq+0x4fc>
200006c8:	4b5e      	ldr	r3, [pc, #376]	@ (20000844 <dcd_rp2040_irq+0x530>)
200006ca:	5ce3      	ldrb	r3, [r4, r3]
200006cc:	2b02      	cmp	r3, #2
200006ce:	d130      	bne.n	20000732 <dcd_rp2040_irq+0x41e>
200006d0:	4b5d      	ldr	r3, [pc, #372]	@ (20000848 <dcd_rp2040_irq+0x534>)
200006d2:	5ce3      	ldrb	r3, [r4, r3]
200006d4:	2b00      	cmp	r3, #0
200006d6:	d127      	bne.n	20000728 <dcd_rp2040_irq+0x414>
200006d8:	4b5c      	ldr	r3, [pc, #368]	@ (2000084c <dcd_rp2040_irq+0x538>)
200006da:	5ce3      	ldrb	r3, [r4, r3]
200006dc:	2b02      	cmp	r3, #2
200006de:	d000      	beq.n	200006e2 <dcd_rp2040_irq+0x3ce>
200006e0:	e68b      	b.n	200003fa <dcd_rp2040_irq+0xe6>
200006e2:	003e      	movs	r6, r7
200006e4:	4b5a      	ldr	r3, [pc, #360]	@ (20000850 <dcd_rp2040_irq+0x53c>)
200006e6:	5ce3      	ldrb	r3, [r4, r3]
200006e8:	2b00      	cmp	r3, #0
200006ea:	d100      	bne.n	200006ee <dcd_rp2040_irq+0x3da>
200006ec:	e67a      	b.n	200003e4 <dcd_rp2040_irq+0xd0>
200006ee:	23ff      	movs	r3, #255	@ 0xff
200006f0:	009b      	lsls	r3, r3, #2
200006f2:	5ce2      	ldrb	r2, [r4, r3]
200006f4:	2a00      	cmp	r2, #0
200006f6:	d100      	bne.n	200006fa <dcd_rp2040_irq+0x3e6>
200006f8:	e67f      	b.n	200003fa <dcd_rp2040_irq+0xe6>
200006fa:	2200      	movs	r2, #0
200006fc:	54e2      	strb	r2, [r4, r3]
200006fe:	3b1c      	subs	r3, #28
20000700:	18e0      	adds	r0, r4, r3
20000702:	f000 f9cd 	bl	20000aa0 <hw_endpoint_start_next_buffer>
20000706:	e678      	b.n	200003fa <dcd_rp2040_irq+0xe6>
20000708:	4b52      	ldr	r3, [pc, #328]	@ (20000854 <dcd_rp2040_irq+0x540>)
2000070a:	5ce7      	ldrb	r7, [r4, r3]
2000070c:	2f00      	cmp	r7, #0
2000070e:	d100      	bne.n	20000712 <dcd_rp2040_irq+0x3fe>
20000710:	e659      	b.n	200003c6 <dcd_rp2040_irq+0xb2>
20000712:	3302      	adds	r3, #2
20000714:	5ce2      	ldrb	r2, [r4, r3]
20000716:	2a00      	cmp	r2, #0
20000718:	d116      	bne.n	20000748 <dcd_rp2040_irq+0x434>
2000071a:	003e      	movs	r6, r7
2000071c:	e653      	b.n	200003c6 <dcd_rp2040_irq+0xb2>
2000071e:	4b4a      	ldr	r3, [pc, #296]	@ (20000848 <dcd_rp2040_irq+0x534>)
20000720:	5ce3      	ldrb	r3, [r4, r3]
20000722:	2b00      	cmp	r3, #0
20000724:	d100      	bne.n	20000728 <dcd_rp2040_irq+0x414>
20000726:	e658      	b.n	200003da <dcd_rp2040_irq+0xc6>
20000728:	23ef      	movs	r3, #239	@ 0xef
2000072a:	009b      	lsls	r3, r3, #2
2000072c:	5ce2      	ldrb	r2, [r4, r3]
2000072e:	2a00      	cmp	r2, #0
20000730:	d175      	bne.n	2000081e <dcd_rp2040_irq+0x50a>
20000732:	4b46      	ldr	r3, [pc, #280]	@ (2000084c <dcd_rp2040_irq+0x538>)
20000734:	5ce3      	ldrb	r3, [r4, r3]
20000736:	2b02      	cmp	r3, #2
20000738:	d000      	beq.n	2000073c <dcd_rp2040_irq+0x428>
2000073a:	e65e      	b.n	200003fa <dcd_rp2040_irq+0xe6>
2000073c:	4b44      	ldr	r3, [pc, #272]	@ (20000850 <dcd_rp2040_irq+0x53c>)
2000073e:	5ce3      	ldrb	r3, [r4, r3]
20000740:	2b00      	cmp	r3, #0
20000742:	d100      	bne.n	20000746 <dcd_rp2040_irq+0x432>
20000744:	e659      	b.n	200003fa <dcd_rp2040_irq+0xe6>
20000746:	e7d2      	b.n	200006ee <dcd_rp2040_irq+0x3da>
20000748:	2200      	movs	r2, #0
2000074a:	54e2      	strb	r2, [r4, r3]
2000074c:	3b1c      	subs	r3, #28
2000074e:	18e0      	adds	r0, r4, r3
20000750:	f000 f9a6 	bl	20000aa0 <hw_endpoint_start_next_buffer>
20000754:	003e      	movs	r6, r7
20000756:	e636      	b.n	200003c6 <dcd_rp2040_irq+0xb2>
20000758:	0020      	movs	r0, r4
2000075a:	2200      	movs	r2, #0
2000075c:	30a0      	adds	r0, #160	@ 0xa0
2000075e:	54e2      	strb	r2, [r4, r3]
20000760:	003e      	movs	r6, r7
20000762:	f000 f99d 	bl	20000aa0 <hw_endpoint_start_next_buffer>
20000766:	e5f8      	b.n	2000035a <dcd_rp2040_irq+0x46>
20000768:	0020      	movs	r0, r4
2000076a:	2200      	movs	r2, #0
2000076c:	3060      	adds	r0, #96	@ 0x60
2000076e:	54e2      	strb	r2, [r4, r3]
20000770:	003e      	movs	r6, r7
20000772:	f000 f995 	bl	20000aa0 <hw_endpoint_start_next_buffer>
20000776:	e5eb      	b.n	20000350 <dcd_rp2040_irq+0x3c>
20000778:	2200      	movs	r2, #0
2000077a:	54e2      	strb	r2, [r4, r3]
2000077c:	3b1c      	subs	r3, #28
2000077e:	18e0      	adds	r0, r4, r3
20000780:	f000 f98e 	bl	20000aa0 <hw_endpoint_start_next_buffer>
20000784:	003e      	movs	r6, r7
20000786:	e614      	b.n	200003b2 <dcd_rp2040_irq+0x9e>
20000788:	2200      	movs	r2, #0
2000078a:	54e2      	strb	r2, [r4, r3]
2000078c:	3b1c      	subs	r3, #28
2000078e:	18e0      	adds	r0, r4, r3
20000790:	f000 f986 	bl	20000aa0 <hw_endpoint_start_next_buffer>
20000794:	003e      	movs	r6, r7
20000796:	e602      	b.n	2000039e <dcd_rp2040_irq+0x8a>
20000798:	2200      	movs	r2, #0
2000079a:	54e2      	strb	r2, [r4, r3]
2000079c:	3b1c      	subs	r3, #28
2000079e:	18e0      	adds	r0, r4, r3
200007a0:	f000 f97e 	bl	20000aa0 <hw_endpoint_start_next_buffer>
200007a4:	003e      	movs	r6, r7
200007a6:	e609      	b.n	200003bc <dcd_rp2040_irq+0xa8>
200007a8:	0020      	movs	r0, r4
200007aa:	2200      	movs	r2, #0
200007ac:	30a1      	adds	r0, #161	@ 0xa1
200007ae:	30ff      	adds	r0, #255	@ 0xff
200007b0:	54e2      	strb	r2, [r4, r3]
200007b2:	003e      	movs	r6, r7
200007b4:	f000 f974 	bl	20000aa0 <hw_endpoint_start_next_buffer>
200007b8:	e5e6      	b.n	20000388 <dcd_rp2040_irq+0x74>
200007ba:	0020      	movs	r0, r4
200007bc:	2200      	movs	r2, #0
200007be:	3021      	adds	r0, #33	@ 0x21
200007c0:	30ff      	adds	r0, #255	@ 0xff
200007c2:	54e2      	strb	r2, [r4, r3]
200007c4:	003e      	movs	r6, r7
200007c6:	f000 f96b 	bl	20000aa0 <hw_endpoint_start_next_buffer>
200007ca:	e5d1      	b.n	20000370 <dcd_rp2040_irq+0x5c>
200007cc:	2200      	movs	r2, #0
200007ce:	54e2      	strb	r2, [r4, r3]
200007d0:	3b1c      	subs	r3, #28
200007d2:	18e0      	adds	r0, r4, r3
200007d4:	f000 f964 	bl	20000aa0 <hw_endpoint_start_next_buffer>
200007d8:	003e      	movs	r6, r7
200007da:	e5e5      	b.n	200003a8 <dcd_rp2040_irq+0x94>
200007dc:	0020      	movs	r0, r4
200007de:	2200      	movs	r2, #0
200007e0:	3061      	adds	r0, #97	@ 0x61
200007e2:	30ff      	adds	r0, #255	@ 0xff
200007e4:	54e2      	strb	r2, [r4, r3]
200007e6:	003e      	movs	r6, r7
200007e8:	f000 f95a 	bl	20000aa0 <hw_endpoint_start_next_buffer>
200007ec:	e5c6      	b.n	2000037c <dcd_rp2040_irq+0x68>
200007ee:	0020      	movs	r0, r4
200007f0:	2200      	movs	r2, #0
200007f2:	30e1      	adds	r0, #225	@ 0xe1
200007f4:	30ff      	adds	r0, #255	@ 0xff
200007f6:	54e2      	strb	r2, [r4, r3]
200007f8:	003e      	movs	r6, r7
200007fa:	f000 f951 	bl	20000aa0 <hw_endpoint_start_next_buffer>
200007fe:	e5c9      	b.n	20000394 <dcd_rp2040_irq+0x80>
20000800:	0020      	movs	r0, r4
20000802:	2200      	movs	r2, #0
20000804:	30e0      	adds	r0, #224	@ 0xe0
20000806:	54e2      	strb	r2, [r4, r3]
20000808:	003e      	movs	r6, r7
2000080a:	f000 f949 	bl	20000aa0 <hw_endpoint_start_next_buffer>
2000080e:	e5a9      	b.n	20000364 <dcd_rp2040_irq+0x50>
20000810:	2200      	movs	r2, #0
20000812:	54e2      	strb	r2, [r4, r3]
20000814:	3b1c      	subs	r3, #28
20000816:	18e0      	adds	r0, r4, r3
20000818:	f000 f942 	bl	20000aa0 <hw_endpoint_start_next_buffer>
2000081c:	e754      	b.n	200006c8 <dcd_rp2040_irq+0x3b4>
2000081e:	2200      	movs	r2, #0
20000820:	54e2      	strb	r2, [r4, r3]
20000822:	3b1c      	subs	r3, #28
20000824:	18e0      	adds	r0, r4, r3
20000826:	f000 f93b 	bl	20000aa0 <hw_endpoint_start_next_buffer>
2000082a:	e782      	b.n	20000732 <dcd_rp2040_irq+0x41e>
2000082c:	0031      	movs	r1, r6
2000082e:	480a      	ldr	r0, [pc, #40]	@ (20000858 <dcd_rp2040_irq+0x544>)
20000830:	4069      	eors	r1, r5
20000832:	f000 fb85 	bl	20000f40 <__panic_veneer>
20000836:	46c0      	nop			@ (mov r8, r8)
20000838:	0000023a 	.word	0x0000023a
2000083c:	000002ba 	.word	0x000002ba
20000840:	0000037a 	.word	0x0000037a
20000844:	000003bb 	.word	0x000003bb
20000848:	000003ba 	.word	0x000003ba
2000084c:	000003fb 	.word	0x000003fb
20000850:	000003fa 	.word	0x000003fa
20000854:	0000033a 	.word	0x0000033a
20000858:	100043fc 	.word	0x100043fc

2000085c <prepare_ep_buffer>:
2000085c:	b5f0      	push	{r4, r5, r6, r7, lr}
2000085e:	46c6      	mov	lr, r8
20000860:	b500      	push	{lr}
20000862:	0002      	movs	r2, r0
20000864:	8a83      	ldrh	r3, [r0, #20]
20000866:	8b00      	ldrh	r0, [r0, #24]
20000868:	468c      	mov	ip, r1
2000086a:	1c01      	adds	r1, r0, #0
2000086c:	4298      	cmp	r0, r3
2000086e:	d900      	bls.n	20000872 <prepare_ep_buffer+0x16>
20000870:	1c19      	adds	r1, r3, #0
20000872:	78d4      	ldrb	r4, [r2, #3]
20000874:	2580      	movs	r5, #128	@ 0x80
20000876:	0020      	movs	r0, r4
20000878:	1e46      	subs	r6, r0, #1
2000087a:	41b0      	sbcs	r0, r6
2000087c:	b289      	uxth	r1, r1
2000087e:	00ed      	lsls	r5, r5, #3
20000880:	430d      	orrs	r5, r1
20000882:	0340      	lsls	r0, r0, #13
20000884:	4328      	orrs	r0, r5
20000886:	2501      	movs	r5, #1
20000888:	406c      	eors	r4, r5
2000088a:	1a5b      	subs	r3, r3, r1
2000088c:	70d4      	strb	r4, [r2, #3]
2000088e:	7854      	ldrb	r4, [r2, #1]
20000890:	b29b      	uxth	r3, r3
20000892:	8293      	strh	r3, [r2, #20]
20000894:	2c00      	cmp	r4, #0
20000896:	d131      	bne.n	200008fc <prepare_ep_buffer+0xa0>
20000898:	4664      	mov	r4, ip
2000089a:	68d5      	ldr	r5, [r2, #12]
2000089c:	01a4      	lsls	r4, r4, #6
2000089e:	1e4e      	subs	r6, r1, #1
200008a0:	192d      	adds	r5, r5, r4
200008a2:	46b0      	mov	r8, r6
200008a4:	6914      	ldr	r4, [r2, #16]
200008a6:	2900      	cmp	r1, #0
200008a8:	d023      	beq.n	200008f2 <prepare_ep_buffer+0x96>
200008aa:	2e06      	cmp	r6, #6
200008ac:	d932      	bls.n	20000914 <prepare_ep_buffer+0xb8>
200008ae:	002b      	movs	r3, r5
200008b0:	4323      	orrs	r3, r4
200008b2:	079b      	lsls	r3, r3, #30
200008b4:	d12e      	bne.n	20000914 <prepare_ep_buffer+0xb8>
200008b6:	1c63      	adds	r3, r4, #1
200008b8:	1aeb      	subs	r3, r5, r3
200008ba:	2b02      	cmp	r3, #2
200008bc:	d92a      	bls.n	20000914 <prepare_ep_buffer+0xb8>
200008be:	2300      	movs	r3, #0
200008c0:	088f      	lsrs	r7, r1, #2
200008c2:	00bf      	lsls	r7, r7, #2
200008c4:	58e6      	ldr	r6, [r4, r3]
200008c6:	50ee      	str	r6, [r5, r3]
200008c8:	3304      	adds	r3, #4
200008ca:	429f      	cmp	r7, r3
200008cc:	d1fa      	bne.n	200008c4 <prepare_ep_buffer+0x68>
200008ce:	4643      	mov	r3, r8
200008d0:	19ed      	adds	r5, r5, r7
200008d2:	1bdb      	subs	r3, r3, r7
200008d4:	19e4      	adds	r4, r4, r7
200008d6:	42b9      	cmp	r1, r7
200008d8:	d009      	beq.n	200008ee <prepare_ep_buffer+0x92>
200008da:	7826      	ldrb	r6, [r4, #0]
200008dc:	702e      	strb	r6, [r5, #0]
200008de:	2b00      	cmp	r3, #0
200008e0:	d005      	beq.n	200008ee <prepare_ep_buffer+0x92>
200008e2:	7866      	ldrb	r6, [r4, #1]
200008e4:	706e      	strb	r6, [r5, #1]
200008e6:	2b01      	cmp	r3, #1
200008e8:	d001      	beq.n	200008ee <prepare_ep_buffer+0x92>
200008ea:	78a3      	ldrb	r3, [r4, #2]
200008ec:	70ab      	strb	r3, [r5, #2]
200008ee:	6914      	ldr	r4, [r2, #16]
200008f0:	8a93      	ldrh	r3, [r2, #20]
200008f2:	1864      	adds	r4, r4, r1
200008f4:	6114      	str	r4, [r2, #16]
200008f6:	2280      	movs	r2, #128	@ 0x80
200008f8:	0212      	lsls	r2, r2, #8
200008fa:	4310      	orrs	r0, r2
200008fc:	2b00      	cmp	r3, #0
200008fe:	d102      	bne.n	20000906 <prepare_ep_buffer+0xaa>
20000900:	2380      	movs	r3, #128	@ 0x80
20000902:	01db      	lsls	r3, r3, #7
20000904:	4318      	orrs	r0, r3
20000906:	4663      	mov	r3, ip
20000908:	2b00      	cmp	r3, #0
2000090a:	d000      	beq.n	2000090e <prepare_ep_buffer+0xb2>
2000090c:	0400      	lsls	r0, r0, #16
2000090e:	bc80      	pop	{r7}
20000910:	46b8      	mov	r8, r7
20000912:	bdf0      	pop	{r4, r5, r6, r7, pc}
20000914:	2300      	movs	r3, #0
20000916:	5ce6      	ldrb	r6, [r4, r3]
20000918:	54ee      	strb	r6, [r5, r3]
2000091a:	3301      	adds	r3, #1
2000091c:	4299      	cmp	r1, r3
2000091e:	d1fa      	bne.n	20000916 <prepare_ep_buffer+0xba>
20000920:	e7e5      	b.n	200008ee <prepare_ep_buffer+0x92>
20000922:	46c0      	nop			@ (mov r8, r8)

20000924 <sync_ep_buffer>:
20000924:	6883      	ldr	r3, [r0, #8]
20000926:	b5f0      	push	{r4, r5, r6, r7, lr}
20000928:	681a      	ldr	r2, [r3, #0]
2000092a:	0004      	movs	r4, r0
2000092c:	2900      	cmp	r1, #0
2000092e:	d000      	beq.n	20000932 <sync_ep_buffer+0xe>
20000930:	0c12      	lsrs	r2, r2, #16
20000932:	7863      	ldrb	r3, [r4, #1]
20000934:	0592      	lsls	r2, r2, #22
20000936:	0d90      	lsrs	r0, r2, #22
20000938:	2b00      	cmp	r3, #0
2000093a:	d108      	bne.n	2000094e <sync_ep_buffer+0x2a>
2000093c:	8ae3      	ldrh	r3, [r4, #22]
2000093e:	18c3      	adds	r3, r0, r3
20000940:	82e3      	strh	r3, [r4, #22]
20000942:	8b23      	ldrh	r3, [r4, #24]
20000944:	4283      	cmp	r3, r0
20000946:	d901      	bls.n	2000094c <sync_ep_buffer+0x28>
20000948:	2300      	movs	r3, #0
2000094a:	82a3      	strh	r3, [r4, #20]
2000094c:	bdf0      	pop	{r4, r5, r6, r7, pc}
2000094e:	68e3      	ldr	r3, [r4, #12]
20000950:	0189      	lsls	r1, r1, #6
20000952:	6925      	ldr	r5, [r4, #16]
20000954:	185e      	adds	r6, r3, r1
20000956:	1e47      	subs	r7, r0, #1
20000958:	2800      	cmp	r0, #0
2000095a:	d022      	beq.n	200009a2 <sync_ep_buffer+0x7e>
2000095c:	2f06      	cmp	r7, #6
2000095e:	d926      	bls.n	200009ae <sync_ep_buffer+0x8a>
20000960:	3101      	adds	r1, #1
20000962:	185b      	adds	r3, r3, r1
20000964:	1aeb      	subs	r3, r5, r3
20000966:	2b02      	cmp	r3, #2
20000968:	d921      	bls.n	200009ae <sync_ep_buffer+0x8a>
2000096a:	002b      	movs	r3, r5
2000096c:	4333      	orrs	r3, r6
2000096e:	079b      	lsls	r3, r3, #30
20000970:	d11d      	bne.n	200009ae <sync_ep_buffer+0x8a>
20000972:	2300      	movs	r3, #0
20000974:	0e12      	lsrs	r2, r2, #24
20000976:	0092      	lsls	r2, r2, #2
20000978:	58f1      	ldr	r1, [r6, r3]
2000097a:	50e9      	str	r1, [r5, r3]
2000097c:	3304      	adds	r3, #4
2000097e:	429a      	cmp	r2, r3
20000980:	d1fa      	bne.n	20000978 <sync_ep_buffer+0x54>
20000982:	1abf      	subs	r7, r7, r2
20000984:	18ad      	adds	r5, r5, r2
20000986:	18b6      	adds	r6, r6, r2
20000988:	4290      	cmp	r0, r2
2000098a:	d009      	beq.n	200009a0 <sync_ep_buffer+0x7c>
2000098c:	7832      	ldrb	r2, [r6, #0]
2000098e:	702a      	strb	r2, [r5, #0]
20000990:	2f00      	cmp	r7, #0
20000992:	d005      	beq.n	200009a0 <sync_ep_buffer+0x7c>
20000994:	7872      	ldrb	r2, [r6, #1]
20000996:	706a      	strb	r2, [r5, #1]
20000998:	2f01      	cmp	r7, #1
2000099a:	d001      	beq.n	200009a0 <sync_ep_buffer+0x7c>
2000099c:	78b2      	ldrb	r2, [r6, #2]
2000099e:	70aa      	strb	r2, [r5, #2]
200009a0:	6925      	ldr	r5, [r4, #16]
200009a2:	8ae3      	ldrh	r3, [r4, #22]
200009a4:	182d      	adds	r5, r5, r0
200009a6:	18c3      	adds	r3, r0, r3
200009a8:	82e3      	strh	r3, [r4, #22]
200009aa:	6125      	str	r5, [r4, #16]
200009ac:	e7c9      	b.n	20000942 <sync_ep_buffer+0x1e>
200009ae:	2200      	movs	r2, #0
200009b0:	5cb3      	ldrb	r3, [r6, r2]
200009b2:	54ab      	strb	r3, [r5, r2]
200009b4:	3201      	adds	r2, #1
200009b6:	4290      	cmp	r0, r2
200009b8:	d1fa      	bne.n	200009b0 <sync_ep_buffer+0x8c>
200009ba:	6925      	ldr	r5, [r4, #16]
200009bc:	e7f1      	b.n	200009a2 <sync_ep_buffer+0x7e>
200009be:	46c0      	nop			@ (mov r8, r8)

200009c0 <_hw_endpoint_xfer_sync>:
200009c0:	b510      	push	{r4, lr}
200009c2:	0004      	movs	r4, r0
200009c4:	6883      	ldr	r3, [r0, #8]
200009c6:	2100      	movs	r1, #0
200009c8:	681b      	ldr	r3, [r3, #0]
200009ca:	f7ff ffab 	bl	20000924 <sync_ep_buffer>
200009ce:	6863      	ldr	r3, [r4, #4]
200009d0:	681b      	ldr	r3, [r3, #0]
200009d2:	005b      	lsls	r3, r3, #1
200009d4:	d502      	bpl.n	200009dc <_hw_endpoint_xfer_sync+0x1c>
200009d6:	8b23      	ldrh	r3, [r4, #24]
200009d8:	4283      	cmp	r3, r0
200009da:	d000      	beq.n	200009de <_hw_endpoint_xfer_sync+0x1e>
200009dc:	bd10      	pop	{r4, pc}
200009de:	2101      	movs	r1, #1
200009e0:	0020      	movs	r0, r4
200009e2:	f7ff ff9f 	bl	20000924 <sync_ep_buffer>
200009e6:	e7f9      	b.n	200009dc <_hw_endpoint_xfer_sync+0x1c>

200009e8 <e15_is_bulkin_ep>:
200009e8:	4a08      	ldr	r2, [pc, #32]	@ (20000a0c <e15_is_bulkin_ep+0x24>)
200009ea:	0003      	movs	r3, r0
200009ec:	6c12      	ldr	r2, [r2, #64]	@ 0x40
200009ee:	2000      	movs	r0, #0
200009f0:	0792      	lsls	r2, r2, #30
200009f2:	d403      	bmi.n	200009fc <e15_is_bulkin_ep+0x14>
200009f4:	789a      	ldrb	r2, [r3, #2]
200009f6:	09d2      	lsrs	r2, r2, #7
200009f8:	2a01      	cmp	r2, #1
200009fa:	d000      	beq.n	200009fe <e15_is_bulkin_ep+0x16>
200009fc:	4770      	bx	lr
200009fe:	7ed8      	ldrb	r0, [r3, #27]
20000a00:	3802      	subs	r0, #2
20000a02:	4243      	negs	r3, r0
20000a04:	4158      	adcs	r0, r3
20000a06:	b2c0      	uxtb	r0, r0
20000a08:	e7f8      	b.n	200009fc <e15_is_bulkin_ep+0x14>
20000a0a:	46c0      	nop			@ (mov r8, r8)
20000a0c:	50110000 	.word	0x50110000

20000a10 <e15_is_critical_frame_period>:
20000a10:	b510      	push	{r4, lr}
20000a12:	f7ff ffe9 	bl	200009e8 <e15_is_bulkin_ep>
20000a16:	2800      	cmp	r0, #0
20000a18:	d00c      	beq.n	20000a34 <e15_is_critical_frame_period+0x24>
20000a1a:	4907      	ldr	r1, [pc, #28]	@ (20000a38 <e15_is_critical_frame_period+0x28>)
20000a1c:	4b07      	ldr	r3, [pc, #28]	@ (20000a3c <e15_is_critical_frame_period+0x2c>)
20000a1e:	468c      	mov	ip, r1
20000a20:	4a07      	ldr	r2, [pc, #28]	@ (20000a40 <e15_is_critical_frame_period+0x30>)
20000a22:	6a9b      	ldr	r3, [r3, #40]	@ 0x28
20000a24:	6812      	ldr	r2, [r2, #0]
20000a26:	4463      	add	r3, ip
20000a28:	1a9b      	subs	r3, r3, r2
20000a2a:	2000      	movs	r0, #0
20000a2c:	22c6      	movs	r2, #198	@ 0xc6
20000a2e:	429a      	cmp	r2, r3
20000a30:	4140      	adcs	r0, r0
20000a32:	b2c0      	uxtb	r0, r0
20000a34:	bd10      	pop	{r4, pc}
20000a36:	46c0      	nop			@ (mov r8, r8)
20000a38:	fffffce0 	.word	0xfffffce0
20000a3c:	40054000 	.word	0x40054000
20000a40:	200018e0 	.word	0x200018e0

20000a44 <hw_endpoint_reset_transfer>:
20000a44:	2300      	movs	r3, #0
20000a46:	7683      	strb	r3, [r0, #26]
20000a48:	6143      	str	r3, [r0, #20]
20000a4a:	6103      	str	r3, [r0, #16]
20000a4c:	4770      	bx	lr
20000a4e:	46c0      	nop			@ (mov r8, r8)

20000a50 <_hw_endpoint_buffer_control_update32>:
20000a50:	b510      	push	{r4, lr}
20000a52:	6883      	ldr	r3, [r0, #8]
20000a54:	2900      	cmp	r1, #0
20000a56:	d001      	beq.n	20000a5c <_hw_endpoint_buffer_control_update32+0xc>
20000a58:	681c      	ldr	r4, [r3, #0]
20000a5a:	4021      	ands	r1, r4
20000a5c:	2a00      	cmp	r2, #0
20000a5e:	d012      	beq.n	20000a86 <_hw_endpoint_buffer_control_update32+0x36>
20000a60:	2480      	movs	r4, #128	@ 0x80
20000a62:	00e4      	lsls	r4, r4, #3
20000a64:	4311      	orrs	r1, r2
20000a66:	4222      	tst	r2, r4
20000a68:	d00d      	beq.n	20000a86 <_hw_endpoint_buffer_control_update32+0x36>
20000a6a:	681a      	ldr	r2, [r3, #0]
20000a6c:	4222      	tst	r2, r4
20000a6e:	d10c      	bne.n	20000a8a <_hw_endpoint_buffer_control_update32+0x3a>
20000a70:	4a08      	ldr	r2, [pc, #32]	@ (20000a94 <_hw_endpoint_buffer_control_update32+0x44>)
20000a72:	400a      	ands	r2, r1
20000a74:	601a      	str	r2, [r3, #0]
20000a76:	4a08      	ldr	r2, [pc, #32]	@ (20000a98 <_hw_endpoint_buffer_control_update32+0x48>)
20000a78:	6c12      	ldr	r2, [r2, #64]	@ 0x40
20000a7a:	0792      	lsls	r2, r2, #30
20000a7c:	d403      	bmi.n	20000a86 <_hw_endpoint_buffer_control_update32+0x36>
20000a7e:	230c      	movs	r3, #12
20000a80:	3b03      	subs	r3, #3
20000a82:	d2fd      	bcs.n	20000a80 <_hw_endpoint_buffer_control_update32+0x30>
20000a84:	6883      	ldr	r3, [r0, #8]
20000a86:	6019      	str	r1, [r3, #0]
20000a88:	bd10      	pop	{r4, pc}
20000a8a:	7881      	ldrb	r1, [r0, #2]
20000a8c:	4803      	ldr	r0, [pc, #12]	@ (20000a9c <_hw_endpoint_buffer_control_update32+0x4c>)
20000a8e:	f000 fa57 	bl	20000f40 <__panic_veneer>
20000a92:	46c0      	nop			@ (mov r8, r8)
20000a94:	fffffbff 	.word	0xfffffbff
20000a98:	50110000 	.word	0x50110000
20000a9c:	10004410 	.word	0x10004410

20000aa0 <hw_endpoint_start_next_buffer>:
20000aa0:	6843      	ldr	r3, [r0, #4]
20000aa2:	b570      	push	{r4, r5, r6, lr}
20000aa4:	2100      	movs	r1, #0
20000aa6:	2580      	movs	r5, #128	@ 0x80
20000aa8:	0004      	movs	r4, r0
20000aaa:	681e      	ldr	r6, [r3, #0]
20000aac:	f7ff fed6 	bl	2000085c <prepare_ep_buffer>
20000ab0:	4b12      	ldr	r3, [pc, #72]	@ (20000afc <hw_endpoint_start_next_buffer+0x5c>)
20000ab2:	016d      	lsls	r5, r5, #5
20000ab4:	6c1a      	ldr	r2, [r3, #64]	@ 0x40
20000ab6:	4305      	orrs	r5, r0
20000ab8:	78a3      	ldrb	r3, [r4, #2]
20000aba:	0792      	lsls	r2, r2, #30
20000abc:	d50e      	bpl.n	20000adc <hw_endpoint_start_next_buffer+0x3c>
20000abe:	065b      	lsls	r3, r3, #25
20000ac0:	d00e      	beq.n	20000ae0 <hw_endpoint_start_next_buffer+0x40>
20000ac2:	4b0f      	ldr	r3, [pc, #60]	@ (20000b00 <hw_endpoint_start_next_buffer+0x60>)
20000ac4:	401e      	ands	r6, r3
20000ac6:	2380      	movs	r3, #128	@ 0x80
20000ac8:	059b      	lsls	r3, r3, #22
20000aca:	4333      	orrs	r3, r6
20000acc:	6862      	ldr	r2, [r4, #4]
20000ace:	2100      	movs	r1, #0
20000ad0:	6013      	str	r3, [r2, #0]
20000ad2:	0020      	movs	r0, r4
20000ad4:	002a      	movs	r2, r5
20000ad6:	f7ff ffbb 	bl	20000a50 <_hw_endpoint_buffer_control_update32>
20000ada:	bd70      	pop	{r4, r5, r6, pc}
20000adc:	09db      	lsrs	r3, r3, #7
20000ade:	d0f0      	beq.n	20000ac2 <hw_endpoint_start_next_buffer+0x22>
20000ae0:	8aa3      	ldrh	r3, [r4, #20]
20000ae2:	2b00      	cmp	r3, #0
20000ae4:	d0ed      	beq.n	20000ac2 <hw_endpoint_start_next_buffer+0x22>
20000ae6:	2101      	movs	r1, #1
20000ae8:	0020      	movs	r0, r4
20000aea:	f7ff feb7 	bl	2000085c <prepare_ep_buffer>
20000aee:	23a0      	movs	r3, #160	@ 0xa0
20000af0:	4a04      	ldr	r2, [pc, #16]	@ (20000b04 <hw_endpoint_start_next_buffer+0x64>)
20000af2:	05db      	lsls	r3, r3, #23
20000af4:	4032      	ands	r2, r6
20000af6:	4305      	orrs	r5, r0
20000af8:	4313      	orrs	r3, r2
20000afa:	e7e7      	b.n	20000acc <hw_endpoint_start_next_buffer+0x2c>
20000afc:	50110000 	.word	0x50110000
20000b00:	afffffff 	.word	0xafffffff
20000b04:	dfffffff 	.word	0xdfffffff

20000b08 <hw_endpoint_xfer_continue>:
20000b08:	b570      	push	{r4, r5, r6, lr}
20000b0a:	7e85      	ldrb	r5, [r0, #26]
20000b0c:	0004      	movs	r4, r0
20000b0e:	2d00      	cmp	r5, #0
20000b10:	d014      	beq.n	20000b3c <hw_endpoint_xfer_continue+0x34>
20000b12:	f7ff ff55 	bl	200009c0 <_hw_endpoint_xfer_sync>
20000b16:	8aa3      	ldrh	r3, [r4, #20]
20000b18:	2b00      	cmp	r3, #0
20000b1a:	d101      	bne.n	20000b20 <hw_endpoint_xfer_continue+0x18>
20000b1c:	0028      	movs	r0, r5
20000b1e:	bd70      	pop	{r4, r5, r6, pc}
20000b20:	0020      	movs	r0, r4
20000b22:	f7ff ff75 	bl	20000a10 <e15_is_critical_frame_period>
20000b26:	2800      	cmp	r0, #0
20000b28:	d003      	beq.n	20000b32 <hw_endpoint_xfer_continue+0x2a>
20000b2a:	2301      	movs	r3, #1
20000b2c:	2500      	movs	r5, #0
20000b2e:	7723      	strb	r3, [r4, #28]
20000b30:	e7f4      	b.n	20000b1c <hw_endpoint_xfer_continue+0x14>
20000b32:	0020      	movs	r0, r4
20000b34:	f7ff ffb4 	bl	20000aa0 <hw_endpoint_start_next_buffer>
20000b38:	2500      	movs	r5, #0
20000b3a:	e7ef      	b.n	20000b1c <hw_endpoint_xfer_continue+0x14>
20000b3c:	7881      	ldrb	r1, [r0, #2]
20000b3e:	4801      	ldr	r0, [pc, #4]	@ (20000b44 <hw_endpoint_xfer_continue+0x3c>)
20000b40:	f000 f9fe 	bl	20000f40 <__panic_veneer>
20000b44:	10004430 	.word	0x10004430

20000b48 <dcd_event_handler>:
20000b48:	b5f0      	push	{r4, r5, r6, r7, lr}
20000b4a:	46ce      	mov	lr, r9
20000b4c:	4647      	mov	r7, r8
20000b4e:	b580      	push	{r7, lr}
20000b50:	7843      	ldrb	r3, [r0, #1]
20000b52:	0005      	movs	r5, r0
20000b54:	000e      	movs	r6, r1
20000b56:	b085      	sub	sp, #20
20000b58:	2b06      	cmp	r3, #6
20000b5a:	d808      	bhi.n	20000b6e <dcd_event_handler+0x26>
20000b5c:	4a6b      	ldr	r2, [pc, #428]	@ (20000d0c <dcd_event_handler+0x1c4>)
20000b5e:	009b      	lsls	r3, r3, #2
20000b60:	58d3      	ldr	r3, [r2, r3]
20000b62:	469f      	mov	pc, r3
20000b64:	4a6a      	ldr	r2, [pc, #424]	@ (20000d10 <dcd_event_handler+0x1c8>)
20000b66:	7813      	ldrb	r3, [r2, #0]
20000b68:	3301      	adds	r3, #1
20000b6a:	b2db      	uxtb	r3, r3
20000b6c:	7013      	strb	r3, [r2, #0]
20000b6e:	4b69      	ldr	r3, [pc, #420]	@ (20000d14 <dcd_event_handler+0x1cc>)
20000b70:	681c      	ldr	r4, [r3, #0]
20000b72:	6962      	ldr	r2, [r4, #20]
20000b74:	f3ef 8110 	mrs	r1, PRIMASK
20000b78:	b672      	cpsid	i
20000b7a:	6813      	ldr	r3, [r2, #0]
20000b7c:	2b00      	cmp	r3, #0
20000b7e:	d0fc      	beq.n	20000b7a <dcd_event_handler+0x32>
20000b80:	f3bf 8f5f 	dmb	sy
20000b84:	61a1      	str	r1, [r4, #24]
20000b86:	0020      	movs	r0, r4
20000b88:	0029      	movs	r1, r5
20000b8a:	f000 fa01 	bl	20000f90 <__tu_fifo_write_veneer>
20000b8e:	6962      	ldr	r2, [r4, #20]
20000b90:	69a3      	ldr	r3, [r4, #24]
20000b92:	f3bf 8f5f 	dmb	sy
20000b96:	2100      	movs	r1, #0
20000b98:	6011      	str	r1, [r2, #0]
20000b9a:	f383 8810 	msr	PRIMASK, r3
20000b9e:	2800      	cmp	r0, #0
20000ba0:	d104      	bne.n	20000bac <dcd_event_handler+0x64>
20000ba2:	b005      	add	sp, #20
20000ba4:	bcc0      	pop	{r6, r7}
20000ba6:	46b9      	mov	r9, r7
20000ba8:	46b0      	mov	r8, r6
20000baa:	bdf0      	pop	{r4, r5, r6, r7, pc}
20000bac:	0032      	movs	r2, r6
20000bae:	7869      	ldrb	r1, [r5, #1]
20000bb0:	7828      	ldrb	r0, [r5, #0]
20000bb2:	f000 f9dd 	bl	20000f70 <__tud_event_hook_cb_veneer>
20000bb6:	e7f4      	b.n	20000ba2 <dcd_event_handler+0x5a>
20000bb8:	2101      	movs	r1, #1
20000bba:	4b57      	ldr	r3, [pc, #348]	@ (20000d18 <dcd_event_handler+0x1d0>)
20000bbc:	781a      	ldrb	r2, [r3, #0]
20000bbe:	438a      	bics	r2, r1
20000bc0:	701a      	strb	r2, [r3, #0]
20000bc2:	781a      	ldrb	r2, [r3, #0]
20000bc4:	3101      	adds	r1, #1
20000bc6:	438a      	bics	r2, r1
20000bc8:	701a      	strb	r2, [r3, #0]
20000bca:	2200      	movs	r2, #0
20000bcc:	705a      	strb	r2, [r3, #1]
20000bce:	781a      	ldrb	r2, [r3, #0]
20000bd0:	3102      	adds	r1, #2
20000bd2:	438a      	bics	r2, r1
20000bd4:	701a      	strb	r2, [r3, #0]
20000bd6:	e7ca      	b.n	20000b6e <dcd_event_handler+0x26>
20000bd8:	4b50      	ldr	r3, [pc, #320]	@ (20000d1c <dcd_event_handler+0x1d4>)
20000bda:	4f51      	ldr	r7, [pc, #324]	@ (20000d20 <dcd_event_handler+0x1d8>)
20000bdc:	4699      	mov	r9, r3
20000bde:	4b51      	ldr	r3, [pc, #324]	@ (20000d24 <dcd_event_handler+0x1dc>)
20000be0:	2400      	movs	r4, #0
20000be2:	4698      	mov	r8, r3
20000be4:	783a      	ldrb	r2, [r7, #0]
20000be6:	e010      	b.n	20000c0a <dcd_event_handler+0xc2>
20000be8:	4643      	mov	r3, r8
20000bea:	681b      	ldr	r3, [r3, #0]
20000bec:	0161      	lsls	r1, r4, #5
20000bee:	185b      	adds	r3, r3, r1
20000bf0:	2b00      	cmp	r3, #0
20000bf2:	d006      	beq.n	20000c02 <dcd_event_handler+0xba>
20000bf4:	69db      	ldr	r3, [r3, #28]
20000bf6:	2b00      	cmp	r3, #0
20000bf8:	d003      	beq.n	20000c02 <dcd_event_handler+0xba>
20000bfa:	6869      	ldr	r1, [r5, #4]
20000bfc:	7828      	ldrb	r0, [r5, #0]
20000bfe:	4798      	blx	r3
20000c00:	783a      	ldrb	r2, [r7, #0]
20000c02:	3401      	adds	r4, #1
20000c04:	b2e4      	uxtb	r4, r4
20000c06:	4294      	cmp	r4, r2
20000c08:	d817      	bhi.n	20000c3a <dcd_event_handler+0xf2>
20000c0a:	42a2      	cmp	r2, r4
20000c0c:	d8ec      	bhi.n	20000be8 <dcd_event_handler+0xa0>
20000c0e:	1aa3      	subs	r3, r4, r2
20000c10:	015b      	lsls	r3, r3, #5
20000c12:	444b      	add	r3, r9
20000c14:	e7ee      	b.n	20000bf4 <dcd_event_handler+0xac>
20000c16:	4b40      	ldr	r3, [pc, #256]	@ (20000d18 <dcd_event_handler+0x1d0>)
20000c18:	781a      	ldrb	r2, [r3, #0]
20000c1a:	07d2      	lsls	r2, r2, #31
20000c1c:	d5c1      	bpl.n	20000ba2 <dcd_event_handler+0x5a>
20000c1e:	2104      	movs	r1, #4
20000c20:	781a      	ldrb	r2, [r3, #0]
20000c22:	430a      	orrs	r2, r1
20000c24:	701a      	strb	r2, [r3, #0]
20000c26:	e7a2      	b.n	20000b6e <dcd_event_handler+0x26>
20000c28:	4b3b      	ldr	r3, [pc, #236]	@ (20000d18 <dcd_event_handler+0x1d0>)
20000c2a:	781a      	ldrb	r2, [r3, #0]
20000c2c:	07d2      	lsls	r2, r2, #31
20000c2e:	d5b8      	bpl.n	20000ba2 <dcd_event_handler+0x5a>
20000c30:	2104      	movs	r1, #4
20000c32:	781a      	ldrb	r2, [r3, #0]
20000c34:	438a      	bics	r2, r1
20000c36:	701a      	strb	r2, [r3, #0]
20000c38:	e799      	b.n	20000b6e <dcd_event_handler+0x26>
20000c3a:	4f37      	ldr	r7, [pc, #220]	@ (20000d18 <dcd_event_handler+0x1d0>)
20000c3c:	783b      	ldrb	r3, [r7, #0]
20000c3e:	075b      	lsls	r3, r3, #29
20000c40:	d52b      	bpl.n	20000c9a <dcd_event_handler+0x152>
20000c42:	2204      	movs	r2, #4
20000c44:	783b      	ldrb	r3, [r7, #0]
20000c46:	2100      	movs	r1, #0
20000c48:	4393      	bics	r3, r2
20000c4a:	703b      	strb	r3, [r7, #0]
20000c4c:	466b      	mov	r3, sp
20000c4e:	3206      	adds	r2, #6
20000c50:	1d98      	adds	r0, r3, #6
20000c52:	f000 f965 	bl	20000f20 <____wrap_memset_veneer>
20000c56:	782b      	ldrb	r3, [r5, #0]
20000c58:	ac01      	add	r4, sp, #4
20000c5a:	7023      	strb	r3, [r4, #0]
20000c5c:	2305      	movs	r3, #5
20000c5e:	7063      	strb	r3, [r4, #1]
20000c60:	4b2c      	ldr	r3, [pc, #176]	@ (20000d14 <dcd_event_handler+0x1cc>)
20000c62:	681b      	ldr	r3, [r3, #0]
20000c64:	4698      	mov	r8, r3
20000c66:	695a      	ldr	r2, [r3, #20]
20000c68:	f3ef 8110 	mrs	r1, PRIMASK
20000c6c:	b672      	cpsid	i
20000c6e:	6813      	ldr	r3, [r2, #0]
20000c70:	2b00      	cmp	r3, #0
20000c72:	d0fc      	beq.n	20000c6e <dcd_event_handler+0x126>
20000c74:	f3bf 8f5f 	dmb	sy
20000c78:	4643      	mov	r3, r8
20000c7a:	4640      	mov	r0, r8
20000c7c:	6199      	str	r1, [r3, #24]
20000c7e:	0021      	movs	r1, r4
20000c80:	f000 f986 	bl	20000f90 <__tu_fifo_write_veneer>
20000c84:	4643      	mov	r3, r8
20000c86:	695a      	ldr	r2, [r3, #20]
20000c88:	699b      	ldr	r3, [r3, #24]
20000c8a:	f3bf 8f5f 	dmb	sy
20000c8e:	2100      	movs	r1, #0
20000c90:	6011      	str	r1, [r2, #0]
20000c92:	f383 8810 	msr	PRIMASK, r3
20000c96:	2800      	cmp	r0, #0
20000c98:	d131      	bne.n	20000cfe <dcd_event_handler+0x1b6>
20000c9a:	78fb      	ldrb	r3, [r7, #3]
20000c9c:	07db      	lsls	r3, r3, #31
20000c9e:	d400      	bmi.n	20000ca2 <dcd_event_handler+0x15a>
20000ca0:	e77f      	b.n	20000ba2 <dcd_event_handler+0x5a>
20000ca2:	466b      	mov	r3, sp
20000ca4:	220a      	movs	r2, #10
20000ca6:	2100      	movs	r1, #0
20000ca8:	1d98      	adds	r0, r3, #6
20000caa:	f000 f939 	bl	20000f20 <____wrap_memset_veneer>
20000cae:	782b      	ldrb	r3, [r5, #0]
20000cb0:	ac01      	add	r4, sp, #4
20000cb2:	7023      	strb	r3, [r4, #0]
20000cb4:	2303      	movs	r3, #3
20000cb6:	7063      	strb	r3, [r4, #1]
20000cb8:	686b      	ldr	r3, [r5, #4]
20000cba:	6063      	str	r3, [r4, #4]
20000cbc:	4b15      	ldr	r3, [pc, #84]	@ (20000d14 <dcd_event_handler+0x1cc>)
20000cbe:	681d      	ldr	r5, [r3, #0]
20000cc0:	696a      	ldr	r2, [r5, #20]
20000cc2:	f3ef 8110 	mrs	r1, PRIMASK
20000cc6:	b672      	cpsid	i
20000cc8:	6813      	ldr	r3, [r2, #0]
20000cca:	2b00      	cmp	r3, #0
20000ccc:	d0fc      	beq.n	20000cc8 <dcd_event_handler+0x180>
20000cce:	f3bf 8f5f 	dmb	sy
20000cd2:	61a9      	str	r1, [r5, #24]
20000cd4:	0028      	movs	r0, r5
20000cd6:	0021      	movs	r1, r4
20000cd8:	f000 f95a 	bl	20000f90 <__tu_fifo_write_veneer>
20000cdc:	696a      	ldr	r2, [r5, #20]
20000cde:	69ab      	ldr	r3, [r5, #24]
20000ce0:	f3bf 8f5f 	dmb	sy
20000ce4:	2100      	movs	r1, #0
20000ce6:	6011      	str	r1, [r2, #0]
20000ce8:	f383 8810 	msr	PRIMASK, r3
20000cec:	2800      	cmp	r0, #0
20000cee:	d100      	bne.n	20000cf2 <dcd_event_handler+0x1aa>
20000cf0:	e757      	b.n	20000ba2 <dcd_event_handler+0x5a>
20000cf2:	0032      	movs	r2, r6
20000cf4:	7861      	ldrb	r1, [r4, #1]
20000cf6:	7820      	ldrb	r0, [r4, #0]
20000cf8:	f000 f93a 	bl	20000f70 <__tud_event_hook_cb_veneer>
20000cfc:	e751      	b.n	20000ba2 <dcd_event_handler+0x5a>
20000cfe:	0032      	movs	r2, r6
20000d00:	7861      	ldrb	r1, [r4, #1]
20000d02:	7820      	ldrb	r0, [r4, #0]
20000d04:	f000 f934 	bl	20000f70 <__tud_event_hook_cb_veneer>
20000d08:	e7c7      	b.n	20000c9a <dcd_event_handler+0x152>
20000d0a:	46c0      	nop			@ (mov r8, r8)
20000d0c:	100045cc 	.word	0x100045cc
20000d10:	20001d3a 	.word	0x20001d3a
20000d14:	200016d8 	.word	0x200016d8
20000d18:	20001680 	.word	0x20001680
20000d1c:	100045e8 	.word	0x100045e8
20000d20:	20001d38 	.word	0x20001d38
20000d24:	200015a0 	.word	0x200015a0

20000d28 <flash_init_boot2_copyout>:
20000d28:	b510      	push	{r4, lr}
20000d2a:	4c08      	ldr	r4, [pc, #32]	@ (20000d4c <flash_init_boot2_copyout+0x24>)
20000d2c:	7823      	ldrb	r3, [r4, #0]
20000d2e:	2b00      	cmp	r3, #0
20000d30:	d10a      	bne.n	20000d48 <flash_init_boot2_copyout+0x20>
20000d32:	2380      	movs	r3, #128	@ 0x80
20000d34:	4806      	ldr	r0, [pc, #24]	@ (20000d50 <flash_init_boot2_copyout+0x28>)
20000d36:	4907      	ldr	r1, [pc, #28]	@ (20000d54 <flash_init_boot2_copyout+0x2c>)
20000d38:	055b      	lsls	r3, r3, #21
20000d3a:	681a      	ldr	r2, [r3, #0]
20000d3c:	50c2      	str	r2, [r0, r3]
20000d3e:	3304      	adds	r3, #4
20000d40:	428b      	cmp	r3, r1
20000d42:	d1fa      	bne.n	20000d3a <flash_init_boot2_copyout+0x12>
20000d44:	2301      	movs	r3, #1
20000d46:	7023      	strb	r3, [r4, #0]
20000d48:	bd10      	pop	{r4, pc}
20000d4a:	46c0      	nop			@ (mov r8, r8)
20000d4c:	20001d3b 	.word	0x20001d3b
20000d50:	100017a4 	.word	0x100017a4
20000d54:	10000100 	.word	0x10000100

20000d58 <flash_enable_xip_via_boot2>:
20000d58:	b510      	push	{r4, lr}
20000d5a:	4b01      	ldr	r3, [pc, #4]	@ (20000d60 <flash_enable_xip_via_boot2+0x8>)
20000d5c:	4798      	blx	r3
20000d5e:	bd10      	pop	{r4, pc}
20000d60:	200017a5 	.word	0x200017a5

20000d64 <flash_save_hardware_state>:
20000d64:	4b06      	ldr	r3, [pc, #24]	@ (20000d80 <flash_save_hardware_state+0x1c>)
20000d66:	685a      	ldr	r2, [r3, #4]
20000d68:	6002      	str	r2, [r0, #0]
20000d6a:	689a      	ldr	r2, [r3, #8]
20000d6c:	6042      	str	r2, [r0, #4]
20000d6e:	68da      	ldr	r2, [r3, #12]
20000d70:	6082      	str	r2, [r0, #8]
20000d72:	691a      	ldr	r2, [r3, #16]
20000d74:	60c2      	str	r2, [r0, #12]
20000d76:	695a      	ldr	r2, [r3, #20]
20000d78:	6102      	str	r2, [r0, #16]
20000d7a:	699b      	ldr	r3, [r3, #24]
20000d7c:	6143      	str	r3, [r0, #20]
20000d7e:	4770      	bx	lr
20000d80:	40020000 	.word	0x40020000

20000d84 <flash_restore_hardware_state>:
20000d84:	6802      	ldr	r2, [r0, #0]
20000d86:	4b06      	ldr	r3, [pc, #24]	@ (20000da0 <flash_restore_hardware_state+0x1c>)
20000d88:	605a      	str	r2, [r3, #4]
20000d8a:	6842      	ldr	r2, [r0, #4]
20000d8c:	609a      	str	r2, [r3, #8]
20000d8e:	6882      	ldr	r2, [r0, #8]
20000d90:	60da      	str	r2, [r3, #12]
20000d92:	68c2      	ldr	r2, [r0, #12]
20000d94:	611a      	str	r2, [r3, #16]
20000d96:	6902      	ldr	r2, [r0, #16]
20000d98:	615a      	str	r2, [r3, #20]
20000d9a:	6942      	ldr	r2, [r0, #20]
20000d9c:	619a      	str	r2, [r3, #24]
20000d9e:	4770      	bx	lr
20000da0:	40020000 	.word	0x40020000

20000da4 <flash_cs_force.constprop.0>:
20000da4:	4b03      	ldr	r3, [pc, #12]	@ (20000db4 <flash_cs_force.constprop.0+0x10>)
20000da6:	681a      	ldr	r2, [r3, #0]
20000da8:	23c0      	movs	r3, #192	@ 0xc0
20000daa:	009b      	lsls	r3, r3, #2
20000dac:	4393      	bics	r3, r2
20000dae:	4a02      	ldr	r2, [pc, #8]	@ (20000db8 <flash_cs_force.constprop.0+0x14>)
20000db0:	6013      	str	r3, [r2, #0]
20000db2:	4770      	bx	lr
20000db4:	4001800c 	.word	0x4001800c
20000db8:	4001900c 	.word	0x4001900c

20000dbc <flash_cs_force.constprop.1>:
20000dbc:	4b05      	ldr	r3, [pc, #20]	@ (20000dd4 <flash_cs_force.constprop.1+0x18>)
20000dbe:	681a      	ldr	r2, [r3, #0]
20000dc0:	2380      	movs	r3, #128	@ 0x80
20000dc2:	009b      	lsls	r3, r3, #2
20000dc4:	4053      	eors	r3, r2
20000dc6:	22c0      	movs	r2, #192	@ 0xc0
20000dc8:	0092      	lsls	r2, r2, #2
20000dca:	4013      	ands	r3, r2
20000dcc:	4a02      	ldr	r2, [pc, #8]	@ (20000dd8 <flash_cs_force.constprop.1+0x1c>)
20000dce:	6013      	str	r3, [r2, #0]
20000dd0:	4770      	bx	lr
20000dd2:	46c0      	nop			@ (mov r8, r8)
20000dd4:	4001800c 	.word	0x4001800c
20000dd8:	4001900c 	.word	0x4001900c

20000ddc <flash_do_cmd>:
20000ddc:	2300      	movs	r3, #0
20000dde:	b5f0      	push	{r4, r5, r6, r7, lr}
20000de0:	46de      	mov	lr, fp
20000de2:	4657      	mov	r7, sl
20000de4:	464e      	mov	r6, r9
20000de6:	4645      	mov	r5, r8
20000de8:	469a      	mov	sl, r3
20000dea:	b5e0      	push	{r5, r6, r7, lr}
20000dec:	b089      	sub	sp, #36	@ 0x24
20000dee:	9001      	str	r0, [sp, #4]
20000df0:	000e      	movs	r6, r1
20000df2:	8a98      	ldrh	r0, [r3, #20]
20000df4:	4945      	ldr	r1, [pc, #276]	@ (20000f0c <flash_do_cmd+0x130>)
20000df6:	8b1b      	ldrh	r3, [r3, #24]
20000df8:	0014      	movs	r4, r2
20000dfa:	4798      	blx	r3
20000dfc:	4653      	mov	r3, sl
20000dfe:	4681      	mov	r9, r0
20000e00:	4943      	ldr	r1, [pc, #268]	@ (20000f10 <flash_do_cmd+0x134>)
20000e02:	8a98      	ldrh	r0, [r3, #20]
20000e04:	8b1b      	ldrh	r3, [r3, #24]
20000e06:	4798      	blx	r3
20000e08:	4653      	mov	r3, sl
20000e0a:	4942      	ldr	r1, [pc, #264]	@ (20000f14 <flash_do_cmd+0x138>)
20000e0c:	0005      	movs	r5, r0
20000e0e:	8a98      	ldrh	r0, [r3, #20]
20000e10:	8b1b      	ldrh	r3, [r3, #24]
20000e12:	4798      	blx	r3
20000e14:	4680      	mov	r8, r0
20000e16:	f7ff ff87 	bl	20000d28 <flash_init_boot2_copyout>
20000e1a:	a802      	add	r0, sp, #8
20000e1c:	f7ff ffa2 	bl	20000d64 <flash_save_hardware_state>
20000e20:	47c8      	blx	r9
20000e22:	47a8      	blx	r5
20000e24:	f7ff ffca 	bl	20000dbc <flash_cs_force.constprop.1>
20000e28:	1e25      	subs	r5, r4, #0
20000e2a:	d022      	beq.n	20000e72 <flash_do_cmd+0x96>
20000e2c:	2308      	movs	r3, #8
20000e2e:	21c0      	movs	r1, #192	@ 0xc0
20000e30:	469c      	mov	ip, r3
20000e32:	2002      	movs	r0, #2
20000e34:	0549      	lsls	r1, r1, #21
20000e36:	4662      	mov	r2, ip
20000e38:	6a8b      	ldr	r3, [r1, #40]	@ 0x28
20000e3a:	401a      	ands	r2, r3
20000e3c:	4218      	tst	r0, r3
20000e3e:	d03f      	beq.n	20000ec0 <flash_do_cmd+0xe4>
20000e40:	1b63      	subs	r3, r4, r5
20000e42:	2d00      	cmp	r5, #0
20000e44:	d12f      	bne.n	20000ea6 <flash_do_cmd+0xca>
20000e46:	2a00      	cmp	r2, #0
20000e48:	d111      	bne.n	20000e6e <flash_do_cmd+0x92>
20000e4a:	2c00      	cmp	r4, #0
20000e4c:	d011      	beq.n	20000e72 <flash_do_cmd+0x96>
20000e4e:	23c0      	movs	r3, #192	@ 0xc0
20000e50:	055b      	lsls	r3, r3, #21
20000e52:	469b      	mov	fp, r3
20000e54:	2302      	movs	r3, #2
20000e56:	469a      	mov	sl, r3
20000e58:	3306      	adds	r3, #6
20000e5a:	4699      	mov	r9, r3
20000e5c:	465b      	mov	r3, fp
20000e5e:	464a      	mov	r2, r9
20000e60:	4657      	mov	r7, sl
20000e62:	6a9b      	ldr	r3, [r3, #40]	@ 0x28
20000e64:	401a      	ands	r2, r3
20000e66:	421f      	tst	r7, r3
20000e68:	d042      	beq.n	20000ef0 <flash_do_cmd+0x114>
20000e6a:	2a00      	cmp	r2, #0
20000e6c:	d0f6      	beq.n	20000e5c <flash_do_cmd+0x80>
20000e6e:	2c00      	cmp	r4, #0
20000e70:	d130      	bne.n	20000ed4 <flash_do_cmd+0xf8>
20000e72:	f7ff ff97 	bl	20000da4 <flash_cs_force.constprop.0>
20000e76:	47c0      	blx	r8
20000e78:	f7ff ff6e 	bl	20000d58 <flash_enable_xip_via_boot2>
20000e7c:	a802      	add	r0, sp, #8
20000e7e:	f7ff ff81 	bl	20000d84 <flash_restore_hardware_state>
20000e82:	b009      	add	sp, #36	@ 0x24
20000e84:	bcf0      	pop	{r4, r5, r6, r7}
20000e86:	46bb      	mov	fp, r7
20000e88:	46b2      	mov	sl, r6
20000e8a:	46a9      	mov	r9, r5
20000e8c:	46a0      	mov	r8, r4
20000e8e:	bdf0      	pop	{r4, r5, r6, r7, pc}
20000e90:	2c00      	cmp	r4, #0
20000e92:	d12f      	bne.n	20000ef4 <flash_do_cmd+0x118>
20000e94:	22c0      	movs	r2, #192	@ 0xc0
20000e96:	0552      	lsls	r2, r2, #21
20000e98:	6a92      	ldr	r2, [r2, #40]	@ 0x28
20000e9a:	4691      	mov	r9, r2
20000e9c:	2208      	movs	r2, #8
20000e9e:	464f      	mov	r7, r9
20000ea0:	403a      	ands	r2, r7
20000ea2:	07bf      	lsls	r7, r7, #30
20000ea4:	d52d      	bpl.n	20000f02 <flash_do_cmd+0x126>
20000ea6:	2b0d      	cmp	r3, #13
20000ea8:	d91b      	bls.n	20000ee2 <flash_do_cmd+0x106>
20000eaa:	2a00      	cmp	r2, #0
20000eac:	d1f0      	bne.n	20000e90 <flash_do_cmd+0xb4>
20000eae:	22c0      	movs	r2, #192	@ 0xc0
20000eb0:	0552      	lsls	r2, r2, #21
20000eb2:	6a92      	ldr	r2, [r2, #40]	@ 0x28
20000eb4:	4691      	mov	r9, r2
20000eb6:	2208      	movs	r2, #8
20000eb8:	464f      	mov	r7, r9
20000eba:	403a      	ands	r2, r7
20000ebc:	07bf      	lsls	r7, r7, #30
20000ebe:	d4f2      	bmi.n	20000ea6 <flash_do_cmd+0xca>
20000ec0:	2a00      	cmp	r2, #0
20000ec2:	d104      	bne.n	20000ece <flash_do_cmd+0xf2>
20000ec4:	002b      	movs	r3, r5
20000ec6:	4323      	orrs	r3, r4
20000ec8:	2b00      	cmp	r3, #0
20000eca:	d1b4      	bne.n	20000e36 <flash_do_cmd+0x5a>
20000ecc:	e7d1      	b.n	20000e72 <flash_do_cmd+0x96>
20000ece:	002b      	movs	r3, r5
20000ed0:	2c00      	cmp	r4, #0
20000ed2:	d0f9      	beq.n	20000ec8 <flash_do_cmd+0xec>
20000ed4:	6e0b      	ldr	r3, [r1, #96]	@ 0x60
20000ed6:	3c01      	subs	r4, #1
20000ed8:	7033      	strb	r3, [r6, #0]
20000eda:	0023      	movs	r3, r4
20000edc:	3601      	adds	r6, #1
20000ede:	432b      	orrs	r3, r5
20000ee0:	e7f2      	b.n	20000ec8 <flash_do_cmd+0xec>
20000ee2:	9f01      	ldr	r7, [sp, #4]
20000ee4:	3d01      	subs	r5, #1
20000ee6:	783b      	ldrb	r3, [r7, #0]
20000ee8:	3701      	adds	r7, #1
20000eea:	660b      	str	r3, [r1, #96]	@ 0x60
20000eec:	9701      	str	r7, [sp, #4]
20000eee:	e7e7      	b.n	20000ec0 <flash_do_cmd+0xe4>
20000ef0:	2500      	movs	r5, #0
20000ef2:	e7e5      	b.n	20000ec0 <flash_do_cmd+0xe4>
20000ef4:	23c0      	movs	r3, #192	@ 0xc0
20000ef6:	055b      	lsls	r3, r3, #21
20000ef8:	6e1b      	ldr	r3, [r3, #96]	@ 0x60
20000efa:	3c01      	subs	r4, #1
20000efc:	7033      	strb	r3, [r6, #0]
20000efe:	3601      	adds	r6, #1
20000f00:	e799      	b.n	20000e36 <flash_do_cmd+0x5a>
20000f02:	002b      	movs	r3, r5
20000f04:	2a00      	cmp	r2, #0
20000f06:	d1df      	bne.n	20000ec8 <flash_do_cmd+0xec>
20000f08:	e7dc      	b.n	20000ec4 <flash_do_cmd+0xe8>
20000f0a:	46c0      	nop			@ (mov r8, r8)
20000f0c:	00004649 	.word	0x00004649
20000f10:	00005845 	.word	0x00005845
20000f14:	00004346 	.word	0x00004346

20000f18 <__aeabi_idiv0>:
20000f18:	4770      	bx	lr
20000f1a:	46c0      	nop			@ (mov r8, r8)
20000f1c:	0000      	movs	r0, r0
	...

20000f20 <____wrap_memset_veneer>:
20000f20:	b401      	push	{r0}
20000f22:	4802      	ldr	r0, [pc, #8]	@ (20000f2c <____wrap_memset_veneer+0xc>)
20000f24:	4684      	mov	ip, r0
20000f26:	bc01      	pop	{r0}
20000f28:	4760      	bx	ip
20000f2a:	bf00      	nop
20000f2c:	1000233d 	.word	0x1000233d

20000f30 <__best_effort_wfe_or_timeout_veneer>:
20000f30:	b401      	push	{r0}
20000f32:	4802      	ldr	r0, [pc, #8]	@ (20000f3c <__best_effort_wfe_or_timeout_veneer+0xc>)
20000f34:	4684      	mov	ip, r0
20000f36:	bc01      	pop	{r0}
20000f38:	4760      	bx	ip
20000f3a:	bf00      	nop
20000f3c:	10001419 	.word	0x10001419

20000f40 <__panic_veneer>:
20000f40:	b401      	push	{r0}
20000f42:	4802      	ldr	r0, [pc, #8]	@ (20000f4c <__panic_veneer+0xc>)
20000f44:	4684      	mov	ip, r0
20000f46:	bc01      	pop	{r0}
20000f48:	4760      	bx	ip
20000f4a:	bf00      	nop
20000f4c:	100006bd 	.word	0x100006bd

20000f50 <__time_us_64_veneer>:
20000f50:	b401      	push	{r0}
20000f52:	4802      	ldr	r0, [pc, #8]	@ (20000f5c <__time_us_64_veneer+0xc>)
20000f54:	4684      	mov	ip, r0
20000f56:	bc01      	pop	{r0}
20000f58:	4760      	bx	ip
20000f5a:	bf00      	nop
20000f5c:	10001549 	.word	0x10001549

20000f60 <____wrap___aeabi_lmul_veneer>:
20000f60:	b401      	push	{r0}
20000f62:	4802      	ldr	r0, [pc, #8]	@ (20000f6c <____wrap___aeabi_lmul_veneer+0xc>)
20000f64:	4684      	mov	ip, r0
20000f66:	bc01      	pop	{r0}
20000f68:	4760      	bx	ip
20000f6a:	bf00      	nop
20000f6c:	100021c5 	.word	0x100021c5

20000f70 <__tud_event_hook_cb_veneer>:
20000f70:	b401      	push	{r0}
20000f72:	4802      	ldr	r0, [pc, #8]	@ (20000f7c <__tud_event_hook_cb_veneer+0xc>)
20000f74:	4684      	mov	ip, r0
20000f76:	bc01      	pop	{r0}
20000f78:	4760      	bx	ip
20000f7a:	bf00      	nop
20000f7c:	10002b79 	.word	0x10002b79

20000f80 <__rp2040_chip_version_veneer>:
20000f80:	b401      	push	{r0}
20000f82:	4802      	ldr	r0, [pc, #8]	@ (20000f8c <__rp2040_chip_version_veneer+0xc>)
20000f84:	4684      	mov	ip, r0
20000f86:	bc01      	pop	{r0}
20000f88:	4760      	bx	ip
20000f8a:	bf00      	nop
20000f8c:	100006b1 	.word	0x100006b1

20000f90 <__tu_fifo_write_veneer>:
20000f90:	b401      	push	{r0}
20000f92:	4802      	ldr	r0, [pc, #8]	@ (20000f9c <__tu_fifo_write_veneer+0xc>)
20000f94:	4684      	mov	ip, r0
20000f96:	bc01      	pop	{r0}
20000f98:	4760      	bx	ip
20000f9a:	bf00      	nop
20000f9c:	10003d19 	.word	0x10003d19

20000fa0 <string_desc_arr>:
20000fa0:	1000445c 10004328 10004338 10004354     \D..(C..8C..TC..

20000fb0 <striped_spin_lock_num>:
20000fb0:	00000010                                ....

20000fb4 <irq_handler_chain_slots>:
20000fb4:	00000000 	.word	0x00000000
20000fb8:	00010000 	.word	0x00010000
	...
20000fc4:	00020000 	.word	0x00020000
	...
20000fd0:	00030000 	.word	0x00030000
	...
20000fdc:	00ff0000 	.word	0x00ff0000
20000fe0:	00000000 	.word	0x00000000

20000fe4 <irq_handler_chain_first_slot>:
20000fe4:	b501      	push	{r0, lr}
20000fe6:	6848      	ldr	r0, [r1, #4]
20000fe8:	3101      	adds	r1, #1
20000fea:	468e      	mov	lr, r1
20000fec:	4700      	bx	r0

20000fee <irq_handler_chain_remove_tail>:
20000fee:	4670      	mov	r0, lr
20000ff0:	3809      	subs	r0, #9
20000ff2:	4901      	ldr	r1, [pc, #4]	@ (20000ff8 <irq_handler_chain_remove_tail+0xa>)
20000ff4:	4788      	blx	r1
20000ff6:	bd01      	pop	{r0, pc}
20000ff8:	10000ca1 	.word	0x10000ca1

20000ffc <default_alarm_pool>:
	...
20001010:	20001088 00000000 00000000 00000000     ... ............

20001020 <aeabi_bits_funcs>:
20001020:	00003350 	.word	0x00003350
20001024:	0000334c 	.word	0x0000334c
20001028:	00003354 	.word	0x00003354
2000102c:	00003352 	.word	0x00003352

20001030 <aeabi_bits_funcs_end>:
20001030:	0000534d 	.word	0x0000534d
20001034:	0000434d 	.word	0x0000434d
20001038:	00003453 	.word	0x00003453
2000103c:	00003443 	.word	0x00003443

20001040 <stdio_uart>:
20001040:	10002689 1000278d 100026d5 100027a1     .&...'...&...'..
20001050:	00000000 00000100                       ........

20001058 <_usbd_qdef>:
20001058:	200016dc 000c0010 00000000 00000000     ... ............
	...

20001074 <_usbd_rhport>:
20001074:	000000ff                                ....

20001078 <__atexit_recursive_mutex>:
20001078:	2000159c                                ... 

2000107c <print_mutex>:
	...
