// Auto-generated from Spike Hoppin' by John Dondzila (1998).vec
#ifndef _GBCART_SPIKE_HOPPIN_BY_JOHN_DONDZILA_1998_H
#define _GBCART_SPIKE_HOPPIN_BY_JOHN_DONDZILA_1998_H

const unsigned char gb_cart_Spike_Hoppin_by_John_Dondzila_1998[] PROGMEM = {
    0x67, 0x20, 0x47, 0x43, 0x45, 0x20, 0x30, 0x30, 0x30, 0x30, 0x80, 0x31, 0xC8, 0xF8, 0x48, 0x1F,
    0xB0, 0x20, 0x80, 0x00, 0xCC, 0x30, 0x75, 0xFD, 0xC8, 0x3D, 0xBD, 0xF1, 0xAA, 0x97, 0x08, 0xBD,
    0x13, 0x84, 0xBD, 0xF1, 0xAA, 0xBD, 0x13, 0x7F, 0xB6, 0xC8, 0x0F, 0x81, 0x0B, 0x26, 0x03, 0xBD,
    0x33, 0x26, 0xCC, 0x00, 0x00, 0xFD, 0xC8, 0x80, 0x8E, 0xC8, 0x80, 0xBD, 0xF8, 0x4F, 0xCC, 0x00,
    0x00, 0xFD, 0xC8, 0xA0, 0x8E, 0xC8, 0xA0, 0xBD, 0xF8, 0x4F, 0xCC, 0x49, 0x99, 0x8E, 0xC8, 0xA0,
    0xBD, 0xF8, 0x7C, 0x86, 0x05, 0xB7, 0xCA, 0xFE, 0x86, 0x00, 0xB7, 0xC9, 0x54, 0xB7, 0xC9, 0x5A,
    0xB7, 0xC9, 0x5B, 0x86, 0x00, 0xB7, 0xCA, 0xFF, 0xBD, 0x2E, 0x98, 0xBD, 0x16, 0xDF, 0xC1, 0x01,
    0x26, 0x06, 0xBD, 0x2E, 0x98, 0x7E, 0x36, 0xCD, 0xBD, 0x2E, 0x98, 0x86, 0x01, 0xB7, 0xC9, 0x3D,
    0x8E, 0xCA, 0x00, 0x10, 0x8E, 0x13, 0xDC, 0xA6, 0xA4, 0xA7, 0x84, 0x30, 0x01, 0x31, 0x21, 0x8C,
    0xCA, 0x5B, 0x26, 0xF3, 0xCC, 0x00, 0x00, 0xFD, 0xC9, 0x28, 0xFD, 0xC9, 0x2A, 0xB7, 0xC9, 0x1F,
    0xB7, 0xC9, 0x22, 0xB7, 0xC9, 0x2C, 0xB7, 0xC9, 0x2D, 0x8E, 0x2D, 0x6F, 0xB6, 0xC9, 0x3D, 0x81,
    0x10, 0x2B, 0x02, 0x86, 0x0F, 0x81, 0x01, 0x27, 0x06, 0x30, 0x88, 0x10, 0x4A, 0x20, 0xF6, 0xA6,
    0x84, 0xB7, 0xC9, 0x3B, 0xA6, 0x01, 0xB7, 0xC9, 0x3C, 0xA6, 0x02, 0xB7, 0xC9, 0x19, 0xB7, 0xC9,
    0x1A, 0xEC, 0x03, 0xFD, 0xC9, 0x58, 0x10, 0xBE, 0xC9, 0x58, 0x10, 0xBF, 0xC9, 0x38, 0xEC, 0x05,
    0xFD, 0xC9, 0x56, 0x10, 0xBE, 0xC9, 0x56, 0x10, 0xBF, 0xC9, 0x34, 0xA6, 0x07, 0xB7, 0xC9, 0x3A,
    0xEC, 0x08, 0xFD, 0xC9, 0x1D, 0xEC, 0x0A, 0xFD, 0xC9, 0x20, 0xEC, 0x0C, 0xFD, 0xC9, 0x4C, 0xEC,
    0x0E, 0xFD, 0xC9, 0x4E, 0xCE, 0x2F, 0xBF, 0xBD, 0xF2, 0x7D, 0x86, 0x00, 0xB7, 0xC9, 0x1C, 0xB7,
    0xC9, 0x08, 0xBD, 0x19, 0x85, 0x8E, 0xC9, 0x80, 0xC6, 0x00, 0x10, 0x8E, 0x3F, 0xF7, 0xA6, 0xA4,
    0xE7, 0x84, 0x30, 0x01, 0x31, 0x21, 0x8C, 0xC9, 0xC8, 0x26, 0xF3, 0x86, 0x10, 0xB7, 0xC9, 0x18,
    0xCC, 0x00, 0x00, 0xB7, 0xC9, 0x2F, 0xB7, 0xC9, 0x36, 0xB7, 0xC9, 0x27, 0xB7, 0xC9, 0x2E, 0xFD,
    0xC9, 0x32, 0xB7, 0xC9, 0x5E, 0x86, 0x80, 0xB7, 0xC9, 0x19, 0xBD, 0x2E, 0xA7, 0xC6, 0x02, 0xBD,
    0x19, 0xA1, 0xBD, 0x31, 0x44, 0x86, 0x00, 0xB7, 0xC9, 0x51, 0xB7, 0xC9, 0x55, 0xB7, 0xC9, 0x53,
    0x86, 0x04, 0xB7, 0xC9, 0x52, 0x10, 0xBE, 0xC9, 0x58, 0x10, 0xBF, 0xC9, 0x38, 0x10, 0xBE, 0xC9,
    0x56, 0x10, 0xBF, 0xC9, 0x34, 0x86, 0xFF, 0xB7, 0xC9, 0x55, 0xB6, 0xC9, 0x1C, 0x81, 0x00, 0x26,
    0x68, 0xBD, 0xF1, 0x92, 0xBD, 0x02, 0x5D, 0xBD, 0x30, 0x53, 0xBD, 0x05, 0xBA, 0xBD, 0x05, 0x95,
    0xBD, 0x13, 0x7F, 0x86, 0x00, 0xB7, 0xC9, 0x13, 0xBD, 0x0F, 0xF1, 0xBD, 0x0D, 0xAB, 0xBD, 0x06,
    0x49, 0xBD, 0x09, 0x12, 0x10, 0xBE, 0xC9, 0x32, 0x10, 0x8C, 0x00, 0x01, 0x2A, 0x5C, 0xB6, 0xC9,
    0x08, 0x81, 0x00, 0x26, 0x20, 0xBD, 0x12, 0x7A, 0xB6, 0xC9, 0x5A, 0x81, 0x01, 0x26, 0x0A, 0xBD,
    0x13, 0x7F, 0x7D, 0xC8, 0x12, 0x27, 0x02, 0x20, 0x3B, 0x7D, 0xC8, 0x15, 0x27, 0xAC, 0x86, 0xFF,
    0xB7, 0xC9, 0x55, 0x20, 0xA5, 0xBD, 0x07, 0x2B, 0xB6, 0xC9, 0x51, 0x81, 0x00, 0x27, 0x9B, 0x81,
    0x02, 0x26, 0x03, 0x7E, 0x01, 0x04, 0x7E, 0x35, 0xC2, 0xBD, 0xF1, 0xAF, 0xCE, 0x31, 0xEC, 0xBD,
    0xF6, 0x87, 0xBD, 0xF1, 0x92, 0xBD, 0xF2, 0x89, 0xBD, 0x10, 0x69, 0xB6, 0xC9, 0x1C, 0x81, 0x00,
    0x10, 0x26, 0xFF, 0x76, 0x7C, 0xC9, 0x3D, 0x7E, 0x00, 0x80, 0xBD, 0xF2, 0xA9, 0xFC, 0xC9, 0x01,
    0x8B, 0x02, 0xCB, 0x10, 0xFD, 0xC9, 0x30, 0x8E, 0xC9, 0x30, 0xBD, 0xF3, 0x0C, 0xC6, 0x2A, 0x8E,
    0x15, 0xDA, 0xBD, 0xF4, 0x0E, 0xBD, 0xF3, 0x54, 0xCC, 0xFC, 0x36, 0xFD, 0xC8, 0x2A, 0xFC, 0xC9,
    0x30, 0x8B, 0x12, 0xC0, 0x04, 0xCE, 0x02, 0x8D, 0xBD, 0xF3, 0x7A, 0xBD, 0xF3, 0x54, 0xBE, 0xC9,
    0x32, 0x30, 0x1F, 0xBF, 0xC9, 0x32, 0x8C, 0x00, 0x01, 0x10, 0x26, 0xFF, 0x2D, 0x7A, 0xCA, 0xFE,
    0xB6, 0xCA, 0xFE, 0x81, 0x00, 0x27, 0x03, 0x7E, 0x01, 0x04, 0x7E, 0x35, 0xC2, 0x34, 0x10, 0x7C,
    0xC9, 0x53, 0xB6, 0xC9, 0x53, 0x81, 0x08, 0x2B, 0x05, 0x86, 0x01, 0xB7, 0xC9, 0x53, 0xBD, 0xF5,
    0x11, 0x2A, 0x0F, 0x7C, 0xC9, 0x53, 0xB6, 0xC9, 0x53, 0x81, 0x08, 0x2B, 0x05, 0x86, 0x01, 0xB7,
    0xC9, 0x53, 0x35, 0x10, 0xB6, 0xC9, 0x53, 0x81, 0x05, 0x26, 0x01, 0x4C, 0x39, 0x44, 0x41, 0x52,
    0x4E, 0x49, 0x54, 0x21, 0x80, 0x42, 0x55, 0x54, 0x54, 0x4F, 0x4E, 0x20, 0x34, 0x20, 0x2D, 0x20,
    0x53, 0x54, 0x41, 0x52, 0x54, 0x80, 0x42, 0x55, 0x54, 0x54, 0x4F, 0x4E, 0x20, 0x32, 0x20, 0x2D,
    0x20, 0x53, 0x54, 0x41, 0x4E, 0x44, 0x41, 0x52, 0x44, 0x20, 0x53, 0x54, 0x49, 0x43, 0x4B, 0x80,
    0x42, 0x55, 0x54, 0x54, 0x4F, 0x4E, 0x20, 0x32, 0x20, 0x2D, 0x20, 0x41, 0x4E, 0x47, 0x4C, 0x45,
    0x44, 0x20, 0x53, 0x54, 0x49, 0x43, 0x4B, 0x80, 0x53, 0x43, 0x4F, 0x52, 0x45, 0x20, 0x80, 0x4C,
    0x49, 0x56, 0x45, 0x53, 0x80, 0x4C, 0x45, 0x56, 0x45, 0x4C, 0x80, 0x47, 0x41, 0x4D, 0x45, 0x20,
    0x4F, 0x56, 0x45, 0x52, 0x80, 0x54, 0x52, 0x59, 0x20, 0x41, 0x47, 0x41, 0x49, 0x4E, 0x21, 0x80,
    0x59, 0x4F, 0x55, 0x20, 0x4D, 0x55, 0x53, 0x54, 0x20, 0x48, 0x4F, 0x50, 0x20, 0x4F, 0x4E, 0x20,
    0x45, 0x41, 0x43, 0x48, 0x20, 0x42, 0x4C, 0x4F, 0x43, 0x4B, 0x20, 0x4F, 0x4E, 0x43, 0x45, 0x20,
    0x20, 0x80, 0x52, 0x49, 0x44, 0x45, 0x20, 0x41, 0x20, 0x4D, 0x41, 0x47, 0x49, 0x43, 0x20, 0x44,
    0x49, 0x53, 0x43, 0x20, 0x54, 0x4F, 0x20, 0x4B, 0x49, 0x4C, 0x4C, 0x20, 0x53, 0x50, 0x55, 0x44,
    0x20, 0x21, 0x20, 0x80, 0x53, 0x54, 0x4F, 0x50, 0x20, 0x54, 0x49, 0x4D, 0x45, 0x20, 0x57, 0x49,
    0x54, 0x48, 0x20, 0x41, 0x20, 0x4D, 0x41, 0x47, 0x49, 0x43, 0x20, 0x48, 0x4F, 0x55, 0x52, 0x47,
    0x4C, 0x41, 0x53, 0x53, 0x20, 0x80, 0x20, 0x42, 0x4F, 0x4E, 0x55, 0x53, 0x20, 0x4C, 0x49, 0x46,
    0x45, 0x20, 0x41, 0x57, 0x41, 0x52, 0x44, 0x45, 0x44, 0x20, 0x41, 0x54, 0x20, 0x35, 0x30, 0x30,
    0x30, 0x20, 0x50, 0x54, 0x53, 0x20, 0x21, 0x80, 0x59, 0x4F, 0x55, 0x20, 0x43, 0x41, 0x4E, 0x20,
    0x48, 0x4F, 0x50, 0x20, 0x4F, 0x4E, 0x20, 0x53, 0x4F, 0x4D, 0x45, 0x20, 0x45, 0x4E, 0x45, 0x4D,
    0x49, 0x45, 0x53, 0x20, 0x2E, 0x2E, 0x2E, 0x2E, 0x20, 0x80, 0x53, 0x4F, 0x4D, 0x45, 0x20, 0x4F,
    0x4E, 0x45, 0x20, 0x57, 0x49, 0x4C, 0x4C, 0x20, 0x55, 0x4E, 0x44, 0x4F, 0x20, 0x59, 0x4F, 0x55,
    0x52, 0x20, 0x48, 0x41, 0x52, 0x44, 0x20, 0x57, 0x4F, 0x52, 0x4B, 0x80, 0x44, 0x49, 0x44, 0x20,
    0x59, 0x4F, 0x55, 0x20, 0x46, 0x49, 0x4E, 0x44, 0x20, 0x54, 0x48, 0x45, 0x20, 0x56, 0x4F, 0x59,
    0x41, 0x47, 0x45, 0x52, 0x20, 0x46, 0x4C, 0x59, 0x2D, 0x42, 0x59, 0x20, 0x3F, 0x80, 0x59, 0x4F,
    0x55, 0x20, 0x4D, 0x55, 0x53, 0x54, 0x20, 0x48, 0x4F, 0x50, 0x20, 0x4F, 0x4E, 0x20, 0x45, 0x41,
    0x43, 0x48, 0x20, 0x42, 0x4C, 0x4F, 0x43, 0x4B, 0x20, 0x54, 0x57, 0x49, 0x43, 0x45, 0x20, 0x80,
    0x54, 0x48, 0x49, 0x53, 0x20, 0x47, 0x41, 0x4D, 0x45, 0x20, 0x54, 0x4F, 0x4F, 0x4B, 0x20, 0x33,
    0x20, 0x4D, 0x4F, 0x4E, 0x54, 0x48, 0x53, 0x20, 0x54, 0x4F, 0x20, 0x57, 0x52, 0x49, 0x54, 0x45,
    0x20, 0x80, 0x4D, 0x4F, 0x4C, 0x4C, 0x59, 0x20, 0x49, 0x53, 0x20, 0x41, 0x57, 0x41, 0x59, 0x20,
    0x44, 0x55, 0x52, 0x49, 0x4E, 0x47, 0x20, 0x54, 0x48, 0x49, 0x53, 0x20, 0x47, 0x41, 0x4D, 0x45,
    0x20, 0x6B, 0x20, 0x80, 0x20, 0x3F, 0x20, 0x4E, 0x49, 0x41, 0x47, 0x41, 0x20, 0x53, 0x49, 0x48,
    0x54, 0x20, 0x45, 0x45, 0x53, 0x20, 0x4F, 0x54, 0x20, 0x45, 0x46, 0x49, 0x4C, 0x20, 0x41, 0x20,
    0x45, 0x53, 0x4F, 0x4C, 0x20, 0x80, 0x54, 0x48, 0x45, 0x52, 0x45, 0x20, 0x49, 0x53, 0x20, 0x41,
    0x20, 0x48, 0x49, 0x44, 0x44, 0x45, 0x4E, 0x20, 0x47, 0x41, 0x4D, 0x45, 0x20, 0x53, 0x4F, 0x4D,
    0x45, 0x57, 0x48, 0x45, 0x52, 0x45, 0x2D, 0x80, 0x4D, 0x41, 0x4B, 0x45, 0x20, 0x45, 0x41, 0x43,
    0x48, 0x20, 0x42, 0x4C, 0x4F, 0x43, 0x4B, 0x20, 0x44, 0x41, 0x52, 0x4B, 0x20, 0x49, 0x46, 0x20,
    0x59, 0x4F, 0x55, 0x20, 0x43, 0x41, 0x4E, 0x20, 0x21, 0x80, 0x20, 0x20, 0x48, 0x41, 0x56, 0x45,
    0x20, 0x59, 0x4F, 0x55, 0x20, 0x50, 0x4C, 0x41, 0x59, 0x45, 0x44, 0x20, 0x41, 0x54, 0x41, 0x52,
    0x49, 0x20, 0x54, 0x4F, 0x44, 0x41, 0x59, 0x20, 0x3F, 0x20, 0x20, 0x80, 0x20, 0x53, 0x4B, 0x49,
    0x4C, 0x4C, 0x20, 0x4C, 0x45, 0x56, 0x45, 0x4C, 0x20, 0x49, 0x53, 0x20, 0x4E, 0x4F, 0x57, 0x20,
    0x4D, 0x41, 0x58, 0x58, 0x45, 0x44, 0x20, 0x4F, 0x55, 0x54, 0x20, 0x20, 0x21, 0x80, 0x45, 0x58,
    0x54, 0x52, 0x41, 0x20, 0x4C, 0x49, 0x46, 0x45, 0x20, 0x41, 0x57, 0x41, 0x52, 0x44, 0x45, 0x44,
    0x20, 0x21, 0x80, 0x49, 0x4E, 0x46, 0x49, 0x4E, 0x49, 0x54, 0x45, 0x20, 0x4C, 0x49, 0x56, 0x45,
    0x53, 0x2C, 0x20, 0x4C, 0x45, 0x56, 0x20, 0x53, 0x4B, 0x49, 0x50, 0x20, 0x42, 0x55, 0x54, 0x54,
    0x4F, 0x4E, 0x20, 0x31, 0x80, 0x59, 0x4F, 0x55, 0x20, 0x44, 0x49, 0x44, 0x20, 0x49, 0x54, 0x21,
    0x80, 0x4B, 0x49, 0x4E, 0x44, 0x20, 0x4F, 0x46, 0x20, 0x43, 0x48, 0x45, 0x45, 0x53, 0x59, 0x2C,
    0x20, 0x57, 0x4F, 0x55, 0x4C, 0x44, 0x20, 0x42, 0x45, 0x80, 0x48, 0x41, 0x4C, 0x46, 0x57, 0x41,
    0x59, 0x20, 0x43, 0x4F, 0x4F, 0x4C, 0x20, 0x57, 0x2F, 0x4F, 0x20, 0x54, 0x48, 0x45, 0x20, 0x46,
    0x4C, 0x49, 0x43, 0x4B, 0x45, 0x52, 0x2E, 0x80, 0x47, 0x45, 0x54, 0x20, 0x53, 0x45, 0x54, 0x20,
    0x54, 0x4F, 0x20, 0x50, 0x4C, 0x41, 0x59, 0x20, 0x2D, 0x56, 0x45, 0x43, 0x54, 0x52, 0x45, 0x50,
    0x45, 0x44, 0x45, 0x2D, 0x80, 0xBE, 0xC9, 0x34, 0x8C, 0x00, 0x02, 0x2B, 0x05, 0x30, 0x1F, 0xBF,
    0xC9, 0x34, 0xB6, 0xC9, 0x36, 0x81, 0x00, 0x27, 0x03, 0x7A, 0xC9, 0x36, 0xBE, 0xC9, 0x38, 0x8C,
    0x00, 0x02, 0x2B, 0x05, 0x30, 0x1F, 0xBF, 0xC9, 0x38, 0x39, 0xB6, 0xC9, 0x27, 0x81, 0x00, 0x27,
    0x64, 0x40, 0x44, 0x8B, 0x20, 0x81, 0x00, 0x2A, 0x02, 0x86, 0x7F, 0xBD, 0xF2, 0xAB, 0xCC, 0x00,
    0xF8, 0xFD, 0xC9, 0x11, 0x8E, 0xC9, 0x11, 0xBD, 0xF3, 0x0C, 0xF6, 0xC9, 0x27, 0x8E, 0x15, 0x80,
    0xBD, 0xF4, 0x0E, 0xBD, 0xF3, 0x54, 0x86, 0xD0, 0xB7, 0xC9, 0x19, 0x7C, 0xC9, 0x27, 0x7C, 0xC9,
    0x27, 0x7C, 0xC9, 0x27, 0x7C, 0xC9, 0x27, 0x7C, 0xC9, 0x27, 0x7C, 0xC9, 0x27, 0x7C, 0xC9, 0x27,
    0x7C, 0xC9, 0x27, 0x7C, 0xC9, 0x27, 0x7C, 0xC9, 0x27, 0x7C, 0xC9, 0x27, 0xB6, 0xC9, 0x27, 0x81,
    0xF0, 0x2B, 0x12, 0x81, 0x00, 0x2A, 0x0E, 0x86, 0x00, 0xB7, 0x06, 0x25, 0xB7, 0xC9, 0x27, 0x4A,
    0xB7, 0xC9, 0x5E, 0x20, 0x01, 0x39, 0xB6, 0xC9, 0x36, 0x81, 0x00, 0x27, 0x01, 0x39, 0x8E, 0xC9,
    0x80, 0xA6, 0x07, 0x81, 0x01, 0x27, 0x08, 0x30, 0x09, 0x8C, 0xC9, 0xC8, 0x2B, 0xF3, 0x39, 0x86,
    0x07, 0xA7, 0x07, 0x86, 0x1F, 0xB7, 0xC9, 0x2F, 0x39, 0xBD, 0xF2, 0xA9, 0xB6, 0xC9, 0x2C, 0x81,
    0x02, 0x27, 0x56, 0xFC, 0xC9, 0x1D, 0xFB, 0xC9, 0x1F, 0xFD, 0xC9, 0x11, 0x8E, 0xC9, 0x11, 0xBD,
    0xF3, 0x0C, 0xBD, 0xF2, 0xC5, 0xBD, 0xF3, 0x54, 0xB6, 0xC9, 0x1D, 0xBB, 0xC9, 0x28, 0xF6, 0xC9,
    0x1E, 0xFB, 0xC9, 0x29, 0xFD, 0xC9, 0x1D, 0xB6, 0xC9, 0x1D, 0x81, 0x6F, 0x2A, 0x02, 0x20, 0x29,
    0x81, 0x7F, 0x2B, 0x02, 0x20, 0x23, 0xCC, 0x80, 0xA0, 0xFD, 0xC9, 0x1D, 0xCC, 0x00, 0x00, 0xFD,
    0xC9, 0x28, 0xB7, 0xC9, 0x1F, 0x86, 0x02, 0xB7, 0xC9, 0x2C, 0xBD, 0x31, 0x66, 0xCC, 0x01, 0x00,
    0xBD, 0x2E, 0x5F, 0xBD, 0x19, 0x85, 0xBD, 0x07, 0x85, 0xB6, 0xC9, 0x2D, 0x81, 0x02, 0x27, 0x56,
    0xFC, 0xC9, 0x20, 0xFB, 0xC9, 0x22, 0xFD, 0xC9, 0x11, 0x8E, 0xC9, 0x11, 0xBD, 0xF3, 0x0C, 0xBD,
    0xF2, 0xC5, 0xBD, 0xF3, 0x54, 0xB6, 0xC9, 0x20, 0xBB, 0xC9, 0x2A, 0xF6, 0xC9, 0x21, 0xFB, 0xC9,
    0x2B, 0xFD, 0xC9, 0x20, 0xB6, 0xC9, 0x20, 0x81, 0x6F, 0x2A, 0x02, 0x20, 0x29, 0x81, 0x7F, 0x2B,
    0x02, 0x20, 0x23, 0xCC, 0x00, 0x40, 0xFD, 0xC9, 0x20, 0xCC, 0x00, 0x00, 0xFD, 0xC9, 0x2A, 0xB7,
    0xC9, 0x22, 0x86, 0x02, 0xB7, 0xC9, 0x2D, 0xBD, 0x31, 0x66, 0xCC, 0x01, 0x00, 0xBD, 0x2E, 0x5F,
    0xBD, 0x19, 0x85, 0xBD, 0x07, 0x85, 0x7C, 0xC9, 0x1F, 0x7C, 0xC9, 0x1F, 0xB6, 0xC9, 0x1F, 0x81,
    0x10, 0x2B, 0x05, 0x86, 0x00, 0xB7, 0xC9, 0x1F, 0x7C, 0xC9, 0x22, 0x7C, 0xC9, 0x22, 0xB6, 0xC9,
    0x22, 0x81, 0x10, 0x2B, 0x05, 0x86, 0x00, 0xB7, 0xC9, 0x22, 0x39, 0x7A, 0xC9, 0x01, 0x7A, 0xC9,
    0x01, 0x7A, 0xC9, 0x01, 0xB6, 0xC9, 0x01, 0x81, 0x80, 0x27, 0x09, 0x81, 0x81, 0x27, 0x05, 0x81,
    0x82, 0x27, 0x01, 0x39, 0xCC, 0x61, 0xF8, 0xFD, 0xC9, 0x01, 0x86, 0x00, 0xB7, 0xC9, 0x08, 0x86,
    0x01, 0xB7, 0xC9, 0x06, 0x86, 0x07, 0xB7, 0xC9, 0x07, 0x86, 0x02, 0xB7, 0xC9, 0x51, 0x7A, 0xCA,
    0xFE, 0xB6, 0xCA, 0xFE, 0x81, 0x00, 0x26, 0x1C, 0xB6, 0xC9, 0x5B, 0x81, 0x00, 0x26, 0x10, 0x7D,
    0xC8, 0x15, 0x27, 0x0B, 0x86, 0x01, 0xB7, 0xC9, 0x5A, 0x86, 0xFF, 0xB7, 0xCA, 0xFE, 0x39, 0x86,
    0x01, 0xB7, 0xC9, 0x51, 0x39, 0xB6, 0xCA, 0x06, 0x81, 0x03, 0x27, 0x0E, 0xB1, 0xC9, 0x3A, 0x27,
    0x09, 0x7A, 0xCA, 0x06, 0xCC, 0x00, 0x25, 0xBD, 0x2E, 0x5F, 0x39, 0x10, 0xBE, 0xC9, 0x32, 0x10,
    0x8C, 0x00, 0x02, 0x2B, 0x01, 0x39, 0xB6, 0xC9, 0x36, 0x81, 0x00, 0x27, 0x01, 0x39, 0x8E, 0xC9,
    0x80, 0xC6, 0x00, 0xA6, 0x07, 0x81, 0x00, 0x27, 0x09, 0x30, 0x09, 0x5C, 0xF1, 0xC9, 0x3C, 0x26,
    0xF2, 0x39, 0x86, 0x05, 0xA7, 0x04, 0x86, 0x01, 0xA7, 0x02, 0xB6, 0xC9, 0x3B, 0xA7, 0x08, 0x34,
    0x10, 0xBD, 0x16, 0x4B, 0x35, 0x10, 0x81, 0x01, 0x27, 0x10, 0x86, 0x1F, 0xA7, 0x03, 0xCC, 0x7F,
    0xE8, 0xED, 0x84, 0xCC, 0x01, 0x05, 0xED, 0x05, 0x20, 0x0E, 0x86, 0x1F, 0xA7, 0x03, 0xCC, 0x7F,
    0x08, 0xED, 0x84, 0xCC, 0x01, 0x07, 0xED, 0x05, 0xB6, 0xC9, 0x87, 0x81, 0x01, 0x27, 0x56, 0x81,
    0x04, 0x27, 0x52, 0xB6, 0xC9, 0x90, 0x81, 0x01, 0x27, 0x4B, 0x81, 0x04, 0x27, 0x47, 0xB6, 0xC9,
    0x99, 0x81, 0x01, 0x27, 0x40, 0x81, 0x04, 0x27, 0x3C, 0xB6, 0xC9, 0xA2, 0x81, 0x01, 0x27, 0x35,
    0x81, 0x04, 0x27, 0x31, 0xB6, 0xC9, 0xAB, 0x81, 0x01, 0x27, 0x2A, 0x81, 0x04, 0x27, 0x26, 0xB6,
    0xC9, 0xB4, 0x81, 0x01, 0x27, 0x1F, 0x81, 0x04, 0x27, 0x1B, 0xB6, 0xC9, 0xBD, 0x81, 0x01, 0x27,
    0x14, 0x81, 0x04, 0x27, 0x10, 0xB6, 0xC9, 0xC6, 0x81, 0x01, 0x27, 0x09, 0x81, 0x04, 0x27, 0x05,
    0x86, 0x04, 0xA7, 0x07, 0x39, 0xB6, 0xC9, 0x87, 0x81, 0x05, 0x27, 0x48, 0xB6, 0xC9, 0x90, 0x81,
    0x05, 0x27, 0x41, 0xB6, 0xC9, 0x99, 0x81, 0x05, 0x27, 0x3A, 0xB6, 0xC9, 0xA2, 0x81, 0x05, 0x27,
    0x33, 0xB6, 0xC9, 0xAB, 0x81, 0x05, 0x27, 0x2C, 0xB6, 0xC9, 0xB4, 0x81, 0x05, 0x27, 0x25, 0xB6,
    0xC9, 0xBD, 0x81, 0x05, 0x27, 0x1E, 0xB6, 0xC9, 0xC6, 0x81, 0x05, 0x27, 0x17, 0x10, 0xBE, 0xC9,
    0x38, 0x10, 0x8C, 0x00, 0x01, 0x26, 0x0D, 0x10, 0xBE, 0xC9, 0x58, 0x10, 0xBF, 0xC9, 0x38, 0x86,
    0x05, 0xA7, 0x07, 0x39, 0x10, 0xBE, 0xC9, 0x34, 0x10, 0x8C, 0x00, 0x01, 0x26, 0x0D, 0x10, 0x8E,
    0x00, 0x00, 0x10, 0xBF, 0xC9, 0x34, 0x86, 0x06, 0xA7, 0x07, 0x39, 0xB6, 0xC9, 0x3D, 0x81, 0x04,
    0x2B, 0x4B, 0x81, 0x04, 0x27, 0x13, 0x81, 0x08, 0x27, 0x0F, 0x81, 0x0C, 0x27, 0x0B, 0x34, 0x10,
    0xBD, 0x16, 0x4B, 0x35, 0x10, 0x81, 0x01, 0x27, 0x34, 0x86, 0x08, 0xA7, 0x07, 0x86, 0x10, 0xA7,
    0x03, 0xCC, 0x80, 0x98, 0xED, 0x84, 0xCC, 0x07, 0x01, 0xED, 0x05, 0x86, 0x02, 0xA7, 0x02, 0x86,
    0x06, 0xA7, 0x04, 0xB6, 0xC9, 0x3B, 0xA7, 0x08, 0xBD, 0x02, 0x5D, 0x81, 0x01, 0x27, 0x0D, 0xE6,
    0x01, 0xCB, 0x20, 0xE7, 0x01, 0x6C, 0x06, 0x6C, 0x06, 0x4A, 0x20, 0xEF, 0x39, 0x86, 0x02, 0xA7,
    0x07, 0x39, 0x86, 0x50, 0xBD, 0xF2, 0xAB, 0x7A, 0xC9, 0x19, 0xB6, 0xC9, 0x19, 0x81, 0x00, 0x26,
    0x0C, 0xB6, 0xC9, 0x1A, 0xBB, 0xC9, 0x53, 0xB7, 0xC9, 0x19, 0xBD, 0x07, 0x9B, 0x86, 0x01, 0xB7,
    0xC9, 0x13, 0x8E, 0xC9, 0x80, 0xA6, 0x07, 0x81, 0x00, 0x27, 0x06, 0xBF, 0xC9, 0x11, 0xBD, 0x09,
    0x49, 0x30, 0x09, 0x8C, 0xC9, 0xC8, 0x26, 0xED, 0x39, 0xBD, 0x0D, 0x1E, 0xBD, 0x0A, 0x3E, 0xA6,
    0x07, 0x81, 0x08, 0x26, 0x21, 0xA6, 0x84, 0x81, 0x70, 0x27, 0x0E, 0x81, 0x71, 0x27, 0x0A, 0x81,
    0x72, 0x27, 0x06, 0x81, 0x73, 0x27, 0x02, 0x20, 0x0D, 0x86, 0x00, 0xA7, 0x07, 0xA7, 0x02, 0xB7,
    0xC9, 0x0B, 0xB7, 0xC9, 0x0C, 0x39, 0x10, 0xBE, 0xC9, 0x32, 0x10, 0x8C, 0x00, 0x02, 0x2B, 0x01,
    0x39, 0xB6, 0xC9, 0x36, 0x81, 0x00, 0x27, 0x01, 0x39, 0xA6, 0x07, 0x81, 0x03, 0x26, 0x0B, 0x86,
    0x00, 0xA7, 0x07, 0xB6, 0xC9, 0x1A, 0xB7, 0xC9, 0x19, 0x39, 0xA6, 0x02, 0x81, 0x00, 0x26, 0x04,
    0xBD, 0x0B, 0x29, 0x39, 0xA6, 0x84, 0xB7, 0xC9, 0x09, 0xA6, 0x01, 0xB7, 0xC9, 0x0A, 0xA6, 0x02,
    0xB7, 0xC9, 0x0B, 0xA6, 0x03, 0xB7, 0xC9, 0x0C, 0xA6, 0x04, 0xB7, 0xC9, 0x0D, 0xA6, 0x05, 0xB7,
    0xC9, 0x0E, 0xA6, 0x06, 0xB7, 0xC9, 0x0F, 0xA6, 0x08, 0xB7, 0xC9, 0x1B, 0xA6, 0x07, 0xB7, 0xC9,
    0x16, 0xB6, 0xC9, 0x0B, 0x81, 0x00, 0x27, 0x35, 0xB6, 0xC9, 0x0D, 0x81, 0x04, 0x26, 0x05, 0xBD,
    0x0F, 0x10, 0x20, 0x29, 0x81, 0x02, 0x26, 0x05, 0xBD, 0x0F, 0x7E, 0x20, 0x20, 0x81, 0x03, 0x26,
    0x05, 0xBD, 0x0E, 0xD9, 0x20, 0x17, 0x81, 0x01, 0x26, 0x05, 0xBD, 0x0F, 0x47, 0x20, 0x0E, 0x81,
    0x05, 0x26, 0x03, 0xBD, 0x0F, 0xB5, 0x81, 0x06, 0x26, 0x03, 0xBD, 0x0F, 0xD6, 0xBE, 0xC9, 0x11,
    0xB6, 0xC9, 0x09, 0xA7, 0x84, 0xB6, 0xC9, 0x0A, 0xA7, 0x01, 0xB6, 0xC9, 0x0B, 0xA7, 0x02, 0xB6,
    0xC9, 0x0C, 0xA7, 0x03, 0xB6, 0xC9, 0x0D, 0xA7, 0x04, 0xB6, 0xC9, 0x0E, 0xA7, 0x05, 0xB6, 0xC9,
    0x0F, 0xA7, 0x06, 0xB6, 0xC9, 0x16, 0xA7, 0x07, 0xB6, 0xC9, 0x1B, 0xA7, 0x08, 0x39, 0xA6, 0x07,
    0x81, 0x01, 0x27, 0x1C, 0x81, 0x02, 0x27, 0x2B, 0x81, 0x04, 0x27, 0x3A, 0x81, 0x05, 0x27, 0x5C,
    0x81, 0x07, 0x27, 0x7D, 0x81, 0x06, 0x27, 0x41, 0x81, 0x08, 0x26, 0x03, 0x7E, 0x0B, 0x16, 0x39,
    0x34, 0x10, 0xBD, 0xF3, 0x0C, 0x8E, 0x14, 0xF1, 0xC6, 0x1F, 0xBD, 0xF4, 0x0E, 0xBD, 0xF3, 0x54,
    0x35, 0x10, 0x39, 0x34, 0x10, 0xBD, 0xF3, 0x0C, 0x8E, 0x15, 0x1C, 0xC6, 0x10, 0xBD, 0xF4, 0x0E,
    0xBD, 0xF3, 0x54, 0x35, 0x10, 0x39, 0x34, 0x10, 0xBD, 0xF3, 0x0C, 0x8E, 0x15, 0x32, 0xC6, 0x10,
    0xBD, 0xF4, 0x0E, 0xBD, 0xF3, 0x54, 0x35, 0x10, 0x39, 0x34, 0x10, 0xBD, 0xF3, 0x0C, 0x8E, 0x15,
    0xBB, 0xC6, 0x10, 0xBD, 0xF4, 0x0E, 0xBD, 0xF3, 0x54, 0x35, 0x10, 0x39, 0x34, 0x10, 0xBD, 0xF3,
    0x0C, 0x8E, 0x15, 0x48, 0xC6, 0x10, 0xBD, 0xF4, 0x0E, 0xBD, 0xF3, 0x54, 0x35, 0x10, 0x34, 0x10,
    0xBD, 0xF3, 0x0C, 0x8E, 0x15, 0x6D, 0xC6, 0x10, 0xBD, 0xF4, 0x0E, 0xBD, 0xF3, 0x54, 0x35, 0x10,
    0x39, 0x34, 0x10, 0xBD, 0xF3, 0x0C, 0xB6, 0xC9, 0x2E, 0x8E, 0x15, 0x8D, 0xCE, 0xCA, 0x80, 0xBD,
    0xF6, 0x1F, 0x8E, 0xCA, 0x80, 0xF6, 0xC9, 0x2F, 0xBD, 0xF4, 0x0E, 0xBD, 0xF3, 0x54, 0x35, 0x10,
    0x7C, 0xC9, 0x2E, 0x7A, 0xC9, 0x2F, 0xB6, 0xC9, 0x2F, 0x81, 0x02, 0x2A, 0x18, 0x86, 0x00, 0xA7,
    0x07, 0xA7, 0x02, 0xB7, 0xC9, 0x0B, 0xB7, 0xC9, 0x0C, 0xB7, 0xC9, 0x2F, 0xB7, 0xC9, 0x2E, 0xB7,
    0xC9, 0x27, 0xBD, 0x31, 0x79, 0x39, 0x34, 0x10, 0xBD, 0xF3, 0x0C, 0x8E, 0x15, 0xFC, 0xC6, 0x10,
    0xBD, 0xF4, 0x0E, 0xBD, 0xF3, 0x54, 0x35, 0x10, 0x39, 0xA6, 0x07, 0x81, 0x07, 0x2A, 0x31, 0x81,
    0x01, 0x27, 0x30, 0x81, 0x02, 0x26, 0x03, 0x7E, 0x0C, 0x4A, 0x81, 0x06, 0x26, 0x03, 0x7E, 0x0C,
    0x4A, 0x81, 0x04, 0x26, 0x03, 0x7E, 0x0C, 0x4A, 0x81, 0x05, 0x26, 0x13, 0x6A, 0x08, 0xA6, 0x08,
    0x81, 0x00, 0x26, 0x0B, 0xB6, 0xC9, 0x3B, 0xA7, 0x08, 0xBD, 0x11, 0xF4, 0x20, 0x32, 0x12, 0x39,
    0x7E, 0x0C, 0xB1, 0x6A, 0x08, 0xA6, 0x08, 0x81, 0x00, 0x26, 0xF4, 0xA6, 0x05, 0xB1, 0xC9, 0x06,
    0x2A, 0x0F, 0xA6, 0x06, 0xB1, 0xC9, 0x07, 0x2A, 0x04, 0x86, 0x01, 0x20, 0x1A, 0x86, 0x03, 0x20,
    0x16, 0xA6, 0x06, 0xB1, 0xC9, 0x07, 0x2A, 0x04, 0x86, 0x02, 0x20, 0x0B, 0x86, 0x04, 0x20, 0x07,
    0x34, 0x10, 0xBD, 0x16, 0x2D, 0x35, 0x10, 0x81, 0x01, 0x27, 0x30, 0x81, 0x02, 0x27, 0x53, 0x81,
    0x03, 0x26, 0x03, 0x20, 0x72, 0x12, 0xB7, 0xC9, 0x17, 0xA6, 0x05, 0x81, 0x01, 0x27, 0xE1, 0xA6,
    0x06, 0x81, 0x01, 0x27, 0xDB, 0xA6, 0x05, 0x4A, 0xB7, 0xC9, 0x15, 0xA6, 0x06, 0x4A, 0xB7, 0xC9,
    0x14, 0xBD, 0x12, 0x52, 0xC1, 0x00, 0x26, 0xC8, 0x20, 0x72, 0x12, 0xB7, 0xC9, 0x17, 0xA6, 0x05,
    0x81, 0x07, 0x27, 0xBC, 0xA6, 0x06, 0x81, 0x0D, 0x27, 0xB6, 0xA6, 0x05, 0x4C, 0xB7, 0xC9, 0x15,
    0xA6, 0x06, 0x4C, 0xB7, 0xC9, 0x14, 0xBD, 0x12, 0x52, 0xC1, 0x00, 0x26, 0xA3, 0x20, 0x4D, 0x12,
    0x20, 0x9E, 0xB7, 0xC9, 0x17, 0xA6, 0x05, 0x81, 0x01, 0x27, 0xF5, 0xA6, 0x06, 0x81, 0x0D, 0x27,
    0xEF, 0xA6, 0x05, 0x4A, 0xB7, 0xC9, 0x15, 0xA6, 0x06, 0x4C, 0xB7, 0xC9, 0x14, 0xBD, 0x12, 0x52,
    0xC1, 0x00, 0x26, 0xDC, 0x20, 0x26, 0x12, 0xB7, 0xC9, 0x17, 0xA6, 0x05, 0x81, 0x07, 0x27, 0xD0,
    0xA6, 0x06, 0x81, 0x01, 0x27, 0xCA, 0xA6, 0x05, 0x4C, 0xB7, 0xC9, 0x15, 0xA6, 0x06, 0x4A, 0xB7,
    0xC9, 0x14, 0xBD, 0x12, 0x52, 0xC1, 0x00, 0x26, 0xB7, 0x20, 0x01, 0x12, 0xB6, 0xC9, 0x17, 0xA7,
    0x04, 0x86, 0x20, 0xA7, 0x03, 0x86, 0x01, 0xA7, 0x02, 0x39, 0x6A, 0x08, 0xA6, 0x08, 0x81, 0x00,
    0x26, 0xF7, 0x34, 0x10, 0xBD, 0x16, 0x4B, 0x35, 0x10, 0x81, 0x03, 0x27, 0x02, 0x20, 0x29, 0xA6,
    0x05, 0x81, 0x07, 0x26, 0x04, 0x86, 0x03, 0x20, 0x14, 0x4C, 0xB7, 0xC9, 0x15, 0xA6, 0x06, 0x4A,
    0xB7, 0xC9, 0x14, 0xBD, 0x12, 0x52, 0xC1, 0x01, 0x26, 0x01, 0x39, 0x86, 0x03, 0xA7, 0x04, 0x86,
    0x01, 0xA7, 0x02, 0x86, 0x20, 0xA7, 0x03, 0x39, 0xA6, 0x05, 0x81, 0x07, 0x26, 0x04, 0x86, 0x01,
    0x20, 0x14, 0x4C, 0xB7, 0xC9, 0x15, 0xA6, 0x06, 0x4C, 0xB7, 0xC9, 0x14, 0xBD, 0x12, 0x52, 0xC1,
    0x01, 0x26, 0x01, 0x39, 0x86, 0x01, 0xA7, 0x04, 0x86, 0x01, 0xA7, 0x02, 0x86, 0x20, 0xA7, 0x03,
    0x39, 0x6A, 0x08, 0xA6, 0x08, 0x81, 0x00, 0x26, 0x38, 0x34, 0x10, 0xBD, 0x16, 0x58, 0x35, 0x10,
    0x81, 0x04, 0x27, 0x02, 0x20, 0x2C, 0xA6, 0x06, 0x81, 0x01, 0x26, 0x04, 0x86, 0x02, 0x20, 0x17,
    0xA6, 0x05, 0x4A, 0xB7, 0xC9, 0x15, 0xA6, 0x06, 0x4A, 0xB7, 0xC9, 0x14, 0xBD, 0x12, 0x52, 0x86,
    0x04, 0xC1, 0x00, 0x27, 0x02, 0x86, 0x02, 0xA7, 0x04, 0x86, 0x01, 0xA7, 0x02, 0x86, 0x20, 0xA7,
    0x03, 0x39, 0xA6, 0x06, 0x81, 0x0D, 0x26, 0x04, 0x86, 0x04, 0x20, 0x17, 0xA6, 0x05, 0x4A, 0xB7,
    0xC9, 0x15, 0xA6, 0x06, 0x4C, 0xB7, 0xC9, 0x14, 0xBD, 0x12, 0x52, 0x86, 0x02, 0xC1, 0x00, 0x27,
    0x02, 0x86, 0x04, 0xA7, 0x04, 0x86, 0x01, 0xA7, 0x02, 0x86, 0x20, 0xA7, 0x03, 0x39, 0x10, 0xBE,
    0xC9, 0x32, 0x10, 0x8C, 0x00, 0x02, 0x2B, 0x01, 0x39, 0xB6, 0xC9, 0x08, 0x81, 0x00, 0x27, 0x01,
    0x39, 0xB6, 0xC9, 0x2C, 0x81, 0x01, 0x26, 0x01, 0x39, 0xB6, 0xC9, 0x2D, 0x81, 0x01, 0x26, 0x01,
    0x39, 0x34, 0x10, 0xEC, 0x84, 0xFD, 0xC9, 0x30, 0xBE, 0xC9, 0x30, 0x10, 0xBE, 0xC9, 0x01, 0xB6,
    0xC9, 0x5E, 0x81, 0x00, 0x27, 0x06, 0x7A, 0xC9, 0x5E, 0x35, 0x10, 0x39, 0xCC, 0x04, 0x04, 0xBD,
    0xF8, 0xFF, 0x35, 0x10, 0x25, 0x01, 0x39, 0xA6, 0x07, 0x81, 0x05, 0x27, 0x2E, 0x81, 0x04, 0x2B,
    0x04, 0x81, 0x06, 0x27, 0x0E, 0xC6, 0x03, 0xBD, 0x19, 0xA1, 0x10, 0x8E, 0x01, 0x20, 0x10, 0xBF,
    0xC9, 0x32, 0x39, 0x86, 0x01, 0xB7, 0xC9, 0x27, 0xBD, 0x31, 0x96, 0x86, 0xFF, 0xB7, 0xC9, 0x36,
    0x86, 0x00, 0xA7, 0x07, 0xCC, 0x02, 0x00, 0xBD, 0x2E, 0x5F, 0x39, 0x86, 0x00, 0xA7, 0x07, 0xCC,
    0x00, 0x75, 0xBD, 0x2E, 0x5F, 0x86, 0xE0, 0xB7, 0xC9, 0x5C, 0x39, 0xBD, 0xF2, 0xA9, 0xCC, 0xF9,
    0x35, 0xFD, 0xC8, 0x2A, 0xB6, 0xC9, 0x54, 0x81, 0x01, 0x27, 0x13, 0x81, 0x00, 0x27, 0x0F, 0xCC,
    0x7F, 0x80, 0xCE, 0x04, 0xFE, 0xBD, 0xF3, 0x7A, 0xBD, 0xF3, 0x54, 0x7A, 0xC9, 0x54, 0xB6, 0xC9,
    0x55, 0x81, 0x00, 0x27, 0x0F, 0x7A, 0xC9, 0x55, 0xCC, 0x6F, 0x80, 0xBD, 0xF2, 0xFC, 0xCE, 0xC8,
    0x80, 0xBD, 0xF4, 0x95, 0x86, 0x5F, 0xF6, 0xC9, 0x08, 0xC1, 0x00, 0x27, 0x02, 0x86, 0x40, 0xBD,
    0xF2, 0xAB, 0xB6, 0xC9, 0x2C, 0x81, 0x01, 0x26, 0x0F, 0xFC, 0xC9, 0x1D, 0xCB, 0x08, 0xFD, 0xC9,
    0x01, 0x86, 0xD0, 0xB7, 0xC9, 0x19, 0x20, 0x14, 0xB6, 0xC9, 0x2D, 0x81, 0x01, 0x26, 0x0D, 0xFC,
    0xC9, 0x20, 0xCB, 0x08, 0xFD, 0xC9, 0x01, 0x86, 0xD0, 0xB7, 0xC9, 0x19, 0x8E, 0xC9, 0x01, 0xBD,
    0xF3, 0x0C, 0x8E, 0x14, 0xAD, 0xC6, 0x10, 0xBD, 0xF4, 0x0E, 0xBD, 0xF3, 0x54, 0x8E, 0xC9, 0x01,
    0xBD, 0xF3, 0x0C, 0x8E, 0x14, 0xD8, 0xC6, 0x10, 0xBD, 0xF4, 0x0E, 0xBD, 0xF3, 0x54, 0x10, 0xBE,
    0xC9, 0x32, 0x10, 0x8C, 0x00, 0x02, 0x2B, 0x01, 0x39, 0xB6, 0xC9, 0x03, 0x81, 0x00, 0x27, 0x3C,
    0xB6, 0xC9, 0x01, 0xB7, 0xC9, 0x09, 0xB6, 0xC9, 0x02, 0xB7, 0xC9, 0x0A, 0xB6, 0xC9, 0x03, 0xB7,
    0xC9, 0x0B, 0xB6, 0xC9, 0x04, 0xB7, 0xC9, 0x0C, 0xB6, 0xC9, 0x05, 0xB7, 0xC9, 0x0D, 0xB6, 0xC9,
    0x06, 0xB7, 0xC9, 0x0E, 0xB6, 0xC9, 0x07, 0xB7, 0xC9, 0x0F, 0xB6, 0xC9, 0x08, 0xB7, 0xC9, 0x10,
    0xB6, 0xC9, 0x0D, 0x81, 0x04, 0x26, 0x05, 0xBD, 0x0F, 0x10, 0x20, 0x1C, 0x81, 0x02, 0x26, 0x05,
    0xBD, 0x0F, 0x7E, 0x20, 0x13, 0x81, 0x03, 0x26, 0x05, 0xBD, 0x0E, 0xD9, 0x20, 0x0A, 0x81, 0x01,
    0x26, 0x05, 0xBD, 0x0F, 0x47, 0x20, 0x01, 0x39, 0xB6, 0xC9, 0x09, 0xB7, 0xC9, 0x01, 0xB6, 0xC9,
    0x0A, 0xB7, 0xC9, 0x02, 0xB6, 0xC9, 0x0B, 0xB7, 0xC9, 0x03, 0xB6, 0xC9, 0x0C, 0xB7, 0xC9, 0x04,
    0xB6, 0xC9, 0x0D, 0xB7, 0xC9, 0x05, 0xB6, 0xC9, 0x0E, 0xB7, 0xC9, 0x06, 0xB6, 0xC9, 0x0F, 0xB7,
    0xC9, 0x07, 0xB6, 0xC9, 0x10, 0xB7, 0xC9, 0x08, 0x39, 0xB6, 0xC9, 0x0C, 0x81, 0x11, 0x2B, 0x08,
    0x7C, 0xC9, 0x09, 0x7A, 0xC9, 0x0A, 0x20, 0x09, 0x7A, 0xC9, 0x09, 0x7A, 0xC9, 0x09, 0x7A, 0xC9,
    0x09, 0x7A, 0xC9, 0x0C, 0xB6, 0xC9, 0x0C, 0x81, 0x00, 0x26, 0x14, 0x86, 0x00, 0xB7, 0xC9, 0x0B,
    0xB6, 0xC9, 0x3B, 0xB7, 0xC9, 0x1B, 0x7A, 0xC9, 0x0F, 0x7C, 0xC9, 0x0E, 0xBD, 0x11, 0x4A, 0x39,
    0xB6, 0xC9, 0x0C, 0x81, 0x11, 0x2B, 0x0B, 0x7C, 0xC9, 0x09, 0x7C, 0xC9, 0x09, 0x7C, 0xC9, 0x09,
    0x20, 0x06, 0x7A, 0xC9, 0x09, 0x7A, 0xC9, 0x0A, 0x7A, 0xC9, 0x0C, 0xB6, 0xC9, 0x0C, 0x81, 0x00,
    0x26, 0x14, 0x86, 0x00, 0xB7, 0xC9, 0x0B, 0xB6, 0xC9, 0x3B, 0xB7, 0xC9, 0x1B, 0x7A, 0xC9, 0x0F,
    0x7A, 0xC9, 0x0E, 0xBD, 0x11, 0x4A, 0x39, 0xB6, 0xC9, 0x0C, 0x81, 0x11, 0x2B, 0x08, 0x7C, 0xC9,
    0x09, 0x7C, 0xC9, 0x0A, 0x20, 0x09, 0x7A, 0xC9, 0x09, 0x7A, 0xC9, 0x09, 0x7A, 0xC9, 0x09, 0x7A,
    0xC9, 0x0C, 0xB6, 0xC9, 0x0C, 0x81, 0x00, 0x26, 0x14, 0x86, 0x00, 0xB7, 0xC9, 0x0B, 0xB6, 0xC9,
    0x3B, 0xB7, 0xC9, 0x1B, 0x7C, 0xC9, 0x0E, 0x7C, 0xC9, 0x0F, 0xBD, 0x11, 0x4A, 0x39, 0xB6, 0xC9,
    0x0C, 0x81, 0x11, 0x2B, 0x0B, 0x7C, 0xC9, 0x09, 0x7C, 0xC9, 0x09, 0x7C, 0xC9, 0x09, 0x20, 0x06,
    0x7A, 0xC9, 0x09, 0x7C, 0xC9, 0x0A, 0x7A, 0xC9, 0x0C, 0xB6, 0xC9, 0x0C, 0x81, 0x00, 0x26, 0x14,
    0x86, 0x00, 0xB7, 0xC9, 0x0B, 0xB6, 0xC9, 0x3B, 0xB7, 0xC9, 0x1B, 0x7A, 0xC9, 0x0E, 0x7C, 0xC9,
    0x0F, 0xBD, 0x11, 0x4A, 0x39, 0x7A, 0xC9, 0x09, 0x7A, 0xC9, 0x09, 0x7A, 0xC9, 0x0C, 0xB6, 0xC9,
    0x0C, 0x81, 0x00, 0x26, 0x10, 0x86, 0x00, 0xB7, 0xC9, 0x0B, 0x7C, 0xC9, 0x0E, 0x7C, 0xC9, 0x0F,
    0x86, 0x60, 0xB7, 0xC9, 0x43, 0x39, 0x7C, 0xC9, 0x09, 0x7C, 0xC9, 0x09, 0x7A, 0xC9, 0x0C, 0xB6,
    0xC9, 0x0C, 0x81, 0x00, 0x26, 0x0A, 0x86, 0x00, 0xB7, 0xC9, 0x0B, 0x86, 0x60, 0xB7, 0xC9, 0x43,
    0x39, 0x86, 0x00, 0xB7, 0xC9, 0x11, 0x8E, 0x13, 0xA4, 0x86, 0x1C, 0x10, 0x8E, 0xCA, 0x00, 0xE6,
    0xA4, 0xC1, 0x03, 0x2A, 0x04, 0x31, 0x21, 0x20, 0xF6, 0xF1, 0xC9, 0x3A, 0x26, 0x03, 0x7C, 0xC9,
    0x11, 0x34, 0x10, 0x34, 0x20, 0x34, 0x02, 0x86, 0x7F, 0xC1, 0x05, 0x27, 0x08, 0x86, 0x40, 0xC1,
    0x04, 0x27, 0x02, 0x86, 0x28, 0x10, 0xBE, 0xC9, 0x32, 0x10, 0x8C, 0x00, 0x00, 0x27, 0x02, 0x86,
    0x28, 0xBD, 0xF2, 0xAB, 0xBD, 0xF3, 0x0C, 0x8E, 0x13, 0x9E, 0xC6, 0x7F, 0x86, 0x02, 0xBD, 0xF3,
    0xD8, 0xBD, 0xF3, 0x54, 0x35, 0x02, 0x35, 0x20, 0x35, 0x10, 0x30, 0x02, 0x31, 0x21, 0x4A, 0x26,
    0xAE, 0xB6, 0xC9, 0x11, 0x81, 0x1C, 0x27, 0x01, 0x39, 0x86, 0x26, 0xB7, 0xC9, 0x1C, 0x86, 0x01,
    0xB7, 0xC8, 0x56, 0x86, 0x05, 0xB7, 0xC9, 0x18, 0x39, 0x86, 0x7F, 0x7A, 0xC9, 0x18, 0xF6, 0xC9,
    0x18, 0xC1, 0x06, 0x2A, 0x0E, 0x86, 0x40, 0xC1, 0x00, 0x26, 0x08, 0xC6, 0x0C, 0xF7, 0xC9, 0x18,
    0x7A, 0xC9, 0x1C, 0xBD, 0xF2, 0xAB, 0x8E, 0x13, 0xA4, 0x86, 0x1C, 0x34, 0x10, 0x34, 0x02, 0xBD,
    0xF3, 0x0C, 0x8E, 0x13, 0x9E, 0xC6, 0x7F, 0x86, 0x02, 0xBD, 0xF3, 0xD8, 0xBD, 0xF3, 0x54, 0x35,
    0x02, 0x35, 0x10, 0x30, 0x02, 0x4A, 0x26, 0xE3, 0x86, 0x40, 0xBD, 0xF2, 0xAB, 0x8E, 0xC9, 0x01,
    0xBD, 0xF3, 0x0C, 0x8E, 0x14, 0xAD, 0xC6, 0x10, 0xBD, 0xF4, 0x0E, 0xBD, 0xF3, 0x54, 0x8E, 0xC9,
    0x01, 0xBD, 0xF3, 0x0C, 0x8E, 0x14, 0xD8, 0xC6, 0x10, 0xBD, 0xF4, 0x0E, 0xBD, 0xF3, 0x54, 0x39,
    0x86, 0x01, 0xB7, 0xC9, 0x27, 0xBD, 0x31, 0x96, 0xBD, 0x31, 0x44, 0xBD, 0xF1, 0xAF, 0xF6, 0xC9,
    0x4C, 0x86, 0x60, 0xC1, 0x04, 0x2A, 0x05, 0xB0, 0xC9, 0x1D, 0x20, 0x03, 0xBB, 0xC9, 0x1D, 0xC6,
    0xF0, 0xF0, 0xC9, 0x1E, 0xBD, 0xF5, 0x93, 0xC0, 0x10, 0x86, 0x04, 0xBD, 0xF6, 0x01, 0xB7, 0xC9,
    0x28, 0xF7, 0xC9, 0x29, 0xBD, 0xF1, 0xAA, 0x86, 0x01, 0xB7, 0xC9, 0x2C, 0x39, 0x86, 0x01, 0xB7,
    0xC9, 0x27, 0xBD, 0x31, 0x96, 0xBD, 0x31, 0x44, 0xBD, 0xF1, 0xAF, 0x86, 0x60, 0xF6, 0xC9, 0x4E,
    0xC1, 0x04, 0x2A, 0x05, 0xB0, 0xC9, 0x20, 0x20, 0x03, 0xBB, 0xC9, 0x20, 0xC6, 0xF0, 0xF0, 0xC9,
    0x21, 0xBD, 0xF5, 0x93, 0xC0, 0x10, 0x86, 0x04, 0xBD, 0xF6, 0x01, 0xB7, 0xC9, 0x2A, 0xF7, 0xC9,
    0x2B, 0xBD, 0xF1, 0xAA, 0x86, 0x01, 0xB7, 0xC9, 0x2D, 0x39, 0xB6, 0xC9, 0x13, 0x81, 0x00, 0x27,
    0x03, 0x7E, 0x12, 0x22, 0xB6, 0xC9, 0x0E, 0xB1, 0xC9, 0x4C, 0x27, 0x07, 0xB1, 0xC9, 0x4E, 0x27,
    0x13, 0x20, 0x20, 0xB6, 0xC9, 0x0F, 0xF6, 0xC9, 0x2C, 0xC1, 0x02, 0x27, 0x07, 0xB1, 0xC9, 0x4D,
    0x10, 0x27, 0xFF, 0x5C, 0xF6, 0xC9, 0x2D, 0xC1, 0x02, 0x27, 0x08, 0xB6, 0xC9, 0x0F, 0xB1, 0xC9,
    0x4F, 0x27, 0x8A, 0xB6, 0xC9, 0x0F, 0x81, 0x01, 0x2B, 0x30, 0x81, 0x0E, 0x2A, 0x2C, 0xB6, 0xC9,
    0x0E, 0x81, 0x01, 0x2B, 0x25, 0x81, 0x08, 0x2A, 0x21, 0x8E, 0xCA, 0x00, 0xB6, 0xC9, 0x0E, 0x81,
    0x01, 0x27, 0x05, 0x4A, 0x30, 0x0D, 0x20, 0xF7, 0xB6, 0xC9, 0x0F, 0x81, 0x01, 0x27, 0x05, 0x30,
    0x01, 0x4A, 0x20, 0xF7, 0xA6, 0x84, 0x81, 0x00, 0x26, 0x09, 0x86, 0x01, 0xB7, 0xC9, 0x10, 0xB7,
    0xC9, 0x4B, 0x39, 0x81, 0x05, 0x27, 0x16, 0x81, 0x04, 0x26, 0x1D, 0xB6, 0xC9, 0x3A, 0x81, 0x04,
    0x27, 0x15, 0x86, 0x03, 0xA7, 0x84, 0xCC, 0x00, 0x25, 0xBD, 0x2E, 0x5F, 0x39, 0x86, 0x04, 0xA7,
    0x84, 0xCC, 0x00, 0x25, 0xBD, 0x2E, 0x5F, 0x39, 0xB6, 0xC9, 0x3D, 0x81, 0x0D, 0x2B, 0xF8, 0x86,
    0x05, 0xA7, 0x84, 0x39, 0x10, 0x8E, 0xCA, 0x00, 0xA6, 0x05, 0x81, 0x01, 0x27, 0x05, 0x4A, 0x31,
    0x2D, 0x20, 0xF7, 0xA6, 0x06, 0x81, 0x01, 0x27, 0x05, 0x31, 0x21, 0x4A, 0x20, 0xF7, 0xA6, 0xA4,
    0x81, 0x04, 0x26, 0x05, 0x86, 0x05, 0xA7, 0xA4, 0x39, 0x81, 0x03, 0x26, 0x04, 0x86, 0x04, 0xA7,
    0xA4, 0x39, 0x86, 0x60, 0xB7, 0xC9, 0x43, 0xB6, 0xC9, 0x16, 0x81, 0x04, 0x27, 0x12, 0xB6, 0xC9,
    0x0E, 0x81, 0x08, 0x2A, 0x05, 0x81, 0x01, 0x2B, 0x01, 0x39, 0x86, 0x03, 0xB7, 0xC9, 0x16, 0x39,
    0xB6, 0xC9, 0x0E, 0x81, 0x07, 0x26, 0x0A, 0x86, 0x01, 0xB7, 0xC9, 0x16, 0x86, 0x30, 0xB7, 0xC9,
    0x1B, 0x39, 0x10, 0x8E, 0xCA, 0x00, 0xB6, 0xC9, 0x15, 0x81, 0x01, 0x27, 0x05, 0x4A, 0x31, 0x2D,
    0x20, 0xF7, 0xB6, 0xC9, 0x14, 0x81, 0x01, 0x27, 0x05, 0x31, 0x21, 0x4A, 0x20, 0xF7, 0xC6, 0x00,
    0xA6, 0xA4, 0x81, 0x02, 0x2A, 0x02, 0xC6, 0x01, 0x39, 0x39, 0xB6, 0xC9, 0x2C, 0x81, 0x01, 0x27,
    0xF8, 0xB6, 0xC9, 0x2D, 0x81, 0x01, 0x27, 0xF1, 0xB6, 0xCA, 0xFF, 0x81, 0x00, 0x27, 0x5C, 0xB6,
    0xC9, 0x03, 0x81, 0x00, 0x26, 0x54, 0x86, 0x00, 0xB7, 0xC9, 0x00, 0xBD, 0x13, 0x95, 0xB6, 0xC8,
    0x1B, 0x81, 0x00, 0x27, 0x12, 0x81, 0x00, 0x2A, 0x07, 0x86, 0x03, 0xB7, 0xC9, 0x00, 0x20, 0x1E,
    0x86, 0x02, 0xB7, 0xC9, 0x00, 0x20, 0x17, 0xB6, 0xC8, 0x1C, 0x81, 0x00, 0x27, 0x10, 0x81, 0x00,
    0x2A, 0x07, 0x86, 0x01, 0xB7, 0xC9, 0x00, 0x20, 0x05, 0x86, 0x04, 0xB7, 0xC9, 0x00, 0xB6, 0xC9,
    0x00, 0x81, 0x00, 0x27, 0x15, 0xB6, 0xC9, 0x00, 0xB7, 0xC9, 0x05, 0x86, 0x01, 0xB7, 0xC9, 0x03,
    0x86, 0x20, 0xB7, 0xC9, 0x04, 0x86, 0x7F, 0xB7, 0xC9, 0x42, 0x39, 0xB6, 0xC9, 0x03, 0x81, 0x00,
    0x26, 0xF8, 0xBD, 0x13, 0x0C, 0xC1, 0x00, 0x27, 0xF1, 0xF7, 0xC9, 0x05, 0x86, 0x01, 0xB7, 0xC9,
    0x03, 0x86, 0x20, 0xB7, 0xC9, 0x04, 0x86, 0x7F, 0xB7, 0xC9, 0x42, 0x39, 0xBD, 0x13, 0x95, 0x86,
    0x00, 0xB7, 0xC9, 0x25, 0xB7, 0xC9, 0x26, 0xB6, 0xC8, 0x1B, 0x81, 0x00, 0x27, 0x10, 0x81, 0x00,
    0x2A, 0x07, 0x86, 0x01, 0xB7, 0xC9, 0x26, 0x20, 0x05, 0x86, 0x02, 0xB7, 0xC9, 0x26, 0xB6, 0xC8,
    0x1C, 0x81, 0x00, 0x27, 0x15, 0x81, 0x00, 0x2A, 0x07, 0x86, 0x02, 0xB7, 0xC9, 0x25, 0x20, 0x0A,
    0x86, 0x01, 0xB7, 0xC9, 0x25, 0x20, 0x03, 0xC6, 0x00, 0x39, 0xC6, 0x00, 0xB6, 0xC9, 0x25, 0x81,
    0x01, 0x27, 0x15, 0x81, 0x02, 0x26, 0xF2, 0xB6, 0xC9, 0x26, 0x81, 0x02, 0x27, 0x07, 0x81, 0x01,
    0x26, 0xE7, 0xC6, 0x03, 0x39, 0xC6, 0x01, 0x39, 0xB6, 0xC9, 0x26, 0x81, 0x02, 0x27, 0x07, 0x81,
    0x01, 0x26, 0xD6, 0xC6, 0x04, 0x39, 0xC6, 0x02, 0x39, 0xFE, 0xE8, 0xFE, 0xB6, 0x00, 0x80, 0x4F,
    0xBD, 0xF1, 0xB4, 0x39, 0x8E, 0xC8, 0x1F, 0x86, 0x01, 0xA7, 0x80, 0x86, 0x03, 0xA7, 0x80, 0x4F,
    0xA7, 0x80, 0xA7, 0x80, 0x39, 0x86, 0x4F, 0xB7, 0xC8, 0x23, 0xBD, 0xF1, 0xF8, 0x39, 0x00, 0x10,
    0xF8, 0xF8, 0x08, 0xF8, 0x5F, 0xF0, 0x3F, 0xE0, 0x3F, 0x00, 0x1F, 0xD0, 0x1F, 0xF0, 0x1F, 0x10,
    0x00, 0xC0, 0x00, 0xE0, 0x00, 0x00, 0x00, 0x20, 0xE0, 0xB0, 0xE0, 0xD0, 0xE0, 0xF0, 0xE0, 0x10,
    0xE0, 0x30, 0xC0, 0xA0, 0xC0, 0xC0, 0xC0, 0xE0, 0xC0, 0x00, 0xC0, 0x20, 0xC0, 0x40, 0xA0, 0x90,
    0xA0, 0xB0, 0xA0, 0xD0, 0xA0, 0xF0, 0xA0, 0x10, 0xA0, 0x30, 0xA0, 0x50, 0x00, 0x00, 0x00, 0x00,
    0x00, 0x00, 0x05, 0x00, 0x00, 0x00, 0x00, 0x00, 0x00, 0x00, 0x00, 0x00, 0x00, 0x00, 0x05, 0x02,
    0x05, 0x00, 0x00, 0x00, 0x00, 0x00, 0x00, 0x00, 0x00, 0x00, 0x05, 0x02, 0x05, 0x02, 0x05, 0x00,
    0x00, 0x00, 0x00, 0x00, 0x00, 0x00, 0x05, 0x02, 0x05, 0x02, 0x05, 0x02, 0x05, 0x00, 0x00, 0x00,
    0x00, 0x00, 0x05, 0x02, 0x05, 0x02, 0x05, 0x02, 0x05, 0x02, 0x05, 0x00, 0x00, 0x00, 0x05, 0x02,
    0x05, 0x02, 0x05, 0x02, 0x05, 0x02, 0x05, 0x02, 0x05, 0x00, 0x05, 0x02, 0x05, 0x02, 0x05, 0x02,
    0x05, 0x02, 0x05, 0x00, 0x05, 0x02, 0x05, 0xCA, 0x06, 0xCA, 0x12, 0xCA, 0x14, 0xCA, 0xFF, 0x06,
    0x04, 0xFF, 0x02, 0x08, 0xFF, 0x06, 0xFA, 0xFF, 0x06, 0xFE, 0xFF, 0xFA, 0xFC, 0xFF, 0x06, 0xFC,
    0xFF, 0xFA, 0xFE, 0xFF, 0xFA, 0xFA, 0xFF, 0xFC, 0x08, 0xFF, 0xF9, 0x05, 0x01, 0x00, 0x04, 0x00,
    0xFF, 0x04, 0x04, 0xFF, 0x00, 0x02, 0x00, 0x00, 0xFE, 0xFF, 0x02, 0x00, 0x00, 0xFA, 0xFC, 0xFF,
    0x04, 0xFC, 0xFF, 0x00, 0xFE, 0x00, 0x00, 0x02, 0xFF, 0x02, 0x00, 0x00, 0x02, 0x02, 0xFF, 0x00,
    0x00, 0x00, 0x00, 0x04, 0xFF, 0x00, 0x00, 0x01, 0x00, 0x06, 0xFC, 0xFF, 0xFC, 0xFE, 0xFF, 0xFC,
    0x02, 0xFF, 0xFC, 0xFC, 0xFF, 0x00, 0x08, 0xFF, 0x04, 0xFC, 0x00, 0x00, 0x08, 0xFF, 0xFC, 0xFC,
    0xFF, 0x00, 0x08, 0xFF, 0x04, 0xFC, 0xFF, 0x04, 0x02, 0xFF, 0x06, 0xFE, 0x01, 0x00, 0x20, 0x00,
    0xFF, 0x40, 0xB8, 0xFF, 0x48, 0x30, 0xFF, 0xD8, 0x18, 0xFF, 0x28, 0x18, 0xFF, 0xB8, 0x30, 0xFF,
    0xC0, 0xB8, 0x00, 0x30, 0xE0, 0xFF, 0xE0, 0x20, 0xFF, 0x20, 0x20, 0x00, 0x18, 0xF0, 0xFF, 0x00,
    0x00, 0x00, 0x00, 0xE0, 0xFF, 0x00, 0x00, 0x01, 0x00, 0x00, 0xD8, 0xFF, 0x00, 0x10, 0xFF, 0x20,
    0xE0, 0xFF, 0x18, 0x18, 0x00, 0x00, 0x40, 0xFF, 0xE8, 0x18, 0xFF, 0xE0, 0xE0, 0xFF, 0x00, 0x10,
    0x01, 0xFF, 0x00, 0xEC, 0xFF, 0x54, 0xF4, 0xFF, 0x00, 0x40, 0xFF, 0xAC, 0xF4, 0xFF, 0x00, 0xEC,
    0x00, 0x20, 0xF0, 0xFF, 0x00, 0x20, 0x00, 0x28, 0x04, 0xFF, 0xF4, 0xEC, 0xFF, 0x0C, 0xEC, 0x00,
    0xF4, 0x08, 0xFF, 0x00, 0x00, 0x00, 0x00, 0x18, 0xFF, 0x00, 0x00, 0x01, 0xFF, 0x00, 0xEC, 0xFF,
    0x20, 0xF0, 0xFF, 0x20, 0x10, 0xFF, 0x00, 0x28, 0xFF, 0xE0, 0x10, 0xFF, 0xE0, 0xF0, 0xFF, 0x00,
    0xEC, 0x01, 0xFF, 0x24, 0xDC, 0xFF, 0x24, 0x24, 0xFF, 0xDC, 0x24, 0xFF, 0xDC, 0xDC, 0x00, 0x24,
    0xDC, 0xFF, 0xF8, 0x24, 0xFF, 0x08, 0x24, 0x01, 0xFF, 0x28, 0xD8, 0xFF, 0x28, 0x28, 0xFF, 0xD8,
    0x28, 0xFF, 0xD8, 0xD8, 0x00, 0x00, 0xE8, 0xFF, 0x00, 0x08, 0xFF, 0x10, 0xF0, 0xFF, 0x08, 0x08,
    0x00, 0x00, 0x30, 0xFF, 0xF8, 0x08, 0xFF, 0xF0, 0xF0, 0xFF, 0x00, 0x08, 0x01, 0x00, 0x18, 0xF8,
    0xFF, 0x00, 0x10, 0x00, 0x18, 0x08, 0xFF, 0x00, 0x00, 0x00, 0x00, 0xE0, 0xFF, 0x00, 0x00, 0x01,
    0x00, 0x3C, 0x00, 0xFF, 0x88, 0xC4, 0xFF, 0x00, 0x78, 0xFF, 0x78, 0xC4, 0x01, 0x00, 0xD8, 0x00,
    0xFF, 0x00, 0xEC, 0xFF, 0x54, 0xF4, 0xFF, 0x00, 0x40, 0xFF, 0xAC, 0xF4, 0xFF, 0x00, 0xEC, 0x00,
    0x20, 0xF0, 0xFF, 0x00, 0x20, 0x00, 0x28, 0x04, 0xFF, 0xF4, 0xEC, 0xFF, 0x0C, 0xEC, 0x00, 0xF4,
    0x08, 0xFF, 0x00, 0x00, 0x00, 0x00, 0x18, 0xFF, 0x00, 0x00, 0x01, 0xFF, 0x00, 0xE8, 0xFF, 0x60,
    0x00, 0xFF, 0x00, 0x30, 0xFF, 0xA0, 0x00, 0xFF, 0x00, 0xE8, 0x00, 0x08, 0x18, 0xFF, 0x00, 0xD0,
    0xFF, 0x50, 0x30, 0xFF, 0x00, 0xD0, 0xFF, 0xB0, 0x30, 0x01, 0xFF, 0x10, 0x50, 0xFF, 0x00, 0x40,
    0xFF, 0x10, 0x10, 0xFF, 0x20, 0x00, 0xFF, 0x10, 0xF0, 0xFF, 0x00, 0x80, 0xFF, 0xF0, 0xF0, 0xFF,
    0xE0, 0x00, 0xFF, 0xF0, 0x10, 0xFF, 0x00, 0x10, 0xFF, 0xF0, 0xE0, 0x01, 0x00, 0x08, 0xF0, 0xFF,
    0x00, 0x20, 0xFF, 0x28, 0x30, 0xFF, 0x18, 0xC0, 0xFF, 0xE8, 0xC0, 0xFF, 0xD8, 0x30, 0x00, 0x18,
    0x00, 0xFF, 0x00, 0x00, 0x00, 0x00, 0x20, 0xFF, 0x00, 0x00, 0x00, 0x10, 0x00, 0xFF, 0x00, 0xF0,
    0x00, 0x00, 0xC0, 0xFF, 0x48, 0x18, 0x00, 0x00, 0x50, 0xFF, 0xB8, 0x18, 0x01, 0xBD, 0xF5, 0x11,
    0xBD, 0xF5, 0x84, 0x81, 0x20, 0x2B, 0x0B, 0x81, 0x40, 0x2B, 0x0A, 0x81, 0x60, 0x2B, 0x09, 0x86,
    0x01, 0x39, 0x86, 0x02, 0x39, 0x86, 0x03, 0x39, 0x86, 0x04, 0x39, 0xBD, 0xF5, 0x11, 0x81, 0x00,
    0x2B, 0x03, 0x86, 0x01, 0x39, 0x86, 0x03, 0x39, 0xBD, 0xF5, 0x11, 0x81, 0x00, 0x2B, 0x03, 0x86,
    0x04, 0x39, 0x86, 0x02, 0x39, 0xFF, 0x08, 0xF8, 0xFF, 0x10, 0x10, 0xFF, 0x18, 0xE8, 0xFF, 0x18,
    0x18, 0xFF, 0xF8, 0x08, 0xFF, 0xF0, 0xF0, 0xFF, 0xE8, 0x18, 0xFF, 0xE8, 0xE8, 0x01, 0xFF, 0x00,
    0xF8, 0xFF, 0x38, 0x00, 0xFF, 0xF0, 0x18, 0xFF, 0xF0, 0xF0, 0xFF, 0xE8, 0x00, 0x01, 0xFF, 0x00,
    0xF8, 0xFF, 0x38, 0x00, 0xFF, 0x00, 0x08, 0xFF, 0xC8, 0x00, 0x01, 0xFF, 0x00, 0xF8, 0xFF, 0x38,
    0x00, 0xFF, 0x00, 0x08, 0xFF, 0xE8, 0x00, 0xFF, 0x18, 0x18, 0xFF, 0x00, 0x08, 0xFF, 0xE8, 0xE8,
    0xFF, 0xF8, 0x00, 0xFF, 0xE8, 0x18, 0xFF, 0x00, 0xF8, 0xFF, 0x18, 0xE8, 0xFF, 0xE8, 0x00, 0x01,
    0xFF, 0x18, 0xE8, 0xFF, 0x08, 0x00, 0xFF, 0x18, 0x18, 0xFF, 0xF8, 0x08, 0xFF, 0xF0, 0xF0, 0xFF,
    0x00, 0x10, 0xFF, 0xF8, 0x00, 0xFF, 0x00, 0xF0, 0xFF, 0xF0, 0x10, 0xFF, 0xF8, 0xF8, 0x01, 0xC6,
    0x01, 0xBD, 0x19, 0xA1, 0xCC, 0x5F, 0x5F, 0xFD, 0xC9, 0x00, 0x86, 0x00, 0xB7, 0xC9, 0x02, 0xCC,
    0x3F, 0x5F, 0xFD, 0xC9, 0x03, 0x86, 0x01, 0xB7, 0xC9, 0x06, 0xB7, 0xC9, 0x07, 0x86, 0x00, 0xB7,
    0xC9, 0x08, 0xB7, 0xC9, 0x09, 0xBD, 0xF1, 0x92, 0x86, 0x60, 0xBD, 0xF2, 0xAB, 0x8E, 0xC9, 0x00,
    0xBD, 0xF3, 0x0C, 0xC6, 0xA0, 0x8E, 0x14, 0x3E, 0xBD, 0xF4, 0x0E, 0xBD, 0xF3, 0x54, 0x8E, 0xC9,
    0x00, 0xBD, 0xF3, 0x0C, 0xC6, 0xA0, 0x8E, 0x14, 0x5D, 0xBD, 0xF4, 0x0E, 0xBD, 0xF3, 0x54, 0x8E,
    0xC9, 0x00, 0xBD, 0xF3, 0x0C, 0xC6, 0xA0, 0x8E, 0x14, 0x88, 0xBD, 0xF4, 0x0E, 0xBD, 0xF3, 0x54,
    0x8E, 0xC9, 0x03, 0xBD, 0xF3, 0x0C, 0xC6, 0x25, 0x8E, 0x14, 0xF1, 0xBD, 0xF4, 0x0E, 0xBD, 0xF3,
    0x54, 0xBD, 0x19, 0x25, 0xBD, 0x19, 0x25, 0xBD, 0x19, 0x25, 0xFC, 0xC9, 0x00, 0x40, 0x8B, 0xB0,
    0xC0, 0x30, 0xFD, 0xC9, 0x03, 0xCC, 0xF0, 0xA0, 0xFD, 0xC9, 0x11, 0x8E, 0xC9, 0x11, 0xBD, 0xF3,
    0x0C, 0xC6, 0xAF, 0x8E, 0x16, 0x65, 0xBD, 0xF4, 0x0E, 0xBD, 0xF3, 0x54, 0xCC, 0xF0, 0xD8, 0xFD,
    0xC9, 0x11, 0x8E, 0xC9, 0x11, 0xBD, 0xF3, 0x0C, 0xC6, 0xAF, 0x8E, 0x16, 0x7E, 0xBD, 0xF4, 0x0E,
    0xBD, 0xF3, 0x54, 0xCC, 0xF0, 0x08, 0xFD, 0xC9, 0x11, 0x8E, 0xC9, 0x11, 0xBD, 0xF3, 0x0C, 0xC6,
    0xAF, 0x8E, 0x16, 0x8E, 0xBD, 0xF4, 0x0E, 0xBD, 0xF3, 0x54, 0xCC, 0xF0, 0x20, 0xFD, 0xC9, 0x11,
    0x8E, 0xC9, 0x11, 0xBD, 0xF3, 0x0C, 0xC6, 0xAF, 0x8E, 0x16, 0x9B, 0xBD, 0xF4, 0x0E, 0xBD, 0xF3,
    0x54, 0xCC, 0xF0, 0x60, 0xFD, 0xC9, 0x11, 0x8E, 0xC9, 0x11, 0xBD, 0xF3, 0x0C, 0xC6, 0xAF, 0x8E,
    0x16, 0xC0, 0xBD, 0xF4, 0x0E, 0xBD, 0xF3, 0x54, 0xCC, 0xC0, 0xB0, 0xFD, 0xC9, 0x11, 0x8E, 0xC9,
    0x11, 0xBD, 0xF3, 0x0C, 0xC6, 0xAF, 0x8E, 0x19, 0x4D, 0xBD, 0xF4, 0x0E, 0xBD, 0xF3, 0x54, 0xCC,
    0xC0, 0xD0, 0xFD, 0xC9, 0x11, 0x8E, 0xC9, 0x11, 0xBD, 0xF3, 0x0C, 0xC6, 0xAF, 0x8E, 0x19, 0x5D,
    0xBD, 0xF4, 0x0E, 0xBD, 0xF3, 0x54, 0xCC, 0xC0, 0xF0, 0xFD, 0xC9, 0x11, 0x8E, 0xC9, 0x11, 0xBD,
    0xF3, 0x0C, 0xC6, 0xAF, 0x8E, 0x19, 0x6A, 0xBD, 0xF4, 0x0E, 0xBD, 0xF3, 0x54, 0xCC, 0xC0, 0x10,
    0xFD, 0xC9, 0x11, 0x8E, 0xC9, 0x11, 0xBD, 0xF3, 0x0C, 0xC6, 0xAF, 0x8E, 0x19, 0x6A, 0xBD, 0xF4,
    0x0E, 0xBD, 0xF3, 0x54, 0xCC, 0xC0, 0x2F, 0xFD, 0xC9, 0x11, 0x8E, 0xC9, 0x11, 0xBD, 0xF3, 0x0C,
    0xC6, 0xAF, 0x8E, 0x19, 0x77, 0xBD, 0xF4, 0x0E, 0xBD, 0xF3, 0x54, 0xCC, 0xC0, 0x44, 0xFD, 0xC9,
    0x11, 0x8E, 0xC9, 0x11, 0xBD, 0xF3, 0x0C, 0xC6, 0xAF, 0x8E, 0x19, 0x7B, 0xBD, 0xF4, 0x0E, 0xBD,
    0xF3, 0x54, 0xCC, 0xD0, 0x55, 0xFD, 0xC9, 0x11, 0x8E, 0xC9, 0x11, 0xBD, 0xF3, 0x0C, 0xC6, 0x4F,
    0x8E, 0x19, 0x77, 0xBD, 0xF4, 0x0E, 0xBD, 0xF3, 0x54, 0xCC, 0xFC, 0x2C, 0xFD, 0xC8, 0x2A, 0xCC,
    0xA0, 0xC0, 0xCE, 0x02, 0x95, 0xBD, 0xF3, 0x7A, 0xBD, 0xF3, 0x54, 0xB6, 0xCA, 0xFF, 0x81, 0x01,
    0x27, 0x14, 0xCC, 0xFC, 0x2C, 0xFD, 0xC8, 0x2A, 0xCC, 0x90, 0xC0, 0xCE, 0x02, 0xA6, 0xBD, 0xF3,
    0x7A, 0xBD, 0xF3, 0x54, 0x20, 0x12, 0xCC, 0xFC, 0x2C, 0xFD, 0xC8, 0x2A, 0xCC, 0x90, 0xC0, 0xCE,
    0x02, 0xC0, 0xBD, 0xF3, 0x7A, 0xBD, 0xF3, 0x54, 0xBD, 0x13, 0x7F, 0x7D, 0xC8, 0x13, 0x27, 0x25,
    0x86, 0x00, 0xB7, 0xC9, 0x08, 0xB7, 0xC9, 0x09, 0xB6, 0xC9, 0x06, 0x81, 0x01, 0x27, 0x1B, 0x86,
    0x01, 0xB7, 0xC9, 0x06, 0x7C, 0xCA, 0xFF, 0xB6, 0xCA, 0xFF, 0x81, 0x02, 0x2B, 0x0C, 0x86, 0x00,
    0xB7, 0xCA, 0xFF, 0x20, 0x05, 0x86, 0x00, 0xB7, 0xC9, 0x06, 0x7D, 0xC8, 0x15, 0x27, 0x13, 0xB6,
    0xC9, 0x07, 0x81, 0x01, 0x27, 0x11, 0xC6, 0x00, 0xB6, 0xC9, 0x09, 0x81, 0x01, 0x26, 0x02, 0xC6,
    0x01, 0x39, 0x86, 0x00, 0xB7, 0xC9, 0x07, 0x7D, 0xC8, 0x12, 0x27, 0x05, 0x86, 0x01, 0xB7, 0xC9,
    0x08, 0xB6, 0xC9, 0x08, 0x81, 0x00, 0x27, 0x0A, 0x7D, 0xC8, 0x14, 0x27, 0x05, 0x86, 0x01, 0xB7,
    0xC9, 0x09, 0x7E, 0x17, 0x05, 0xB6, 0xC9, 0x02, 0x81, 0x00, 0x27, 0x11, 0x7C, 0xC9, 0x00, 0xB6,
    0xC9, 0x00, 0x81, 0x6F, 0x26, 0x16, 0x86, 0x00, 0xB7, 0xC9, 0x02, 0x20, 0x0F, 0x7A, 0xC9, 0x00,
    0xB6, 0xC9, 0x00, 0x81, 0x4F, 0x26, 0x05, 0x86, 0x01, 0xB7, 0xC9, 0x02, 0x39, 0xFF, 0x10, 0x00,
    0x00, 0xF8, 0x00, 0xFF, 0x00, 0x08, 0x00, 0x08, 0x00, 0xFF, 0xF0, 0x00, 0x01, 0xFF, 0x10, 0x00,
    0xFF, 0x00, 0x08, 0xFF, 0xF0, 0x00, 0xFF, 0x00, 0xF8, 0x01, 0xFF, 0x10, 0x00, 0xFF, 0x00, 0x08,
    0xFF, 0xF8, 0x00, 0xFF, 0x00, 0xF8, 0x01, 0xFF, 0x10, 0x00, 0x01, 0xFF, 0x10, 0x00, 0xFF, 0xF0,
    0x08, 0xFF, 0x10, 0x00, 0x01, 0x86, 0x00, 0xB7, 0xC9, 0x03, 0xB7, 0xC9, 0x04, 0xB7, 0xC9, 0x05,
    0x86, 0x01, 0xB7, 0xC9, 0x06, 0x86, 0x07, 0xB7, 0xC9, 0x07, 0xCC, 0x61, 0xF8, 0xFD, 0xC9, 0x01,
    0x39, 0x34, 0x10, 0x34, 0x20, 0x34, 0x04, 0x86, 0x00, 0xB7, 0xC9, 0x42, 0xB7, 0xC9, 0x43, 0xB7,
    0xC9, 0x44, 0xB7, 0xC9, 0x45, 0xB7, 0xC9, 0x46, 0xB7, 0xC9, 0x4B, 0xB7, 0xC9, 0x47, 0xB7, 0xC9,
    0x48, 0xB7, 0xC9, 0x49, 0xCC, 0x00, 0x00, 0xBD, 0xF2, 0x56, 0xCC, 0x01, 0x00, 0xBD, 0xF2, 0x56,
    0xCC, 0x02, 0x00, 0xBD, 0xF2, 0x56, 0xCC, 0x03, 0x00, 0xBD, 0xF2, 0x56, 0xBD, 0xF1, 0xAA, 0x96,
    0x00, 0x84, 0xF8, 0x8A, 0x06, 0x97, 0x00, 0x35, 0x04, 0xC1, 0x01, 0x27, 0x09, 0xC1, 0x02, 0x27,
    0x0E, 0xC1, 0x03, 0x27, 0x13, 0x39, 0x8E, 0x1A, 0x2D, 0x10, 0x8E, 0x08, 0x9F, 0x20, 0x12, 0x8E,
    0x22, 0xCD, 0x10, 0x8E, 0x06, 0x50, 0x20, 0x09, 0x8E, 0x29, 0x1E, 0x10, 0x8E, 0x04, 0x50, 0x20,
    0x00, 0xA6, 0xA2, 0xA6, 0x80, 0x88, 0x80, 0x97, 0x01, 0x10, 0x8C, 0x00, 0x00, 0x27, 0x09, 0xC6,
    0x36, 0x5A, 0xC1, 0x00, 0x26, 0xFB, 0x20, 0xE9, 0x35, 0x20, 0x35, 0x10, 0x39, 0x81, 0x80, 0x81,
    0x7F, 0x82, 0x82, 0x80, 0x81, 0x83, 0x81, 0x80, 0x80, 0x85, 0x85, 0x85, 0x80, 0x81, 0x7F, 0x80,
    0x7F, 0x80, 0x83, 0x7E, 0x7D, 0x83, 0x87, 0x84, 0x7B, 0x7D, 0x7E, 0x83, 0x83, 0x83, 0x80, 0x80,
    0x7D, 0x7D, 0x7E, 0x83, 0x83, 0x7C, 0x81, 0x82, 0x84, 0x84, 0x80, 0x80, 0x82, 0x82, 0x7E, 0x83,
    0x80, 0x7F, 0x7D, 0x7E, 0x83, 0x86, 0x79, 0x87, 0x83, 0x7F, 0x7A, 0x7E, 0x7F, 0x81, 0x88, 0x80,
    0x78, 0x7C, 0x7E, 0x86, 0x7D, 0x7A, 0x73, 0x82, 0x79, 0x7A, 0x84, 0x83, 0x7E, 0x7A, 0x81, 0x79,
    0x8B, 0x75, 0x84, 0x9C, 0x7D, 0x88, 0x85, 0x90, 0x85, 0x8D, 0x8E, 0x6B, 0x89, 0x7A, 0x76, 0x67,
    0x9B, 0x95, 0x88, 0x6D, 0x5A, 0x7C, 0x80, 0x86, 0x4F, 0x75, 0x6D, 0x73, 0x68, 0x67, 0x83, 0x8D,
    0x7D, 0x81, 0x99, 0x6E, 0x80, 0x71, 0x70, 0x6A, 0x94, 0xA7, 0x8B, 0x99, 0x86, 0x79, 0x50, 0x53,
    0x5A, 0x7C, 0x7A, 0x8B, 0xA1, 0x80, 0x6D, 0x76, 0x86, 0x80, 0x7E, 0x62, 0x73, 0x68, 0xA7, 0x88,
    0x89, 0x76, 0x73, 0x8D, 0x82, 0x77, 0x84, 0x85, 0x6F, 0x84, 0x82, 0x89, 0x84, 0x67, 0x7E, 0x8A,
    0x77, 0x75, 0x8F, 0x86, 0x77, 0x8B, 0x77, 0x85, 0x99, 0x8F, 0xAD, 0xA9, 0x76, 0x80, 0x8A, 0x70,
    0x6C, 0x80, 0x8A, 0x8B, 0x85, 0x9E, 0x7A, 0x5E, 0x9A, 0x83, 0x8A, 0x89, 0x75, 0x89, 0x85, 0x6A,
    0x9C, 0x74, 0x79, 0x7F, 0x94, 0x80, 0x91, 0x61, 0x87, 0x92, 0x91, 0x5B, 0x79, 0x78, 0x83, 0x82,
    0x85, 0x83, 0x83, 0x7F, 0xA5, 0x37, 0x73, 0xA4, 0xB2, 0x1F, 0x6A, 0xC5, 0x61, 0x48, 0x88, 0xA6,
    0x47, 0x4D, 0xB4, 0x8E, 0x5B, 0x4B, 0x8B, 0xB1, 0x0B, 0xB8, 0x7A, 0x30, 0xAE, 0x43, 0xA2, 0x82,
    0x52, 0xA2, 0x57, 0xAE, 0x73, 0x6D, 0xA1, 0x78, 0x8B, 0x8C, 0x7C, 0x91, 0x95, 0x91, 0x85, 0x76,
    0x72, 0x7E, 0x74, 0x6C, 0x70, 0x75, 0x78, 0x78, 0x74, 0x76, 0x6F, 0x70, 0x77, 0x77, 0x78, 0x72,
    0x74, 0x73, 0x72, 0x74, 0x7A, 0x77, 0x77, 0x76, 0x73, 0x75, 0x72, 0x7B, 0x78, 0x7C, 0x7C, 0x7C,
    0x7F, 0x7B, 0x7D, 0x80, 0x81, 0x85, 0x83, 0x87, 0x8A, 0x85, 0x85, 0x84, 0x86, 0x85, 0x8A, 0x8A,
    0x8B, 0x89, 0x86, 0x87, 0x84, 0x82, 0x81, 0x81, 0x80, 0x83, 0x86, 0x85, 0x82, 0x80, 0x82, 0x81,
    0x80, 0x7D, 0x7D, 0x7E, 0x80, 0x80, 0x80, 0x7E, 0x80, 0x80, 0x81, 0x7F, 0x81, 0x82, 0x81, 0x85,
    0x82, 0x84, 0x85, 0x87, 0x87, 0x85, 0x80, 0x7D, 0x81, 0x82, 0x83, 0x80, 0x82, 0x82, 0x82, 0x80,
    0x80, 0x7D, 0x7F, 0x82, 0x83, 0x82, 0x80, 0x81, 0x83, 0x82, 0x7E, 0x7F, 0x83, 0x81, 0x82, 0x82,
    0x83, 0x84, 0x84, 0x82, 0x83, 0x81, 0x83, 0x81, 0x82, 0x82, 0x83, 0x84, 0x82, 0x84, 0x83, 0x84,
    0x82, 0x82, 0x81, 0x83, 0x82, 0x82, 0x83, 0x84, 0x86, 0x84, 0x84, 0x82, 0x80, 0x80, 0x83, 0x81,
    0x85, 0x84, 0x84, 0x82, 0x84, 0x84, 0x84, 0x81, 0x84, 0x85, 0x84, 0x84, 0x83, 0x83, 0x85, 0x83,
    0x84, 0x85, 0x84, 0x84, 0x84, 0x83, 0x85, 0x83, 0x84, 0x86, 0x86, 0x82, 0x82, 0x83, 0x79, 0x44,
    0x7F, 0x92, 0x9C, 0x8D, 0x79, 0x71, 0x70, 0x72, 0x80, 0x96, 0xBF, 0xEE, 0x3B, 0x00, 0x8A, 0xFF,
    0xFF, 0x62, 0x00, 0xFF, 0xB4, 0x84, 0x77, 0xFE, 0x4A, 0x00, 0x9F, 0xF9, 0xC2, 0x8E, 0x00, 0xFF,
    0x6D, 0x3E, 0xB6, 0xF0, 0x7C, 0x00, 0xFD, 0x63, 0x3F, 0xC2, 0xF2, 0x17, 0x6A, 0xDB, 0x3D, 0xA4,
    0xE6, 0x1F, 0x6D, 0xBD, 0x49, 0x9B, 0xC2, 0x81, 0x1E, 0xF1, 0x41, 0x84, 0xCE, 0xB8, 0x00, 0xE1,
    0x85, 0x29, 0xCF, 0xC0, 0x54, 0x5E, 0xDC, 0x14, 0x9E, 0xC5, 0xB1, 0x00, 0xD4, 0x77, 0x43, 0xB9,
    0xAE, 0x5F, 0x46, 0xD7, 0x43, 0x6B, 0xC9, 0x92, 0x38, 0x64, 0xB3, 0x47, 0x7F, 0xC4, 0x8B, 0x58,
    0x84, 0x96, 0x5B, 0x81, 0xBA, 0x92, 0x39, 0xAD, 0x77, 0x65, 0x8D, 0xA3, 0xAA, 0x1A, 0xC7, 0x6A,
    0x62, 0x9C, 0x92, 0xBB, 0x09, 0xCF, 0x72, 0x4E, 0xB2, 0x81, 0xB9, 0x1F, 0xC2, 0x7A, 0x41, 0xBD,
    0x7F, 0xB2, 0x28, 0xB9, 0x82, 0x3A, 0xBF, 0x87, 0xA3, 0x2B, 0xAC, 0x8B, 0x36, 0xBC, 0x96, 0x98,
    0x33, 0xA5, 0x97, 0x2B, 0xBC, 0xAB, 0x78, 0x45, 0xA0, 0x84, 0x4C, 0xA7, 0xB5, 0x5C, 0x59, 0xA0,
    0x6A, 0x71, 0x99, 0xB5, 0x46, 0x76, 0xA9, 0x43, 0x94, 0xA5, 0x9D, 0x47, 0x86, 0x9C, 0x4E, 0x92,
    0xA7, 0x9E, 0x27, 0x95, 0x9B, 0x3C, 0xA2, 0xB9, 0x75, 0x44, 0x96, 0x80, 0x6C, 0x97, 0xB1, 0x50,
    0x6D, 0xA7, 0x59, 0x86, 0xB0, 0xA6, 0x20, 0x8A, 0xA8, 0x4D, 0x93, 0xBB, 0x60, 0x54, 0x99, 0x76,
    0x7A, 0xAC, 0xA5, 0x35, 0x76, 0x99, 0x71, 0x92, 0xB3, 0x53, 0x5C, 0x94, 0x75, 0x88, 0xAF, 0x6E,
    0x54, 0x8C, 0x7A, 0x80, 0xAE, 0x90, 0x4C, 0x76, 0x7D, 0x84, 0xA9, 0x9E, 0x51, 0x65, 0x84, 0x84,
    0xA3, 0xA0, 0x56, 0x64, 0x7E, 0x89, 0xA2, 0x9D, 0x5B, 0x62, 0x7A, 0x85, 0xA6, 0x98, 0x5B, 0x67,
    0x7D, 0x89, 0xA4, 0x8E, 0x5E, 0x68, 0x7E, 0x8A, 0xA5, 0x86, 0x60, 0x6B, 0x80, 0x8E, 0xA7, 0x7F,
    0x5D, 0x72, 0x81, 0x8F, 0xA6, 0x80, 0x58, 0x70, 0x87, 0x91, 0xA9, 0x81, 0x54, 0x68, 0x87, 0x99,
    0xA8, 0x81, 0x57, 0x63, 0x86, 0x9C, 0xA9, 0x7D, 0x5B, 0x65, 0x81, 0x9F, 0xA9, 0x79, 0x59, 0x67,
    0x82, 0xA0, 0xA8, 0x7B, 0x57, 0x64, 0x83, 0xA0, 0xA6, 0x7E, 0x59, 0x61, 0x83, 0x9F, 0xA7, 0x82,
    0x5D, 0x5B, 0x7C, 0x9D, 0xAA, 0x8E, 0x65, 0x59, 0x73, 0x95, 0xA5, 0x94, 0x72, 0x5B, 0x6A, 0x8C,
    0xA1, 0x95, 0x7E, 0x66, 0x68, 0x85, 0x95, 0x8D, 0x85, 0x77, 0x71, 0x7D, 0x84, 0x8A, 0x89, 0x80,
    0x7A, 0x76, 0x7E, 0x87, 0x88, 0x82, 0x7E, 0x7B, 0x7D, 0x83, 0x84, 0x82, 0x7F, 0x7D, 0x80, 0x82,
    0x84, 0x84, 0x80, 0x7F, 0x80, 0x80, 0x82, 0x82, 0x80, 0x7E, 0x80, 0x82, 0x82, 0x80, 0x82, 0x80,
    0x81, 0x80, 0x81, 0x80, 0x80, 0x80, 0x81, 0x81, 0x82, 0x81, 0x81, 0x80, 0x81, 0x81, 0x80, 0x80,
    0x9F, 0x81, 0x83, 0x81, 0x80, 0x80, 0x80, 0x81, 0x81, 0x81, 0x82, 0x80, 0x80, 0x82, 0x81, 0x80,
    0x80, 0x80, 0x80, 0x81, 0x82, 0x80, 0x80, 0x80, 0x81, 0x81, 0x7F, 0x80, 0x80, 0x80, 0x80, 0x81,
    0x81, 0x81, 0x81, 0x80, 0x81, 0x82, 0x82, 0x80, 0x80, 0x80, 0x81, 0x81, 0x81, 0x82, 0x7F, 0x80,
    0x81, 0x82, 0x80, 0x82, 0x80, 0x83, 0x7F, 0x7E, 0x81, 0x80, 0x81, 0x88, 0x7D, 0x7B, 0x7F, 0x79,
    0x7C, 0x80, 0x84, 0x80, 0x88, 0x85, 0x7C, 0x83, 0x86, 0x83, 0x81, 0x7D, 0x7F, 0x83, 0x83, 0x80,
    0x7F, 0x80, 0x80, 0x80, 0x7D, 0x81, 0x81, 0x7A, 0x87, 0x83, 0x7F, 0x85, 0x80, 0x80, 0x80, 0x80,
    0x81, 0x84, 0x7E, 0x80, 0x81, 0x80, 0x88, 0x81, 0x82, 0x83, 0x81, 0x83, 0x8A, 0x88, 0x84, 0x8A,
    0x8E, 0x86, 0x84, 0x93, 0x87, 0x82, 0x84, 0x82, 0x84, 0x7C, 0x73, 0x78, 0x7B, 0x76, 0x71, 0x7D,
    0x7A, 0x78, 0x7E, 0x74, 0x75, 0x7F, 0x74, 0x79, 0x7B, 0x7D, 0x81, 0x7B, 0x81, 0x7D, 0x81, 0x7E,
    0x7D, 0x86, 0x7C, 0x7E, 0x83, 0x80, 0x84, 0x81, 0x81, 0x81, 0x82, 0x81, 0x82, 0x7D, 0x86, 0x82,
    0x80, 0x84, 0x84, 0x82, 0x82, 0x86, 0x84, 0x80, 0x8D, 0x7E, 0x86, 0x7F, 0x82, 0x8A, 0x83, 0x87,
    0x84, 0x88, 0x7F, 0x80, 0x85, 0x80, 0x81, 0x7B, 0x8A, 0x80, 0x85, 0x7D, 0x80, 0x7A, 0x7B, 0x7D,
    0x80, 0x8C, 0x8D, 0x7E, 0x86, 0x6D, 0x71, 0x78, 0x7D, 0x8C, 0x9A, 0x89, 0x86, 0x64, 0x6E, 0x7F,
    0x78, 0x8F, 0x9D, 0x86, 0x90, 0x66, 0x65, 0x82, 0x81, 0x90, 0x94, 0x91, 0x80, 0x65, 0x66, 0x8A,
    0x80, 0x92, 0xA3, 0x88, 0x64, 0x68, 0x74, 0x7E, 0x8C, 0x98, 0xAD, 0x6D, 0x6A, 0x62, 0x78, 0x83,
    0x8A, 0xA6, 0xAE, 0x5D, 0x6E, 0x5D, 0x7F, 0x81, 0x8D, 0xAA, 0xB4, 0x42, 0x62, 0x8B, 0x5B, 0x9B,
    0x8D, 0xB8, 0x9C, 0x27, 0x89, 0x94, 0x3C, 0xB0, 0x77, 0xAB, 0xC0, 0x29, 0x69, 0xBB, 0x4E, 0x75,
    0x91, 0x74, 0x96, 0x9B, 0xCC, 0x00, 0xDE, 0x7A, 0x72, 0x6C, 0x91, 0x75, 0x6F, 0x95, 0x6F, 0xB0,
    0xDE, 0x00, 0xF3, 0x74, 0x4F, 0x8E, 0x96, 0x5F, 0x7B, 0x9B, 0x6B, 0x87, 0xC0, 0x73, 0x62, 0xB5,
    0x8A, 0x2F, 0xD3, 0x5E, 0x62, 0xA3, 0x66, 0x91, 0x8A, 0xDC, 0x07, 0xCD, 0x85, 0x5E, 0x7C, 0xB0,
    0x52, 0x78, 0xA9, 0x47, 0xA2, 0x80, 0xBF, 0x4D, 0x82, 0xA3, 0x7A, 0x4F, 0xC6, 0x59, 0x6A, 0xA1,
    0x66, 0x7E, 0x91, 0x93, 0xC0, 0x0B, 0xBC, 0x8C, 0x5F, 0x81, 0xA1, 0x55, 0x7D, 0x9B, 0x4F, 0xA2,
    0x82, 0xB1, 0x66, 0x4A, 0xBE, 0x79, 0x4F, 0xBD, 0x5A, 0x71, 0xA0, 0x5E, 0x84, 0x8A, 0x84, 0xB2,
    0x80, 0x39, 0xD7, 0x74, 0x44, 0xCA, 0x5B, 0x70, 0x9C, 0x72, 0x6A, 0x9D, 0x77, 0xA3, 0xC2, 0x00,
    0xDC, 0x80, 0x4E, 0x9D, 0x91, 0x55, 0x90, 0x92, 0x4A, 0xA1, 0x7A, 0x89, 0xB7, 0x72, 0x47, 0xD1,
    0x68, 0x4B, 0xD3, 0x4E, 0x74, 0xA2, 0x6C, 0x67, 0x98, 0x7E, 0x82, 0xB5, 0x91, 0x2B, 0xE2, 0x66,
    0x4F, 0xC9, 0x5C, 0x6D, 0xA1, 0x83, 0x49, 0xAB, 0x74, 0x80, 0xA2, 0xB2, 0x53, 0x80, 0xA7, 0x71,
    0x58, 0xD5, 0x38, 0x87, 0xA8, 0x57, 0x75, 0x99, 0x79, 0x81, 0xA6, 0xBD, 0x0D, 0xC2, 0x82, 0x73,
    0x68, 0xC4, 0x39, 0x88, 0xAA, 0x4F, 0x80, 0x93, 0x74, 0x84, 0x9D, 0x9F, 0x6E, 0x55, 0xC3, 0x82,
    0x39, 0xC9, 0x65, 0x70, 0x96, 0x99, 0x44, 0x9D, 0x86, 0x70, 0x9A, 0x8C, 0xB9, 0x3B, 0x97, 0x95,
    0x85, 0x43, 0xC6, 0x60, 0x6C, 0x8F, 0x83, 0x5B, 0x92, 0x88, 0x6B, 0x9E, 0x8D, 0xA9, 0x5B, 0x4E,
    0xA8, 0x8F, 0x55, 0x80, 0x94, 0x73, 0x6D, 0x8D, 0x7B, 0x6F, 0x8A, 0x83, 0x7D, 0x8F, 0x98, 0x99,
    0x71, 0x56, 0x89, 0x88, 0x7B, 0x7B, 0x7C, 0x77, 0x79, 0x82, 0x7F, 0x85, 0x7F, 0x87, 0x77, 0x7E,
    0x81, 0x81, 0x80, 0x80, 0x85, 0x7D, 0x86, 0x80, 0x81, 0x7E, 0x79, 0x78, 0x7B, 0x7D, 0x82, 0x7F,
    0x80, 0x82, 0x82, 0x82, 0x82, 0x82, 0x7C, 0x81, 0x7E, 0x81, 0x80, 0x82, 0x7E, 0x80, 0x7F, 0x81,
    0x7F, 0x7F, 0x80, 0x7F, 0x7E, 0x81, 0x80, 0x7E, 0x80, 0x80, 0x80, 0x7E, 0x82, 0x80, 0x7F, 0x80,
    0x80, 0x7E, 0x80, 0x82, 0x7E, 0x81, 0x80, 0x81, 0x80, 0x7F, 0x81, 0x80, 0x82, 0x81, 0x80, 0x80,
    0x80, 0x7F, 0x7E, 0x81, 0x80, 0x7F, 0x7F, 0x80, 0x81, 0x80, 0x80, 0x82, 0x80, 0x80, 0x80, 0x7F,
    0x81, 0x80, 0x7E, 0x80, 0x80, 0x80, 0x81, 0x80, 0x7F, 0x81, 0x81, 0x80, 0x7E, 0x81, 0x80, 0x7F,
    0x83, 0x80, 0x81, 0x81, 0x80, 0x7F, 0x80, 0x81, 0x80, 0x80, 0x80, 0x81, 0x7F, 0x81, 0x80, 0x80,
    0x80, 0x81, 0x80, 0x80, 0x81, 0x80, 0x80, 0x80, 0x80, 0x82, 0x80, 0x80, 0x80, 0x7C, 0x7E, 0x7E,
    0x7E, 0x7D, 0x80, 0x7F, 0x7E, 0x80, 0x83, 0x80, 0x81, 0x80, 0x80, 0x81, 0x82, 0x83, 0x81, 0x80,
    0x84, 0x87, 0x82, 0x89, 0x91, 0x92, 0x92, 0x92, 0x8A, 0x6C, 0x5D, 0x6D, 0x85, 0x87, 0x74, 0x69,
    0x72, 0x7F, 0x79, 0x6D, 0x79, 0x89, 0x94, 0x9E, 0xA9, 0x79, 0x65, 0x50, 0x89, 0xAF, 0x82, 0x5F,
    0x6F, 0x8D, 0x91, 0x86, 0x7B, 0x71, 0x7C, 0x8F, 0x87, 0x75, 0x69, 0x79, 0x8C, 0x89, 0x7C, 0x84,
    0x94, 0x9D, 0x99, 0x6A, 0x5D, 0x77, 0x94, 0x94, 0x81, 0x75, 0x84, 0x99, 0x97, 0x83, 0x75, 0x79,
    0x74, 0x75, 0x7F, 0x83, 0x8B, 0x98, 0xA1, 0x99, 0x63, 0x5B, 0x7D, 0x9C, 0x8B, 0x74, 0x66, 0x78,
    0x8C, 0x8C, 0x7F, 0x75, 0x7D, 0x89, 0x89, 0x7E, 0x6F, 0x70, 0x79, 0x83, 0x83, 0x83, 0x8D, 0x95,
    0x96, 0x7E, 0x66, 0x66, 0x81, 0x8B, 0x82, 0x74, 0x74, 0x80, 0x8A, 0x88, 0x74, 0x79, 0x73, 0x78,
    0x7E, 0x82, 0x83, 0x8D, 0x97, 0x9A, 0x76, 0x67, 0x6D, 0x87, 0x8B, 0x7F, 0x71, 0x75, 0x83, 0x8B,
    0x88, 0x80, 0x7E, 0x81, 0x86, 0x82, 0x78, 0x75, 0x7B, 0x83, 0x87, 0x88, 0x8C, 0x93, 0x93, 0x84,
    0x71, 0x6D, 0x7B, 0x81, 0x82, 0x7D, 0x7C, 0x7E, 0x84, 0x87, 0x85, 0x80, 0x7E, 0x7D, 0x7B, 0x7C,
    0x7F, 0x81, 0x87, 0x8D, 0x91, 0x92, 0x87, 0x76, 0x73, 0x7B, 0x80, 0x7F, 0x7D, 0x7E, 0x7F, 0x82,
    0x84, 0x84, 0x84, 0x82, 0x81, 0x80, 0x7D, 0x7C, 0x7B, 0x7D, 0x80, 0x83, 0x87, 0x8B, 0x8E, 0x8E,
    0x84, 0x7C, 0x75, 0x78, 0x7D, 0x7E, 0x7F, 0x7E, 0x80, 0x82, 0x84, 0x85, 0x84, 0x80, 0x7C, 0x7C,
    0x7D, 0x7F, 0x82, 0x84, 0x8A, 0x90, 0x90, 0x82, 0x79, 0x76, 0x7C, 0x7F, 0x7D, 0x7D, 0x7C, 0x80,
    0x82, 0x85, 0x85, 0x83, 0x81, 0x81, 0x81, 0x80, 0x7C, 0x7B, 0x7B, 0x7E, 0x82, 0x84, 0x86, 0x87,
    0x89, 0x8A, 0x88, 0x81, 0x7A, 0x7A, 0x79, 0x7C, 0x7F, 0x80, 0x80, 0x80, 0x83, 0x83, 0x82, 0x7E,
    0x7A, 0x7E, 0x81, 0x86, 0x8A, 0x8F, 0x8F, 0x7E, 0x7D, 0x78, 0x7E, 0x80, 0x7E, 0x7F, 0x7D, 0x80,
    0x81, 0x83, 0x83, 0x81, 0x82, 0x81, 0x82, 0x80, 0x80, 0x80, 0x80, 0x80, 0x81, 0x82, 0x82, 0x81,
    0x81, 0x80, 0x7E, 0x7F, 0x80, 0x80, 0x81, 0x81, 0x83, 0x85, 0x86, 0x87, 0x89, 0x86, 0x7E, 0x7B,
    0x79, 0x7E, 0x7D, 0x7E, 0x7E, 0x7F, 0x81, 0x83, 0x85, 0x83, 0x82, 0x81, 0x7E, 0x7D, 0x7C, 0x7E,
    0x7F, 0x80, 0x83, 0x86, 0x8A, 0x8F, 0x89, 0x7D, 0x78, 0x78, 0x7D, 0x7E, 0x7D, 0x7D, 0x7F, 0x83,
    0x84, 0x85, 0x83, 0x82, 0x80, 0x80, 0x80, 0x80, 0x80, 0x80, 0x80, 0x80, 0x81, 0x80, 0x7F, 0x80,
    0x7F, 0x80, 0x80, 0x81, 0x82, 0x85, 0x87, 0x8A, 0x8B, 0x81, 0x7B, 0x78, 0x7C, 0x7E, 0x7D, 0x7E,
    0x7E, 0x81, 0x83, 0x84, 0x82, 0x82, 0x81, 0x81, 0x81, 0x80, 0x7F, 0x81, 0x80, 0x82, 0x81, 0x81,
    0x80, 0x7F, 0x7E, 0x7E, 0x81, 0x80, 0x81, 0x82, 0x85, 0x86, 0x88, 0x88, 0x86, 0x83, 0x7B, 0x7A,
    0x7B, 0x7C, 0x7D, 0x7D, 0x80, 0x81, 0x83, 0x84, 0x82, 0x7D, 0x7D, 0x7E, 0x7F, 0x82, 0x86, 0x8A,
    0x8D, 0x8D, 0x7C, 0x7A, 0x7F, 0x7E, 0x80, 0x7C, 0x7E, 0x7D, 0x81, 0x82, 0x83, 0x82, 0x82, 0x83,
    0x82, 0x82, 0x80, 0x7E, 0x7E, 0x7F, 0x80, 0x80, 0x81, 0x82, 0x82, 0x82, 0x81, 0x80, 0x7F, 0x80,
    0x80, 0x7E, 0x7C, 0x7F, 0x80, 0x81, 0x82, 0x83, 0x84, 0x86, 0x89, 0x88, 0x89, 0x84, 0x7C, 0x76,
    0x78, 0x7C, 0x7D, 0x80, 0x80, 0x81, 0x82, 0x80, 0x82, 0x81, 0x80, 0x80, 0x80, 0x81, 0x82, 0x84,
    0x83, 0x83, 0x84, 0x85, 0x85, 0x80, 0x7B, 0x7C, 0x7B, 0x7B, 0x7B, 0x7D, 0x80, 0x82, 0x83, 0x84,
    0x86, 0x86, 0x86, 0x85, 0x85, 0x85, 0x82, 0x7E, 0x77, 0x81, 0x7B, 0x79, 0x7E, 0x80, 0x81, 0x80,
    0x82, 0x80, 0x81, 0x81, 0x82, 0x82, 0x82, 0x81, 0x81, 0x83, 0x82, 0x82, 0x80, 0x80, 0x81, 0x82,
    0x81, 0x80, 0x80, 0x7E, 0x7F, 0x7F, 0x80, 0x80, 0x80, 0x82, 0x83, 0x82, 0x83, 0x82, 0x82, 0x81,
    0x82, 0x81, 0x81, 0x80, 0x80, 0x7F, 0x80, 0x80, 0x80, 0x80, 0x80, 0x81, 0x81, 0x81, 0x81, 0x81,
    0x81, 0x82, 0x83, 0x81, 0x80, 0x80, 0x80, 0x80, 0x80, 0x80, 0x80, 0x80, 0x81, 0x81, 0x82, 0x80,
    0x7C, 0x80, 0x80, 0x81, 0x81, 0x81, 0x81, 0x81, 0x82, 0x81, 0x80, 0x81, 0x82, 0x82, 0x81, 0x80,
    0x80, 0x80, 0x81, 0x80, 0x80, 0x81, 0x80, 0x81, 0x81, 0x81, 0x80, 0x80, 0x7F, 0x7F, 0x80, 0x80,
    0x80, 0x80, 0x80, 0x7F, 0x80, 0x80, 0x81, 0x80, 0x80, 0x81, 0x81, 0x80, 0x81, 0x81, 0x81, 0x81,
    0x81, 0x81, 0x81, 0x81, 0x81, 0x81, 0x82, 0x83, 0x83, 0x83, 0x82, 0x82, 0x81, 0x81, 0x82, 0x82,
    0x83, 0x82, 0x82, 0x82, 0x83, 0x82, 0x82, 0x81, 0x80, 0x81, 0x81, 0x80, 0x80, 0x80, 0x80, 0x80,
    0x81, 0x81, 0x80, 0x80, 0x80, 0x80, 0x80, 0x80, 0x81, 0x80, 0x81, 0x81, 0x81, 0x81, 0x81, 0x80,
    0x80, 0x80, 0x81, 0x81, 0x81, 0x80, 0x7F, 0x80, 0x80, 0x81, 0x80, 0x80, 0x88, 0x85, 0x84, 0x80,
    0x7C, 0x79, 0x7A, 0x7F, 0x82, 0x86, 0x88, 0x88, 0x83, 0x80, 0x7C, 0x80, 0x00, 0x85, 0x83, 0x83,
    0x81, 0x86, 0x81, 0x82, 0x84, 0x82, 0x7D, 0x7D, 0x82, 0x83, 0x85, 0x7F, 0x83, 0x85, 0x86, 0x88,
    0x81, 0x7F, 0x80, 0x80, 0x81, 0x76, 0x79, 0x7E, 0x87, 0x89, 0x84, 0x81, 0x80, 0x7F, 0x7A, 0x7C,
    0x7C, 0x7D, 0x82, 0x86, 0x85, 0x86, 0x88, 0x88, 0x7A, 0x78, 0x72, 0x1A, 0xF2, 0x32, 0xE1, 0x16,
    0xDE, 0x27, 0x2C, 0xF0, 0x72, 0xEB, 0x54, 0xAC, 0x80, 0x51, 0xAE, 0x61, 0xA2, 0x83, 0xA5, 0x70,
    0x35, 0x6C, 0x73, 0xA6, 0x65, 0x80, 0x87, 0x57, 0x34, 0x53, 0xC3, 0xA3, 0x7E, 0x98, 0x23, 0x8C,
    0x39, 0xFF, 0xDF, 0x6F, 0x00, 0x03, 0xE1, 0xFF, 0xA6, 0x00, 0x00, 0x85, 0xFF, 0xFF, 0x10, 0x00,
    0x30, 0xFF, 0xFF, 0x84, 0x00, 0x00, 0xC8, 0xFF, 0xDE, 0x00, 0x00, 0x56, 0xFF, 0xFF, 0x82, 0x00,
    0x00, 0xAF, 0xE7, 0xF6, 0x44, 0x1D, 0x2B, 0xE4, 0xB5, 0xF5, 0x06, 0x67, 0x40, 0xFF, 0x90, 0xAE,
    0x00, 0xA2, 0x5F, 0xDB, 0xA2, 0x6A, 0x30, 0x79, 0xAA, 0xA3, 0xDF, 0x20, 0x73, 0x72, 0xEE, 0x9E,
    0x91, 0x04, 0xBF, 0x5D, 0xEC, 0x99, 0x86, 0x1C, 0xA7, 0x98, 0xCC, 0xCC, 0x15, 0x67, 0xBE, 0xF5,
    0x37, 0xB6, 0x16, 0xDD, 0x19, 0xB3, 0x88, 0xF5, 0x04, 0x8C, 0x65, 0xFB, 0x5C, 0x9D, 0x03, 0xE5,
    0x8E, 0xBF, 0x4F, 0xBD, 0x1E, 0xA6, 0x48, 0xD3, 0xD2, 0x7D, 0x17, 0xCB, 0xB5, 0xB7, 0x93, 0x31,
    0x77, 0xC1, 0x93, 0x80, 0xD0, 0x33, 0x73, 0x64, 0xBA, 0x92, 0xF3, 0x11, 0x7D, 0x90, 0xCF, 0xBD,
    0x6E, 0x16, 0xBB, 0x9D, 0xAE, 0xDD, 0x2A, 0x52, 0xB5, 0x92, 0xC7, 0xD7, 0x0F, 0x79, 0xAD, 0xB1,
    0xBB, 0x9B, 0x00, 0xAE, 0xA4, 0xC5, 0xFA, 0x1A, 0x31, 0xC9, 0xBA, 0xC7, 0xCA, 0x00, 0x91, 0xBE,
    0xA4, 0xEE, 0x64, 0x16, 0x92, 0xBA, 0xC0, 0xFB, 0x2F, 0x1F, 0xF4, 0xBD, 0xE3, 0xA2, 0x00, 0xA7,
    0xC7, 0xB8, 0xA3, 0x99, 0x14, 0x5E, 0xA9, 0x9A, 0xF5, 0x96, 0x00, 0x8E, 0xE6, 0xAD, 0xF9, 0x62,
    0x00, 0xCC, 0xCC, 0xA1, 0xC7, 0x80, 0x02, 0x9F, 0x9E, 0x9E, 0xE4, 0xCF, 0x05, 0x4C, 0xDA, 0xA6,
    0xE4, 0xD3, 0x00, 0x4A, 0xF4, 0x9D, 0xCF, 0xE4, 0x03, 0x43, 0xE4, 0x9C, 0xCD, 0xFA, 0x3C, 0x00,
    0xB5, 0xD0, 0xAC, 0xFF, 0x75, 0x00, 0xA2, 0xEA, 0x77, 0xED, 0xB2, 0x00, 0x6D, 0xF3, 0x80, 0xDD,
    0xEE, 0x11, 0x13, 0xE6, 0xB4, 0xB6, 0xFF, 0x67, 0x00, 0x8B, 0xDC, 0x98, 0xF2, 0xDC, 0x05, 0x18,
    0xDE, 0xC3, 0xC2, 0xFF, 0x5B, 0x00, 0x7D, 0xF0, 0xA6, 0xEB, 0xDE, 0x05, 0x14, 0xCF, 0xC7, 0xB2,
    0xFB, 0x86, 0x00, 0x4E, 0xD7, 0x9F, 0xCE, 0xFB, 0x3C, 0x00, 0x7F, 0xB4, 0x8C, 0xE6, 0xEE, 0x23,
    0x0B, 0x95, 0x80, 0x93, 0xF6, 0xE4, 0x20, 0x12, 0x7E, 0x69, 0x96, 0xF4, 0xEC, 0x3E, 0x0C, 0x61,
    0x68, 0x8A, 0xED, 0xF4, 0x65, 0x16, 0x47, 0x56, 0x88, 0xDC, 0xF6, 0x94, 0x35, 0x46, 0x59, 0x72,
    0xA0, 0xE7, 0xBB, 0x6B, 0x3B, 0x5B, 0x6E, 0x89, 0xB3, 0xD8, 0x87, 0x4F, 0x53, 0x6A, 0x7E, 0x9A,
    0xC6, 0x96, 0x7A, 0x64, 0x5D, 0x70, 0x87, 0xA8, 0x9C, 0x91, 0x74, 0x6A, 0x62, 0x79, 0x89, 0x95,
    0x9B, 0x8B, 0x6D, 0x68, 0x74, 0x6E, 0x86, 0x90, 0x8D, 0x7D, 0x89, 0x75, 0x72, 0x7C, 0x84, 0x83,
    0x85, 0x87, 0x7B, 0x7E, 0x80, 0x7E, 0x7D, 0x82, 0x8A, 0x88, 0x83, 0x84, 0x83, 0x79, 0x83, 0x7F,
    0x82, 0x8B, 0x7D, 0x87, 0x78, 0x82, 0x82, 0x8D, 0x82, 0x83, 0x85, 0x80, 0x8D, 0x7E, 0x82, 0x7D,
    0x87, 0x7E, 0x8E, 0x7B, 0x87, 0x7F, 0x7F, 0x84, 0x84, 0x8D, 0x80, 0x86, 0x85, 0x7E, 0x85, 0x81,
    0x8E, 0x88, 0x81, 0x8A, 0x7D, 0x80, 0x81, 0x81, 0x8B, 0x87, 0x89, 0x7D, 0x7A, 0x7F, 0x7C, 0x80,
    0x8D, 0x7F, 0x84, 0x84, 0x80, 0x89, 0x8A, 0x93, 0x88, 0x80, 0x7E, 0x81, 0x7F, 0x81, 0x89, 0x83,
    0x85, 0x88, 0x7D, 0x8E, 0x86, 0x8B, 0x89, 0x8B, 0x8A, 0x80, 0x93, 0x73, 0x94, 0x7E, 0x8A, 0x7F,
    0x81, 0x7E, 0x78, 0x84, 0x79, 0x7D, 0x72, 0x78, 0x6E, 0x79, 0x6B, 0x85, 0x79, 0x7A, 0x74, 0x74,
    0x73, 0x77, 0x7A, 0x83, 0x78, 0x83, 0x74, 0x7D, 0x7C, 0x83, 0x81, 0x8A, 0x80, 0x8B, 0x8F, 0x85,
    0x90, 0x8F, 0x92, 0x88, 0x8B, 0x8D, 0x8B, 0x8E, 0x8B, 0x90, 0x95, 0x80, 0x81, 0x82, 0x84, 0x7C,
    0x81, 0x82, 0x81, 0x7B, 0x78, 0x85, 0x77, 0x82, 0x81, 0x86, 0x84, 0x88, 0x88, 0x80, 0x87, 0x82,
    0x7E, 0x75, 0x7C, 0x77, 0x75, 0x7B, 0x72, 0x7C, 0x7D, 0x6F, 0x87, 0x74, 0x7B, 0x80, 0x89, 0x83,
    0x85, 0x8A, 0x89, 0x8D, 0x88, 0x8B, 0x86, 0x8C, 0x8D, 0x7F, 0x87, 0x7F, 0x78, 0x82, 0x85, 0x7F,
    0x7D, 0x7E, 0x7D, 0x82, 0x73, 0x8A, 0x7F, 0x87, 0x8F, 0x88, 0x66, 0x5B, 0x5E, 0x7E, 0xA4, 0xC9,
    0xD6, 0x74, 0x09, 0x1A, 0x6A, 0x93, 0xD0, 0xFF, 0xE3, 0x1C, 0x00, 0x72, 0x81, 0x94, 0xEA, 0xFF,
    0xC0, 0x00, 0x08, 0x96, 0x96, 0xA6, 0xF5, 0xFF, 0x8E, 0x00, 0x14, 0xCD, 0xAE, 0xB1, 0xFC, 0xFF,
    0x60, 0x00, 0x31, 0xF6, 0xC7, 0xBC, 0xF6, 0xFF, 0x42, 0x00, 0x4D, 0xFF, 0xCE, 0xA2, 0xF4, 0xF8,
    0x2F, 0x00, 0x64, 0xFF, 0xBE, 0xA7, 0xF3, 0xF1, 0x20, 0x00, 0x71, 0xFF, 0xC4, 0x99, 0xE6, 0xEF,
    0x25, 0x00, 0x6E, 0xFF, 0xBE, 0xA0, 0xCD, 0xE8, 0x37, 0x00, 0x40, 0xF3, 0xD3, 0x89, 0xD7, 0xFF,
    0x3B, 0x00, 0x79, 0xFF, 0xA9, 0x38, 0xB1, 0xEC, 0xBF, 0x2C, 0x00, 0x4D, 0xEA, 0xB3, 0x80, 0xAD,
    0xDF, 0xAE, 0x09, 0x05, 0xC1, 0xF0, 0x71, 0x65, 0xBA, 0xDD, 0xAD, 0x0F, 0x01, 0xAF, 0xE1, 0x7D,
    0x82, 0xC5, 0xD9, 0x83, 0x05, 0x10, 0xD5, 0xDF, 0x5C, 0x80, 0xB1, 0xBC, 0xB3, 0x1F, 0x01, 0xAB,
    0xDD, 0x6C, 0x6F, 0xB3, 0xC3, 0xDF, 0x34, 0x00, 0x7E, 0xF7, 0x88, 0x71, 0xBC, 0x89, 0xE0, 0x89,
    0x00, 0x35, 0xFA, 0xB1, 0x4A, 0xAD, 0xB8, 0xC1, 0xC1, 0x0D, 0x0A, 0xE3, 0xE0, 0x3B, 0x80, 0xAD,
    0x69, 0xEB, 0xB8, 0x00, 0x38, 0xFE, 0x9B, 0x41, 0xD9, 0x95, 0x55, 0xFF, 0x67, 0x00, 0x9F, 0xF1,
    0x41, 0x82, 0xC7, 0x3D, 0x93, 0xFF, 0x63, 0x00, 0x92, 0xF3, 0x57, 0x98, 0xBE, 0x3F, 0x5E, 0xFE,
    0xC0, 0x00, 0x36, 0xFB, 0x9D, 0x80, 0x9A, 0x4C, 0x84, 0xEE, 0xFF, 0x66, 0x00, 0x67, 0xFF, 0xB7,
    0x80, 0x48, 0x1B, 0xAE, 0xE7, 0xDD, 0xFE, 0x1C, 0x00, 0xE8, 0xE6, 0x7B, 0xAF, 0x06, 0x44, 0xFD,
    0x41, 0x83, 0xFD, 0xD3, 0xC1, 0x00, 0x38, 0xFF, 0xBB, 0x94, 0x55, 0x04, 0xC1, 0xA4, 0x48, 0xC6,
    0xC3, 0xF4, 0x9B, 0x00, 0x98, 0xD0, 0x96, 0xEB, 0x0F, 0x62, 0xDB, 0x2D, 0xC8, 0x54, 0x93, 0xFF,
    0xEE, 0x0C, 0x1A, 0x93, 0xCD, 0xF6, 0x29, 0x20, 0xAA, 0x69, 0x81, 0x5B, 0xAF, 0xB8, 0xDC, 0xFC,
    0x0C, 0x70, 0x7C, 0xC8, 0xEB, 0x00, 0x94, 0x28, 0x9C, 0x9D, 0x43, 0xBE, 0x4A, 0xEF, 0xD8, 0xE8,
    0x00, 0x80, 0x96, 0xEB, 0xA3, 0x17, 0x6E, 0x66, 0xEC, 0x34, 0x5A, 0x66, 0xAE, 0xA8, 0xCC, 0xE1,
    0xA2, 0x0D, 0x8B, 0x91, 0xE6, 0x44, 0x58, 0x37, 0xC2, 0x91, 0x58, 0x34, 0xAA, 0x8A, 0x92, 0x89,
    0xC3, 0xD7, 0xA9, 0x0E, 0x79, 0x83, 0xC0, 0x8F, 0x35, 0x43, 0x93, 0xB7, 0x55, 0x47, 0x7E, 0xA3,
    0x83, 0xB3, 0x86, 0xCF, 0xCF, 0x37, 0x32, 0x49, 0xE7, 0xA6, 0x61, 0x30, 0x75, 0xA7, 0xA0, 0x43,
    0x35, 0x9D, 0xBA, 0x6B, 0x9E, 0xB2, 0xBC, 0xC0, 0x48, 0x3A, 0x3C, 0xE2, 0xA6, 0x5A, 0x4B, 0x5E,
    0xAF, 0x99, 0x76, 0x5B, 0x65, 0x76, 0x69, 0x8E, 0x9D, 0x8A, 0x9F, 0xBC, 0xEF, 0x6C, 0x13, 0x1F,
    0xDB, 0xB8, 0x77, 0x47, 0x4B, 0xAF, 0xA5, 0x6B, 0x47, 0x2F, 0xA7, 0xC0, 0x82, 0x95, 0xA0, 0xC0,
    0xE6, 0x07, 0x44, 0x9B, 0xA9, 0xD1, 0x4C, 0x2A, 0x8F, 0xA1, 0xAE, 0x63, 0x43, 0x85, 0xA5, 0xA5,
    0x74, 0x2D, 0x54, 0x8B, 0xCC, 0xA5, 0x96, 0x97, 0xCB, 0x3B, 0x3A, 0x56, 0xA2, 0xD0, 0x72, 0x43,
    0x5B, 0x8A, 0xB5, 0x90, 0x55, 0x63, 0x7C, 0x80, 0x82, 0x89, 0x91, 0xA7, 0xB2, 0xD9, 0x29, 0x2E,
    0x66, 0xA9, 0xD2, 0x72, 0x3B, 0x6E, 0x97, 0xA1, 0x8E, 0x58, 0x63, 0x95, 0xA7, 0x8A, 0x67, 0x46,
    0x55, 0x9B, 0xBC, 0xA8, 0x87, 0xAC, 0x89, 0x5E, 0x30, 0x7E, 0xAD, 0x9B, 0x79, 0x50, 0x5F, 0x91,
    0xA1, 0x8D, 0x71, 0x66, 0x88, 0x99, 0x91, 0x77, 0x5E, 0x4C, 0x76, 0xAB, 0xB7, 0xA3, 0xB1, 0x72,
    0x58, 0x31, 0x82, 0xBB, 0x9C, 0x7A, 0x59, 0x57, 0x8A, 0xA4, 0x94, 0x7D, 0x68, 0x71, 0x92, 0x99,
    0x84, 0x76, 0x6B, 0x75, 0x86, 0x74, 0x77, 0x88, 0x96, 0xA6, 0xCB, 0x74, 0x54, 0x42, 0x5C, 0xA1,
    0xAF, 0x9B, 0x78, 0x53, 0x5B, 0x87, 0xA0, 0xA5, 0x8D, 0x6F, 0x64, 0x75, 0x87, 0x95, 0x8F, 0x80,
    0x76, 0x76, 0x80, 0x86, 0x89, 0x86, 0x82, 0x77, 0x7D, 0x80, 0x83, 0x87, 0x84, 0x7D, 0x7E, 0x7E,
    0x82, 0x85, 0x83, 0x85, 0x85, 0x86, 0x7D, 0x79, 0x7A, 0x7F, 0x83, 0x85, 0x83, 0x7C, 0x7B, 0x7E,
    0x81, 0x88, 0x87, 0x80, 0x7F, 0x7E, 0x82, 0x87, 0x86, 0x84, 0x80, 0x7D, 0x7E, 0x82, 0x82, 0x83,
    0x81, 0x7E, 0x83, 0x86, 0x86, 0x82, 0x7E, 0x7D, 0x80, 0x82, 0x83, 0x81, 0x81, 0x83, 0x86, 0x83,
    0x80, 0x7F, 0x7F, 0x80, 0x81, 0x82, 0x81, 0x83, 0x81, 0x7F, 0x81, 0x80, 0x83, 0x80, 0x82, 0x81,
    0x81, 0x84, 0x82, 0x81, 0x80, 0x81, 0x83, 0x86, 0x85, 0x80, 0x80, 0x80, 0x80, 0x83, 0x82, 0x83,
    0x83, 0x82, 0x83, 0x82, 0x83, 0x83, 0x82, 0x81, 0x80, 0x80, 0x82, 0x83, 0x82, 0x82, 0x82, 0x82,
    0x81, 0x80, 0x80, 0x80, 0x82, 0x83, 0x83, 0x83, 0x82, 0x80, 0x80, 0x83, 0x82, 0x80, 0x80, 0x80,
    0x81, 0x81, 0x81, 0x82, 0x83, 0x83, 0x83, 0x83, 0x82, 0x82, 0x81, 0x81, 0x81, 0x80, 0x80, 0x82,
    0x82, 0x82, 0x82, 0x82, 0x83, 0x82, 0x81, 0x81, 0x83, 0x83, 0x82, 0x80, 0x81, 0x81, 0x83, 0x82,
    0x82, 0x80, 0x81, 0x82, 0x82, 0x82, 0x82, 0x82, 0x81, 0x81, 0x80, 0x82, 0x83, 0x84, 0x82, 0x7F,
    0x6E, 0x88, 0x86, 0x72, 0x8B, 0x8B, 0x7C, 0x7D, 0x9F, 0x59, 0x78, 0x8E, 0x89, 0x97, 0x7F, 0x84,
    0x7E, 0x83, 0x80, 0x82, 0x8A, 0x81, 0x8A, 0x7F, 0x7C, 0x7C, 0x81, 0x86, 0x86, 0x84, 0x82, 0x82,
    0x82, 0x82, 0x7F, 0x80, 0x83, 0x82, 0x81, 0x80, 0x80, 0x81, 0x87, 0x84, 0x8B, 0x84, 0x81, 0x84,
    0x82, 0x86, 0x82, 0x81, 0x80, 0x80, 0x83, 0x80, 0x81, 0x81, 0x7E, 0x7F, 0x80, 0x7E, 0x80, 0x7F,
    0x7D, 0x7C, 0x7E, 0x80, 0x82, 0x82, 0x7C, 0x80, 0x81, 0x80, 0x81, 0x7E, 0x80, 0x80, 0x83, 0x81,
    0x83, 0x83, 0x82, 0x84, 0x80, 0x81, 0x7F, 0x80, 0x7F, 0x80, 0x82, 0x86, 0x88, 0x82, 0x81, 0x84,
    0x83, 0x84, 0x82, 0x7F, 0x80, 0x81, 0x82, 0x82, 0x82, 0x84, 0x86, 0x84, 0x82, 0x80, 0x81, 0x82,
    0x81, 0x80, 0x81, 0x84, 0x82, 0x81, 0x80, 0x83, 0x83, 0x81, 0x81, 0x81, 0x83, 0x83, 0x84, 0x80,
    0x80, 0x84, 0x83, 0x82, 0x83, 0x81, 0x80, 0x7F, 0x82, 0x83, 0x83, 0x82, 0x84, 0x82, 0x83, 0x83,
    0x83, 0x80, 0x7F, 0x81, 0x83, 0x82, 0x80, 0x83, 0x84, 0x80, 0x81, 0x82, 0x82, 0x81, 0x81, 0x80,
    0x81, 0x81, 0x82, 0x81, 0x80, 0x81, 0x82, 0x83, 0x82, 0x82, 0x83, 0x82, 0x82, 0x81, 0x7F, 0x80,
    0x82, 0x83, 0x83, 0x81, 0x81, 0x82, 0x82, 0x83, 0x82, 0x81, 0x80, 0x82, 0x82, 0x82, 0x83, 0x81,
    0x80, 0x80, 0x80, 0x82, 0x83, 0x82, 0x81, 0x80, 0x82, 0x82, 0x82, 0x80, 0x80, 0x81, 0x83, 0x82,
    0x82, 0x82, 0x81, 0x80, 0x7F, 0x80, 0x80, 0x84, 0x84, 0x84, 0x83, 0x83, 0x82, 0x87, 0x81, 0x7D,
    0x73, 0x77, 0x7B, 0x7F, 0x80, 0x82, 0x91, 0x8B, 0x8A, 0x84, 0x83, 0x87, 0x74, 0x00, 0x81, 0x80,
    0x80, 0x7F, 0x81, 0x81, 0x82, 0x83, 0x81, 0x80, 0x80, 0x81, 0x7F, 0x7F, 0x83, 0x82, 0x7F, 0x7E,
    0x7F, 0x80, 0x83, 0x81, 0x80, 0x7E, 0x82, 0x80, 0x7F, 0x81, 0x83, 0x80, 0x80, 0x7F, 0x7F, 0x7E,
    0x7F, 0x7E, 0x81, 0x82, 0x83, 0x80, 0x80, 0x80, 0x7B, 0x7B, 0x79, 0x42, 0x23, 0x52, 0x9E, 0x90,
    0x8C, 0x85, 0xC9, 0xC4, 0xA9, 0x70, 0x57, 0x6B, 0xB8, 0xE0, 0xEC, 0xAF, 0x62, 0x39, 0x3F, 0xC6,
    0xF2, 0xFD, 0xCD, 0x17, 0x00, 0x00, 0x9F, 0xFF, 0xFF, 0x9E, 0x00, 0x00, 0x63, 0xFB, 0xFF, 0xFB,
    0x0E, 0x00, 0x4C, 0xF2, 0x6F, 0xB3, 0xBA, 0x78, 0x0C, 0x4A, 0x7B, 0x6B, 0x8E, 0xFA, 0xB6, 0x00,
    0x31, 0xA1, 0x9F, 0x69, 0xCB, 0xD3, 0x28, 0x2D, 0x80, 0x8C, 0x4F, 0xC8, 0xB8, 0xAF, 0x00, 0xA0,
    0x79, 0x69, 0x79, 0xF0, 0xC9, 0x00, 0x6A, 0x9C, 0x88, 0x4C, 0xDC, 0xDA, 0x37, 0x40, 0xA6, 0x8E,
    0x47, 0xC2, 0xE3, 0x5B, 0x14, 0xBA, 0x94, 0x43, 0xA0, 0xE1, 0x96, 0x01, 0xBE, 0x96, 0x58, 0x75,
    0xE0, 0xC1, 0x00, 0x9B, 0xA8, 0x60, 0x58, 0xE3, 0xD8, 0x05, 0x74, 0xC1, 0x5C, 0x5C, 0xD6, 0xDA,
    0x1C, 0x64, 0xCF, 0x55, 0x54, 0xCD, 0xD8, 0x3D, 0x38, 0xDA, 0x57, 0x62, 0xB9, 0xDC, 0x49, 0x39,
    0xD8, 0x5E, 0x64, 0xAB, 0xDB, 0x4E, 0x39, 0xCF, 0x64, 0x65, 0xA6, 0xCD, 0x66, 0x35, 0xCF, 0x5D,
    0x6E, 0x9A, 0xD1, 0x71, 0x23, 0xD4, 0x61, 0x72, 0x9A, 0xC4, 0x7C, 0x23, 0xCE, 0x5E, 0x78, 0x96,
    0xCD, 0x71, 0x2C, 0xCC, 0x51, 0x85, 0x8E, 0xBC, 0x6F, 0x45, 0xC2, 0x42, 0x91, 0x88, 0xB3, 0x87,
    0x30, 0xCC, 0x4F, 0x82, 0x8E, 0xB0, 0x8A, 0x2B, 0xC9, 0x47, 0x91, 0x82, 0xB2, 0x8C, 0x30, 0xC2,
    0x4A, 0x95, 0x84, 0xB0, 0x86, 0x3D, 0xB6, 0x4D, 0x91, 0x83, 0xB5, 0x82, 0x43, 0xB5, 0x56, 0x8B,
    0x89, 0xB8, 0x78, 0x4B, 0xAB, 0x5A, 0x87, 0x89, 0xC0, 0x68, 0x5A, 0xA1, 0x5D, 0x8C, 0x88, 0xC3,
    0x56, 0x6E, 0x8D, 0x6E, 0x82, 0x90, 0xC8, 0x45, 0x7A, 0x80, 0x76, 0x80, 0x92, 0xCA, 0x3A, 0x89,
    0x75, 0x7F, 0x7C, 0x97, 0xCD, 0x23, 0x98, 0x6F, 0x81, 0x7E, 0x97, 0xCE, 0x1C, 0x9B, 0x6D, 0x80,
    0x7D, 0x9C, 0xCD, 0x1E, 0x9F, 0x68, 0x86, 0x79, 0x9F, 0xC9, 0x20, 0x9A, 0x6C, 0x7F, 0x7E, 0x9E,
    0xCB, 0x20, 0x98, 0x71, 0x78, 0x86, 0x9B, 0xC6, 0x20, 0x90, 0x79, 0x72, 0x8B, 0x9F, 0xBA, 0x2E,
    0x83, 0x80, 0x72, 0x8F, 0x94, 0xC2, 0x2F, 0x82, 0x83, 0x6B, 0x91, 0x99, 0xC2, 0x31, 0x7F, 0x8A,
    0x66, 0x95, 0x8F, 0xC7, 0x36, 0x75, 0x93, 0x5F, 0x9A, 0x8A, 0xCA, 0x38, 0x73, 0x95, 0x5E, 0x95,
    0x8A, 0xD0, 0x3D, 0x6E, 0x8F, 0x61, 0x8E, 0x8B, 0xD2, 0x42, 0x6F, 0x86, 0x62, 0x8D, 0x89, 0xD0,
    0x50, 0x75, 0x78, 0x61, 0x8C, 0x84, 0xC6, 0x6C, 0x7A, 0x62, 0x6E, 0x82, 0x81, 0xB1, 0x98, 0x74,
    0x4E, 0x85, 0x74, 0x74, 0xA1, 0xC5, 0x63, 0x52, 0x8B, 0x63, 0x76, 0x98, 0xC7, 0x75, 0x64, 0x72,
    0x64, 0x79, 0x8C, 0xB0, 0x93, 0x82, 0x4C, 0x71, 0x7E, 0x72, 0xA2, 0xC4, 0x75, 0x4E, 0x83, 0x62,
    0x6F, 0x9B, 0xBB, 0x82, 0x7F, 0x5F, 0x5C, 0x81, 0x75, 0x9D, 0xC6, 0x80, 0x4B, 0x7F, 0x65, 0x68,
    0x9C, 0xB5, 0x87, 0x8E, 0x58, 0x5B, 0x84, 0x6A, 0x9A, 0xCA, 0x87, 0x5F, 0x7A, 0x51, 0x72, 0x92,
    0x96, 0xB1, 0x93, 0x5C, 0x75, 0x64, 0x6F, 0x89, 0x8F, 0x9E, 0x96, 0x7E, 0x73, 0x6C, 0x6E, 0x6E,
    0x8E, 0xA8, 0x9B, 0x87, 0x75, 0x69, 0x5F, 0x69, 0x8C, 0xA6, 0x9C, 0x8D, 0x7D, 0x69, 0x5D, 0x68,
    0x84, 0xA1, 0xA1, 0x93, 0x82, 0x68, 0x61, 0x63, 0x7B, 0x9D, 0xA5, 0x9B, 0x83, 0x6D, 0x61, 0x5D,
    0x75, 0x97, 0xAD, 0x9C, 0x86, 0x74, 0x5E, 0x5B, 0x6F, 0x91, 0xAA, 0xA3, 0x8D, 0x75, 0x62, 0x5A,
    0x68, 0x88, 0xA9, 0xA6, 0x94, 0x7D, 0x63, 0x5D, 0x5F, 0x7E, 0xA4, 0xAA, 0x9C, 0x82, 0x6D, 0x5B,
    0x5B, 0x76, 0x96, 0xAE, 0xA2, 0x8A, 0x72, 0x5C, 0x5D, 0x6A, 0x89, 0xAA, 0xA9, 0x94, 0x7B, 0x65,
    0x5B, 0x61, 0x7C, 0x9E, 0xAD, 0xA0, 0x83, 0x6E, 0x5C, 0x59, 0x6E, 0x9C, 0xB9, 0xA0, 0x75, 0x6B,
    0x5B, 0x5C, 0x7D, 0x9E, 0xCD, 0xA3, 0x59, 0x5E, 0x62, 0x68, 0x77, 0x9A, 0xD1, 0xA5, 0x64, 0x56,
    0x5D, 0x6F, 0x70, 0x90, 0xCD, 0xB0, 0x73, 0x51, 0x59, 0x6D, 0x72, 0x84, 0xBF, 0xC3, 0x86, 0x45,
    0x59, 0x70, 0x71, 0x7B, 0xAE, 0xD4, 0x95, 0x4D, 0x59, 0x65, 0x6F, 0x78, 0x9B, 0xD3, 0xA6, 0x65,
    0x4A, 0x5D, 0x76, 0x74, 0x8B, 0xC0, 0xC1, 0x80, 0x40, 0x55, 0x76, 0x73, 0x7B, 0xB1, 0xD4, 0x94,
    0x48, 0x54, 0x66, 0x73, 0x78, 0x9E, 0xD3, 0xA6, 0x67, 0x45, 0x59, 0x76, 0x7C, 0x90, 0xBF, 0xBB,
    0x7F, 0x3E, 0x56, 0x76, 0x7A, 0x7F, 0xB4, 0xD3, 0x92, 0x43, 0x50, 0x6A, 0x76, 0x7D, 0xA6, 0xD2,
    0x9E, 0x5F, 0x49, 0x5B, 0x78, 0x7F, 0x95, 0xCA, 0xAF, 0x77, 0x3E, 0x52, 0x78, 0x7D, 0x8A, 0xBC,
    0xC4, 0x85, 0x41, 0x53, 0x71, 0x75, 0x86, 0xB0, 0xCF, 0x92, 0x52, 0x4E, 0x5B, 0x74, 0x86, 0x9E,
    0xC7, 0xA6, 0x6D, 0x43, 0x50, 0x78, 0x85, 0x8D, 0xB7, 0xB7, 0x88, 0x46, 0x4D, 0x6D, 0x75, 0x8D,
    0xB1, 0xCA, 0x8E, 0x58, 0x4F, 0x58, 0x78, 0x89, 0x9B, 0xB9, 0xA6, 0x81, 0x49, 0x4C, 0x6F, 0x83,
    0x8C, 0xA9, 0xC5, 0x91, 0x62, 0x53, 0x51, 0x6E, 0x8B, 0x9B, 0xAA, 0xB2, 0x8C, 0x56, 0x53, 0x64,
    0x76, 0x8B, 0xA0, 0xA8, 0x9C, 0x83, 0x5F, 0x62, 0x72, 0x79, 0x8D, 0x92, 0x8D, 0x8D, 0x7C, 0x79,
    0x7A, 0x7B, 0x7D, 0x80, 0x81, 0x80, 0x7F, 0x80, 0x82, 0x85, 0x85, 0x86, 0x81, 0x7E, 0x79, 0x78,
    0x7D, 0x82, 0x86, 0x87, 0x86, 0x82, 0x7C, 0x79, 0x7C, 0x80, 0x83, 0x84, 0x86, 0x84, 0x80, 0x7D,
    0x7D, 0x7E, 0x80, 0x81, 0x84, 0x83, 0x82, 0x7F, 0x7E, 0x7F, 0x80, 0x82, 0x82, 0x84, 0x82, 0x81,
    0x7F, 0x7F, 0x80, 0x81, 0x81, 0x83, 0x83, 0x82, 0x80, 0x80, 0x80, 0x80, 0x81, 0x82, 0x82, 0x81,
    0x81, 0x80, 0x80, 0x80, 0x80, 0x81, 0x81, 0x82, 0x81, 0x80, 0x80, 0x80, 0x80, 0x80, 0x82, 0x82,
    0x81, 0x81, 0x80, 0x80, 0x80, 0x80, 0x81, 0x82, 0x82, 0x81, 0x80, 0x80, 0x80, 0x80, 0x81, 0x82,
    0x82, 0x82, 0x80, 0x80, 0x80, 0x80, 0x80, 0x81, 0x81, 0x81, 0x81, 0x80, 0x80, 0x80, 0x80, 0x81,
    0x80, 0x80, 0x80, 0x80, 0x80, 0x80, 0x80, 0x81, 0x80, 0x81, 0x80, 0x80, 0x80, 0x80, 0x80, 0x80,
    0x81, 0x82, 0x81, 0x80, 0x80, 0x80, 0x80, 0x80, 0x81, 0x81, 0x81, 0x81, 0x80, 0x80, 0x80, 0x81,
    0x81, 0x81, 0x81, 0x81, 0x81, 0x81, 0x80, 0x81, 0x81, 0x81, 0x82, 0x81, 0x80, 0x80, 0x80, 0x80,
    0x80, 0x80, 0x81, 0x81, 0x81, 0x81, 0x80, 0x80, 0x80, 0x81, 0x81, 0x81, 0x81, 0x80, 0x80, 0x80,
    0x80, 0x81, 0x81, 0x81, 0x80, 0x7E, 0x7F, 0x83, 0x84, 0x82, 0x84, 0x75, 0x81, 0x80, 0x75, 0x89,
    0x81, 0x7E, 0x80, 0x81, 0x80, 0x83, 0x83, 0x87, 0x80, 0x83, 0x82, 0x81, 0x84, 0x84, 0x8B, 0x7E,
    0x89, 0x81, 0x82, 0x81, 0x7C, 0x85, 0x7C, 0x82, 0x82, 0x7F, 0x80, 0x7B, 0x7F, 0x7D, 0x7D, 0x7F,
    0x7E, 0x81, 0x77, 0x7E, 0x7E, 0x7D, 0x7F, 0x7F, 0x80, 0x80, 0x80, 0x82, 0x7F, 0x81, 0x81, 0x80,
    0x82, 0x81, 0x81, 0x80, 0x80, 0x81, 0x81, 0x81, 0x81, 0x81, 0x81, 0x80, 0x81, 0x82, 0x82, 0x81,
    0x80, 0x80, 0x7F, 0x7E, 0x80, 0x80, 0x81, 0x82, 0x83, 0x83, 0x83, 0x84, 0x84, 0x84, 0x84, 0x82,
    0x82, 0x80, 0x80, 0x80, 0x80, 0x80, 0x80, 0x80, 0x80, 0x80, 0x81, 0x81, 0x81, 0x80, 0x81, 0x81,
    0x81, 0x81, 0x81, 0x81, 0x80, 0x80, 0x80, 0x81, 0x81, 0x80, 0x80, 0x80, 0x80, 0x80, 0x80, 0x80,
    0x7F, 0x80, 0x80, 0x80, 0x80, 0x80, 0x80, 0x80, 0x80, 0x80, 0x80, 0x80, 0x80, 0x80, 0x81, 0x7F,
    0x80, 0x82, 0x84, 0x83, 0x80, 0x81, 0x80, 0x7F, 0x80, 0x80, 0x80, 0x80, 0x82, 0x7F, 0x00, 0x10,
    0x03, 0x50, 0x00, 0x00, 0x00, 0x00, 0x04, 0x00, 0xA0, 0x00, 0x40, 0x04, 0x02, 0x04, 0x0C, 0x0C,
    0x04, 0x40, 0x00, 0x00, 0x00, 0x00, 0x04, 0x40, 0xC0, 0xE0, 0x50, 0x02, 0x04, 0x05, 0x0D, 0x0A,
    0x04, 0x40, 0x00, 0x00, 0x02, 0x00, 0x04, 0xE0, 0x90, 0xE0, 0x50, 0x05, 0x01, 0x05, 0x0D, 0x08,
    0x03, 0x38, 0x00, 0x00, 0x02, 0x00, 0x04, 0x40, 0xC0, 0x40, 0x20, 0x02, 0x04, 0x02, 0x0A, 0x05,
    0x04, 0x38, 0x00, 0x00, 0x04, 0x00, 0x04, 0x20, 0xB0, 0x20, 0x30, 0x03, 0x03, 0x03, 0x0B, 0x05,
    0x04, 0x38, 0x03, 0x00, 0x06, 0x00, 0x04, 0x00, 0xA0, 0x00, 0x40, 0x04, 0x02, 0x04, 0x0C, 0x05,
    0x05, 0x30, 0x06, 0x00, 0x04, 0x00, 0x04, 0xE0, 0x90, 0xE0, 0x50, 0x05, 0x01, 0x05, 0x0D, 0x05,
    0x03, 0x30, 0x00, 0x00, 0x03, 0x00, 0x03, 0x40, 0xC0, 0x20, 0x30, 0x02, 0x04, 0x03, 0x0B, 0x05,
    0x04, 0x30, 0x04, 0x00, 0x03, 0x00, 0x03, 0x20, 0xB0, 0x40, 0x20, 0x03, 0x03, 0x02, 0x0A, 0x05,
    0x05, 0x30, 0x04, 0x00, 0x03, 0x00, 0x03, 0xE0, 0x90, 0x40, 0x20, 0x05, 0x01, 0x02, 0x0A, 0x08,
    0x06, 0x40, 0x05, 0x00, 0x02, 0x00, 0x03, 0x20, 0xB0, 0x20, 0x30, 0x03, 0x03, 0x03, 0x0B, 0x03,
    0x05, 0x30, 0x05, 0x00, 0x02, 0x00, 0x03, 0x40, 0xC0, 0xE0, 0x4F, 0x02, 0x04, 0x05, 0x0D, 0x06,
    0x03, 0x40, 0x00, 0x00, 0x00, 0x00, 0x03, 0xE0, 0x90, 0x00, 0x40, 0x05, 0x01, 0x04, 0x0C, 0x04,
    0x04, 0x30, 0x00, 0x00, 0x02, 0x00, 0x03, 0x40, 0xC0, 0x40, 0x20, 0x02, 0x04, 0x02, 0x0A, 0x03,
    0x05, 0x20, 0x00, 0x00, 0x03, 0x00, 0x03, 0x00, 0xA0, 0x00, 0x40, 0x04, 0x02, 0x04, 0x0C, 0x34,
    0x06, 0x86, 0x01, 0xB7, 0xC9, 0x5B, 0x35, 0x06, 0x34, 0x10, 0x8E, 0xC8, 0x80, 0xBD, 0xF8, 0x7C,
    0x8E, 0xC8, 0x80, 0xCE, 0xCB, 0xEB, 0xBD, 0xF8, 0xD8, 0xB6, 0xC9, 0x54, 0x81, 0x00, 0x26, 0x15,
    0x8E, 0xC8, 0x80, 0xCE, 0xC8, 0xA0, 0xBD, 0xF8, 0xC7, 0x81, 0x01, 0x26, 0x08, 0x7C, 0xCA, 0xFE,
    0x86, 0xFF, 0xB7, 0xC9, 0x54, 0x35, 0x10, 0x39, 0x8E, 0xCA, 0xFD, 0x86, 0x00, 0xA7, 0x84, 0x30,
    0x1F, 0x8C, 0xC8, 0xFF, 0x26, 0xF7, 0x39, 0xCC, 0xC0, 0x50, 0xFD, 0xC9, 0x11, 0xCC, 0x00, 0x00,
    0xFD, 0xC8, 0x90, 0x8E, 0xC8, 0x90, 0xBD, 0xF8, 0x4F, 0x10, 0x8E, 0x01, 0x20, 0xB6, 0xC9, 0x3D,
    0x34, 0x02, 0xCC, 0x00, 0x01, 0x8E, 0xC8, 0x90, 0xBD, 0xF8, 0x7C, 0x35, 0x02, 0x81, 0x01, 0x27,
    0x03, 0x4A, 0x20, 0xEC, 0x86, 0x01, 0xB7, 0xC8, 0x56, 0x34, 0x20, 0xBD, 0xF1, 0xAF, 0xCE, 0x31,
    0xCE, 0xBD, 0xF6, 0x87, 0xBD, 0xF1, 0x92, 0xBD, 0xF2, 0x89, 0x86, 0x60, 0xBD, 0xF2, 0xAB, 0x8E,
    0xC9, 0x11, 0xBD, 0xF3, 0x0C, 0xC6, 0xFF, 0x8E, 0x14, 0x3E, 0xBD, 0xF4, 0x0E, 0xBD, 0xF3, 0x54,
    0x8E, 0xC9, 0x11, 0xBD, 0xF3, 0x0C, 0xC6, 0xFF, 0x8E, 0x14, 0x5D, 0xBD, 0xF4, 0x0E, 0xBD, 0xF3,
    0x54, 0x8E, 0xC9, 0x11, 0xBD, 0xF3, 0x0C, 0xC6, 0xFF, 0x8E, 0x14, 0x88, 0xBD, 0xF4, 0x0E, 0xBD,
    0xF3, 0x54, 0xCC, 0xB0, 0xBC, 0xBD, 0xF2, 0xFC, 0xCE, 0xC8, 0x80, 0xCC, 0xF9, 0x35, 0xFD, 0xC8,
    0x2A, 0xBD, 0xF4, 0x95, 0xCC, 0xB0, 0x90, 0xCE, 0x02, 0xD8, 0xBD, 0xF3, 0x7A, 0xBD, 0xF3, 0x54,
    0xCC, 0xA0, 0x90, 0xCE, 0x02, 0xDF, 0xBD, 0xF3, 0x7A, 0xBD, 0xF3, 0x54, 0x8E, 0xA0, 0xD3, 0x86,
    0x2A, 0xF6, 0xCA, 0xFE, 0xBD, 0xF3, 0x93, 0xBD, 0xF3, 0x54, 0xCC, 0x70, 0xC8, 0xCE, 0x02, 0xE5,
    0xBD, 0xF3, 0x7A, 0xBD, 0xF3, 0x54, 0xB6, 0xC9, 0x5A, 0x81, 0x01, 0x26, 0x0C, 0xCC, 0x30, 0x80,
    0xCE, 0x05, 0x13, 0xBD, 0xF3, 0x7A, 0xBD, 0xF3, 0x54, 0xCC, 0x70, 0xE0, 0xBD, 0xF2, 0xFC, 0xCE,
    0xC8, 0x90, 0xBD, 0xF4, 0x95, 0xCE, 0x03, 0x00, 0xB6, 0xC9, 0x3D, 0x81, 0x0F, 0x2A, 0x15, 0x81,
    0x01, 0x27, 0x06, 0x33, 0xC8, 0x22, 0x4A, 0x20, 0xF6, 0xCC, 0x50, 0x80, 0xBD, 0xF3, 0x7A, 0xBD,
    0xF3, 0x54, 0x20, 0x05, 0xCE, 0x04, 0xDC, 0x20, 0xF0, 0x35, 0x20, 0x31, 0x3F, 0x10, 0x8C, 0x00,
    0x00, 0x10, 0x26, 0xFF, 0x24, 0xCE, 0x2F, 0xBF, 0xBD, 0xF2, 0x7D, 0xBD, 0x13, 0x84, 0x39, 0x00,
    0x00, 0x01, 0x00, 0x02, 0x00, 0x03, 0x00, 0x04, 0x00, 0x05, 0x00, 0x07, 0x1C, 0x08, 0x0F, 0x09,
    0x0F, 0x0A, 0x10, 0x0B, 0x10, 0x0C, 0x00, 0x0D, 0x00, 0x0E, 0x00, 0xFF, 0x86, 0x00, 0xF6, 0xC9,
    0x4B, 0xBD, 0xF2, 0x56, 0xCC, 0x01, 0x00, 0xBD, 0xF2, 0x56, 0x7C, 0xC9, 0x4B, 0x7C, 0xC9, 0x4B,
    0x7C, 0xC9, 0x4B, 0x7C, 0xC9, 0x4B, 0x7C, 0xC9, 0x4B, 0x7C, 0xC9, 0x4B, 0xB6, 0xC9, 0x4B, 0x81,
    0x00, 0x2B, 0x03, 0x7E, 0x30, 0xAA, 0x81, 0xF0, 0x2A, 0x03, 0x7E, 0x30, 0xAA, 0x86, 0x00, 0xB7,
    0xC9, 0x4B, 0xCC, 0x00, 0x00, 0xBD, 0xF2, 0x56, 0xCC, 0x01, 0x00, 0xBD, 0xF2, 0x56, 0x7E, 0x30,
    0xAA, 0x86, 0x00, 0xF6, 0xC9, 0x46, 0xBD, 0xF2, 0x56, 0xCC, 0x01, 0x01, 0xBD, 0xF2, 0x56, 0x7A,
    0xC9, 0x45, 0xB6, 0xC9, 0x46, 0x80, 0x10, 0xB7, 0xC9, 0x46, 0xB6, 0xC9, 0x45, 0x81, 0x00, 0x26,
    0x69, 0x86, 0x08, 0xB7, 0xC9, 0x45, 0xB6, 0xC9, 0x44, 0x80, 0x10, 0xB7, 0xC9, 0x46, 0xB7, 0xC9,
    0x44, 0x20, 0x57, 0xB6, 0xC9, 0x4B, 0x81, 0x00, 0x26, 0x82, 0xB6, 0xC9, 0x5C, 0x81, 0x00, 0x27,
    0x03, 0x7E, 0x31, 0x1A, 0xB6, 0xC9, 0x2C, 0x81, 0x01, 0x27, 0xB6, 0xB6, 0xC9, 0x2D, 0x81, 0x01,
    0x27, 0xAF, 0xB6, 0xC9, 0x42, 0x81, 0x00, 0x26, 0x02, 0x20, 0x2F, 0x86, 0x00, 0xF6, 0xC9, 0x42,
    0xC0, 0x20, 0xBD, 0xF2, 0x56, 0xCC, 0x01, 0x01, 0xBD, 0xF2, 0x56, 0xB6, 0xC9, 0x42, 0x80, 0x10,
    0xB7, 0xC9, 0x42, 0x81, 0x10, 0x2A, 0x13, 0x86, 0x00, 0xB7, 0xC9, 0x42, 0x86, 0x00, 0xC6, 0x00,
    0xBD, 0xF2, 0x56, 0x86, 0x01, 0xC6, 0x00, 0xBD, 0xF2, 0x56, 0xB6, 0xC9, 0x2E, 0x81, 0x00, 0x26,
    0x38, 0xB6, 0xC9, 0x43, 0x81, 0x00, 0x26, 0x02, 0x20, 0x2E, 0x86, 0x02, 0xF6, 0xC9, 0x43, 0xBD,
    0xF2, 0x56, 0x86, 0x03, 0xC6, 0x00, 0xBD, 0xF2, 0x56, 0xB6, 0xC9, 0x43, 0x80, 0x08, 0xB7, 0xC9,
    0x43, 0x81, 0x40, 0x2A, 0x13, 0x86, 0x00, 0xB7, 0xC9, 0x43, 0x86, 0x02, 0xC6, 0x00, 0xBD, 0xF2,
    0x56, 0x86, 0x03, 0xC6, 0x00, 0xBD, 0xF2, 0x56, 0x39, 0x86, 0x02, 0xF6, 0xC9, 0x49, 0xBD, 0xF2,
    0x56, 0xCC, 0x03, 0x00, 0xBD, 0xF2, 0x56, 0x7A, 0xC9, 0x48, 0xB6, 0xC9, 0x49, 0x8B, 0x20, 0xB7,
    0xC9, 0x49, 0xB6, 0xC9, 0x48, 0x81, 0x00, 0x26, 0x10, 0x86, 0x03, 0xB7, 0xC9, 0x48, 0xB6, 0xC9,
    0x47, 0x8B, 0x20, 0xB7, 0xC9, 0x49, 0xB7, 0xC9, 0x47, 0x39, 0x86, 0x02, 0xF6, 0xC9, 0x5C, 0xBD,
    0xF2, 0x56, 0xCC, 0x03, 0x01, 0xBD, 0xF2, 0x56, 0xB6, 0xC9, 0x5C, 0x80, 0x20, 0xB7, 0xC9, 0x5C,
    0xB6, 0xC9, 0x5C, 0x81, 0x00, 0x26, 0x0C, 0xCC, 0x02, 0x00, 0xBD, 0xF2, 0x56, 0xCC, 0x03, 0x00,
    0xBD, 0xF2, 0x56, 0x39, 0x86, 0xF0, 0xB7, 0xC9, 0x44, 0x86, 0x06, 0xB7, 0xC9, 0x45, 0xB6, 0xC9,
    0x44, 0xB7, 0xC9, 0x46, 0x39, 0x86, 0xF0, 0xB7, 0xC9, 0x47, 0x86, 0x06, 0xB7, 0xC9, 0x48, 0xB6,
    0xC9, 0x47, 0xB7, 0xC9, 0x49, 0x39, 0xCC, 0x00, 0x00, 0xFD, 0xC9, 0x44, 0xB7, 0xC9, 0x46, 0xBD,
    0xF2, 0x56, 0xCC, 0x01, 0x00, 0xBD, 0xF2, 0x56, 0x39, 0x34, 0x10, 0xCC, 0x00, 0x00, 0xFD, 0xC9,
    0x47, 0xB7, 0xC9, 0x49, 0xBD, 0xF2, 0x56, 0xCC, 0x02, 0x00, 0xBD, 0xF2, 0x56, 0xCC, 0x03, 0x00,
    0xBD, 0xF2, 0x56, 0x35, 0x10, 0x39, 0x34, 0x06, 0x34, 0x10, 0x34, 0x20, 0xCE, 0x31, 0xA9, 0xBD,
    0xF2, 0x7D, 0x35, 0x20, 0x35, 0x10, 0x35, 0x06, 0x39, 0x00, 0x00, 0x01, 0x00, 0x02, 0x00, 0x03,
    0x00, 0x04, 0x00, 0x05, 0x00, 0x06, 0x30, 0x07, 0x1C, 0x08, 0x0F, 0x09, 0x0F, 0x0A, 0x10, 0x0B,
    0x10, 0x0C, 0x10, 0x0D, 0x00, 0x0E, 0x00, 0xFF, 0xED, 0x8F, 0xFE, 0xB6, 0x00, 0x80, 0xED, 0x8F,
    0xFE, 0xB6, 0x01, 0x06, 0x03, 0x06, 0x05, 0x06, 0x06, 0x06, 0x08, 0x06, 0x0A, 0x06, 0x08, 0x06,
    0x06, 0x06, 0x05, 0x06, 0x01, 0x06, 0x01, 0x06, 0x01, 0x06, 0x00, 0x80, 0xED, 0x8F, 0xFE, 0xB6,
    0x0D, 0x0D, 0x0F, 0x05, 0x12, 0x05, 0x11, 0x05, 0x0F, 0x05, 0x14, 0x08, 0x14, 0x08, 0x14, 0x05,
    0x18, 0x05, 0x11, 0x05, 0x12, 0x05, 0x0F, 0x08, 0x0F, 0x08, 0x0F, 0x05, 0x12, 0x05, 0x11, 0x05,
    0x0F, 0x05, 0x0D, 0x05, 0x19, 0x05, 0x18, 0x05, 0x16, 0x05, 0x14, 0x05, 0x12, 0x05, 0x11, 0x05,
    0x0F, 0x05, 0x0D, 0x0D, 0x0F, 0x05, 0x12, 0x05, 0x11, 0x05, 0x0F, 0x05, 0x14, 0x08, 0x14, 0x08,
    0x14, 0x05, 0x18, 0x05, 0x11, 0x05, 0x12, 0x05, 0x0F, 0x08, 0x0F, 0x08, 0x0F, 0x05, 0x12, 0x05,
    0x11, 0x05, 0x0F, 0x05, 0x0D, 0x05, 0x14, 0x05, 0x0F, 0x05, 0x11, 0x05, 0x0D, 0x08, 0x00, 0x80,
    0xED, 0x8F, 0xFE, 0xB6, 0x1E, 0x01, 0x1A, 0x01, 0x18, 0x01, 0x00, 0x80, 0xED, 0x8F, 0xFE, 0xB6,
    0x70, 0x05, 0x00, 0x80, 0xFE, 0xE8, 0xFE, 0xB6, 0x74, 0x01, 0x04, 0x01, 0x75, 0x01, 0x03, 0x01,
    0x76, 0x01, 0x02, 0x01, 0x77, 0x14, 0x00, 0x80, 0xFE, 0xE8, 0xFE, 0xB6, 0x0A, 0x01, 0x0C, 0x01,
    0x12, 0x01, 0x1A, 0x01, 0x12, 0x01, 0x0A, 0x01, 0x08, 0x01, 0x04, 0x01, 0x00, 0x80, 0xFF, 0x00,
    0xD0, 0xFF, 0xF0, 0xF0, 0xFF, 0xF0, 0x10, 0xFF, 0x00, 0x30, 0xFF, 0x10, 0x10, 0xFF, 0x10, 0xF0,
    0xFF, 0xF0, 0x30, 0xFF, 0xF0, 0x10, 0xFF, 0x00, 0xC0, 0x00, 0x10, 0xF0, 0xFF, 0x00, 0xF0, 0x01,
    0x00, 0x00, 0xE0, 0xFF, 0x10, 0xD0, 0xFF, 0x40, 0xD0, 0xFF, 0x00, 0x40, 0xFF, 0xE0, 0x70, 0xFF,
    0xF0, 0x10, 0xFF, 0xF0, 0xF0, 0xFF, 0x40, 0x90, 0x00, 0xC0, 0x70, 0xFF, 0xF0, 0xF0, 0xFF, 0x00,
    0xF0, 0x01, 0x00, 0xF0, 0x10, 0xFF, 0xF0, 0x30, 0xFF, 0x10, 0x40, 0x00, 0x00, 0xF0, 0xFF, 0xF0,
    0x10, 0xFF, 0x00, 0x20, 0xFF, 0x10, 0x00, 0xFF, 0x20, 0xD0, 0xFF, 0xD0, 0x30, 0x00, 0x30, 0xD0,
    0xFF, 0x00, 0xF0, 0xFF, 0xF0, 0x00, 0x01, 0x00, 0xF0, 0x30, 0xFF, 0x00, 0x20, 0xFF, 0x10, 0x20,
    0x00, 0xF0, 0xD0, 0xFF, 0x10, 0xF0, 0xFF, 0x10, 0x00, 0x01, 0x00, 0x08, 0xF8, 0xFF, 0x20, 0x08,
    0xFF, 0xE0, 0x08, 0xFF, 0xF8, 0x20, 0xFF, 0xF8, 0xE0, 0xFF, 0xE0, 0xF8, 0xFF, 0x20, 0xF8, 0xFF,
    0x08, 0xE0, 0xFF, 0x08, 0x20, 0x01, 0xCE, 0x35, 0x09, 0xBD, 0xF2, 0x7D, 0xCC, 0x00, 0x7F, 0xFD,
    0xC9, 0x11, 0x86, 0x10, 0xB7, 0xC9, 0x00, 0x86, 0x01, 0xB7, 0xC9, 0x01, 0x86, 0x02, 0xB7, 0xC9,
    0x02, 0x86, 0x00, 0xB7, 0xC9, 0x05, 0x86, 0x01, 0xB7, 0xC9, 0x08, 0xCC, 0xC0, 0xC0, 0xFD, 0xC9,
    0x20, 0x86, 0x00, 0xB7, 0xC9, 0x50, 0x8E, 0xCA, 0x00, 0x10, 0x8E, 0x35, 0x1E, 0xC6, 0xA4, 0xA6,
    0xA4, 0xA7, 0x84, 0x30, 0x01, 0x31, 0x21, 0x5A, 0x26, 0xF5, 0xBD, 0xF1, 0x92, 0xBD, 0x34, 0x38,
    0xBD, 0x33, 0xF9, 0xBD, 0x34, 0x94, 0xB6, 0xC9, 0x50, 0x81, 0x00, 0x27, 0x20, 0xCC, 0x01, 0x00,
    0xBD, 0xF2, 0x56, 0x86, 0x00, 0xF6, 0xC9, 0x50, 0xCB, 0x08, 0xF7, 0xC9, 0x50, 0xC1, 0x00, 0x26,
    0x09, 0xCC, 0x00, 0x00, 0xBD, 0xF2, 0x56, 0xCC, 0x01, 0x00, 0xBD, 0xF2, 0x56, 0xB6, 0xC9, 0x11,
    0x81, 0x7F, 0x26, 0xC6, 0x39, 0x8E, 0xCA, 0x00, 0xC6, 0x28, 0xA6, 0x84, 0x81, 0x90, 0x2B, 0x02,
    0x20, 0x04, 0x81, 0x80, 0x2A, 0x3D, 0x81, 0x7F, 0x2B, 0x02, 0x20, 0x04, 0x81, 0x6F, 0x2A, 0x33,
    0xA6, 0x01, 0x81, 0x90, 0x2B, 0x02, 0x20, 0x04, 0x81, 0x80, 0x2A, 0x27, 0x81, 0x7F, 0x2B, 0x02,
    0x20, 0x04, 0x81, 0x6F, 0x2A, 0x1D, 0x34, 0x04, 0x34, 0x10, 0xBD, 0xF3, 0x0C, 0xBD, 0xF2, 0xC5,
    0xBD, 0xF3, 0x54, 0x35, 0x10, 0x35, 0x04, 0xA6, 0x84, 0xAB, 0x02, 0xA7, 0x84, 0xA6, 0x01, 0xAB,
    0x03, 0xA7, 0x01, 0x30, 0x04, 0x5A, 0x26, 0xB2, 0x39, 0x7A, 0xC9, 0x01, 0xB6, 0xC9, 0x01, 0x81,
    0x00, 0x26, 0x34, 0x86, 0x01, 0xB7, 0xC9, 0x01, 0x7A, 0xC9, 0x12, 0xB6, 0xC9, 0x12, 0x81, 0x6A,
    0x26, 0x10, 0x86, 0x80, 0xB7, 0xC9, 0x50, 0x86, 0x01, 0xB7, 0xC9, 0x05, 0xFC, 0xC9, 0x11, 0xFD,
    0xC9, 0x06, 0x7A, 0xC9, 0x02, 0xB6, 0xC9, 0x02, 0x81, 0x00, 0x26, 0x0B, 0x86, 0x02, 0xB7, 0xC9,
    0x02, 0x7C, 0xC9, 0x11, 0x7C, 0xC9, 0x00, 0x39, 0x8E, 0xC9, 0x11, 0xBD, 0xF3, 0x0C, 0xF6, 0xC9,
    0x00, 0x8E, 0x32, 0x8E, 0xBD, 0xF4, 0x0E, 0xBD, 0xF3, 0x54, 0x8E, 0xC9, 0x11, 0xBD, 0xF3, 0x0C,
    0xF6, 0xC9, 0x00, 0x8E, 0x32, 0xB0, 0xBD, 0xF4, 0x0E, 0xBD, 0xF3, 0x54, 0x8E, 0xC9, 0x11, 0xBD,
    0xF3, 0x0C, 0xF6, 0xC9, 0x00, 0x8E, 0x32, 0xD2, 0xBD, 0xF4, 0x0E, 0xBD, 0xF3, 0x54, 0x8E, 0xC9,
    0x11, 0xBD, 0xF3, 0x0C, 0xF6, 0xC9, 0x00, 0x8E, 0x32, 0xF7, 0xBD, 0xF4, 0x0E, 0xBD, 0xF3, 0x54,
    0xB6, 0xC9, 0x05, 0x81, 0xFF, 0x27, 0x0C, 0xBD, 0xF2, 0xA9, 0xFC, 0xC9, 0x20, 0xCE, 0x00, 0x00,
    0xBD, 0xF3, 0x7A, 0x39, 0xB6, 0xC9, 0x05, 0x81, 0x00, 0x26, 0x01, 0x39, 0x81, 0xFF, 0x27, 0x4A,
    0x8E, 0xC9, 0x06, 0xBD, 0xF3, 0x0C, 0xB6, 0xC9, 0x09, 0x8E, 0x33, 0x0A, 0xCE, 0xCA, 0x80, 0xBD,
    0xF6, 0x1F, 0x8E, 0xCA, 0x80, 0xF6, 0xC9, 0x08, 0xBD, 0xF4, 0x0E, 0xBD, 0xF3, 0x54, 0x7C, 0xC9,
    0x09, 0x7C, 0xC9, 0x09, 0x7C, 0xC9, 0x09, 0x7C, 0xC9, 0x09, 0x7C, 0xC9, 0x08, 0x7A, 0xC9, 0x06,
    0x7A, 0xC9, 0x07, 0x7A, 0xC9, 0x07, 0xB6, 0xC9, 0x06, 0x81, 0xB8, 0x27, 0x01, 0x39, 0x86, 0xFF,
    0xB7, 0xC9, 0x05, 0xCE, 0x34, 0xEE, 0xBD, 0xF2, 0x7D, 0x39, 0xBD, 0x33, 0xA5, 0x39, 0x00, 0x00,
    0x01, 0x00, 0x04, 0x00, 0x05, 0x00, 0x06, 0x1F, 0x07, 0x1C, 0x08, 0x0F, 0x09, 0x0F, 0x0A, 0x10,
    0x0B, 0x10, 0x0C, 0x10, 0x0D, 0x00, 0x0E, 0x20, 0xFF, 0x00, 0x00, 0x01, 0x00, 0x04, 0x00, 0x05,
    0x00, 0x07, 0x1C, 0x08, 0x0F, 0x09, 0x0F, 0x0A, 0x10, 0x0B, 0x10, 0x0D, 0x00, 0xFF, 0xC5, 0x01,
    0x01, 0xFF, 0xC2, 0x09, 0xFC, 0x03, 0xC6, 0x07, 0xFC, 0x00, 0xC6, 0x0A, 0xFF, 0x05, 0xC6, 0xF1,
    0x05, 0xFF, 0xC4, 0x09, 0xFC, 0x01, 0xC3, 0xF9, 0x02, 0x02, 0xC2, 0xF9, 0x03, 0x03, 0xC4, 0x10,
    0x04, 0xFE, 0xC5, 0x10, 0xFE, 0x01, 0xC0, 0x10, 0x02, 0xFC, 0xC4, 0xF3, 0xFD, 0x03, 0xC2, 0xF1,
    0xFF, 0xFF, 0xC2, 0x0F, 0x05, 0x00, 0xC2, 0xF5, 0xFD, 0x02, 0xC3, 0xFD, 0x02, 0xFF, 0xC5, 0xF6,
    0xFE, 0x01, 0xC0, 0xFF, 0x04, 0xFE, 0xC6, 0xFC, 0xFF, 0x04, 0xC5, 0x04, 0x00, 0xFD, 0xC4, 0x06,
    0x04, 0x04, 0xC0, 0x01, 0x04, 0x00, 0xC5, 0x00, 0x01, 0x00, 0xC2, 0xFD, 0xFE, 0xFD, 0xC1, 0x10,
    0xFD, 0x00, 0xC2, 0x00, 0xFD, 0x00, 0xC2, 0x04, 0x01, 0xFD, 0xC7, 0x05, 0x01, 0x00, 0xC0, 0x09,
    0x00, 0x03, 0xC4, 0x0B, 0xFC, 0xFE, 0xC0, 0xF3, 0xFF, 0xFD, 0xC0, 0x01, 0x02, 0x01, 0xC6, 0xF2,
    0xFE, 0x02, 0xC3, 0xFB, 0xFD, 0x02, 0xC7, 0x01, 0xFD, 0x03, 0xC3, 0xFF, 0x00, 0xFE, 0xC2, 0xF3,
    0x01, 0xFE, 0xC7, 0xF3, 0x00, 0xFE, 0xC6, 0x08, 0xFE, 0x02, 0xC2, 0xF2, 0xFC, 0xFF, 0xC6, 0xF9,
    0xFE, 0x00, 0xCC, 0xF8, 0x48, 0xFD, 0xC8, 0x2A, 0xCC, 0x70, 0x00, 0xFD, 0xC9, 0x11, 0xCC, 0x00,
    0x10, 0xFD, 0xC9, 0x00, 0xCC, 0x04, 0x00, 0xFD, 0xC9, 0x02, 0xBE, 0xC9, 0x02, 0x30, 0x1F, 0xBF,
    0xC9, 0x02, 0x8C, 0x00, 0x00, 0x26, 0x03, 0x7E, 0x36, 0x81, 0xBD, 0xF2, 0xA9, 0xBD, 0xF1, 0x92,
    0xCC, 0x00, 0xC8, 0xCE, 0x02, 0xEB, 0xBD, 0xF3, 0x7A, 0xBD, 0xF3, 0x54, 0xCC, 0x90, 0xC0, 0xCE,
    0x02, 0xF5, 0xBD, 0xF3, 0x7A, 0xBD, 0xF3, 0x54, 0xCC, 0xD0, 0xD0, 0xBD, 0xF2, 0xFC, 0xCE, 0xC8,
    0x80, 0xBD, 0xF4, 0x95, 0x8E, 0xC9, 0x11, 0xBD, 0xF3, 0x0C, 0xC6, 0x60, 0x8E, 0x14, 0x3E, 0xBD,
    0xF4, 0x0E, 0xBD, 0xF3, 0x54, 0x8E, 0xC9, 0x11, 0xBD, 0xF3, 0x0C, 0xC6, 0x60, 0x8E, 0x14, 0x5D,
    0xBD, 0xF4, 0x0E, 0xBD, 0xF3, 0x54, 0x8E, 0xC9, 0x11, 0xBD, 0xF3, 0x0C, 0xC6, 0x60, 0x8E, 0x14,
    0x88, 0xBD, 0xF4, 0x0E, 0xBD, 0xF3, 0x54, 0x7C, 0xC9, 0x12, 0x7C, 0xC9, 0x12, 0xB6, 0xC9, 0x00,
    0x81, 0x01, 0x27, 0x05, 0x7A, 0xC9, 0x11, 0x20, 0x03, 0x7C, 0xC9, 0x11, 0x7A, 0xC9, 0x01, 0xB6,
    0xC9, 0x01, 0x81, 0x00, 0x10, 0x26, 0xFF, 0x72, 0x86, 0x10, 0xB7, 0xC9, 0x01, 0x7C, 0xC9, 0x00,
    0xB6, 0xC9, 0x00, 0x81, 0x02, 0x10, 0x26, 0xFF, 0x61, 0x86, 0x00, 0xB7, 0xC9, 0x00, 0x7E, 0x35,
    0xDA, 0x7E, 0xF0, 0x00, 0x34, 0x10, 0xCC, 0xC0, 0x50, 0xFD, 0xCA, 0x80, 0xCC, 0x00, 0x00, 0xFD,
    0xC8, 0x90, 0x8E, 0xC8, 0x90, 0xBD, 0xF8, 0x4F, 0x10, 0x8E, 0x01, 0x20, 0x35, 0x10, 0xA6, 0x07,
    0x34, 0x10, 0x34, 0x02, 0xCC, 0x00, 0x01, 0x8E, 0xC8, 0x90, 0xBD, 0xF8, 0x7C, 0x35, 0x02, 0x81,
    0x01, 0x27, 0x03, 0x4A, 0x20, 0xEC, 0x35, 0x10, 0xEC, 0x84, 0x34, 0x10, 0xC0, 0x30, 0xBD, 0xF2,
    0xFC, 0xCE, 0xC8, 0x90, 0xBD, 0xF4, 0x95, 0xBD, 0xF3, 0x54, 0x35, 0x10, 0x39, 0xBD, 0xF2, 0x72,
    0x86, 0x03, 0xB7, 0xCA, 0xFF, 0xCC, 0xF8, 0x36, 0xFD, 0xC8, 0x2A, 0x8E, 0x02, 0x00, 0x34, 0x10,
    0xBD, 0xF1, 0x92, 0xBD, 0xF2, 0xA9, 0xCC, 0x70, 0x80, 0xCE, 0x05, 0x35, 0xBD, 0xF3, 0x7A, 0xCC,
    0x50, 0x80, 0xCE, 0x05, 0x41, 0xBD, 0xF3, 0x7A, 0xCC, 0x40, 0x80, 0xCE, 0x05, 0x5A, 0xBD, 0xF3,
    0x7A, 0xCC, 0x10, 0x80, 0xCE, 0x05, 0x78, 0xBD, 0xF3, 0x7A, 0x35, 0x10, 0x30, 0x1F, 0x8C, 0x00,
    0x00, 0x26, 0xCB, 0xBD, 0x2E, 0x98, 0xCC, 0x00, 0x00, 0xFD, 0xC8, 0x80, 0x8E, 0xC8, 0x80, 0xBD,
    0xF8, 0x4F, 0xCC, 0xA0, 0x00, 0xFD, 0xC9, 0x00, 0x86, 0x02, 0xB7, 0xCA, 0xFE, 0x8E, 0xCA, 0x00,
    0xBD, 0xF5, 0x11, 0x44, 0xC6, 0x00, 0x81, 0x2A, 0x2A, 0x16, 0xBD, 0x3E, 0xFF, 0x48, 0x48, 0x48,
    0x48, 0x80, 0x60, 0xA7, 0x84, 0xBD, 0x3E, 0xF3, 0x48, 0x48, 0x48, 0x48, 0xA7, 0x01, 0xC6, 0x03,
    0xE7, 0x02, 0x30, 0x03, 0x8C, 0xCA, 0x78, 0x2B, 0xD7, 0xBD, 0x3E, 0x8C, 0xBD, 0x13, 0x84, 0x86,
    0x01, 0xB7, 0xC9, 0x2E, 0xCC, 0xE0, 0x80, 0xFD, 0xC9, 0x2C, 0x8E, 0x00, 0xFF, 0xBF, 0xC9, 0x31,
    0x86, 0x00, 0xB7, 0xC9, 0x3C, 0xB6, 0xCA, 0xFE, 0xB7, 0xC9, 0x38, 0xB6, 0xC9, 0x3C, 0x81, 0x01,
    0x26, 0x02, 0x20, 0xD5, 0xBD, 0xF1, 0xAF, 0xFE, 0xC9, 0x40, 0xBD, 0xF6, 0x87, 0xBD, 0xF1, 0x92,
    0xBD, 0xF2, 0x89, 0xBE, 0xC9, 0x3E, 0x8C, 0x00, 0x00, 0x27, 0x19, 0xCC, 0x00, 0xC8, 0xCE, 0x02,
    0xEB, 0xBD, 0xF3, 0x7A, 0xBE, 0xC9, 0x3E, 0x30, 0x1F, 0xBF, 0xC9, 0x3E, 0x8C, 0x00, 0x01, 0x26,
    0x0D, 0x7E, 0x36, 0xCD, 0xB6, 0xC9, 0x3C, 0x81, 0x00, 0x26, 0x03, 0xBD, 0x3D, 0xFE, 0xBD, 0x3D,
    0x8C, 0xBD, 0x3F, 0x0B, 0xBD, 0x3A, 0x64, 0xBD, 0x3A, 0xC5, 0xBD, 0x3C, 0x43, 0xBD, 0x3A, 0x28,
    0xBD, 0x3A, 0x44, 0xBD, 0x39, 0xDF, 0xBD, 0x37, 0xFB, 0xBE, 0xC9, 0x36, 0x8C, 0x00, 0x00, 0x27,
    0x9A, 0x30, 0x1F, 0xBF, 0xC9, 0x36, 0x8C, 0x00, 0x00, 0x26, 0x90, 0xBD, 0x3E, 0x8C, 0xB6, 0xCA,
    0xFE, 0x81, 0x07, 0x2A, 0x03, 0x7C, 0xCA, 0xFE, 0x7E, 0x37, 0x75, 0xBE, 0xC9, 0x31, 0x8C, 0x00,
    0x00, 0x27, 0x29, 0x30, 0x1F, 0xBF, 0xC9, 0x31, 0x8C, 0x00, 0x00, 0x26, 0x1E, 0xBD, 0xF5, 0x11,
    0x81, 0x00, 0x2A, 0x0C, 0xCC, 0xE0, 0x80, 0xFD, 0xC9, 0x2C, 0x86, 0x01, 0xB7, 0xC9, 0x2E, 0x39,
    0xCC, 0xE0, 0x7F, 0xFD, 0xC9, 0x2C, 0x86, 0x05, 0xB7, 0xC9, 0x2E, 0x39, 0xB6, 0xC9, 0x0C, 0x81,
    0x00, 0x27, 0x26, 0xBE, 0xC9, 0x2C, 0x10, 0xBE, 0xC9, 0x0A, 0xCC, 0x08, 0x0C, 0xBD, 0xF8, 0xFF,
    0x25, 0x02, 0x20, 0x15, 0x8E, 0x00, 0xFF, 0xBF, 0xC9, 0x31, 0x86, 0x00, 0xB7, 0xC9, 0x0C, 0xCC,
    0x03, 0x00, 0xBD, 0x2E, 0x5F, 0xBD, 0x3F, 0xDC, 0x39, 0xB6, 0xC9, 0x3C, 0x81, 0x00, 0x26, 0x03,
    0xBD, 0x3D, 0x6E, 0x8E, 0xC9, 0x2C, 0xBD, 0xF3, 0x0C, 0x86, 0x40, 0xBD, 0xF2, 0xAB, 0x8E, 0x3F,
    0x89, 0xB6, 0xC9, 0x2F, 0x81, 0x00, 0x27, 0x03, 0x8E, 0x3F, 0xA8, 0xC6, 0x50, 0xBD, 0xF4, 0x0E,
    0xBD, 0xF3, 0x54, 0xB6, 0xC9, 0x2E, 0x81, 0x05, 0x2B, 0x03, 0x7E, 0x39, 0x25, 0xB6, 0xC9, 0x2E,
    0x81, 0x01, 0x27, 0x0D, 0x81, 0x02, 0x27, 0x26, 0x81, 0x03, 0x27, 0x48, 0x81, 0x04, 0x27, 0x60,
    0x39, 0x7C, 0xC9, 0x2C, 0x7C, 0xC9, 0x2C, 0xB6, 0xC9, 0x2C, 0x44, 0x81, 0x70, 0x2B, 0x75, 0xBD,
    0x3E, 0xE5, 0xC6, 0x03, 0x81, 0x00, 0x27, 0x02, 0xC6, 0x04, 0xF7, 0xC9, 0x2E, 0x39, 0x7C, 0xC9,
    0x2C, 0x7C, 0xC9, 0x2C, 0x7C, 0xC9, 0x2D, 0x7C, 0xC9, 0x2D, 0xBD, 0x39, 0xBD, 0xB6, 0xC9, 0x2C,
    0x44, 0x81, 0x70, 0x2B, 0x4F, 0xBD, 0x3E, 0xE5, 0xC6, 0x03, 0x81, 0x00, 0x27, 0x02, 0xC6, 0x04,
    0xF7, 0xC9, 0x2E, 0x39, 0x7A, 0xC9, 0x2C, 0x7A, 0xC9, 0x2C, 0xB6, 0xC9, 0x2C, 0x81, 0x84, 0x2A,
    0x33, 0xBD, 0x3E, 0xE5, 0xC6, 0x01, 0x81, 0x01, 0x27, 0x02, 0xC6, 0x02, 0xF7, 0xC9, 0x2E, 0x39,
    0x7A, 0xC9, 0x2C, 0x7A, 0xC9, 0x2C, 0x7C, 0xC9, 0x2D, 0x7C, 0xC9, 0x2D, 0xBD, 0x39, 0xBD, 0xB6,
    0xC9, 0x2C, 0x81, 0x84, 0x2A, 0x0E, 0xBD, 0x3E, 0xE5, 0xC6, 0x01, 0x81, 0x00, 0x27, 0x02, 0xC6,
    0x02, 0xF7, 0xC9, 0x2E, 0x39, 0xB6, 0xC9, 0x2E, 0x81, 0x05, 0x27, 0x0D, 0x81, 0x06, 0x27, 0x26,
    0x81, 0x07, 0x27, 0x48, 0x81, 0x08, 0x27, 0x60, 0x39, 0x7C, 0xC9, 0x2C, 0x7C, 0xC9, 0x2C, 0xB6,
    0xC9, 0x2C, 0x44, 0x81, 0x70, 0x2B, 0x75, 0xBD, 0x3E, 0xE5, 0xC6, 0x07, 0x81, 0x00, 0x27, 0x02,
    0xC6, 0x08, 0xF7, 0xC9, 0x2E, 0x39, 0x7C, 0xC9, 0x2C, 0x7C, 0xC9, 0x2C, 0x7A, 0xC9, 0x2D, 0x7A,
    0xC9, 0x2D, 0xBD, 0x39, 0xCE, 0xB6, 0xC9, 0x2C, 0x44, 0x81, 0x70, 0x2B, 0x4F, 0xBD, 0x3E, 0xE5,
    0xC6, 0x07, 0x81, 0x00, 0x27, 0x02, 0xC6, 0x08, 0xF7, 0xC9, 0x2E, 0x39, 0x7A, 0xC9, 0x2C, 0x7A,
    0xC9, 0x2C, 0xB6, 0xC9, 0x2C, 0x81, 0x84, 0x2A, 0x33, 0xBD, 0x3E, 0xE5, 0xC6, 0x05, 0x81, 0x01,
    0x27, 0x02, 0xC6, 0x06, 0xF7, 0xC9, 0x2E, 0x39, 0x7A, 0xC9, 0x2C, 0x7A, 0xC9, 0x2C, 0x7A, 0xC9,
    0x2D, 0x7A, 0xC9, 0x2D, 0xBD, 0x39, 0xCE, 0xB6, 0xC9, 0x2C, 0x81, 0x84, 0x2A, 0x0E, 0xBD, 0x3E,
    0xE5, 0xC6, 0x05, 0x81, 0x00, 0x27, 0x02, 0xC6, 0x06, 0xF7, 0xC9, 0x2E, 0x39, 0xB6, 0xC9, 0x2D,
    0x80, 0x80, 0x44, 0x81, 0x7A, 0x2B, 0x06, 0x8E, 0x00, 0xFF, 0xBF, 0xC9, 0x31, 0x39, 0xB6, 0xC9,
    0x2D, 0x80, 0x80, 0x44, 0x81, 0x0A, 0x2A, 0x06, 0x8E, 0x00, 0xFF, 0xBF, 0xC9, 0x31, 0x39, 0xB6,
    0xC9, 0x26, 0x81, 0x01, 0x27, 0x12, 0xCC, 0xCA, 0x00, 0xFD, 0xC9, 0x27, 0xCC, 0xCA, 0x3C, 0xFD,
    0xC9, 0x29, 0x86, 0x01, 0xB7, 0xC9, 0x26, 0x39, 0xCC, 0xCA, 0x3C, 0xFD, 0xC9, 0x27, 0xCC, 0xCA,
    0x78, 0xFD, 0xC9, 0x29, 0x86, 0x00, 0xB7, 0xC9, 0x26, 0x7C, 0xC9, 0x30, 0xB6, 0xC9, 0x30, 0x81,
    0x02, 0x26, 0x14, 0x86, 0x00, 0xB7, 0xC9, 0x30, 0x7C, 0xC9, 0x2F, 0xB6, 0xC9, 0x2F, 0x81, 0x02,
    0x26, 0x05, 0x86, 0x00, 0xB7, 0xC9, 0x2F, 0x39, 0xB6, 0xC9, 0x0C, 0x81, 0x00, 0x26, 0x01, 0x39,
    0x8E, 0xC9, 0x0A, 0xBD, 0xF3, 0x0C, 0xBD, 0xF2, 0xA9, 0x8E, 0x3F, 0xCE, 0xC6, 0x40, 0xBD, 0xF4,
    0x0E, 0xBD, 0xF3, 0x54, 0x7C, 0xC9, 0x0A, 0x7C, 0xC9, 0x0A, 0x7C, 0xC9, 0x0A, 0x7C, 0xC9, 0x0A,
    0x7C, 0xC9, 0x0A, 0xB6, 0xC9, 0x0A, 0x81, 0x7A, 0x2B, 0x09, 0x81, 0x7F, 0x2A, 0x05, 0x86, 0x00,
    0xB7, 0xC9, 0x0C, 0x39, 0x86, 0x2A, 0xBD, 0xF2, 0xAB, 0xBE, 0xC9, 0x27, 0xA6, 0x02, 0xB7, 0xC9,
    0x20, 0x81, 0x00, 0x26, 0x08, 0x30, 0x03, 0xBC, 0xC9, 0x29, 0x2B, 0xF0, 0x39, 0x34, 0x10, 0xEC,
    0x84, 0x8B, 0x04, 0xFD, 0xC9, 0x33, 0x8E, 0xC9, 0x33, 0xBD, 0xF3, 0x0C, 0xB6, 0xC9, 0x20, 0xC6,
    0x40, 0x81, 0x03, 0x27, 0x08, 0xC6, 0x20, 0x81, 0x02, 0x27, 0x02, 0xC6, 0x08, 0x8E, 0x3F, 0xC4,
    0xBD, 0xF4, 0x0E, 0xBD, 0xF3, 0x54, 0x35, 0x10, 0x20, 0xCB, 0x8E, 0xCA, 0x00, 0xA6, 0x02, 0x81,
    0x00, 0x27, 0x08, 0x30, 0x03, 0x8C, 0xCA, 0x78, 0x26, 0xF3, 0x39, 0xFC, 0xC9, 0x20, 0xED, 0x84,
    0x86, 0x03, 0xA7, 0x02, 0x39, 0x86, 0x00, 0xB7, 0xC9, 0x2B, 0x7C, 0xC9, 0x23, 0xB6, 0xC9, 0x23,
    0x81, 0x03, 0x26, 0x34, 0x86, 0x00, 0xB7, 0xC9, 0x23, 0xB6, 0xC9, 0x22, 0x8E, 0x3F, 0x4A, 0x81,
    0x00, 0x27, 0x15, 0x8E, 0x3F, 0x5D, 0x81, 0x01, 0x27, 0x0E, 0x8E, 0x3F, 0x76, 0x81, 0x02, 0x27,
    0x07, 0x8E, 0x3F, 0x5D, 0x81, 0x03, 0x27, 0x00, 0xBF, 0xC9, 0x24, 0x4C, 0xB7, 0xC9, 0x22, 0x81,
    0x04, 0x26, 0x05, 0x86, 0x00, 0xB7, 0xC9, 0x22, 0x86, 0x50, 0xBD, 0xF2, 0xAB, 0x8E, 0xC9, 0x80,
    0x86, 0x00, 0xB7, 0xC9, 0x35, 0xA6, 0x02, 0x81, 0x00, 0x26, 0x1D, 0x30, 0x03, 0x8C, 0xC9, 0xA4,
    0x2B, 0xF3, 0xB6, 0xC9, 0x35, 0x81, 0x00, 0x26, 0x0E, 0xBE, 0xC9, 0x36, 0x8C, 0x00, 0x00, 0x26,
    0x06, 0x8E, 0x00, 0xFF, 0xBF, 0xC9, 0x36, 0x39, 0x7C, 0xC9, 0x35, 0xBD, 0x3D, 0x34, 0x34, 0x10,
    0xBD, 0xF3, 0x0C, 0xBE, 0xC9, 0x24, 0xC6, 0x2A, 0xBD, 0xF4, 0x0E, 0xBD, 0xF3, 0x54, 0x35, 0x10,
    0xA6, 0x02, 0x81, 0x01, 0x27, 0x0F, 0x81, 0x02, 0x27, 0x40, 0x81, 0x03, 0x27, 0x74, 0x81, 0x04,
    0x26, 0xB9, 0x7E, 0x3B, 0xFE, 0xBD, 0x3C, 0x31, 0xA6, 0x01, 0x80, 0x80, 0x44, 0x81, 0x7D, 0x2B,
    0x27, 0xA6, 0x84, 0x80, 0x10, 0xA7, 0x84, 0xBD, 0x3C, 0x3A, 0x86, 0x02, 0xA7, 0x02, 0xA6, 0x84,
    0x8B, 0x80, 0x81, 0x00, 0x2B, 0x02, 0x20, 0x93, 0x81, 0xEE, 0x2A, 0x02, 0x20, 0x8D, 0xA6, 0x84,
    0x8B, 0x20, 0xA7, 0x84, 0x86, 0x04, 0xA7, 0x02, 0x20, 0x81, 0xBD, 0x3C, 0x3A, 0xA6, 0x01, 0x80,
    0x80, 0x44, 0x81, 0x03, 0x2A, 0x29, 0xA6, 0x84, 0x80, 0x10, 0xA7, 0x84, 0x86, 0x01, 0xA7, 0x02,
    0xBD, 0x3C, 0x31, 0xA6, 0x84, 0x8B, 0x80, 0x81, 0x00, 0x2B, 0x03, 0x7E, 0x3B, 0x1B, 0x81, 0xEE,
    0x2A, 0x03, 0x7E, 0x3B, 0x1B, 0xA6, 0x84, 0x8B, 0x20, 0xA7, 0x84, 0x86, 0x03, 0xA7, 0x02, 0x7E,
    0x3B, 0x1B, 0xBD, 0x3C, 0x31, 0xA6, 0x01, 0x80, 0x80, 0x44, 0x81, 0x7D, 0x2B, 0x16, 0xA6, 0x84,
    0x8B, 0x10, 0xA7, 0x84, 0x86, 0x04, 0xA7, 0x02, 0xBD, 0x3C, 0x3A, 0xA6, 0x84, 0x80, 0x80, 0x44,
    0x81, 0x20, 0x2B, 0x03, 0x7E, 0x3B, 0x1B, 0x86, 0x01, 0xA7, 0x02, 0x7E, 0x3B, 0x1B, 0x6A, 0x01,
    0x6A, 0x01, 0xA6, 0x01, 0x80, 0x80, 0x44, 0x81, 0x03, 0x2A, 0x16, 0xA6, 0x84, 0x8B, 0x10, 0xA7,
    0x84, 0xBD, 0x3C, 0x31, 0x86, 0x03, 0xA7, 0x02, 0xA6, 0x84, 0x80, 0x80, 0x44, 0x81, 0x20, 0x2B,
    0x03, 0x7E, 0x3B, 0x1B, 0x86, 0x02, 0xA7, 0x02, 0xA6, 0x84, 0x8B, 0x20, 0xA7, 0x84, 0x7E, 0x3B,
    0x1B, 0xB6, 0xC9, 0x38, 0x6C, 0x01, 0x4A, 0x26, 0xFB, 0x39, 0xB6, 0xC9, 0x38, 0x6A, 0x01, 0x4A,
    0x26, 0xFB, 0x39, 0x8E, 0xC9, 0x80, 0xA6, 0x02, 0x81, 0x00, 0x26, 0x08, 0x30, 0x03, 0x8C, 0xC9,
    0xA4, 0x2B, 0xF3, 0x39, 0xB6, 0xC9, 0x0C, 0x81, 0x00, 0x27, 0x33, 0x34, 0x10, 0xEC, 0x84, 0xFD,
    0xC9, 0x10, 0xBE, 0xC9, 0x10, 0x10, 0xBE, 0xC9, 0x0A, 0xCC, 0x06, 0x06, 0xBD, 0xF8, 0xFF, 0x35,
    0x10, 0x25, 0x02, 0x20, 0x19, 0xEC, 0x84, 0xFD, 0xC9, 0x20, 0x86, 0x00, 0xA7, 0x02, 0xB7, 0xC9,
    0x0C, 0xBD, 0x3A, 0xAA, 0xCC, 0x00, 0x25, 0xBD, 0x2E, 0x5F, 0xBD, 0x3F, 0xD2, 0x39, 0x10, 0x8E,
    0xCA, 0x00, 0xA6, 0x22, 0x81, 0x00, 0x27, 0x43, 0xBD, 0x3D, 0x00, 0xA6, 0xA4, 0x8B, 0x02, 0xA1,
    0x84, 0x2B, 0x38, 0x80, 0x04, 0xA1, 0x84, 0x2A, 0x32, 0xA6, 0x21, 0x8B, 0x02, 0xA1, 0x01, 0x2B,
    0x2A, 0x80, 0x04, 0xA1, 0x01, 0x2A, 0x24, 0xA6, 0x02, 0x81, 0x03, 0x27, 0x29, 0x81, 0x04, 0x27,
    0x25, 0xA6, 0x84, 0x80, 0x10, 0xA7, 0x84, 0xA6, 0x02, 0x81, 0x01, 0x27, 0x07, 0x86, 0x01, 0xA7,
    0x02, 0x7E, 0x3C, 0x4C, 0x86, 0x02, 0xA7, 0x02, 0x7E, 0x3C, 0x4C, 0x31, 0x23, 0x10, 0x8C, 0xCA,
    0x78, 0x2B, 0xAF, 0x7E, 0x3C, 0x4C, 0xA6, 0x84, 0x8B, 0x10, 0xA7, 0x84, 0xA6, 0x02, 0x81, 0x03,
    0x27, 0x07, 0x86, 0x03, 0xA7, 0x02, 0x7E, 0x3C, 0x4C, 0x86, 0x04, 0xA7, 0x02, 0x7E, 0x3C, 0x4C,
    0xB6, 0xC9, 0x0C, 0x81, 0x00, 0x27, 0x2C, 0xB6, 0xC9, 0x0B, 0x8B, 0x08, 0xA1, 0x21, 0x2B, 0x23,
    0x80, 0x10, 0xA1, 0x21, 0x2A, 0x1D, 0xB6, 0xC9, 0x0A, 0x8B, 0x08, 0xA1, 0xA4, 0x2B, 0x14, 0x80,
    0x10, 0xA1, 0xA4, 0x2A, 0x0E, 0x86, 0x00, 0xB7, 0xC9, 0x0C, 0xA6, 0x22, 0x81, 0x00, 0x27, 0x01,
    0x4A, 0xA7, 0x22, 0x39, 0x34, 0x10, 0xB6, 0xC9, 0x3C, 0x81, 0x00, 0x26, 0x2E, 0xB6, 0xC9, 0x01,
    0x44, 0x44, 0x44, 0xE6, 0x01, 0x54, 0x54, 0x54, 0xF7, 0xC9, 0x3A, 0xB1, 0xC9, 0x3A, 0x26, 0x1B,
    0xB6, 0xC9, 0x00, 0x44, 0x44, 0x44, 0xE6, 0x84, 0x54, 0x54, 0x54, 0xF7, 0xC9, 0x3B, 0xB1, 0xC9,
    0x3B, 0x26, 0x08, 0x86, 0xFF, 0xB7, 0xC9, 0x3C, 0xBD, 0x3F, 0xEF, 0x35, 0x10, 0x39, 0x34, 0x10,
    0xBE, 0xC9, 0x2C, 0x10, 0xBE, 0xC9, 0x00, 0xCC, 0x06, 0x0A, 0xBD, 0xF8, 0xFF, 0x25, 0x02, 0x20,
    0x08, 0x86, 0xFF, 0xB7, 0xC9, 0x3C, 0xBD, 0x3F, 0xEF, 0x35, 0x10, 0x39, 0x86, 0x48, 0xBD, 0xF2,
    0xAB, 0x8E, 0xC9, 0x00, 0xBD, 0xF3, 0x0C, 0xB6, 0xC9, 0x3C, 0x81, 0x00, 0x26, 0x16, 0x8E, 0x3F,
    0x1E, 0xB6, 0xC9, 0x0C, 0x81, 0x00, 0x27, 0x03, 0x8E, 0x3F, 0x37, 0xC6, 0x40, 0xBD, 0xF4, 0x0E,
    0xBD, 0xF3, 0x54, 0x39, 0xBD, 0xF2, 0xA9, 0x7C, 0xC9, 0x3D, 0x7C, 0xC9, 0x3D, 0x7C, 0xC9, 0x3D,
    0x7C, 0xC9, 0x3D, 0x7C, 0xC9, 0x3D, 0x7C, 0xC9, 0x3D, 0x7C, 0xC9, 0x3D, 0xB6, 0xC9, 0x3D, 0x8E,
    0x3F, 0x1E, 0xCE, 0xCA, 0xD0, 0xBD, 0xF6, 0x1F, 0x8E, 0xCA, 0xD0, 0xC6, 0x40, 0xBD, 0xF4, 0x0E,
    0xBD, 0xF3, 0x54, 0x7A, 0xC9, 0x3C, 0xB6, 0xC9, 0x3C, 0x81, 0x01, 0x26, 0x10, 0x7A, 0xCA, 0xFF,
    0xB6, 0xCA, 0xFF, 0x81, 0x00, 0x26, 0x06, 0xCC, 0x01, 0x50, 0xFD, 0xC9, 0x3E, 0x39, 0xBD, 0x13,
    0x95, 0xB6, 0xC8, 0x1B, 0x81, 0x00, 0x27, 0x39, 0x81, 0x00, 0x2A, 0x1C, 0x7A, 0xC9, 0x01, 0x7A,
    0xC9, 0x01, 0x7A, 0xC9, 0x01, 0xB6, 0xC9, 0x01, 0x81, 0x84, 0x2A, 0x25, 0x81, 0x80, 0x2B, 0x21,
    0x86, 0x83, 0xB7, 0xC9, 0x01, 0x20, 0x1A, 0x12, 0x7C, 0xC9, 0x01, 0x7C, 0xC9, 0x01, 0x7C, 0xC9,
    0x01, 0xB6, 0xC9, 0x01, 0x81, 0x7A, 0x2B, 0x09, 0x81, 0x7F, 0x2A, 0x05, 0x86, 0x7A, 0xB7, 0xC9,
    0x01, 0xB6, 0xC8, 0x1C, 0x81, 0x00, 0x27, 0x38, 0x81, 0x00, 0x2A, 0x1B, 0x7A, 0xC9, 0x00, 0x7A,
    0xC9, 0x00, 0x7A, 0xC9, 0x00, 0xB6, 0xC9, 0x00, 0x81, 0x90, 0x2A, 0x24, 0x81, 0x8A, 0x2B, 0x20,
    0x86, 0x8D, 0xB7, 0xC9, 0x00, 0x20, 0x19, 0x7C, 0xC9, 0x00, 0x7C, 0xC9, 0x00, 0x7C, 0xC9, 0x00,
    0xB6, 0xC9, 0x00, 0x81, 0xD0, 0x2B, 0x09, 0x81, 0xD3, 0x2B, 0x05, 0x86, 0xD3, 0xB7, 0xC9, 0x00,
    0xBD, 0x13, 0x7F, 0x7D, 0xC8, 0x14, 0x27, 0x03, 0xBD, 0x3E, 0xCC, 0x39, 0x8E, 0xC9, 0x80, 0x10,
    0x8E, 0x3E, 0xA5, 0xEC, 0xA4, 0xED, 0x84, 0xA6, 0x22, 0xA7, 0x02, 0x30, 0x03, 0x31, 0x23, 0x8C,
    0xC9, 0xA4, 0x2B, 0xEF, 0x39, 0x6F, 0x80, 0x01, 0x6F, 0x8A, 0x01, 0x6F, 0x94, 0x01, 0x6F, 0x9E,
    0x01, 0x6F, 0xA8, 0x01, 0x6F, 0xB2, 0x01, 0x6F, 0xBC, 0x01, 0x6F, 0xC6, 0x01, 0x6F, 0xD0, 0x01,
    0x6F, 0xDA, 0x01, 0x6F, 0xE4, 0x01, 0x6F, 0xEE, 0x01, 0x6F, 0xF8, 0x01, 0xB6, 0xC9, 0x0C, 0x81,
    0x00, 0x27, 0x01, 0x39, 0xBD, 0x3F, 0xD7, 0xFC, 0xC9, 0x00, 0x8B, 0x06, 0xFD, 0xC9, 0x0A, 0x86,
    0x01, 0xB7, 0xC9, 0x0C, 0x39, 0xBD, 0xF5, 0x11, 0x44, 0x81, 0x10, 0x2B, 0x03, 0x86, 0x01, 0x39,
    0x86, 0x00, 0x39, 0xBD, 0xF5, 0x11, 0x81, 0x00, 0x2B, 0xF9, 0x81, 0x0F, 0x2A, 0xF5, 0x39, 0xBD,
    0xF5, 0x11, 0x81, 0x00, 0x2B, 0xF9, 0x81, 0x0D, 0x2A, 0xF5, 0x39, 0xCC, 0x7F, 0x20, 0xBD, 0xF2,
    0xFC, 0xCE, 0xC8, 0x80, 0xCC, 0xFC, 0x47, 0xFD, 0xC8, 0x2A, 0xBD, 0xF4, 0x95, 0x39, 0x00, 0x00,
    0xFA, 0xFF, 0xF4, 0x0C, 0xFF, 0x00, 0xF4, 0xFF, 0x0C, 0x0C, 0xFF, 0x0C, 0xFA, 0xFF, 0x04, 0x00,
    0xFF, 0xFC, 0x00, 0xFF, 0xF4, 0xFA, 0x01, 0x00, 0x00, 0xFA, 0xFF, 0xF4, 0x0C, 0xFF, 0x00, 0xF4,
    0xFF, 0x0C, 0x0C, 0xFF, 0x0C, 0xFA, 0xFF, 0xF4, 0xFA, 0x01, 0x00, 0xEC, 0xF6, 0xFF, 0x14, 0x14,
    0xFF, 0x14, 0xEC, 0x00, 0xF6, 0x0A, 0xFF, 0xF6, 0xF6, 0xFF, 0xF6, 0x0A, 0x01, 0x00, 0x14, 0x00,
    0xFF, 0xF6, 0x00, 0xFF, 0xF6, 0xF6, 0xFF, 0xF6, 0x0A, 0xFF, 0x0A, 0x0A, 0xFF, 0x0A, 0xF6, 0x00,
    0xEC, 0x00, 0xFF, 0xF6, 0x00, 0x01, 0x00, 0x14, 0x0A, 0xFF, 0xEC, 0xEC, 0xFF, 0xEC, 0x14, 0x00,
    0x0A, 0xF6, 0xFF, 0x0A, 0x0A, 0xFF, 0x0A, 0xF6, 0x01, 0xFF, 0x06, 0xFA, 0xFF, 0xF2, 0xF6, 0x00,
    0x04, 0x0C, 0xFF, 0x02, 0xFC, 0xFF, 0x02, 0x08, 0xFF, 0x06, 0x06, 0xFF, 0xF2, 0x0A, 0x00, 0x04,
    0xF4, 0xFF, 0x02, 0x04, 0xFF, 0x02, 0xF8, 0x01, 0xFF, 0x06, 0xFA, 0xFF, 0xF2, 0xFC, 0x00, 0x02,
    0x08, 0xFF, 0x02, 0xFE, 0xFF, 0x0A, 0x0A, 0xFF, 0xF2, 0x04, 0x00, 0x02, 0xF8, 0xFF, 0x02, 0x02,
    0xFF, 0x04, 0xFC, 0x01, 0x00, 0xFE, 0xF8, 0xFF, 0x06, 0x08, 0xFF, 0xFA, 0x08, 0x01, 0xFF, 0x08,
    0x00, 0x01, 0xCC, 0x32, 0x5C, 0x20, 0x0A, 0xCC, 0x32, 0x50, 0x20, 0x05, 0xCC, 0x32, 0x78, 0x20,
    0x11, 0xFD, 0xC9, 0x40, 0xB6, 0xC8, 0x56, 0x26, 0x05, 0x86, 0x01, 0xB7, 0xC8, 0x56, 0x39, 0xCC,
    0x32, 0x64, 0xFD, 0xC9, 0x40, 0x20, 0xF2, 0x01, 0x03, 0x01, 0x0A, 0x02, 0x20, 0x30, 0x01, 0x12,
};

#endif
