// Auto-generated from Wormhole by John Dondzila (2001) (PD).vec
#ifndef _GBCART_WORMHOLE_BY_JOHN_DONDZILA_2001_PD_H
#define _GBCART_WORMHOLE_BY_JOHN_DONDZILA_2001_PD_H

const unsigned char gb_cart_Wormhole_by_John_Dondzila_2001_PD[] PROGMEM = {
    0x67, 0x20, 0x47, 0x43, 0x45, 0x20, 0x30, 0x30, 0x30, 0x30, 0x80, 0xFE, 0xE6, 0xFA, 0x48, 0x3F,
    0x98, 0x50, 0x4C, 0x45, 0x41, 0x53, 0x45, 0x20, 0x46, 0x41, 0x53, 0x54, 0x45, 0x4E, 0x20, 0x59,
    0x4F, 0x55, 0x52, 0x80, 0xFA, 0x48, 0x2F, 0x98, 0x20, 0x53, 0x41, 0x46, 0x45, 0x54, 0x59, 0x20,
    0x42, 0x45, 0x4C, 0x54, 0x53, 0x20, 0x2E, 0x2E, 0x2E, 0x80, 0x00, 0xCC, 0x30, 0x75, 0xFD, 0xC8,
    0x3D, 0xFD, 0xD0, 0x08, 0x7F, 0xC8, 0x80, 0x7F, 0xC8, 0x81, 0x7F, 0xC8, 0x82, 0x7F, 0xC8, 0x83,
    0x7F, 0xC8, 0x84, 0x7F, 0xC8, 0x85, 0xBD, 0x72, 0x20, 0x7E, 0x3E, 0x74, 0xBD, 0xF1, 0xAA, 0xCE,
    0x3C, 0x8E, 0xBD, 0xF2, 0x7D, 0xBD, 0x06, 0xF2, 0x8E, 0xC8, 0x80, 0x6F, 0x84, 0x30, 0x01, 0x8C,
    0xCB, 0x20, 0x26, 0xF7, 0x86, 0xF0, 0xB7, 0xC9, 0x16, 0xB7, 0xC9, 0x17, 0xCC, 0x02, 0x00, 0xFD,
    0xC9, 0x4E, 0x86, 0x03, 0xB7, 0xC9, 0x1E, 0x86, 0x01, 0xB7, 0xC9, 0x2C, 0x86, 0x80, 0xB7, 0xC9,
    0x2A, 0xB7, 0xC9, 0x2B, 0x86, 0x10, 0xB7, 0xC9, 0x4A, 0xB7, 0xC9, 0x4B, 0x7F, 0xC9, 0x33, 0x7F,
    0xC9, 0xDE, 0x7F, 0xC9, 0x06, 0x86, 0x20, 0xB7, 0xC9, 0x07, 0x86, 0x28, 0xB7, 0xC9, 0x5E, 0x7F,
    0xC9, 0x5D, 0x7F, 0xC9, 0x67, 0xBD, 0x08, 0xA6, 0x7F, 0xC9, 0x0C, 0x7F, 0xC9, 0x0D, 0x7F, 0xCA,
    0xB1, 0x7F, 0xCA, 0xB2, 0x7F, 0xCA, 0xB3, 0x7F, 0xCA, 0xB4, 0x7F, 0xCA, 0xB5, 0x7F, 0xCA, 0xB6,
    0x7F, 0xCA, 0xB7, 0x7F, 0xCA, 0xB8, 0x7F, 0xCA, 0xB9, 0x7F, 0xCA, 0xB0, 0x7F, 0xCA, 0xB6, 0x7F,
    0xC9, 0x27, 0x7F, 0xC9, 0xDA, 0x7F, 0xC9, 0x2F, 0x7F, 0xC9, 0x30, 0x7F, 0xC9, 0x31, 0x7F, 0xC9,
    0x32, 0x7F, 0xC9, 0x35, 0x7F, 0xC9, 0x36, 0x7F, 0xC9, 0x50, 0x7F, 0xC9, 0x54, 0x7F, 0xC9, 0x55,
    0x7F, 0xC9, 0x56, 0x7F, 0xC9, 0x57, 0x7F, 0xC9, 0x58, 0x7F, 0xC9, 0x59, 0x7F, 0xC9, 0x5A, 0x7F,
    0xC9, 0x5B, 0x7F, 0xC9, 0x5C, 0x7F, 0xC9, 0x61, 0x7F, 0xC9, 0x62, 0x7F, 0xC9, 0x63, 0x86, 0x01,
    0xB7, 0xC9, 0x08, 0xB7, 0xC9, 0x0E, 0xB7, 0xC9, 0xDD, 0x86, 0x50, 0xB7, 0xC9, 0x64, 0x86, 0x02,
    0xB7, 0xC9, 0x65, 0xFC, 0xC9, 0x4E, 0xFD, 0xC9, 0x4C, 0x86, 0x01, 0xB7, 0xC9, 0x48, 0xB7, 0xC9,
    0x08, 0xB7, 0xC9, 0x0F, 0xCC, 0x01, 0x00, 0xFD, 0xC9, 0x31, 0xCC, 0xF4, 0x00, 0xFD, 0xC9, 0x69,
    0x8E, 0xC9, 0x80, 0x6F, 0x84, 0x30, 0x01, 0x8C, 0xC9, 0x99, 0x26, 0xF7, 0x8E, 0xCA, 0x00, 0x6F,
    0x84, 0x30, 0x01, 0x8C, 0xCA, 0xB0, 0x26, 0xF7, 0x8E, 0xC9, 0xCB, 0x6F, 0x84, 0x30, 0x01, 0x8C,
    0xC9, 0xDA, 0x26, 0xF7, 0xB6, 0xC9, 0x17, 0xB7, 0xC9, 0x16, 0xBD, 0x2F, 0x71, 0xB6, 0xC9, 0x4B,
    0xB7, 0xC9, 0x4A, 0xBD, 0x1E, 0x64, 0xBD, 0xF1, 0x92, 0xBD, 0x3C, 0xAB, 0xBE, 0xC9, 0xDB, 0x8C,
    0x00, 0x00, 0x26, 0x0B, 0xBD, 0x04, 0x5F, 0xBD, 0x04, 0x94, 0xBD, 0x08, 0x26, 0x20, 0x03, 0xBD,
    0x18, 0xED, 0xBD, 0x08, 0x60, 0xBD, 0x09, 0x9A, 0xBD, 0x16, 0xA8, 0xBD, 0x01, 0xDF, 0xBE, 0xC9,
    0xDB, 0x8C, 0x00, 0x00, 0x27, 0x0A, 0x30, 0x1F, 0xBF, 0xC9, 0xDB, 0x8C, 0x00, 0x00, 0x27, 0x0B,
    0xB6, 0xC9, 0x50, 0x27, 0xC1, 0xBD, 0x3C, 0x08, 0x7E, 0x00, 0xB8, 0xB6, 0xC9, 0x61, 0x26, 0x03,
    0x7E, 0x00, 0xB8, 0xCC, 0x04, 0x00, 0xFD, 0xC9, 0x62, 0xBD, 0x1E, 0x64, 0x7E, 0x00, 0x56, 0xB6,
    0xC9, 0x0E, 0x4C, 0x81, 0x08, 0x26, 0x02, 0x86, 0x01, 0xB7, 0xC9, 0x0E, 0x7C, 0xCA, 0xB0, 0xB6,
    0xCA, 0xB0, 0x81, 0x10, 0x26, 0x03, 0x7F, 0xCA, 0xB0, 0x7C, 0xC9, 0xDA, 0x7C, 0xC9, 0xDA, 0x7C,
    0xC9, 0xDA, 0xB6, 0xC9, 0xDA, 0x81, 0x20, 0x2B, 0x03, 0x7F, 0xC9, 0xDA, 0xB6, 0xC9, 0xDD, 0x40,
    0xB7, 0xC9, 0xDD, 0x2A, 0x19, 0xB6, 0xC9, 0x36, 0x27, 0x07, 0xB6, 0xC9, 0x35, 0x81, 0x01, 0x26,
    0x0D, 0x7C, 0xCA, 0xB6, 0xB6, 0xCA, 0xB6, 0x81, 0x20, 0x26, 0x03, 0x7F, 0xCA, 0xB6, 0xB6, 0xC9,
    0xDD, 0x2B, 0x19, 0xB6, 0xC9, 0x36, 0x27, 0x07, 0xB6, 0xC9, 0x35, 0x81, 0x01, 0x26, 0x0D, 0x7C,
    0xC9, 0x27, 0xB6, 0xC9, 0x27, 0x81, 0x20, 0x26, 0x03, 0x7F, 0xC9, 0x27, 0xB6, 0xC9, 0x16, 0x4A,
    0xB7, 0xC9, 0x16, 0x81, 0x00, 0x26, 0x09, 0xB6, 0xC9, 0x17, 0xB7, 0xC9, 0x16, 0xBD, 0x17, 0xB8,
    0xB6, 0xC9, 0x26, 0x27, 0x19, 0x86, 0x60, 0xBD, 0xF2, 0xAB, 0x8E, 0xC9, 0x24, 0xBD, 0xF3, 0x0C,
    0x8E, 0x1F, 0xA0, 0xC6, 0x18, 0xBD, 0xF4, 0x0E, 0xBD, 0xF3, 0x54, 0x7A, 0xC9, 0x26, 0x86, 0x60,
    0xBD, 0xF2, 0xAB, 0xB6, 0xC9, 0xDF, 0x27, 0x60, 0xC6, 0x00, 0xFD, 0xC8, 0xD0, 0xB6, 0xC9, 0xE1,
    0xCE, 0xC8, 0xA0, 0x8E, 0xC8, 0xD0, 0xC6, 0x00, 0xBD, 0xF6, 0x10, 0xFC, 0xC8, 0xA0, 0xFD, 0xC8,
    0x92, 0x8E, 0xC8, 0x92, 0xBD, 0xF3, 0x0C, 0xC6, 0x04, 0x8E, 0x06, 0xD9, 0xBD, 0xF4, 0x0E, 0xBD,
    0xF3, 0x54, 0xB6, 0xC9, 0xDF, 0x81, 0x70, 0x27, 0x03, 0x7C, 0xC9, 0xDF, 0x7C, 0xC9, 0xE1, 0xB6,
    0xC9, 0xE1, 0x81, 0x40, 0x26, 0x03, 0x7F, 0xC9, 0xE1, 0xBE, 0xC9, 0x00, 0x10, 0xBE, 0xC8, 0x92,
    0xCC, 0x0C, 0x0C, 0xBD, 0xF8, 0xFF, 0x24, 0x10, 0x7F, 0xC9, 0xDF, 0x7F, 0xC9, 0xE1, 0x86, 0x01,
    0xB7, 0xC9, 0xDE, 0x86, 0x30, 0xB7, 0xC9, 0x58, 0x7A, 0xC9, 0x2A, 0xB6, 0xC9, 0x2A, 0x81, 0x00,
    0x26, 0x14, 0xB6, 0xC9, 0x2B, 0xB7, 0xC9, 0x2A, 0xBD, 0xF5, 0x11, 0x84, 0x20, 0xBB, 0xC9, 0x2A,
    0xB7, 0xC9, 0x2A, 0xBD, 0x0F, 0x1C, 0xFC, 0xC9, 0x2F, 0x10, 0x83, 0x00, 0x00, 0x27, 0x3B, 0x83,
    0x00, 0x01, 0xFD, 0xC9, 0x2F, 0x10, 0x83, 0x00, 0x00, 0x26, 0x2F, 0x86, 0x01, 0xB7, 0xC9, 0x31,
    0xBD, 0xF5, 0x11, 0xB7, 0xC9, 0x32, 0xB6, 0xCA, 0x86, 0x27, 0x07, 0x2B, 0x05, 0x86, 0x80, 0xB7,
    0xCA, 0x86, 0xB6, 0xCA, 0x91, 0x27, 0x07, 0x2B, 0x05, 0x86, 0x80, 0xB7, 0xCA, 0x91, 0xB6, 0xCA,
    0x9C, 0x27, 0x07, 0x2B, 0x05, 0x86, 0x80, 0xB7, 0xCA, 0x9C, 0xFC, 0xC9, 0x31, 0x10, 0x83, 0x00,
    0x00, 0x27, 0x0F, 0x83, 0x00, 0x01, 0xFD, 0xC9, 0x31, 0x10, 0x83, 0x00, 0x00, 0x26, 0x03, 0xBD,
    0x1F, 0xD1, 0x7C, 0xC9, 0x35, 0xB6, 0xC9, 0x35, 0x81, 0x0A, 0x26, 0x03, 0x7F, 0xC9, 0x35, 0xB6,
    0xC9, 0x36, 0x27, 0x2D, 0x7A, 0xC9, 0x36, 0xBD, 0xF2, 0xA9, 0xCE, 0xC8, 0xA0, 0x8E, 0x07, 0x3D,
    0xB6, 0xC9, 0x36, 0x47, 0x47, 0xC6, 0x00, 0xBD, 0xF6, 0x10, 0xCC, 0x00, 0x00, 0xFD, 0xC8, 0x92,
    0x8E, 0xC8, 0x92, 0xBD, 0xF3, 0x0C, 0xC6, 0x80, 0x8E, 0xC8, 0xA0, 0xBD, 0xF3, 0xD8, 0xBD, 0xF3,
    0x54, 0x7F, 0xC9, 0x57, 0xB6, 0xCA, 0x70, 0x81, 0x68, 0x27, 0x02, 0x20, 0x59, 0xB6, 0xCA, 0x7B,
    0x81, 0x68, 0x27, 0x02, 0x20, 0x50, 0xFC, 0xC9, 0x4E, 0xFD, 0xC9, 0x4C, 0xBD, 0xF5, 0x11, 0x84,
    0x30, 0x8B, 0x4F, 0xBD, 0xF2, 0xAB, 0xFC, 0xCA, 0x6E, 0xB0, 0xCA, 0x79, 0xF0, 0xCA, 0x7A, 0x40,
    0x50, 0xFD, 0xC8, 0x92, 0xFC, 0xCA, 0x6E, 0xBD, 0xF2, 0xFC, 0xFC, 0xC8, 0x92, 0x7F, 0xC8, 0x23,
    0xBD, 0xF3, 0xDF, 0xBD, 0xF3, 0x54, 0x86, 0x01, 0xB7, 0xC9, 0x57, 0x8E, 0xCA, 0x6E, 0xA6, 0x05,
    0x81, 0x70, 0x2B, 0x12, 0xA6, 0x06, 0xB1, 0xC9, 0x06, 0x27, 0x08, 0x4C, 0xB1, 0xCA, 0x7F, 0x26,
    0xF5, 0x20, 0x03, 0xBD, 0x18, 0x5B, 0x83, 0x00, 0x01, 0xFD, 0xC9, 0x4C, 0x10, 0x83, 0x00, 0x00,
    0x26, 0x03, 0xBD, 0x38, 0x91, 0xB6, 0xC9, 0x48, 0x40, 0xB7, 0xC9, 0x48, 0xFC, 0xC9, 0x5F, 0x27,
    0x27, 0x10, 0x83, 0x01, 0x00, 0x2B, 0x0D, 0x10, 0x83, 0x01, 0xA0, 0x2A, 0x07, 0x10, 0x8E, 0x1F,
    0x35, 0xBD, 0x1E, 0x19, 0xFC, 0xC9, 0x5F, 0xC3, 0x00, 0x01, 0xFD, 0xC9, 0x5F, 0x10, 0x83, 0x01,
    0xC0, 0x26, 0x05, 0x86, 0x01, 0xB7, 0xC9, 0x50, 0xB6, 0xC9, 0x2C, 0x81, 0x01, 0x26, 0x0F, 0xFC,
    0xC9, 0x69, 0x10, 0x83, 0xFF, 0xFF, 0x27, 0x06, 0xC3, 0x00, 0x01, 0xFD, 0xC9, 0x69, 0x39, 0x86,
    0x60, 0xBD, 0xF2, 0xAB, 0xCE, 0xC8, 0xA0, 0x8E, 0x07, 0x3B, 0xB6, 0xC9, 0x06, 0xC6, 0x00, 0xBD,
    0xF6, 0x10, 0xFC, 0xC8, 0xA0, 0xFD, 0xC9, 0x00, 0x8E, 0xC9, 0x00, 0xBD, 0xF3, 0x0C, 0x8E, 0x2F,
    0x91, 0xB6, 0xC9, 0x07, 0xC6, 0x24, 0x3D, 0x30, 0x8B, 0x86, 0x11, 0xC6, 0x18, 0xBD, 0xF3, 0xD8,
    0xBD, 0xF3, 0x54, 0x39, 0xBD, 0x06, 0xE9, 0xB6, 0xC9, 0x06, 0x81, 0x30, 0x2C, 0x0C, 0x81, 0x20,
    0x2C, 0x0C, 0x81, 0x10, 0x2C, 0x0C, 0x86, 0x01, 0x20, 0x0A, 0x86, 0x04, 0x20, 0x06, 0x86, 0x03,
    0x20, 0x02, 0x86, 0x02, 0xB7, 0xC9, 0x0B, 0xB6, 0xC8, 0x1B, 0x81, 0x00, 0x26, 0x03, 0x7E, 0x05,
    0x65, 0x81, 0x00, 0x2B, 0x50, 0xB6, 0xC9, 0x06, 0x81, 0x30, 0x26, 0x03, 0x7E, 0x06, 0x18, 0xB6,
    0xC9, 0x0B, 0x81, 0x01, 0x27, 0x0B, 0x81, 0x02, 0x27, 0x14, 0x81, 0x03, 0x27, 0x1D, 0x20, 0x28,
    0x12, 0x86, 0x01, 0xB7, 0xC9, 0x0C, 0x86, 0x30, 0xB7, 0xC9, 0x0D, 0x7E, 0x06, 0x18, 0x86, 0x02,
    0xB7, 0xC9, 0x0C, 0x86, 0x30, 0xB7, 0xC9, 0x0D, 0x7E, 0x06, 0x18, 0x86, 0x02, 0xB7, 0xC9, 0x0C,
    0x86, 0x30, 0xB7, 0xC9, 0x0D, 0x7E, 0x06, 0x18, 0x86, 0x01, 0xB7, 0xC9, 0x0C, 0x86, 0x30, 0xB7,
    0xC9, 0x0D, 0x7E, 0x06, 0x18, 0xB6, 0xC9, 0x06, 0x81, 0x10, 0x26, 0x03, 0x7E, 0x06, 0x18, 0xB6,
    0xC9, 0x0B, 0x81, 0x01, 0x27, 0x0B, 0x81, 0x02, 0x27, 0x14, 0x81, 0x03, 0x27, 0x1D, 0x20, 0x28,
    0x12, 0x86, 0x02, 0xB7, 0xC9, 0x0C, 0x86, 0x10, 0xB7, 0xC9, 0x0D, 0x7E, 0x06, 0x18, 0x86, 0x01,
    0xB7, 0xC9, 0x0C, 0x86, 0x10, 0xB7, 0xC9, 0x0D, 0x7E, 0x06, 0x18, 0x86, 0x01, 0xB7, 0xC9, 0x0C,
    0x86, 0x10, 0xB7, 0xC9, 0x0D, 0x7E, 0x06, 0x18, 0x86, 0x02, 0xB7, 0xC9, 0x0C, 0x86, 0x10, 0xB7,
    0xC9, 0x0D, 0x7E, 0x06, 0x18, 0x7F, 0xC9, 0x0D, 0x7F, 0xC9, 0x0C, 0xB6, 0xC8, 0x1C, 0x81, 0x00,
    0x26, 0x03, 0x7E, 0x06, 0x18, 0x81, 0x00, 0x2A, 0x50, 0xB6, 0xC9, 0x06, 0x81, 0x20, 0x26, 0x03,
    0x7E, 0x06, 0x18, 0xB6, 0xC9, 0x0B, 0x81, 0x01, 0x27, 0x0B, 0x81, 0x02, 0x27, 0x14, 0x81, 0x03,
    0x27, 0x1D, 0x20, 0x28, 0x12, 0x86, 0x02, 0xB7, 0xC9, 0x0C, 0x86, 0x20, 0xB7, 0xC9, 0x0D, 0x20,
    0x77, 0x12, 0x86, 0x02, 0xB7, 0xC9, 0x0C, 0x86, 0x20, 0xB7, 0xC9, 0x0D, 0x20, 0x6A, 0x12, 0x86,
    0x01, 0xB7, 0xC9, 0x0C, 0x86, 0x20, 0xB7, 0xC9, 0x0D, 0x20, 0x5D, 0x12, 0x86, 0x01, 0xB7, 0xC9,
    0x0C, 0x86, 0x20, 0xB7, 0xC9, 0x0D, 0x20, 0x50, 0x12, 0xB6, 0xC9, 0x06, 0x81, 0x00, 0x26, 0x03,
    0x20, 0x46, 0x12, 0xB6, 0xC9, 0x0B, 0x81, 0x01, 0x27, 0x0B, 0x81, 0x02, 0x27, 0x14, 0x81, 0x03,
    0x27, 0x1D, 0x20, 0x28, 0x12, 0x86, 0x01, 0xB7, 0xC9, 0x0C, 0x86, 0x00, 0xB7, 0xC9, 0x0D, 0x20,
    0x27, 0x12, 0x86, 0x01, 0xB7, 0xC9, 0x0C, 0x86, 0x00, 0xB7, 0xC9, 0x0D, 0x20, 0x1A, 0x12, 0x86,
    0x02, 0xB7, 0xC9, 0x0C, 0x86, 0x00, 0xB7, 0xC9, 0x0D, 0x20, 0x0D, 0x12, 0x86, 0x02, 0xB7, 0xC9,
    0x0C, 0x86, 0x00, 0xB7, 0xC9, 0x0D, 0x20, 0x00, 0xB6, 0xC9, 0x0C, 0x27, 0x62, 0x81, 0x01, 0x27,
    0x02, 0x20, 0x2E, 0x7A, 0xC9, 0x06, 0x7A, 0xC9, 0x07, 0xB6, 0xC9, 0x07, 0x81, 0xFF, 0x26, 0x05,
    0x86, 0x3F, 0xB7, 0xC9, 0x07, 0xB6, 0xC9, 0x06, 0x81, 0xFF, 0x26, 0x05, 0x86, 0x3F, 0xB7, 0xC9,
    0x06, 0xB6, 0xC9, 0x06, 0xB1, 0xC9, 0x0D, 0x26, 0x36, 0x7F, 0xC9, 0x0C, 0x7F, 0xC9, 0x0D, 0x20,
    0x2E, 0x7C, 0xC9, 0x06, 0x7C, 0xC9, 0x07, 0xB6, 0xC9, 0x07, 0x81, 0x40, 0x26, 0x05, 0x86, 0x00,
    0xB7, 0xC9, 0x07, 0xB6, 0xC9, 0x06, 0x81, 0x40, 0x26, 0x05, 0x86, 0x00, 0xB7, 0xC9, 0x06, 0xB6,
    0xC9, 0x06, 0xB1, 0xC9, 0x0D, 0x26, 0x08, 0x7F, 0xC9, 0x0C, 0x7F, 0xC9, 0x0D, 0x20, 0x00, 0xBD,
    0x08, 0x21, 0x7D, 0xC8, 0x12, 0x27, 0x0F, 0xB6, 0xC9, 0x08, 0x26, 0x0D, 0x86, 0x01, 0xB7, 0xC9,
    0x08, 0xBD, 0x07, 0x3F, 0x20, 0x03, 0x7F, 0xC9, 0x08, 0x7D, 0xC8, 0x15, 0x27, 0x15, 0xB6, 0xC9,
    0x0F, 0x26, 0x13, 0x86, 0x01, 0xB7, 0xC9, 0x0F, 0xCE, 0x3C, 0x8E, 0xBD, 0xF2, 0x7D, 0xBD, 0x72,
    0xDE, 0x20, 0x25, 0x7F, 0xC9, 0x0F, 0x7D, 0xC8, 0x14, 0x27, 0x1D, 0xBD, 0x19, 0xEE, 0x86, 0x48,
    0xBD, 0xF2, 0xAB, 0x10, 0x8E, 0x1F, 0x1D, 0xBD, 0x1E, 0x19, 0x10, 0x8E, 0x1F, 0x25, 0xBD, 0x1E,
    0x19, 0x10, 0x8E, 0x1F, 0x2D, 0xBD, 0x1E, 0x19, 0x39, 0x00, 0x28, 0x00, 0xFF, 0xD8, 0x28, 0xFF,
    0xD8, 0xD8, 0xFF, 0x28, 0xD8, 0xFF, 0x28, 0x28, 0x01, 0x86, 0x4F, 0xB7, 0xC8, 0x23, 0xBD, 0xF1,
    0xF8, 0x39, 0x8E, 0xC8, 0x1F, 0x86, 0x01, 0xA7, 0x80, 0x86, 0x03, 0xA7, 0x80, 0x4F, 0xA7, 0x80,
    0xA7, 0x80, 0x39, 0xFF, 0xF9, 0xEB, 0xFF, 0x15, 0x15, 0xFF, 0xEB, 0x15, 0xFF, 0x07, 0xEB, 0xFF,
    0xF9, 0xF9, 0xFF, 0xF9, 0x07, 0xFF, 0x07, 0xE4, 0xFF, 0x0E, 0x0E, 0xFF, 0xF2, 0xF9, 0x00, 0x0E,
    0x07, 0xFF, 0xF9, 0x00, 0x01, 0xFF, 0xF9, 0x07, 0xFF, 0xF9, 0xF9, 0xFF, 0x07, 0x1C, 0xFF, 0x0E,
    0xF2, 0xFF, 0xF2, 0x07, 0x00, 0x0E, 0xF9, 0xFF, 0xF9, 0x00, 0x01, 0x70, 0x00, 0x7F, 0x00, 0xB6,
    0xC9, 0xDE, 0x27, 0x03, 0x20, 0x47, 0x12, 0x8E, 0xC9, 0x80, 0xA6, 0x04, 0x27, 0x08, 0x30, 0x05,
    0x8C, 0xC9, 0x94, 0x26, 0xF5, 0x39, 0x86, 0x10, 0xB7, 0xC9, 0x54, 0xBF, 0xC8, 0x92, 0xFC, 0xC8,
    0xA0, 0xED, 0x84, 0xBD, 0xF1, 0xAF, 0xF6, 0xC9, 0x07, 0x86, 0x06, 0xBD, 0xF6, 0x01, 0xFD, 0xC9,
    0x09, 0xBD, 0xF1, 0xAA, 0xBE, 0xC8, 0x92, 0xFC, 0xC9, 0x09, 0xED, 0x02, 0x86, 0x0F, 0xA7, 0x04,
    0xEC, 0x84, 0xAB, 0x02, 0xEB, 0x03, 0xAB, 0x02, 0xEB, 0x03, 0xED, 0x84, 0x39, 0x8E, 0xC9, 0x80,
    0xA6, 0x04, 0x27, 0x08, 0x8E, 0xC9, 0x8A, 0xA6, 0x04, 0x27, 0x01, 0x39, 0xBF, 0xC8, 0x92, 0x86,
    0x10, 0xB7, 0xC9, 0x54, 0xCE, 0xC8, 0xE0, 0x8E, 0x07, 0x3B, 0xB6, 0xC9, 0x06, 0x4A, 0x5F, 0xBD,
    0xF6, 0x10, 0xBE, 0xC8, 0x92, 0xFC, 0xC8, 0xE0, 0xED, 0x84, 0xBD, 0xF1, 0xAF, 0xF6, 0xC9, 0x07,
    0x86, 0x06, 0xBD, 0xF6, 0x01, 0xFD, 0xC9, 0x09, 0xBD, 0xF1, 0xAA, 0xBE, 0xC8, 0x92, 0xFC, 0xC9,
    0x09, 0xED, 0x02, 0x86, 0x0F, 0xA7, 0x04, 0xEC, 0x84, 0xAB, 0x02, 0xEB, 0x03, 0xED, 0x84, 0x30,
    0x05, 0xBF, 0xC8, 0x92, 0xCE, 0xC8, 0xE0, 0x8E, 0x07, 0x3B, 0xB6, 0xC9, 0x06, 0x4C, 0xC6, 0x00,
    0xBD, 0xF6, 0x10, 0xBE, 0xC8, 0x92, 0xFC, 0xC8, 0xE0, 0xED, 0x84, 0xBD, 0xF1, 0xAF, 0xF6, 0xC9,
    0x07, 0x86, 0x06, 0xBD, 0xF6, 0x01, 0xFD, 0xC9, 0x09, 0xBD, 0xF1, 0xAA, 0xBE, 0xC8, 0x92, 0xFC,
    0xC9, 0x09, 0xED, 0x02, 0x86, 0x0F, 0xA7, 0x04, 0xEC, 0x84, 0xAB, 0x02, 0xEB, 0x03, 0xED, 0x84,
    0x39, 0x4F, 0xBD, 0xF1, 0xB4, 0x39, 0xBD, 0xF2, 0xA9, 0x8E, 0xC9, 0x80, 0xBF, 0xC8, 0x92, 0xA6,
    0x04, 0x27, 0x03, 0xBD, 0x08, 0x41, 0xBE, 0xC8, 0x92, 0x30, 0x05, 0x8C, 0xC9, 0x94, 0x26, 0xEC,
    0x39, 0x47, 0x34, 0x02, 0xBD, 0xF3, 0x0C, 0x8E, 0x06, 0xD9, 0x35, 0x04, 0xBD, 0xF4, 0x0E, 0xBD,
    0xF3, 0x54, 0xBE, 0xC8, 0x92, 0xEC, 0x84, 0xAB, 0x02, 0xEB, 0x03, 0xED, 0x84, 0x6A, 0x04, 0x39,
    0x8E, 0xC9, 0x99, 0x34, 0x10, 0xA6, 0x04, 0x81, 0x60, 0x2B, 0x02, 0x86, 0x60, 0xBD, 0xF2, 0xAB,
    0xBD, 0xF3, 0x0C, 0xBD, 0xF2, 0xC5, 0xBD, 0xF3, 0x54, 0x35, 0x10, 0xB6, 0xC9, 0x36, 0x27, 0x07,
    0xB6, 0xC9, 0x35, 0x81, 0x01, 0x26, 0x12, 0x6C, 0x04, 0x6C, 0x04, 0x6C, 0x04, 0xEC, 0x84, 0xAB,
    0x02, 0x29, 0x0E, 0xEB, 0x03, 0x29, 0x0A, 0xED, 0x84, 0x30, 0x05, 0x8C, 0xC9, 0xCB, 0x26, 0xC3,
    0x39, 0xBD, 0x08, 0xB4, 0x20, 0xF3, 0x8E, 0xC9, 0x99, 0xBD, 0x08, 0xB4, 0x30, 0x05, 0x8C, 0xC9,
    0xCB, 0x26, 0xF6, 0x39, 0xCC, 0x00, 0x00, 0xED, 0x84, 0x86, 0x30, 0xA7, 0x04, 0x34, 0x10, 0xBD,
    0xF1, 0xAF, 0xBD, 0xF5, 0x11, 0x1F, 0x89, 0xBD, 0xF5, 0x11, 0x84, 0x06, 0x8B, 0x03, 0xBD, 0xF6,
    0x01, 0xFD, 0xC8, 0x92, 0xBD, 0xF1, 0xAA, 0x35, 0x10, 0xFC, 0xC8, 0x92, 0xED, 0x02, 0xEC, 0x84,
    0xAB, 0x02, 0xEB, 0x03, 0xAB, 0x02, 0xEB, 0x03, 0xAB, 0x02, 0xEB, 0x03, 0xAB, 0x02, 0xEB, 0x03,
    0xAB, 0x02, 0xEB, 0x03, 0xAB, 0x02, 0xEB, 0x03, 0xED, 0x84, 0x39, 0xE6, 0x04, 0x34, 0x04, 0x86,
    0x50, 0xBD, 0xF2, 0xAB, 0xBE, 0xC8, 0x92, 0xBD, 0xF3, 0x0C, 0x8E, 0x22, 0xC9, 0xB6, 0xC9, 0x27,
    0xC6, 0x18, 0x3D, 0x30, 0x8B, 0x35, 0x04, 0x86, 0x0B, 0xBD, 0xF3, 0xD8, 0xBD, 0xF3, 0x54, 0x7E,
    0x0A, 0xCE, 0xE6, 0x04, 0x34, 0x04, 0x86, 0x50, 0xBD, 0xF2, 0xAB, 0xBE, 0xC8, 0x92, 0xBD, 0xF3,
    0x0C, 0x8E, 0x2C, 0x09, 0xB6, 0xC9, 0x27, 0xC6, 0x16, 0x3D, 0x30, 0x8B, 0x35, 0x04, 0x58, 0x86,
    0x0A, 0xBD, 0xF3, 0xD8, 0xBD, 0xF3, 0x54, 0x7E, 0x0A, 0xCE, 0xE6, 0x04, 0x34, 0x04, 0x86, 0x50,
    0xBD, 0xF2, 0xAB, 0xBE, 0xC8, 0x92, 0xBD, 0xF3, 0x0C, 0x8E, 0x27, 0x09, 0xB6, 0xC9, 0x27, 0xC6,
    0x12, 0x3D, 0x30, 0x8B, 0x35, 0x04, 0x58, 0x86, 0x08, 0xBD, 0xF3, 0xD8, 0xBD, 0xF3, 0x54, 0x7E,
    0x0A, 0xCE, 0xE6, 0x04, 0x34, 0x04, 0x86, 0x50, 0xBD, 0xF2, 0xAB, 0xBE, 0xC8, 0x92, 0xBD, 0xF3,
    0x0C, 0x8E, 0x29, 0x49, 0xB6, 0xC9, 0x27, 0xC6, 0x16, 0x3D, 0x30, 0x8B, 0x35, 0x04, 0x58, 0x86,
    0x0A, 0xBD, 0xF3, 0xD8, 0xBD, 0xF3, 0x54, 0x7E, 0x0A, 0xCE, 0x8E, 0xCA, 0x00, 0xBF, 0xC8, 0x92,
    0xA6, 0x02, 0x27, 0x03, 0xBD, 0x09, 0xB2, 0xBE, 0xC8, 0x92, 0x30, 0x0B, 0x8C, 0xCA, 0xB0, 0x26,
    0xEC, 0x39, 0xA6, 0x02, 0x2A, 0x03, 0x7E, 0x0A, 0x7D, 0xE6, 0x03, 0x27, 0x10, 0xB6, 0xC9, 0x36,
    0x27, 0x08, 0xB6, 0xC9, 0x35, 0x81, 0x01, 0x27, 0x01, 0x39, 0x6A, 0x03, 0x39, 0x81, 0x20, 0x27,
    0x1C, 0x81, 0x30, 0x10, 0x27, 0xFF, 0x24, 0x81, 0x40, 0x10, 0x27, 0xFF, 0x45, 0x81, 0x50, 0x10,
    0x27, 0xFF, 0x67, 0x81, 0x60, 0x27, 0x8B, 0x81, 0x68, 0x27, 0x69, 0x20, 0x41, 0xE6, 0x04, 0x34,
    0x04, 0x86, 0x50, 0xBD, 0xF2, 0xAB, 0xBD, 0xF3, 0x0C, 0x8E, 0x21, 0x49, 0xB6, 0xCA, 0xB6, 0xC6,
    0x0C, 0x3D, 0x30, 0x8B, 0x35, 0x04, 0x58, 0x58, 0x86, 0x05, 0xBD, 0xF3, 0xD8, 0xBD, 0xF3, 0x54,
    0xBE, 0xC8, 0x92, 0xA6, 0x05, 0x81, 0x64, 0x2B, 0x12, 0xA6, 0x06, 0xBD, 0x18, 0x1E, 0x81, 0x01,
    0x27, 0x03, 0x7E, 0x0A, 0xCE, 0xBD, 0x18, 0x5B, 0xBE, 0xC8, 0x92, 0x7E, 0x0A, 0xCE, 0xE6, 0x04,
    0x34, 0x04, 0x86, 0x50, 0xBD, 0xF2, 0xAB, 0xBD, 0xF3, 0x0C, 0x10, 0xBE, 0xC8, 0x92, 0x8E, 0x12,
    0x2A, 0xA6, 0x26, 0xC6, 0x10, 0x3D, 0x30, 0x8B, 0x35, 0x04, 0x86, 0x07, 0xBD, 0xF3, 0xD8, 0xBD,
    0xF3, 0x54, 0x20, 0x7A, 0xE6, 0x04, 0x34, 0x04, 0x86, 0x50, 0xBD, 0xF2, 0xAB, 0xBD, 0xF3, 0x0C,
    0x10, 0xBE, 0xC8, 0x92, 0x8E, 0x39, 0x48, 0xA6, 0x26, 0x47, 0xC6, 0x16, 0x3D, 0x30, 0x8B, 0x35,
    0x04, 0xCB, 0x0C, 0x86, 0x0A, 0xBD, 0xF3, 0xD8, 0xBD, 0xF3, 0x54, 0x20, 0x51, 0xA6, 0x03, 0x26,
    0x28, 0xA6, 0x02, 0xBD, 0xF5, 0x84, 0xBD, 0xF2, 0xAB, 0xE6, 0x04, 0xCB, 0x03, 0xE7, 0x04, 0x34,
    0x04, 0xBD, 0xF3, 0x0C, 0x8E, 0x20, 0x69, 0xB6, 0xCA, 0xB0, 0xC6, 0x0E, 0x3D, 0x30, 0x8B, 0x35,
    0x04, 0x86, 0x06, 0xBD, 0xF3, 0xD8, 0xBD, 0xF3, 0x54, 0xBE, 0xC8, 0x92, 0xA6, 0x02, 0x8B, 0x08,
    0xA7, 0x02, 0x81, 0x00, 0x2A, 0x01, 0x39, 0x6F, 0x84, 0x6F, 0x01, 0x6F, 0x02, 0x6F, 0x03, 0x6F,
    0x04, 0x6F, 0x05, 0x6F, 0x06, 0x6F, 0x07, 0x6F, 0x08, 0x6F, 0x09, 0x6F, 0x0A, 0x39, 0xBE, 0xC8,
    0x92, 0xA6, 0x06, 0xB1, 0xC9, 0x06, 0x26, 0x3F, 0xCC, 0x00, 0x00, 0xFD, 0xCA, 0xB1, 0xB7, 0xCA,
    0xB3, 0xA6, 0x05, 0x81, 0x50, 0x2A, 0x30, 0xA6, 0x02, 0x2B, 0x2C, 0x81, 0x20, 0x27, 0x28, 0xF6,
    0xC9, 0x2C, 0xC1, 0x06, 0x2A, 0x0C, 0x81, 0x40, 0x27, 0x1D, 0x81, 0x50, 0x27, 0x19, 0x81, 0x60,
    0x27, 0x15, 0x81, 0x68, 0x26, 0x07, 0xF6, 0xC9, 0x2C, 0xC1, 0x0B, 0x2B, 0x0A, 0xEC, 0x84, 0xFD,
    0xCA, 0xB1, 0xA6, 0x06, 0xB7, 0xCA, 0xB3, 0xBE, 0xC8, 0x92, 0xEC, 0x84, 0xFD, 0xC9, 0x09, 0xB6,
    0xC9, 0x84, 0x27, 0x4C, 0x81, 0x09, 0x2B, 0x05, 0xCC, 0x0A, 0x0A, 0x20, 0x03, 0xCC, 0x06, 0x06,
    0xFD, 0xC9, 0x2D, 0xBE, 0xC9, 0x09, 0x10, 0xBE, 0xC9, 0x80, 0xFC, 0xC9, 0x2D, 0xBD, 0xF8, 0xFF,
    0x24, 0x2E, 0x7F, 0xC9, 0x84, 0xBE, 0xC8, 0x92, 0xA6, 0x02, 0x81, 0x20, 0x27, 0x1B, 0x81, 0x30,
    0x2C, 0x1B, 0x86, 0x80, 0xA7, 0x02, 0xBD, 0x3E, 0x1A, 0xFC, 0xC9, 0x09, 0xFD, 0xC9, 0x24, 0xBD,
    0x1F, 0x68, 0xBD, 0x1A, 0xD5, 0xBD, 0x1A, 0xD5, 0x39, 0xBD, 0x3E, 0x43, 0x39, 0x7E, 0x2E, 0xC9,
    0xB6, 0xC9, 0x89, 0x27, 0x49, 0x81, 0x09, 0x2B, 0x05, 0xCC, 0x06, 0x06, 0x20, 0x03, 0xCC, 0x03,
    0x03, 0xFD, 0xC9, 0x2D, 0xBE, 0xC9, 0x09, 0x10, 0xBE, 0xC9, 0x85, 0xFC, 0xC9, 0x2D, 0xBD, 0xF8,
    0xFF, 0x24, 0x2B, 0x7F, 0xC9, 0x89, 0xBE, 0xC8, 0x92, 0xA6, 0x02, 0x81, 0x20, 0x27, 0x1B, 0x81,
    0x30, 0x2C, 0xCA, 0x86, 0x80, 0xA7, 0x02, 0xBD, 0x3E, 0x1A, 0xFC, 0xC9, 0x09, 0xFD, 0xC9, 0x24,
    0xBD, 0x1F, 0x68, 0xBD, 0x1A, 0xD5, 0xBD, 0x1A, 0xD5, 0x39, 0xBD, 0x3E, 0x43, 0x39, 0xB6, 0xC9,
    0x8E, 0x27, 0x4B, 0x81, 0x09, 0x2B, 0x05, 0xCC, 0x06, 0x06, 0x20, 0x03, 0xCC, 0x03, 0x03, 0xFD,
    0xC9, 0x2D, 0xBE, 0xC9, 0x09, 0x10, 0xBE, 0xC9, 0x8A, 0xFC, 0xC9, 0x2D, 0xBD, 0xF8, 0xFF, 0x24,
    0x2D, 0x7F, 0xC9, 0x8E, 0xBE, 0xC8, 0x92, 0xA6, 0x02, 0x81, 0x20, 0x27, 0x1D, 0x81, 0x30, 0x10,
    0x2C, 0xFF, 0x7A, 0x86, 0x80, 0xA7, 0x02, 0xBD, 0x3E, 0x1A, 0xFC, 0xC9, 0x09, 0xFD, 0xC9, 0x24,
    0xBD, 0x1F, 0x68, 0xBD, 0x1A, 0xD5, 0xBD, 0x1A, 0xD5, 0x39, 0xBD, 0x3E, 0x43, 0x39, 0xB6, 0xC9,
    0x93, 0x27, 0x4B, 0x81, 0x09, 0x2B, 0x05, 0xCC, 0x06, 0x06, 0x20, 0x03, 0xCC, 0x03, 0x03, 0xFD,
    0xC9, 0x2D, 0xBE, 0xC9, 0x09, 0x10, 0xBE, 0xC9, 0x8F, 0xFC, 0xC9, 0x2D, 0xBD, 0xF8, 0xFF, 0x24,
    0x2D, 0x7F, 0xC9, 0x93, 0xBE, 0xC8, 0x92, 0xA6, 0x02, 0x81, 0x20, 0x27, 0x1D, 0x81, 0x30, 0x10,
    0x2C, 0xFF, 0x2A, 0x86, 0x80, 0xA7, 0x02, 0xBD, 0x3E, 0x1A, 0xFC, 0xC9, 0x09, 0xFD, 0xC9, 0x24,
    0xBD, 0x1F, 0x68, 0xBD, 0x1A, 0xD5, 0xBD, 0x1A, 0xD5, 0x39, 0xBD, 0x3E, 0x43, 0x39, 0xBE, 0xC8,
    0x92, 0xA6, 0x02, 0xF6, 0xC9, 0x36, 0x27, 0x08, 0xF6, 0xC9, 0x35, 0xC1, 0x01, 0x27, 0x01, 0x39,
    0x81, 0x01, 0x26, 0x03, 0x20, 0x4F, 0x12, 0x81, 0x02, 0x26, 0x03, 0x7E, 0x0D, 0x03, 0x81, 0x03,
    0x26, 0x03, 0x7E, 0x0D, 0x45, 0x81, 0x04, 0x26, 0x03, 0x7E, 0x0D, 0x84, 0x81, 0x05, 0x26, 0x03,
    0x7E, 0x0D, 0xC7, 0x81, 0x06, 0x26, 0x03, 0x7E, 0x0D, 0xFC, 0x81, 0x07, 0x26, 0x03, 0x7E, 0x0E,
    0x32, 0x81, 0x0A, 0x26, 0x03, 0x7E, 0x0E, 0x6F, 0x81, 0x20, 0x26, 0x03, 0x7E, 0x0E, 0x6F, 0x81,
    0x68, 0x26, 0x03, 0x7E, 0x0E, 0x6F, 0x81, 0x0C, 0x26, 0x03, 0x7E, 0x0E, 0xDF, 0x81, 0x30, 0x2B,
    0x03, 0x7E, 0x0E, 0xBA, 0x39, 0xA6, 0x05, 0xC6, 0x00, 0xFD, 0xC8, 0xD0, 0xA6, 0x06, 0x6C, 0x06,
    0xA6, 0x06, 0x81, 0x40, 0x26, 0x03, 0x6F, 0x06, 0x4F, 0xCE, 0xC8, 0xA0, 0x8E, 0xC8, 0xD0, 0xC6,
    0x00, 0xBD, 0xF6, 0x10, 0xBE, 0xC8, 0x92, 0xFC, 0xC8, 0xA0, 0xED, 0x84, 0x6C, 0x05, 0xA6, 0x05,
    0xA1, 0x07, 0x27, 0x0A, 0xB6, 0xC9, 0x0E, 0x81, 0x01, 0x26, 0x02, 0x6C, 0x04, 0x39, 0xA6, 0x08,
    0xA7, 0x02, 0x39, 0xA6, 0x05, 0xC6, 0x00, 0xFD, 0xC8, 0xD0, 0xA6, 0x06, 0x6C, 0x06, 0xA6, 0x06,
    0x81, 0x40, 0x26, 0x03, 0x6F, 0x06, 0x4F, 0xCE, 0xC8, 0xA0, 0x8E, 0xC8, 0xD0, 0xC6, 0x00, 0xBD,
    0xF6, 0x10, 0xBE, 0xC8, 0x92, 0xFC, 0xC8, 0xA0, 0xED, 0x84, 0x6A, 0x05, 0xA6, 0x05, 0x81, 0x00,
    0x27, 0x0E, 0xB6, 0xC9, 0x0E, 0x81, 0x01, 0x26, 0x06, 0xA6, 0x04, 0x27, 0x02, 0x6A, 0x04, 0x39,
    0x86, 0x00, 0xA7, 0x02, 0x39, 0xA6, 0x05, 0xC6, 0x00, 0xFD, 0xC8, 0xD0, 0xA6, 0x06, 0x6A, 0x06,
    0xA6, 0x06, 0x81, 0xFF, 0x26, 0x04, 0x86, 0x3F, 0xA7, 0x06, 0xCE, 0xC8, 0xA0, 0x8E, 0xC8, 0xD0,
    0xC6, 0x00, 0xBD, 0xF6, 0x10, 0xBE, 0xC8, 0x92, 0xFC, 0xC8, 0xA0, 0xED, 0x84, 0x6C, 0x05, 0xA6,
    0x05, 0xA1, 0x07, 0x27, 0x0A, 0xB6, 0xC9, 0x0E, 0x81, 0x01, 0x26, 0x02, 0x6C, 0x04, 0x39, 0xA6,
    0x08, 0xA7, 0x02, 0x39, 0xA6, 0x05, 0xC6, 0x00, 0xFD, 0xC8, 0xD0, 0xA6, 0x06, 0x6A, 0x06, 0xA6,
    0x06, 0x81, 0xFF, 0x26, 0x04, 0x86, 0x3F, 0xA7, 0x06, 0xCE, 0xC8, 0xA0, 0x8E, 0xC8, 0xD0, 0xC6,
    0x00, 0xBD, 0xF6, 0x10, 0xBE, 0xC8, 0x92, 0xFC, 0xC8, 0xA0, 0xED, 0x84, 0x6A, 0x05, 0xA6, 0x05,
    0x81, 0x00, 0x27, 0x0E, 0xB6, 0xC9, 0x0E, 0x81, 0x01, 0x26, 0x06, 0xA6, 0x04, 0x27, 0x02, 0x6A,
    0x04, 0x39, 0x86, 0x00, 0xA7, 0x02, 0x39, 0xA6, 0x05, 0xC6, 0x00, 0xFD, 0xC8, 0xD0, 0xA6, 0x06,
    0x6C, 0x06, 0xA6, 0x06, 0x81, 0x40, 0x26, 0x03, 0x6F, 0x06, 0x4F, 0xCE, 0xC8, 0xA0, 0x8E, 0xC8,
    0xD0, 0xC6, 0x00, 0xBD, 0xF6, 0x10, 0xBE, 0xC8, 0x92, 0xFC, 0xC8, 0xA0, 0xED, 0x84, 0x6A, 0x09,
    0xA6, 0x09, 0x81, 0x00, 0x27, 0x01, 0x39, 0xA6, 0x0A, 0xA7, 0x02, 0x39, 0xA6, 0x05, 0xC6, 0x00,
    0xFD, 0xC8, 0xD0, 0xA6, 0x06, 0x6A, 0x06, 0xA6, 0x06, 0x81, 0xFF, 0x26, 0x04, 0x86, 0x3F, 0xA7,
    0x06, 0xCE, 0xC8, 0xA0, 0x8E, 0xC8, 0xD0, 0xC6, 0x00, 0xBD, 0xF6, 0x10, 0xBE, 0xC8, 0x92, 0xFC,
    0xC8, 0xA0, 0xED, 0x84, 0x6A, 0x09, 0xA6, 0x09, 0x81, 0x00, 0x27, 0x01, 0x39, 0xA6, 0x0A, 0xA7,
    0x02, 0x39, 0xA6, 0x05, 0xC6, 0x00, 0xFD, 0xC8, 0xD0, 0xA6, 0x06, 0xCE, 0xC8, 0xA0, 0x8E, 0xC8,
    0xD0, 0xC6, 0x00, 0xBD, 0xF6, 0x10, 0xBE, 0xC8, 0x92, 0xFC, 0xC8, 0xA0, 0xED, 0x84, 0x6A, 0x05,
    0x6A, 0x05, 0xA6, 0x05, 0x81, 0x00, 0x27, 0x12, 0x81, 0x01, 0x27, 0x0E, 0xB6, 0xC9, 0x0E, 0x81,
    0x02, 0x2B, 0x06, 0xA6, 0x04, 0x27, 0x02, 0x6A, 0x04, 0x39, 0x86, 0x00, 0xA7, 0x02, 0x39, 0xA6,
    0x05, 0xC6, 0x00, 0xFD, 0xC8, 0xD0, 0xA6, 0x06, 0xCE, 0xC8, 0xA0, 0x8E, 0xC8, 0xD0, 0xC6, 0x00,
    0xBD, 0xF6, 0x10, 0xBE, 0xC8, 0x92, 0xFC, 0xC8, 0xA0, 0xED, 0x84, 0x6C, 0x05, 0xA6, 0x02, 0x81,
    0x20, 0x27, 0x0B, 0x81, 0x68, 0x26, 0x09, 0xB6, 0xC9, 0x2C, 0x81, 0x09, 0x2B, 0x02, 0x6C, 0x05,
    0xA6, 0x05, 0xA1, 0x07, 0x27, 0x0F, 0x4C, 0xA1, 0x07, 0x27, 0x0A, 0xB6, 0xC9, 0x0E, 0x81, 0x01,
    0x26, 0x02, 0x6C, 0x04, 0x39, 0xA6, 0x08, 0xA7, 0x02, 0x39, 0xA6, 0x05, 0xC6, 0x00, 0xFD, 0xC8,
    0xD0, 0xA6, 0x06, 0xCE, 0xC8, 0xA0, 0x8E, 0xC8, 0xD0, 0xC6, 0x00, 0xBD, 0xF6, 0x10, 0xBE, 0xC8,
    0x92, 0xFC, 0xC8, 0xA0, 0xED, 0x84, 0xA6, 0x04, 0x81, 0x10, 0x2A, 0x02, 0x6C, 0x04, 0x39, 0xA6,
    0x05, 0xC6, 0x00, 0xFD, 0xC8, 0xD0, 0xA6, 0x06, 0xCE, 0xC8, 0xA0, 0x8E, 0xC8, 0xD0, 0xC6, 0x00,
    0xBD, 0xF6, 0x10, 0xBE, 0xC8, 0x92, 0xFC, 0xC8, 0xA0, 0xED, 0x84, 0x6A, 0x05, 0x6A, 0x05, 0xA6,
    0x05, 0x81, 0x68, 0x27, 0x12, 0x81, 0x69, 0x27, 0x0E, 0xB6, 0xC9, 0x0E, 0x81, 0x02, 0x2B, 0x06,
    0xA6, 0x04, 0x27, 0x02, 0x6A, 0x04, 0x39, 0x86, 0x02, 0xA7, 0x02, 0x39, 0xFC, 0xC9, 0xDB, 0x26,
    0x05, 0xFC, 0xC9, 0x5F, 0x27, 0x01, 0x39, 0xC6, 0x00, 0x8E, 0xCA, 0x00, 0xA6, 0x02, 0x27, 0x01,
    0x5C, 0x30, 0x0B, 0x8C, 0xCA, 0x6E, 0x26, 0xF4, 0xC1, 0x00, 0x27, 0x01, 0x39, 0xF7, 0xC9, 0x3B,
    0x7F, 0xC9, 0x22, 0x7F, 0xC9, 0x21, 0x7F, 0xC9, 0x26, 0xBD, 0xF5, 0x11, 0x2A, 0x01, 0x40, 0x81,
    0x58, 0x2B, 0x03, 0x7E, 0x10, 0x0E, 0x8E, 0xCA, 0x00, 0x86, 0x02, 0xB7, 0xC9, 0x38, 0xBD, 0x16,
    0x66, 0x1F, 0x89, 0xBD, 0xF5, 0x11, 0x84, 0x3F, 0xB7, 0xC9, 0x39, 0xBD, 0x12, 0x06, 0x86, 0x60,
    0xB7, 0xC9, 0x3F, 0x86, 0x00, 0xB7, 0xC9, 0x40, 0xB7, 0xC9, 0x41, 0xBD, 0x16, 0x4F, 0xB7, 0xC9,
    0x3C, 0xBD, 0x16, 0x2A, 0xB7, 0xC9, 0x3E, 0xBD, 0xF5, 0x11, 0x84, 0x03, 0x4C, 0x81, 0x03, 0x27,
    0x0B, 0x81, 0x02, 0x27, 0x0E, 0x86, 0x02, 0xB7, 0xC9, 0x3A, 0x20, 0x0C, 0x86, 0x04, 0xB7, 0xC9,
    0x3A, 0x20, 0x05, 0x86, 0x07, 0xB7, 0xC9, 0x3A, 0x34, 0x04, 0xBD, 0x0F, 0xC1, 0x7C, 0xC9, 0x38,
    0x7C, 0xC9, 0x38, 0x7C, 0xC9, 0x38, 0x7C, 0xC9, 0x38, 0x30, 0x0B, 0x35, 0x04, 0x5A, 0x26, 0xE8,
    0x39, 0xB6, 0xC9, 0x3C, 0xA7, 0x02, 0xB6, 0xC9, 0x38, 0xA7, 0x03, 0xB6, 0xC9, 0x40, 0xA7, 0x04,
    0xB6, 0xC9, 0x39, 0xA7, 0x06, 0xB6, 0xC9, 0x41, 0xA7, 0x05, 0xB6, 0xC9, 0x3F, 0xA7, 0x07, 0xB6,
    0xC9, 0x3E, 0xA7, 0x08, 0x86, 0x40, 0xA7, 0x09, 0xB6, 0xC9, 0x3A, 0xA7, 0x0A, 0x7C, 0xC9, 0x21,
    0x34, 0x10, 0xA6, 0x05, 0xC6, 0x00, 0xFD, 0xC8, 0xD0, 0xA6, 0x06, 0xCE, 0xC8, 0xA0, 0x8E, 0xC8,
    0xD0, 0xC6, 0x00, 0xBD, 0xF6, 0x10, 0x35, 0x10, 0xFC, 0xC8, 0xA0, 0xED, 0x84, 0x39, 0xBD, 0x12,
    0x06, 0xB7, 0xC9, 0x3F, 0x86, 0x00, 0xB7, 0xC9, 0x40, 0x86, 0x00, 0xB7, 0xC9, 0x41, 0xBD, 0xF5,
    0x11, 0x84, 0x05, 0x4C, 0x81, 0x01, 0x27, 0x0E, 0x81, 0x02, 0x27, 0x0D, 0x81, 0x03, 0x27, 0x0C,
    0x81, 0x04, 0x27, 0x0B, 0x20, 0x0C, 0x20, 0x17, 0x12, 0x20, 0x4F, 0x12, 0x7E, 0x10, 0xC5, 0x7E,
    0x11, 0x00, 0x86, 0x7F, 0xB7, 0xC9, 0x41, 0x86, 0x10, 0xB7, 0xC9, 0x40, 0x7E, 0x11, 0x3B, 0xBD,
    0x2F, 0x34, 0xB7, 0xC9, 0x3D, 0xBD, 0xF5, 0x11, 0x84, 0x3F, 0xB7, 0xC9, 0x39, 0x86, 0x01, 0xB7,
    0xC9, 0x3C, 0x86, 0x02, 0xB7, 0xC9, 0x3E, 0xBD, 0x11, 0x9D, 0xB6, 0xC9, 0x39, 0xC6, 0x20, 0x4C,
    0x81, 0x40, 0x26, 0x02, 0x86, 0x00, 0x5A, 0x26, 0xF6, 0xB7, 0xC9, 0x39, 0x86, 0x03, 0xB7, 0xC9,
    0x3C, 0x86, 0x04, 0xB7, 0xC9, 0x3E, 0xBD, 0x11, 0xA0, 0x39, 0xBD, 0x2F, 0x34, 0xB7, 0xC9, 0x3D,
    0xBD, 0xF5, 0x11, 0x84, 0x3F, 0xB7, 0xC9, 0x39, 0x86, 0x0A, 0xB7, 0xC9, 0x3C, 0x86, 0x02, 0xB7,
    0xC9, 0x3E, 0xBD, 0x11, 0x9D, 0xB6, 0xC9, 0x39, 0xC6, 0x20, 0x4C, 0x81, 0x40, 0x26, 0x02, 0x86,
    0x00, 0x5A, 0x26, 0xF6, 0xB7, 0xC9, 0x39, 0x86, 0x0A, 0xB7, 0xC9, 0x3C, 0x86, 0x04, 0xB7, 0xC9,
    0x3E, 0xBD, 0x11, 0xA0, 0x39, 0xBD, 0x2F, 0x34, 0xB7, 0xC9, 0x3D, 0xBD, 0xF5, 0x11, 0x84, 0x3F,
    0xB7, 0xC9, 0x39, 0x86, 0x0A, 0xB7, 0xC9, 0x3C, 0x86, 0x05, 0xB7, 0xC9, 0x3E, 0xBD, 0x11, 0x9D,
    0xB6, 0xC9, 0x39, 0xC6, 0x20, 0x4C, 0x81, 0x40, 0x26, 0x02, 0x86, 0x00, 0x5A, 0x26, 0xF6, 0xB7,
    0xC9, 0x39, 0x86, 0x0A, 0xB7, 0xC9, 0x3C, 0x86, 0x05, 0xB7, 0xC9, 0x3E, 0xBD, 0x11, 0xA0, 0x39,
    0xBD, 0x2F, 0x34, 0xB7, 0xC9, 0x3D, 0xBD, 0xF5, 0x11, 0x84, 0x3F, 0xB7, 0xC9, 0x39, 0x86, 0x0A,
    0xB7, 0xC9, 0x3C, 0x86, 0x05, 0xB7, 0xC9, 0x3E, 0xBD, 0x11, 0x9D, 0xB6, 0xC9, 0x39, 0xC6, 0x20,
    0x4C, 0x81, 0x40, 0x26, 0x02, 0x86, 0x00, 0x5A, 0x26, 0xF6, 0xB7, 0xC9, 0x39, 0x86, 0x0A, 0xB7,
    0xC9, 0x3C, 0x86, 0x05, 0xB7, 0xC9, 0x3E, 0xBD, 0x11, 0xA0, 0x39, 0xC6, 0x0C, 0xBD, 0xF5, 0x11,
    0x2A, 0x02, 0xC6, 0x07, 0xF7, 0xC9, 0x46, 0x86, 0x10, 0xB7, 0xC9, 0x3F, 0xBD, 0x2F, 0x34, 0xB7,
    0xC9, 0x3D, 0xBD, 0xF5, 0x11, 0x84, 0x3F, 0xB7, 0xC9, 0x39, 0xC6, 0x06, 0xBD, 0xF5, 0x11, 0x2A,
    0x02, 0xC6, 0x05, 0xF7, 0xC9, 0x3C, 0xB6, 0xC9, 0x46, 0xB7, 0xC9, 0x3E, 0xB7, 0xC9, 0x3A, 0xBD,
    0x11, 0xE2, 0xC6, 0x20, 0xB6, 0xC9, 0x39, 0x4C, 0x81, 0x40, 0x26, 0x02, 0x86, 0x00, 0x5A, 0x26,
    0xF6, 0xB7, 0xC9, 0x39, 0xC6, 0x06, 0xBD, 0xF5, 0x11, 0x2A, 0x02, 0xC6, 0x05, 0xF7, 0xC9, 0x3C,
    0xB6, 0xC9, 0x46, 0xB7, 0xC9, 0x3E, 0xB7, 0xC9, 0x3A, 0xBD, 0x11, 0xE5, 0x39, 0x8E, 0xCA, 0x00,
    0x86, 0x02, 0xB7, 0xC9, 0x38, 0xF6, 0xC9, 0x3D, 0xBD, 0xF5, 0x11, 0x84, 0x03, 0x4C, 0x81, 0x03,
    0x27, 0x0B, 0x81, 0x02, 0x27, 0x0E, 0x86, 0x02, 0xB7, 0xC9, 0x3A, 0x20, 0x0C, 0x86, 0x04, 0xB7,
    0xC9, 0x3A, 0x20, 0x05, 0x86, 0x07, 0xB7, 0xC9, 0x3A, 0x34, 0x04, 0xBD, 0x0F, 0xC1, 0x7C, 0xC9,
    0x38, 0x7C, 0xC9, 0x38, 0x7C, 0xC9, 0x38, 0x7C, 0xC9, 0x38, 0x30, 0x0B, 0x35, 0x04, 0x5A, 0x26,
    0xE8, 0x39, 0x8E, 0xCA, 0x00, 0x86, 0x02, 0xB7, 0xC9, 0x38, 0xF6, 0xC9, 0x3D, 0x34, 0x04, 0xBD,
    0x0F, 0xC1, 0x7C, 0xC9, 0x38, 0x7C, 0xC9, 0x38, 0x7C, 0xC9, 0x38, 0x7C, 0xC9, 0x38, 0x30, 0x0B,
    0x35, 0x04, 0x5A, 0x26, 0xE8, 0x39, 0xBD, 0xF5, 0x11, 0x2A, 0x03, 0x86, 0x60, 0x39, 0xBD, 0xF5,
    0x84, 0x84, 0x60, 0x81, 0x40, 0x2A, 0x02, 0x86, 0x40, 0x39, 0xF4, 0xD0, 0xE8, 0x18, 0x18, 0xD0,
    0x24, 0x48, 0xDC, 0x48, 0xE8, 0xD0, 0x18, 0x18, 0x0C, 0xD0, 0xF4, 0xD0, 0xE8, 0x18, 0x18, 0xD0,
    0x24, 0x48, 0xDC, 0x48, 0xE8, 0xD0, 0x18, 0x18, 0x0C, 0xD0, 0xF4, 0xD0, 0xE8, 0x18, 0x18, 0xD0,
    0x24, 0x48, 0xDC, 0x48, 0xE8, 0xD0, 0x18, 0x18, 0x0C, 0xD0, 0xF4, 0xD0, 0xE8, 0x18, 0x18, 0xD0,
    0x24, 0x48, 0xDC, 0x48, 0xE8, 0xD0, 0x18, 0x18, 0x0C, 0xD0, 0xF4, 0xD0, 0xE8, 0x18, 0x18, 0xD0,
    0x24, 0x48, 0xDC, 0x48, 0xE8, 0xD0, 0x18, 0x18, 0x0C, 0xD0, 0xE1, 0xD8, 0xF3, 0x21, 0x04, 0xC9,
    0x3E, 0x35, 0xFA, 0x51, 0xD6, 0xDD, 0x21, 0x0D, 0xF9, 0xCE, 0xE1, 0xD8, 0xF3, 0x21, 0x04, 0xC9,
    0x3E, 0x35, 0xFA, 0x51, 0xD6, 0xDD, 0x21, 0x0D, 0xF9, 0xCE, 0xE1, 0xD8, 0xF3, 0x21, 0x04, 0xC9,
    0x3E, 0x35, 0xFA, 0x51, 0xD6, 0xDD, 0x21, 0x0D, 0xF9, 0xCE, 0xE1, 0xD8, 0xF3, 0x21, 0x04, 0xC9,
    0x3E, 0x35, 0xFA, 0x51, 0xD6, 0xDD, 0x21, 0x0D, 0xF9, 0xCE, 0xD5, 0xE7, 0x00, 0x22, 0xEF, 0xCD,
    0x4D, 0x19, 0x19, 0x4D, 0xCD, 0xEF, 0x22, 0x00, 0xE7, 0xD5, 0xD5, 0xE7, 0x00, 0x22, 0xEF, 0xCD,
    0x4D, 0x19, 0x19, 0x4D, 0xCD, 0xEF, 0x22, 0x00, 0xE7, 0xD5, 0xD5, 0xE7, 0x00, 0x22, 0xEF, 0xCD,
    0x4D, 0x19, 0x19, 0x4D, 0xCD, 0xEF, 0x22, 0x00, 0xE7, 0xD5, 0xD5, 0xE7, 0x00, 0x22, 0xEF, 0xCD,
    0x4D, 0x19, 0x19, 0x4D, 0xCD, 0xEF, 0x22, 0x00, 0xE7, 0xD5, 0xCE, 0xF9, 0x0D, 0x21, 0xDD, 0xD6,
    0x51, 0xFA, 0x35, 0x3E, 0xC9, 0x04, 0x21, 0xF3, 0xD8, 0xE1, 0xCE, 0xF9, 0x0D, 0x21, 0xDD, 0xD6,
    0x51, 0xFA, 0x35, 0x3E, 0xC9, 0x04, 0x21, 0xF3, 0xD8, 0xE1, 0xCE, 0xF9, 0x0D, 0x21, 0xDD, 0xD6,
    0x51, 0xFA, 0x35, 0x3E, 0xC9, 0x04, 0x21, 0xF3, 0xD8, 0xE1, 0xCE, 0xF9, 0x0D, 0x21, 0xDD, 0xD6,
    0x51, 0xFA, 0x35, 0x3E, 0xC9, 0x04, 0x21, 0xF3, 0xD8, 0xE1, 0xD0, 0x0C, 0x18, 0x18, 0xD0, 0xE8,
    0x48, 0xDC, 0x48, 0x24, 0xD0, 0x18, 0x18, 0xE8, 0xD0, 0xF4, 0xD0, 0x0C, 0x18, 0x18, 0xD0, 0xE8,
    0x48, 0xDC, 0x48, 0x24, 0xD0, 0x18, 0x18, 0xE8, 0xD0, 0xF4, 0xD0, 0x0C, 0x18, 0x18, 0xD0, 0xE8,
    0x48, 0xDC, 0x48, 0x24, 0xD0, 0x18, 0x18, 0xE8, 0xD0, 0xF4, 0xD0, 0x0C, 0x18, 0x18, 0xD0, 0xE8,
    0x48, 0xDC, 0x48, 0x24, 0xD0, 0x18, 0x18, 0xE8, 0xD0, 0xF4, 0xD8, 0x1F, 0x21, 0x0D, 0xC9, 0xFC,
    0x35, 0xC2, 0x51, 0x06, 0xDD, 0x2A, 0x0D, 0xDF, 0xCE, 0x07, 0xD8, 0x1F, 0x21, 0x0D, 0xC9, 0xFC,
    0x35, 0xC2, 0x51, 0x06, 0xDD, 0x2A, 0x0D, 0xDF, 0xCE, 0x07, 0xD8, 0x1F, 0x21, 0x0D, 0xC9, 0xFC,
    0x35, 0xC2, 0x51, 0x06, 0xDD, 0x2A, 0x0D, 0xDF, 0xCE, 0x07, 0xD8, 0x1F, 0x21, 0x0D, 0xC9, 0xFC,
    0x35, 0xC2, 0x51, 0x06, 0xDD, 0x2A, 0x0D, 0xDF, 0xCE, 0x07, 0xE7, 0x2B, 0x22, 0x00, 0xCD, 0x11,
    0x19, 0xB3, 0x4D, 0xE7, 0xEF, 0x33, 0x00, 0xDE, 0xD5, 0x19, 0xE7, 0x2B, 0x22, 0x00, 0xCD, 0x11,
    0x19, 0xB3, 0x4D, 0xE7, 0xEF, 0x33, 0x00, 0xDE, 0xD5, 0x19, 0xE7, 0x2B, 0x22, 0x00, 0xCD, 0x11,
    0x19, 0xB3, 0x4D, 0xE7, 0xEF, 0x33, 0x00, 0xDE, 0xD5, 0x19, 0xE7, 0x2B, 0x22, 0x00, 0xCD, 0x11,
    0x19, 0xB3, 0x4D, 0xE7, 0xEF, 0x33, 0x00, 0xDE, 0xD5, 0x19, 0xF9, 0x32, 0x21, 0xF3, 0xD6, 0x23,
    0xFA, 0xAF, 0x3E, 0xCB, 0x04, 0x37, 0xF3, 0xDF, 0xE1, 0x28, 0xF9, 0x32, 0x21, 0xF3, 0xD6, 0x23,
    0xFA, 0xAF, 0x3E, 0xCB, 0x04, 0x37, 0xF3, 0xDF, 0xE1, 0x28, 0xF9, 0x32, 0x21, 0xF3, 0xD6, 0x23,
    0xFA, 0xAF, 0x3E, 0xCB, 0x04, 0x37, 0xF3, 0xDF, 0xE1, 0x28, 0xF9, 0x32, 0x21, 0xF3, 0xD6, 0x23,
    0xFA, 0xAF, 0x3E, 0xCB, 0x04, 0x37, 0xF3, 0xDF, 0xE1, 0x28, 0x0C, 0x30, 0x18, 0xE8, 0xE8, 0x30,
    0xDC, 0xB8, 0x24, 0xB8, 0x18, 0x30, 0xE8, 0xE8, 0xF4, 0x30, 0x0C, 0x30, 0x18, 0xE8, 0xE8, 0x30,
    0xDC, 0xB8, 0x24, 0xB8, 0x18, 0x30, 0xE8, 0xE8, 0xF4, 0x30, 0x0C, 0x30, 0x18, 0xE8, 0xE8, 0x30,
    0xDC, 0xB8, 0x24, 0xB8, 0x18, 0x30, 0xE8, 0xE8, 0xF4, 0x30, 0x0C, 0x30, 0x18, 0xE8, 0xE8, 0x30,
    0xDC, 0xB8, 0x24, 0xB8, 0x18, 0x30, 0xE8, 0xE8, 0xF4, 0x30, 0x1F, 0x28, 0x0D, 0xDF, 0xFC, 0x37,
    0xC2, 0xCB, 0x06, 0xAF, 0x2A, 0x23, 0xDF, 0xF3, 0x07, 0x32, 0x1F, 0x28, 0x0D, 0xDF, 0xFC, 0x37,
    0xC2, 0xCB, 0x06, 0xAF, 0x2A, 0x23, 0xDF, 0xF3, 0x07, 0x32, 0x1F, 0x28, 0x0D, 0xDF, 0xFC, 0x37,
    0xC2, 0xCB, 0x06, 0xAF, 0x2A, 0x23, 0xDF, 0xF3, 0x07, 0x32, 0x1F, 0x28, 0x0D, 0xDF, 0xFC, 0x37,
    0xC2, 0xCB, 0x06, 0xAF, 0x2A, 0x23, 0xDF, 0xF3, 0x07, 0x32, 0x2B, 0x19, 0x00, 0xDE, 0x11, 0x33,
    0xB3, 0xE7, 0xE7, 0xB3, 0x33, 0x11, 0xDE, 0x00, 0x19, 0x2B, 0x2B, 0x19, 0x00, 0xDE, 0x11, 0x33,
    0xB3, 0xE7, 0xE7, 0xB3, 0x33, 0x11, 0xDE, 0x00, 0x19, 0x2B, 0x2B, 0x19, 0x00, 0xDE, 0x11, 0x33,
    0xB3, 0xE7, 0xE7, 0xB3, 0x33, 0x11, 0xDE, 0x00, 0x19, 0x2B, 0x2B, 0x19, 0x00, 0xDE, 0x11, 0x33,
    0xB3, 0xE7, 0xE7, 0xB3, 0x33, 0x11, 0xDE, 0x00, 0x19, 0x2B, 0x32, 0x07, 0xF3, 0xDF, 0x23, 0x2A,
    0xAF, 0x06, 0xCB, 0xC2, 0x37, 0xFC, 0xDF, 0x0D, 0x28, 0x1F, 0x32, 0x07, 0xF3, 0xDF, 0x23, 0x2A,
    0xAF, 0x06, 0xCB, 0xC2, 0x37, 0xFC, 0xDF, 0x0D, 0x28, 0x1F, 0x32, 0x07, 0xF3, 0xDF, 0x23, 0x2A,
    0xAF, 0x06, 0xCB, 0xC2, 0x37, 0xFC, 0xDF, 0x0D, 0x28, 0x1F, 0x32, 0x07, 0xF3, 0xDF, 0x23, 0x2A,
    0xAF, 0x06, 0xCB, 0xC2, 0x37, 0xFC, 0xDF, 0x0D, 0x28, 0x1F, 0x30, 0xF4, 0xE8, 0xE8, 0x30, 0x18,
    0xB8, 0x24, 0xB8, 0xDC, 0x30, 0xE8, 0xE8, 0x18, 0x30, 0x0C, 0x30, 0xF4, 0xE8, 0xE8, 0x30, 0x18,
    0xB8, 0x24, 0xB8, 0xDC, 0x30, 0xE8, 0xE8, 0x18, 0x30, 0x0C, 0x30, 0xF4, 0xE8, 0xE8, 0x30, 0x18,
    0xB8, 0x24, 0xB8, 0xDC, 0x30, 0xE8, 0xE8, 0x18, 0x30, 0x0C, 0x30, 0xF4, 0xE8, 0xE8, 0x30, 0x18,
    0xB8, 0x24, 0xB8, 0xDC, 0x30, 0xE8, 0xE8, 0x18, 0x30, 0x0C, 0x28, 0xE1, 0xDF, 0xF3, 0x37, 0x04,
    0xCB, 0x3E, 0xAF, 0xFA, 0x23, 0xD6, 0xF3, 0x21, 0x32, 0xF9, 0x28, 0xE1, 0xDF, 0xF3, 0x37, 0x04,
    0xCB, 0x3E, 0xAF, 0xFA, 0x23, 0xD6, 0xF3, 0x21, 0x32, 0xF9, 0x28, 0xE1, 0xDF, 0xF3, 0x37, 0x04,
    0xCB, 0x3E, 0xAF, 0xFA, 0x23, 0xD6, 0xF3, 0x21, 0x32, 0xF9, 0x28, 0xE1, 0xDF, 0xF3, 0x37, 0x04,
    0xCB, 0x3E, 0xAF, 0xFA, 0x23, 0xD6, 0xF3, 0x21, 0x32, 0xF9, 0x19, 0xD5, 0xDE, 0x00, 0x33, 0xEF,
    0xE7, 0x4D, 0xB3, 0x19, 0x11, 0xCD, 0x00, 0x22, 0x2B, 0xE7, 0x19, 0xD5, 0xDE, 0x00, 0x33, 0xEF,
    0xE7, 0x4D, 0xB3, 0x19, 0x11, 0xCD, 0x00, 0x22, 0x2B, 0xE7, 0x19, 0xD5, 0xDE, 0x00, 0x33, 0xEF,
    0xE7, 0x4D, 0xB3, 0x19, 0x11, 0xCD, 0x00, 0x22, 0x2B, 0xE7, 0x19, 0xD5, 0xDE, 0x00, 0x33, 0xEF,
    0xE7, 0x4D, 0xB3, 0x19, 0x11, 0xCD, 0x00, 0x22, 0x2B, 0xE7, 0x07, 0xCE, 0xDF, 0x0D, 0x2A, 0xDD,
    0x06, 0x51, 0xC2, 0x35, 0xFC, 0xC9, 0x0D, 0x21, 0x1F, 0xD8, 0x07, 0xCE, 0xDF, 0x0D, 0x2A, 0xDD,
    0x06, 0x51, 0xC2, 0x35, 0xFC, 0xC9, 0x0D, 0x21, 0x1F, 0xD8, 0x07, 0xCE, 0xDF, 0x0D, 0x2A, 0xDD,
    0x06, 0x51, 0xC2, 0x35, 0xFC, 0xC9, 0x0D, 0x21, 0x1F, 0xD8, 0x07, 0xCE, 0xDF, 0x0D, 0x2A, 0xDD,
    0x06, 0x51, 0xC2, 0x35, 0xFC, 0xC9, 0x0D, 0x21, 0x1F, 0xD8, 0xBD, 0xF5, 0x11, 0xBD, 0xF5, 0x84,
    0x81, 0x64, 0x2B, 0x03, 0x86, 0x02, 0x39, 0x81, 0x4B, 0x2B, 0x03, 0x86, 0x04, 0x39, 0x81, 0x32,
    0x2B, 0x03, 0x86, 0x05, 0x39, 0x81, 0x19, 0x2B, 0x03, 0x86, 0x06, 0x39, 0x86, 0x07, 0x39, 0xBD,
    0xF5, 0x11, 0xBD, 0xF5, 0x84, 0x81, 0x54, 0x2B, 0x03, 0x86, 0x01, 0x39, 0x81, 0x2A, 0x2B, 0x03,
    0x86, 0x03, 0x39, 0x86, 0x0A, 0x39, 0xB6, 0xCA, 0x86, 0x81, 0x20, 0x2A, 0x10, 0xB6, 0xCA, 0x91,
    0x81, 0x20, 0x2A, 0x09, 0xB6, 0xCA, 0x9C, 0x81, 0x20, 0x2A, 0x02, 0x20, 0x17, 0xBD, 0xF5, 0x11,
    0xBD, 0xF5, 0x84, 0x81, 0x50, 0x2B, 0x03, 0x86, 0x03, 0x39, 0x81, 0x28, 0x2B, 0x03, 0x86, 0x04,
    0x39, 0x86, 0x05, 0x39, 0xBD, 0xF5, 0x11, 0xBD, 0xF5, 0x84, 0x81, 0x0B, 0x2B, 0x03, 0x47, 0x20,
    0xF9, 0x81, 0x03, 0x2A, 0x02, 0x86, 0x04, 0x39, 0xB6, 0xC9, 0x2C, 0x81, 0x01, 0x26, 0x0A, 0xFC,
    0xC9, 0x69, 0x10, 0x83, 0xFF, 0xFF, 0x27, 0x01, 0x39, 0xBD, 0xF2, 0xA9, 0x8E, 0xC9, 0xCB, 0xBF,
    0xC8, 0x92, 0xA6, 0x04, 0x27, 0x03, 0xBD, 0x16, 0xD5, 0xBE, 0xC8, 0x92, 0x30, 0x05, 0x8C, 0xC9,
    0xDA, 0x26, 0xEC, 0x20, 0x6A, 0xB7, 0xC9, 0x09, 0xBD, 0xF3, 0x0C, 0x8E, 0x25, 0xC9, 0xB6, 0xC9,
    0xDA, 0xC6, 0x0A, 0x3D, 0x30, 0x8B, 0xF6, 0xC9, 0x09, 0x86, 0x04, 0xBD, 0xF3, 0xD8, 0xBD, 0xF3,
    0x54, 0xB6, 0xC9, 0x36, 0x27, 0x08, 0xB6, 0xC9, 0x35, 0x81, 0x01, 0x27, 0x01, 0x39, 0xBE, 0xC8,
    0x92, 0xEC, 0x84, 0xFD, 0xC9, 0x44, 0xBE, 0xC9, 0x44, 0x10, 0xBE, 0xC9, 0x00, 0xCC, 0x08, 0x08,
    0xBD, 0xF8, 0xFF, 0x24, 0x09, 0xBD, 0x18, 0x5B, 0xBE, 0xC8, 0x92, 0x6F, 0x04, 0x39, 0xB6, 0xC9,
    0x2C, 0x81, 0x0C, 0x2A, 0x05, 0xB6, 0xC9, 0x48, 0x2B, 0x11, 0xBE, 0xC8, 0x92, 0xEC, 0x84, 0xAB,
    0x02, 0x29, 0x0A, 0xEB, 0x03, 0x29, 0x06, 0xED, 0x84, 0x6C, 0x04, 0x20, 0x02, 0x6F, 0x04, 0xFC,
    0xC9, 0xDB, 0x26, 0x05, 0xFC, 0xC9, 0x5F, 0x27, 0x01, 0x39, 0xB6, 0xC9, 0x52, 0x27, 0x04, 0x7A,
    0xC9, 0x52, 0x39, 0xBD, 0xF5, 0x11, 0xBD, 0xF5, 0x84, 0xB1, 0xC9, 0x4A, 0x2B, 0x0A, 0x7F, 0xCA,
    0xB1, 0x7F, 0xCA, 0xB2, 0x7F, 0xCA, 0xB3, 0x39, 0xFC, 0xCA, 0xB1, 0x10, 0x83, 0x00, 0x00, 0x26,
    0x01, 0x39, 0x10, 0x8E, 0xC9, 0xCB, 0xA6, 0x24, 0x27, 0x09, 0x31, 0x25, 0x10, 0x8C, 0xC9, 0xDA,
    0x26, 0xF4, 0x39, 0xFC, 0xCA, 0xB1, 0xED, 0xA4, 0x34, 0x20, 0xBD, 0xF1, 0xAF, 0xF6, 0xCA, 0xB3,
    0x86, 0x05, 0xBD, 0xF6, 0x01, 0x34, 0x06, 0xBD, 0xF1, 0xAA, 0x35, 0x06, 0x35, 0x20, 0xED, 0x22,
    0x86, 0x01, 0xA7, 0x24, 0x7F, 0xCA, 0xB1, 0x7F, 0xCA, 0xB2, 0x7F, 0xCA, 0xB3, 0x86, 0x20, 0xB7,
    0xC9, 0x52, 0x86, 0x10, 0xB7, 0xC9, 0x55, 0x39, 0xFC, 0xC9, 0xDB, 0x26, 0x05, 0xFC, 0xC9, 0x5F,
    0x27, 0x01, 0x39, 0xB6, 0xC9, 0x2C, 0x81, 0x04, 0x2C, 0x01, 0x39, 0x8E, 0xCA, 0xA5, 0xA6, 0x02,
    0x27, 0x01, 0x39, 0xCC, 0x00, 0x00, 0xED, 0x84, 0x86, 0x20, 0xA7, 0x02, 0x86, 0x01, 0xA7, 0x03,
    0x86, 0x00, 0xA7, 0x04, 0xA7, 0x05, 0xA7, 0x08, 0xA7, 0x09, 0xA7, 0x0A, 0xB6, 0xC9, 0x2C, 0x81,
    0x07, 0x2B, 0x13, 0x81, 0x0B, 0x2B, 0x05, 0xB6, 0xC9, 0x06, 0x20, 0x0F, 0xBD, 0xF5, 0x11, 0x2A,
    0x05, 0xB6, 0xC9, 0x06, 0x20, 0x05, 0xBD, 0xF5, 0x11, 0x84, 0x3F, 0xA7, 0x06, 0x86, 0x7F, 0xA7,
    0x07, 0x39, 0x2A, 0x1C, 0xC8, 0x1C, 0xD6, 0xD6, 0x2A, 0xBA, 0x46, 0x1C, 0xC8, 0x1C, 0xB7, 0xCA,
    0xB4, 0xB1, 0xC9, 0x06, 0x27, 0x32, 0x4A, 0x2C, 0x02, 0x86, 0x3F, 0xB1, 0xC9, 0x06, 0x27, 0x28,
    0x4A, 0x2C, 0x02, 0x86, 0x3F, 0xB1, 0xC9, 0x06, 0x27, 0x1E, 0xB6, 0xCA, 0xB4, 0x4C, 0x81, 0x40,
    0x26, 0x02, 0x86, 0x00, 0xB1, 0xC9, 0x06, 0x27, 0x0F, 0x4C, 0x81, 0x40, 0x26, 0x02, 0x86, 0x00,
    0xB1, 0xC9, 0x06, 0x27, 0x03, 0x86, 0x00, 0x39, 0x86, 0x01, 0x39, 0xBE, 0xC9, 0xDB, 0x27, 0x01,
    0x39, 0x8E, 0xCA, 0xB7, 0x7F, 0xC9, 0x12, 0xBF, 0xC9, 0x10, 0xBD, 0x18, 0xDB, 0xBE, 0xC9, 0x10,
    0xFC, 0xC9, 0x00, 0xED, 0x84, 0xFC, 0xC9, 0x14, 0xED, 0x02, 0xB6, 0xC9, 0x12, 0x8B, 0x08, 0xB7,
    0xC9, 0x12, 0x30, 0x04, 0x8C, 0xCA, 0xD7, 0x26, 0xDE, 0x8E, 0x01, 0x20, 0xBF, 0xC9, 0xDB, 0x8E,
    0xC9, 0x80, 0x6F, 0x84, 0x30, 0x01, 0x8C, 0xC9, 0x99, 0x26, 0xF7, 0x7F, 0xC9, 0x33, 0x7F, 0xC9,
    0xDE, 0x7F, 0xC9, 0xDF, 0x7F, 0xC9, 0xE1, 0x7F, 0xC9, 0x54, 0x7F, 0xC9, 0x55, 0x7F, 0xC9, 0x58,
    0xCC, 0x00, 0x00, 0xBD, 0xF2, 0x56, 0xCC, 0x01, 0x00, 0xBD, 0xF2, 0x56, 0xCC, 0x02, 0x00, 0xBD,
    0xF2, 0x56, 0xCC, 0x03, 0x00, 0xBD, 0xF2, 0x56, 0xBD, 0x3E, 0x38, 0x7A, 0xC9, 0x1E, 0xB6, 0xC9,
    0x1E, 0x81, 0x00, 0x26, 0x05, 0x86, 0xFF, 0xB7, 0xC9, 0x61, 0x39, 0xBD, 0xF1, 0xAF, 0xF6, 0xC9,
    0x12, 0x86, 0x05, 0xBD, 0xF6, 0x01, 0xFD, 0xC9, 0x14, 0xBD, 0xF1, 0xAA, 0x39, 0xBD, 0xF2, 0xA9,
    0x8E, 0xCA, 0xB7, 0xBF, 0xC8, 0x92, 0xEC, 0x84, 0x10, 0x83, 0x00, 0x00, 0x27, 0x03, 0xBD, 0x19,
    0x0C, 0xBE, 0xC8, 0x92, 0x30, 0x04, 0x8C, 0xCA, 0xD7, 0x26, 0xE8, 0x39, 0xBD, 0xF3, 0x0C, 0xC6,
    0x10, 0x8E, 0x06, 0xD9, 0xBD, 0xF4, 0x0E, 0xBD, 0xF3, 0x54, 0xBE, 0xC8, 0x92, 0xEC, 0x84, 0xAB,
    0x02, 0x29, 0x07, 0xEB, 0x03, 0x29, 0x03, 0xED, 0x84, 0x39, 0xCC, 0x00, 0x00, 0xED, 0x84, 0x39,
    0xFF, 0xE4, 0x00, 0xFF, 0x00, 0x0E, 0xFF, 0x1C, 0x00, 0xFF, 0x00, 0xF2, 0x01, 0x00, 0x00, 0x00,
    0x00, 0x00, 0x00, 0x00, 0x00, 0x07, 0xFF, 0xE4, 0x00, 0x01, 0x00, 0x00, 0x00, 0x00, 0x00, 0x00,
    0x00, 0x00, 0x00, 0x00, 0x00, 0x00, 0xFF, 0x00, 0x0E, 0xFF, 0xF2, 0x00, 0xFF, 0x00, 0xF2, 0xFF,
    0xF2, 0x00, 0xFF, 0x00, 0x0E, 0x01, 0x00, 0x00, 0x00, 0xFF, 0x00, 0x0E, 0xFF, 0xF2, 0x00, 0xFF,
    0x00, 0xF9, 0x00, 0x00, 0x07, 0xFF, 0xF2, 0x00, 0xFF, 0x00, 0xF2, 0x01, 0xFF, 0xF2, 0x00, 0xFF,
    0x00, 0x0E, 0xFF, 0x0E, 0x00, 0x00, 0xF2, 0x00, 0xFF, 0xF2, 0x00, 0x01, 0x00, 0x00, 0x00, 0x00,
    0x00, 0x0E, 0xFF, 0x00, 0xF2, 0xFF, 0xF2, 0x00, 0xFF, 0x00, 0x0E, 0xFF, 0xF2, 0x00, 0xFF, 0x00,
    0xF2, 0x01, 0x00, 0x00, 0x0E, 0xFF, 0x00, 0xF2, 0xFF, 0xE4, 0x00, 0xFF, 0x00, 0x0E, 0xFF, 0x0E,
    0x00, 0xFF, 0x00, 0xF2, 0x01, 0xFF, 0x00, 0x0E, 0xFF, 0xE4, 0xF2, 0x01, 0x00, 0x00, 0x00, 0x00,
    0x00, 0x00, 0x00, 0x00, 0x00, 0x00, 0x00, 0x00, 0xFF, 0xE4, 0x00, 0xFF, 0x00, 0x0E, 0xFF, 0x1C,
    0x00, 0xFF, 0x00, 0xF2, 0x00, 0xF2, 0x00, 0xFF, 0x00, 0x0E, 0x01, 0x00, 0xE4, 0x00, 0xFF, 0x00,
    0x0E, 0xFF, 0x1C, 0x00, 0xFF, 0x00, 0xF2, 0xFF, 0xF2, 0x00, 0xFF, 0x00, 0x0E, 0x01, 0x86, 0x60,
    0xBD, 0xF2, 0xAB, 0xCC, 0x1F, 0xEF, 0xBD, 0xF2, 0xFC, 0x8E, 0x19, 0x30, 0xB6, 0xC8, 0x85, 0xC6,
    0x13, 0x3D, 0x30, 0x8B, 0xC6, 0x20, 0xBD, 0xF4, 0x0E, 0xBD, 0xF3, 0x54, 0xCC, 0x1F, 0xF5, 0xBD,
    0xF2, 0xFC, 0x8E, 0x19, 0x30, 0xB6, 0xC8, 0x84, 0xC6, 0x13, 0x3D, 0x30, 0x8B, 0xC6, 0x20, 0xBD,
    0xF4, 0x0E, 0xBD, 0xF3, 0x54, 0xCC, 0x1F, 0xFB, 0xBD, 0xF2, 0xFC, 0x8E, 0x19, 0x30, 0xB6, 0xC8,
    0x83, 0xC6, 0x13, 0x3D, 0x30, 0x8B, 0xC6, 0x20, 0xBD, 0xF4, 0x0E, 0xBD, 0xF3, 0x54, 0xCC, 0x1F,
    0x01, 0xBD, 0xF2, 0xFC, 0x8E, 0x19, 0x30, 0xB6, 0xC8, 0x82, 0xC6, 0x13, 0x3D, 0x30, 0x8B, 0xC6,
    0x20, 0xBD, 0xF4, 0x0E, 0xBD, 0xF3, 0x54, 0xCC, 0x1F, 0x07, 0xBD, 0xF2, 0xFC, 0x8E, 0x19, 0x30,
    0xB6, 0xC8, 0x81, 0xC6, 0x13, 0x3D, 0x30, 0x8B, 0xC6, 0x20, 0xBD, 0xF4, 0x0E, 0xBD, 0xF3, 0x54,
    0xCC, 0x1F, 0x0D, 0xBD, 0xF2, 0xFC, 0x8E, 0x19, 0x30, 0xB6, 0xC8, 0x80, 0xC6, 0x13, 0x3D, 0x30,
    0x8B, 0xC6, 0x20, 0xBD, 0xF4, 0x0E, 0xBD, 0xF3, 0x54, 0xCC, 0x00, 0xFE, 0xBD, 0xF2, 0xFC, 0x8E,
    0x19, 0x30, 0xB6, 0xC9, 0x1E, 0xC6, 0x13, 0x3D, 0x30, 0x8B, 0xC6, 0x20, 0xBD, 0xF4, 0x0E, 0xBD,
    0xF3, 0x54, 0xCC, 0xE0, 0xFC, 0xBD, 0xF2, 0xFC, 0x8E, 0x19, 0x30, 0xB6, 0xC9, 0x1F, 0xC6, 0x13,
    0x3D, 0x30, 0x8B, 0xC6, 0x20, 0xBD, 0xF4, 0x0E, 0xBD, 0xF3, 0x54, 0xCC, 0xE0, 0x02, 0xBD, 0xF2,
    0xFC, 0x8E, 0x19, 0x30, 0xB6, 0xC9, 0x20, 0xC6, 0x13, 0x3D, 0x30, 0x8B, 0xC6, 0x20, 0xBD, 0xF4,
    0x0E, 0xBD, 0xF3, 0x54, 0x39, 0x7C, 0xC8, 0x81, 0xB6, 0xC8, 0x81, 0x81, 0x0A, 0x27, 0x01, 0x39,
    0x7F, 0xC8, 0x81, 0x7C, 0xC8, 0x82, 0xB6, 0xC8, 0x82, 0x81, 0x0A, 0x27, 0x01, 0x39, 0x7F, 0xC8,
    0x82, 0x7C, 0xC8, 0x83, 0xB6, 0xC8, 0x83, 0x81, 0x0A, 0x27, 0x01, 0x39, 0x7F, 0xC8, 0x83, 0x7C,
    0xC8, 0x84, 0xB6, 0xC8, 0x84, 0x81, 0x02, 0x27, 0x0A, 0x81, 0x04, 0x27, 0x06, 0x81, 0x06, 0x27,
    0x24, 0x20, 0x08, 0x7C, 0xC9, 0x1E, 0x86, 0x14, 0xB7, 0xC9, 0x5A, 0xB6, 0xC8, 0x84, 0x81, 0x0A,
    0x27, 0x01, 0x39, 0x7F, 0xC8, 0x84, 0x7C, 0xC8, 0x85, 0xB6, 0xC8, 0x85, 0x81, 0x0A, 0x27, 0x01,
    0x39, 0x7F, 0xC8, 0x85, 0x39, 0x86, 0x09, 0xB7, 0xC9, 0x1E, 0x86, 0xFF, 0xB7, 0xC9, 0x67, 0x20,
    0xD5, 0xFF, 0x08, 0x00, 0xFF, 0x08, 0x08, 0xFF, 0xF8, 0x08, 0xFF, 0xF8, 0x00, 0xFF, 0x08, 0xF8,
    0x01, 0x01, 0x01, 0x01, 0x01, 0x01, 0x01, 0x01, 0x01, 0x01, 0x01, 0x01, 0x01, 0xFF, 0x10, 0x00,
    0xFF, 0x00, 0x08, 0xFF, 0xF8, 0x08, 0xFF, 0x00, 0xF8, 0xFF, 0xF8, 0x08, 0xFF, 0x00, 0xF0, 0x01,
    0x01, 0x01, 0x01, 0x01, 0x01, 0x01, 0x01, 0x01, 0x01, 0x00, 0x00, 0x10, 0xFF, 0x00, 0xF8, 0xFF,
    0x08, 0xF8, 0xFF, 0x08, 0x08, 0xFF, 0x00, 0x08, 0x01, 0x01, 0x01, 0x01, 0x01, 0x01, 0x01, 0x01,
    0x01, 0x01, 0x01, 0x01, 0x01, 0xFF, 0x10, 0x00, 0xFF, 0x00, 0x08, 0xFF, 0xF8, 0x08, 0xFF, 0xF8,
    0xF8, 0xFF, 0x00, 0xF8, 0x01, 0x01, 0x01, 0x01, 0x01, 0x01, 0x01, 0x01, 0x01, 0x01, 0x01, 0x01,
    0x01, 0x00, 0x00, 0x10, 0xFF, 0x00, 0xF8, 0xFF, 0x08, 0xF8, 0xFF, 0x08, 0x08, 0xFF, 0x00, 0x08,
    0x00, 0xF8, 0xF8, 0xFF, 0x00, 0xF8, 0x01, 0x01, 0x01, 0x01, 0x01, 0x01, 0x01, 0x00, 0x00, 0x08,
    0xFF, 0x08, 0xF8, 0xFF, 0x08, 0x08, 0xFF, 0x00, 0x08, 0x00, 0xF8, 0xF8, 0xFF, 0x00, 0xF8, 0x01,
    0x01, 0x01, 0x01, 0x01, 0x01, 0x01, 0x01, 0x01, 0x01, 0x00, 0x10, 0x10, 0xFF, 0x00, 0xF8, 0xFF,
    0xF8, 0xF8, 0xFF, 0xF8, 0x08, 0xFF, 0x00, 0x08, 0xFF, 0x08, 0x00, 0xFF, 0x00, 0xF8, 0x01, 0x01,
    0x01, 0x01, 0x01, 0x01, 0x01, 0xFF, 0x10, 0x00, 0x00, 0xF8, 0x00, 0xFF, 0x00, 0x10, 0x00, 0x08,
    0x00, 0xFF, 0xF0, 0x00, 0x01, 0x01, 0x01, 0x01, 0x01, 0x01, 0x01, 0x01, 0x01, 0x01, 0x01, 0x01,
    0x01, 0xFF, 0x00, 0x10, 0x00, 0x00, 0xF8, 0xFF, 0x10, 0x00, 0x00, 0x00, 0xF8, 0xFF, 0x00, 0x10,
    0x01, 0x01, 0x01, 0x01, 0x01, 0x01, 0x01, 0x01, 0x01, 0x01, 0x01, 0x01, 0x01, 0x00, 0x08, 0x00,
    0xFF, 0xF8, 0x08, 0xFF, 0x08, 0x08, 0xFF, 0x08, 0x00, 0x01, 0x01, 0x01, 0x01, 0x01, 0x01, 0x01,
    0x01, 0x01, 0x01, 0x01, 0x01, 0x01, 0x01, 0x01, 0x01, 0xFF, 0x10, 0x00, 0x00, 0x00, 0x10, 0xFF,
    0xF8, 0xF0, 0xFF, 0xF8, 0x10, 0x01, 0x01, 0x01, 0x01, 0x01, 0x01, 0x01, 0x01, 0x01, 0x01, 0x01,
    0x01, 0x01, 0x01, 0x01, 0x01, 0x00, 0x00, 0x10, 0xFF, 0x00, 0xF0, 0xFF, 0x10, 0x00, 0x01, 0x01,
    0x01, 0x01, 0x01, 0x01, 0x01, 0x01, 0x01, 0x01, 0x01, 0x01, 0x01, 0x01, 0x01, 0x01, 0x01, 0x01,
    0x01, 0xFF, 0x10, 0x00, 0xFF, 0xF8, 0x08, 0xFF, 0x08, 0x08, 0xFF, 0xF0, 0x00, 0x01, 0x01, 0x01,
    0x01, 0x01, 0x01, 0x01, 0x01, 0x01, 0x01, 0x01, 0x01, 0x01, 0x01, 0x01, 0x01, 0xFF, 0x10, 0x00,
    0xFF, 0xF0, 0x10, 0xFF, 0x10, 0x00, 0x01, 0x01, 0x01, 0x01, 0x01, 0x01, 0x01, 0x01, 0x01, 0x01,
    0x01, 0x01, 0x01, 0x01, 0x01, 0x01, 0x01, 0x01, 0x01, 0xFF, 0x10, 0x00, 0xFF, 0x00, 0x10, 0xFF,
    0xF0, 0x00, 0xFF, 0x00, 0xF0, 0x01, 0x01, 0x01, 0x01, 0x01, 0x01, 0x01, 0x01, 0x01, 0x01, 0x01,
    0x01, 0x01, 0x01, 0x01, 0x01, 0xFF, 0x10, 0x00, 0xFF, 0x00, 0x10, 0xFF, 0xF8, 0x00, 0xFF, 0x00,
    0xF0, 0x01, 0x01, 0x01, 0x01, 0x01, 0x01, 0x01, 0x01, 0x01, 0x01, 0x01, 0x01, 0x01, 0x01, 0x01,
    0x01, 0xFF, 0x10, 0x00, 0xFF, 0x00, 0x10, 0xFF, 0xF0, 0x00, 0xFF, 0x00, 0xF0, 0x00, 0x08, 0x08,
    0xFF, 0xF8, 0x08, 0x01, 0x01, 0x01, 0x01, 0x01, 0x01, 0x01, 0x01, 0x01, 0x01, 0xFF, 0x10, 0x00,
    0xFF, 0x00, 0x10, 0xFF, 0xF8, 0x00, 0xFF, 0x00, 0xF0, 0xFF, 0xF8, 0x10, 0x01, 0x01, 0x01, 0x01,
    0x01, 0x01, 0x01, 0x01, 0x01, 0x01, 0x01, 0x01, 0x01, 0xFF, 0x00, 0x10, 0xFF, 0x08, 0x00, 0xFF,
    0x00, 0xF0, 0xFF, 0x08, 0x00, 0xFF, 0x00, 0x10, 0x01, 0x01, 0x01, 0x01, 0x01, 0x01, 0x01, 0x01,
    0x01, 0x01, 0x01, 0x01, 0x01, 0x00, 0x00, 0x08, 0xFF, 0x10, 0x00, 0x00, 0x00, 0xF8, 0xFF, 0x00,
    0x10, 0x01, 0x01, 0x01, 0x01, 0x01, 0x01, 0x01, 0x01, 0x01, 0x01, 0x01, 0x01, 0x01, 0x01, 0x01,
    0x01, 0x00, 0x10, 0x00, 0xFF, 0xF0, 0x00, 0xFF, 0x00, 0x10, 0xFF, 0x10, 0x00, 0x01, 0x01, 0x01,
    0x01, 0x01, 0x01, 0x01, 0x01, 0x01, 0x01, 0x01, 0x01, 0x01, 0x01, 0x01, 0x01, 0x00, 0x10, 0x00,
    0xFF, 0xF0, 0x08, 0xFF, 0x10, 0x08, 0x01, 0x01, 0x01, 0x01, 0x01, 0x01, 0x01, 0x01, 0x01, 0x01,
    0x01, 0x01, 0x01, 0x01, 0x01, 0x01, 0x01, 0x01, 0x01, 0x00, 0x10, 0x00, 0xFF, 0xF0, 0x00, 0xFF,
    0x08, 0x08, 0xFF, 0xF8, 0x08, 0xFF, 0x10, 0x00, 0x01, 0x01, 0x01, 0x01, 0x01, 0x01, 0x01, 0x01,
    0x01, 0x01, 0x01, 0x01, 0x01, 0xFF, 0x10, 0x10, 0x00, 0x00, 0xF0, 0xFF, 0xF0, 0x10, 0x01, 0x01,
    0x01, 0x01, 0x01, 0x01, 0x01, 0x01, 0x01, 0x01, 0x01, 0x01, 0x01, 0x01, 0x01, 0x01, 0x01, 0x01,
    0x01, 0x00, 0x00, 0x08, 0xFF, 0x08, 0x00, 0xFF, 0x08, 0xF8, 0x00, 0x00, 0x10, 0xFF, 0xF8, 0xF8,
    0x01, 0x01, 0x01, 0x01, 0x01, 0x01, 0x01, 0x01, 0x01, 0x01, 0x01, 0x01, 0x01, 0x00, 0x10, 0x00,
    0xFF, 0x00, 0x10, 0xFF, 0xF0, 0xF0, 0xFF, 0x00, 0x10, 0x01, 0x01, 0x01, 0x01, 0x01, 0x01, 0x01,
    0x01, 0x01, 0x01, 0x01, 0x01, 0x01, 0x01, 0x01, 0x01, 0xEC, 0xA4, 0xFD, 0xC8, 0x92, 0x31, 0x22,
    0xA6, 0xA4, 0x81, 0xFF, 0x27, 0x1D, 0x34, 0x02, 0x34, 0x20, 0x8E, 0xC8, 0x92, 0xBD, 0xF3, 0x0C,
    0xBD, 0x1E, 0x44, 0xFC, 0xC8, 0x92, 0xCB, 0x08, 0xFD, 0xC8, 0x92, 0x35, 0x20, 0x31, 0x21, 0x35,
    0x02, 0x20, 0xDD, 0x39, 0x8E, 0x1B, 0x41, 0xA6, 0xA4, 0x81, 0x20, 0x27, 0x13, 0x80, 0x40, 0x81,
    0x01, 0x27, 0x08, 0x30, 0x88, 0x1C, 0x4A, 0x81, 0x01, 0x26, 0xF8, 0xC6, 0x28, 0xBD, 0xF4, 0x0E,
    0xBD, 0xF3, 0x54, 0x39, 0x8E, 0x01, 0x20, 0xBF, 0xCA, 0xB4, 0x86, 0x01, 0xB7, 0xC9, 0x08, 0xBD,
    0xF1, 0x92, 0xBD, 0x08, 0x21, 0x7D, 0xC8, 0x13, 0x27, 0x06, 0xB6, 0xC9, 0x08, 0x26, 0x04, 0x39,
    0x7F, 0xC9, 0x08, 0xBD, 0x08, 0x60, 0xBE, 0xCA, 0xB4, 0x8C, 0x00, 0x10, 0x2B, 0x7C, 0x8C, 0x01,
    0x10, 0x2A, 0x77, 0xB6, 0xC9, 0x67, 0x27, 0x11, 0x86, 0x60, 0xBD, 0xF2, 0xAB, 0x10, 0x8E, 0x1F,
    0x52, 0xBD, 0x1E, 0x19, 0x7A, 0xC9, 0x67, 0x20, 0xC6, 0xBD, 0x19, 0xEE, 0x86, 0x40, 0xBD, 0xF2,
    0xAB, 0x10, 0x8E, 0x1F, 0x1D, 0xBD, 0x1E, 0x19, 0x10, 0x8E, 0x1F, 0x25, 0xBD, 0x1E, 0x19, 0x10,
    0x8E, 0x1F, 0x2D, 0xBD, 0x1E, 0x19, 0xFC, 0xC9, 0x62, 0x27, 0x3F, 0x83, 0x00, 0x01, 0xFD, 0xC9,
    0x62, 0xB6, 0xC9, 0x64, 0xBD, 0xF2, 0xAB, 0xB6, 0xC9, 0x64, 0xBB, 0xC9, 0x65, 0xB7, 0xC9, 0x64,
    0x81, 0x7E, 0x27, 0x06, 0x81, 0x50, 0x27, 0x02, 0x20, 0x07, 0xB6, 0xC9, 0x65, 0x40, 0xB7, 0xC9,
    0x65, 0x10, 0x8E, 0x1F, 0x46, 0xBD, 0x1E, 0x19, 0xFC, 0xC9, 0x62, 0x10, 0x83, 0x00, 0x00, 0x27,
    0x09, 0xCC, 0x00, 0x10, 0xFD, 0xCA, 0xB4, 0x7E, 0x1E, 0x6F, 0xBE, 0xCA, 0xB4, 0x30, 0x1F, 0xBF,
    0xCA, 0xB4, 0x8C, 0x00, 0x00, 0x10, 0x26, 0xFF, 0x56, 0x7F, 0xC9, 0x67, 0x39, 0x22, 0xED, 0x53,
    0x43, 0x4F, 0x52, 0x45, 0xFF, 0x02, 0xED, 0x53, 0x48, 0x49, 0x50, 0x53, 0xFF, 0xE2, 0xED, 0x4C,
    0x45, 0x56, 0x45, 0x4C, 0xFF, 0x58, 0xC4, 0x4C, 0x45, 0x56, 0x45, 0x4C, 0x20, 0x43, 0x4F, 0x4D,
    0x50, 0x4C, 0x45, 0x54, 0x45, 0xFF, 0xB0, 0xE0, 0x47, 0x41, 0x4D, 0x45, 0x20, 0x4F, 0x56, 0x45,
    0x52, 0xFF, 0x00, 0xB0, 0x53, 0x55, 0x50, 0x45, 0x52, 0x20, 0x42, 0x4F, 0x4E, 0x55, 0x53, 0x20,
    0x41, 0x57, 0x41, 0x52, 0x44, 0x45, 0x44, 0xFF, 0x8C, 0xCA, 0x84, 0x2B, 0x01, 0x39, 0xFC, 0xC9,
    0x5F, 0x26, 0x11, 0x7C, 0xC9, 0x5D, 0xB6, 0xC9, 0x5D, 0xB1, 0xC9, 0x5E, 0x26, 0x06, 0xCC, 0x00,
    0x01, 0xFD, 0xC9, 0x5F, 0xB6, 0xC9, 0x22, 0x27, 0x01, 0x39, 0x7A, 0xC9, 0x21, 0xB6, 0xC9, 0x21,
    0x26, 0x0D, 0x86, 0x01, 0xB7, 0xC9, 0x22, 0xBD, 0x1A, 0xF1, 0x86, 0x40, 0xB7, 0xC9, 0x26, 0x39,
    0xFF, 0x15, 0x00, 0x00, 0x00, 0x07, 0xFF, 0xEB, 0x00, 0xFF, 0x00, 0x07, 0xFF, 0x15, 0x00, 0xFF,
    0x00, 0xF9, 0x00, 0x00, 0x0E, 0xFF, 0xEB, 0x00, 0xFF, 0x00, 0x07, 0xFF, 0x15, 0x00, 0xFF, 0x00,
    0xF9, 0x00, 0x00, 0x0E, 0xFF, 0xEB, 0x00, 0xFF, 0x00, 0x07, 0xFF, 0x15, 0x00, 0xFF, 0x00, 0xF9,
    0x01, 0xFC, 0xC9, 0xDB, 0x26, 0x05, 0xFC, 0xC9, 0x5F, 0x27, 0x01, 0x39, 0xB6, 0xCA, 0x86, 0x27,
    0x01, 0x39, 0xBD, 0xF5, 0x11, 0x84, 0x3F, 0xB7, 0xC9, 0x28, 0x8E, 0xCA, 0x84, 0x86, 0x30, 0xBD,
    0x20, 0x35, 0x8E, 0xCA, 0x8F, 0xB6, 0xC9, 0x33, 0x26, 0x13, 0xBD, 0xF5, 0x11, 0xBD, 0xF5, 0x84,
    0x81, 0x30, 0x2B, 0x09, 0x86, 0x01, 0xB7, 0xC9, 0x33, 0xC6, 0x40, 0x20, 0x14, 0xBD, 0xF5, 0x11,
    0xBD, 0xF5, 0x84, 0xC6, 0x30, 0x81, 0x30, 0x2B, 0x08, 0xC6, 0x50, 0x81, 0x58, 0x2B, 0x02, 0xC6,
    0x60, 0x1F, 0x98, 0xBD, 0x20, 0x35, 0x8E, 0xCA, 0x9A, 0x86, 0x30, 0xBD, 0x20, 0x35, 0xCC, 0x01,
    0x40, 0xFD, 0xC9, 0x2F, 0x39, 0xA7, 0x02, 0xCC, 0x00, 0x00, 0xED, 0x84, 0x86, 0x01, 0xA7, 0x03,
    0x86, 0x00, 0xA7, 0x04, 0xA7, 0x05, 0xA7, 0x08, 0xA7, 0x09, 0xA7, 0x0A, 0x86, 0x30, 0xA7, 0x05,
    0xB6, 0xC9, 0x28, 0xA7, 0x06, 0x86, 0x00, 0xA7, 0x07, 0x7C, 0xC9, 0x28, 0x7C, 0xC9, 0x28, 0x7C,
    0xC9, 0x28, 0x7C, 0xC9, 0x28, 0x7C, 0xC9, 0x28, 0x39, 0xDC, 0xDC, 0x1B, 0x24, 0xE5, 0x24, 0x48,
    0xB8, 0xE5, 0x24, 0x1B, 0x24, 0xDC, 0xDC, 0xD2, 0xED, 0x26, 0x16, 0xF5, 0x2B, 0x26, 0xA4, 0xF5,
    0x2B, 0x26, 0x16, 0xD2, 0xED, 0xCE, 0x00, 0x2C, 0x06, 0x06, 0x2C, 0x00, 0x9C, 0x06, 0x2C, 0x2C,
    0x06, 0xCE, 0x00, 0xD1, 0x13, 0x2C, 0xF5, 0x16, 0x27, 0xDA, 0xA2, 0x16, 0x27, 0x2C, 0xF5, 0xD1,
    0x13, 0xDD, 0x23, 0x23, 0xE5, 0x23, 0x1B, 0xBA, 0xBA, 0x23, 0x1B, 0x23, 0xE5, 0xDD, 0x23, 0xED,
    0x2E, 0x16, 0xDA, 0x2B, 0x0B, 0xA4, 0xDA, 0x2B, 0x0B, 0x16, 0xDA, 0xED, 0x2E, 0x00, 0x32, 0x06,
    0xD4, 0x2C, 0xFA, 0x9C, 0x00, 0x2C, 0xFA, 0x06, 0xD4, 0x00, 0x32, 0x13, 0x2F, 0xF5, 0xD4, 0x27,
    0xEA, 0xA2, 0x26, 0x27, 0xEA, 0xF5, 0xD4, 0x13, 0x2F, 0x23, 0x23, 0xE5, 0xDD, 0x1B, 0xDD, 0xBA,
    0x46, 0x1B, 0xDD, 0xE5, 0xDD, 0x23, 0x23, 0x2E, 0x13, 0xDA, 0xEA, 0x0B, 0xD5, 0xDA, 0x5C, 0x0B,
    0xD5, 0xDA, 0xEA, 0x2E, 0x13, 0x32, 0x00, 0xD4, 0xFA, 0xFA, 0xD4, 0x00, 0x64, 0xFA, 0xD4, 0xD4,
    0xFA, 0x32, 0x00, 0x2F, 0xED, 0xD4, 0x0B, 0xEA, 0xD9, 0x26, 0x5E, 0xEA, 0xD9, 0xD4, 0x0B, 0x2F,
    0xED, 0x23, 0xDD, 0xDD, 0x1B, 0xDD, 0xE5, 0x46, 0x46, 0xDD, 0xE5, 0xDD, 0x1B, 0x23, 0xDD, 0x13,
    0xD2, 0xEA, 0x26, 0xD5, 0xF5, 0x5C, 0x26, 0xD5, 0xF5, 0xEA, 0x26, 0x13, 0xD2, 0x00, 0xCE, 0xFA,
    0x2C, 0xD4, 0x06, 0x64, 0x00, 0xD4, 0x06, 0xFA, 0x2C, 0x00, 0xCE, 0xED, 0xD1, 0x0B, 0x2C, 0xD9,
    0x16, 0x5E, 0xDA, 0xD9, 0x16, 0x0B, 0x2C, 0xED, 0xD1, 0x2A, 0x1C, 0xC8, 0x1C, 0xD6, 0xD6, 0x2A,
    0xBA, 0x46, 0x1C, 0xC8, 0x1C, 0x2E, 0x13, 0xCF, 0x26, 0xCF, 0xDF, 0x1C, 0xB4, 0x49, 0x0E, 0xCF,
    0x26, 0x31, 0x0A, 0xD6, 0x2E, 0xCB, 0xE9, 0x0D, 0xB1, 0x4A, 0x00, 0xD7, 0x2E, 0x31, 0x00, 0xE1,
    0x36, 0xC8, 0xF3, 0xFD, 0xB1, 0x48, 0xF1, 0xE1, 0x35, 0x31, 0xF7, 0xEC, 0x3A, 0xC6, 0x00, 0xEC,
    0xB2, 0x44, 0xE3, 0xED, 0x3A, 0x2E, 0xED, 0xF8, 0x3D, 0xC7, 0x0B, 0xDE, 0xB8, 0x3C, 0xD6, 0xF9,
    0x3D, 0x2A, 0xE5, 0x04, 0x3D, 0xCA, 0x16, 0xD0, 0xC0, 0x35, 0xCA, 0x03, 0x3E, 0x23, 0xDD, 0x10,
    0x3B, 0xCF, 0x21, 0xC5, 0xC9, 0x2A, 0xC3, 0x0F, 0x3B, 0x1B, 0xD7, 0x1C, 0x36, 0xD6, 0x2A, 0xBC,
    0xD6, 0x1C, 0xBC, 0x1B, 0x37, 0x13, 0xD2, 0x26, 0x31, 0xDF, 0x31, 0xB4, 0xE4, 0x0E, 0xB7, 0x26,
    0x31, 0x0A, 0xCF, 0x2E, 0x2A, 0xE9, 0x35, 0xB1, 0xF3, 0x00, 0xB6, 0x2E, 0x29, 0x00, 0xCF, 0x36,
    0x1F, 0xF3, 0x38, 0xB1, 0x03, 0xF1, 0xB8, 0x35, 0x1F, 0xF7, 0xCF, 0x3A, 0x14, 0x00, 0x3A, 0xB2,
    0x14, 0xE3, 0xBC, 0x3A, 0x13, 0xED, 0xD2, 0x3D, 0x08, 0x0B, 0x39, 0xB8, 0x22, 0xD6, 0xC4, 0x3D,
    0x07, 0xE5, 0xD6, 0x3D, 0xFC, 0x16, 0x36, 0xC0, 0x30, 0xCA, 0xCB, 0x3E, 0xFD, 0xDD, 0xDD, 0x3B,
    0xF0, 0x21, 0x31, 0xC9, 0x3B, 0xC3, 0xD6, 0x3B, 0xF1, 0xD7, 0xE5, 0x36, 0xE4, 0x2A, 0x2A, 0xD6,
    0x44, 0xBC, 0xE4, 0x37, 0xE5, 0xD2, 0xED, 0x31, 0xDA, 0x31, 0x21, 0xE4, 0x4C, 0xB7, 0xF2, 0x31,
    0xDA, 0xCF, 0xF6, 0x2A, 0xD2, 0x35, 0x17, 0xF3, 0x4F, 0xB6, 0x00, 0x29, 0xD2, 0xCF, 0x00, 0x1F,
    0xCA, 0x38, 0x0D, 0x03, 0x4F, 0xB8, 0x0F, 0x1F, 0xCB, 0xCF, 0x09, 0x14, 0xC6, 0x3A, 0x00, 0x14,
    0x4E, 0xBC, 0x1D, 0x13, 0xC6, 0xD2, 0x13, 0x08, 0xC3, 0x39, 0xF5, 0x22, 0x48, 0xC4, 0x2A, 0x07,
    0xC3, 0xD6, 0x1B, 0xFC, 0xC3, 0x36, 0xEA, 0x30, 0x40, 0xCB, 0x36, 0xFD, 0xC2, 0xDD, 0x23, 0xF0,
    0xC5, 0x31, 0xDF, 0x3B, 0x37, 0xD6, 0x3D, 0xF1, 0xC5, 0xE5, 0x29, 0xE4, 0xCA, 0x2A, 0xD6, 0x44,
    0x2A, 0xE4, 0x44, 0xE5, 0xC9, 0xED, 0x2E, 0xDA, 0xCF, 0x21, 0xCF, 0x4C, 0x1C, 0xF2, 0x49, 0xDA,
    0xCF, 0xF6, 0x31, 0xD2, 0xD6, 0x17, 0xCB, 0x4F, 0x0D, 0x00, 0x4A, 0xD2, 0xD7, 0x00, 0x31, 0xCA,
    0xE1, 0x0D, 0xC8, 0x4F, 0xFD, 0x0F, 0x48, 0xCB, 0xE1, 0x09, 0x31, 0xC6, 0xEC, 0x00, 0xC6, 0x4E,
    0xEC, 0x1D, 0x44, 0xC6, 0xED, 0x13, 0x2E, 0xC3, 0xF8, 0xF5, 0xC7, 0x48, 0xDE, 0x2A, 0x3C, 0xC3,
    0xF9, 0x1B, 0x2A, 0xC3, 0x04, 0xEA, 0xCA, 0x40, 0xD0, 0x36, 0x35, 0xC2, 0x03, 0x23, 0x23, 0xC5,
    0x10, 0xDF, 0xCF, 0x37, 0xC5, 0x3D, 0x2A, 0xC5, 0x0F, 0x0E, 0xF2, 0x3F, 0x0E, 0xC1, 0x0E, 0xF2,
    0xF2, 0x00, 0x15, 0xCF, 0x2A, 0x1C, 0xC8, 0x15, 0xF9, 0x00, 0xEB, 0xCF, 0xD6, 0x1C, 0x38, 0x15,
    0x07, 0x0B, 0xF0, 0x40, 0x02, 0xC5, 0x19, 0xF0, 0xF5, 0x03, 0x14, 0xD9, 0x33, 0x11, 0xC3, 0x13,
    0xF6, 0xFD, 0xEC, 0xC8, 0xE0, 0x26, 0x32, 0x15, 0x02, 0x07, 0xEE, 0x3F, 0xF6, 0xCC, 0x23, 0xEE,
    0xF9, 0x07, 0x13, 0xE4, 0x39, 0x05, 0xC2, 0x10, 0xF2, 0xF9, 0xED, 0xC3, 0xEC, 0x2F, 0x28, 0x15,
    0xFF, 0x04, 0xED, 0x3B, 0xEA, 0xD4, 0x2D, 0xED, 0xFC, 0x0B, 0x11, 0xEF, 0x3D, 0xF9, 0xC3, 0x0D,
    0xEF, 0xF5, 0xEF, 0xC1, 0xF8, 0x35, 0x1E, 0x15, 0xFB, 0x00, 0xED, 0x35, 0xDE, 0xDE, 0x35, 0xED,
    0x00, 0x0E, 0x0E, 0xFB, 0x40, 0xEE, 0xC5, 0x09, 0xED, 0xF2, 0xF2, 0xC0, 0x05, 0x3B, 0x12, 0x13,
    0xF7, 0xFD, 0xED, 0x2D, 0xD4, 0xE9, 0x3C, 0xED, 0x03, 0x11, 0x0B, 0x07, 0x3F, 0xE3, 0xCB, 0x05,
    0xEB, 0xEF, 0xF5, 0xC3, 0x10, 0x3D, 0x08, 0x11, 0xF3, 0xF9, 0xEE, 0x25, 0xCC, 0xF4, 0x3F, 0xEE,
    0x07, 0x13, 0x08, 0x13, 0x3D, 0xD9, 0xD1, 0x01, 0xEA, 0xED, 0xF8, 0xC6, 0x1C, 0x3F, 0xFC, 0x0E,
    0xF0, 0xF6, 0xF0, 0x19, 0xC6, 0x01, 0x40, 0xF0, 0x0A, 0x14, 0x04, 0x1F, 0x38, 0xCF, 0xD9, 0xFE,
    0xEB, 0xEC, 0xFC, 0xCE, 0x26, 0x3C, 0xF0, 0x0A, 0xEE, 0xF3, 0xF3, 0x0D, 0xC1, 0x0D, 0x3F, 0xF3,
    0x0D, 0x14, 0x00, 0x2A, 0x30, 0xC8, 0xE4, 0xFA, 0xEC, 0xEC, 0x00, 0xD6, 0x30, 0x38, 0xE4, 0x06,
    0xEC, 0xF0, 0xF5, 0x02, 0xC0, 0x19, 0x3B, 0xF5, 0x10, 0x14, 0xFD, 0x33, 0x27, 0xC3, 0xEF, 0xF6,
    0xED, 0xEC, 0x03, 0xE0, 0x38, 0x32, 0xDA, 0x02, 0xEB, 0xEE, 0xF9, 0xF6, 0xC1, 0x23, 0x34, 0xF9,
    0x12, 0x13, 0xF9, 0x39, 0x1C, 0xC2, 0xFB, 0xF2, 0xF0, 0xED, 0x07, 0xEC, 0x3D, 0x28, 0xD1, 0xFF,
    0xEB, 0xED, 0xFC, 0xEA, 0xC5, 0x2D, 0x2C, 0xFC, 0x13, 0x11, 0xF5, 0x3D, 0x11, 0xC3, 0x07, 0xEF,
    0xF3, 0xEF, 0x0B, 0xF8, 0x3F, 0x1E, 0xCB, 0xFB, 0xEB, 0xED, 0x00, 0xDE, 0xCB, 0x35, 0x22, 0x00,
    0x13, 0x0E, 0xF2, 0x40, 0x05, 0xC5, 0x12, 0xED, 0xF7, 0xF2, 0x0E, 0x05, 0x40, 0x12, 0xC5, 0xF7,
    0xED, 0xED, 0x03, 0xD4, 0xD3, 0x3C, 0x17, 0x03, 0x13, 0x0B, 0xEF, 0x3F, 0xF9, 0xCB, 0x1D, 0xEB,
    0xFB, 0xF5, 0x11, 0x10, 0x3D, 0x08, 0xC3, 0xF3, 0xEF, 0xEE, 0x07, 0xCC, 0xDB, 0x3F, 0x0C, 0x07,
    0x12, 0x08, 0xED, 0x3D, 0xED, 0xD1, 0x27, 0xEA, 0xFF, 0xF8, 0x13, 0x1C, 0x3A, 0xFC, 0xC1, 0xF0,
    0xF2, 0xF0, 0x0A, 0xC6, 0xE7, 0x40, 0xFF, 0x0A, 0x10, 0x04, 0xEC, 0x38, 0xE1, 0xD9, 0x31, 0xEB,
    0x02, 0xFC, 0x14, 0x26, 0x32, 0xF0, 0xC4, 0xEE, 0xF6, 0xF3, 0x0D, 0xC1, 0xF3, 0x3F, 0xF3, 0x0D,
    0x0D, 0x00, 0xEC, 0x30, 0xD6, 0xE4, 0x38, 0xEC, 0x06, 0x00, 0x14, 0x30, 0x2A, 0xE4, 0xC8, 0xEC,
    0xFA, 0xF5, 0x10, 0xC0, 0xFE, 0x3B, 0xE7, 0x10, 0x0B, 0xFD, 0xEC, 0x27, 0xCD, 0xEF, 0x3D, 0xED,
    0x0A, 0x03, 0x14, 0x38, 0x20, 0xDA, 0xCE, 0xEB, 0xFE, 0xF9, 0x12, 0xC1, 0x0A, 0x34, 0xDD, 0x12,
    0x07, 0xF9, 0xED, 0x1C, 0xC7, 0xFB, 0x3E, 0xF0, 0x0E, 0x07, 0x13, 0x3D, 0x14, 0xD1, 0xD8, 0xEB,
    0x01, 0xFC, 0x13, 0xC5, 0x16, 0x2C, 0xD3, 0x13, 0x04, 0xF5, 0xEF, 0x11, 0xC3, 0x07, 0x3D, 0xF3,
    0x11, 0x0B, 0x11, 0x3F, 0x08, 0xCB, 0xE2, 0xEB, 0x05, 0x00, 0x13, 0xCB, 0x22, 0x22, 0xCB, 0x13,
    0x00, 0xF2, 0xF2, 0x05, 0xC0, 0x12, 0x3B, 0xF7, 0x13, 0x0E, 0x0E, 0x40, 0xFB, 0xC5, 0xEE, 0xED,
    0x09, 0x03, 0x13, 0xD3, 0x2C, 0x17, 0xC4, 0x13, 0xFD, 0xEF, 0xF5, 0xF9, 0xC1, 0x1D, 0x35, 0xFB,
    0x15, 0x11, 0x0B, 0x3D, 0xF0, 0xC3, 0xF8, 0xEF, 0x0D, 0x07, 0x12, 0xDB, 0x34, 0x0C, 0xC1, 0x12,
    0xF9, 0xED, 0xF8, 0xED, 0xC3, 0x27, 0x2F, 0xFF, 0x16, 0x13, 0x08, 0x3A, 0xE4, 0xC1, 0x04, 0xF2,
    0x10, 0x0A, 0x10, 0xE7, 0x3A, 0xFF, 0xC0, 0x10, 0xF6, 0xEC, 0xFC, 0xE1, 0xC8, 0x31, 0x27, 0x02,
    0x15, 0x14, 0x04, 0x32, 0xDA, 0xC4, 0x10, 0xF6, 0x12, 0x0D, 0x0D, 0xF3, 0x3F, 0xF3, 0xC1, 0x0D,
    0xF3, 0xEC, 0x00, 0xD6, 0xD0, 0x38, 0x1C, 0x06, 0x14, 0x14, 0x00, 0x2A, 0xD0, 0xC8, 0x1C, 0xFA,
    0x14, 0x10, 0x0B, 0xFE, 0x40, 0xE7, 0xC5, 0x0B, 0xF0, 0xEC, 0x03, 0xCD, 0xD9, 0x3D, 0x11, 0x0A,
    0x13, 0x14, 0xFD, 0x20, 0xC8, 0xCE, 0x26, 0xFE, 0x15, 0x12, 0x07, 0x0A, 0x3F, 0xDD, 0xCC, 0x07,
    0xEE, 0xED, 0x07, 0xC7, 0xE4, 0x3E, 0x05, 0x0E, 0x10, 0x13, 0xF9, 0x14, 0xC3, 0xD8, 0x2F, 0x01,
    0x15, 0x13, 0x04, 0x16, 0x3B, 0xD3, 0xD4, 0x04, 0xED, 0xEF, 0x0B, 0xC3, 0xEF, 0x3D, 0xF9, 0x11,
    0x0D, 0x11, 0xF5, 0x08, 0xC1, 0xE2, 0x35, 0x05, 0x15, 0x13, 0x00, 0x22, 0x35, 0xCB, 0xDE, 0x00,
    0xED, 0xF2, 0x0E, 0xC0, 0xFB, 0x3B, 0xEE, 0x13, 0x09, 0x0E, 0xF2, 0xFB, 0xC0, 0xEE, 0x3B, 0x09,
    0x13, 0x13, 0xFD, 0x2C, 0x2D, 0xC4, 0xE9, 0xFD, 0xED, 0xF5, 0x11, 0xC1, 0x07, 0x35, 0xE3, 0x15,
    0x05, 0x0B, 0xEF, 0xF0, 0xC3, 0xF8, 0x3D, 0x0D, 0x11, 0x12, 0xF9, 0x34, 0x25, 0xC1, 0xF4, 0xF9,
    0xEE, 0xF8, 0x13, 0xC3, 0x13, 0x2F, 0xD9, 0x16, 0x01, 0x08, 0xED, 0xE4, 0xC6, 0x04, 0x3F, 0x10,
    0x0E, 0x10, 0xF6, 0x3A, 0x19, 0xC0, 0x01, 0xF6, 0xF0, 0xFC, 0x14, 0xC8, 0x1F, 0x27, 0xCF, 0x15,
    0xFE, 0x04, 0xEC, 0xDA, 0xCE, 0x10, 0x3C, 0x12, 0x0A, 0x10, 0xF0, 0x00, 0x20, 0xE0, 0xE0, 0x00,
    0x20, 0x10, 0xF0, 0x0C, 0xEE, 0x06, 0x1E, 0xDC, 0xE8, 0x06, 0x1E, 0x0C, 0xEE, 0x08, 0xEC, 0x0C,
    0x1C, 0xD8, 0xF0, 0x0C, 0x1C, 0x08, 0xEC, 0x04, 0xEB, 0x11, 0x19, 0xD6, 0xF8, 0x11, 0x19, 0x04,
    0xEB, 0x00, 0xEA, 0x16, 0x16, 0xD4, 0x00, 0x16, 0x16, 0x00, 0xEA, 0xFC, 0xEB, 0x19, 0x11, 0xD6,
    0x08, 0x19, 0x11, 0xFC, 0xEB, 0xF8, 0xEC, 0x1C, 0x0C, 0xD8, 0x10, 0x1C, 0x0C, 0xF8, 0xEC, 0xF4,
    0xEE, 0x1E, 0x06, 0xDC, 0x18, 0x1E, 0x06, 0xF4, 0xEE, 0xF1, 0xF1, 0x1E, 0x00, 0xE2, 0x1E, 0x1E,
    0x00, 0xF1, 0xF1, 0xEE, 0xF4, 0x1E, 0xFA, 0xE8, 0x24, 0x1E, 0xFA, 0xEE, 0xF4, 0xEC, 0xF8, 0x1C,
    0xF4, 0xF0, 0x28, 0x1C, 0xF4, 0xEC, 0xF8, 0xEB, 0xFC, 0x19, 0xEF, 0xF8, 0x2A, 0x19, 0xEF, 0xEB,
    0xFC, 0xEA, 0x00, 0x16, 0xEA, 0x00, 0x2C, 0x16, 0xEA, 0xEA, 0x00, 0xEB, 0x04, 0x11, 0xE7, 0x08,
    0x2A, 0x11, 0xE7, 0xEB, 0x04, 0xEC, 0x08, 0x0C, 0xE4, 0x10, 0x28, 0x0C, 0xE4, 0xEC, 0x08, 0xEE,
    0x0C, 0x06, 0xE2, 0x18, 0x24, 0x06, 0xE2, 0xEE, 0x0C, 0xF1, 0x0F, 0x00, 0xE2, 0x1E, 0x1E, 0x00,
    0xE2, 0xF1, 0x0F, 0xF4, 0x12, 0xFA, 0xE2, 0x24, 0x18, 0xFA, 0xE2, 0xF4, 0x12, 0xF8, 0x14, 0xF4,
    0xE4, 0x28, 0x10, 0xF4, 0xE4, 0xF8, 0x14, 0xFC, 0x15, 0xEF, 0xE7, 0x2A, 0x08, 0xEF, 0xE7, 0xFC,
    0x15, 0x00, 0x16, 0xEA, 0xEA, 0x2C, 0x00, 0xEA, 0xEA, 0x00, 0x16, 0x04, 0x15, 0xE7, 0xEF, 0x2A,
    0xF8, 0xE7, 0xEF, 0x04, 0x15, 0x08, 0x14, 0xE4, 0xF4, 0x28, 0xF0, 0xE4, 0xF4, 0x08, 0x14, 0x0C,
    0x12, 0xE2, 0xFA, 0x24, 0xE8, 0xE2, 0xFA, 0x0C, 0x12, 0x0F, 0x0F, 0xE2, 0x00, 0x1E, 0xE2, 0xE2,
    0x00, 0x0F, 0x0F, 0x12, 0x0C, 0xE2, 0x06, 0x18, 0xDC, 0xE2, 0x06, 0x12, 0x0C, 0x14, 0x08, 0xE4,
    0x0C, 0x10, 0xD8, 0xE4, 0x0C, 0x14, 0x08, 0x15, 0x04, 0xE7, 0x11, 0x08, 0xD6, 0xE7, 0x11, 0x15,
    0x04, 0x16, 0x00, 0xEA, 0x16, 0x00, 0xD4, 0xEA, 0x16, 0x16, 0x00, 0x15, 0xFC, 0xEF, 0x19, 0xF8,
    0xD6, 0xEF, 0x19, 0x15, 0xFC, 0x14, 0xF8, 0xF4, 0x1C, 0xF0, 0xD8, 0xF4, 0x1C, 0x14, 0xF8, 0x12,
    0xF4, 0xFA, 0x1E, 0xE8, 0xDC, 0xFA, 0x1E, 0x12, 0xF4, 0xF0, 0xF0, 0x08, 0xF8, 0x10, 0x00, 0x08,
    0x08, 0xE0, 0x20, 0x08, 0x08, 0x10, 0x00, 0x08, 0xF8, 0xF0, 0xF0, 0xEE, 0xF4, 0x06, 0xF6, 0x0F,
    0xFD, 0x09, 0x07, 0xE8, 0x24, 0x09, 0x07, 0x0F, 0xFD, 0x06, 0xF6, 0xEE, 0xF4, 0xEC, 0xF8, 0x04,
    0xF5, 0x0F, 0xFA, 0x09, 0x05, 0xF0, 0x28, 0x09, 0x05, 0x0F, 0xFA, 0x04, 0xF5, 0xEC, 0xF8, 0xEB,
    0xFC, 0x02, 0xF5, 0x0D, 0xF7, 0x0A, 0x03, 0xF8, 0x2A, 0x0A, 0x03, 0x0D, 0xF7, 0x02, 0xF5, 0xEB,
    0xFC, 0xEA, 0x00, 0x00, 0xF5, 0x0B, 0xF5, 0x0B, 0x00, 0x00, 0x2C, 0x0B, 0x00, 0x0B, 0xF5, 0x00,
    0xF5, 0xEA, 0x00, 0xEB, 0x04, 0xFD, 0xF6, 0x09, 0xF3, 0x0B, 0xFE, 0x08, 0x2A, 0x0B, 0xFE, 0x09,
    0xF3, 0xFD, 0xF6, 0xEB, 0x04, 0xEC, 0x08, 0xFB, 0xF6, 0x07, 0xF2, 0x0A, 0xFC, 0x10, 0x28, 0x0A,
    0xFC, 0x07, 0xF2, 0xFB, 0xF6, 0xEC, 0x08, 0xEE, 0x0C, 0xFA, 0xF6, 0x03, 0xF2, 0x09, 0xFA, 0x18,
    0x24, 0x09, 0xFA, 0x03, 0xF2, 0xFA, 0xF6, 0xEE, 0x0C, 0xF1, 0x0F, 0xF8, 0xF8, 0x00, 0xF2, 0x08,
    0xF8, 0x1E, 0x1E, 0x08, 0xF8, 0x00, 0xF2, 0xF8, 0xF8, 0xF1, 0x0F, 0xF4, 0x12, 0xF6, 0xFA, 0xFD,
    0xF1, 0x07, 0xF7, 0x24, 0x18, 0x07, 0xF7, 0xFD, 0xF1, 0xF6, 0xFA, 0xF4, 0x12, 0xF8, 0x14, 0xF5,
    0xFC, 0xFA, 0xF1, 0x05, 0xF7, 0x28, 0x10, 0x05, 0xF7, 0xFA, 0xF1, 0xF5, 0xFC, 0xF8, 0x14, 0xFC,
    0x15, 0xF5, 0xFE, 0xF7, 0xF3, 0x03, 0xF6, 0x2A, 0x08, 0x03, 0xF6, 0xF7, 0xF3, 0xF5, 0xFE, 0xFC,
    0x15, 0x00, 0x16, 0xF5, 0x00, 0xF5, 0xF5, 0x00, 0xF5, 0x2C, 0x00, 0x00, 0xF5, 0xF5, 0xF5, 0xF5,
    0x00, 0x00, 0x16, 0x04, 0x15, 0xF6, 0x03, 0xF3, 0xF7, 0xFE, 0xF5, 0x2A, 0xF8, 0xFE, 0xF5, 0xF3,
    0xF7, 0xF6, 0x03, 0x04, 0x15, 0x08, 0x14, 0xF6, 0x05, 0xF2, 0xF9, 0xFC, 0xF6, 0x28, 0xF0, 0xFC,
    0xF6, 0xF2, 0xF9, 0xF6, 0x05, 0x08, 0x14, 0x0C, 0x12, 0xF6, 0x06, 0xF2, 0xFD, 0xFA, 0xF7, 0x24,
    0xE8, 0xFA, 0xF7, 0xF2, 0xFD, 0xF6, 0x06, 0x0C, 0x12, 0x0F, 0x0F, 0xF8, 0x08, 0xF2, 0x00, 0xF8,
    0xF8, 0x1E, 0xE2, 0xF8, 0xF8, 0xF2, 0x00, 0xF8, 0x08, 0x0F, 0x0F, 0x12, 0x0C, 0xFA, 0x0A, 0xF1,
    0x03, 0xF7, 0xF9, 0x18, 0xDC, 0xF7, 0xF9, 0xF1, 0x03, 0xFA, 0x0A, 0x12, 0x0C, 0x14, 0x08, 0xFC,
    0x0B, 0xF1, 0x06, 0xF7, 0xFB, 0x10, 0xD8, 0xF7, 0xFB, 0xF1, 0x06, 0xFC, 0x0B, 0x14, 0x08, 0x15,
    0x04, 0xFE, 0x0B, 0xF3, 0x09, 0xF6, 0xFD, 0x08, 0xD6, 0xF6, 0xFD, 0xF3, 0x09, 0xFE, 0x0B, 0x15,
    0x04, 0x16, 0x00, 0x00, 0x0B, 0xF5, 0x0B, 0xF5, 0x00, 0x00, 0xD4, 0xF5, 0x00, 0xF5, 0x0B, 0x00,
    0x0B, 0x16, 0x00, 0x15, 0xFC, 0x03, 0x0A, 0xF7, 0x0D, 0xF5, 0x02, 0xF8, 0xD6, 0xF5, 0x02, 0xF7,
    0x0D, 0x03, 0x0A, 0x15, 0xFC, 0x14, 0xF8, 0x05, 0x0A, 0xF9, 0x0E, 0xF6, 0x04, 0xF0, 0xD8, 0xF6,
    0x04, 0xF9, 0x0E, 0x05, 0x0A, 0x14, 0xF8, 0x12, 0xF4, 0x06, 0x0A, 0xFD, 0x0E, 0xF7, 0x06, 0xE8,
    0xDC, 0xF7, 0x06, 0xFD, 0x0E, 0x06, 0x0A, 0x12, 0xF4, 0x0F, 0xF1, 0x08, 0x08, 0x00, 0x0E, 0xF8,
    0x08, 0xE2, 0xE2, 0xF8, 0x08, 0x00, 0x0E, 0x08, 0x08, 0x0F, 0xF1, 0x0C, 0xEE, 0x0A, 0x06, 0x03,
    0x0F, 0xF9, 0x09, 0xDC, 0xE8, 0xF9, 0x09, 0x03, 0x0F, 0x0A, 0x06, 0x0C, 0xEE, 0x08, 0xEC, 0x0B,
    0x04, 0x06, 0x0F, 0xFB, 0x09, 0xD8, 0xF0, 0xFB, 0x09, 0x06, 0x0F, 0x0B, 0x04, 0x08, 0xEC, 0x04,
    0xEB, 0x0B, 0x02, 0x09, 0x0D, 0xFD, 0x0A, 0xD6, 0xF8, 0xFD, 0x0A, 0x09, 0x0D, 0x0B, 0x02, 0x04,
    0xEB, 0x00, 0xEA, 0x0B, 0x00, 0x0B, 0x0B, 0x00, 0x0B, 0xD4, 0x00, 0x00, 0x0B, 0x0B, 0x0B, 0x0B,
    0x00, 0x00, 0xEA, 0xFC, 0xEB, 0x0A, 0xFD, 0x0D, 0x09, 0x02, 0x0B, 0xD6, 0x08, 0x02, 0x0B, 0x0D,
    0x09, 0x0A, 0xFD, 0xFC, 0xEB, 0xF8, 0xEC, 0x0A, 0xFB, 0x0E, 0x07, 0x04, 0x0A, 0xD8, 0x10, 0x04,
    0x0A, 0x0E, 0x07, 0x0A, 0xFB, 0xF8, 0xEC, 0xF4, 0xEE, 0x0A, 0xFA, 0x0E, 0x03, 0x06, 0x09, 0xDC,
    0x18, 0x06, 0x09, 0x0E, 0x03, 0x0A, 0xFA, 0xF4, 0xEE, 0x00, 0x04, 0x06, 0xFB, 0xF8, 0xFA, 0xF8,
    0x0A, 0x09, 0x09, 0x11, 0x04, 0x04, 0xEF, 0xF6, 0xEF, 0xE7, 0x04, 0xF7, 0x16, 0x17, 0x12, 0x00,
    0x03, 0x05, 0xFB, 0xF8, 0xFC, 0xFA, 0x0A, 0x0A, 0x07, 0x11, 0x01, 0x01, 0xF0, 0xF3, 0xF1, 0xE9,
    0x09, 0xFB, 0x16, 0x19, 0x0D, 0x01, 0x03, 0x04, 0xFA, 0xF7, 0xFE, 0xFC, 0x0B, 0x0B, 0x05, 0x11,
    0xFD, 0xFE, 0xF0, 0xF0, 0xF4, 0xEC, 0x0D, 0xFF, 0x17, 0x1B, 0x08, 0x02, 0x03, 0x02, 0xF9, 0xF7,
    0x00, 0xFF, 0x0B, 0x0B, 0x03, 0x10, 0xFA, 0xFB, 0xF1, 0xEF, 0xF7, 0xED, 0x11, 0x05, 0x16, 0x1C,
    0x03, 0x02, 0x02, 0x01, 0xFA, 0xF7, 0x01, 0x02, 0x0C, 0x0B, 0x00, 0x0F, 0xF7, 0xF7, 0xF2, 0xEE,
    0xFB, 0xF1, 0x13, 0x09, 0x16, 0x1C, 0xFC, 0x03, 0x02, 0xFF, 0xF9, 0xF8, 0x03, 0x03, 0x0B, 0x0C,
    0xFE, 0x0C, 0xF5, 0xF5, 0xF4, 0xED, 0xFE, 0xF6, 0x16, 0x0D, 0x14, 0x1A, 0xF7, 0x03, 0x01, 0xFE,
    0xFA, 0xF8, 0x05, 0x06, 0x0A, 0x0B, 0xFB, 0x0A, 0xF3, 0xF2, 0xF6, 0xEE, 0x02, 0xFA, 0x18, 0x10,
    0x11, 0x19, 0xF2, 0x03, 0x00, 0xFD, 0xFA, 0xF9, 0x06, 0x07, 0x0A, 0x0B, 0xF9, 0x07, 0xF1, 0xF1,
    0xF9, 0xEE, 0x06, 0xFF, 0x18, 0x12, 0x0D, 0x17, 0xEE, 0x03, 0x00, 0xFD, 0xFB, 0xFA, 0x06, 0x08,
    0x08, 0x09, 0xF7, 0x04, 0xF1, 0xF1, 0xFC, 0xEF, 0x0A, 0x04, 0x17, 0x14, 0x09, 0x12, 0xE9, 0x03,
    0x00, 0xFB, 0xFB, 0xFC, 0x08, 0x0A, 0x06, 0x07, 0xF6, 0x01, 0xEF, 0xF0, 0xFF, 0xF1, 0x0D, 0x09,
    0x17, 0x16, 0x05, 0x0D, 0xE7, 0x03, 0xFF, 0xFA, 0xFC, 0xFE, 0x09, 0x0B, 0x04, 0x05, 0xF5, 0xFD,
    0xEF, 0xF0, 0x02, 0xF4, 0x10, 0x0D, 0x14, 0x17, 0x01, 0x08, 0xE5, 0x03, 0xFE, 0xF9, 0xFE, 0x00,
    0x09, 0x0B, 0x01, 0x03, 0xF5, 0xFA, 0xF0, 0xF1, 0x05, 0xF7, 0x11, 0x11, 0x13, 0x16, 0xFB, 0x03,
    0xE4, 0x02, 0xFE, 0xFA, 0xFF, 0x01, 0x09, 0x0C, 0xFE, 0x00, 0xF5, 0xF7, 0xF1, 0xF2, 0x09, 0xFB,
    0x12, 0x13, 0x0F, 0x16, 0xF7, 0xFC, 0xE4, 0x02, 0xFD, 0xF9, 0x01, 0x03, 0x08, 0x0B, 0xFD, 0xFE,
    0xF4, 0xF5, 0xF4, 0xF4, 0x0B, 0xFE, 0x13, 0x16, 0x0A, 0x14, 0xF3, 0xF7, 0xE6, 0x01, 0xFD, 0xFA,
    0x02, 0x05, 0x08, 0x0A, 0xFA, 0xFB, 0xF5, 0xF3, 0xF6, 0xF6, 0x0E, 0x02, 0x12, 0x18, 0x06, 0x11,
    0xF0, 0xF2, 0xE7, 0x00, 0xFD, 0xFA, 0x03, 0x06, 0x07, 0x0A, 0xF9, 0xF9, 0xF5, 0xF1, 0xF9, 0xF9,
    0x0F, 0x06, 0x12, 0x18, 0x01, 0x0D, 0xEE, 0xEE, 0xE9, 0x00, 0xFD, 0xFB, 0x03, 0x06, 0x06, 0x08,
    0xF8, 0xF7, 0xF7, 0xF1, 0xFC, 0xFC, 0x0F, 0x0A, 0x11, 0x17, 0xFC, 0x09, 0xEC, 0xE9, 0xEE, 0x00,
    0xFD, 0xFB, 0x05, 0x08, 0x04, 0x06, 0xF6, 0xF6, 0xF9, 0xEF, 0xFF, 0xFF, 0x10, 0x0D, 0x0F, 0x17,
    0xF7, 0x05, 0xEA, 0xE7, 0xF3, 0xFF, 0xFD, 0xFC, 0x06, 0x09, 0x02, 0x04, 0xF5, 0xF5, 0xFB, 0xEF,
    0x03, 0x02, 0x10, 0x10, 0x0C, 0x14, 0xF3, 0x01, 0xE9, 0xE5, 0xF8, 0xFE, 0xFD, 0xFE, 0x07, 0x09,
    0x00, 0x01, 0xF5, 0xF5, 0xFD, 0xF0, 0x06, 0x05, 0x0F, 0x11, 0x09, 0x13, 0xEF, 0xFB, 0xEA, 0xE4,
    0xFD, 0xFE, 0xFE, 0xFF, 0x06, 0x09, 0xFF, 0xFE, 0xF4, 0xF5, 0x00, 0xF1, 0x09, 0x09, 0x0E, 0x12,
    0x05, 0x0F, 0xED, 0xF7, 0xEA, 0xE4, 0x04, 0xFD, 0xFE, 0x01, 0x07, 0x08, 0xFD, 0xFD, 0xF5, 0xF4,
    0x02, 0xF4, 0x0B, 0x0B, 0x0C, 0x13, 0x02, 0x0A, 0xEA, 0xF3, 0xEC, 0xE6, 0x09, 0xFD, 0xFF, 0x02,
    0x06, 0x08, 0xFB, 0xFA, 0xF6, 0xF5, 0x05, 0xF6, 0x0D, 0x0E, 0x0A, 0x12, 0xFE, 0x06, 0xE8, 0xF0,
    0xEF, 0xE7, 0x0E, 0xFD, 0x00, 0x03, 0x06, 0x07, 0xFA, 0xF9, 0xF6, 0xF5, 0x07, 0xF9, 0x0F, 0x0F,
    0x07, 0x12, 0xFA, 0x01, 0xE8, 0xEE, 0xF3, 0xE9, 0x12, 0xFD, 0x00, 0x03, 0x05, 0x06, 0xFA, 0xF8,
    0xF8, 0xF7, 0x09, 0xFC, 0x0F, 0x0F, 0x04, 0x11, 0xF6, 0xFC, 0xE9, 0xEC, 0xF7, 0xEE, 0x17, 0xFD,
    0x00, 0x05, 0x05, 0x04, 0xF8, 0xF6, 0xFA, 0xF9, 0x0A, 0xFF, 0x11, 0x10, 0x01, 0x0F, 0xF3, 0xF7,
    0xE9, 0xEA, 0xFB, 0xF3, 0x19, 0xFD, 0x01, 0x06, 0x04, 0x02, 0xF7, 0xF5, 0xFC, 0xFB, 0x0B, 0x03,
    0x11, 0x10, 0xFE, 0x0C, 0xF0, 0xF3, 0xEC, 0xE9, 0xFF, 0xF8, 0x1B, 0xFD, 0x02, 0x07, 0x02, 0x00,
    0xF7, 0xF5, 0xFF, 0xFD, 0x0B, 0x06, 0x10, 0x0F, 0xFB, 0x09, 0xEF, 0xEF, 0xED, 0xEA, 0x05, 0xFD,
    0x1C, 0xFE, 0x02, 0x06, 0x01, 0xFF, 0xF7, 0xF4, 0x02, 0x00, 0x0B, 0x09, 0x0F, 0x0E, 0xF7, 0x05,
    0xEE, 0xED, 0xF1, 0xEA, 0x09, 0x04, 0x1C, 0xFE, 0x03, 0x07, 0xFF, 0xFD, 0xF8, 0xF5, 0x03, 0x02,
    0x0C, 0x0B, 0x0C, 0x0C, 0xF5, 0x02, 0xED, 0xEA, 0xF6, 0xEC, 0x0D, 0x09, 0x1A, 0xFF, 0x03, 0x06,
    0xFE, 0xFB, 0xF8, 0xF6, 0x06, 0x05, 0x0B, 0x0D, 0x0A, 0x0A, 0xF2, 0xFE, 0xEE, 0xE8, 0xFA, 0xEF,
    0x10, 0x0E, 0x19, 0x00, 0x03, 0x06, 0xFD, 0xFA, 0xF9, 0xF6, 0x07, 0x07, 0x0B, 0x0F, 0x07, 0x07,
    0xF1, 0xFA, 0xEE, 0xE8, 0xFF, 0xF3, 0x12, 0x12, 0x17, 0x10, 0xFC, 0xDC, 0xFC, 0x24, 0xFC, 0x04,
    0x04, 0xFC, 0x04, 0x00, 0x08, 0x04, 0x04, 0xFC, 0x04, 0xDC, 0xFC, 0x24, 0xFC, 0xF0, 0xFC, 0x0E,
    0xFA, 0xDD, 0x02, 0x22, 0xF6, 0x05, 0x03, 0xFC, 0x05, 0x02, 0x06, 0x05, 0x04, 0xFC, 0x04, 0xDD,
    0x03, 0x22, 0xF5, 0xF0, 0x00, 0x0D, 0xF7, 0xDE, 0x09, 0x1F, 0xF0, 0x05, 0x02, 0xFE, 0x05, 0x03,
    0x07, 0x05, 0x02, 0xFE, 0x05, 0xDE, 0x09, 0x1F, 0xF0, 0xF0, 0x02, 0x0B, 0xF5, 0xE1, 0x0F, 0x1A,
    0xEA, 0x06, 0x01, 0xFF, 0x06, 0x04, 0x06, 0x05, 0x01, 0xFF, 0x05, 0xE1, 0x10, 0x1B, 0xEA, 0xF1,
    0x05, 0x08, 0xF2, 0xE5, 0x16, 0x15, 0xE5, 0x06, 0x00, 0x00, 0x05, 0x06, 0x06, 0x05, 0x00, 0x00,
    0x06, 0xE5, 0x15, 0x16, 0xE5, 0xF2, 0x08, 0x05, 0xF1, 0xEA, 0x1B, 0x10, 0xE1, 0x05, 0xFF, 0x01,
    0x05, 0x07, 0x05, 0x05, 0xFE, 0x01, 0x06, 0xEA, 0x1A, 0x10, 0xE2, 0xF4, 0x0A, 0x02, 0xF0, 0xEF,
    0x1F, 0x0B, 0xDE, 0x04, 0xFE, 0x02, 0x05, 0x07, 0x03, 0x06, 0xFE, 0x02, 0x05, 0xEF, 0x1F, 0x09,
    0xDE, 0xF7, 0x0D, 0x00, 0xF0, 0xF5, 0x21, 0x03, 0xDE, 0x05, 0xFC, 0x03, 0x05, 0x07, 0x02, 0x04,
    0xFD, 0x03, 0x04, 0xF5, 0x22, 0x04, 0xDD, 0xF9, 0x0E, 0xFD, 0xF1, 0xFC, 0x22, 0xFC, 0xDE, 0x04,
    0xFC, 0x04, 0x04, 0x06, 0x00, 0x04, 0xFC, 0x04, 0x04, 0xFC, 0x22, 0xFC, 0xDE, 0xFD, 0x0F, 0xFA,
    0xF2, 0x02, 0x23, 0xF6, 0xDE, 0x03, 0xFB, 0x05, 0x04, 0x06, 0xFE, 0x04, 0xFB, 0x04, 0x04, 0x03,
    0x23, 0xF5, 0xDE, 0x00, 0x10, 0xF7, 0xF3, 0x09, 0x22, 0xF0, 0xE1, 0x02, 0xFB, 0x05, 0x02, 0x07,
    0xFD, 0x02, 0xFB, 0x05, 0x02, 0x09, 0x22, 0xF0, 0xE1, 0x02, 0x10, 0xF5, 0xF5, 0x0F, 0x1F, 0xEA,
    0xE6, 0x01, 0xFA, 0x06, 0x01, 0x06, 0xFC, 0x01, 0xFB, 0x05, 0x01, 0x10, 0x1F, 0xEA, 0xE5, 0x05,
    0x0F, 0xF2, 0xF8, 0x16, 0x1B, 0xE5, 0xEB, 0x00, 0xFA, 0x05, 0x00, 0x06, 0xFA, 0x00, 0xFB, 0x06,
    0x00, 0x15, 0x1B, 0xE5, 0xEA, 0x08, 0x0E, 0xF1, 0xFB, 0x1B, 0x16, 0xE1, 0xF0, 0xFF, 0xFB, 0x05,
    0xFF, 0x05, 0xF9, 0xFE, 0xFB, 0x06, 0xFF, 0x1A, 0x16, 0xE2, 0xF0, 0x0A, 0x0C, 0xF0, 0xFE, 0x1F,
    0x11, 0xDE, 0xF5, 0xFE, 0xFC, 0x05, 0xFE, 0x03, 0xF9, 0xFE, 0xFA, 0x05, 0xFE, 0x1F, 0x11, 0xDE,
    0xF7, 0x0D, 0x09, 0xF0, 0x00, 0x21, 0x0B, 0xDE, 0xFD, 0xFC, 0xFB, 0x05, 0xFD, 0x02, 0xF9, 0xFD,
    0xFC, 0x04, 0xFD, 0x22, 0x0B, 0xDD, 0xFC, 0x0E, 0x07, 0xF1, 0x03, 0x22, 0x04, 0xDE, 0x04, 0xFC,
    0xFC, 0x04, 0xFC, 0x00, 0xFA, 0xFC, 0xFC, 0x04, 0xFC, 0x22, 0x04, 0xDE, 0x04, 0x0F, 0x03, 0xF2,
    0x06, 0x23, 0xFE, 0xDE, 0x0A, 0xFB, 0xFD, 0x04, 0xFB, 0xFE, 0xFA, 0xFB, 0xFC, 0x04, 0xFC, 0x23,
    0xFD, 0xDE, 0x0B, 0x10, 0x00, 0xF3, 0x09, 0x22, 0xF7, 0xE1, 0x10, 0xFB, 0xFE, 0x02, 0xFB, 0xFD,
    0xF9, 0xFB, 0xFE, 0x02, 0xFB, 0x22, 0xF7, 0xE1, 0x10, 0x10, 0xFE, 0xF5, 0x0B, 0x1F, 0xF1, 0xE6,
    0x16, 0xFA, 0xFF, 0x01, 0xFA, 0xFC, 0xFA, 0xFB, 0xFF, 0x01, 0xFB, 0x1F, 0xF0, 0xE5, 0x16, 0x0F,
    0xFB, 0xF8, 0x0E, 0x1B, 0xEA, 0xEB, 0x1B, 0xFA, 0x00, 0x00, 0xFB, 0xFA, 0xFA, 0xFB, 0x00, 0x00,
    0xFA, 0x1B, 0xEB, 0xEA, 0x1B, 0x0E, 0xF8, 0xFB, 0x0F, 0x16, 0xE5, 0xF0, 0x1F, 0xFB, 0x01, 0xFF,
    0xFB, 0xF9, 0xFB, 0xFB, 0x02, 0xFF, 0xFA, 0x16, 0xE6, 0xF0, 0x1E, 0x0C, 0xF6, 0xFE, 0x10, 0x11,
    0xE1, 0xF5, 0x22, 0xFC, 0x02, 0xFE, 0xFB, 0xF9, 0xFD, 0xFA, 0x02, 0xFE, 0xFB, 0x11, 0xE1, 0xF7,
    0x22, 0x09, 0xF3, 0x00, 0x10, 0x0B, 0xDF, 0xFD, 0x22, 0xFB, 0x04, 0xFD, 0xFB, 0xF9, 0xFE, 0xFC,
    0x03, 0xFD, 0xFC, 0x0B, 0xDE, 0xFC, 0x23, 0x07, 0xF2, 0x03, 0x0F, 0x04, 0xDE, 0x04, 0x22, 0xFC,
    0x04, 0xFC, 0xFC, 0xFA, 0x00, 0xFC, 0x04, 0xFC, 0xFC, 0x04, 0xDE, 0x04, 0x22, 0x03, 0xF1, 0x06,
    0x0E, 0xFE, 0xDD, 0x0A, 0x22, 0xFD, 0x05, 0xFB, 0xFC, 0xFA, 0x02, 0xFC, 0x05, 0xFC, 0xFC, 0xFD,
    0xDD, 0x0B, 0x22, 0x00, 0xF0, 0x09, 0x0D, 0xF7, 0xDE, 0x10, 0x1F, 0xFE, 0x05, 0xFB, 0xFE, 0xF9,
    0x03, 0xFE, 0x05, 0xFB, 0xFE, 0xF7, 0xDE, 0x10, 0x1F, 0xFE, 0xF0, 0x0B, 0x0B, 0xF1, 0xE1, 0x16,
    0x1A, 0xFF, 0x06, 0xFA, 0xFF, 0xFA, 0x04, 0xFF, 0x05, 0xFB, 0xFF, 0xF0, 0xE1, 0x16, 0x1B, 0xFB,
    0xF1, 0x0E, 0x08, 0xEA, 0xE5, 0x1B, 0x15, 0x00, 0x06, 0xFB, 0x00, 0xFA, 0x06, 0x00, 0x05, 0xFA,
    0x00, 0xEB, 0xE5, 0x1B, 0x16, 0xF8, 0xF2, 0x0F, 0x05, 0xE5, 0xEA, 0x1F, 0x10, 0x01, 0x05, 0xFB,
    0x01, 0xFB, 0x07, 0x02, 0x05, 0xFA, 0x01, 0xE6, 0xEA, 0x1E, 0x10, 0xF6, 0xF4, 0x10, 0x02, 0xE1,
    0xEF, 0x22, 0x0B, 0x02, 0x04, 0xFB, 0x02, 0xFD, 0x07, 0x02, 0x06, 0xFB, 0x02, 0xE1, 0xEF, 0x22,
    0x09, 0xF3, 0xF7, 0x10, 0x00, 0xDF, 0xF5, 0x22, 0x03, 0x04, 0x05, 0xFB, 0x03, 0xFE, 0x07, 0x03,
    0x04, 0xFC, 0x03, 0xDE, 0xF5, 0x23, 0x04, 0xF2, 0xF9, 0xA6, 0x02, 0x81, 0x40, 0x27, 0x18, 0x81,
    0x60, 0x27, 0x28, 0x81, 0x50, 0x26, 0x05, 0x86, 0xFF, 0xB7, 0xC9, 0x36, 0x86, 0x80, 0xA7, 0x02,
    0xBD, 0x1A, 0xE3, 0xBD, 0x3E, 0x1A, 0x39, 0xA6, 0x05, 0xB7, 0xC9, 0xDF, 0xA6, 0x06, 0xB7, 0xC9,
    0xE1, 0x86, 0x00, 0xA7, 0x02, 0x86, 0xF0, 0xB7, 0xC9, 0x5C, 0x39, 0xBD, 0x3E, 0x38, 0x86, 0x80,
    0xA7, 0x02, 0x10, 0x8E, 0xCA, 0x00, 0xA6, 0x22, 0x27, 0x21, 0x2B, 0x1F, 0x81, 0x20, 0x2B, 0x09,
    0xBD, 0x1A, 0xE3, 0x86, 0x80, 0xA7, 0x22, 0x20, 0x12, 0xBD, 0x1A, 0xD5, 0xBD, 0x1A, 0xD5, 0xEC,
    0xA4, 0xFD, 0xC9, 0x24, 0x86, 0x80, 0xA7, 0x22, 0xBD, 0x1F, 0x6E, 0x31, 0x2B, 0x10, 0x8C, 0xCA,
    0xB0, 0x26, 0xD3, 0x39, 0x7F, 0xC9, 0xE3, 0xB6, 0xCA, 0x86, 0x81, 0x20, 0x2A, 0x13, 0xB6, 0xCA,
    0x91, 0x81, 0x20, 0x2A, 0x0C, 0xB6, 0xCA, 0x9C, 0x81, 0x20, 0x2A, 0x05, 0x86, 0x02, 0xB7, 0xC9,
    0xE3, 0xBD, 0xF5, 0x11, 0xBD, 0xF5, 0x84, 0x81, 0x50, 0x2B, 0x06, 0x86, 0x01, 0xBB, 0xC9, 0xE3,
    0x39, 0x81, 0x28, 0x2B, 0x06, 0x86, 0x02, 0xBB, 0xC9, 0xE3, 0x39, 0x86, 0x03, 0xBB, 0xC9, 0xE3,
    0x39, 0x7F, 0xC9, 0x1F, 0x7F, 0xC9, 0x20, 0x4F, 0xB1, 0xC9, 0x2C, 0x27, 0x13, 0x7C, 0xC9, 0x20,
    0xF6, 0xC9, 0x20, 0xC1, 0x0A, 0x26, 0x06, 0x7F, 0xC9, 0x20, 0x7C, 0xC9, 0x1F, 0x4C, 0x20, 0xE8,
    0x39, 0xE4, 0x08, 0xF6, 0x0A, 0x00, 0x14, 0x14, 0x1E, 0x24, 0xD8, 0xDC, 0x14, 0x0A, 0xE2, 0x24,
    0xEE, 0xDC, 0xEE, 0xF6, 0xE2, 0x24, 0x0A, 0xDC, 0xE2, 0xEC, 0x1E, 0x00, 0x14, 0x0A, 0x0A, 0x00,
    0x10, 0x00, 0xF0, 0x1C, 0x08, 0xE5, 0x0A, 0xF7, 0x0A, 0x02, 0x14, 0x16, 0x1C, 0x20, 0xD6, 0xDF,
    0x16, 0x07, 0xE2, 0x21, 0xEC, 0xDC, 0xF1, 0xF4, 0xE3, 0x23, 0x07, 0xDB, 0xE6, 0xEF, 0x1F, 0x01,
    0x14, 0x0B, 0x09, 0x01, 0x0F, 0xFF, 0xF1, 0x1C, 0x05, 0xE7, 0x0D, 0xF8, 0x0B, 0x03, 0x14, 0x1A,
    0x1A, 0x1A, 0xD2, 0xE2, 0x1A, 0x04, 0xE1, 0x1F, 0xE8, 0xDA, 0xF5, 0xF1, 0xE5, 0x24, 0x03, 0xD8,
    0xE9, 0xF2, 0x21, 0x04, 0x14, 0x0C, 0x08, 0x03, 0x0F, 0xFD, 0xF1, 0x1C, 0x02, 0xE8, 0x0F, 0xF9,
    0x0C, 0x05, 0x13, 0x1B, 0x18, 0x17, 0xD0, 0xE4, 0x1C, 0x02, 0xE1, 0x1C, 0xE6, 0xDA, 0xF8, 0xEE,
    0xE6, 0x25, 0x00, 0xD6, 0xED, 0xF5, 0x22, 0x05, 0x13, 0x0C, 0x07, 0x05, 0x0F, 0xFB, 0xF1, 0x1D,
    0x00, 0xEA, 0x11, 0xFA, 0x0D, 0x08, 0x13, 0x1C, 0x14, 0x12, 0xCE, 0xE7, 0x1F, 0xFF, 0xE1, 0x19,
    0xE3, 0xD9, 0xFD, 0xEC, 0xE8, 0x24, 0xFC, 0xD5, 0xF2, 0xF8, 0x23, 0x08, 0x12, 0x0D, 0x05, 0x06,
    0x0E, 0xFA, 0xF2, 0x1C, 0xFD, 0xEC, 0x13, 0xFB, 0x0E, 0x0A, 0x11, 0x1E, 0x12, 0x0D, 0xCC, 0xEA,
    0x22, 0xFB, 0xE1, 0x17, 0xE1, 0xD9, 0x00, 0xEA, 0xEB, 0x24, 0xF8, 0xD2, 0xF6, 0xFD, 0x24, 0x09,
    0x10, 0x0D, 0x04, 0x08, 0x0E, 0xF8, 0xF2, 0x1C, 0xFB, 0xEE, 0x15, 0xFD, 0x0E, 0x0A, 0x11, 0x20,
    0x0E, 0x09, 0xCB, 0xEC, 0x24, 0xF9, 0xE2, 0x14, 0xDE, 0xD9, 0x05, 0xE8, 0xEC, 0x23, 0xF5, 0xD2,
    0xFB, 0xFF, 0x23, 0x0B, 0x10, 0x0E, 0x03, 0x09, 0x0D, 0xF7, 0xF3, 0x1B, 0xF8, 0xF0, 0x17, 0xFE,
    0x0E, 0x0D, 0x0F, 0x21, 0x0B, 0x03, 0xCB, 0xF0, 0x26, 0xF6, 0xE2, 0x10, 0xDD, 0xDA, 0x09, 0xE6,
    0xEF, 0x22, 0xF1, 0xD1, 0xFF, 0x04, 0x24, 0x0C, 0x0E, 0x0E, 0x02, 0x0A, 0x0C, 0xF6, 0xF4, 0x1A,
    0xF5, 0xF2, 0x19, 0x00, 0x0E, 0x0E, 0x0E, 0x23, 0x07, 0xFD, 0xCB, 0xF5, 0x27, 0xF2, 0xE4, 0x0C,
    0xDB, 0xDB, 0x0C, 0xE4, 0xF2, 0x20, 0xEE, 0xD2, 0x04, 0x07, 0x23, 0x0E, 0x0E, 0x0E, 0x00, 0x0B,
    0x0B, 0xF5, 0xF5, 0x19, 0xF2, 0xF5, 0x1A, 0x01, 0x0E, 0x0E, 0x0D, 0x24, 0x04, 0xF8, 0xCB, 0xF8,
    0x28, 0xF0, 0xE5, 0x09, 0xDA, 0xDD, 0x10, 0xE2, 0xF4, 0x1F, 0xEB, 0xD2, 0x09, 0x0A, 0x21, 0x0F,
    0x0D, 0x0E, 0xFF, 0x0D, 0x0A, 0xF3, 0xF6, 0x18, 0xF0, 0xF8, 0x1B, 0x02, 0x0E, 0x10, 0x0B, 0x23,
    0x00, 0xF3, 0xCC, 0xFD, 0x29, 0xED, 0xE7, 0x05, 0xDA, 0xDE, 0x13, 0xE2, 0xF8, 0x1C, 0xE8, 0xD4,
    0x0D, 0x0D, 0x20, 0x11, 0x0B, 0x0E, 0xFD, 0x0D, 0x09, 0xF3, 0xF7, 0x15, 0xEE, 0xFA, 0x1C, 0x04,
    0x0D, 0x10, 0x0A, 0x24, 0xFD, 0xEF, 0xCE, 0x00, 0x28, 0xEA, 0xE9, 0x02, 0xD9, 0xE0, 0x17, 0xE1,
    0xFA, 0x1A, 0xE6, 0xD5, 0x11, 0x10, 0x1E, 0x12, 0x0A, 0x0D, 0xFC, 0x0E, 0x08, 0xF2, 0xF8, 0x14,
    0xEC, 0xFD, 0x1C, 0x04, 0x0D, 0x13, 0x08, 0x23, 0xFA, 0xE9, 0xD0, 0x05, 0x28, 0xE8, 0xEB, 0xFD,
    0xD9, 0xE3, 0x19, 0xE0, 0xFE, 0x18, 0xE3, 0xD6, 0x16, 0x14, 0x1D, 0x12, 0x07, 0x0D, 0xFB, 0x0F,
    0x06, 0xF1, 0xFA, 0x12, 0xEA, 0x00, 0x1C, 0x06, 0x0D, 0x13, 0x06, 0x22, 0xF5, 0xE4, 0xD4, 0x09,
    0x27, 0xE6, 0xED, 0xFA, 0xDA, 0xE5, 0x1C, 0xE1, 0x01, 0x14, 0xE1, 0xD9, 0x1A, 0x16, 0x1B, 0x13,
    0x05, 0x0D, 0xFA, 0x0F, 0x04, 0xF1, 0xFC, 0x0F, 0xE8, 0x02, 0x1C, 0x07, 0x0C, 0x14, 0x04, 0x21,
    0xF3, 0xE0, 0xD6, 0x0C, 0x26, 0xE5, 0xF0, 0xF6, 0xDA, 0xE8, 0x1F, 0xE1, 0x03, 0x11, 0xE0, 0xDC,
    0x1C, 0x19, 0x1A, 0x13, 0x04, 0x0C, 0xF8, 0x0F, 0x03, 0xF1, 0xFD, 0x0D, 0xE7, 0x05, 0x1C, 0x09,
    0x0B, 0x13, 0x02, 0x20, 0xEF, 0xDC, 0xD9, 0x10, 0x25, 0xE4, 0xF3, 0xF1, 0xDC, 0xEC, 0x21, 0xE1,
    0x07, 0x0E, 0xDE, 0xDE, 0x20, 0x1C, 0x16, 0x14, 0x02, 0x0B, 0xF7, 0x0F, 0x02, 0xF1, 0xFE, 0x0A,
    0xE6, 0x07, 0x1B, 0x0A, 0x0A, 0x14, 0x00, 0x1E, 0xEC, 0xD8, 0xDE, 0x14, 0x22, 0xE2, 0xF6, 0xEF,
    0xDE, 0xEF, 0x22, 0xE2, 0x0A, 0x0A, 0xDE, 0xE2, 0x22, 0x1E, 0x14, 0x14, 0x00, 0x0A, 0xF6, 0x0E,
    0x00, 0xF2, 0x00, 0x07, 0xE5, 0x0A, 0x1B, 0x0A, 0x09, 0x14, 0xFE, 0x1C, 0xEA, 0xD6, 0xE0, 0x16,
    0x21, 0xE2, 0xF9, 0xEC, 0xDF, 0xF1, 0x24, 0xE3, 0x0C, 0x07, 0xDD, 0xE6, 0x25, 0x1F, 0x11, 0x14,
    0xFF, 0x09, 0xF5, 0x0F, 0xFF, 0xF1, 0x01, 0x05, 0xE4, 0x0D, 0x19, 0x0B, 0x08, 0x14, 0xFD, 0x1A,
    0xE6, 0xD2, 0xE6, 0x1A, 0x1E, 0xE1, 0xFC, 0xE8, 0xE1, 0xF5, 0x26, 0xE5, 0x0F, 0x03, 0xDC, 0xE9,
    0x28, 0x21, 0x0E, 0x14, 0xFC, 0x08, 0xF4, 0x0F, 0xFD, 0xF1, 0x03, 0x02, 0xE4, 0x0F, 0x18, 0x0C,
    0x07, 0x13, 0xFB, 0x18, 0xE5, 0xD0, 0xE9, 0x1C, 0x1C, 0xE1, 0xFE, 0xE6, 0xE4, 0xF8, 0x26, 0xE6,
    0x12, 0x00, 0xDB, 0xED, 0x2A, 0x22, 0x0B, 0x13, 0xFB, 0x07, 0xF4, 0x0F, 0xFB, 0xF1, 0x05, 0x00,
    0xE3, 0x11, 0x16, 0x0D, 0x06, 0x13, 0xF8, 0x14, 0xE4, 0xCE, 0xEE, 0x1F, 0x19, 0xE1, 0x01, 0xE3,
    0xE7, 0xFD, 0x27, 0xE8, 0x14, 0xFC, 0xDC, 0xF2, 0x2B, 0x23, 0x08, 0x12, 0xF8, 0x05, 0xF3, 0x0E,
    0xFA, 0xF2, 0x06, 0xFD, 0xE4, 0x13, 0x14, 0x0E, 0x05, 0x11, 0xF6, 0x12, 0xE2, 0xCC, 0xF3, 0x22,
    0x16, 0xE1, 0x05, 0xE1, 0xE9, 0x00, 0x27, 0xEB, 0x16, 0xF8, 0xDC, 0xF6, 0x2E, 0x24, 0x03, 0x10,
    0xF7, 0x04, 0xF3, 0x0E, 0xF8, 0xF2, 0x08, 0xFB, 0xE4, 0x15, 0x12, 0x0E, 0x03, 0x11, 0xF6, 0x0E,
    0xE0, 0xCB, 0xF7, 0x24, 0x14, 0xE2, 0x07, 0xDE, 0xEC, 0x05, 0x27, 0xEC, 0x18, 0xF5, 0xDD, 0xFB,
    0x2E, 0x23, 0x01, 0x10, 0xF5, 0x03, 0xF2, 0x0D, 0xF7, 0xF3, 0x09, 0xF8, 0xE5, 0x17, 0x10, 0x0E,
    0x02, 0x0F, 0xF3, 0x0B, 0xDF, 0xCB, 0xFD, 0x26, 0x10, 0xE2, 0x0A, 0xDD, 0xF0, 0x09, 0x26, 0xEF,
    0x1A, 0xF1, 0xDE, 0xFF, 0x2F, 0x24, 0xFC, 0x0E, 0xF4, 0x02, 0xF2, 0x0C, 0xF6, 0xF4, 0x0A, 0xF5,
    0xE6, 0x19, 0x0E, 0x0E, 0x00, 0x0E, 0xF2, 0x07, 0xDD, 0xCB, 0x03, 0x27, 0x0B, 0xE4, 0x0E, 0xDB,
    0xF4, 0x0C, 0x25, 0xF2, 0x1C, 0xEE, 0xE0, 0x04, 0x2E, 0x23, 0xF9, 0x0E, 0xF2, 0x00, 0xF2, 0x0B,
    0xF5, 0xF5, 0x0B, 0xF2, 0xE7, 0x1A, 0x0B, 0x0E, 0xFF, 0x0D, 0xF2, 0x04, 0xDC, 0xCB, 0x08, 0x28,
    0x08, 0xE5, 0x10, 0xDA, 0xF7, 0x10, 0x23, 0xF4, 0x1E, 0xEB, 0xE1, 0x09, 0x2E, 0x21, 0xF6, 0x0D,
    0xF1, 0xFF, 0xF2, 0x0A, 0xF3, 0xF6, 0x0D, 0xF0, 0xE8, 0x1B, 0x08, 0x0E, 0xFE, 0x0B, 0xF0, 0x00,
    0xDD, 0xCC, 0x0D, 0x29, 0x03, 0xE7, 0x13, 0xDA, 0xFB, 0x13, 0x22, 0xF8, 0x1E, 0xE8, 0xE4, 0x0D,
    0x2C, 0x20, 0xF3, 0x0B, 0xEF, 0xFD, 0xF2, 0x09, 0xF3, 0xF7, 0x0D, 0xEE, 0xEB, 0x1C, 0x06, 0x0D,
    0xFC, 0x0A, 0xF0, 0xFD, 0xDC, 0xCE, 0x11, 0x28, 0x00, 0xE9, 0x16, 0xD9, 0xFE, 0x17, 0x20, 0xFA,
    0x1F, 0xE6, 0xE6, 0x11, 0x2B, 0x1E, 0xF0, 0x0A, 0xEE, 0xFC, 0xF3, 0x08, 0xF2, 0xF8, 0x0E, 0xEC,
    0xEC, 0x1C, 0x03, 0x0D, 0xFC, 0x08, 0xED, 0xFA, 0xDD, 0xD0, 0x17, 0x28, 0xFB, 0xEB, 0x18, 0xD9,
    0x03, 0x19, 0x1D, 0xFE, 0x20, 0xE3, 0xE8, 0x16, 0x2A, 0x1D, 0xEC, 0x07, 0xEE, 0xFB, 0xF3, 0x06,
    0xF1, 0xFA, 0x0F, 0xEA, 0xEE, 0x1C, 0x00, 0x0D, 0xFA, 0x06, 0xED, 0xF5, 0xDE, 0xD4, 0x1C, 0x27,
    0xF7, 0xED, 0x1A, 0xDA, 0x06, 0x1C, 0x1B, 0x01, 0x1F, 0xE1, 0xEC, 0x1A, 0x27, 0x1B, 0xEA, 0x05,
    0xED, 0xFA, 0xF3, 0x04, 0xF1, 0xFC, 0x0F, 0xE8, 0xF1, 0x1C, 0xFE, 0x0C, 0xF9, 0x04, 0xEC, 0xF3,
    0xDF, 0xD6, 0x20, 0x26, 0xF4, 0xF0, 0x1B, 0xDA, 0x0A, 0x1F, 0x18, 0x03, 0x1F, 0xE0, 0xEF, 0x1C,
    0x24, 0x1A, 0xE7, 0x04, 0xED, 0xF8, 0xF4, 0x03, 0xF1, 0xFD, 0x0F, 0xE7, 0xF3, 0x1C, 0xFB, 0x0B,
    0xF7, 0x02, 0xED, 0xEF, 0xE0, 0xD9, 0x24, 0x25, 0xF0, 0xF3, 0x1C, 0xDC, 0x0F, 0x21, 0x14, 0x07,
    0x1F, 0xDE, 0xF2, 0x20, 0x22, 0x16, 0xE4, 0x02, 0xEC, 0xF7, 0xF5, 0x02, 0xF1, 0xFE, 0x0F, 0xE6,
    0xF6, 0x1B, 0xF9, 0x0A, 0xF6, 0x00, 0xEC, 0xEC, 0xE2, 0xDE, 0x28, 0x22, 0xEC, 0xF6, 0x1E, 0xDE,
    0x11, 0x22, 0x11, 0x0A, 0x1E, 0xDE, 0xF6, 0x22, 0x1E, 0x14, 0xE2, 0x00, 0xEC, 0xF6, 0xF6, 0x00,
    0xF2, 0x00, 0x0E, 0xE5, 0xF9, 0x1B, 0xF6, 0x09, 0xF6, 0xFE, 0xEC, 0xEA, 0xE4, 0xE0, 0x2A, 0x21,
    0xEA, 0xF9, 0x1E, 0xDF, 0x14, 0x24, 0x0F, 0x0C, 0x1D, 0xDD, 0xF9, 0x25, 0x1A, 0x11, 0xE1, 0xFF,
    0xEC, 0xF5, 0xF7, 0xFF, 0xF1, 0x01, 0x0F, 0xE4, 0xFB, 0x19, 0xF3, 0x08, 0xF5, 0xFD, 0xEC, 0xE6,
    0xE6, 0xE6, 0x2E, 0x1E, 0xE6, 0xFC, 0x1F, 0xE1, 0x18, 0x26, 0x0B, 0x0F, 0x1B, 0xDC, 0xFD, 0x28,
    0x17, 0x0E, 0xDF, 0xFC, 0xEC, 0xF4, 0xF8, 0xFD, 0xF1, 0x03, 0x0F, 0xE4, 0xFE, 0x18, 0xF1, 0x07,
    0xF4, 0xFB, 0xED, 0xE5, 0xE8, 0xE9, 0x30, 0x1C, 0xE4, 0xFE, 0x1F, 0xE4, 0x1A, 0x26, 0x08, 0x12,
    0x1A, 0xDB, 0x00, 0x2A, 0x13, 0x0B, 0xDE, 0xFB, 0xED, 0xF4, 0xF9, 0xFB, 0xF1, 0x05, 0x0F, 0xE3,
    0x00, 0x16, 0xEF, 0x06, 0xF3, 0xF8, 0xED, 0xE4, 0xEC, 0xEE, 0x32, 0x19, 0xE1, 0x01, 0x1F, 0xE7,
    0x1D, 0x27, 0x03, 0x14, 0x18, 0xDC, 0x04, 0x2B, 0x0E, 0x08, 0xDD, 0xF8, 0xEE, 0xF3, 0xFB, 0xFA,
    0xF2, 0x06, 0x0E, 0xE4, 0x03, 0x14, 0xED, 0x05, 0xF2, 0xF6, 0xEF, 0xE2, 0xEE, 0xF3, 0x34, 0x16,
    0xDE, 0x05, 0x1F, 0xE9, 0x1F, 0x27, 0x00, 0x16, 0x15, 0xDC, 0x08, 0x2E, 0x0A, 0x03, 0xDC, 0xF7,
    0xF0, 0xF3, 0xFC, 0xF8, 0xF2, 0x08, 0x0E, 0xE4, 0x05, 0x12, 0xEB, 0x03, 0xF2, 0xF6, 0xEF, 0xE0,
    0xF2, 0xF7, 0x35, 0x14, 0xDC, 0x07, 0x1E, 0xEC, 0x22, 0x27, 0xFB, 0x18, 0x14, 0xDD, 0x0B, 0x2E,
    0x05, 0x01, 0xDD, 0xF5, 0xF0, 0xF2, 0xFD, 0xF7, 0xF3, 0x09, 0x0D, 0xE5, 0x08, 0x10, 0xE9, 0x02,
    0xF2, 0xF3, 0xF1, 0xDF, 0xF5, 0xFD, 0x35, 0x10, 0xDA, 0x0A, 0x1E, 0xF0, 0x23, 0x26, 0xF7, 0x1A,
    0x11, 0xDE, 0x0F, 0x2F, 0x01, 0xFC, 0xDC, 0xF4, 0xF2, 0xF2, 0xFE, 0xF6, 0xF4, 0x0A, 0x0C, 0xE6,
    0x0B, 0x0E, 0xE7, 0x00, 0xF2, 0xF2, 0xF2, 0xDD, 0xF9, 0x03, 0x35, 0x0B, 0xD9, 0x0E, 0x1C, 0xF4,
    0x25, 0x25, 0xF4, 0x1C, 0x0E, 0xE0, 0x12, 0x2E, 0xFC, 0xF9, 0xDD, 0xF2, 0xF2, 0xF2, 0x00, 0xF5,
    0xF5, 0x0B, 0x0B, 0xE7, 0x0E, 0x0B, 0xE6, 0xFF, 0xF2, 0xF2, 0xF3, 0xDC, 0xFC, 0x08, 0x35, 0x08,
    0xD8, 0x10, 0x1B, 0xF7, 0x26, 0x23, 0xF0, 0x1E, 0x0C, 0xE1, 0x15, 0x2E, 0xF7, 0xF6, 0xDF, 0xF1,
    0xF3, 0xF2, 0x01, 0xF3, 0xF6, 0x0D, 0x0A, 0xE8, 0x10, 0x08, 0xE5, 0xFE, 0xF2, 0xF0, 0xF5, 0xDD,
    0x00, 0x0D, 0x34, 0x03, 0xD7, 0x13, 0x19, 0xFB, 0x26, 0x22, 0xED, 0x1E, 0x08, 0xE4, 0x18, 0x2C,
    0xF3, 0xF3, 0xE0, 0xEF, 0xF5, 0xF2, 0x03, 0xF3, 0xF7, 0x0D, 0x09, 0xEB, 0x12, 0x06, 0xE4, 0xFC,
    0xF3, 0xF0, 0xF6, 0xDC, 0x03, 0x11, 0x32, 0x00, 0xD8, 0x16, 0x17, 0xFE, 0x27, 0x20, 0xE9, 0x1F,
    0x06, 0xE6, 0x1A, 0x2B, 0xEF, 0xF0, 0xE2, 0xEE, 0xF6, 0xF3, 0x04, 0xF2, 0xF8, 0x0E, 0x08, 0xEC,
    0x14, 0x03, 0xE4, 0xFC, 0xF3, 0xED, 0xF8, 0xDD, 0x06, 0x17, 0x30, 0xFB, 0xD8, 0x18, 0x15, 0x03,
    0x27, 0x1D, 0xE7, 0x20, 0x02, 0xE8, 0x1D, 0x2A, 0xEA, 0xEC, 0xE3, 0xEE, 0xF9, 0xF3, 0x05, 0xF1,
    0xFA, 0x0F, 0x06, 0xEE, 0x16, 0x00, 0xE4, 0xFA, 0xF3, 0xED, 0xFA, 0xDE, 0x0B, 0x1C, 0x2C, 0xF7,
    0xD9, 0x1A, 0x13, 0x06, 0x26, 0x1B, 0xE4, 0x1F, 0xFF, 0xEC, 0x1F, 0x27, 0xE6, 0xEA, 0xE5, 0xED,
    0xFB, 0xF3, 0x06, 0xF1, 0xFC, 0x0F, 0x04, 0xF1, 0x18, 0xFE, 0xE4, 0xF9, 0xF4, 0xEC, 0xFC, 0xDF,
    0x0D, 0x20, 0x2A, 0xF4, 0xDA, 0x1B, 0x10, 0x0A, 0x26, 0x18, 0xE1, 0x1F, 0xFD, 0xEF, 0x20, 0x24,
    0xE4, 0xE7, 0xE6, 0xED, 0xFC, 0xF4, 0x08, 0xF1, 0xFD, 0x0F, 0x03, 0xF3, 0x19, 0xFB, 0xE4, 0xF7,
    0xF5, 0xED, 0xFE, 0xE0, 0x11, 0x24, 0x27, 0xF0, 0xDB, 0x1C, 0x0D, 0x0F, 0x24, 0x14, 0xDF, 0x1F,
    0xF9, 0xF2, 0x22, 0x22, 0xE0, 0xE4, 0xEA, 0xEC, 0xFE, 0xF5, 0x09, 0xF1, 0xFE, 0x0F, 0x02, 0xF6,
    0x1A, 0xF9, 0xE5, 0xF6, 0xF6, 0xEC, 0x00, 0xE2, 0x14, 0x28, 0x22, 0xEC, 0xDE, 0x1E, 0x0A, 0x11,
    0x22, 0x11, 0xDE, 0x1E, 0xF6, 0xF6, 0x22, 0x1E, 0xDE, 0xE2, 0xEC, 0xEC, 0x00, 0xF6, 0x0A, 0xF2,
    0x00, 0x0E, 0x00, 0xF9, 0x1B, 0xF6, 0xE5, 0xF6, 0xF7, 0xEC, 0x02, 0xE4, 0x16, 0x2A, 0x20, 0xEA,
    0xDF, 0x1E, 0x07, 0x14, 0x21, 0x0F, 0xDC, 0x1D, 0xF4, 0xF9, 0x23, 0x1A, 0xDB, 0xE1, 0xEF, 0xEC,
    0x01, 0xF7, 0x0B, 0xF1, 0x01, 0x0F, 0xFF, 0xFB, 0x1C, 0xF3, 0xE7, 0xF5, 0xF8, 0xEC, 0x03, 0xE6,
    0x1A, 0x2E, 0x1A, 0xE6, 0xE2, 0x1F, 0x04, 0x18, 0x1F, 0x0B, 0xDA, 0x1B, 0xF1, 0xFD, 0x24, 0x17,
    0xD8, 0xDF, 0xF2, 0xEC, 0x04, 0xF8, 0x0C, 0xF1, 0x03, 0x0F, 0xFD, 0xFE, 0x1C, 0xF1, 0xE8, 0xF4,
    0xF9, 0xED, 0x05, 0xE8, 0x1B, 0x30, 0x17, 0xE4, 0xE4, 0x1F, 0x02, 0x1A, 0x1C, 0x08, 0xDA, 0x1A,
    0xEE, 0x00, 0x25, 0x13, 0xD6, 0xDE, 0xF5, 0xED, 0x05, 0xF9, 0x0C, 0xF1, 0x05, 0x0F, 0xFB, 0x00,
    0x1D, 0xEF, 0xEA, 0xF3, 0xFA, 0xED, 0x08, 0xEC, 0x1C, 0x32, 0x12, 0xE1, 0xE7, 0x1F, 0xFF, 0x1D,
    0x19, 0x03, 0xD9, 0x18, 0xEC, 0x04, 0x24, 0x0E, 0xD5, 0xDD, 0xF8, 0xEE, 0x08, 0xFB, 0x0D, 0xF2,
    0x06, 0x0E, 0xFA, 0x03, 0x1C, 0xED, 0xEC, 0xF2, 0xFB, 0xEF, 0x0A, 0xEE, 0x1E, 0x34, 0x0D, 0xDE,
    0xEA, 0x1F, 0xFB, 0x1F, 0x17, 0x00, 0xD9, 0x15, 0xEA, 0x08, 0x24, 0x0A, 0xD2, 0xDC, 0xFD, 0xF0,
    0x09, 0xFC, 0x0D, 0xF2, 0x08, 0x0E, 0xF8, 0x05, 0x1C, 0xEB, 0xEE, 0xF2, 0xFD, 0xEF, 0x0A, 0xF2,
    0x20, 0x35, 0x09, 0xDC, 0xEC, 0x1E, 0xF9, 0x22, 0x14, 0xFB, 0xD9, 0x14, 0xE8, 0x0B, 0x23, 0x05,
    0xD2, 0xDD, 0xFF, 0xF0, 0x0B, 0xFD, 0x0E, 0xF3, 0x09, 0x0D, 0xF7, 0x08, 0x1B, 0xE9, 0xF0, 0xF2,
    0xFE, 0xF1, 0x0D, 0xF5, 0x21, 0x35, 0x03, 0xDA, 0xF0, 0x1E, 0xF6, 0x23, 0x10, 0xF7, 0xDA, 0x11,
    0xE6, 0x0F, 0x22, 0x01, 0xD1, 0xDC, 0x04, 0xF2, 0x0C, 0xFE, 0x0E, 0xF4, 0x0A, 0x0C, 0xF6, 0x0B,
    0x1A, 0xE7, 0xF2, 0xF2, 0x00, 0xF2, 0x0E, 0xF9, 0x23, 0x35, 0xFD, 0xD9, 0xF5, 0x1C, 0xF2, 0x25,
    0x0C, 0xF4, 0xDB, 0x0E, 0xE4, 0x12, 0x20, 0xFC, 0xD2, 0xDD, 0x07, 0xF2, 0x0E, 0x00, 0x0E, 0xF5,
    0x0B, 0x0B, 0xF5, 0x0E, 0x19, 0xE6, 0xF5, 0xF2, 0x01, 0xF3, 0x0E, 0xFC, 0x24, 0x35, 0xF8, 0xD8,
    0xF8, 0x1B, 0xF0, 0x26, 0x09, 0xF0, 0xDD, 0x0C, 0xE2, 0x15, 0x1F, 0xF7, 0xD2, 0xDF, 0x0A, 0xF3,
    0x0F, 0x01, 0x0E, 0xF6, 0x0D, 0x0A, 0xF3, 0x10, 0x18, 0xE5, 0xF8, 0xF2, 0x02, 0xF5, 0x10, 0x00,
    0x23, 0x34, 0xF3, 0xD7, 0xFD, 0x19, 0xED, 0x26, 0x05, 0xED, 0xDE, 0x08, 0xE2, 0x18, 0x1C, 0xF3,
    0xD4, 0xE0, 0x0D, 0xF5, 0x11, 0x03, 0x0E, 0xF7, 0x0D, 0x09, 0xF3, 0x12, 0x15, 0xE4, 0xFA, 0xF3,
    0x04, 0xF6, 0x10, 0x03, 0x24, 0x32, 0xEF, 0xD8, 0x00, 0x17, 0xEA, 0x27, 0x02, 0xE9, 0xE0, 0x06,
    0xE1, 0x1A, 0x1A, 0xEF, 0xD5, 0xE2, 0x10, 0xF6, 0x12, 0x04, 0x0D, 0xF8, 0x0E, 0x08, 0xF2, 0x14,
    0x14, 0xE4, 0xFD, 0xF3, 0x04, 0xF8, 0x13, 0x06, 0x23, 0x30, 0xE9, 0xD8, 0x05, 0x15, 0xE8, 0x27,
    0xFD, 0xE7, 0xE3, 0x02, 0xE0, 0x1D, 0x18, 0xEA, 0xD6, 0xE3, 0x14, 0xF9, 0x12, 0x05, 0x0D, 0xFA,
    0x0F, 0x06, 0xF1, 0x16, 0x12, 0xE4, 0x00, 0xF3, 0x06, 0xFA, 0x13, 0x0B, 0x22, 0x2C, 0xE4, 0xD9,
    0x09, 0x13, 0xE6, 0x26, 0xFA, 0xE4, 0xE5, 0xFF, 0xE1, 0x1F, 0x14, 0xE6, 0xD9, 0xE5, 0x16, 0xFB,
    0x13, 0x06, 0x0D, 0xFC, 0x0F, 0x04, 0xF1, 0x18, 0x0F, 0xE4, 0x02, 0xF4, 0x07, 0xFC, 0x14, 0x0D,
    0x21, 0x2A, 0xE0, 0xDA, 0x0C, 0x10, 0xE5, 0x26, 0xF6, 0xE1, 0xE8, 0xFD, 0xE1, 0x20, 0x11, 0xE4,
    0xDC, 0xE6, 0x19, 0xFC, 0x13, 0x08, 0x0C, 0xFD, 0x0F, 0x03, 0xF1, 0x19, 0x0D, 0xE4, 0x05, 0xF5,
    0x09, 0xFE, 0x13, 0x11, 0x20, 0x27, 0xDC, 0xDB, 0x10, 0x0D, 0xE4, 0x24, 0xF1, 0xDF, 0xEC, 0xF9,
    0xE1, 0x22, 0x0E, 0xE0, 0xDE, 0xEA, 0x1C, 0xFE, 0x14, 0x09, 0x0B, 0xFE, 0x0F, 0x02, 0xF1, 0x1A,
    0x0A, 0xB6, 0xC9, 0x2C, 0x81, 0x05, 0x2A, 0x01, 0x39, 0xFC, 0xC9, 0xDB, 0x10, 0x83, 0x00, 0x00,
    0x27, 0x01, 0x39, 0x8E, 0xCA, 0x6E, 0xA6, 0x02, 0x27, 0x01, 0x39, 0x8E, 0xCA, 0x79, 0xA6, 0x02,
    0x27, 0x01, 0x39, 0xBD, 0xF5, 0x11, 0x84, 0x38, 0xB7, 0xC8, 0x92, 0x8E, 0xCA, 0x6E, 0x86, 0x68,
    0xA7, 0x02, 0x86, 0x00, 0xA7, 0x03, 0x86, 0x01, 0xA7, 0x04, 0xB6, 0xC8, 0x92, 0xA7, 0x06, 0x86,
    0x03, 0xA7, 0x05, 0x86, 0x7C, 0xA7, 0x07, 0x86, 0x00, 0xA7, 0x08, 0x86, 0x00, 0xA7, 0x09, 0x86,
    0x00, 0xA7, 0x0A, 0x34, 0x10, 0xA6, 0x05, 0xC6, 0x00, 0xFD, 0xC8, 0xD0, 0xA6, 0x06, 0xCE, 0xC8,
    0xA0, 0x8E, 0xC8, 0xD0, 0xC6, 0x00, 0xBD, 0xF6, 0x10, 0x35, 0x10, 0xFC, 0xC8, 0xA0, 0xED, 0x84,
    0x8E, 0xCA, 0x79, 0x86, 0x68, 0xA7, 0x02, 0x86, 0x00, 0xA7, 0x03, 0x86, 0x01, 0xA7, 0x04, 0xB6,
    0xC8, 0x92, 0x8B, 0x07, 0xA7, 0x06, 0x86, 0x03, 0xA7, 0x05, 0x86, 0x7C, 0xA7, 0x07, 0x86, 0x00,
    0xA7, 0x08, 0x86, 0x00, 0xA7, 0x09, 0x86, 0x00, 0xA7, 0x0A, 0x34, 0x10, 0xA6, 0x05, 0xC6, 0x00,
    0xFD, 0xC8, 0xD0, 0xA6, 0x06, 0xCE, 0xC8, 0xA0, 0x8E, 0xC8, 0xD0, 0xC6, 0x00, 0xBD, 0xF6, 0x10,
    0x35, 0x10, 0xFC, 0xC8, 0xA0, 0xED, 0x84, 0x39, 0x14, 0xEC, 0xF6, 0xEC, 0xF6, 0x1E, 0xF6, 0xE2,
    0xF6, 0x14, 0x28, 0x28, 0xF6, 0x14, 0xF6, 0xE2, 0xF6, 0x1E, 0xF6, 0xEC, 0x14, 0xEC, 0x0F, 0xE9,
    0xF3, 0xEE, 0xFD, 0x20, 0xF0, 0xE4, 0xFA, 0x16, 0x2E, 0x1E, 0xFA, 0x16, 0xF0, 0xE4, 0xFD, 0x20,
    0xF3, 0xEE, 0x0F, 0xE9, 0x0B, 0xE7, 0xF0, 0xF1, 0x02, 0x1F, 0xEB, 0xE8, 0xFF, 0x16, 0x32, 0x16,
    0xFF, 0x16, 0xEB, 0xE8, 0x02, 0x1F, 0xF0, 0xF1, 0x0B, 0xE7, 0x05, 0xE5, 0xEE, 0xF5, 0x08, 0x1E,
    0xE8, 0xED, 0x02, 0x16, 0x36, 0x0A, 0x02, 0x16, 0xE8, 0xED, 0x08, 0x1E, 0xEE, 0xF5, 0x05, 0xE5,
    0x00, 0xE4, 0xEB, 0xF9, 0x0E, 0x1C, 0xE4, 0xF2, 0x07, 0x15, 0x38, 0x00, 0x07, 0x15, 0xE4, 0xF2,
    0x0E, 0x1C, 0xEB, 0xF9, 0x00, 0xE4, 0xFB, 0xE5, 0xEA, 0xFD, 0x13, 0x19, 0xE2, 0xF8, 0x0B, 0x12,
    0x36, 0xF6, 0x0B, 0x12, 0xE2, 0xF8, 0x13, 0x19, 0xEA, 0xFD, 0xFB, 0xE5, 0xF6, 0xE6, 0xEA, 0x02,
    0x17, 0x15, 0xE1, 0xFD, 0x0E, 0x10, 0x34, 0xEC, 0x0E, 0x10, 0xE1, 0xFD, 0x17, 0x15, 0xEA, 0x02,
    0xF6, 0xE6, 0xF1, 0xE9, 0xEB, 0x06, 0x1B, 0x0F, 0xE1, 0x03, 0x11, 0x0E, 0x2E, 0xE2, 0x11, 0x0E,
    0xE1, 0x03, 0x1B, 0x0F, 0xEB, 0x06, 0xF1, 0xE9, 0xED, 0xED, 0xEC, 0x0A, 0x1E, 0x09, 0xE2, 0x09,
    0x14, 0x0A, 0x26, 0xDA, 0x14, 0x0A, 0xE2, 0x09, 0x1E, 0x09, 0xEC, 0x0A, 0xED, 0xED, 0xE9, 0xF1,
    0xEE, 0x0D, 0x20, 0x03, 0xE4, 0x10, 0x16, 0x06, 0x1E, 0xD2, 0x16, 0x06, 0xE4, 0x10, 0x20, 0x03,
    0xEE, 0x0D, 0xE9, 0xF1, 0xE7, 0xF5, 0xF1, 0x10, 0x1F, 0xFE, 0xE8, 0x15, 0x16, 0x01, 0x16, 0xCE,
    0x16, 0x01, 0xE8, 0x15, 0x1F, 0xFE, 0xF1, 0x10, 0xE7, 0xF5, 0xE5, 0xFB, 0xF5, 0x12, 0x1E, 0xF8,
    0xED, 0x18, 0x16, 0xFE, 0x0A, 0xCA, 0x16, 0xFE, 0xED, 0x18, 0x1E, 0xF8, 0xF5, 0x12, 0xE5, 0xFB,
    0xE4, 0x00, 0xF9, 0x15, 0x1C, 0xF2, 0xF2, 0x1C, 0x15, 0xF9, 0x00, 0xC8, 0x15, 0xF9, 0xF2, 0x1C,
    0x1C, 0xF2, 0xF9, 0x15, 0xE4, 0x00, 0xE5, 0x05, 0xFD, 0x16, 0x19, 0xED, 0xF8, 0x1E, 0x12, 0xF5,
    0xF6, 0xCA, 0x12, 0xF5, 0xF8, 0x1E, 0x19, 0xED, 0xFD, 0x16, 0xE5, 0x05, 0xE6, 0x0A, 0x02, 0x16,
    0x15, 0xE9, 0xFD, 0x1F, 0x10, 0xF2, 0xEC, 0xCC, 0x10, 0xF2, 0xFD, 0x1F, 0x15, 0xE9, 0x02, 0x16,
    0xE6, 0x0A, 0xE9, 0x0F, 0x06, 0x15, 0x0F, 0xE5, 0x03, 0x1F, 0x0E, 0xEF, 0xE2, 0xD2, 0x0E, 0xEF,
    0x03, 0x1F, 0x0F, 0xE5, 0x06, 0x15, 0xE9, 0x0F, 0xED, 0x13, 0x0A, 0x14, 0x09, 0xE2, 0x09, 0x1E,
    0x0A, 0xEC, 0xDA, 0xDA, 0x0A, 0xEC, 0x09, 0x1E, 0x09, 0xE2, 0x0A, 0x14, 0xED, 0x13, 0xF1, 0x17,
    0x0D, 0x12, 0x03, 0xE0, 0x10, 0x1C, 0x06, 0xEA, 0xD2, 0xE2, 0x06, 0xEA, 0x10, 0x1C, 0x03, 0xE0,
    0x0D, 0x12, 0xF1, 0x17, 0xF5, 0x19, 0x10, 0x0F, 0xFE, 0xE1, 0x15, 0x18, 0x01, 0xEA, 0xCE, 0xEA,
    0x01, 0xEA, 0x15, 0x18, 0xFE, 0xE1, 0x10, 0x0F, 0xF5, 0x19, 0xFB, 0x1B, 0x12, 0x0B, 0xF8, 0xE2,
    0x18, 0x13, 0xFE, 0xEA, 0xCA, 0xF6, 0xFE, 0xEA, 0x18, 0x13, 0xF8, 0xE2, 0x12, 0x0B, 0xFB, 0x1B,
    0x00, 0x1C, 0x15, 0x07, 0xF2, 0xE4, 0x1C, 0x0E, 0xF9, 0xEB, 0xC8, 0x00, 0xF9, 0xEB, 0x1C, 0x0E,
    0xF2, 0xE4, 0x15, 0x07, 0x00, 0x1C, 0x05, 0x1B, 0x16, 0x03, 0xED, 0xE7, 0x1E, 0x08, 0xF5, 0xEE,
    0xCA, 0x0A, 0xF5, 0xEE, 0x1E, 0x08, 0xED, 0xE7, 0x16, 0x03, 0x05, 0x1B, 0x0A, 0x1A, 0x16, 0xFE,
    0xE9, 0xEB, 0x1F, 0x03, 0xF2, 0xF0, 0xCC, 0x14, 0xF2, 0xF0, 0x1F, 0x03, 0xE9, 0xEB, 0x16, 0xFE,
    0x0A, 0x1A, 0x0F, 0x17, 0x15, 0xFA, 0xE5, 0xF1, 0x1F, 0xFD, 0xEF, 0xF2, 0xD2, 0x1E, 0xEF, 0xF2,
    0x1F, 0xFD, 0xE5, 0xF1, 0x15, 0xFA, 0x0F, 0x17, 0x13, 0x13, 0x14, 0xF6, 0xE2, 0xF7, 0x1E, 0xF7,
    0xEC, 0xF6, 0xDA, 0x26, 0xEC, 0xF6, 0x1E, 0xF7, 0xE2, 0xF7, 0x14, 0xF6, 0x13, 0x13, 0x17, 0x0F,
    0x12, 0xF3, 0xE0, 0xFD, 0x1C, 0xF0, 0xEA, 0xFA, 0xE2, 0x2E, 0xEA, 0xFA, 0x1C, 0xF0, 0xE0, 0xFD,
    0x12, 0xF3, 0x17, 0x0F, 0x19, 0x0B, 0x0F, 0xF0, 0xE1, 0x02, 0x18, 0xEB, 0xEA, 0xFF, 0xEA, 0x32,
    0xEA, 0xFF, 0x18, 0xEB, 0xE1, 0x02, 0x0F, 0xF0, 0x19, 0x0B, 0x1B, 0x05, 0x0B, 0xEE, 0xE2, 0x08,
    0x13, 0xE8, 0xEA, 0x02, 0xF6, 0x36, 0xEA, 0x02, 0x13, 0xE8, 0xE2, 0x08, 0x0B, 0xEE, 0x1B, 0x05,
    0x1C, 0x00, 0x07, 0xEB, 0xE4, 0x0E, 0x0E, 0xE4, 0xEB, 0x07, 0x00, 0x38, 0xEB, 0x07, 0x0E, 0xE4,
    0xE4, 0x0E, 0x07, 0xEB, 0x1C, 0x00, 0x1B, 0xFB, 0x03, 0xEA, 0xE7, 0x13, 0x08, 0xE2, 0xEE, 0x0B,
    0x0A, 0x36, 0xEE, 0x0B, 0x08, 0xE2, 0xE7, 0x13, 0x03, 0xEA, 0x1B, 0xFB, 0x1A, 0xF6, 0xFE, 0xEA,
    0xEB, 0x17, 0x03, 0xE1, 0xF0, 0x0E, 0x14, 0x34, 0xF0, 0x0E, 0x03, 0xE1, 0xEB, 0x17, 0xFE, 0xEA,
    0x1A, 0xF6, 0x17, 0xF1, 0xFA, 0xEB, 0xF1, 0x1B, 0xFD, 0xE1, 0xF2, 0x11, 0x1E, 0x2E, 0xF2, 0x11,
    0xFD, 0xE1, 0xF1, 0x1B, 0xFA, 0xEB, 0x17, 0xF1, 0xCC, 0x00, 0x00, 0xBD, 0xF2, 0x56, 0xCC, 0x01,
    0x00, 0xBD, 0xF2, 0x56, 0xCC, 0x02, 0x00, 0xBD, 0xF2, 0x56, 0xCC, 0x03, 0x00, 0xBD, 0xF2, 0x56,
    0xCC, 0x01, 0x00, 0xBD, 0xF2, 0x56, 0xB6, 0xC9, 0x2C, 0x81, 0x63, 0x27, 0x60, 0x7C, 0xC9, 0x2C,
    0xB6, 0xC9, 0x2C, 0x81, 0x01, 0x27, 0x0C, 0xB6, 0xC9, 0x4B, 0x81, 0x70, 0x27, 0x05, 0x8B, 0x10,
    0xB7, 0xC9, 0x4B, 0xB6, 0xC9, 0x2C, 0x81, 0x05, 0x2B, 0x0C, 0xB6, 0xC9, 0x17, 0x81, 0x70, 0x27,
    0x05, 0x80, 0x10, 0xB7, 0xC9, 0x17, 0xB6, 0xC9, 0x2C, 0x81, 0x07, 0x2B, 0x0F, 0xFC, 0xC9, 0x4E,
    0x10, 0x83, 0x00, 0x50, 0x2B, 0x06, 0x83, 0x00, 0x40, 0xFD, 0xC9, 0x4E, 0xB6, 0xC9, 0x2B, 0x81,
    0x21, 0x2B, 0x05, 0x80, 0x08, 0xB7, 0xC9, 0x2B, 0xB6, 0xC9, 0x5E, 0x81, 0x96, 0x27, 0x05, 0x8B,
    0x0A, 0xB7, 0xC9, 0x5E, 0x7F, 0xC9, 0x5D, 0xCC, 0x00, 0x00, 0xFD, 0xC9, 0x5F, 0x39, 0x00, 0x00,
    0x01, 0x00, 0x02, 0x00, 0x03, 0x00, 0x04, 0x00, 0x05, 0x00, 0x07, 0x1C, 0x08, 0x0F, 0x09, 0x0F,
    0x0A, 0x10, 0x0B, 0x10, 0x0C, 0x10, 0x0D, 0x00, 0x0E, 0x20, 0xFF, 0xB6, 0xC9, 0x5A, 0x27, 0x38,
    0xC6, 0x00, 0xB6, 0xC9, 0x5B, 0x2A, 0x04, 0xC6, 0x80, 0x20, 0x00, 0x86, 0x00, 0xBD, 0xF2, 0x56,
    0xCC, 0x01, 0x00, 0xBD, 0xF2, 0x56, 0xB6, 0xC9, 0x5B, 0x8B, 0x20, 0xB7, 0xC9, 0x5B, 0x81, 0x00,
    0x26, 0x4D, 0x7A, 0xC9, 0x5A, 0xB6, 0xC9, 0x5A, 0x26, 0x45, 0xCC, 0x00, 0x00, 0xBD, 0xF2, 0x56,
    0xCC, 0x01, 0x00, 0xBD, 0xF2, 0x56, 0x20, 0x37, 0xF6, 0xC9, 0x54, 0x27, 0x32, 0xB6, 0xC9, 0xDE,
    0x27, 0x07, 0xB6, 0xC9, 0xDD, 0x2A, 0x02, 0xCB, 0x20, 0x86, 0x00, 0xBD, 0xF2, 0x56, 0xCC, 0x01,
    0x01, 0xBD, 0xF2, 0x56, 0xB6, 0xC9, 0x54, 0x8B, 0x18, 0xB7, 0xC9, 0x54, 0x81, 0x00, 0x26, 0x0F,
    0x7F, 0xC9, 0x54, 0xCC, 0x00, 0x00, 0xBD, 0xF2, 0x56, 0xCC, 0x01, 0x00, 0xBD, 0xF2, 0x56, 0xF6,
    0xC9, 0x36, 0x26, 0x2D, 0xF6, 0xC9, 0x55, 0x27, 0x58, 0x86, 0x02, 0xBD, 0xF2, 0x56, 0xCC, 0x03,
    0x00, 0xBD, 0xF2, 0x56, 0xB6, 0xC9, 0x55, 0x8B, 0x10, 0xB7, 0xC9, 0x55, 0x81, 0xF0, 0x26, 0x41,
    0x7F, 0xC9, 0x55, 0xCC, 0x02, 0x00, 0xBD, 0xF2, 0x56, 0xCC, 0x03, 0x00, 0xBD, 0xF2, 0x56, 0x20,
    0x30, 0xB6, 0xC9, 0xDD, 0x2A, 0x01, 0x50, 0x86, 0x02, 0xBD, 0xF2, 0x56, 0xCC, 0x03, 0x00, 0xBD,
    0xF2, 0x56, 0xB6, 0xC9, 0x36, 0x81, 0xFF, 0x27, 0x0A, 0x81, 0xFE, 0x27, 0x06, 0x81, 0xFD, 0x27,
    0x02, 0x20, 0x0E, 0xCC, 0x02, 0x00, 0xBD, 0xF2, 0x56, 0xCC, 0x03, 0x00, 0xBD, 0xF2, 0x56, 0x20,
    0x00, 0xB6, 0xC9, 0x57, 0x26, 0x18, 0xB6, 0xC9, 0x55, 0x26, 0x29, 0xB6, 0xC9, 0x36, 0x26, 0x24,
    0xCC, 0x02, 0x00, 0xBD, 0xF2, 0x56, 0xCC, 0x03, 0x00, 0xBD, 0xF2, 0x56, 0x20, 0x16, 0xF6, 0xC9,
    0x56, 0x86, 0x02, 0xBD, 0xF2, 0x56, 0xCC, 0x03, 0x02, 0xBD, 0xF2, 0x56, 0xB6, 0xC9, 0x56, 0x80,
    0x34, 0xB7, 0xC9, 0x56, 0xB6, 0xC9, 0x58, 0x27, 0x2D, 0xF6, 0xC9, 0x59, 0x86, 0x02, 0xBD, 0xF2,
    0x56, 0xCC, 0x03, 0x00, 0xBD, 0xF2, 0x56, 0xB6, 0xC9, 0x59, 0x8B, 0x24, 0xB7, 0xC9, 0x59, 0x7A,
    0xC9, 0x58, 0xB6, 0xC9, 0x58, 0x26, 0x0F, 0x7F, 0xC9, 0x59, 0xCC, 0x02, 0x00, 0xBD, 0xF2, 0x56,
    0xCC, 0x03, 0x00, 0xBD, 0xF2, 0x56, 0xF6, 0xC9, 0x5C, 0x27, 0x2E, 0xB6, 0xC9, 0xDD, 0x2A, 0x03,
    0x50, 0x20, 0x02, 0x86, 0x00, 0xBD, 0xF2, 0x56, 0xCC, 0x01, 0x00, 0xBD, 0xF2, 0x56, 0xB6, 0xC9,
    0x5C, 0x80, 0x10, 0xB7, 0xC9, 0x5C, 0x81, 0x10, 0x26, 0x0F, 0x7F, 0xC9, 0x5C, 0xCC, 0x00, 0x00,
    0xBD, 0xF2, 0x56, 0xCC, 0x01, 0x00, 0xBD, 0xF2, 0x56, 0x39, 0x34, 0x10, 0xCE, 0x3E, 0x25, 0xBD,
    0xF2, 0x7D, 0x35, 0x10, 0x39, 0x06, 0x1F, 0x07, 0x1C, 0x08, 0x0F, 0x09, 0x0F, 0x0A, 0x10, 0x0B,
    0x0F, 0x0C, 0x7F, 0x0D, 0x10, 0x0E, 0x00, 0xFF, 0x34, 0x10, 0xCE, 0x3E, 0x4E, 0xBD, 0xF2, 0x7D,
    0x35, 0x10, 0x39, 0x34, 0x10, 0xCE, 0x3E, 0x61, 0xBD, 0xF2, 0x7D, 0x35, 0x10, 0x39, 0x06, 0x1F,
    0x07, 0x1C, 0x08, 0x0F, 0x09, 0x0F, 0x0A, 0x10, 0x0B, 0x0F, 0x0C, 0xCF, 0x0D, 0x10, 0x0E, 0x00,
    0xFF, 0x06, 0x0A, 0x07, 0x1C, 0x08, 0x0F, 0x09, 0x0F, 0x0A, 0x10, 0x0B, 0x0F, 0x0C, 0x08, 0x0D,
    0x10, 0x0E, 0x00, 0xFF, 0xCE, 0x56, 0xC0, 0xBD, 0x3F, 0xE8, 0xBD, 0x06, 0xF2, 0xBD, 0xF1, 0x92,
    0xBD, 0xF1, 0xAA, 0xBD, 0x6F, 0xF4, 0xBD, 0x06, 0xE9, 0xB6, 0xC8, 0x1C, 0x81, 0x00, 0x26, 0x03,
    0x20, 0x15, 0x12, 0x81, 0x00, 0x2A, 0x04, 0x2B, 0x05, 0x20, 0x0C, 0x7E, 0x00, 0x5C, 0xBD, 0xF2,
    0x72, 0x7F, 0xC8, 0x00, 0x7E, 0xF0, 0x00, 0xBD, 0x3E, 0xB1, 0xFC, 0xC8, 0xC8, 0x27, 0xC5, 0x20,
    0xCC, 0xFC, 0xC8, 0xC8, 0x27, 0x22, 0x83, 0x00, 0x01, 0xFD, 0xC8, 0xC8, 0x4F, 0xB7, 0xC8, 0xC0,
    0xCE, 0xC8, 0xCC, 0xBD, 0x3F, 0x4E, 0xB6, 0xC8, 0xC0, 0xBD, 0xF2, 0x56, 0x33, 0x4E, 0x7C, 0xC8,
    0xC0, 0xB6, 0xC8, 0xC0, 0x81, 0x0B, 0x26, 0xEB, 0x39, 0xE6, 0x42, 0x26, 0x0C, 0xAE, 0xC4, 0xE6,
    0x80, 0xE7, 0x43, 0xAF, 0xC4, 0xC6, 0x80, 0xE7, 0x42, 0x64, 0x42, 0xE4, 0x43, 0x10, 0x26, 0x00,
    0x7F, 0x6C, 0x46, 0x7F, 0xC8, 0xC5, 0x7F, 0xC8, 0xC4, 0x78, 0xC8, 0xC4, 0x7C, 0xC8, 0xC5, 0xE6,
    0x42, 0x26, 0x0C, 0xAE, 0xC4, 0xE6, 0x80, 0xE7, 0x43, 0xAF, 0xC4, 0xC6, 0x80, 0xE7, 0x42, 0x64,
    0x42, 0xE4, 0x43, 0x27, 0x03, 0x7C, 0xC8, 0xC4, 0xAE, 0x47, 0x30, 0x03, 0xA6, 0x84, 0x84, 0x7F,
    0xB1, 0xC8, 0xC5, 0x2E, 0xD4, 0x26, 0xF3, 0xE6, 0x01, 0xF1, 0xC8, 0xC4, 0x26, 0xEC, 0xE6, 0x02,
    0xA6, 0x84, 0x84, 0x80, 0x27, 0x12, 0xAE, 0x4C, 0x5D, 0x27, 0x07, 0xA6, 0x80, 0x30, 0x86, 0x5A,
    0x26, 0xF9, 0xAF, 0x49, 0x6F, 0x4B, 0x20, 0x06, 0x6F, 0x49, 0x6F, 0x4A, 0xE7, 0x44, 0xEC, 0x45,
    0x27, 0x87, 0xAE, 0x49, 0x27, 0x12, 0xA6, 0x80, 0xE6, 0x4B, 0xE6, 0x85, 0xE7, 0x44, 0x6C, 0x4B,
    0xA1, 0x4B, 0x26, 0x09, 0x6F, 0x4B, 0xEC, 0x45, 0x83, 0x00, 0x01, 0xED, 0x45, 0xE6, 0x44, 0x39,
    0x86, 0x02, 0xB7, 0xC8, 0xC1, 0x7C, 0xC8, 0xC1, 0xE6, 0x42, 0x26, 0x0C, 0xAE, 0xC4, 0xE6, 0x80,
    0xE7, 0x43, 0xAF, 0xC4, 0xC6, 0x80, 0xE7, 0x42, 0x64, 0x42, 0xE4, 0x43, 0x26, 0xE7, 0x5C, 0xF7,
    0xC8, 0xC2, 0xF7, 0xC8, 0xC3, 0xE6, 0x42, 0x26, 0x0C, 0xAE, 0xC4, 0xE6, 0x80, 0xE7, 0x43, 0xAF,
    0xC4, 0xC6, 0x80, 0xE7, 0x42, 0x64, 0x42, 0xE4, 0x43, 0x27, 0x02, 0xC6, 0x01, 0xE7, 0x46, 0xE6,
    0x42, 0x26, 0x0C, 0xAE, 0xC4, 0xE6, 0x80, 0xE7, 0x43, 0xAF, 0xC4, 0xC6, 0x80, 0xE7, 0x42, 0x64,
    0x42, 0xE4, 0x43, 0x27, 0x02, 0xC6, 0x01, 0x4F, 0x48, 0x58, 0x24, 0x02, 0x8A, 0x01, 0x7A, 0xC8,
    0xC3, 0x26, 0xF5, 0xE3, 0x45, 0xED, 0x45, 0x7C, 0xC8, 0xC2, 0xB6, 0xC8, 0xC2, 0xB7, 0xC8, 0xC3,
    0xB1, 0xC8, 0xC1, 0x26, 0xCA, 0x7E, 0x3E, 0xF3, 0x8E, 0xC8, 0xCC, 0xCC, 0x00, 0x9A, 0xBD, 0xF5,
    0x48, 0x10, 0xAE, 0xC1, 0xEC, 0xA4, 0xFD, 0xC8, 0xC6, 0xFD, 0xC8, 0xC8, 0xC6, 0x0B, 0x10, 0xAE,
    0xC1, 0x10, 0xAF, 0x07, 0x10, 0xAE, 0xC1, 0x10, 0xAF, 0x0C, 0x10, 0xAE, 0xC1, 0x10, 0xAF, 0x84,
    0x30, 0x0E, 0x5A, 0x26, 0xE9, 0xFF, 0xC8, 0xCA, 0x39, 0x0D, 0x20, 0x03, 0x04, 0x61, 0x83, 0x06,
    0x02, 0x84, 0x06, 0x06, 0x04, 0x0A, 0x77, 0x84, 0x0B, 0x03, 0x84, 0x0E, 0x01, 0x84, 0x0F, 0x00,
    0x05, 0x02, 0x6F, 0x85, 0x04, 0x08, 0x05, 0x05, 0x71, 0x05, 0x06, 0x51, 0x05, 0x08, 0xFB, 0x05,
    0x09, 0x7F, 0x05, 0x0A, 0x41, 0x05, 0x0B, 0xF3, 0x85, 0x0E, 0x05, 0x85, 0x0F, 0x04, 0x06, 0x01,
    0x81, 0x06, 0x02, 0x87, 0x06, 0x03, 0x0B, 0x06, 0x06, 0xEB, 0x86, 0x07, 0x09, 0x06, 0x0E, 0x03,
    0x86, 0x0F, 0x07, 0x07, 0x01, 0x67, 0x05, 0x51, 0x61, 0x71, 0x81, 0x71, 0x03, 0x51, 0x41, 0x41,
    0x05, 0x6F, 0x67, 0x67, 0x6F, 0x77, 0x03, 0x7F, 0x87, 0x7F, 0x04, 0xFB, 0xF3, 0xEB, 0xEB, 0x03,
    0x03, 0x0B, 0x03, 0x02, 0x6F, 0x67, 0x06, 0x51, 0x61, 0x71, 0x81, 0x81, 0x71, 0x03, 0x67, 0x67,
    0x6F, 0x04, 0xEB, 0xEB, 0xF3, 0xFB, 0x65, 0xCA, 0x98, 0xE9, 0x20, 0xB9, 0x0C, 0x12, 0x97, 0x2A,
    0x65, 0xCA, 0x98, 0x90, 0x63, 0xA4, 0x82, 0xE4, 0x31, 0x6A, 0x5C, 0xAA, 0x4C, 0x02, 0x12, 0x89,
    0x90, 0x44, 0xA9, 0x87, 0x48, 0x31, 0xC7, 0x84, 0xA2, 0x64, 0x11, 0x2A, 0x62, 0x64, 0x11, 0x2A,
    0x62, 0x64, 0x18, 0xE3, 0xCB, 0x51, 0x32, 0x08, 0x95, 0x49, 0x80, 0x42, 0x95, 0x2D, 0x4C, 0xA3,
    0x8F, 0x0A, 0x54, 0xB5, 0x32, 0x96, 0xA6, 0x51, 0x20, 0xC7, 0x1E, 0x5C, 0xA9, 0x6A, 0x93, 0x08,
    0xA5, 0xA8, 0xC2, 0x28, 0xE3, 0xC3, 0x04, 0xA5, 0xA8, 0xC2, 0x29, 0x6A, 0x30, 0x8A, 0x24, 0x18,
    0xE3, 0xC3, 0x16, 0xA5, 0xA8, 0xD2, 0x53, 0xD1, 0xC5, 0x0C, 0x82, 0x81, 0x1C, 0x78, 0x62, 0xC8,
    0x14, 0x08, 0xA8, 0xE2, 0x9E, 0x8E, 0x29, 0xE7, 0x86, 0x2C, 0x81, 0xC0, 0x45, 0x47, 0x14, 0xF4,
    0x71, 0x4F, 0x42, 0xEC, 0x31, 0x64, 0x0E, 0x06, 0x2A, 0x38, 0xA7, 0xA3, 0x8A, 0x7A, 0x0D, 0x61,
    0x8B, 0x20, 0xE4, 0x71, 0x4F, 0x47, 0x14, 0xF4, 0x18, 0xA0, 0xE7, 0x10, 0xE2, 0x9E, 0x8E, 0x29,
    0xE8, 0xE2, 0x8B, 0x20, 0xE2, 0x0B, 0xB2, 0x9E, 0x8E, 0x29, 0xE8, 0xE2, 0x86, 0x20, 0xE2, 0x0B,
    0x0D, 0x25, 0x3D, 0x1C, 0x53, 0xD1, 0xC5, 0x0C, 0x87, 0x1E, 0x19, 0xE8, 0x31, 0x84, 0x52, 0xD4,
    0x61, 0x14, 0x71, 0xE1, 0x82, 0x52, 0xD4, 0x61, 0x14, 0xB5, 0x18, 0x45, 0x12, 0x0C, 0x71, 0xE1,
    0x8B, 0x52, 0xD4, 0x60, 0x13, 0x00, 0x84, 0xA5, 0xCA, 0x98, 0xE9, 0x20, 0xB9, 0x0C, 0x12, 0x97,
    0x2A, 0x65, 0xCA, 0x98, 0x90, 0x63, 0xA4, 0x82, 0xE4, 0x31, 0x6A, 0x5C, 0xA8, 0xC5, 0x3E, 0x51,
    0xC3, 0x20, 0xA0, 0x47, 0x49, 0x05, 0x87, 0x14, 0x08, 0xB2, 0x8E, 0x7C, 0xA3, 0x9F, 0x24, 0x16,
    0x1C, 0x70, 0x11, 0x65, 0x1C, 0xF9, 0x47, 0x3E, 0x50, 0xB0, 0xE3, 0x81, 0x8B, 0x28, 0xE7, 0xCA,
    0x39, 0xF2, 0x83, 0x07, 0x3A, 0x51, 0xCF, 0x94, 0x73, 0xE5, 0x06, 0x28, 0x31, 0x64, 0x1D, 0x24,
    0x39, 0xF2, 0x8E, 0x7C, 0xA3, 0x8B, 0x20, 0xE9, 0x20, 0xB9, 0x29, 0xF2, 0x8E, 0x7C, 0xA3, 0x86,
    0x20, 0xE9, 0x20, 0xB0, 0xC5, 0x3E, 0x51, 0xCF, 0x94, 0x70, 0xC8, 0x74, 0x90, 0x5C, 0x86, 0x7C,
    0xA0, 0xCC, 0xB2, 0x54, 0xC7, 0x0E, 0x3C, 0x25, 0x2C, 0x95, 0x32, 0xC9, 0x53, 0x12, 0x0E, 0x47,
    0x1E, 0x5A, 0x96, 0x4A, 0xA4, 0xC0, 0x21, 0x2A, 0x49, 0x04, 0x4A, 0x9A, 0x47, 0x03, 0x1C, 0x78,
    0x4A, 0x92, 0x41, 0x12, 0xA6, 0x92, 0x41, 0x12, 0xA6, 0x92, 0x41, 0x8E, 0x3C, 0xB5, 0x49, 0x20,
    0x89, 0x54, 0x98, 0x06, 0x42, 0x52, 0xD4, 0x60, 0x19, 0x09, 0x47, 0x1F, 0x21, 0x29, 0x6A, 0x30,
    0x0C, 0x84, 0xA5, 0xA8, 0xC0, 0x32, 0x12, 0x89, 0x06, 0x38, 0xF9, 0x2D, 0x4B, 0x54, 0x98, 0x45,
    0x2D, 0x46, 0x11, 0x47, 0x1E, 0x18, 0x25, 0x2D, 0x46, 0x11, 0x4B, 0x51, 0x84, 0x51, 0x20, 0xC7,
    0x1E, 0x18, 0xB5, 0x2D, 0x46, 0x01, 0x29, 0xE8, 0xE2, 0x86, 0x41, 0x40, 0x8E, 0x3C, 0x31, 0x64,
    0x0A, 0x04, 0x54, 0x71, 0x4F, 0x47, 0x14, 0xF3, 0xC3, 0x16, 0x40, 0xE0, 0x22, 0xA3, 0x8A, 0x7A,
    0x38, 0xA7, 0xA1, 0x76, 0x18, 0xB2, 0x07, 0x03, 0x15, 0x1C, 0x53, 0xD1, 0xC5, 0x3D, 0x06, 0xB0,
    0xC5, 0x90, 0x72, 0x38, 0xA7, 0xA3, 0x8A, 0x7A, 0x38, 0x31, 0x64, 0x1C, 0x43, 0x8A, 0x7A, 0x38,
    0xA7, 0xA3, 0x8A, 0x2C, 0x83, 0x88, 0x2E, 0xCA, 0x7A, 0x38, 0xA7, 0xA3, 0x8A, 0x18, 0x83, 0x8F,
    0x29, 0xE8, 0xE2, 0x9E, 0x8E, 0x28, 0x64, 0x38, 0xF0, 0xCF, 0x41, 0xA4, 0x21, 0x14, 0xB5, 0x48,
    0x42, 0x28, 0xE2, 0x24, 0xB9, 0x0C, 0x12, 0x96, 0xA9, 0x08, 0x45, 0x2D, 0x52, 0x10, 0x8A, 0x24,
    0x18, 0xE2, 0x24, 0xB9, 0x0C, 0x5A, 0x96, 0xA9, 0x08, 0x05, 0x96, 0x4A, 0x98, 0xE1, 0xC7, 0x84,
    0xA5, 0x92, 0xA6, 0x59, 0x2A, 0x62, 0x41, 0xC8, 0xE3, 0xCB, 0x52, 0xC9, 0x51, 0x8A, 0x78, 0xA8,
    0xE1, 0x90, 0x50, 0x32, 0x38, 0xF2, 0xC8, 0x14, 0x0C, 0x8A, 0x8E, 0x78, 0xA8, 0xE7, 0x8A, 0x79,
    0x64, 0x0E, 0x03, 0x22, 0xA3, 0x9E, 0x2A, 0x39, 0xE2, 0xA1, 0x61, 0xC7, 0x03, 0x91, 0x51, 0xCF,
    0x15, 0x1C, 0xF1, 0x50, 0x60, 0xE7, 0x0E, 0x47, 0x3C, 0x54, 0x73, 0xC5, 0x41, 0x8A, 0x0C, 0x59,
    0x07, 0x0E, 0x21, 0xCF, 0x15, 0x1C, 0xF1, 0x51, 0xC5, 0x90, 0x70, 0xE2, 0x0B, 0x92, 0x9E, 0x2A,
    0x39, 0xE2, 0xA3, 0x86, 0x20, 0xE1, 0xC4, 0x16, 0x18, 0xA7, 0x8A, 0x8E, 0x78, 0xA8, 0xE1, 0x90,
    0xE1, 0xC7, 0xBC, 0x54, 0x19, 0x89, 0x90, 0x44, 0xA9, 0x87, 0x48, 0x31, 0xC7, 0x84, 0xA2, 0x64,
    0x11, 0x2A, 0x62, 0x64, 0x11, 0x2A, 0x62, 0x64, 0x18, 0xE3, 0xCB, 0x51, 0x32, 0x08, 0x95, 0x49,
    0x80, 0x42, 0x95, 0x2D, 0x4C, 0xA3, 0x8F, 0x0A, 0x54, 0xB5, 0x32, 0x96, 0xA6, 0x51, 0x20, 0xC7,
    0x1E, 0x5C, 0xA9, 0x6A, 0x93, 0x08, 0xA5, 0xA8, 0xC2, 0x28, 0xE3, 0xC3, 0x04, 0xA5, 0xA8, 0xC2,
    0x29, 0x6A, 0x30, 0x8A, 0x24, 0x18, 0xE3, 0xC3, 0x16, 0xA5, 0xA8, 0xC1, 0x32, 0xD5, 0x21, 0x08,
    0xA3, 0x88, 0x92, 0xE4, 0x30, 0x4A, 0x5A, 0xA4, 0x21, 0x14, 0xB5, 0x48, 0x42, 0x28, 0x90, 0x63,
    0x88, 0x92, 0xE4, 0x31, 0x6A, 0x5A, 0xA4, 0x20, 0x12, 0x9E, 0x92, 0x34, 0x94, 0x32, 0x0A, 0x04,
    0x71, 0x12, 0x58, 0x71, 0x40, 0x8A, 0x92, 0x34, 0x94, 0xF4, 0x91, 0xA4, 0xA7, 0x91, 0x25, 0x87,
    0x1C, 0x04, 0x54, 0x91, 0xA4, 0xA7, 0xA4, 0x8D, 0x25, 0x3D, 0x24, 0xB0, 0xE3, 0x81, 0x8A, 0x92,
    0x34, 0x94, 0xF4, 0x91, 0xA4, 0xA7, 0xA4, 0x8C, 0x1C, 0xE4, 0x91, 0xA4, 0xA7, 0xA4, 0x8D, 0x25,
    0x3D, 0x24, 0x62, 0x83, 0x16, 0x41, 0xC4, 0x48, 0xD2, 0x53, 0xD2, 0x46, 0x92, 0x9E, 0x92, 0x34,
    0x94, 0x59, 0x07, 0x11, 0x25, 0xC9, 0x4F, 0x49, 0x1A, 0x4A, 0x7A, 0x48, 0xD2, 0x50, 0xC4, 0x1C,
    0x44, 0x96, 0x18, 0xA7, 0xA4, 0x8D, 0x25, 0x3D, 0x24, 0x69, 0x28, 0x64, 0x38, 0x89, 0x2E, 0x43,
    0x3D, 0x24, 0x66, 0x5C, 0xA9, 0x8E, 0x92, 0x0B, 0x90, 0xC1, 0x29, 0x72, 0xA6, 0x5C, 0xA9, 0x89,
    0x06, 0x3A, 0x48, 0x2E, 0x43, 0x16, 0xA5, 0xCA, 0xA4, 0xC0, 0x21, 0x28, 0x99, 0x04, 0x4A, 0x98,
    0x74, 0x83, 0x1C, 0x78, 0x4A, 0x26, 0x41, 0x12, 0xA6, 0x26, 0x41, 0x12, 0xA6, 0x26, 0x41, 0x8E,
    0x3C, 0xB5, 0x13, 0x20, 0x89, 0x51, 0x8A, 0x1E, 0x8E, 0x19, 0x05, 0x90, 0x23, 0x8F, 0x2C, 0x81,
    0x64, 0x08, 0xA8, 0xE1, 0xE8, 0xE1, 0xE7, 0x96, 0x40, 0xE9, 0x02, 0x2A, 0x38, 0x7A, 0x38, 0x7A,
    0x16, 0x1C, 0x74, 0x83, 0x15, 0x1C, 0x3D, 0x1C, 0x3D, 0x06, 0x0E, 0x3A, 0x41, 0x8E, 0x47, 0x0F,
    0x47, 0x0F, 0x41, 0x8A, 0x0C, 0x59, 0x03, 0xA4, 0x18, 0xE2, 0x1C, 0x3D, 0x1C, 0x3D, 0x1C, 0x59,
    0x03, 0xA4, 0x18, 0xE2, 0x0B, 0x92, 0x87, 0xA3, 0x87, 0xA3, 0x86, 0x20, 0x74, 0x83, 0x1C, 0x41,
    0x61, 0x8A, 0x1E, 0x8E, 0x1E, 0x8E, 0x19, 0x07, 0x48, 0x31, 0xC7, 0x8F, 0x41, 0x9A, 0x49, 0x04,
    0x4A, 0x9A, 0x47, 0x03, 0x1C, 0x78, 0x4A, 0x92, 0x41, 0x12, 0xA6, 0x92, 0x41, 0x12, 0xA6, 0x92,
    0x41, 0x8E, 0x3C, 0xB5, 0x49, 0x20, 0x89, 0x54, 0x98, 0x06, 0x42, 0x52, 0xD4, 0x60, 0x19, 0x09,
    0x47, 0x1F, 0x21, 0x29, 0x6A, 0x30, 0x0C, 0x84, 0xA5, 0xA8, 0xC0, 0x32, 0x12, 0x89, 0x06, 0x38,
    0xF9, 0x2D, 0x4B, 0x54, 0x98, 0x45, 0x2D, 0x46, 0x11, 0x47, 0x1E, 0x18, 0x25, 0x2D, 0x46, 0x11,
    0x4B, 0x51, 0x84, 0x51, 0x20, 0xC7, 0x1E, 0x18, 0xB5, 0x2D, 0x46, 0x01, 0x30, 0x08, 0x4A, 0x5C,
    0xA9, 0x8E, 0x92, 0x0B, 0x90, 0xC1, 0x29, 0x72, 0xA6, 0x5C, 0xA9, 0x89, 0x06, 0x3A, 0x48, 0x2E,
    0x43, 0x16, 0xA5, 0xCA, 0x8C, 0x53, 0xE5, 0x1C, 0x32, 0x0A, 0x04, 0x74, 0x90, 0x58, 0x71, 0x40,
    0x8B, 0x28, 0xE7, 0xCA, 0x39, 0xF2, 0x41, 0x61, 0xC7, 0x01, 0x16, 0x51, 0xCF, 0x94, 0x73, 0xE5,
    0x0B, 0x0E, 0x38, 0x18, 0xB2, 0x8E, 0x7C, 0xA3, 0x9F, 0x28, 0x30, 0x73, 0xA5, 0x1C, 0xF9, 0x47,
    0x3E, 0x50, 0x62, 0x83, 0x16, 0x41, 0xD2, 0x43, 0x9F, 0x28, 0xE7, 0xCA, 0x38, 0xB2, 0x0E, 0x92,
    0x0B, 0x92, 0x9F, 0x28, 0xE7, 0xCA, 0x38, 0x62, 0x0E, 0x92, 0x0B, 0x0C, 0x53, 0xE5, 0x1C, 0xF9,
    0x47, 0x0C, 0x87, 0x49, 0x05, 0xC8, 0x67, 0xCA, 0x0C, 0xCB, 0x25, 0x4C, 0x70, 0xE3, 0xC2, 0x52,
    0xC9, 0x53, 0x2C, 0x95, 0x31, 0x20, 0xE4, 0x71, 0xE5, 0xA9, 0x64, 0xAA, 0x4C, 0x02, 0x12, 0xA4,
    0x90, 0x44, 0xA9, 0xA4, 0x70, 0x31, 0xC7, 0x84, 0xA9, 0x24, 0x11, 0x2A, 0x69, 0x24, 0x11, 0x2A,
    0x69, 0x24, 0x18, 0xE3, 0xCB, 0x54, 0x92, 0x08, 0x95, 0x18, 0xA1, 0x92, 0x45, 0x02, 0x2A, 0x38,
    0x64, 0x91, 0x40, 0x8E, 0x3C, 0xB2, 0x24, 0x50, 0x22, 0xA3, 0x86, 0x49, 0x14, 0x08, 0xA8, 0xE1,
    0x92, 0x45, 0x02, 0x29, 0xE5, 0x91, 0x23, 0x80, 0x8A, 0x8E, 0x19, 0x24, 0x50, 0x22, 0xA3, 0x86,
    0x49, 0x14, 0x08, 0xA8, 0x58, 0x79, 0x1C, 0x0C, 0x54, 0x70, 0xC9, 0x22, 0x81, 0x15, 0x1C, 0x32,
    0x48, 0xA0, 0x45, 0x41, 0x83, 0xC8, 0xE0, 0x63, 0x91, 0xC3, 0x24, 0x8A, 0x02, 0x01, 0x04, 0x02,
    0x02, 0x07, 0x02, 0x03, 0x08, 0x83, 0x01, 0x00, 0x04, 0x01, 0x05, 0x07, 0x05, 0x05, 0x05, 0x04,
    0x04, 0x04, 0x04, 0xDF, 0x09, 0xEE, 0xD2, 0x19, 0xBD, 0xDA, 0x23, 0x17, 0xBB, 0x09, 0xE1, 0xC3,
    0xC3, 0xA4, 0x35, 0x78, 0x70, 0x9E, 0xED, 0x21, 0x9B, 0x7B, 0x83, 0x86, 0xEF, 0x77, 0xBA, 0x1E,
    0xEF, 0x36, 0x43, 0xDD, 0xEA, 0xD8, 0x7B, 0xBC, 0x5B, 0x09, 0xE1, 0xF2, 0x6C, 0x32, 0x78, 0x79,
    0xB0, 0xD9, 0xE1, 0xE2, 0x6F, 0xF0, 0x61, 0x3D, 0xDA, 0x43, 0x37, 0xBB, 0x09, 0xEE, 0xD2, 0x19,
    0xB8, 0x6D, 0xF8, 0x6E, 0xF7, 0x7B, 0xA1, 0xE1, 0xF5, 0x64, 0x3C, 0x3E, 0x2D, 0x87, 0x87, 0xD9,
    0xB0, 0xC9, 0xEE, 0xF2, 0x6C, 0x36, 0x7B, 0xB9, 0x1E, 0xEE, 0x27, 0x0F, 0xBE, 0x88, 0xC5, 0xEE,
    0xC2, 0x7B, 0xB4, 0x46, 0x2F, 0x0E, 0x90, 0xD5, 0xE1, 0xC3, 0xC3, 0xA4, 0x33, 0x7B, 0xB0, 0x9E,
    0xED, 0x21, 0x9B, 0x86, 0xDF, 0x86, 0xEF, 0x77, 0xBA, 0x1E, 0xEF, 0x36, 0x43, 0xDD, 0xEA, 0xD8,
    0x78, 0x7D, 0x9B, 0x09, 0xE1, 0xF2, 0x6C, 0x32, 0x78, 0x79, 0x1E, 0xEE, 0x26, 0xFF, 0x06, 0x13,
    0xDD, 0xA4, 0x33, 0x7B, 0xB4, 0x46, 0x2F, 0x76, 0x13, 0x86, 0xDF, 0xC8, 0x66, 0xF0, 0xF9, 0xA1,
    0xE1, 0xF5, 0x64, 0x3C, 0x3E, 0x2C, 0x47, 0xBB, 0xD9, 0x88, 0x9E, 0xEF, 0x26, 0x23, 0x27, 0xBB,
    0x98, 0x8D, 0x9E, 0xEF, 0x11, 0x8B, 0x87, 0xDF, 0x44, 0x62, 0xF7, 0x61, 0x3C, 0x38, 0x78, 0x74,
    0x86, 0xAF, 0x0E, 0x13, 0xDD, 0xA4, 0x33, 0x7B, 0xB0, 0x9E, 0xED, 0x21, 0x9B, 0x86, 0xDF, 0x86,
    0xEF, 0x77, 0xBA, 0x1E, 0xEF, 0x36, 0x43, 0xC3, 0xE2, 0xD8, 0x78, 0x7D, 0x9B, 0x09, 0xE1, 0xF2,
    0x6C, 0x36, 0x7B, 0xB9, 0x1E, 0xEE, 0x27, 0x0F, 0xBE, 0x13, 0xDD, 0xA4, 0x33, 0x7B, 0xB4, 0x46,
    0x2F, 0x76, 0x13, 0x86, 0xE0, 0xE1, 0x9B, 0xC3, 0xE6, 0x87, 0x87, 0xD5, 0xB0, 0xF7, 0x78, 0xB1,
    0x1E, 0xEF, 0x66, 0x22, 0x7B, 0xBC, 0x98, 0x8C, 0x9E, 0xEE, 0x62, 0x36, 0x7B, 0xBC, 0x46, 0x2E,
    0x1F, 0x7D, 0x11, 0x8B, 0xC3, 0xA4, 0x35, 0x78, 0x70, 0xF0, 0xE9, 0x0C, 0xDE, 0xEC, 0x27, 0xBB,
    0x48, 0x66, 0xF7, 0x61, 0x3D, 0xDA, 0x43, 0x37, 0x0D, 0xBF, 0x0D, 0xDE, 0xEF, 0x74, 0x3C, 0x3E,
    0xAC, 0x87, 0x87, 0xC5, 0xB0, 0xF0, 0xFB, 0x36, 0x19, 0x3D, 0xDE, 0x4D, 0x86, 0xCF, 0x77, 0x23,
    0xDD, 0xC4, 0xE1, 0xF7, 0xD1, 0x18, 0xBD, 0xD8, 0x4F, 0x76, 0x88, 0xC5, 0xE1, 0xD2, 0x1A, 0xB8,
    0x6E, 0x0E, 0x19, 0xBC, 0x3E, 0x6C, 0x87, 0xBB, 0xD5, 0xB0, 0xF7, 0x78, 0xB1, 0x1C, 0x38, 0x81,
    0x01, 0x00, 0x82, 0x01, 0x01, 0x84, 0x02, 0x03, 0x85, 0x06, 0x04, 0x85, 0x07, 0x02, 0x06, 0x01,
    0x67, 0x06, 0x02, 0x51, 0x06, 0x04, 0x7F, 0x06, 0x05, 0x41, 0x06, 0x06, 0x77, 0x06, 0x07, 0x61,
    0x07, 0x01, 0x87, 0x07, 0x06, 0x6F, 0x07, 0x07, 0x71, 0x08, 0x01, 0x81, 0x0A, 0x61, 0x61, 0x51,
    0x41, 0x41, 0x51, 0x61, 0x71, 0x81, 0x71, 0x0A, 0x6F, 0x67, 0x67, 0x6F, 0x77, 0x7F, 0x87, 0x7F,
    0x77, 0x77, 0x0C, 0x61, 0x61, 0x51, 0x41, 0x41, 0x51, 0x61, 0x71, 0x87, 0x7F, 0x77, 0x77, 0x08,
    0x6F, 0x67, 0x67, 0x6F, 0x77, 0x7F, 0x87, 0x7F, 0x08, 0x6F, 0x41, 0x41, 0x51, 0x61, 0x71, 0x81,
    0x71, 0xE1, 0xA2, 0xEA, 0xC7, 0xC6, 0x8D, 0xC3, 0xC8, 0x7E, 0x1A, 0x2E, 0xAC, 0x7C, 0x68, 0xDC,
    0x3C, 0x87, 0xE1, 0xA2, 0xEA, 0xC7, 0xC6, 0x8D, 0xC3, 0xC8, 0x7E, 0x1A, 0x2E, 0xAC, 0x7C, 0x68,
    0xDC, 0x3C, 0x87, 0x01, 0x01, 0x08, 0x02, 0x01, 0x07, 0xFC, 0x3E, 0xFE, 0x5B, 0xFD, 0x7D, 0xFD,
    0x3F, 0xFC, 0x3E, 0xFE, 0x5B, 0xFD, 0x7D, 0xFD, 0x3F, 0xFC, 0x3E, 0xFE, 0x5B, 0xFD, 0x7D, 0xFD,
    0x3F, 0xFC, 0x3E, 0xFE, 0x5B, 0xFD, 0x7D, 0xFD, 0x3F, 0x84, 0x0A, 0x07, 0x84, 0x0C, 0x04, 0x84,
    0x0D, 0x03, 0x84, 0x0E, 0x00, 0x84, 0x0F, 0x01, 0x85, 0x10, 0x09, 0x85, 0x11, 0x05, 0x85, 0x12,
    0x08, 0x05, 0x13, 0xBB, 0x85, 0x16, 0x06, 0x85, 0x17, 0x02, 0x86, 0x0C, 0x19, 0x86, 0x10, 0x17,
    0x86, 0x12, 0x1E, 0x86, 0x14, 0x21, 0x86, 0x15, 0x1C, 0x86, 0x16, 0x0E, 0x86, 0x18, 0x11, 0x86,
    0x19, 0x12, 0x86, 0x1A, 0x0B, 0x86, 0x1B, 0x0C, 0x86, 0x1C, 0x13, 0x86, 0x1D, 0x14, 0x86, 0x1E,
    0x15, 0x87, 0x10, 0x2A, 0x87, 0x11, 0x2B, 0x87, 0x12, 0x2C, 0x87, 0x14, 0x1B, 0x87, 0x15, 0x26,
    0x87, 0x16, 0x28, 0x07, 0x17, 0x91, 0x87, 0x1A, 0x22, 0x87, 0x1B, 0x23, 0x87, 0x1C, 0x24, 0x87,
    0x1D, 0x25, 0x87, 0x1E, 0x27, 0x87, 0x1F, 0x16, 0x87, 0x22, 0x18, 0x87, 0x23, 0x1D, 0x87, 0x26,
    0x1F, 0x87, 0x27, 0x20, 0x87, 0x2E, 0x0F, 0x87, 0x2F, 0x10, 0x87, 0x3E, 0x0A, 0x87, 0x3F, 0x0D,
    0x08, 0x10, 0xD4, 0x08, 0x12, 0xC9, 0x08, 0x14, 0x18, 0x08, 0x15, 0x28, 0x08, 0x16, 0xB2, 0x08,
    0x18, 0xEC, 0x08, 0x19, 0x2C, 0x08, 0x1A, 0x63, 0x08, 0x1B, 0xC8, 0x08, 0x1C, 0xA9, 0x08, 0x1D,
    0xDC, 0x88, 0x1E, 0x2D, 0x88, 0x1F, 0x1A, 0x08, 0x26, 0x30, 0x88, 0x27, 0x29, 0x09, 0x08, 0xAA,
    0x09, 0x0A, 0xD6, 0x09, 0x0C, 0xEE, 0x09, 0x0D, 0x14, 0x09, 0x0E, 0x34, 0x09, 0x10, 0x93, 0x09,
    0x11, 0xA7, 0x09, 0x12, 0xB0, 0x09, 0x13, 0x16, 0x09, 0x14, 0x1A, 0x09, 0x15, 0x62, 0x09, 0x16,
    0x65, 0x09, 0x18, 0x0A, 0x09, 0x19, 0x0B, 0x09, 0x1A, 0x0C, 0x09, 0x1B, 0x0D, 0x09, 0x1C, 0x64,
    0x09, 0x1D, 0x8F, 0x09, 0x1E, 0x92, 0x09, 0x1F, 0xEF, 0x09, 0x22, 0x90, 0x09, 0x23, 0xB9, 0x09,
    0x26, 0xC7, 0x09, 0x27, 0xD3, 0x09, 0x2E, 0xC6, 0x09, 0x2F, 0xDD, 0x0A, 0x04, 0x1C, 0x0A, 0x05,
    0x67, 0x0A, 0x06, 0x6A, 0x0A, 0x08, 0xBD, 0x0A, 0x09, 0xCA, 0x0A, 0x0A, 0xF0, 0x0A, 0x0B, 0x0E,
    0x0A, 0x0C, 0x6B, 0x0A, 0x0D, 0xA8, 0x0A, 0x0E, 0xDF, 0x0A, 0x0F, 0x85, 0x0A, 0x12, 0xB3, 0x0A,
    0x13, 0xD2, 0x0A, 0x16, 0xDE, 0x0A, 0x17, 0xED, 0x0A, 0x1E, 0x66, 0x0A, 0x1F, 0x68, 0x0A, 0x2E,
    0xD5, 0x0A, 0x2F, 0xDB, 0x0B, 0x01, 0x88, 0x0B, 0x02, 0x69, 0x0B, 0x03, 0x84, 0x0B, 0x04, 0xAB,
    0x0B, 0x05, 0xB1, 0x0B, 0x06, 0xB4, 0x0B, 0x07, 0xBF, 0x0B, 0x0E, 0x86, 0x0B, 0x0F, 0xB7, 0x0C,
    0x01, 0x6C, 0x0D, 0x01, 0x38, 0x06, 0x30, 0x30, 0x34, 0x38, 0x34, 0x30, 0x05, 0xB9, 0xB7, 0xB7,
    0xB9, 0xBB, 0x0E, 0xA9, 0xD3, 0xA7, 0xD2, 0xA8, 0xD4, 0xD4, 0xAA, 0xD6, 0xAA, 0xD4, 0xA8, 0xD2,
    0xA7, 0x0F, 0xD3, 0x6A, 0x6A, 0xD5, 0x6C, 0xD5, 0x6A, 0xD3, 0x68, 0xD2, 0x69, 0xD4, 0xD4, 0x6B,
    0xD6, 0x03, 0xBD, 0xBF, 0xBD, 0x09, 0x14, 0x0A, 0x16, 0x0C, 0x0C, 0x1A, 0x0E, 0x1A, 0x0C, 0x04,
    0x2C, 0x28, 0x28, 0x2C, 0x0F, 0x91, 0xC7, 0x8F, 0xC6, 0x90, 0xC8, 0xC8, 0x92, 0xCA, 0x92, 0xC8,
    0x90, 0xC6, 0x8F, 0xC7, 0x0E, 0xDB, 0xED, 0xDD, 0xDD, 0xEF, 0xDF, 0xEF, 0xDD, 0xED, 0xDB, 0xEC,
    0xDC, 0xEE, 0xEE, 0x09, 0xA8, 0xA7, 0xD2, 0xD3, 0xA9, 0xA9, 0xAA, 0xD6, 0x34, 0x08, 0xC7, 0x91,
    0x91, 0xC9, 0x93, 0xC9, 0x91, 0xC7, 0x0F, 0xDD, 0xDD, 0xDC, 0xEC, 0xEC, 0xDC, 0xDD, 0xEF, 0xF0,
    0xDE, 0xDD, 0xDD, 0xED, 0xEC, 0xDB, 0x0F, 0xDD, 0xDC, 0xEC, 0xEC, 0xDC, 0xDD, 0xDD, 0xEF, 0xF0,
    0xDE, 0xDD, 0xED, 0xEC, 0xDB, 0xDC, 0x08, 0xC8, 0xC8, 0x65, 0xCA, 0x65, 0xC8, 0x63, 0xC6, 0x07,
    0x92, 0x93, 0xC9, 0xC8, 0x90, 0x8F, 0xC6, 0x07, 0x90, 0xC8, 0xC8, 0x92, 0xCA, 0x92, 0xC8, 0x0E,
    0x2C, 0x28, 0x28, 0xA8, 0xA9, 0xA9, 0xD5, 0xD6, 0xAA, 0xA9, 0xD3, 0x28, 0x28, 0x2C, 0x07, 0x16,
    0x0A, 0x14, 0x0B, 0x18, 0x18, 0x0D, 0x0E, 0x2C, 0x28, 0x28, 0x16, 0x18, 0x18, 0x0D, 0x0E, 0x1A,
    0x18, 0x0B, 0x0A, 0x14, 0x16, 0x0F, 0xDE, 0xF0, 0x92, 0xC8, 0x90, 0xC6, 0x8F, 0xC7, 0x91, 0x91,
    0xB3, 0x67, 0xB3, 0x65, 0xB1, 0x0F, 0x6B, 0xD4, 0x63, 0xC6, 0x62, 0xC7, 0x64, 0x64, 0xC9, 0x66,
    0xC9, 0x64, 0xC7, 0x62, 0xC6, 0x0F, 0x6B, 0x0C, 0x85, 0x0A, 0x84, 0x0B, 0x86, 0x86, 0x0D, 0x88,
    0x0D, 0x86, 0x0B, 0x84, 0x0A, 0x0A, 0xDE, 0xDF, 0xEF, 0xEE, 0xEE, 0xDC, 0xDB, 0xEC, 0xB9, 0xBB,
    0x05, 0x90, 0xC6, 0xC6, 0x90, 0x91, 0x05, 0xB9, 0xB7, 0x63, 0x64, 0xB2, 0x09, 0x92, 0x93, 0xC9,
    0xC8, 0xC8, 0x90, 0x8F, 0xC6, 0xB9, 0x03, 0xC9, 0xBF, 0xBD, 0x04, 0xB3, 0x67, 0x66, 0xB2, 0x0B,
    0xBB, 0xDE, 0xDF, 0xEF, 0xEE, 0xDC, 0xDB, 0xEC, 0xB9, 0xBB, 0xBB, 0x0A, 0x16, 0x14, 0x0A, 0x0B,
    0x18, 0x18, 0x1A, 0x0E, 0x34, 0x30, 0x0A, 0x30, 0x30, 0x34, 0x93, 0x92, 0xC8, 0xC7, 0x8F, 0x8F,
    0xC7, 0x0A, 0x18, 0x18, 0x1A, 0x0E, 0x0D, 0x18, 0x16, 0x0A, 0x28, 0x2C, 0x0A, 0x2C, 0xA7, 0xA7,
    0xD3, 0xD4, 0xD4, 0xAA, 0xAB, 0xD5, 0x30, 0x0A, 0x30, 0x30, 0x34, 0x1C, 0x1A, 0x0C, 0x0B, 0x14,
    0x14, 0x0B, 0x09, 0x90, 0xEC, 0xDB, 0xED, 0xDD, 0xDD, 0xEF, 0xDF, 0xEF, 0x09, 0x65, 0x65, 0xB3,
    0x67, 0xB3, 0x65, 0xB1, 0x63, 0xC6, 0x09, 0x63, 0xB0, 0x64, 0xB2, 0xB2, 0x66, 0xB4, 0x66, 0x0C,
    0x09, 0x16, 0x0A, 0xA7, 0xD3, 0xA9, 0xA9, 0xD5, 0xAB, 0xD5, 0x04, 0x1C, 0x0D, 0x18, 0x0B, 0x09,
    0x90, 0xC6, 0x8F, 0xC7, 0x91, 0x91, 0xC9, 0x93, 0xD5, 0x08, 0x65, 0xC8, 0x63, 0xC6, 0x62, 0xC7,
    0x64, 0x64, 0x07, 0x66, 0xB4, 0x66, 0xB2, 0x64, 0xB0, 0x63, 0x06, 0x0C, 0x0C, 0x0D, 0x1C, 0x1A,
    0x30, 0x03, 0xC9, 0x93, 0xC9, 0x06, 0xD6, 0x6B, 0xD4, 0x69, 0xD2, 0x68, 0x04, 0xD3, 0x18, 0x18,
    0x0D, 0x7B, 0x25, 0x37, 0x8F, 0xB2, 0x53, 0x7B, 0x24, 0x5C, 0x80, 0x7E, 0x53, 0x7B, 0x25, 0x32,
    0x21, 0x40, 0xB3, 0xD9, 0x29, 0xBC, 0x62, 0x6C, 0x94, 0xDE, 0xC3, 0x41, 0xD7, 0xA6, 0xC4, 0xDE,
    0x55, 0x89, 0xBD, 0x36, 0x0B, 0x90, 0x17, 0x0F, 0xA6, 0xF4, 0xD8, 0x99, 0x10, 0x58, 0x51, 0xE9,
    0xB1, 0x37, 0xA6, 0x58, 0x23, 0x94, 0xD8, 0x9B, 0xD3, 0x61, 0xB7, 0x2C, 0xE2, 0x35, 0x9C, 0x5E,
    0xE5, 0x89, 0x39, 0x67, 0x20, 0x26, 0x59, 0xC6, 0x44, 0x16, 0x72, 0xC4, 0xCE, 0x40, 0x4C, 0xB4,
    0x89, 0x8B, 0x06, 0x5C, 0x4E, 0xB1, 0x47, 0x06, 0x42, 0xA9, 0x1C, 0x0D, 0x02, 0x45, 0xC3, 0x4A,
    0x1B, 0x2E, 0x0E, 0x86, 0x12, 0x13, 0x9F, 0x0E, 0x18, 0x15, 0x44, 0x75, 0x70, 0x9E, 0x43, 0x82,
    0x2A, 0x91, 0x71, 0x15, 0xC3, 0xC2, 0xA8, 0x8F, 0x2E, 0x7C, 0x89, 0x81, 0x26, 0x9D, 0x0D, 0x1F,
    0x82, 0xAD, 0x3C, 0x03, 0xCF, 0xC0, 0xFB, 0x45, 0x9E, 0xC9, 0x4D, 0xE3, 0xEC, 0x94, 0xDE, 0xC9,
    0x17, 0x20, 0x1F, 0x94, 0xDE, 0xC9, 0x4C, 0x88, 0x50, 0x2C, 0xF6, 0x4A, 0x6F, 0x18, 0x9B, 0x25,
    0x37, 0xB0, 0xD0, 0x75, 0xE9, 0xB1, 0x37, 0x95, 0x62, 0x6F, 0x4D, 0x82, 0xE4, 0x05, 0xC3, 0xE9,
    0xBD, 0x36, 0x26, 0x44, 0x16, 0x14, 0x7A, 0x6C, 0x4D, 0xE9, 0x96, 0x08, 0xE5, 0x36, 0x26, 0xF4,
    0xD8, 0x6D, 0xCB, 0x38, 0x8D, 0x67, 0x17, 0xB9, 0x62, 0x4E, 0x59, 0xC8, 0x09, 0x96, 0x71, 0x91,
    0x05, 0x9C, 0xB1, 0x33, 0x90, 0x13, 0x2D, 0x22, 0x62, 0xC1, 0x97, 0x13, 0xAC, 0x51, 0xC1, 0x90,
    0xAA, 0x47, 0x03, 0x40, 0x91, 0x70, 0xD2, 0x86, 0xCB, 0x83, 0xA1, 0x84, 0x84, 0xE7, 0xC3, 0x86,
    0x05, 0x51, 0x1D, 0x5C, 0x27, 0x90, 0xE0, 0x8A, 0xA4, 0x5C, 0x45, 0x70, 0xF0, 0xAA, 0x23, 0xCB,
    0x9F, 0x22, 0x60, 0x49, 0xA7, 0x43, 0x47, 0xE0, 0xAB, 0x4F, 0x00, 0xF3, 0xF0, 0x3E, 0xD1, 0x67,
    0xB2, 0x53, 0x78, 0xFB, 0x25, 0x37, 0xB2, 0x45, 0xC8, 0x07, 0xE5, 0x37, 0xB2, 0x53, 0x22, 0x14,
    0x0B, 0x3D, 0x92, 0x9B, 0xC6, 0x26, 0xC9, 0x4D, 0xEC, 0x34, 0x1D, 0x7A, 0x6C, 0x4D, 0xE5, 0x58,
    0x9B, 0xD3, 0x60, 0xB9, 0x01, 0x70, 0xFA, 0x6F, 0x4D, 0x89, 0x91, 0x05, 0x85, 0x1E, 0x9B, 0x13,
    0x7A, 0x65, 0x82, 0x39, 0x4D, 0x89, 0xBD, 0x36, 0x1B, 0x72, 0xCE, 0x23, 0x59, 0xC5, 0xEE, 0x58,
    0x93, 0x96, 0x72, 0x02, 0x65, 0x9C, 0x64, 0x41, 0x67, 0x2C, 0x4C, 0xE4, 0x04, 0xCB, 0x48, 0x98,
    0xB0, 0x65, 0xC4, 0xEB, 0x14, 0x70, 0x64, 0x2A, 0x91, 0xC0, 0xD0, 0x24, 0x5C, 0x34, 0xA1, 0xB2,
    0xE0, 0xE8, 0x61, 0x21, 0x39, 0xF0, 0xE1, 0x81, 0x54, 0x47, 0x57, 0x09, 0xE4, 0x38, 0x22, 0xA9,
    0x17, 0x11, 0x5C, 0x3C, 0x2A, 0x88, 0xF2, 0xE7, 0xC8, 0x98, 0x12, 0x69, 0xD0, 0xD1, 0xF8, 0x2A,
    0xD3, 0xC0, 0x3C, 0xFC, 0x0F, 0xB4, 0x59, 0xEC, 0x94, 0xDE, 0x3E, 0xC9, 0x4D, 0xEC, 0x91, 0x72,
    0x01, 0xF9, 0x4D, 0xEC, 0x94, 0xC8, 0x85, 0x02, 0xCF, 0x64, 0xA6, 0xF1, 0x89, 0xB2, 0x53, 0x7B,
    0x0D, 0x07, 0x5E, 0x9B, 0x13, 0x79, 0x56, 0x26, 0xF4, 0xD8, 0x2E, 0x40, 0x5C, 0x3E, 0x9B, 0xD3,
    0x62, 0x64, 0x41, 0x61, 0x47, 0xA6, 0xC4, 0xDE, 0x99, 0x60, 0x8E, 0x53, 0x62, 0x6F, 0x4D, 0x86,
    0xDC, 0xB3, 0x88, 0xD6, 0x71, 0x7B, 0x96, 0x24, 0xE5, 0x9C, 0x80, 0x99, 0x67, 0x19, 0x10, 0x59,
    0xCB, 0x13, 0x39, 0x01, 0x32, 0xD2, 0x26, 0x2C, 0x19, 0x71, 0x3A, 0xC5, 0x1C, 0x19, 0x0A, 0xA4,
    0x70, 0x34, 0x09, 0x17, 0x0D, 0x28, 0x6C, 0xB8, 0x3A, 0x18, 0x48, 0x4E, 0x7C, 0x38, 0x60, 0x55,
    0x11, 0xD5, 0xC2, 0x79, 0x0E, 0x08, 0xAA, 0x45, 0xC4, 0x57, 0x0F, 0x0A, 0xA2, 0x3C, 0xB9, 0xF2,
    0x26, 0x04, 0x9A, 0x74, 0x34, 0x7E, 0x0A, 0xB4, 0xF0, 0x0F, 0x3F, 0x03, 0xED, 0x16, 0x02, 0x02,
    0x00, 0x03, 0x01, 0x01, 0x83, 0x02, 0x01, 0x03, 0x03, 0x04, 0x03, 0x06, 0x03, 0x83, 0x07, 0x00,
    0x05, 0x01, 0x02, 0x85, 0x02, 0x03, 0x85, 0x03, 0x02, 0x09, 0x00, 0x01, 0x00, 0x01, 0x00, 0x01,
    0x00, 0x01, 0x00, 0x03, 0x01, 0x01, 0x00, 0x04, 0x02, 0x01, 0x02, 0x01, 0x03, 0x02, 0x02, 0x01,
    0xDF, 0x8A, 0x51, 0x6F, 0xD6, 0x32, 0x8B, 0x83, 0x89, 0x12, 0xDF, 0x8A, 0x51, 0x6F, 0xD6, 0x32,
    0x89, 0x58, 0xCA, 0x91, 0xE0, 0xE2, 0x45, 0xC1, 0xC4, 0xAC, 0x56, 0xFC, 0x52, 0x8B, 0x83, 0x89,
    0x17, 0x07, 0x12, 0xB1, 0x94, 0x4A, 0x47, 0x82, 0xC2, 0x1B, 0x04, 0x77, 0xBB, 0x19, 0x45, 0xC1,
    0x64, 0x8B, 0x82, 0xC9, 0x58, 0xAD, 0xEE, 0xC1, 0x91, 0x08, 0x42, 0x91, 0x90, 0x77, 0xBB, 0x06,
    0x44, 0x2C, 0x2C, 0x95, 0x8A, 0xC2, 0xC9, 0x16, 0x16, 0x52, 0x8B, 0x0B, 0x08, 0x42, 0xC2, 0xC5,
    0x48, 0xCB, 0xC8, 0xCB, 0xC8, 0xCB, 0xC8, 0xCB, 0xC8, 0xCB, 0xC8, 0xBA, 0x15, 0x22, 0x18, 0x52,
    0x18, 0x86, 0x09, 0x48, 0xCB, 0xC8, 0xCB, 0xC8, 0xCB, 0x85, 0x21, 0x88, 0x22, 0x09, 0x0A, 0x91,
    0x97, 0x21, 0x42, 0x83, 0x19, 0x0C, 0x2F, 0x3F, 0x0A, 0x14, 0x32, 0x85, 0x0A, 0x14, 0x3E, 0x86,
    0xDF, 0x8A, 0x51, 0x6F, 0xD6, 0x32, 0x8B, 0x83, 0x89, 0x12, 0xDF, 0x8A, 0x51, 0x6F, 0xD6, 0x32,
    0x89, 0x58, 0xCA, 0x91, 0xE0, 0xE2, 0x45, 0xC1, 0xC4, 0xAC, 0x56, 0xFC, 0x52, 0x8B, 0x83, 0x89,
    0x17, 0x07, 0x12, 0xB1, 0x94, 0x4A, 0x47, 0x82, 0xC2, 0x1B, 0x04, 0x77, 0xBB, 0x19, 0x45, 0xC1,
    0x64, 0x8B, 0x82, 0xC9, 0x58, 0xAD, 0xEE, 0xC1, 0x91, 0x08, 0x42, 0x91, 0x90, 0x77, 0xBB, 0x06,
    0x44, 0x2C, 0x2C, 0x95, 0x8A, 0xC2, 0xC9, 0x16, 0x16, 0x52, 0x8B, 0x0B, 0x08, 0x42, 0xC2, 0xC5,
    0x48, 0xCB, 0xC8, 0xCB, 0xC8, 0xCB, 0xC8, 0xCB, 0xC8, 0xCB, 0xC8, 0xBA, 0x15, 0x22, 0x18, 0x52,
    0x18, 0x86, 0x09, 0x48, 0xCB, 0xC8, 0xCB, 0xC8, 0xCB, 0x85, 0x21, 0x88, 0x22, 0x09, 0x0A, 0x91,
    0x97, 0x21, 0x42, 0x83, 0x19, 0x0C, 0x2F, 0x3F, 0x0A, 0x14, 0x32, 0x85, 0x0A, 0x14, 0x3E, 0x86,
    0xDF, 0x8A, 0x51, 0x6F, 0xD6, 0x32, 0x8B, 0x83, 0x89, 0x12, 0xDF, 0x8A, 0x51, 0x6F, 0xD6, 0x32,
    0x89, 0x58, 0xCA, 0x91, 0xE0, 0xE2, 0x45, 0xC1, 0xC4, 0xAC, 0x56, 0xFC, 0x52, 0x8B, 0x83, 0x89,
    0x17, 0x07, 0x12, 0xB1, 0x94, 0x4A, 0x47, 0x82, 0xC2, 0x1B, 0x04, 0x77, 0xBB, 0x19, 0x45, 0xC1,
    0x64, 0x8B, 0x82, 0xC9, 0x58, 0xAD, 0xEE, 0xC1, 0x91, 0x08, 0x42, 0x91, 0x90, 0x77, 0xBB, 0x06,
    0x44, 0x2C, 0x2C, 0x95, 0x8A, 0xC2, 0xC9, 0x16, 0x16, 0x52, 0x8B, 0x0B, 0x08, 0x42, 0xC2, 0xC5,
    0x48, 0xCB, 0xC8, 0xCB, 0xC8, 0xCB, 0xC8, 0xCB, 0xC8, 0xCB, 0xC8, 0xBA, 0x15, 0x22, 0x18, 0x52,
    0x18, 0x86, 0x09, 0x48, 0xCB, 0xC8, 0xCB, 0xC8, 0xCB, 0x85, 0x21, 0x88, 0x22, 0x09, 0x0A, 0x91,
    0x97, 0x21, 0x42, 0x83, 0x19, 0x0C, 0x2F, 0x3F, 0x0A, 0x14, 0x32, 0x85, 0x0A, 0x14, 0x3E, 0x86,
    0xDF, 0x8A, 0x51, 0x6F, 0xD6, 0x32, 0x8B, 0x83, 0x89, 0x12, 0xDF, 0x8A, 0x51, 0x6F, 0xD6, 0x32,
    0x89, 0x58, 0xCA, 0x91, 0xE0, 0xE2, 0x45, 0xC1, 0xC4, 0xAC, 0x56, 0xFC, 0x52, 0x8B, 0x83, 0x89,
    0x17, 0x07, 0x12, 0xB1, 0x94, 0x4A, 0x47, 0x82, 0xC2, 0x1B, 0x04, 0x77, 0xBB, 0x19, 0x45, 0xC1,
    0x64, 0x8B, 0x82, 0xC9, 0x58, 0xAD, 0xEE, 0xC1, 0x91, 0x08, 0x42, 0x91, 0x90, 0x77, 0xBB, 0x06,
    0x44, 0x2C, 0x2C, 0x95, 0x8A, 0xC2, 0xC9, 0x16, 0x16, 0x52, 0x8B, 0x0B, 0x08, 0x42, 0xC2, 0xC5,
    0x48, 0xCB, 0xC8, 0xCB, 0xC8, 0xCB, 0xC8, 0xCB, 0xC8, 0xCB, 0xC8, 0xBA, 0x15, 0x22, 0x18, 0x52,
    0x18, 0x86, 0x09, 0x48, 0xCB, 0xC8, 0xCB, 0xC8, 0xCB, 0x85, 0x21, 0x88, 0x22, 0x09, 0x0A, 0x91,
    0x97, 0x21, 0x42, 0x83, 0x19, 0x0C, 0x2F, 0x3F, 0x0A, 0x14, 0x32, 0x85, 0x0A, 0x14, 0x3E, 0x86,
    0x02, 0x02, 0x1F, 0x82, 0x03, 0x00, 0x83, 0x02, 0x01, 0x83, 0x03, 0x02, 0x04, 0x01, 0x17, 0x84,
    0x02, 0x03, 0x04, 0x03, 0x01, 0x0A, 0x01, 0x1F, 0x1F, 0x1F, 0x1F, 0x1F, 0x1F, 0x1F, 0x01, 0x1F,
    0x02, 0x1F, 0x17, 0x07, 0x1F, 0x1F, 0x1F, 0x1F, 0x1F, 0x1F, 0x01, 0x03, 0x1F, 0x1F, 0x17, 0x1E,
    0x78, 0x64, 0x22, 0x75, 0xA4, 0x66, 0x41, 0x92, 0x77, 0x8C, 0x52, 0x4E, 0x4C, 0x76, 0x4F, 0x3C,
    0x3B, 0x27, 0x39, 0x86, 0x4A, 0x46, 0x7B, 0xE1, 0xD9, 0x04, 0x67, 0x79, 0x84, 0x84, 0x33, 0x1E,
    0x78, 0x72, 0x41, 0x27, 0x59, 0x84, 0x44, 0xEF, 0x19, 0x06, 0x49, 0xC9, 0x8A, 0x49, 0xDE, 0x31,
    0xD9, 0x39, 0xCC, 0x32, 0x4F, 0x3C, 0x3B, 0x29, 0x1C, 0xE6, 0x76, 0x41, 0x19, 0xEF, 0x87, 0x24,
    0x21, 0x98, 0xCE, 0xF0, 0xE4, 0x82, 0x4E, 0xF1, 0x90, 0x89, 0xD6, 0x91, 0x99, 0x06, 0x49, 0xDE,
    0x31, 0x49, 0x39, 0x31, 0xD9, 0x3C, 0xF0, 0xEC, 0x9C, 0xE6, 0x19, 0x29, 0x19, 0xEF, 0x87, 0x64,
    0x11, 0x9D, 0xE6, 0x12, 0x10, 0xCC, 0x79, 0xE1, 0xC9, 0x04, 0x9D, 0x66, 0x11, 0x13, 0xBC, 0x64,
    0x19, 0x27, 0x26, 0x29, 0x27, 0x78, 0xC7, 0x64, 0xE7, 0x30, 0xC9, 0x3C, 0xF0, 0xEC, 0xA4, 0x73,
    0x99, 0xD9, 0x04, 0x67, 0xBE, 0x1C, 0x90, 0x86, 0x63, 0x3B, 0xC3, 0x92, 0x09, 0x3B, 0xC6, 0x42,
    0x27, 0x5A, 0x46, 0x64, 0x19, 0x27, 0x78, 0xC5, 0x24, 0xE4, 0xC7, 0x64, 0xF3, 0xC3, 0xB2, 0x73,
    0x98, 0x64, 0xA4, 0x67, 0xBE, 0x1D, 0x90, 0x46, 0x77, 0x98, 0x48, 0x43, 0x31, 0xE7, 0x87, 0x24,
    0x12, 0x75, 0x98, 0x44, 0x4E, 0xF1, 0x90, 0x64, 0x9C, 0x98, 0xA4, 0x9D, 0xE3, 0x1D, 0x93, 0x9C,
    0xC3, 0x24, 0xF3, 0xC3, 0xB2, 0x91, 0xCE, 0x67, 0x64, 0x11, 0x9E, 0xF8, 0x72, 0x42, 0x19, 0x8C,
    0xEF, 0x0E, 0x48, 0x24, 0xEF, 0x19, 0x08, 0x9D, 0x69, 0x19, 0x90, 0x64, 0x9D, 0xE3, 0x14, 0x93,
    0x93, 0x1D, 0x93, 0xCF, 0x0E, 0xC9, 0xCE, 0x61, 0x92, 0x91, 0x9E, 0xF8, 0x76, 0x41, 0x19, 0xDE,
    0x61, 0x21, 0x0C, 0xC7, 0x9E, 0x1C, 0x90, 0x49, 0xD6, 0x61, 0x11, 0x3B, 0xC6, 0x41, 0x92, 0x72,
    0x62, 0x92, 0x77, 0x8C, 0x76, 0x4E, 0x73, 0x0C, 0x93, 0xCF, 0x0E, 0xCA, 0x47, 0x39, 0x9D, 0x90,
    0x46, 0x7B, 0xE1, 0xC9, 0x08, 0x66, 0x33, 0xBC, 0x39, 0x20, 0x93, 0xBC, 0x64, 0x22, 0x75, 0xA4,
    0x66, 0x41, 0x92, 0x77, 0x8C, 0x52, 0x4E, 0x4C, 0x76, 0x4F, 0x3C, 0x3B, 0x27, 0x39, 0x86, 0x4A,
    0x46, 0x7B, 0xE1, 0xD9, 0x04, 0x67, 0x79, 0x84, 0x84, 0x33, 0x1E, 0x78, 0x72, 0x41, 0x27, 0x59,
    0x84, 0x44, 0xEF, 0x19, 0x06, 0x49, 0xC9, 0x8A, 0x49, 0xDE, 0x31, 0xD9, 0x39, 0xCC, 0x32, 0x4F,
    0x3C, 0x3B, 0x29, 0x1C, 0xE6, 0x76, 0x41, 0x19, 0xEF, 0x87, 0x24, 0x21, 0x98, 0xCE, 0xF0, 0xE4,
    0x82, 0x4E, 0xF1, 0x90, 0x89, 0xD6, 0x91, 0x99, 0x06, 0x49, 0xDE, 0x31, 0x49, 0x39, 0x31, 0xD9,
    0x3C, 0xF0, 0xEC, 0x9C, 0xE6, 0x19, 0x29, 0x19, 0xEF, 0x87, 0x64, 0x11, 0x9D, 0xE6, 0x12, 0x10,
    0xCC, 0x79, 0xE1, 0xC9, 0x04, 0x9D, 0x66, 0x11, 0x13, 0xBC, 0x64, 0x19, 0x27, 0x26, 0x29, 0x27,
    0x78, 0xC7, 0x64, 0xE7, 0x30, 0xC9, 0x3C, 0xF0, 0xEC, 0xA4, 0x73, 0x99, 0xD9, 0x04, 0x67, 0xBE,
    0x1C, 0x90, 0x86, 0x63, 0x3B, 0xC3, 0x92, 0x09, 0x0E, 0xF0, 0x82, 0x02, 0x01, 0x82, 0x03, 0x00,
    0x83, 0x01, 0x03, 0x83, 0x02, 0x02, 0x03, 0x03, 0x38, 0x04, 0x01, 0x31, 0x05, 0x01, 0x30, 0x0F,
    0x31, 0x31, 0x31, 0x31, 0x31, 0x31, 0x31, 0x31, 0x30, 0x38, 0x38, 0x38, 0x38, 0x38, 0x38, 0x08,
    0x30, 0x38, 0x38, 0x38, 0x38, 0x38, 0x38, 0x38, 0x08, 0x30, 0x30, 0x38, 0x38, 0x38, 0x38, 0x38,
    0x38, 0x07, 0x30, 0x38, 0x38, 0x38, 0x38, 0x38, 0x38, 0x57, 0x6C, 0xC4, 0x99, 0xAB, 0xB6, 0x68,
    0x59, 0xAC, 0x2E, 0xE3, 0x6A, 0xE2, 0x4B, 0x0B, 0x72, 0x99, 0x61, 0x6C, 0xE4, 0x4D, 0x9A, 0xBB,
    0x66, 0x85, 0x9A, 0xBB, 0x67, 0x2A, 0xE3, 0x2B, 0x0B, 0xB8, 0x94, 0xA6, 0xB0, 0xB6, 0x49, 0x9A,
    0xBB, 0x66, 0x24, 0xCD, 0x5D, 0xB3, 0x42, 0xCD, 0x61, 0x77, 0x1B, 0x57, 0x12, 0x58, 0x5B, 0x94,
    0xCB, 0x0B, 0x67, 0x22, 0x6C, 0xD5, 0xDB, 0x34, 0x2C, 0xD5, 0xDB, 0x39, 0x57, 0x19, 0x58, 0x5D,
    0xC4, 0xA5, 0x35, 0x85, 0xB2, 0x4C, 0xD5, 0xDB, 0x31, 0x26, 0x6A, 0xED, 0x9A, 0x16, 0x6B, 0x0B,
    0xB8, 0xDA, 0xB8, 0x92, 0xC2, 0xDC, 0xA6, 0x58, 0x5B, 0x39, 0x13, 0x66, 0xAE, 0xD9, 0xA1, 0x66,
    0xAE, 0xD9, 0xCA, 0xB8, 0xCA, 0xC2, 0xEE, 0x25, 0x29, 0xAC, 0x2D, 0x92, 0x66, 0xAE, 0xD9, 0x89,
    0x33, 0x57, 0x6C, 0xD0, 0xB3, 0x58, 0x5D, 0xC6, 0xD5, 0xC4, 0x96, 0x16, 0xE5, 0x32, 0xC2, 0xD9,
    0xC8, 0x9B, 0x35, 0x76, 0xCD, 0x0B, 0x35, 0x76, 0xCE, 0x55, 0xC6, 0x56, 0x17, 0x71, 0x29, 0x4D,
    0x61, 0x6C, 0x93, 0x35, 0x76, 0xCC, 0x49, 0x9A, 0xBB, 0x66, 0x85, 0x9A, 0xC2, 0xEE, 0x36, 0xAE,
    0x24, 0xB0, 0xB7, 0x29, 0x96, 0x16, 0xCE, 0x44, 0xD9, 0xAB, 0xB6, 0x68, 0x59, 0xAB, 0xB6, 0x72,
    0xAE, 0x32, 0xB0, 0xBB, 0x89, 0x4A, 0x6B, 0x0B, 0x64, 0x99, 0xAB, 0xB6, 0x62, 0x4C, 0xD5, 0xDB,
    0x34, 0x2C, 0xD6, 0x17, 0x71, 0xB5, 0x71, 0x25, 0x85, 0xB9, 0x4C, 0xB0, 0xB6, 0x72, 0x26, 0xCD,
    0x5D, 0xB3, 0x42, 0xCD, 0x5D, 0xB3, 0x95, 0x71, 0x95, 0x85, 0xDC, 0x4A, 0x53, 0x58, 0x5B, 0x24,
    0xCC, 0x82, 0x02, 0x01, 0x82, 0x03, 0x00, 0x83, 0x02, 0x03, 0x84, 0x02, 0x06, 0x04, 0x06, 0x0B,
    0x84, 0x07, 0x02, 0x05, 0x02, 0x0D, 0x85, 0x06, 0x05, 0x85, 0x07, 0x04, 0x06, 0x02, 0x0C, 0x86,
    0x03, 0x09, 0x86, 0x06, 0x08, 0x86, 0x07, 0x07, 0x07, 0x01, 0x0A, 0x07, 0x02, 0x0E, 0x07, 0x03,
    0x09, 0x08, 0x01, 0x0F, 0x05, 0x0F, 0x0E, 0x0E, 0x0C, 0x0C, 0x0A, 0x0B, 0x0B, 0x0F, 0x0E, 0x0E,
    0x0E, 0x0C, 0x0C, 0x0B, 0x0B, 0x08, 0x0B, 0x0B, 0x0F, 0x0F, 0x0E, 0x0E, 0x0C, 0x0C, 0x03, 0x0C,
    0x0B, 0x0B, 0x0D, 0x0C, 0x0C, 0x0A, 0x0A, 0x09, 0x0F, 0x0E, 0x0E, 0x0E, 0x0C, 0x0C, 0x0B, 0x0B,
    0x06, 0x0D, 0x0D, 0x0C, 0x0C, 0x0A, 0x0A, 0x08, 0x0D, 0x0D, 0x0C, 0x0C, 0x0C, 0x0A, 0x0A, 0x09,
    0x0A, 0x0B, 0x0B, 0x0D, 0x0D, 0x0D, 0x0C, 0x0C, 0x0A, 0x0A, 0x09, 0x07, 0x09, 0x0F, 0x0F, 0x0E,
    0x0E, 0x0C, 0x0C, 0x02, 0x0A, 0x09, 0x61, 0xD9, 0x3B, 0x33, 0x3A, 0x64, 0xEC, 0xD2, 0x10, 0xEC,
    0x9D, 0x99, 0x9D, 0x32, 0x1A, 0x40, 0xDA, 0x64, 0xEC, 0xCC, 0xE8, 0x60, 0x6E, 0xCC, 0xD3, 0x27,
    0x66, 0x67, 0x93, 0x09, 0x93, 0xB3, 0x34, 0xC9, 0xD9, 0x9C, 0x9A, 0xC2, 0x1D, 0x93, 0xB3, 0x34,
    0xC9, 0xD9, 0x86, 0x0C, 0x99, 0x3B, 0x33, 0x4C, 0x86, 0x06, 0xCE, 0x99, 0x3B, 0x33, 0x42, 0x76,
    0x66, 0x74, 0xC9, 0xD9, 0x98, 0x76, 0x4E, 0xCC, 0xCE, 0x99, 0x3B, 0x34, 0x84, 0x3B, 0x27, 0x66,
    0x67, 0x4C, 0x86, 0x90, 0x36, 0x99, 0x3B, 0x33, 0x3A, 0x18, 0x1B, 0xB3, 0x34, 0xC9, 0xD9, 0x99,
    0xE4, 0xC2, 0x64, 0xEC, 0xCD, 0x32, 0x76, 0x67, 0x26, 0xB0, 0x87, 0x64, 0xEC, 0xCD, 0x32, 0x76,
    0x61, 0x83, 0x26, 0x4E, 0xCC, 0xD3, 0x21, 0x81, 0xB3, 0xA6, 0x4E, 0xCC, 0xD0, 0x9D, 0x99, 0x9D,
    0x32, 0x76, 0x66, 0x1D, 0x93, 0xB3, 0x33, 0xA6, 0x4E, 0xCD, 0x21, 0x0E, 0xC9, 0xD9, 0x99, 0xD3,
    0x21, 0xA4, 0x0D, 0xA6, 0x4E, 0xCC, 0xCE, 0x86, 0x06, 0xEC, 0xCD, 0x32, 0x76, 0x66, 0x79, 0x30,
    0x99, 0x3B, 0x33, 0x4C, 0x9D, 0x99, 0xC9, 0xAC, 0x21, 0xD9, 0x3B, 0x33, 0x4C, 0x9D, 0x98, 0x60,
    0xC9, 0x93, 0xB3, 0x34, 0xC8, 0x60, 0x6C, 0xE9, 0x93, 0xB3, 0x34, 0x27, 0x66, 0x67, 0x4C, 0x9D,
    0x99, 0x87, 0x64, 0xEC, 0xCC, 0xE9, 0x93, 0xB3, 0x48, 0x43, 0xB2, 0x76, 0x66, 0x74, 0xC8, 0x69,
    0x03, 0x69, 0x93, 0xB3, 0x33, 0xA1, 0x81, 0xBB, 0x33, 0x4C, 0x9D, 0x99, 0x9E, 0x4C, 0x26, 0x4E,
    0xCC, 0xD3, 0x27, 0x66, 0x72, 0x6B, 0x08, 0x76, 0x4E, 0xCC, 0xD3, 0x27, 0x66, 0x18, 0x32, 0x64,
    0xEC, 0xCD, 0x32, 0x18, 0x1B, 0x3A, 0x64, 0xEC, 0xCD, 0x09, 0xD9, 0x99, 0xD3, 0x27, 0x66, 0x61,
    0xD9, 0x3B, 0x33, 0x3A, 0x64, 0xEC, 0xD2, 0x10, 0xEC, 0x9D, 0x99, 0x9D, 0x32, 0x1A, 0x40, 0xDA,
    0x64, 0xEC, 0xCC, 0xE8, 0x60, 0x6E, 0xCC, 0xD3, 0x27, 0x66, 0x67, 0x93, 0x09, 0x93, 0xB3, 0x34,
    0xC9, 0xD9, 0x9C, 0x9A, 0xC2, 0x1D, 0x93, 0xB3, 0x34, 0xC9, 0xD9, 0x86, 0x0C, 0x99, 0x3B, 0x33,
    0x4C, 0x86, 0x06, 0xCE, 0x99, 0x3B, 0x33, 0x42, 0x76, 0x66, 0x74, 0xC9, 0xD9, 0x98, 0x76, 0x4E,
    0xCC, 0xCE, 0x99, 0x3B, 0x34, 0x84, 0x3B, 0x27, 0x66, 0x67, 0x4C, 0x86, 0x90, 0x36, 0x99, 0x3B,
    0x33, 0x3A, 0x18, 0x1B, 0xB3, 0x34, 0xC9, 0xD9, 0x99, 0xE4, 0xC2, 0x64, 0xEC, 0xCD, 0x32, 0x76,
    0x67, 0x26, 0xB0, 0x87, 0x64, 0xEC, 0xCD, 0x32, 0x76, 0x61, 0x83, 0x26, 0x4E, 0xCC, 0xD3, 0x21,
    0x81, 0xB3, 0xA6, 0x4E, 0xCC, 0xD0, 0x9D, 0x99, 0x9D, 0x32, 0x76, 0x60, 0x01, 0x01, 0x0D, 0x02,
    0x01, 0x0E, 0x03, 0x01, 0x0F, 0xE0, 0x9E, 0x4B, 0xF2, 0xDF, 0x44, 0xF4, 0x5F, 0x96, 0xFA, 0x27,
    0x92, 0xFC, 0xB7, 0xD1, 0x3D, 0x17, 0xDB, 0xFA, 0x27, 0x92, 0xFC, 0xB7, 0xC1, 0x3C, 0x97, 0xE5,
    0xBE, 0x89, 0xE4, 0xBF, 0x2D, 0xF0, 0x4F, 0x25, 0xF9, 0x6F, 0xA2, 0x7A, 0x2F, 0xCB, 0x7D, 0x13,
    0xC9, 0x7E, 0x5B, 0xE8, 0x9E, 0x8B, 0xED, 0xFD, 0x13, 0xC9, 0x7E, 0x5B, 0xE0, 0x9E, 0x4B, 0xF2,
    0xDF, 0x44, 0xF2, 0x5F, 0x96, 0xF8, 0x27, 0x92, 0xFC, 0xB7, 0xD1, 0x3D, 0x17, 0xE5, 0xBE, 0x89,
    0xE4, 0xBF, 0x2D, 0xF4, 0x4F, 0x45, 0xF6, 0xFE, 0x89, 0xE4, 0xBF, 0x2D, 0xF0, 0x4F, 0x25, 0xF9,
    0x6F, 0xA2, 0x79, 0x2F, 0xCB, 0x7C, 0x13, 0xC9, 0x7E, 0x5B, 0xE8, 0x9E, 0x8B, 0xF2, 0xDF, 0x44,
    0xF2, 0x5F, 0x96, 0xFA, 0x27, 0xA2, 0xFB, 0x7F, 0x44, 0xF2, 0x5F, 0x96, 0xF8, 0x27, 0x92, 0xFC,
    0xB7, 0xD1, 0x3C, 0x97, 0xE5, 0xB0, 0x82, 0x02, 0x01, 0x82, 0x03, 0x00, 0x83, 0x02, 0x02, 0x03,
    0x03, 0x0D, 0x84, 0x02, 0x04, 0x84, 0x03, 0x03, 0x05, 0x01, 0x0C, 0x05, 0x02, 0x0B, 0x85, 0x03,
    0x05, 0x06, 0x01, 0x0E, 0x07, 0x01, 0x0F, 0x05, 0x0F, 0x0F, 0x0E, 0x0E, 0x0E, 0x08, 0x0F, 0x0F,
    0x0F, 0x0E, 0x0E, 0x0E, 0x0D, 0x0D, 0x03, 0x0E, 0x0D, 0x0D, 0x06, 0x0C, 0x0C, 0x0C, 0x0B, 0x0B,
    0x0B, 0x08, 0x0D, 0x0C, 0x0C, 0x0C, 0x0C, 0x0B, 0x0B, 0x0B, 0x04, 0x0C, 0x0C, 0x0C, 0x0B, 0x72,
    0x62, 0x64, 0xEC, 0xDC, 0x9A, 0x64, 0xC9, 0xD9, 0xB9, 0x34, 0xC9, 0xD9, 0xB9, 0x34, 0x26, 0x46,
    0x30, 0x9C, 0x9A, 0x64, 0xEC, 0xDC, 0x9A, 0x64, 0xC9, 0xD9, 0xB9, 0x34, 0xC9, 0xC5, 0x8D, 0x09,
    0x93, 0xB3, 0x72, 0x69, 0x93, 0xB3, 0x72, 0x69, 0x93, 0x27, 0x66, 0xE4, 0xD0, 0x9D, 0x9B, 0x93,
    0x4C, 0x99, 0x3B, 0x37, 0x26, 0x99, 0x3B, 0x37, 0x26, 0x99, 0x18, 0xC2, 0x76, 0x6E, 0x4D, 0x32,
    0x71, 0x63, 0x4C, 0x99, 0x18, 0xC2, 0x72, 0x69, 0x93, 0x8B, 0x1C, 0x58, 0x6C, 0x8C, 0x61, 0x59,
    0x86, 0x13, 0x93, 0x15, 0x9C, 0x42, 0x13, 0x8B, 0x1A, 0x13, 0x27, 0x66, 0xE4, 0xD3, 0x23, 0x18,
    0x4E, 0x2C, 0x71, 0x61, 0xB2, 0x31, 0x85, 0x66, 0x1A, 0x13, 0x8B, 0x1A, 0x64, 0xC9, 0xD9, 0xB9,
    0x31, 0x32, 0x76, 0x6E, 0x4D, 0x32, 0x64, 0xEC, 0xDC, 0x9A, 0x64, 0xEC, 0xDC, 0x9A, 0x13, 0x23,
    0x18, 0x4E, 0x4D, 0x32, 0x76, 0x6E, 0x4D, 0x32, 0x64, 0xEC, 0xDC, 0x9A, 0x64, 0xE2, 0xC6, 0x84,
    0xC9, 0xD9, 0xB9, 0x34, 0xC9, 0xD9, 0xB9, 0x34, 0xC9, 0x93, 0xB3, 0x72, 0x68, 0x4E, 0xCD, 0xC9,
    0xA6, 0x4C, 0x9D, 0x9B, 0x93, 0x4C, 0x9D, 0x9B, 0x93, 0x4C, 0x8C, 0x61, 0x3B, 0x37, 0x26, 0x99,
    0x38, 0xB1, 0xA6, 0x4C, 0x8C, 0x61, 0x39, 0x34, 0xC9, 0xC5, 0x8E, 0x2C, 0x36, 0x46, 0x30, 0xAC,
    0xC3, 0x09, 0xC9, 0x8A, 0xCE, 0x21, 0x09, 0xC5, 0x8D, 0x09, 0x93, 0xB3, 0x72, 0x69, 0x91, 0x8C,
    0x27, 0x16, 0x38, 0xB0, 0xD9, 0x18, 0xC2, 0xB3, 0x0D, 0x09, 0xC5, 0x8D, 0x32, 0x64, 0xEC, 0xDC,
    0x98, 0x99, 0x3B, 0x37, 0x26, 0x99, 0x32, 0x76, 0x6E, 0x4D, 0x32, 0x76, 0x6E, 0x4D, 0x09, 0x91,
    0x8C, 0x27, 0x26, 0x99, 0x3B, 0x37, 0x26, 0x99, 0x32, 0x76, 0x6E, 0x4D, 0x32, 0x71, 0x63, 0x42,
    0x64, 0xEC, 0xDC, 0x9A, 0x64, 0xEC, 0xDC, 0x9A, 0x64, 0xC9, 0xD9, 0xB9, 0x34, 0x27, 0x66, 0xE4,
    0xD3, 0x26, 0x4E, 0xCD, 0xC9, 0xA6, 0x4E, 0xCD, 0xC9, 0xA6, 0x46, 0x30, 0x9D, 0x9B, 0x93, 0x4C,
    0x9C, 0x58, 0xD3, 0x26, 0x46, 0x30, 0x9C, 0x9A, 0x64, 0xE2, 0xC7, 0x16, 0x1B, 0x23, 0x18, 0x56,
    0x61, 0x84, 0xE4, 0xC5, 0x67, 0x10, 0x84, 0xE2, 0xC6, 0x84, 0xC9, 0xD9, 0xB9, 0x34, 0xC8, 0xC6,
    0x13, 0x8B, 0x1C, 0x58, 0x6C, 0x8C, 0x61, 0x59, 0x86, 0x84, 0xE2, 0xC6, 0x99, 0x32, 0x76, 0x6E,
    0x4C, 0x4C, 0x9D, 0x9B, 0x93, 0x4C, 0x99, 0x3B, 0x37, 0x26, 0x99, 0x3B, 0x37, 0x26, 0x84, 0xC8,
    0xC6, 0x13, 0x93, 0x4C, 0x9D, 0x9B, 0x93, 0x4C, 0x99, 0x3B, 0x37, 0x26, 0x99, 0x38, 0xB1, 0xA1,
    0x32, 0x76, 0x6E, 0x4D, 0x32, 0x76, 0x6E, 0x4D, 0x32, 0x64, 0xEC, 0xDC, 0x9A, 0x13, 0xB3, 0x72,
    0x69, 0x93, 0x27, 0x66, 0xE4, 0xD3, 0x27, 0x66, 0xE4, 0xD3, 0x23, 0x18, 0x4E, 0xCD, 0xC9, 0xA6,
    0x4E, 0x2C, 0x69, 0x93, 0x23, 0x18, 0x4E, 0x4D, 0x32, 0x71, 0x63, 0x8B, 0x0D, 0x91, 0x8C, 0x2B,
    0x30, 0xC2, 0x72, 0x62, 0xB3, 0x88, 0x42, 0x71, 0x63, 0x42, 0x64, 0xEC, 0xDC, 0x9A, 0x64, 0x63,
    0x09, 0xC5, 0x8E, 0x2C, 0x36, 0x46, 0x30, 0xAC, 0xC3, 0x42, 0x71, 0x63, 0x4C, 0x99, 0x3B, 0x30,
    0x40, 0x19, 0x40, 0x18, 0x40, 0x66, 0x40, 0x96, 0x45, 0x99, 0x45, 0xAB, 0x45, 0xB3, 0x47, 0x0C,
    0x47, 0x3C, 0x47, 0x71, 0x47, 0x90, 0x47, 0x99, 0x47, 0x99, 0x47, 0xB6, 0x49, 0x15, 0x4A, 0xE1,
    0x4C, 0xFB, 0x4D, 0x19, 0x4D, 0x30, 0x4F, 0x2D, 0x4F, 0x45, 0x4F, 0x5F, 0x51, 0x07, 0x51, 0x1F,
    0x51, 0x49, 0x52, 0x2E, 0x52, 0x64, 0x52, 0xB6, 0x54, 0x29, 0x54, 0x35, 0x54, 0x35, 0x54, 0xB3,
    0x54, 0xD7, 0x54, 0xFF, 0x45, 0x4E, 0x44, 0x55, 0x52, 0x4F, 0x20, 0x52, 0x41, 0x43, 0x45, 0x52,
    0x20, 0x23, 0x31, 0x80, 0x00, 0x18, 0x9D, 0xFF, 0xD5, 0x00, 0xFF, 0xFB, 0x05, 0xFF, 0x00, 0x0A,
    0xFF, 0x18, 0x05, 0xFF, 0xE8, 0x05, 0xFF, 0x00, 0x0A, 0xFF, 0x05, 0x05, 0xFF, 0x2B, 0x00, 0x00,
    0xE8, 0x05, 0xFF, 0xED, 0x00, 0xFF, 0xFB, 0x05, 0xFF, 0x00, 0x0A, 0xFF, 0x05, 0x05, 0xFF, 0x13,
    0x00, 0xFF, 0x04, 0xFB, 0xFF, 0x00, 0xF6, 0xFF, 0xFC, 0xFB, 0x01, 0x00, 0x18, 0x9F, 0xFF, 0xD5,
    0x00, 0xFF, 0xFB, 0x05, 0xFF, 0x00, 0x0A, 0xFF, 0x18, 0x05, 0xFF, 0xE8, 0x05, 0xFF, 0x00, 0x0A,
    0xFF, 0x05, 0x05, 0xFF, 0x2B, 0x00, 0x00, 0xE8, 0x05, 0xFF, 0xED, 0x00, 0xFF, 0xFB, 0x04, 0xFF,
    0x00, 0x0A, 0xFF, 0x05, 0x05, 0xFF, 0x13, 0x00, 0xFF, 0x04, 0xFB, 0xFF, 0x00, 0xF6, 0xFF, 0xFC,
    0xFC, 0x01, 0x00, 0x18, 0xA5, 0xFF, 0xD5, 0x00, 0xFF, 0xFB, 0x05, 0xFF, 0x00, 0x09, 0xFF, 0x18,
    0x05, 0xFF, 0xE8, 0x04, 0xFF, 0x00, 0x0A, 0xFF, 0x05, 0x04, 0xFF, 0x2B, 0x00, 0x00, 0xE8, 0x05,
    0xFF, 0xED, 0x00, 0xFF, 0xFB, 0x04, 0xFF, 0x00, 0x0A, 0xFF, 0x05, 0x04, 0xFF, 0x13, 0x00, 0xFF,
    0x04, 0xFC, 0xFF, 0x00, 0xF6, 0xFF, 0xFC, 0xFC, 0x01, 0x00, 0x18, 0xAE, 0xFF, 0xD5, 0x00, 0xFF,
    0xFB, 0x04, 0xFF, 0x00, 0x09, 0xFF, 0x18, 0x04, 0xFF, 0xE8, 0x04, 0xFF, 0x00, 0x08, 0xFF, 0x05,
    0x05, 0xFF, 0x2B, 0x00, 0x00, 0xE8, 0x04, 0xFF, 0xED, 0x00, 0xFF, 0xFB, 0x04, 0xFF, 0x00, 0x08,
    0xFF, 0x05, 0x04, 0xFF, 0x13, 0x00, 0xFF, 0x04, 0xFC, 0xFF, 0x00, 0xF8, 0xFF, 0xFC, 0xFC, 0x01,
    0x00, 0x18, 0xBB, 0xFF, 0xD5, 0x00, 0xFF, 0xFB, 0x04, 0xFF, 0x00, 0x07, 0xFF, 0x18, 0x03, 0xFF,
    0xE8, 0x04, 0xFF, 0x00, 0x07, 0xFF, 0x05, 0x03, 0xFF, 0x2B, 0x00, 0x00, 0xE8, 0x04, 0xFF, 0xED,
    0x00, 0xFF, 0xFB, 0x03, 0xFF, 0x00, 0x07, 0xFF, 0x05, 0x04, 0xFF, 0x13, 0x00, 0xFF, 0x04, 0xFC,
    0xFF, 0x00, 0xF9, 0xFF, 0xFC, 0xFD, 0x01, 0x00, 0x18, 0xCA, 0xFF, 0xD5, 0x00, 0xFF, 0xFB, 0x03,
    0xFF, 0x00, 0x05, 0xFF, 0x18, 0x03, 0xFF, 0xE8, 0x03, 0xFF, 0x00, 0x05, 0xFF, 0x05, 0x03, 0xFF,
    0x2B, 0x00, 0x00, 0xE8, 0x03, 0xFF, 0xED, 0x00, 0xFF, 0xFB, 0x03, 0xFF, 0x00, 0x05, 0xFF, 0x05,
    0x03, 0xFF, 0x13, 0x00, 0xFF, 0x04, 0xFD, 0xFF, 0x00, 0xFB, 0xFF, 0xFC, 0xFD, 0x01, 0x00, 0x18,
    0xDA, 0xFF, 0xD5, 0x00, 0xFF, 0xFB, 0x02, 0xFF, 0x00, 0x04, 0xFF, 0x18, 0x02, 0xFF, 0xE8, 0x02,
    0xFF, 0x00, 0x04, 0xFF, 0x05, 0x01, 0xFF, 0x2B, 0x00, 0x00, 0xE8, 0x02, 0xFF, 0xED, 0x00, 0xFF,
    0xFB, 0x02, 0xFF, 0x00, 0x04, 0xFF, 0x05, 0x02, 0xFF, 0x13, 0x00, 0xFF, 0x04, 0xFE, 0xFF, 0x00,
    0xFC, 0xFF, 0xFC, 0xFE, 0x01, 0x00, 0x18, 0xED, 0xFF, 0xD5, 0x00, 0xFF, 0xFB, 0x01, 0xFF, 0x00,
    0x02, 0xFF, 0x18, 0x01, 0xFF, 0xE8, 0x01, 0xFF, 0x00, 0x02, 0xFF, 0x05, 0x01, 0xFF, 0x2B, 0x00,
    0x00, 0xE8, 0x01, 0xFF, 0xED, 0x00, 0xFF, 0xFB, 0x01, 0xFF, 0x00, 0x02, 0xFF, 0x05, 0x01, 0xFF,
    0x13, 0x00, 0xFF, 0x04, 0xFF, 0xFF, 0x00, 0xFE, 0xFF, 0xFC, 0xFF, 0x01, 0x00, 0x18, 0x00, 0xFF,
    0xD5, 0x00, 0xFF, 0xFB, 0x00, 0xFF, 0x00, 0x00, 0xFF, 0x18, 0x00, 0xFF, 0xE8, 0x00, 0xFF, 0x00,
    0x00, 0xFF, 0x05, 0x00, 0xFF, 0x2B, 0x00, 0x00, 0xE8, 0x00, 0xFF, 0xED, 0x00, 0xFF, 0xFB, 0x00,
    0xFF, 0x00, 0x00, 0xFF, 0x05, 0x00, 0xFF, 0x13, 0x00, 0xFF, 0x04, 0x00, 0xFF, 0x00, 0x00, 0xFF,
    0xFC, 0x00, 0x01, 0x00, 0x18, 0x12, 0xFF, 0xD5, 0x00, 0xFF, 0xFB, 0xFF, 0xFF, 0x00, 0xFE, 0xFF,
    0x18, 0x00, 0xFF, 0xE8, 0xFF, 0xFF, 0x00, 0xFE, 0xFF, 0x05, 0xFF, 0xFF, 0x2B, 0x00, 0x00, 0xE8,
    0xFF, 0xFF, 0xED, 0x00, 0xFF, 0xFB, 0xFF, 0xFF, 0x00, 0xFE, 0xFF, 0x05, 0xFF, 0xFF, 0x13, 0x00,
    0xFF, 0x04, 0x01, 0xFF, 0x00, 0x02, 0xFF, 0xFC, 0x01, 0x01, 0x00, 0x18, 0x24, 0xFF, 0xD5, 0x00,
    0xFF, 0xFB, 0xFE, 0xFF, 0x00, 0xFD, 0xFF, 0x18, 0xFE, 0xFF, 0xE8, 0xFE, 0xFF, 0x00, 0xFC, 0xFF,
    0x05, 0xFE, 0xFF, 0x2B, 0x00, 0x00, 0xE8, 0xFE, 0xFF, 0xED, 0x00, 0xFF, 0xFB, 0xFF, 0xFF, 0x00,
    0xFC, 0xFF, 0x05, 0xFE, 0xFF, 0x13, 0x00, 0xFF, 0x04, 0x02, 0xFF, 0x00, 0x04, 0xFF, 0xFC, 0x01,
    0x01, 0x00, 0x18, 0x35, 0xFF, 0xD5, 0x00, 0xFF, 0xFB, 0xFD, 0xFF, 0x00, 0xFB, 0xFF, 0x18, 0xFD,
    0xFF, 0xE8, 0xFD, 0xFF, 0x00, 0xFB, 0xFF, 0x05, 0xFD, 0xFF, 0x2B, 0x00, 0x00, 0xE8, 0xFE, 0xFF,
    0xED, 0x00, 0xFF, 0xFB, 0xFD, 0xFF, 0x00, 0xFB, 0xFF, 0x05, 0xFD, 0xFF, 0x13, 0x00, 0xFF, 0x04,
    0x03, 0xFF, 0x00, 0x05, 0xFF, 0xFC, 0x03, 0x01, 0x00, 0x18, 0x45, 0xFF, 0xD5, 0x00, 0xFF, 0xFB,
    0xFC, 0xFF, 0x00, 0xF9, 0xFF, 0x18, 0xFD, 0xFF, 0xE8, 0xFC, 0xFF, 0x00, 0xF9, 0xFF, 0x05, 0xFD,
    0xFF, 0x2B, 0x00, 0x00, 0xE8, 0xFC, 0xFF, 0xED, 0x00, 0xFF, 0xFB, 0xFD, 0xFF, 0x00, 0xF9, 0xFF,
    0x05, 0xFC, 0xFF, 0x13, 0x00, 0xFF, 0x04, 0x04, 0xFF, 0x00, 0x07, 0xFF, 0xFC, 0x03, 0x01, 0x00,
    0x18, 0x51, 0xFF, 0xD5, 0x00, 0xFF, 0xFB, 0xFC, 0xFF, 0x00, 0xF7, 0xFF, 0x18, 0xFC, 0xFF, 0xE8,
    0xFC, 0xFF, 0x00, 0xF8, 0xFF, 0x05, 0xFC, 0xFF, 0x2B, 0x00, 0x00, 0xE8, 0xFC, 0xFF, 0xED, 0x00,
    0xFF, 0xFB, 0xFC, 0xFF, 0x00, 0xF7, 0xFF, 0x05, 0xFC, 0xFF, 0x13, 0x00, 0xFF, 0x04, 0x04, 0xFF,
    0x00, 0x09, 0xFF, 0xFC, 0x04, 0x01, 0x00, 0x18, 0x5B, 0xFF, 0xD5, 0x00, 0xFF, 0xFB, 0xFB, 0xFF,
    0x00, 0xF7, 0xFF, 0x18, 0xFB, 0xFF, 0xE8, 0xFC, 0xFF, 0x00, 0xF6, 0xFF, 0x05, 0xFC, 0xFF, 0x2B,
    0x00, 0x00, 0xE8, 0xFB, 0xFF, 0xED, 0x00, 0xFF, 0xFB, 0xFC, 0xFF, 0x00, 0xF6, 0xFF, 0x05, 0xFC,
    0xFF, 0x13, 0x00, 0xFF, 0x04, 0x04, 0xFF, 0x00, 0x0A, 0xFF, 0xFC, 0x04, 0x01, 0x00, 0x18, 0x60,
    0xFF, 0xD5, 0x00, 0xFF, 0xFB, 0xFB, 0xFF, 0x00, 0xF6, 0xFF, 0x18, 0xFB, 0xFF, 0xE8, 0xFB, 0xFF,
    0x00, 0xF7, 0xFF, 0x05, 0xFB, 0xFF, 0x2B, 0x00, 0x00, 0xE8, 0xFB, 0xFF, 0xED, 0x00, 0xFF, 0xFB,
    0xFB, 0xFF, 0x00, 0xF6, 0xFF, 0x05, 0xFB, 0xFF, 0x13, 0x00, 0xFF, 0x04, 0x05, 0xFF, 0x00, 0x0A,
    0xFF, 0xFC, 0x05, 0x01, 0x00, 0x18, 0x62, 0xFF, 0xD5, 0x00, 0xFF, 0xFB, 0xFB, 0xFF, 0x00, 0xF6,
    0xFF, 0x18, 0xFB, 0xFF, 0xE8, 0xFB, 0xFF, 0x00, 0xF6, 0xFF, 0x05, 0xFB, 0xFF, 0x2B, 0x00, 0x00,
    0xE8, 0xFB, 0xFF, 0xED, 0x00, 0xFF, 0xFB, 0xFB, 0xFF, 0x00, 0xF6, 0xFF, 0x05, 0xFB, 0xFF, 0x13,
    0x00, 0xFF, 0x04, 0x05, 0xFF, 0x00, 0x0A, 0xFF, 0xFC, 0x05, 0x01, 0x00, 0x18, 0x61, 0xFF, 0xD5,
    0x00, 0xFF, 0xFB, 0xFB, 0xFF, 0x00, 0xF6, 0xFF, 0x18, 0xFB, 0xFF, 0xE8, 0xFB, 0xFF, 0x00, 0xF6,
    0xFF, 0x05, 0xFB, 0xFF, 0x2B, 0x00, 0x00, 0xE8, 0xFB, 0xFF, 0xED, 0x00, 0xFF, 0xFB, 0xFC, 0xFF,
    0x00, 0xF6, 0xFF, 0x05, 0xFB, 0xFF, 0x13, 0x00, 0xFF, 0x04, 0x05, 0xFF, 0x00, 0x0A, 0xFF, 0xFC,
    0x04, 0x01, 0x00, 0x18, 0x5B, 0xFF, 0xD5, 0x00, 0xFF, 0xFB, 0xFB, 0xFF, 0x00, 0xF7, 0xFF, 0x18,
    0xFB, 0xFF, 0xE8, 0xFC, 0xFF, 0x00, 0xF6, 0xFF, 0x05, 0xFC, 0xFF, 0x2B, 0x00, 0x00, 0xE8, 0xFB,
    0xFF, 0xED, 0x00, 0xFF, 0xFB, 0xFC, 0xFF, 0x00, 0xF6, 0xFF, 0x05, 0xFC, 0xFF, 0x13, 0x00, 0xFF,
    0x04, 0x04, 0xFF, 0x00, 0x0A, 0xFF, 0xFC, 0x04, 0x01, 0x00, 0x18, 0x52, 0xFF, 0xD5, 0x00, 0xFF,
    0xFB, 0xFC, 0xFF, 0x00, 0xF7, 0xFF, 0x18, 0xFC, 0xFF, 0xE8, 0xFC, 0xFF, 0x00, 0xF8, 0xFF, 0x05,
    0xFB, 0xFF, 0x2B, 0x00, 0x00, 0xE8, 0xFC, 0xFF, 0xED, 0x00, 0xFF, 0xFB, 0xFC, 0xFF, 0x00, 0xF8,
    0xFF, 0x05, 0xFC, 0xFF, 0x13, 0x00, 0xFF, 0x04, 0x04, 0xFF, 0x00, 0x08, 0xFF, 0xFC, 0x04, 0x01,
    0x00, 0x18, 0x45, 0xFF, 0xD5, 0x00, 0xFF, 0xFB, 0xFC, 0xFF, 0x00, 0xF9, 0xFF, 0x18, 0xFD, 0xFF,
    0xE8, 0xFC, 0xFF, 0x00, 0xF9, 0xFF, 0x05, 0xFD, 0xFF, 0x2B, 0x00, 0x00, 0xE8, 0xFC, 0xFF, 0xED,
    0x00, 0xFF, 0xFB, 0xFD, 0xFF, 0x00, 0xF9, 0xFF, 0x05, 0xFC, 0xFF, 0x13, 0x00, 0xFF, 0x04, 0x04,
    0xFF, 0x00, 0x07, 0xFF, 0xFC, 0x03, 0x01, 0x00, 0x18, 0x36, 0xFF, 0xD5, 0x00, 0xFF, 0xFB, 0xFD,
    0xFF, 0x00, 0xFB, 0xFF, 0x18, 0xFD, 0xFF, 0xE8, 0xFD, 0xFF, 0x00, 0xFB, 0xFF, 0x05, 0xFD, 0xFF,
    0x2B, 0x00, 0x00, 0xE8, 0xFD, 0xFF, 0xED, 0x00, 0xFF, 0xFB, 0xFD, 0xFF, 0x00, 0xFB, 0xFF, 0x05,
    0xFD, 0xFF, 0x13, 0x00, 0xFF, 0x04, 0x03, 0xFF, 0x00, 0x05, 0xFF, 0xFC, 0x03, 0x01, 0x00, 0x18,
    0x26, 0xFF, 0xD5, 0x00, 0xFF, 0xFB, 0xFE, 0xFF, 0x00, 0xFC, 0xFF, 0x18, 0xFE, 0xFF, 0xE8, 0xFE,
    0xFF, 0x00, 0xFC, 0xFF, 0x05, 0xFF, 0xFF, 0x2B, 0x00, 0x00, 0xE8, 0xFE, 0xFF, 0xED, 0x00, 0xFF,
    0xFB, 0xFE, 0xFF, 0x00, 0xFC, 0xFF, 0x05, 0xFE, 0xFF, 0x13, 0x00, 0xFF, 0x04, 0x02, 0xFF, 0x00,
    0x04, 0xFF, 0xFC, 0x02, 0x01, 0x00, 0x18, 0x13, 0xFF, 0xD5, 0x00, 0xFF, 0xFB, 0xFF, 0xFF, 0x00,
    0xFE, 0xFF, 0x18, 0xFF, 0xFF, 0xE8, 0xFF, 0xFF, 0x00, 0xFE, 0xFF, 0x05, 0xFF, 0xFF, 0x2B, 0x00,
    0x00, 0xE8, 0xFF, 0xFF, 0xED, 0x00, 0xFF, 0xFB, 0xFF, 0xFF, 0x00, 0xFE, 0xFF, 0x05, 0xFF, 0xFF,
    0x13, 0x00, 0xFF, 0x04, 0x01, 0xFF, 0x00, 0x02, 0xFF, 0xFC, 0x01, 0x01, 0x00, 0x18, 0x00, 0xFF,
    0xD5, 0x00, 0xFF, 0xFB, 0x00, 0xFF, 0x00, 0x00, 0xFF, 0x18, 0x00, 0xFF, 0xE8, 0x00, 0xFF, 0x00,
    0x00, 0xFF, 0x05, 0x00, 0xFF, 0x2B, 0x00, 0x00, 0xE8, 0x00, 0xFF, 0xED, 0x00, 0xFF, 0xFB, 0x00,
    0xFF, 0x00, 0x00, 0xFF, 0x05, 0x00, 0xFF, 0x13, 0x00, 0xFF, 0x04, 0x00, 0xFF, 0x00, 0x00, 0xFF,
    0xFC, 0x00, 0x01, 0x00, 0x18, 0xEE, 0xFF, 0xD5, 0x00, 0xFF, 0xFB, 0x01, 0xFF, 0x00, 0x02, 0xFF,
    0x18, 0x00, 0xFF, 0xE8, 0x01, 0xFF, 0x00, 0x02, 0xFF, 0x05, 0x01, 0xFF, 0x2B, 0x00, 0x00, 0xE8,
    0x01, 0xFF, 0xED, 0x00, 0xFF, 0xFB, 0x01, 0xFF, 0x00, 0x02, 0xFF, 0x05, 0x01, 0xFF, 0x13, 0x00,
    0xFF, 0x04, 0xFF, 0xFF, 0x00, 0xFE, 0xFF, 0xFC, 0xFF, 0x01, 0x00, 0x18, 0xDC, 0xFF, 0xD5, 0x00,
    0xFF, 0xFB, 0x02, 0xFF, 0x00, 0x03, 0xFF, 0x18, 0x02, 0xFF, 0xE8, 0x02, 0xFF, 0x00, 0x04, 0xFF,
    0x05, 0x02, 0xFF, 0x2B, 0x00, 0x00, 0xE8, 0x02, 0xFF, 0xED, 0x00, 0xFF, 0xFB, 0x01, 0xFF, 0x00,
    0x04, 0xFF, 0x05, 0x02, 0xFF, 0x13, 0x00, 0xFF, 0x04, 0xFE, 0xFF, 0x00, 0xFC, 0xFF, 0xFC, 0xFF,
    0x01, 0x00, 0x18, 0xCB, 0xFF, 0xD5, 0x00, 0xFF, 0xFB, 0x03, 0xFF, 0x00, 0x05, 0xFF, 0x18, 0x03,
    0xFF, 0xE8, 0x03, 0xFF, 0x00, 0x05, 0xFF, 0x05, 0x03, 0xFF, 0x2B, 0x00, 0x00, 0xE8, 0x02, 0xFF,
    0xED, 0x00, 0xFF, 0xFB, 0x03, 0xFF, 0x00, 0x05, 0xFF, 0x05, 0x03, 0xFF, 0x13, 0x00, 0xFF, 0x04,
    0xFD, 0xFF, 0x00, 0xFB, 0xFF, 0xFC, 0xFD, 0x01, 0x00, 0x18, 0xBB, 0xFF, 0xD5, 0x00, 0xFF, 0xFB,
    0x04, 0xFF, 0x00, 0x07, 0xFF, 0x18, 0x03, 0xFF, 0xE8, 0x04, 0xFF, 0x00, 0x07, 0xFF, 0x05, 0x03,
    0xFF, 0x2B, 0x00, 0x00, 0xE8, 0x04, 0xFF, 0xED, 0x00, 0xFF, 0xFB, 0x03, 0xFF, 0x00, 0x07, 0xFF,
    0x05, 0x04, 0xFF, 0x13, 0x00, 0xFF, 0x04, 0xFC, 0xFF, 0x00, 0xF9, 0xFF, 0xFC, 0xFD, 0x01, 0x00,
    0x18, 0xAF, 0xFF, 0xD5, 0x00, 0xFF, 0xFB, 0x04, 0xFF, 0x00, 0x09, 0xFF, 0x18, 0x04, 0xFF, 0xE8,
    0x04, 0xFF, 0x00, 0x08, 0xFF, 0x05, 0x04, 0xFF, 0x2B, 0x00, 0x00, 0xE8, 0x04, 0xFF, 0xED, 0x00,
    0xFF, 0xFB, 0x04, 0xFF, 0x00, 0x09, 0xFF, 0x05, 0x04, 0xFF, 0x13, 0x00, 0xFF, 0x04, 0xFC, 0xFF,
    0x00, 0xF7, 0xFF, 0xFC, 0xFC, 0x01, 0x00, 0x18, 0xA5, 0xFF, 0xD5, 0x00, 0xFF, 0xFB, 0x05, 0xFF,
    0x00, 0x09, 0xFF, 0x18, 0x05, 0xFF, 0xE8, 0x04, 0xFF, 0x00, 0x0A, 0xFF, 0x05, 0x04, 0xFF, 0x2B,
    0x00, 0x00, 0xE8, 0x05, 0xFF, 0xED, 0x00, 0xFF, 0xFB, 0x04, 0xFF, 0x00, 0x0A, 0xFF, 0x05, 0x04,
    0xFF, 0x13, 0x00, 0xFF, 0x04, 0xFC, 0xFF, 0x00, 0xF6, 0xFF, 0xFC, 0xFC, 0x01, 0x00, 0x18, 0xA0,
    0xFF, 0xD5, 0x00, 0xFF, 0xFB, 0x05, 0xFF, 0x00, 0x0A, 0xFF, 0x18, 0x05, 0xFF, 0xE8, 0x05, 0xFF,
    0x00, 0x09, 0xFF, 0x05, 0x05, 0xFF, 0x2B, 0x00, 0x00, 0xE8, 0x05, 0xFF, 0xED, 0x00, 0xFF, 0xFB,
    0x05, 0xFF, 0x00, 0x0A, 0xFF, 0x05, 0x05, 0xFF, 0x13, 0x00, 0xFF, 0x04, 0xFB, 0xFF, 0x00, 0xF6,
    0xFF, 0xFC, 0xFB, 0x01, 0x00, 0xE8, 0xE3, 0xFF, 0x1C, 0x00, 0xFF, 0x00, 0x0A, 0xFF, 0xFC, 0x05,
    0xFF, 0xF7, 0x00, 0xFF, 0xFB, 0xFB, 0xFF, 0x00, 0xFB, 0xFF, 0xF6, 0x0A, 0x00, 0x00, 0x05, 0xFF,
    0x18, 0x00, 0xFF, 0x04, 0x05, 0xFF, 0x00, 0x04, 0xFF, 0xFC, 0x04, 0xFF, 0xFC, 0x00, 0x00, 0x04,
    0x00, 0xFF, 0x04, 0x05, 0xFF, 0x00, 0x05, 0xFF, 0xFC, 0x05, 0xFF, 0xE8, 0x00, 0x01, 0x00, 0xE8,
    0xE4, 0xFF, 0x1C, 0x00, 0xFF, 0x00, 0x0A, 0xFF, 0xFC, 0x05, 0xFF, 0xF7, 0x00, 0xFF, 0xFB, 0xFB,
    0xFF, 0x00, 0xFB, 0xFF, 0xF6, 0x0A, 0x00, 0x00, 0x05, 0xFF, 0x18, 0x00, 0xFF, 0x04, 0x05, 0xFF,
    0x00, 0x03, 0xFF, 0xFC, 0x03, 0xFF, 0xFC, 0x00, 0x00, 0x04, 0x00, 0xFF, 0x04, 0x05, 0xFF, 0x00,
    0x05, 0xFF, 0xFC, 0x05, 0xFF, 0xE8, 0x00, 0x01, 0x00, 0xE8, 0xE6, 0xFF, 0x1C, 0x00, 0xFF, 0x00,
    0x09, 0xFF, 0xFC, 0x05, 0xFF, 0xF7, 0x00, 0xFF, 0xFB, 0xFB, 0xFF, 0x00, 0xFB, 0xFF, 0xF6, 0x0A,
    0x00, 0x00, 0x04, 0xFF, 0x18, 0x00, 0xFF, 0x04, 0x05, 0xFF, 0x00, 0x03, 0xFF, 0xFC, 0x03, 0xFF,
    0xFC, 0x00, 0x00, 0x04, 0x00, 0xFF, 0x04, 0x05, 0xFF, 0x00, 0x04, 0xFF, 0xFC, 0x05, 0xFF, 0xE8,
    0x00, 0x01, 0x00, 0xE8, 0xE8, 0xFF, 0x1C, 0x00, 0xFF, 0x00, 0x09, 0xFF, 0xFC, 0x04, 0xFF, 0xF7,
    0x00, 0xFF, 0xFB, 0xFC, 0xFF, 0x00, 0xFC, 0xFF, 0xF6, 0x08, 0x00, 0x00, 0x04, 0xFF, 0x18, 0x00,
    0xFF, 0x04, 0x04, 0xFF, 0x00, 0x03, 0xFF, 0xFC, 0x03, 0xFF, 0xFC, 0x00, 0x00, 0x04, 0x00, 0xFF,
    0x04, 0x04, 0xFF, 0x00, 0x04, 0xFF, 0xFC, 0x04, 0xFF, 0xE8, 0x00, 0x01, 0x00, 0xE8, 0xEC, 0xFF,
    0x1C, 0x00, 0xFF, 0x00, 0x07, 0xFF, 0xFC, 0x04, 0xFF, 0xF7, 0x00, 0xFF, 0xFB, 0xFC, 0xFF, 0x00,
    0xFD, 0xFF, 0xF6, 0x07, 0x00, 0x00, 0x03, 0xFF, 0x18, 0x00, 0xFF, 0x04, 0x04, 0xFF, 0x00, 0x02,
    0xFF, 0xFC, 0x02, 0xFF, 0xFC, 0x00, 0x00, 0x04, 0x00, 0xFF, 0x04, 0x04, 0xFF, 0x00, 0x03, 0xFF,
    0xFC, 0x04, 0xFF, 0xE8, 0x00, 0x01, 0x00, 0xE8, 0xF1, 0xFF, 0x1C, 0x00, 0xFF, 0x00, 0x05, 0xFF,
    0xFC, 0x03, 0xFF, 0xF7, 0x00, 0xFF, 0xFB, 0xFD, 0xFF, 0x00, 0xFD, 0xFF, 0xF6, 0x06, 0x00, 0x00,
    0x03, 0xFF, 0x18, 0x00, 0xFF, 0x04, 0x02, 0xFF, 0x00, 0x02, 0xFF, 0xFC, 0x02, 0xFF, 0xFC, 0x00,
    0x00, 0x04, 0x00, 0xFF, 0x04, 0x02, 0xFF, 0x00, 0x03, 0xFF, 0xFC, 0x03, 0xFF, 0xE8, 0x00, 0x01,
    0x00, 0xE8, 0xF5, 0xFF, 0x1C, 0x00, 0xFF, 0x00, 0x04, 0xFF, 0xFC, 0x02, 0xFF, 0xF7, 0x00, 0xFF,
    0xFB, 0xFE, 0xFF, 0x00, 0xFE, 0xFF, 0xF6, 0x04, 0x00, 0x00, 0x02, 0xFF, 0x18, 0x00, 0xFF, 0x04,
    0x02, 0xFF, 0x00, 0x01, 0xFF, 0xFC, 0x01, 0xFF, 0xFC, 0x00, 0x00, 0x04, 0x00, 0xFF, 0x04, 0x02,
    0xFF, 0x00, 0x02, 0xFF, 0xFC, 0x02, 0xFF, 0xE8, 0x00, 0x01, 0x00, 0xE8, 0xFB, 0xFF, 0x1C, 0x00,
    0xFF, 0x00, 0x02, 0xFF, 0xFC, 0x01, 0xFF, 0xF7, 0x00, 0xFF, 0xFB, 0xFF, 0xFF, 0x00, 0xFF, 0xFF,
    0xF6, 0x02, 0x00, 0x00, 0x01, 0xFF, 0x18, 0x00, 0xFF, 0x04, 0x01, 0xFF, 0x00, 0x00, 0xFF, 0xFC,
    0x00, 0xFF, 0xFC, 0x00, 0x00, 0x04, 0x00, 0xFF, 0x04, 0x01, 0xFF, 0x00, 0x01, 0xFF, 0xFC, 0x01,
    0xFF, 0xE8, 0x00, 0x01, 0x00, 0xE8, 0x00, 0xFF, 0x1C, 0x00, 0xFF, 0x00, 0x00, 0xFF, 0xFC, 0x00,
    0xFF, 0xF7, 0x00, 0xFF, 0xFB, 0x00, 0xFF, 0x00, 0x00, 0xFF, 0xF6, 0x00, 0x00, 0x00, 0x00, 0xFF,
    0x18, 0x00, 0xFF, 0x04, 0x00, 0xFF, 0x00, 0x00, 0xFF, 0xFC, 0x00, 0xFF, 0xFC, 0x00, 0x00, 0x04,
    0x00, 0xFF, 0x04, 0x00, 0xFF, 0x00, 0x00, 0xFF, 0xFC, 0x00, 0xFF, 0xE8, 0x00, 0x01, 0x00, 0xE8,
    0x05, 0xFF, 0x1C, 0x00, 0xFF, 0x00, 0xFE, 0xFF, 0xFC, 0xFF, 0xFF, 0xF7, 0x00, 0xFF, 0xFB, 0x01,
    0xFF, 0x00, 0x01, 0xFF, 0xF6, 0xFE, 0x00, 0x00, 0xFF, 0xFF, 0x18, 0x00, 0xFF, 0x04, 0xFF, 0xFF,
    0x00, 0x00, 0xFF, 0xFC, 0x00, 0xFF, 0xFC, 0x00, 0x00, 0x04, 0x00, 0xFF, 0x04, 0xFF, 0xFF, 0x00,
    0xFF, 0xFF, 0xFC, 0xFF, 0xFF, 0xE8, 0x00, 0x01, 0x00, 0xE8, 0x0A, 0xFF, 0x1C, 0x00, 0xFF, 0x00,
    0xFD, 0xFF, 0xFC, 0xFE, 0xFF, 0xF7, 0x00, 0xFF, 0xFB, 0x02, 0xFF, 0x00, 0x01, 0xFF, 0xF6, 0xFD,
    0x00, 0x00, 0xFE, 0xFF, 0x18, 0x00, 0xFF, 0x04, 0xFE, 0xFF, 0x00, 0xFF, 0xFF, 0xFC, 0xFF, 0xFF,
    0xFC, 0x00, 0x00, 0x04, 0x00, 0xFF, 0x04, 0xFE, 0xFF, 0x00, 0xFE, 0xFF, 0xFC, 0xFE, 0xFF, 0xE8,
    0x00, 0x01, 0x00, 0xE8, 0x0F, 0xFF, 0x1C, 0x00, 0xFF, 0x00, 0xFB, 0xFF, 0xFC, 0xFD, 0xFF, 0xF7,
    0x00, 0xFF, 0xFB, 0x03, 0xFF, 0x00, 0x02, 0xFF, 0xF6, 0xFB, 0x00, 0x00, 0xFD, 0xFF, 0x18, 0x00,
    0xFF, 0x04, 0xFE, 0xFF, 0x00, 0xFE, 0xFF, 0xFC, 0xFE, 0xFF, 0xFC, 0x00, 0x00, 0x04, 0x00, 0xFF,
    0x04, 0xFE, 0xFF, 0x00, 0xFD, 0xFF, 0xFC, 0xFD, 0xFF, 0xE8, 0x00, 0x01, 0x00, 0xE8, 0x14, 0xFF,
    0x1C, 0x00, 0xFF, 0x00, 0xF9, 0xFF, 0xFC, 0xFC, 0xFF, 0xF7, 0x00, 0xFF, 0xFB, 0x04, 0xFF, 0x00,
    0x03, 0xFF, 0xF6, 0xF9, 0x00, 0x00, 0xFD, 0xFF, 0x18, 0x00, 0xFF, 0x04, 0xFC, 0xFF, 0x00, 0xFE,
    0xFF, 0xFC, 0xFE, 0xFF, 0xFC, 0x00, 0x00, 0x04, 0x00, 0xFF, 0x04, 0xFC, 0xFF, 0x00, 0xFD, 0xFF,
    0xFC, 0xFC, 0xFF, 0xE8, 0x00, 0x01, 0x00, 0xE8, 0x17, 0xFF, 0x1C, 0x00, 0xFF, 0x00, 0xF8, 0xFF,
    0xFC, 0xFC, 0xFF, 0xF7, 0x00, 0xFF, 0xFB, 0x04, 0xFF, 0x00, 0x04, 0xFF, 0xF6, 0xF8, 0x00, 0x00,
    0xFC, 0xFF, 0x18, 0x00, 0xFF, 0x04, 0xFC, 0xFF, 0x00, 0xFD, 0xFF, 0xFC, 0xFD, 0xFF, 0xFC, 0x00,
    0x00, 0x04, 0x00, 0xFF, 0x04, 0xFC, 0xFF, 0x00, 0xFC, 0xFF, 0xFC, 0xFC, 0xFF, 0xE8, 0x00, 0x01,
    0x00, 0xE8, 0x1A, 0xFF, 0x1C, 0x00, 0xFF, 0x00, 0xF7, 0xFF, 0xFC, 0xFB, 0xFF, 0xF7, 0x00, 0xFF,
    0xFB, 0x05, 0xFF, 0x00, 0x05, 0xFF, 0xF6, 0xF6, 0x00, 0x00, 0xFC, 0xFF, 0x18, 0x00, 0xFF, 0x04,
    0xFB, 0xFF, 0x00, 0xFD, 0xFF, 0xFC, 0xFD, 0xFF, 0xFC, 0x00, 0x00, 0x04, 0x00, 0xFF, 0x04, 0xFB,
    0xFF, 0x00, 0xFC, 0xFF, 0xFC, 0xFB, 0xFF, 0xE8, 0x00, 0x01, 0x00, 0xE8, 0x1C, 0xFF, 0x1C, 0x00,
    0xFF, 0x00, 0xF6, 0xFF, 0xFC, 0xFB, 0xFF, 0xF7, 0x00, 0xFF, 0xFB, 0x05, 0xFF, 0x00, 0x05, 0xFF,
    0xF6, 0xF6, 0x00, 0x00, 0xFB, 0xFF, 0x18, 0x00, 0xFF, 0x04, 0xFB, 0xFF, 0x00, 0xFD, 0xFF, 0xFC,
    0xFD, 0xFF, 0xFC, 0x00, 0x00, 0x04, 0x00, 0xFF, 0x04, 0xFB, 0xFF, 0x00, 0xFB, 0xFF, 0xFC, 0xFB,
    0xFF, 0xE8, 0x00, 0x01, 0x00, 0xE8, 0x1C, 0xFF, 0x1C, 0x00, 0xFF, 0x00, 0xF6, 0xFF, 0xFC, 0xFB,
    0xFF, 0xF7, 0x00, 0xFF, 0xFB, 0x05, 0xFF, 0x00, 0x05, 0xFF, 0xF6, 0xF6, 0x00, 0x00, 0xFB, 0xFF,
    0x18, 0x00, 0xFF, 0x04, 0xFB, 0xFF, 0x00, 0xFD, 0xFF, 0xFC, 0xFD, 0xFF, 0xFC, 0x00, 0x00, 0x04,
    0x00, 0xFF, 0x04, 0xFB, 0xFF, 0x00, 0xFB, 0xFF, 0xFC, 0xFB, 0xFF, 0xE8, 0x00, 0x01, 0x00, 0xE8,
    0x1C, 0xFF, 0x1C, 0x00, 0xFF, 0x00, 0xF6, 0xFF, 0xFC, 0xFB, 0xFF, 0xF7, 0x00, 0xFF, 0xFB, 0x05,
    0xFF, 0x00, 0x05, 0xFF, 0xF6, 0xF6, 0x00, 0x00, 0xFB, 0xFF, 0x18, 0x00, 0xFF, 0x04, 0xFB, 0xFF,
    0x00, 0xFD, 0xFF, 0xFC, 0xFD, 0xFF, 0xFC, 0x00, 0x00, 0x04, 0x00, 0xFF, 0x04, 0xFB, 0xFF, 0x00,
    0xFB, 0xFF, 0xFC, 0xFB, 0xFF, 0xE8, 0x00, 0x01, 0x00, 0xE8, 0x1A, 0xFF, 0x1C, 0x00, 0xFF, 0x00,
    0xF7, 0xFF, 0xFC, 0xFB, 0xFF, 0xF7, 0x00, 0xFF, 0xFB, 0x05, 0xFF, 0x00, 0x05, 0xFF, 0xF6, 0xF6,
    0x00, 0x00, 0xFC, 0xFF, 0x18, 0x00, 0xFF, 0x04, 0xFB, 0xFF, 0x00, 0xFD, 0xFF, 0xFC, 0xFD, 0xFF,
    0xFC, 0x00, 0x00, 0x04, 0x00, 0xFF, 0x04, 0xFB, 0xFF, 0x00, 0xFC, 0xFF, 0xFC, 0xFB, 0xFF, 0xE8,
    0x00, 0x01, 0x00, 0xE8, 0x18, 0xFF, 0x1C, 0x00, 0xFF, 0x00, 0xF7, 0xFF, 0xFC, 0xFC, 0xFF, 0xF7,
    0x00, 0xFF, 0xFB, 0x04, 0xFF, 0x00, 0x04, 0xFF, 0xF6, 0xF8, 0x00, 0x00, 0xFC, 0xFF, 0x18, 0x00,
    0xFF, 0x04, 0xFC, 0xFF, 0x00, 0xFD, 0xFF, 0xFC, 0xFD, 0xFF, 0xFC, 0x00, 0x00, 0x04, 0x00, 0xFF,
    0x04, 0xFC, 0xFF, 0x00, 0xFC, 0xFF, 0xFC, 0xFC, 0xFF, 0xE8, 0x00, 0x01, 0x00, 0xE8, 0x14, 0xFF,
    0x1C, 0x00, 0xFF, 0x00, 0xF9, 0xFF, 0xFC, 0xFC, 0xFF, 0xF7, 0x00, 0xFF, 0xFB, 0x04, 0xFF, 0x00,
    0x03, 0xFF, 0xF6, 0xF9, 0x00, 0x00, 0xFD, 0xFF, 0x18, 0x00, 0xFF, 0x04, 0xFC, 0xFF, 0x00, 0xFE,
    0xFF, 0xFC, 0xFE, 0xFF, 0xFC, 0x00, 0x00, 0x04, 0x00, 0xFF, 0x04, 0xFC, 0xFF, 0x00, 0xFD, 0xFF,
    0xFC, 0xFC, 0xFF, 0xE8, 0x00, 0x01, 0x00, 0xE8, 0x0F, 0xFF, 0x1C, 0x00, 0xFF, 0x00, 0xFB, 0xFF,
    0xFC, 0xFD, 0xFF, 0xF7, 0x00, 0xFF, 0xFB, 0x03, 0xFF, 0x00, 0x03, 0xFF, 0xF6, 0xFA, 0x00, 0x00,
    0xFD, 0xFF, 0x18, 0x00, 0xFF, 0x04, 0xFE, 0xFF, 0x00, 0xFE, 0xFF, 0xFC, 0xFE, 0xFF, 0xFC, 0x00,
    0x00, 0x04, 0x00, 0xFF, 0x04, 0xFE, 0xFF, 0x00, 0xFD, 0xFF, 0xFC, 0xFD, 0xFF, 0xE8, 0x00, 0x01,
    0x00, 0xE8, 0x0B, 0xFF, 0x1C, 0x00, 0xFF, 0x00, 0xFC, 0xFF, 0xFC, 0xFE, 0xFF, 0xF7, 0x00, 0xFF,
    0xFB, 0x02, 0xFF, 0x00, 0x02, 0xFF, 0xF6, 0xFC, 0x00, 0x00, 0xFE, 0xFF, 0x18, 0x00, 0xFF, 0x04,
    0xFE, 0xFF, 0x00, 0xFF, 0xFF, 0xFC, 0xFF, 0xFF, 0xFC, 0x00, 0x00, 0x04, 0x00, 0xFF, 0x04, 0xFE,
    0xFF, 0x00, 0xFE, 0xFF, 0xFC, 0xFE, 0xFF, 0xE8, 0x00, 0x01, 0x00, 0xE8, 0x05, 0xFF, 0x1C, 0x00,
    0xFF, 0x00, 0xFE, 0xFF, 0xFC, 0xFF, 0xFF, 0xF7, 0x00, 0xFF, 0xFB, 0x01, 0xFF, 0x00, 0x01, 0xFF,
    0xF6, 0xFE, 0x00, 0x00, 0xFF, 0xFF, 0x18, 0x00, 0xFF, 0x04, 0xFF, 0xFF, 0x00, 0x00, 0xFF, 0xFC,
    0x00, 0xFF, 0xFC, 0x00, 0x00, 0x04, 0x00, 0xFF, 0x04, 0xFF, 0xFF, 0x00, 0xFF, 0xFF, 0xFC, 0xFF,
    0xFF, 0xE8, 0x00, 0x01, 0x00, 0xE8, 0x00, 0xFF, 0x1C, 0x00, 0xFF, 0x00, 0x00, 0xFF, 0xFC, 0x00,
    0xFF, 0xF7, 0x00, 0xFF, 0xFB, 0x00, 0xFF, 0x00, 0x00, 0xFF, 0xF6, 0x00, 0x00, 0x00, 0x00, 0xFF,
    0x18, 0x00, 0xFF, 0x04, 0x00, 0xFF, 0x00, 0x00, 0xFF, 0xFC, 0x00, 0xFF, 0xFC, 0x00, 0x00, 0x04,
    0x00, 0xFF, 0x04, 0x00, 0xFF, 0x00, 0x00, 0xFF, 0xFC, 0x00, 0xFF, 0xE8, 0x00, 0x01, 0x00, 0xE8,
    0xFB, 0xFF, 0x1C, 0x00, 0xFF, 0x00, 0x02, 0xFF, 0xFC, 0x01, 0xFF, 0xF7, 0x00, 0xFF, 0xFB, 0xFF,
    0xFF, 0x00, 0xFF, 0xFF, 0xF6, 0x02, 0x00, 0x00, 0x01, 0xFF, 0x18, 0x00, 0xFF, 0x04, 0x01, 0xFF,
    0x00, 0x00, 0xFF, 0xFC, 0x00, 0xFF, 0xFC, 0x00, 0x00, 0x04, 0x00, 0xFF, 0x04, 0x01, 0xFF, 0x00,
    0x01, 0xFF, 0xFC, 0x01, 0xFF, 0xE8, 0x00, 0x01, 0x00, 0xE8, 0xF6, 0xFF, 0x1C, 0x00, 0xFF, 0x00,
    0x03, 0xFF, 0xFC, 0x02, 0xFF, 0xF7, 0x00, 0xFF, 0xFB, 0xFE, 0xFF, 0x00, 0xFF, 0xFF, 0xF6, 0x03,
    0x00, 0x00, 0x02, 0xFF, 0x18, 0x00, 0xFF, 0x04, 0x02, 0xFF, 0x00, 0x01, 0xFF, 0xFC, 0x01, 0xFF,
    0xFC, 0x00, 0x00, 0x04, 0x00, 0xFF, 0x04, 0x02, 0xFF, 0x00, 0x02, 0xFF, 0xFC, 0x02, 0xFF, 0xE8,
    0x00, 0x01, 0x00, 0xE8, 0xF1, 0xFF, 0x1C, 0x00, 0xFF, 0x00, 0x05, 0xFF, 0xFC, 0x03, 0xFF, 0xF7,
    0x00, 0xFF, 0xFB, 0xFD, 0xFF, 0x00, 0xFE, 0xFF, 0xF6, 0x05, 0x00, 0x00, 0x03, 0xFF, 0x18, 0x00,
    0xFF, 0x04, 0x02, 0xFF, 0x00, 0x02, 0xFF, 0xFC, 0x02, 0xFF, 0xFC, 0x00, 0x00, 0x04, 0x00, 0xFF,
    0x04, 0x02, 0xFF, 0x00, 0x03, 0xFF, 0xFC, 0x03, 0xFF, 0xE8, 0x00, 0x01, 0x00, 0xE8, 0xEC, 0xFF,
    0x1C, 0x00, 0xFF, 0x00, 0x07, 0xFF, 0xFC, 0x04, 0xFF, 0xF7, 0x00, 0xFF, 0xFB, 0xFC, 0xFF, 0x00,
    0xFD, 0xFF, 0xF6, 0x07, 0x00, 0x00, 0x03, 0xFF, 0x18, 0x00, 0xFF, 0x04, 0x04, 0xFF, 0x00, 0x02,
    0xFF, 0xFC, 0x02, 0xFF, 0xFC, 0x00, 0x00, 0x04, 0x00, 0xFF, 0x04, 0x04, 0xFF, 0x00, 0x03, 0xFF,
    0xFC, 0x04, 0xFF, 0xE8, 0x00, 0x01, 0x00, 0xE8, 0xE9, 0xFF, 0x1C, 0x00, 0xFF, 0x00, 0x08, 0xFF,
    0xFC, 0x04, 0xFF, 0xF7, 0x00, 0xFF, 0xFB, 0xFC, 0xFF, 0x00, 0xFC, 0xFF, 0xF6, 0x08, 0x00, 0x00,
    0x04, 0xFF, 0x18, 0x00, 0xFF, 0x04, 0x04, 0xFF, 0x00, 0x03, 0xFF, 0xFC, 0x03, 0xFF, 0xFC, 0x00,
    0x00, 0x04, 0x00, 0xFF, 0x04, 0x04, 0xFF, 0x00, 0x04, 0xFF, 0xFC, 0x04, 0xFF, 0xE8, 0x00, 0x01,
    0x00, 0xE8, 0xE6, 0xFF, 0x1C, 0x00, 0xFF, 0x00, 0x09, 0xFF, 0xFC, 0x05, 0xFF, 0xF7, 0x00, 0xFF,
    0xFB, 0xFB, 0xFF, 0x00, 0xFB, 0xFF, 0xF6, 0x0A, 0x00, 0x00, 0x04, 0xFF, 0x18, 0x00, 0xFF, 0x04,
    0x05, 0xFF, 0x00, 0x03, 0xFF, 0xFC, 0x03, 0xFF, 0xFC, 0x00, 0x00, 0x04, 0x00, 0xFF, 0x04, 0x05,
    0xFF, 0x00, 0x04, 0xFF, 0xFC, 0x05, 0xFF, 0xE8, 0x00, 0x01, 0x00, 0xE8, 0xE4, 0xFF, 0x1C, 0x00,
    0xFF, 0x00, 0x0A, 0xFF, 0xFC, 0x05, 0xFF, 0xF7, 0x00, 0xFF, 0xFB, 0xFB, 0xFF, 0x00, 0xFB, 0xFF,
    0xF6, 0x0A, 0x00, 0x00, 0x05, 0xFF, 0x18, 0x00, 0xFF, 0x04, 0x05, 0xFF, 0x00, 0x03, 0xFF, 0xFC,
    0x03, 0xFF, 0xFC, 0x00, 0x00, 0x04, 0x00, 0xFF, 0x04, 0x05, 0xFF, 0x00, 0x05, 0xFF, 0xFC, 0x05,
    0xFF, 0xE8, 0x00, 0x01, 0x00, 0xE8, 0x18, 0xFF, 0x30, 0x00, 0x00, 0xE8, 0x00, 0xFF, 0x04, 0x05,
    0xFF, 0x00, 0x0A, 0xFF, 0xFC, 0x05, 0xFF, 0xE8, 0x00, 0x00, 0x18, 0x0A, 0xFF, 0xED, 0x00, 0xFF,
    0xFB, 0x05, 0xFF, 0x00, 0x0A, 0xFF, 0x05, 0x05, 0xFF, 0x13, 0x00, 0xFF, 0x04, 0xFB, 0xFF, 0x00,
    0xF6, 0xFF, 0xFC, 0xFB, 0x01, 0x00, 0xE8, 0x17, 0xFF, 0x30, 0x00, 0x00, 0xE8, 0x00, 0xFF, 0x04,
    0x05, 0xFF, 0x00, 0x0A, 0xFF, 0xFC, 0x05, 0xFF, 0xE8, 0x00, 0x00, 0x18, 0x09, 0xFF, 0xED, 0x00,
    0xFF, 0xFB, 0x05, 0xFF, 0x00, 0x0A, 0xFF, 0x05, 0x05, 0xFF, 0x13, 0x00, 0xFF, 0x04, 0xFB, 0xFF,
    0x00, 0xF6, 0xFF, 0xFC, 0xFB, 0x01, 0x00, 0xE8, 0x16, 0xFF, 0x30, 0x00, 0x00, 0xE8, 0x00, 0xFF,
    0x04, 0x04, 0xFF, 0x00, 0x09, 0xFF, 0xFC, 0x05, 0xFF, 0xE8, 0x00, 0x00, 0x18, 0x09, 0xFF, 0xED,
    0x00, 0xFF, 0xFB, 0x05, 0xFF, 0x00, 0x09, 0xFF, 0x05, 0x05, 0xFF, 0x13, 0x00, 0xFF, 0x04, 0xFB,
    0xFF, 0x00, 0xF7, 0xFF, 0xFC, 0xFB, 0x01, 0x00, 0xE8, 0x13, 0xFF, 0x30, 0x00, 0x00, 0xE8, 0x00,
    0xFF, 0x04, 0x05, 0xFF, 0x00, 0x08, 0xFF, 0xFC, 0x04, 0xFF, 0xE8, 0x00, 0x00, 0x18, 0x08, 0xFF,
    0xED, 0x00, 0xFF, 0xFB, 0x04, 0xFF, 0x00, 0x09, 0xFF, 0x05, 0x04, 0xFF, 0x13, 0x00, 0xFF, 0x04,
    0xFC, 0xFF, 0x00, 0xF7, 0xFF, 0xFC, 0xFC, 0x01, 0x00, 0xE8, 0x10, 0xFF, 0x30, 0x00, 0x00, 0xE8,
    0x00, 0xFF, 0x04, 0x04, 0xFF, 0x00, 0x07, 0xFF, 0xFC, 0x03, 0xFF, 0xE8, 0x00, 0x00, 0x18, 0x07,
    0xFF, 0xED, 0x00, 0xFF, 0xFB, 0x04, 0xFF, 0x00, 0x07, 0xFF, 0x05, 0x03, 0xFF, 0x13, 0x00, 0xFF,
    0x04, 0xFD, 0xFF, 0x00, 0xF9, 0xFF, 0xFC, 0xFC, 0x01, 0x00, 0xE8, 0x0D, 0xFF, 0x30, 0x00, 0x00,
    0xE8, 0x00, 0xFF, 0x04, 0x02, 0xFF, 0x00, 0x06, 0xFF, 0xFC, 0x03, 0xFF, 0xE8, 0x00, 0x00, 0x18,
    0x05, 0xFF, 0xED, 0x00, 0xFF, 0xFB, 0x03, 0xFF, 0x00, 0x05, 0xFF, 0x05, 0x03, 0xFF, 0x13, 0x00,
    0xFF, 0x04, 0xFD, 0xFF, 0x00, 0xFB, 0xFF, 0xFC, 0xFD, 0x01, 0x00, 0xE8, 0x09, 0xFF, 0x30, 0x00,
    0x00, 0xE8, 0x00, 0xFF, 0x04, 0x02, 0xFF, 0x00, 0x04, 0xFF, 0xFC, 0x02, 0xFF, 0xE8, 0x00, 0x00,
    0x18, 0x04, 0xFF, 0xED, 0x00, 0xFF, 0xFB, 0x02, 0xFF, 0x00, 0x03, 0xFF, 0x05, 0x02, 0xFF, 0x13,
    0x00, 0xFF, 0x04, 0xFE, 0xFF, 0x00, 0xFD, 0xFF, 0xFC, 0xFE, 0x01, 0x00, 0xE8, 0x04, 0xFF, 0x30,
    0x00, 0x00, 0xE8, 0x00, 0xFF, 0x04, 0x01, 0xFF, 0x00, 0x02, 0xFF, 0xFC, 0x01, 0xFF, 0xE8, 0x00,
    0x00, 0x18, 0x02, 0xFF, 0xED, 0x00, 0xFF, 0xFB, 0x01, 0xFF, 0x00, 0x02, 0xFF, 0x05, 0x01, 0xFF,
    0x13, 0x00, 0xFF, 0x04, 0xFF, 0xFF, 0x00, 0xFE, 0xFF, 0xFC, 0xFF, 0x01, 0x00, 0xE8, 0x00, 0xFF,
    0x30, 0x00, 0x00, 0xE8, 0x00, 0xFF, 0x04, 0x00, 0xFF, 0x00, 0x00, 0xFF, 0xFC, 0x00, 0xFF, 0xE8,
    0x00, 0x00, 0x18, 0x00, 0xFF, 0xED, 0x00, 0xFF, 0xFB, 0x00, 0xFF, 0x00, 0x00, 0xFF, 0x05, 0x00,
    0xFF, 0x13, 0x00, 0xFF, 0x04, 0x00, 0xFF, 0x00, 0x00, 0xFF, 0xFC, 0x00, 0x01, 0x00, 0xE8, 0xFC,
    0xFF, 0x30, 0x00, 0x00, 0xE8, 0x00, 0xFF, 0x04, 0xFF, 0xFF, 0x00, 0xFE, 0xFF, 0xFC, 0xFF, 0xFF,
    0xE8, 0x00, 0x00, 0x18, 0xFE, 0xFF, 0xED, 0x00, 0xFF, 0xFB, 0xFF, 0xFF, 0x00, 0xFE, 0xFF, 0x05,
    0xFF, 0xFF, 0x13, 0x00, 0xFF, 0x04, 0x01, 0xFF, 0x00, 0x02, 0xFF, 0xFC, 0x01, 0x01, 0x00, 0xE8,
    0xF8, 0xFF, 0x30, 0x00, 0x00, 0xE8, 0x00, 0xFF, 0x04, 0xFE, 0xFF, 0x00, 0xFC, 0xFF, 0xFC, 0xFE,
    0xFF, 0xE8, 0x00, 0x00, 0x18, 0xFD, 0xFF, 0xED, 0x00, 0xFF, 0xFB, 0xFE, 0xFF, 0x00, 0xFC, 0xFF,
    0x05, 0xFE, 0xFF, 0x13, 0x00, 0xFF, 0x04, 0x02, 0xFF, 0x00, 0x04, 0xFF, 0xFC, 0x02, 0x01, 0x00,
    0xE8, 0xF4, 0xFF, 0x30, 0x00, 0x00, 0xE8, 0x00, 0xFF, 0x04, 0xFD, 0xFF, 0x00, 0xFA, 0xFF, 0xFC,
    0xFE, 0xFF, 0xE8, 0x00, 0x00, 0x18, 0xFA, 0xFF, 0xED, 0x00, 0xFF, 0xFB, 0xFE, 0xFF, 0x00, 0xFA,
    0xFF, 0x05, 0xFE, 0xFF, 0x13, 0x00, 0xFF, 0x04, 0x02, 0xFF, 0x00, 0x06, 0xFF, 0xFC, 0x02, 0x01,
    0x00, 0xE8, 0xF0, 0xFF, 0x30, 0x00, 0x00, 0xE8, 0x00, 0xFF, 0x04, 0xFC, 0xFF, 0x00, 0xF9, 0xFF,
    0xFC, 0xFD, 0xFF, 0xE8, 0x00, 0x00, 0x18, 0xF9, 0xFF, 0xED, 0x00, 0xFF, 0xFB, 0xFC, 0xFF, 0x00,
    0xF9, 0xFF, 0x05, 0xFD, 0xFF, 0x13, 0x00, 0xFF, 0x04, 0x03, 0xFF, 0x00, 0x07, 0xFF, 0xFC, 0x04,
    0x01, 0x00, 0xE8, 0xED, 0xFF, 0x30, 0x00, 0x00, 0xE8, 0x00, 0xFF, 0x04, 0xFC, 0xFF, 0x00, 0xF8,
    0xFF, 0xFC, 0xFB, 0xFF, 0xE8, 0x00, 0x00, 0x18, 0xF8, 0xFF, 0xED, 0x00, 0xFF, 0xFB, 0xFC, 0xFF,
    0x00, 0xF8, 0xFF, 0x05, 0xFC, 0xFF, 0x13, 0x00, 0xFF, 0x04, 0x04, 0xFF, 0x00, 0x08, 0xFF, 0xFC,
    0x04, 0x01, 0x00, 0xE8, 0xEA, 0xFF, 0x30, 0x00, 0x00, 0xE8, 0x00, 0xFF, 0x04, 0xFC, 0xFF, 0x00,
    0xF7, 0xFF, 0xFC, 0xFB, 0xFF, 0xE8, 0x00, 0x00, 0x18, 0xF7, 0xFF, 0xED, 0x00, 0xFF, 0xFB, 0xFB,
    0xFF, 0x00, 0xF7, 0xFF, 0x05, 0xFB, 0xFF, 0x13, 0x00, 0xFF, 0x04, 0x05, 0xFF, 0x00, 0x09, 0xFF,
    0xFC, 0x05, 0x01, 0x00, 0xE8, 0xE9, 0xFF, 0x30, 0x00, 0x00, 0xE8, 0x00, 0xFF, 0x04, 0xFB, 0xFF,
    0x00, 0xF7, 0xFF, 0xFC, 0xFB, 0xFF, 0xE8, 0x00, 0x00, 0x18, 0xF6, 0xFF, 0xED, 0x00, 0xFF, 0xFB,
    0xFB, 0xFF, 0x00, 0xF7, 0xFF, 0x05, 0xFB, 0xFF, 0x13, 0x00, 0xFF, 0x04, 0x05, 0xFF, 0x00, 0x09,
    0xFF, 0xFC, 0x05, 0x01, 0x00, 0xE8, 0xE9, 0xFF, 0x30, 0x00, 0x00, 0xE8, 0x00, 0xFF, 0x04, 0xFB,
    0xFF, 0x00, 0xF6, 0xFF, 0xFC, 0xFB, 0xFF, 0xE8, 0x00, 0x00, 0x18, 0xF6, 0xFF, 0xED, 0x00, 0xFF,
    0xFB, 0xFB, 0xFF, 0x00, 0xF6, 0xFF, 0x05, 0xFB, 0xFF, 0x13, 0x00, 0xFF, 0x04, 0x05, 0xFF, 0x00,
    0x0A, 0xFF, 0xFC, 0x05, 0x01, 0x00, 0xE8, 0xE9, 0xFF, 0x30, 0x00, 0x00, 0xE8, 0x00, 0xFF, 0x04,
    0xFB, 0xFF, 0x00, 0xF6, 0xFF, 0xFC, 0xFB, 0xFF, 0xE8, 0x00, 0x00, 0x18, 0xF7, 0xFF, 0xED, 0x00,
    0xFF, 0xFB, 0xFB, 0xFF, 0x00, 0xF6, 0xFF, 0x05, 0xFB, 0xFF, 0x13, 0x00, 0xFF, 0x04, 0x05, 0xFF,
    0x00, 0x0A, 0xFF, 0xFC, 0x05, 0x01, 0x00, 0xE8, 0xEA, 0xFF, 0x30, 0x00, 0x00, 0xE8, 0x00, 0xFF,
    0x04, 0xFC, 0xFF, 0x00, 0xF7, 0xFF, 0xFC, 0xFB, 0xFF, 0xE8, 0x00, 0x00, 0x18, 0xF7, 0xFF, 0xED,
    0x00, 0xFF, 0xFB, 0xFB, 0xFF, 0x00, 0xF7, 0xFF, 0x05, 0xFB, 0xFF, 0x13, 0x00, 0xFF, 0x04, 0x05,
    0xFF, 0x00, 0x09, 0xFF, 0xFC, 0x05, 0x01, 0x00, 0xE8, 0xED, 0xFF, 0x30, 0x00, 0x00, 0xE8, 0x00,
    0xFF, 0x04, 0xFB, 0xFF, 0x00, 0xF8, 0xFF, 0xFC, 0xFC, 0xFF, 0xE8, 0x00, 0x00, 0x18, 0xF8, 0xFF,
    0xED, 0x00, 0xFF, 0xFB, 0xFC, 0xFF, 0x00, 0xF7, 0xFF, 0x05, 0xFC, 0xFF, 0x13, 0x00, 0xFF, 0x04,
    0x04, 0xFF, 0x00, 0x09, 0xFF, 0xFC, 0x04, 0x01, 0x00, 0xE8, 0xF0, 0xFF, 0x30, 0x00, 0x00, 0xE8,
    0x00, 0xFF, 0x04, 0xFC, 0xFF, 0x00, 0xF9, 0xFF, 0xFC, 0xFD, 0xFF, 0xE8, 0x00, 0x00, 0x18, 0xF9,
    0xFF, 0xED, 0x00, 0xFF, 0xFB, 0xFC, 0xFF, 0x00, 0xF9, 0xFF, 0x05, 0xFD, 0xFF, 0x13, 0x00, 0xFF,
    0x04, 0x03, 0xFF, 0x00, 0x07, 0xFF, 0xFC, 0x04, 0x01, 0x00, 0xE8, 0xF3, 0xFF, 0x30, 0x00, 0x00,
    0xE8, 0x00, 0xFF, 0x04, 0xFE, 0xFF, 0x00, 0xFA, 0xFF, 0xFC, 0xFD, 0xFF, 0xE8, 0x00, 0x00, 0x18,
    0xFB, 0xFF, 0xED, 0x00, 0xFF, 0xFB, 0xFD, 0xFF, 0x00, 0xFB, 0xFF, 0x05, 0xFD, 0xFF, 0x13, 0x00,
    0xFF, 0x04, 0x03, 0xFF, 0x00, 0x05, 0xFF, 0xFC, 0x03, 0x01, 0x00, 0xE8, 0xF7, 0xFF, 0x30, 0x00,
    0x00, 0xE8, 0x00, 0xFF, 0x04, 0xFE, 0xFF, 0x00, 0xFC, 0xFF, 0xFC, 0xFE, 0xFF, 0xE8, 0x00, 0x00,
    0x18, 0xFC, 0xFF, 0xED, 0x00, 0xFF, 0xFB, 0xFE, 0xFF, 0x00, 0xFD, 0xFF, 0x05, 0xFE, 0xFF, 0x13,
    0x00, 0xFF, 0x04, 0x02, 0xFF, 0x00, 0x03, 0xFF, 0xFC, 0x02, 0x01, 0x00, 0xE8, 0xFC, 0xFF, 0x30,
    0x00, 0x00, 0xE8, 0x00, 0xFF, 0x04, 0xFF, 0xFF, 0x00, 0xFE, 0xFF, 0xFC, 0xFF, 0xFF, 0xE8, 0x00,
    0x00, 0x18, 0xFE, 0xFF, 0xED, 0x00, 0xFF, 0xFB, 0xFF, 0xFF, 0x00, 0xFE, 0xFF, 0x05, 0xFF, 0xFF,
    0x13, 0x00, 0xFF, 0x04, 0x01, 0xFF, 0x00, 0x02, 0xFF, 0xFC, 0x01, 0x01, 0x00, 0xE8, 0x00, 0xFF,
    0x30, 0x00, 0x00, 0xE8, 0x00, 0xFF, 0x04, 0x00, 0xFF, 0x00, 0x00, 0xFF, 0xFC, 0x00, 0xFF, 0xE8,
    0x00, 0x00, 0x18, 0x00, 0xFF, 0xED, 0x00, 0xFF, 0xFB, 0x00, 0xFF, 0x00, 0x00, 0xFF, 0x05, 0x00,
    0xFF, 0x13, 0x00, 0xFF, 0x04, 0x00, 0xFF, 0x00, 0x00, 0xFF, 0xFC, 0x00, 0x01, 0x00, 0xE8, 0x04,
    0xFF, 0x30, 0x00, 0x00, 0xE8, 0x00, 0xFF, 0x04, 0x01, 0xFF, 0x00, 0x02, 0xFF, 0xFC, 0x01, 0xFF,
    0xE8, 0x00, 0x00, 0x18, 0x02, 0xFF, 0xED, 0x00, 0xFF, 0xFB, 0x01, 0xFF, 0x00, 0x02, 0xFF, 0x05,
    0x01, 0xFF, 0x13, 0x00, 0xFF, 0x04, 0xFF, 0xFF, 0x00, 0xFE, 0xFF, 0xFC, 0xFF, 0x01, 0x00, 0xE8,
    0x08, 0xFF, 0x30, 0x00, 0x00, 0xE8, 0x00, 0xFF, 0x04, 0x02, 0xFF, 0x00, 0x04, 0xFF, 0xFC, 0x02,
    0xFF, 0xE8, 0x00, 0x00, 0x18, 0x03, 0xFF, 0xED, 0x00, 0xFF, 0xFB, 0x02, 0xFF, 0x00, 0x04, 0xFF,
    0x05, 0x02, 0xFF, 0x13, 0x00, 0xFF, 0x04, 0xFE, 0xFF, 0x00, 0xFC, 0xFF, 0xFC, 0xFE, 0x01, 0x00,
    0xE8, 0x0C, 0xFF, 0x30, 0x00, 0x00, 0xE8, 0x00, 0xFF, 0x04, 0x03, 0xFF, 0x00, 0x06, 0xFF, 0xFC,
    0x02, 0xFF, 0xE8, 0x00, 0x00, 0x18, 0x06, 0xFF, 0xED, 0x00, 0xFF, 0xFB, 0x02, 0xFF, 0x00, 0x06,
    0xFF, 0x05, 0x02, 0xFF, 0x13, 0x00, 0xFF, 0x04, 0xFE, 0xFF, 0x00, 0xFA, 0xFF, 0xFC, 0xFE, 0x01,
    0x00, 0xE8, 0x10, 0xFF, 0x30, 0x00, 0x00, 0xE8, 0x00, 0xFF, 0x04, 0x04, 0xFF, 0x00, 0x07, 0xFF,
    0xFC, 0x03, 0xFF, 0xE8, 0x00, 0x00, 0x18, 0x07, 0xFF, 0xED, 0x00, 0xFF, 0xFB, 0x04, 0xFF, 0x00,
    0x07, 0xFF, 0x05, 0x03, 0xFF, 0x13, 0x00, 0xFF, 0x04, 0xFD, 0xFF, 0x00, 0xF9, 0xFF, 0xFC, 0xFC,
    0x01, 0x00, 0xE8, 0x13, 0xFF, 0x30, 0x00, 0x00, 0xE8, 0x00, 0xFF, 0x04, 0x04, 0xFF, 0x00, 0x08,
    0xFF, 0xFC, 0x05, 0xFF, 0xE8, 0x00, 0x00, 0x18, 0x08, 0xFF, 0xED, 0x00, 0xFF, 0xFB, 0x04, 0xFF,
    0x00, 0x08, 0xFF, 0x05, 0x04, 0xFF, 0x13, 0x00, 0xFF, 0x04, 0xFC, 0xFF, 0x00, 0xF8, 0xFF, 0xFC,
    0xFC, 0x01, 0x00, 0xE8, 0x16, 0xFF, 0x30, 0x00, 0x00, 0xE8, 0x00, 0xFF, 0x04, 0x04, 0xFF, 0x00,
    0x09, 0xFF, 0xFC, 0x05, 0xFF, 0xE8, 0x00, 0x00, 0x18, 0x09, 0xFF, 0xED, 0x00, 0xFF, 0xFB, 0x05,
    0xFF, 0x00, 0x09, 0xFF, 0x05, 0x05, 0xFF, 0x13, 0x00, 0xFF, 0x04, 0xFB, 0xFF, 0x00, 0xF7, 0xFF,
    0xFC, 0xFB, 0x01, 0x00, 0xE8, 0x17, 0xFF, 0x30, 0x00, 0x00, 0xE8, 0x00, 0xFF, 0x04, 0x05, 0xFF,
    0x00, 0x09, 0xFF, 0xFC, 0x05, 0xFF, 0xE8, 0x00, 0x00, 0x18, 0x0A, 0xFF, 0xED, 0x00, 0xFF, 0xFB,
    0x05, 0xFF, 0x00, 0x09, 0xFF, 0x05, 0x05, 0xFF, 0x13, 0x00, 0xFF, 0x04, 0xFB, 0xFF, 0x00, 0xF7,
    0xFF, 0xFC, 0xFB, 0x01, 0x00, 0xE8, 0x4F, 0xFF, 0x30, 0x00, 0x00, 0xD5, 0x19, 0xFF, 0xFB, 0xFB,
    0xFF, 0x00, 0xF6, 0xFF, 0x05, 0xFB, 0xFF, 0x13, 0x00, 0xFF, 0x04, 0x05, 0xFF, 0x00, 0x0A, 0xFF,
    0xFC, 0x05, 0xFF, 0xF7, 0x00, 0xFF, 0x00, 0xEC, 0x01, 0x00, 0xE8, 0x4D, 0xFF, 0x30, 0x00, 0x00,
    0xD5, 0x18, 0xFF, 0xFB, 0xFC, 0xFF, 0x00, 0xF6, 0xFF, 0x05, 0xFB, 0xFF, 0x13, 0x00, 0xFF, 0x04,
    0x05, 0xFF, 0x00, 0x0A, 0xFF, 0xFC, 0x04, 0xFF, 0xF7, 0x00, 0xFF, 0x00, 0xED, 0x01, 0x00, 0xE8,
    0x48, 0xFF, 0x30, 0x00, 0x00, 0xD5, 0x17, 0xFF, 0xFB, 0xFC, 0xFF, 0x00, 0xF6, 0xFF, 0x05, 0xFC,
    0xFF, 0x13, 0x00, 0xFF, 0x04, 0x04, 0xFF, 0x00, 0x0A, 0xFF, 0xFC, 0x04, 0xFF, 0xF7, 0x00, 0xFF,
    0x00, 0xEE, 0x01, 0x00, 0xE8, 0x41, 0xFF, 0x30, 0x00, 0x00, 0xD5, 0x15, 0xFF, 0xFB, 0xFC, 0xFF,
    0x00, 0xF7, 0xFF, 0x05, 0xFC, 0xFF, 0x13, 0x00, 0xFF, 0x04, 0x04, 0xFF, 0x00, 0x09, 0xFF, 0xFC,
    0x04, 0xFF, 0xF7, 0x00, 0xFF, 0x00, 0xEF, 0x01, 0x00, 0xE8, 0x37, 0xFF, 0x30, 0x00, 0x00, 0xD5,
    0x11, 0xFF, 0xFB, 0xFD, 0xFF, 0x00, 0xF9, 0xFF, 0x05, 0xFC, 0xFF, 0x13, 0x00, 0xFF, 0x04, 0x04,
    0xFF, 0x00, 0x07, 0xFF, 0xFC, 0x03, 0xFF, 0xF7, 0x00, 0xFF, 0x00, 0xF2, 0x01, 0x00, 0xE8, 0x2B,
    0xFF, 0x30, 0x00, 0x00, 0xD5, 0x0E, 0xFF, 0xFB, 0xFD, 0xFF, 0x00, 0xFA, 0xFF, 0x05, 0xFE, 0xFF,
    0x13, 0x00, 0xFF, 0x04, 0x02, 0xFF, 0x00, 0x06, 0xFF, 0xFC, 0x03, 0xFF, 0xF7, 0x00, 0xFF, 0x00,
    0xF5, 0x01, 0x00, 0xE8, 0x1E, 0xFF, 0x30, 0x00, 0x00, 0xD5, 0x0A, 0xFF, 0xFB, 0xFE, 0xFF, 0x00,
    0xFC, 0xFF, 0x05, 0xFE, 0xFF, 0x13, 0x00, 0xFF, 0x04, 0x02, 0xFF, 0x00, 0x04, 0xFF, 0xFC, 0x02,
    0xFF, 0xF7, 0x00, 0xFF, 0x00, 0xF8, 0x01, 0x00, 0xE8, 0x0F, 0xFF, 0x30, 0x00, 0x00, 0xD5, 0x05,
    0xFF, 0xFB, 0xFF, 0xFF, 0x00, 0xFE, 0xFF, 0x05, 0xFF, 0xFF, 0x13, 0x00, 0xFF, 0x04, 0x01, 0xFF,
    0x00, 0x02, 0xFF, 0xFC, 0x01, 0xFF, 0xF7, 0x00, 0xFF, 0x00, 0xFC, 0x01, 0x00, 0xE8, 0x00, 0xFF,
    0x30, 0x00, 0x00, 0xD5, 0x00, 0xFF, 0xFB, 0x00, 0xFF, 0x00, 0x00, 0xFF, 0x05, 0x00, 0xFF, 0x13,
    0x00, 0xFF, 0x04, 0x00, 0xFF, 0x00, 0x00, 0xFF, 0xFC, 0x00, 0xFF, 0xF7, 0x00, 0xFF, 0x00, 0x00,
    0x01, 0x00, 0xE8, 0xF1, 0xFF, 0x30, 0x00, 0x00, 0xD5, 0xFC, 0xFF, 0xFB, 0x01, 0xFF, 0x00, 0x02,
    0xFF, 0x05, 0x01, 0xFF, 0x13, 0x00, 0xFF, 0x04, 0xFF, 0xFF, 0x00, 0xFE, 0xFF, 0xFC, 0xFF, 0xFF,
    0xF7, 0x00, 0xFF, 0x00, 0x04, 0x01, 0x00, 0xE8, 0xE3, 0xFF, 0x30, 0x00, 0x00, 0xD5, 0xF7, 0xFF,
    0xFB, 0x02, 0xFF, 0x00, 0x04, 0xFF, 0x05, 0x01, 0xFF, 0x13, 0x00, 0xFF, 0x04, 0xFF, 0xFF, 0x00,
    0xFC, 0xFF, 0xFC, 0xFE, 0xFF, 0xF7, 0x00, 0xFF, 0x00, 0x07, 0x01, 0x00, 0xE8, 0xD6, 0xFF, 0x30,
    0x00, 0x00, 0xD5, 0xF2, 0xFF, 0xFB, 0x03, 0xFF, 0x00, 0x05, 0xFF, 0x05, 0x03, 0xFF, 0x13, 0x00,
    0xFF, 0x04, 0xFD, 0xFF, 0x00, 0xFB, 0xFF, 0xFC, 0xFD, 0xFF, 0xF7, 0x00, 0xFF, 0x00, 0x0B, 0x01,
    0x00, 0xE8, 0xC9, 0xFF, 0x30, 0x00, 0x00, 0xD5, 0xEF, 0xFF, 0xFB, 0x03, 0xFF, 0x00, 0x07, 0xFF,
    0x05, 0x04, 0xFF, 0x13, 0x00, 0xFF, 0x04, 0xFC, 0xFF, 0x00, 0xF9, 0xFF, 0xFC, 0xFD, 0xFF, 0xF7,
    0x00, 0xFF, 0x00, 0x0E, 0x01, 0x00, 0xE8, 0xC0, 0xFF, 0x30, 0x00, 0x00, 0xD5, 0xEB, 0xFF, 0xFB,
    0x04, 0xFF, 0x00, 0x09, 0xFF, 0x05, 0x04, 0xFF, 0x13, 0x00, 0xFF, 0x04, 0xFC, 0xFF, 0x00, 0xF7,
    0xFF, 0xFC, 0xFC, 0xFF, 0xF7, 0x00, 0xFF, 0x00, 0x11, 0x01, 0x00, 0xE8, 0xB8, 0xFF, 0x30, 0x00,
    0x00, 0xD5, 0xE9, 0xFF, 0xFB, 0x04, 0xFF, 0x00, 0x0A, 0xFF, 0x05, 0x04, 0xFF, 0x13, 0x00, 0xFF,
    0x04, 0xFC, 0xFF, 0x00, 0xF6, 0xFF, 0xFC, 0xFC, 0xFF, 0xF7, 0x00, 0xFF, 0x00, 0x12, 0x01, 0x00,
    0xE8, 0xB4, 0xFF, 0x30, 0x00, 0x00, 0xD5, 0xE8, 0xFF, 0xFB, 0x04, 0xFF, 0x00, 0x0A, 0xFF, 0x05,
    0x05, 0xFF, 0x13, 0x00, 0xFF, 0x04, 0xFB, 0xFF, 0x00, 0xF6, 0xFF, 0xFC, 0xFC, 0xFF, 0xF7, 0x00,
    0xFF, 0x00, 0x13, 0x01, 0x00, 0xE8, 0xB2, 0xFF, 0x30, 0x00, 0x00, 0xD5, 0xE8, 0xFF, 0xFB, 0x04,
    0xFF, 0x00, 0x0A, 0xFF, 0x05, 0x05, 0xFF, 0x13, 0x00, 0xFF, 0x04, 0xFB, 0xFF, 0x00, 0xF6, 0xFF,
    0xFC, 0xFC, 0xFF, 0xF7, 0x00, 0xFF, 0x00, 0x13, 0x01, 0x00, 0xE8, 0xB3, 0xFF, 0x30, 0x00, 0x00,
    0xD5, 0xE8, 0xFF, 0xFB, 0x04, 0xFF, 0x00, 0x0A, 0xFF, 0x05, 0x05, 0xFF, 0x13, 0x00, 0xFF, 0x04,
    0xFB, 0xFF, 0x00, 0xF6, 0xFF, 0xFC, 0xFC, 0xFF, 0xF7, 0x00, 0xFF, 0x00, 0x13, 0x01, 0x00, 0xE8,
    0xB8, 0xFF, 0x30, 0x00, 0x00, 0xD5, 0xE9, 0xFF, 0xFB, 0x04, 0xFF, 0x00, 0x0A, 0xFF, 0x05, 0x04,
    0xFF, 0x13, 0x00, 0xFF, 0x04, 0xFC, 0xFF, 0x00, 0xF6, 0xFF, 0xFC, 0xFC, 0xFF, 0xF7, 0x00, 0xFF,
    0x00, 0x12, 0x01, 0x00, 0xE8, 0xBF, 0xFF, 0x30, 0x00, 0x00, 0xD5, 0xEB, 0xFF, 0xFB, 0x04, 0xFF,
    0x00, 0x09, 0xFF, 0x05, 0x04, 0xFF, 0x13, 0x00, 0xFF, 0x04, 0xFC, 0xFF, 0x00, 0xF7, 0xFF, 0xFC,
    0xFC, 0xFF, 0xF7, 0x00, 0xFF, 0x00, 0x11, 0x01, 0x00, 0xE8, 0xC9, 0xFF, 0x30, 0x00, 0x00, 0xD5,
    0xEF, 0xFF, 0xFB, 0x03, 0xFF, 0x00, 0x07, 0xFF, 0x05, 0x04, 0xFF, 0x13, 0x00, 0xFF, 0x04, 0xFC,
    0xFF, 0x00, 0xF9, 0xFF, 0xFC, 0xFD, 0xFF, 0xF7, 0x00, 0xFF, 0x00, 0x0E, 0x01, 0x00, 0xE8, 0xD5,
    0xFF, 0x30, 0x00, 0x00, 0xD5, 0xF2, 0xFF, 0xFB, 0x03, 0xFF, 0x00, 0x06, 0xFF, 0x05, 0x02, 0xFF,
    0x13, 0x00, 0xFF, 0x04, 0xFE, 0xFF, 0x00, 0xFA, 0xFF, 0xFC, 0xFD, 0xFF, 0xF7, 0x00, 0xFF, 0x00,
    0x0B, 0x01, 0x00, 0xE8, 0xE2, 0xFF, 0x30, 0x00, 0x00, 0xD5, 0xF6, 0xFF, 0xFB, 0x02, 0xFF, 0x00,
    0x04, 0xFF, 0x05, 0x02, 0xFF, 0x13, 0x00, 0xFF, 0x04, 0xFE, 0xFF, 0x00, 0xFC, 0xFF, 0xFC, 0xFE,
    0xFF, 0xF7, 0x00, 0xFF, 0x00, 0x08, 0x01, 0x00, 0xE8, 0xF1, 0xFF, 0x30, 0x00, 0x00, 0xD5, 0xFB,
    0xFF, 0xFB, 0x01, 0xFF, 0x00, 0x02, 0xFF, 0x05, 0x01, 0xFF, 0x13, 0x00, 0xFF, 0x04, 0xFF, 0xFF,
    0x00, 0xFE, 0xFF, 0xFC, 0xFF, 0xFF, 0xF7, 0x00, 0xFF, 0x00, 0x04, 0x01, 0x00, 0xE8, 0x00, 0xFF,
    0x30, 0x00, 0x00, 0xD5, 0x00, 0xFF, 0xFB, 0x00, 0xFF, 0x00, 0x00, 0xFF, 0x05, 0x00, 0xFF, 0x13,
    0x00, 0xFF, 0x04, 0x00, 0xFF, 0x00, 0x00, 0xFF, 0xFC, 0x00, 0xFF, 0xF7, 0x00, 0xFF, 0x00, 0x00,
    0x01, 0x00, 0xE8, 0x0F, 0xFF, 0x30, 0x00, 0x00, 0xD5, 0x04, 0xFF, 0xFB, 0xFF, 0xFF, 0x00, 0xFE,
    0xFF, 0x05, 0xFF, 0xFF, 0x13, 0x00, 0xFF, 0x04, 0x01, 0xFF, 0x00, 0x02, 0xFF, 0xFC, 0x01, 0xFF,
    0xF7, 0x00, 0xFF, 0x00, 0xFC, 0x01, 0x00, 0xE8, 0x1D, 0xFF, 0x30, 0x00, 0x00, 0xD5, 0x09, 0xFF,
    0xFB, 0xFE, 0xFF, 0x00, 0xFC, 0xFF, 0x05, 0xFF, 0xFF, 0x13, 0x00, 0xFF, 0x04, 0x01, 0xFF, 0x00,
    0x04, 0xFF, 0xFC, 0x02, 0xFF, 0xF7, 0x00, 0xFF, 0x00, 0xF9, 0x01, 0x00, 0xE8, 0x2A, 0xFF, 0x30,
    0x00, 0x00, 0xD5, 0x0E, 0xFF, 0xFB, 0xFD, 0xFF, 0x00, 0xFB, 0xFF, 0x05, 0xFD, 0xFF, 0x13, 0x00,
    0xFF, 0x04, 0x03, 0xFF, 0x00, 0x05, 0xFF, 0xFC, 0x03, 0xFF, 0xF7, 0x00, 0xFF, 0x00, 0xF5, 0x01,
    0x00, 0xE8, 0x37, 0xFF, 0x30, 0x00, 0x00, 0xD5, 0x11, 0xFF, 0xFB, 0xFD, 0xFF, 0x00, 0xF9, 0xFF,
    0x05, 0xFC, 0xFF, 0x13, 0x00, 0xFF, 0x04, 0x04, 0xFF, 0x00, 0x07, 0xFF, 0xFC, 0x03, 0xFF, 0xF7,
    0x00, 0xFF, 0x00, 0xF2, 0x01, 0x00, 0xE8, 0x40, 0xFF, 0x30, 0x00, 0x00, 0xD5, 0x15, 0xFF, 0xFB,
    0xFC, 0xFF, 0x00, 0xF7, 0xFF, 0x05, 0xFC, 0xFF, 0x13, 0x00, 0xFF, 0x04, 0x04, 0xFF, 0x00, 0x09,
    0xFF, 0xFC, 0x04, 0xFF, 0xF7, 0x00, 0xFF, 0x00, 0xEF, 0x01, 0x00, 0xE8, 0x48, 0xFF, 0x30, 0x00,
    0x00, 0xD5, 0x17, 0xFF, 0xFB, 0xFC, 0xFF, 0x00, 0xF6, 0xFF, 0x05, 0xFC, 0xFF, 0x13, 0x00, 0xFF,
    0x04, 0x04, 0xFF, 0x00, 0x0A, 0xFF, 0xFC, 0x04, 0xFF, 0xF7, 0x00, 0xFF, 0x00, 0xEE, 0x01, 0x00,
    0xE8, 0x4C, 0xFF, 0x30, 0x00, 0x00, 0xD5, 0x18, 0xFF, 0xFB, 0xFC, 0xFF, 0x00, 0xF6, 0xFF, 0x05,
    0xFB, 0xFF, 0x13, 0x00, 0xFF, 0x04, 0x05, 0xFF, 0x00, 0x0A, 0xFF, 0xFC, 0x04, 0xFF, 0xF7, 0x00,
    0xFF, 0x00, 0xED, 0x01, 0xBD, 0x72, 0x42, 0x86, 0x50, 0xBD, 0xF2, 0xAB, 0xB6, 0xC8, 0x94, 0x81,
    0xFF, 0x26, 0x03, 0x7E, 0x70, 0xDF, 0x81, 0x7F, 0x2B, 0x0D, 0xB6, 0xC8, 0x8C, 0x81, 0x02, 0x2B,
    0x06, 0x7A, 0xC8, 0x8C, 0x7A, 0xC8, 0x8C, 0xB6, 0xC8, 0x8E, 0x81, 0x05, 0x26, 0x06, 0x7F, 0xC8,
    0x88, 0x7C, 0xC8, 0x94, 0xCC, 0x30, 0x00, 0xFD, 0xC8, 0x86, 0x8E, 0xC8, 0x86, 0xBD, 0xF3, 0x0C,
    0xB6, 0xC8, 0x8C, 0x81, 0x02, 0x2B, 0x74, 0x8E, 0x57, 0x14, 0xB6, 0xC8, 0x88, 0xC6, 0x37, 0x3D,
    0x30, 0x8B, 0xF6, 0xC8, 0x8C, 0xBD, 0xF4, 0x0E, 0xBD, 0xF3, 0x54, 0xCC, 0x30, 0x00, 0xFD, 0xC8,
    0x86, 0x8E, 0xC8, 0x86, 0xBD, 0xF3, 0x0C, 0x8E, 0x5D, 0xF4, 0xB6, 0xC8, 0x88, 0xC6, 0x3A, 0x3D,
    0x30, 0x8B, 0xF6, 0xC8, 0x8C, 0xBD, 0xF4, 0x0E, 0xBD, 0xF3, 0x54, 0xCC, 0x30, 0x00, 0xFD, 0xC8,
    0x86, 0x8E, 0xC8, 0x86, 0xBD, 0xF3, 0x0C, 0x8E, 0x65, 0x34, 0xB6, 0xC8, 0x88, 0xC6, 0x31, 0x3D,
    0x30, 0x8B, 0xF6, 0xC8, 0x8C, 0xBD, 0xF4, 0x0E, 0xBD, 0xF3, 0x54, 0xCC, 0x30, 0x00, 0xFD, 0xC8,
    0x86, 0x8E, 0xC8, 0x86, 0xBD, 0xF3, 0x0C, 0x8E, 0x6B, 0x54, 0xB6, 0xC8, 0x88, 0xC6, 0x25, 0x3D,
    0x30, 0x8B, 0xF6, 0xC8, 0x8C, 0xBD, 0xF4, 0x0E, 0xBD, 0xF3, 0x54, 0x7A, 0xC8, 0x8A, 0xB6, 0xC8,
    0x8A, 0x27, 0x01, 0x39, 0xB6, 0xC8, 0x8E, 0xB7, 0xC8, 0x8A, 0x7C, 0xC8, 0x88, 0xB6, 0xC8, 0x88,
    0x81, 0x20, 0x27, 0x01, 0x39, 0x7F, 0xC8, 0x88, 0xB6, 0xC8, 0x90, 0x81, 0x00, 0x27, 0x05, 0x7A,
    0xC8, 0x90, 0x20, 0x0A, 0xB6, 0xC8, 0x8E, 0x81, 0x05, 0x27, 0x03, 0x7C, 0xC8, 0x8E, 0x39, 0xBE,
    0xC8, 0x96, 0x30, 0x01, 0xBF, 0xC8, 0x96, 0x8C, 0x06, 0x80, 0x27, 0x71, 0x10, 0x8E, 0x71, 0x60,
    0x8C, 0x00, 0x80, 0x2B, 0x64, 0x10, 0x8E, 0x71, 0x73, 0x8C, 0x01, 0x00, 0x2B, 0x5B, 0x10, 0x8E,
    0x71, 0xA8, 0x8C, 0x01, 0x80, 0x2B, 0x52, 0x10, 0x8E, 0x71, 0xB9, 0x8C, 0x02, 0x00, 0x2B, 0x49,
    0x10, 0x8E, 0x71, 0xCB, 0x8C, 0x02, 0x80, 0x2B, 0x40, 0x10, 0x8E, 0x71, 0xDF, 0x8C, 0x03, 0x00,
    0x2B, 0x37, 0x10, 0x8E, 0x71, 0xE3, 0x8C, 0x03, 0x80, 0x2B, 0x2E, 0x10, 0x8E, 0x71, 0xFA, 0x8C,
    0x04, 0x00, 0x2B, 0x25, 0x10, 0x8E, 0x72, 0x10, 0x8C, 0x04, 0x80, 0x2B, 0x1C, 0x10, 0x8E, 0x71,
    0xA0, 0x8C, 0x05, 0x00, 0x2B, 0x13, 0x10, 0x8E, 0x71, 0x86, 0x8C, 0x05, 0x80, 0x2B, 0x0A, 0x10,
    0x8E, 0x71, 0xA4, 0x8C, 0x06, 0x00, 0x2B, 0x01, 0x39, 0xBD, 0x1E, 0x19, 0x39, 0x7E, 0x72, 0x20,
    0xA0, 0xC0, 0x42, 0x59, 0x20, 0x4A, 0x4F, 0x48, 0x4E, 0x20, 0x44, 0x4F, 0x4E, 0x44, 0x5A, 0x49,
    0x4C, 0x41, 0xFF, 0xA0, 0xC0, 0x50, 0x52, 0x45, 0x53, 0x53, 0x20, 0x55, 0x50, 0x20, 0x54, 0x4F,
    0x20, 0x50, 0x4C, 0x41, 0x59, 0xFF, 0xA0, 0xAA, 0x20, 0x20, 0x50, 0x52, 0x45, 0x53, 0x53, 0x20,
    0x44, 0x4F, 0x57, 0x4E, 0x20, 0x54, 0x4F, 0x20, 0x52, 0x45, 0x53, 0x45, 0x54, 0x20, 0x20, 0xFF,
    0xA0, 0xB4, 0x20, 0xFF, 0xA0, 0xC0, 0x20, 0xFF, 0xA0, 0xC4, 0x20, 0x50, 0x4C, 0x41, 0x59, 0x20,
    0x57, 0x4F, 0x52, 0x4D, 0x48, 0x4F, 0x4C, 0x45, 0xFF, 0xA0, 0xC0, 0x4D, 0x59, 0x20, 0x4D, 0x4F,
    0x53, 0x54, 0x20, 0x49, 0x4E, 0x54, 0x45, 0x4E, 0x53, 0x45, 0xFF, 0xA0, 0xBB, 0x56, 0x45, 0x43,
    0x54, 0x52, 0x45, 0x58, 0x20, 0x47, 0x41, 0x4D, 0x45, 0x20, 0x45, 0x56, 0x45, 0x52, 0xFF, 0xA0,
    0xC0, 0x20, 0xFF, 0xA0, 0xB0, 0x47, 0x52, 0x45, 0x45, 0x54, 0x49, 0x4E, 0x47, 0x53, 0x20, 0x41,
    0x4E, 0x44, 0x20, 0x54, 0x48, 0x41, 0x4E, 0x4B, 0x53, 0xFF, 0xA0, 0xBA, 0x54, 0x4F, 0x20, 0x41,
    0x4C, 0x4C, 0x20, 0x56, 0x45, 0x43, 0x54, 0x52, 0x45, 0x58, 0x20, 0x46, 0x41, 0x4E, 0x53, 0xFF,
    0xA0, 0xC0, 0x20, 0x20, 0x20, 0x45, 0x56, 0x45, 0x52, 0x59, 0x57, 0x48, 0x45, 0x52, 0x45, 0xFF,
    0x7F, 0xC8, 0x88, 0x7F, 0xC8, 0x8A, 0x7F, 0xC8, 0x94, 0x86, 0x80, 0xB7, 0xC8, 0x8C, 0x86, 0x01,
    0xB7, 0xC8, 0x8E, 0xB7, 0xC8, 0x8A, 0x86, 0x08, 0xB7, 0xC8, 0x90, 0xCC, 0x00, 0x00, 0xFD, 0xC8,
    0x96, 0x39, 0x86, 0x40, 0xBD, 0xF2, 0xAB, 0xCC, 0x7F, 0xF4, 0xBD, 0xF2, 0xFC, 0x8E, 0x19, 0x30,
    0xB6, 0xC8, 0x85, 0xC6, 0x13, 0x3D, 0x30, 0x8B, 0xC6, 0x10, 0xBD, 0xF4, 0x0E, 0xBD, 0xF3, 0x54,
    0xCC, 0x7F, 0xF8, 0xBD, 0xF2, 0xFC, 0x8E, 0x19, 0x30, 0xB6, 0xC8, 0x84, 0xC6, 0x13, 0x3D, 0x30,
    0x8B, 0xC6, 0x10, 0xBD, 0xF4, 0x0E, 0xBD, 0xF3, 0x54, 0xCC, 0x7F, 0xFC, 0xBD, 0xF2, 0xFC, 0x8E,
    0x19, 0x30, 0xB6, 0xC8, 0x83, 0xC6, 0x13, 0x3D, 0x30, 0x8B, 0xC6, 0x10, 0xBD, 0xF4, 0x0E, 0xBD,
    0xF3, 0x54, 0xCC, 0x7F, 0x00, 0xBD, 0xF2, 0xFC, 0x8E, 0x19, 0x30, 0xB6, 0xC8, 0x82, 0xC6, 0x13,
    0x3D, 0x30, 0x8B, 0xC6, 0x10, 0xBD, 0xF4, 0x0E, 0xBD, 0xF3, 0x54, 0xCC, 0x7F, 0x04, 0xBD, 0xF2,
    0xFC, 0x8E, 0x19, 0x30, 0xB6, 0xC8, 0x81, 0xC6, 0x13, 0x3D, 0x30, 0x8B, 0xC6, 0x10, 0xBD, 0xF4,
    0x0E, 0xBD, 0xF3, 0x54, 0xCC, 0x7F, 0x08, 0xBD, 0xF2, 0xFC, 0x8E, 0x19, 0x30, 0xB6, 0xC8, 0x80,
    0xC6, 0x13, 0x3D, 0x30, 0x8B, 0xC6, 0x10, 0xBD, 0xF4, 0x0E, 0xBD, 0xF3, 0x54, 0x39, 0x86, 0x50,
    0xBD, 0xF2, 0xAB, 0xBD, 0xF5, 0x11, 0xBD, 0xF5, 0x84, 0x80, 0x40, 0xB7, 0xCA, 0xB4, 0xBD, 0xF5,
    0x11, 0xBD, 0xF5, 0x84, 0x80, 0x40, 0xB7, 0xCA, 0xB5, 0x86, 0x80, 0xB7, 0xC9, 0x28, 0xBD, 0xF1,
    0x92, 0x10, 0x8E, 0x73, 0x2E, 0xFC, 0xCA, 0xB4, 0xFD, 0xC8, 0x92, 0xBD, 0x1E, 0x20, 0x7A, 0xC9,
    0x28, 0xB6, 0xC9, 0x28, 0x27, 0xC8, 0xBD, 0x08, 0x21, 0x7D, 0xC8, 0x15, 0x27, 0x0B, 0xB6, 0xC9,
    0x0F, 0x26, 0x09, 0x86, 0x01, 0xB7, 0xC9, 0x0F, 0x39, 0x7F, 0xC9, 0x0F, 0x20, 0xD0, 0x50, 0x41,
    0x55, 0x53, 0x45, 0x44, 0xFF, 0xFF, 0xFF, 0xFF, 0xFF, 0xFF, 0xFF, 0xFF, 0xFF, 0xFF, 0xFF, 0xFF,
    0xFF, 0xFF, 0xFF, 0xFF, 0xFF, 0xFF, 0xFF, 0xFF, 0xFF, 0xFF, 0xFF, 0xFF, 0xFF, 0xFF, 0xFF, 0xFF,
    0xFF, 0xFF, 0xFF, 0xFF, 0xFF, 0xFF, 0xFF, 0xFF, 0xFF, 0xFF, 0xFF, 0xFF, 0xFF, 0xFF, 0xFF, 0xFF,
    0xFF, 0xFF, 0xFF, 0xFF, 0xFF, 0xFF, 0xFF, 0xFF, 0xFF, 0xFF, 0xFF, 0xFF, 0xFF, 0xFF, 0xFF, 0xFF,
    0xFF, 0xFF, 0xFF, 0xFF, 0xFF, 0xFF, 0xFF, 0xFF, 0xFF, 0xFF, 0xFF, 0xFF, 0xFF, 0xFF, 0xFF, 0xFF,
    0xFF, 0xFF, 0xFF, 0xFF, 0xFF, 0xFF, 0xFF, 0xFF, 0xFF, 0xFF, 0xFF, 0xFF, 0xFF, 0xFF, 0xFF, 0xFF,
    0xFF, 0xFF, 0xFF, 0xFF, 0xFF, 0xFF, 0xFF, 0xFF, 0xFF, 0xFF, 0xFF, 0xFF, 0xFF, 0xFF, 0xFF, 0xFF,
    0xFF, 0xFF, 0xFF, 0xFF, 0xFF, 0xFF, 0xFF, 0xFF, 0xFF, 0xFF, 0xFF, 0xFF, 0xFF, 0xFF, 0xFF, 0xFF,
    0xFF, 0xFF, 0xFF, 0xFF, 0xFF, 0xFF, 0xFF, 0xFF, 0xFF, 0xFF, 0xFF, 0xFF, 0xFF, 0xFF, 0xFF, 0xFF,
    0xFF, 0xFF, 0xFF, 0xFF, 0xFF, 0xFF, 0xFF, 0xFF, 0xFF, 0xFF, 0xFF, 0xFF, 0xFF, 0xFF, 0xFF, 0xFF,
    0xFF, 0xFF, 0xFF, 0xFF, 0xFF, 0xFF, 0xFF, 0xFF, 0xFF, 0xFF, 0xFF, 0xFF, 0xFF, 0xFF, 0xFF, 0xFF,
    0xFF, 0xFF, 0xFF, 0xFF, 0xFF, 0xFF, 0xFF, 0xFF, 0xFF, 0xFF, 0xFF, 0xFF, 0xFF, 0xFF, 0xFF, 0xFF,
    0xFF, 0xFF, 0xFF, 0xFF, 0xFF, 0xFF, 0xFF, 0xFF, 0xFF, 0xFF, 0xFF, 0xFF, 0xFF, 0xFF, 0xFF, 0xFF,
    0xFF, 0xFF, 0xFF, 0xFF, 0xFF, 0xFF, 0xFF, 0xFF, 0xFF, 0xFF, 0xFF, 0xFF, 0xFF, 0xFF, 0xFF, 0xFF,
    0xFF, 0xFF, 0xFF, 0xFF, 0xFF, 0xFF, 0xFF, 0xFF, 0xFF, 0xFF, 0xFF, 0xFF, 0xFF, 0xFF, 0xFF, 0xFF,
    0xFF, 0xFF, 0xFF, 0xFF, 0xFF, 0xFF, 0xFF, 0xFF, 0xFF, 0xFF, 0xFF, 0xFF, 0xFF, 0xFF, 0xFF, 0xFF,
    0xFF, 0xFF, 0xFF, 0xFF, 0xFF, 0xFF, 0xFF, 0xFF, 0xFF, 0xFF, 0xFF, 0xFF, 0xFF, 0xFF, 0xFF, 0xFF,
    0xFF, 0xFF, 0xFF, 0xFF, 0xFF, 0xFF, 0xFF, 0xFF, 0xFF, 0xFF, 0xFF, 0xFF, 0xFF, 0xFF, 0xFF, 0xFF,
    0xFF, 0xFF, 0xFF, 0xFF, 0xFF, 0xFF, 0xFF, 0xFF, 0xFF, 0xFF, 0xFF, 0xFF, 0xFF, 0xFF, 0xFF, 0xFF,
    0xFF, 0xFF, 0xFF, 0xFF, 0xFF, 0xFF, 0xFF, 0xFF, 0xFF, 0xFF, 0xFF, 0xFF, 0xFF, 0xFF, 0xFF, 0xFF,
    0xFF, 0xFF, 0xFF, 0xFF, 0xFF, 0xFF, 0xFF, 0xFF, 0xFF, 0xFF, 0xFF, 0xFF, 0xFF, 0xFF, 0xFF, 0xFF,
    0xFF, 0xFF, 0xFF, 0xFF, 0xFF, 0xFF, 0xFF, 0xFF, 0xFF, 0xFF, 0xFF, 0xFF, 0xFF, 0xFF, 0xFF, 0xFF,
    0xFF, 0xFF, 0xFF, 0xFF, 0xFF, 0xFF, 0xFF, 0xFF, 0xFF, 0xFF, 0xFF, 0xFF, 0xFF, 0xFF, 0xFF, 0xFF,
    0xFF, 0xFF, 0xFF, 0xFF, 0xFF, 0xFF, 0xFF, 0xFF, 0xFF, 0xFF, 0xFF, 0xFF, 0xFF, 0xFF, 0xFF, 0xFF,
    0xFF, 0xFF, 0xFF, 0xFF, 0xFF, 0xFF, 0xFF, 0xFF, 0xFF, 0xFF, 0xFF, 0xFF, 0xFF, 0xFF, 0xFF, 0xFF,
    0xFF, 0xFF, 0xFF, 0xFF, 0xFF, 0xFF, 0xFF, 0xFF, 0xFF, 0xFF, 0xFF, 0xFF, 0xFF, 0xFF, 0xFF, 0xFF,
    0xFF, 0xFF, 0xFF, 0xFF, 0xFF, 0xFF, 0xFF, 0xFF, 0xFF, 0xFF, 0xFF, 0xFF, 0xFF, 0xFF, 0xFF, 0xFF,
    0xFF, 0xFF, 0xFF, 0xFF, 0xFF, 0xFF, 0xFF, 0xFF, 0xFF, 0xFF, 0xFF, 0xFF, 0xFF, 0xFF, 0xFF, 0xFF,
    0xFF, 0xFF, 0xFF, 0xFF, 0xFF, 0xFF, 0xFF, 0xFF, 0xFF, 0xFF, 0xFF, 0xFF, 0xFF, 0xFF, 0xFF, 0xFF,
    0xFF, 0xFF, 0xFF, 0xFF, 0xFF, 0xFF, 0xFF, 0xFF, 0xFF, 0xFF, 0xFF, 0xFF, 0xFF, 0xFF, 0xFF, 0xFF,
    0xFF, 0xFF, 0xFF, 0xFF, 0xFF, 0xFF, 0xFF, 0xFF, 0xFF, 0xFF, 0xFF, 0xFF, 0xFF, 0xFF, 0xFF, 0xFF,
    0xFF, 0xFF, 0xFF, 0xFF, 0xFF, 0xFF, 0xFF, 0xFF, 0xFF, 0xFF, 0xFF, 0xFF, 0xFF, 0xFF, 0xFF, 0xFF,
    0xFF, 0xFF, 0xFF, 0xFF, 0xFF, 0xFF, 0xFF, 0xFF, 0xFF, 0xFF, 0xFF, 0xFF, 0xFF, 0xFF, 0xFF, 0xFF,
    0xFF, 0xFF, 0xFF, 0xFF, 0xFF, 0xFF, 0xFF, 0xFF, 0xFF, 0xFF, 0xFF, 0xFF, 0xFF, 0xFF, 0xFF, 0xFF,
    0xFF, 0xFF, 0xFF, 0xFF, 0xFF, 0xFF, 0xFF, 0xFF, 0xFF, 0xFF, 0xFF, 0xFF, 0xFF, 0xFF, 0xFF, 0xFF,
    0xFF, 0xFF, 0xFF, 0xFF, 0xFF, 0xFF, 0xFF, 0xFF, 0xFF, 0xFF, 0xFF, 0xFF, 0xFF, 0xFF, 0xFF, 0xFF,
    0xFF, 0xFF, 0xFF, 0xFF, 0xFF, 0xFF, 0xFF, 0xFF, 0xFF, 0xFF, 0xFF, 0xFF, 0xFF, 0xFF, 0xFF, 0xFF,
    0xFF, 0xFF, 0xFF, 0xFF, 0xFF, 0xFF, 0xFF, 0xFF, 0xFF, 0xFF, 0xFF, 0xFF, 0xFF, 0xFF, 0xFF, 0xFF,
    0xFF, 0xFF, 0xFF, 0xFF, 0xFF, 0xFF, 0xFF, 0xFF, 0xFF, 0xFF, 0xFF, 0xFF, 0xFF, 0xFF, 0xFF, 0xFF,
    0xFF, 0xFF, 0xFF, 0xFF, 0xFF, 0xFF, 0xFF, 0xFF, 0xFF, 0xFF, 0xFF, 0xFF, 0xFF, 0xFF, 0xFF, 0xFF,
    0xFF, 0xFF, 0xFF, 0xFF, 0xFF, 0xFF, 0xFF, 0xFF, 0xFF, 0xFF, 0xFF, 0xFF, 0xFF, 0xFF, 0xFF, 0xFF,
    0xFF, 0xFF, 0xFF, 0xFF, 0xFF, 0xFF, 0xFF, 0xFF, 0xFF, 0xFF, 0xFF, 0xFF, 0xFF, 0xFF, 0xFF, 0xFF,
    0xFF, 0xFF, 0xFF, 0xFF, 0xFF, 0xFF, 0xFF, 0xFF, 0xFF, 0xFF, 0xFF, 0xFF, 0xFF, 0xFF, 0xFF, 0xFF,
    0xFF, 0xFF, 0xFF, 0xFF, 0xFF, 0xFF, 0xFF, 0xFF, 0xFF, 0xFF, 0xFF, 0xFF, 0xFF, 0xFF, 0xFF, 0xFF,
    0xFF, 0xFF, 0xFF, 0xFF, 0xFF, 0xFF, 0xFF, 0xFF, 0xFF, 0xFF, 0xFF, 0xFF, 0xFF, 0xFF, 0xFF, 0xFF,
    0xFF, 0xFF, 0xFF, 0xFF, 0xFF, 0xFF, 0xFF, 0xFF, 0xFF, 0xFF, 0xFF, 0xFF, 0xFF, 0xFF, 0xFF, 0xFF,
    0xFF, 0xFF, 0xFF, 0xFF, 0xFF, 0xFF, 0xFF, 0xFF, 0xFF, 0xFF, 0xFF, 0xFF, 0xFF, 0xFF, 0xFF, 0xFF,
    0xFF, 0xFF, 0xFF, 0xFF, 0xFF, 0xFF, 0xFF, 0xFF, 0xFF, 0xFF, 0xFF, 0xFF, 0xFF, 0xFF, 0xFF, 0xFF,
    0xFF, 0xFF, 0xFF, 0xFF, 0xFF, 0xFF, 0xFF, 0xFF, 0xFF, 0xFF, 0xFF, 0xFF, 0xFF, 0xFF, 0xFF, 0xFF,
    0xFF, 0xFF, 0xFF, 0xFF, 0xFF, 0xFF, 0xFF, 0xFF, 0xFF, 0xFF, 0xFF, 0xFF, 0xFF, 0xFF, 0xFF, 0xFF,
    0xFF, 0xFF, 0xFF, 0xFF, 0xFF, 0xFF, 0xFF, 0xFF, 0xFF, 0xFF, 0xFF, 0xFF, 0xFF, 0xFF, 0xFF, 0xFF,
    0xFF, 0xFF, 0xFF, 0xFF, 0xFF, 0xFF, 0xFF, 0xFF, 0xFF, 0xFF, 0xFF, 0xFF, 0xFF, 0xFF, 0xFF, 0xFF,
    0xFF, 0xFF, 0xFF, 0xFF, 0xFF, 0xFF, 0xFF, 0xFF, 0xFF, 0xFF, 0xFF, 0xFF, 0xFF, 0xFF, 0xFF, 0xFF,
    0xFF, 0xFF, 0xFF, 0xFF, 0xFF, 0xFF, 0xFF, 0xFF, 0xFF, 0xFF, 0xFF, 0xFF, 0xFF, 0xFF, 0xFF, 0xFF,
    0xFF, 0xFF, 0xFF, 0xFF, 0xFF, 0xFF, 0xFF, 0xFF, 0xFF, 0xFF, 0xFF, 0xFF, 0xFF, 0xFF, 0xFF, 0xFF,
    0xFF, 0xFF, 0xFF, 0xFF, 0xFF, 0xFF, 0xFF, 0xFF, 0xFF, 0xFF, 0xFF, 0xFF, 0xFF, 0xFF, 0xFF, 0xFF,
    0xFF, 0xFF, 0xFF, 0xFF, 0xFF, 0xFF, 0xFF, 0xFF, 0xFF, 0xFF, 0xFF, 0xFF, 0xFF, 0xFF, 0xFF, 0xFF,
    0xFF, 0xFF, 0xFF, 0xFF, 0xFF, 0xFF, 0xFF, 0xFF, 0xFF, 0xFF, 0xFF, 0xFF, 0xFF, 0xFF, 0xFF, 0xFF,
    0xFF, 0xFF, 0xFF, 0xFF, 0xFF, 0xFF, 0xFF, 0xFF, 0xFF, 0xFF, 0xFF, 0xFF, 0xFF, 0xFF, 0xFF, 0xFF,
    0xFF, 0xFF, 0xFF, 0xFF, 0xFF, 0xFF, 0xFF, 0xFF, 0xFF, 0xFF, 0xFF, 0xFF, 0xFF, 0xFF, 0xFF, 0xFF,
    0xFF, 0xFF, 0xFF, 0xFF, 0xFF, 0xFF, 0xFF, 0xFF, 0xFF, 0xFF, 0xFF, 0xFF, 0xFF, 0xFF, 0xFF, 0xFF,
    0xFF, 0xFF, 0xFF, 0xFF, 0xFF, 0xFF, 0xFF, 0xFF, 0xFF, 0xFF, 0xFF, 0xFF, 0xFF, 0xFF, 0xFF, 0xFF,
    0xFF, 0xFF, 0xFF, 0xFF, 0xFF, 0xFF, 0xFF, 0xFF, 0xFF, 0xFF, 0xFF, 0xFF, 0xFF, 0xFF, 0xFF, 0xFF,
    0xFF, 0xFF, 0xFF, 0xFF, 0xFF, 0xFF, 0xFF, 0xFF, 0xFF, 0xFF, 0xFF, 0xFF, 0xFF, 0xFF, 0xFF, 0xFF,
    0xFF, 0xFF, 0xFF, 0xFF, 0xFF, 0xFF, 0xFF, 0xFF, 0xFF, 0xFF, 0xFF, 0xFF, 0xFF, 0xFF, 0xFF, 0xFF,
    0xFF, 0xFF, 0xFF, 0xFF, 0xFF, 0xFF, 0xFF, 0xFF, 0xFF, 0xFF, 0xFF, 0xFF, 0xFF, 0xFF, 0xFF, 0xFF,
    0xFF, 0xFF, 0xFF, 0xFF, 0xFF, 0xFF, 0xFF, 0xFF, 0xFF, 0xFF, 0xFF, 0xFF, 0xFF, 0xFF, 0xFF, 0xFF,
    0xFF, 0xFF, 0xFF, 0xFF, 0xFF, 0xFF, 0xFF, 0xFF, 0xFF, 0xFF, 0xFF, 0xFF, 0xFF, 0xFF, 0xFF, 0xFF,
    0xFF, 0xFF, 0xFF, 0xFF, 0xFF, 0xFF, 0xFF, 0xFF, 0xFF, 0xFF, 0xFF, 0xFF, 0xFF, 0xFF, 0xFF, 0xFF,
    0xFF, 0xFF, 0xFF, 0xFF, 0xFF, 0xFF, 0xFF, 0xFF, 0xFF, 0xFF, 0xFF, 0xFF, 0xFF, 0xFF, 0xFF, 0xFF,
    0xFF, 0xFF, 0xFF, 0xFF, 0xFF, 0xFF, 0xFF, 0xFF, 0xFF, 0xFF, 0xFF, 0xFF, 0xFF, 0xFF, 0xFF, 0xFF,
    0xFF, 0xFF, 0xFF, 0xFF, 0xFF, 0xFF, 0xFF, 0xFF, 0xFF, 0xFF, 0xFF, 0xFF, 0xFF, 0xFF, 0xFF, 0xFF,
    0xFF, 0xFF, 0xFF, 0xFF, 0xFF, 0xFF, 0xFF, 0xFF, 0xFF, 0xFF, 0xFF, 0xFF, 0xFF, 0xFF, 0xFF, 0xFF,
    0xFF, 0xFF, 0xFF, 0xFF, 0xFF, 0xFF, 0xFF, 0xFF, 0xFF, 0xFF, 0xFF, 0xFF, 0xFF, 0xFF, 0xFF, 0xFF,
    0xFF, 0xFF, 0xFF, 0xFF, 0xFF, 0xFF, 0xFF, 0xFF, 0xFF, 0xFF, 0xFF, 0xFF, 0xFF, 0xFF, 0xFF, 0xFF,
    0xFF, 0xFF, 0xFF, 0xFF, 0xFF, 0xFF, 0xFF, 0xFF, 0xFF, 0xFF, 0xFF, 0xFF, 0xFF, 0xFF, 0xFF, 0xFF,
    0xFF, 0xFF, 0xFF, 0xFF, 0xFF, 0xFF, 0xFF, 0xFF, 0xFF, 0xFF, 0xFF, 0xFF, 0xFF, 0xFF, 0xFF, 0xFF,
    0xFF, 0xFF, 0xFF, 0xFF, 0xFF, 0xFF, 0xFF, 0xFF, 0xFF, 0xFF, 0xFF, 0xFF, 0xFF, 0xFF, 0xFF, 0xFF,
    0xFF, 0xFF, 0xFF, 0xFF, 0xFF, 0xFF, 0xFF, 0xFF, 0xFF, 0xFF, 0xFF, 0xFF, 0xFF, 0xFF, 0xFF, 0xFF,
    0xFF, 0xFF, 0xFF, 0xFF, 0xFF, 0xFF, 0xFF, 0xFF, 0xFF, 0xFF, 0xFF, 0xFF, 0xFF, 0xFF, 0xFF, 0xFF,
    0xFF, 0xFF, 0xFF, 0xFF, 0xFF, 0xFF, 0xFF, 0xFF, 0xFF, 0xFF, 0xFF, 0xFF, 0xFF, 0xFF, 0xFF, 0xFF,
    0xFF, 0xFF, 0xFF, 0xFF, 0xFF, 0xFF, 0xFF, 0xFF, 0xFF, 0xFF, 0xFF, 0xFF, 0xFF, 0xFF, 0xFF, 0xFF,
    0xFF, 0xFF, 0xFF, 0xFF, 0xFF, 0xFF, 0xFF, 0xFF, 0xFF, 0xFF, 0xFF, 0xFF, 0xFF, 0xFF, 0xFF, 0xFF,
    0xFF, 0xFF, 0xFF, 0xFF, 0xFF, 0xFF, 0xFF, 0xFF, 0xFF, 0xFF, 0xFF, 0xFF, 0xFF, 0xFF, 0xFF, 0xFF,
    0xFF, 0xFF, 0xFF, 0xFF, 0xFF, 0xFF, 0xFF, 0xFF, 0xFF, 0xFF, 0xFF, 0xFF, 0xFF, 0xFF, 0xFF, 0xFF,
    0xFF, 0xFF, 0xFF, 0xFF, 0xFF, 0xFF, 0xFF, 0xFF, 0xFF, 0xFF, 0xFF, 0xFF, 0xFF, 0xFF, 0xFF, 0xFF,
    0xFF, 0xFF, 0xFF, 0xFF, 0xFF, 0xFF, 0xFF, 0xFF, 0xFF, 0xFF, 0xFF, 0xFF, 0xFF, 0xFF, 0xFF, 0xFF,
    0xFF, 0xFF, 0xFF, 0xFF, 0xFF, 0xFF, 0xFF, 0xFF, 0xFF, 0xFF, 0xFF, 0xFF, 0xFF, 0xFF, 0xFF, 0xFF,
    0xFF, 0xFF, 0xFF, 0xFF, 0xFF, 0xFF, 0xFF, 0xFF, 0xFF, 0xFF, 0xFF, 0xFF, 0xFF, 0xFF, 0xFF, 0xFF,
    0xFF, 0xFF, 0xFF, 0xFF, 0xFF, 0xFF, 0xFF, 0xFF, 0xFF, 0xFF, 0xFF, 0xFF, 0xFF, 0xFF, 0xFF, 0xFF,
    0xFF, 0xFF, 0xFF, 0xFF, 0xFF, 0xFF, 0xFF, 0xFF, 0xFF, 0xFF, 0xFF, 0xFF, 0xFF, 0xFF, 0xFF, 0xFF,
    0xFF, 0xFF, 0xFF, 0xFF, 0xFF, 0xFF, 0xFF, 0xFF, 0xFF, 0xFF, 0xFF, 0xFF, 0xFF, 0xFF, 0xFF, 0xFF,
    0xFF, 0xFF, 0xFF, 0xFF, 0xFF, 0xFF, 0xFF, 0xFF, 0xFF, 0xFF, 0xFF, 0xFF, 0xFF, 0xFF, 0xFF, 0xFF,
    0xFF, 0xFF, 0xFF, 0xFF, 0xFF, 0xFF, 0xFF, 0xFF, 0xFF, 0xFF, 0xFF, 0xFF, 0xFF, 0xFF, 0xFF, 0xFF,
    0xFF, 0xFF, 0xFF, 0xFF, 0xFF, 0xFF, 0xFF, 0xFF, 0xFF, 0xFF, 0xFF, 0xFF, 0xFF, 0xFF, 0xFF, 0xFF,
    0xFF, 0xFF, 0xFF, 0xFF, 0xFF, 0xFF, 0xFF, 0xFF, 0xFF, 0xFF, 0xFF, 0xFF, 0xFF, 0xFF, 0xFF, 0xFF,
    0xFF, 0xFF, 0xFF, 0xFF, 0xFF, 0xFF, 0xFF, 0xFF, 0xFF, 0xFF, 0xFF, 0xFF, 0xFF, 0xFF, 0xFF, 0xFF,
    0xFF, 0xFF, 0xFF, 0xFF, 0xFF, 0xFF, 0xFF, 0xFF, 0xFF, 0xFF, 0xFF, 0xFF, 0xFF, 0xFF, 0xFF, 0xFF,
    0xFF, 0xFF, 0xFF, 0xFF, 0xFF, 0xFF, 0xFF, 0xFF, 0xFF, 0xFF, 0xFF, 0xFF, 0xFF, 0xFF, 0xFF, 0xFF,
    0xFF, 0xFF, 0xFF, 0xFF, 0xFF, 0xFF, 0xFF, 0xFF, 0xFF, 0xFF, 0xFF, 0xFF, 0xFF, 0xFF, 0xFF, 0xFF,
    0xFF, 0xFF, 0xFF, 0xFF, 0xFF, 0xFF, 0xFF, 0xFF, 0xFF, 0xFF, 0xFF, 0xFF, 0xFF, 0xFF, 0xFF, 0xFF,
    0xFF, 0xFF, 0xFF, 0xFF, 0xFF, 0xFF, 0xFF, 0xFF, 0xFF, 0xFF, 0xFF, 0xFF, 0xFF, 0xFF, 0xFF, 0xFF,
    0xFF, 0xFF, 0xFF, 0xFF, 0xFF, 0xFF, 0xFF, 0xFF, 0xFF, 0xFF, 0xFF, 0xFF, 0xFF, 0xFF, 0xFF, 0xFF,
    0xFF, 0xFF, 0xFF, 0xFF, 0xFF, 0xFF, 0xFF, 0xFF, 0xFF, 0xFF, 0xFF, 0xFF, 0xFF, 0xFF, 0xFF, 0xFF,
    0xFF, 0xFF, 0xFF, 0xFF, 0xFF, 0xFF, 0xFF, 0xFF, 0xFF, 0xFF, 0xFF, 0xFF, 0xFF, 0xFF, 0xFF, 0xFF,
    0xFF, 0xFF, 0xFF, 0xFF, 0xFF, 0xFF, 0xFF, 0xFF, 0xFF, 0xFF, 0xFF, 0xFF, 0xFF, 0xFF, 0xFF, 0xFF,
    0xFF, 0xFF, 0xFF, 0xFF, 0xFF, 0xFF, 0xFF, 0xFF, 0xFF, 0xFF, 0xFF, 0xFF, 0xFF, 0xFF, 0xFF, 0xFF,
    0xFF, 0xFF, 0xFF, 0xFF, 0xFF, 0xFF, 0xFF, 0xFF, 0xFF, 0xFF, 0xFF, 0xFF, 0xFF, 0xFF, 0xFF, 0xFF,
    0xFF, 0xFF, 0xFF, 0xFF, 0xFF, 0xFF, 0xFF, 0xFF, 0xFF, 0xFF, 0xFF, 0xFF, 0xFF, 0xFF, 0xFF, 0xFF,
    0xFF, 0xFF, 0xFF, 0xFF, 0xFF, 0xFF, 0xFF, 0xFF, 0xFF, 0xFF, 0xFF, 0xFF, 0xFF, 0xFF, 0xFF, 0xFF,
    0xFF, 0xFF, 0xFF, 0xFF, 0xFF, 0xFF, 0xFF, 0xFF, 0xFF, 0xFF, 0xFF, 0xFF, 0xFF, 0xFF, 0xFF, 0xFF,
    0xFF, 0xFF, 0xFF, 0xFF, 0xFF, 0xFF, 0xFF, 0xFF, 0xFF, 0xFF, 0xFF, 0xFF, 0xFF, 0xFF, 0xFF, 0xFF,
    0xFF, 0xFF, 0xFF, 0xFF, 0xFF, 0xFF, 0xFF, 0xFF, 0xFF, 0xFF, 0xFF, 0xFF, 0xFF, 0xFF, 0xFF, 0xFF,
    0xFF, 0xFF, 0xFF, 0xFF, 0xFF, 0xFF, 0xFF, 0xFF, 0xFF, 0xFF, 0xFF, 0xFF, 0xFF, 0xFF, 0xFF, 0xFF,
    0xFF, 0xFF, 0xFF, 0xFF, 0xFF, 0xFF, 0xFF, 0xFF, 0xFF, 0xFF, 0xFF, 0xFF, 0xFF, 0xFF, 0xFF, 0xFF,
    0xFF, 0xFF, 0xFF, 0xFF, 0xFF, 0xFF, 0xFF, 0xFF, 0xFF, 0xFF, 0xFF, 0xFF, 0xFF, 0xFF, 0xFF, 0xFF,
    0xFF, 0xFF, 0xFF, 0xFF, 0xFF, 0xFF, 0xFF, 0xFF, 0xFF, 0xFF, 0xFF, 0xFF, 0xFF, 0xFF, 0xFF, 0xFF,
    0xFF, 0xFF, 0xFF, 0xFF, 0xFF, 0xFF, 0xFF, 0xFF, 0xFF, 0xFF, 0xFF, 0xFF, 0xFF, 0xFF, 0xFF, 0xFF,
    0xFF, 0xFF, 0xFF, 0xFF, 0xFF, 0xFF, 0xFF, 0xFF, 0xFF, 0xFF, 0xFF, 0xFF, 0xFF, 0xFF, 0xFF, 0xFF,
    0xFF, 0xFF, 0xFF, 0xFF, 0xFF, 0xFF, 0xFF, 0xFF, 0xFF, 0xFF, 0xFF, 0xFF, 0xFF, 0xFF, 0xFF, 0xFF,
    0xFF, 0xFF, 0xFF, 0xFF, 0xFF, 0xFF, 0xFF, 0xFF, 0xFF, 0xFF, 0xFF, 0xFF, 0xFF, 0xFF, 0xFF, 0xFF,
    0xFF, 0xFF, 0xFF, 0xFF, 0xFF, 0xFF, 0xFF, 0xFF, 0xFF, 0xFF, 0xFF, 0xFF, 0xFF, 0xFF, 0xFF, 0xFF,
    0xFF, 0xFF, 0xFF, 0xFF, 0xFF, 0xFF, 0xFF, 0xFF, 0xFF, 0xFF, 0xFF, 0xFF, 0xFF, 0xFF, 0xFF, 0xFF,
    0xFF, 0xFF, 0xFF, 0xFF, 0xFF, 0xFF, 0xFF, 0xFF, 0xFF, 0xFF, 0xFF, 0xFF, 0xFF, 0xFF, 0xFF, 0xFF,
    0xFF, 0xFF, 0xFF, 0xFF, 0xFF, 0xFF, 0xFF, 0xFF, 0xFF, 0xFF, 0xFF, 0xFF, 0xFF, 0xFF, 0xFF, 0xFF,
    0xFF, 0xFF, 0xFF, 0xFF, 0xFF, 0xFF, 0xFF, 0xFF, 0xFF, 0xFF, 0xFF, 0xFF, 0xFF, 0xFF, 0xFF, 0xFF,
    0xFF, 0xFF, 0xFF, 0xFF, 0xFF, 0xFF, 0xFF, 0xFF, 0xFF, 0xFF, 0xFF, 0xFF, 0xFF, 0xFF, 0xFF, 0xFF,
    0xFF, 0xFF, 0xFF, 0xFF, 0xFF, 0xFF, 0xFF, 0xFF, 0xFF, 0xFF, 0xFF, 0xFF, 0xFF, 0xFF, 0xFF, 0xFF,
    0xFF, 0xFF, 0xFF, 0xFF, 0xFF, 0xFF, 0xFF, 0xFF, 0xFF, 0xFF, 0xFF, 0xFF, 0xFF, 0xFF, 0xFF, 0xFF,
    0xFF, 0xFF, 0xFF, 0xFF, 0xFF, 0xFF, 0xFF, 0xFF, 0xFF, 0xFF, 0xFF, 0xFF, 0xFF, 0xFF, 0xFF, 0xFF,
    0xFF, 0xFF, 0xFF, 0xFF, 0xFF, 0xFF, 0xFF, 0xFF, 0xFF, 0xFF, 0xFF, 0xFF, 0xFF, 0xFF, 0xFF, 0xFF,
    0xFF, 0xFF, 0xFF, 0xFF, 0xFF, 0xFF, 0xFF, 0xFF, 0xFF, 0xFF, 0xFF, 0xFF, 0xFF, 0xFF, 0xFF, 0xFF,
    0xFF, 0xFF, 0xFF, 0xFF, 0xFF, 0xFF, 0xFF, 0xFF, 0xFF, 0xFF, 0xFF, 0xFF, 0xFF, 0xFF, 0xFF, 0xFF,
    0xFF, 0xFF, 0xFF, 0xFF, 0xFF, 0xFF, 0xFF, 0xFF, 0xFF, 0xFF, 0xFF, 0xFF, 0xFF, 0xFF, 0xFF, 0xFF,
    0xFF, 0xFF, 0xFF, 0xFF, 0xFF, 0xFF, 0xFF, 0xFF, 0xFF, 0xFF, 0xFF, 0xFF, 0xFF, 0xFF, 0xFF, 0xFF,
    0xFF, 0xFF, 0xFF, 0xFF, 0xFF, 0xFF, 0xFF, 0xFF, 0xFF, 0xFF, 0xFF, 0xFF, 0xFF, 0xFF, 0xFF, 0xFF,
    0xFF, 0xFF, 0xFF, 0xFF, 0xFF, 0xFF, 0xFF, 0xFF, 0xFF, 0xFF, 0xFF, 0xFF, 0xFF, 0xFF, 0xFF, 0xFF,
    0xFF, 0xFF, 0xFF, 0xFF, 0xFF, 0xFF, 0xFF, 0xFF, 0xFF, 0xFF, 0xFF, 0xFF, 0xFF, 0xFF, 0xFF, 0xFF,
    0xFF, 0xFF, 0xFF, 0xFF, 0xFF, 0xFF, 0xFF, 0xFF, 0xFF, 0xFF, 0xFF, 0xFF, 0xFF, 0xFF, 0xFF, 0xFF,
    0xFF, 0xFF, 0xFF, 0xFF, 0xFF, 0xFF, 0xFF, 0xFF, 0xFF, 0xFF, 0xFF, 0xFF, 0xFF, 0xFF, 0xFF, 0xFF,
    0xFF, 0xFF, 0xFF, 0xFF, 0xFF, 0xFF, 0xFF, 0xFF, 0xFF, 0xFF, 0xFF, 0xFF, 0xFF, 0xFF, 0xFF, 0xFF,
    0xFF, 0xFF, 0xFF, 0xFF, 0xFF, 0xFF, 0xFF, 0xFF, 0xFF, 0xFF, 0xFF, 0xFF, 0xFF, 0xFF, 0xFF, 0xFF,
    0xFF, 0xFF, 0xFF, 0xFF, 0xFF, 0xFF, 0xFF, 0xFF, 0xFF, 0xFF, 0xFF, 0xFF, 0xFF, 0xFF, 0xFF, 0xFF,
    0xFF, 0xFF, 0xFF, 0xFF, 0xFF, 0xFF, 0xFF, 0xFF, 0xFF, 0xFF, 0xFF, 0xFF, 0xFF, 0xFF, 0xFF, 0xFF,
    0xFF, 0xFF, 0xFF, 0xFF, 0xFF, 0xFF, 0xFF, 0xFF, 0xFF, 0xFF, 0xFF, 0xFF, 0xFF, 0xFF, 0xFF, 0xFF,
    0xFF, 0xFF, 0xFF, 0xFF, 0xFF, 0xFF, 0xFF, 0xFF, 0xFF, 0xFF, 0xFF, 0xFF, 0xFF, 0xFF, 0xFF, 0xFF,
    0xFF, 0xFF, 0xFF, 0xFF, 0xFF, 0xFF, 0xFF, 0xFF, 0xFF, 0xFF, 0xFF, 0xFF, 0xFF, 0xFF, 0xFF, 0xFF,
    0xFF, 0xFF, 0xFF, 0xFF, 0xFF, 0xFF, 0xFF, 0xFF, 0xFF, 0xFF, 0xFF, 0xFF, 0xFF, 0xFF, 0xFF, 0xFF,
    0xFF, 0xFF, 0xFF, 0xFF, 0xFF, 0xFF, 0xFF, 0xFF, 0xFF, 0xFF, 0xFF, 0xFF, 0xFF, 0xFF, 0xFF, 0xFF,
    0xFF, 0xFF, 0xFF, 0xFF, 0xFF, 0xFF, 0xFF, 0xFF, 0xFF, 0xFF, 0xFF, 0xFF, 0xFF, 0xFF, 0xFF, 0xFF,
    0xFF, 0xFF, 0xFF, 0xFF, 0xFF, 0xFF, 0xFF, 0xFF, 0xFF, 0xFF, 0xFF, 0xFF, 0xFF, 0xFF, 0xFF, 0xFF,
    0xFF, 0xFF, 0xFF, 0xFF, 0xFF, 0xFF, 0xFF, 0xFF, 0xFF, 0xFF, 0xFF, 0xFF, 0xFF, 0xFF, 0xFF, 0xFF,
    0xFF, 0xFF, 0xFF, 0xFF, 0xFF, 0xFF, 0xFF, 0xFF, 0xFF, 0xFF, 0xFF, 0xFF, 0xFF, 0xFF, 0xFF, 0xFF,
    0xFF, 0xFF, 0xFF, 0xFF, 0xFF, 0xFF, 0xFF, 0xFF, 0xFF, 0xFF, 0xFF, 0xFF, 0xFF, 0xFF, 0xFF, 0xFF,
    0xFF, 0xFF, 0xFF, 0xFF, 0xFF, 0xFF, 0xFF, 0xFF, 0xFF, 0xFF, 0xFF, 0xFF, 0xFF, 0xFF, 0xFF, 0xFF,
    0xFF, 0xFF, 0xFF, 0xFF, 0xFF, 0xFF, 0xFF, 0xFF, 0xFF, 0xFF, 0xFF, 0xFF, 0xFF, 0xFF, 0xFF, 0xFF,
    0xFF, 0xFF, 0xFF, 0xFF, 0xFF, 0xFF, 0xFF, 0xFF, 0xFF, 0xFF, 0xFF, 0xFF, 0xFF, 0xFF, 0xFF, 0xFF,
    0xFF, 0xFF, 0xFF, 0xFF, 0xFF, 0xFF, 0xFF, 0xFF, 0xFF, 0xFF, 0xFF, 0xFF, 0xFF, 0xFF, 0xFF, 0xFF,
    0xFF, 0xFF, 0xFF, 0xFF, 0xFF, 0xFF, 0xFF, 0xFF, 0xFF, 0xFF, 0xFF, 0xFF, 0xFF, 0xFF, 0xFF, 0xFF,
    0xFF, 0xFF, 0xFF, 0xFF, 0xFF, 0xFF, 0xFF, 0xFF, 0xFF, 0xFF, 0xFF, 0xFF, 0xFF, 0xFF, 0xFF, 0xFF,
    0xFF, 0xFF, 0xFF, 0xFF, 0xFF, 0xFF, 0xFF, 0xFF, 0xFF, 0xFF, 0xFF, 0xFF, 0xFF, 0xFF, 0xFF, 0xFF,
    0xFF, 0xFF, 0xFF, 0xFF, 0xFF, 0xFF, 0xFF, 0xFF, 0xFF, 0xFF, 0xFF, 0xFF, 0xFF, 0xFF, 0xFF, 0xFF,
    0xFF, 0xFF, 0xFF, 0xFF, 0xFF, 0xFF, 0xFF, 0xFF, 0xFF, 0xFF, 0xFF, 0xFF, 0xFF, 0xFF, 0xFF, 0xFF,
    0xFF, 0xFF, 0xFF, 0xFF, 0xFF, 0xFF, 0xFF, 0xFF, 0xFF, 0xFF, 0xFF, 0xFF, 0xFF, 0xFF, 0xFF, 0xFF,
    0xFF, 0xFF, 0xFF, 0xFF, 0xFF, 0xFF, 0xFF, 0xFF, 0xFF, 0xFF, 0xFF, 0xFF, 0xFF, 0xFF, 0xFF, 0xFF,
    0xFF, 0xFF, 0xFF, 0xFF, 0xFF, 0xFF, 0xFF, 0xFF, 0xFF, 0xFF, 0xFF, 0xFF, 0xFF, 0xFF, 0xFF, 0xFF,
    0xFF, 0xFF, 0xFF, 0xFF, 0xFF, 0xFF, 0xFF, 0xFF, 0xFF, 0xFF, 0xFF, 0xFF, 0xFF, 0xFF, 0xFF, 0xFF,
    0xFF, 0xFF, 0xFF, 0xFF, 0xFF, 0xFF, 0xFF, 0xFF, 0xFF, 0xFF, 0xFF, 0xFF, 0xFF, 0xFF, 0xFF, 0xFF,
    0xFF, 0xFF, 0xFF, 0xFF, 0xFF, 0xFF, 0xFF, 0xFF, 0xFF, 0xFF, 0xFF, 0xFF, 0xFF, 0xFF, 0xFF, 0xFF,
    0xFF, 0xFF, 0xFF, 0xFF, 0xFF, 0xFF, 0xFF, 0xFF, 0xFF, 0xFF, 0xFF, 0xFF, 0xFF, 0xFF, 0xFF, 0xFF,
    0xFF, 0xFF, 0xFF, 0xFF, 0xFF, 0xFF, 0xFF, 0xFF, 0xFF, 0xFF, 0xFF, 0xFF, 0xFF, 0xFF, 0xFF, 0xFF,
    0xFF, 0xFF, 0xFF, 0xFF, 0xFF, 0xFF, 0xFF, 0xFF, 0xFF, 0xFF, 0xFF, 0xFF, 0xFF, 0xFF, 0xFF, 0xFF,
    0xFF, 0xFF, 0xFF, 0xFF, 0xFF, 0xFF, 0xFF, 0xFF, 0xFF, 0xFF, 0xFF, 0xFF, 0xFF, 0xFF, 0xFF, 0xFF,
    0xFF, 0xFF, 0xFF, 0xFF, 0xFF, 0xFF, 0xFF, 0xFF, 0xFF, 0xFF, 0xFF, 0xFF, 0xFF, 0xFF, 0xFF, 0xFF,
    0xFF, 0xFF, 0xFF, 0xFF, 0xFF, 0xFF, 0xFF, 0xFF, 0xFF, 0xFF, 0xFF, 0xFF, 0xFF, 0xFF, 0xFF, 0xFF,
    0xFF, 0xFF, 0xFF, 0xFF, 0xFF, 0xFF, 0xFF, 0xFF, 0xFF, 0xFF, 0xFF, 0xFF, 0xFF, 0xFF, 0xFF, 0xFF,
    0xFF, 0xFF, 0xFF, 0xFF, 0xFF, 0xFF, 0xFF, 0xFF, 0xFF, 0xFF, 0xFF, 0xFF, 0xFF, 0xFF, 0xFF, 0xFF,
    0xFF, 0xFF, 0xFF, 0xFF, 0xFF, 0xFF, 0xFF, 0xFF, 0xFF, 0xFF, 0xFF, 0xFF, 0xFF, 0xFF, 0xFF, 0xFF,
    0xFF, 0xFF, 0xFF, 0xFF, 0xFF, 0xFF, 0xFF, 0xFF, 0xFF, 0xFF, 0xFF, 0xFF, 0xFF, 0xFF, 0xFF, 0xFF,
    0xFF, 0xFF, 0xFF, 0xFF, 0xFF, 0xFF, 0xFF, 0xFF, 0xFF, 0xFF, 0xFF, 0xFF, 0xFF, 0xFF, 0xFF, 0xFF,
    0xFF, 0xFF, 0xFF, 0xFF, 0xFF, 0xFF, 0xFF, 0xFF, 0xFF, 0xFF, 0xFF, 0xFF, 0xFF, 0xFF, 0xFF, 0xFF,
    0xFF, 0xFF, 0xFF, 0xFF, 0xFF, 0xFF, 0xFF, 0xFF, 0xFF, 0xFF, 0xFF, 0xFF, 0xFF, 0xFF, 0xFF, 0xFF,
    0xFF, 0xFF, 0xFF, 0xFF, 0xFF, 0xFF, 0xFF, 0xFF, 0xFF, 0xFF, 0xFF, 0xFF, 0xFF, 0xFF, 0xFF, 0xFF,
    0xFF, 0xFF, 0xFF, 0xFF, 0xFF, 0xFF, 0xFF, 0xFF, 0xFF, 0xFF, 0xFF, 0xFF, 0xFF, 0xFF, 0xFF, 0xFF,
    0xFF, 0xFF, 0xFF, 0xFF, 0xFF, 0xFF, 0xFF, 0xFF, 0xFF, 0xFF, 0xFF, 0xFF, 0xFF, 0xFF, 0xFF, 0xFF,
    0xFF, 0xFF, 0xFF, 0xFF, 0xFF, 0xFF, 0xFF, 0xFF, 0xFF, 0xFF, 0xFF, 0xFF, 0xFF, 0xFF, 0xFF, 0xFF,
    0xFF, 0xFF, 0xFF, 0xFF, 0xFF, 0xFF, 0xFF, 0xFF, 0xFF, 0xFF, 0xFF, 0xFF, 0xFF, 0xFF, 0xFF, 0xFF,
    0xFF, 0xFF, 0xFF, 0xFF, 0xFF, 0xFF, 0xFF, 0xFF, 0xFF, 0xFF, 0xFF, 0xFF, 0xFF, 0xFF, 0xFF, 0xFF,
    0xFF, 0xFF, 0xFF, 0xFF, 0xFF, 0xFF, 0xFF, 0xFF, 0xFF, 0xFF, 0xFF, 0xFF, 0xFF, 0xFF, 0xFF, 0xFF,
    0xFF, 0xFF, 0xFF, 0xFF, 0xFF, 0xFF, 0xFF, 0xFF, 0xFF, 0xFF, 0xFF, 0xFF, 0xFF, 0xFF, 0xFF, 0xFF,
    0xFF, 0xFF, 0xFF, 0xFF, 0xFF, 0xFF, 0xFF, 0xFF, 0xFF, 0xFF, 0xFF, 0xFF, 0xFF, 0xFF, 0xFF, 0xFF,
    0xFF, 0xFF, 0xFF, 0xFF, 0xFF, 0xFF, 0xFF, 0xFF, 0xFF, 0xFF, 0xFF, 0xFF, 0xFF, 0xFF, 0xFF, 0xFF,
    0xFF, 0xFF, 0xFF, 0xFF, 0xFF, 0xFF, 0xFF, 0xFF, 0xFF, 0xFF, 0xFF, 0xFF, 0xFF, 0xFF, 0xFF, 0xFF,
    0xFF, 0xFF, 0xFF, 0xFF, 0xFF, 0xFF, 0xFF, 0xFF, 0xFF, 0xFF, 0xFF, 0xFF, 0xFF, 0xFF, 0xFF, 0xFF,
    0xFF, 0xFF, 0xFF, 0xFF, 0xFF, 0xFF, 0xFF, 0xFF, 0xFF, 0xFF, 0xFF, 0xFF, 0xFF, 0xFF, 0xFF, 0xFF,
    0xFF, 0xFF, 0xFF, 0xFF, 0xFF, 0xFF, 0xFF, 0xFF, 0xFF, 0xFF, 0xFF, 0xFF, 0xFF, 0xFF, 0xFF, 0xFF,
    0xFF, 0xFF, 0xFF, 0xFF, 0xFF, 0xFF, 0xFF, 0xFF, 0xFF, 0xFF, 0xFF, 0xFF, 0xFF, 0xFF, 0xFF, 0xFF,
    0xFF, 0xFF, 0xFF, 0xFF, 0xFF, 0xFF, 0xFF, 0xFF, 0xFF, 0xFF, 0xFF, 0xFF, 0xFF, 0xFF, 0xFF, 0xFF,
    0xFF, 0xFF, 0xFF, 0xFF, 0xFF, 0xFF, 0xFF, 0xFF, 0xFF, 0xFF, 0xFF, 0xFF, 0xFF, 0xFF, 0xFF, 0xFF,
    0xFF, 0xFF, 0xFF, 0xFF, 0xFF, 0xFF, 0xFF, 0xFF, 0xFF, 0xFF, 0xFF, 0xFF, 0xFF, 0xFF, 0xFF, 0xFF,
    0xFF, 0xFF, 0xFF, 0xFF, 0xFF, 0xFF, 0xFF, 0xFF, 0xFF, 0xFF, 0xFF, 0xFF, 0xFF, 0xFF, 0xFF, 0xFF,
    0xFF, 0xFF, 0xFF, 0xFF, 0xFF, 0xFF, 0xFF, 0xFF, 0xFF, 0xFF, 0xFF, 0xFF, 0xFF, 0xFF, 0xFF, 0xFF,
    0xFF, 0xFF, 0xFF, 0xFF, 0xFF, 0xFF, 0xFF, 0xFF, 0xFF, 0xFF, 0xFF, 0xFF, 0xFF, 0xFF, 0xFF, 0xFF,
    0xFF, 0xFF, 0xFF, 0xFF, 0xFF, 0xFF, 0xFF, 0xFF, 0xFF, 0xFF, 0xFF, 0xFF, 0xFF, 0xFF, 0xFF, 0xFF,
    0xFF, 0xFF, 0xFF, 0xFF, 0xFF, 0xFF, 0xFF, 0xFF, 0xFF, 0xFF, 0xFF, 0xFF, 0xFF, 0xFF, 0xFF, 0x12,
};

#endif
